ISO-10303-21;
HEADER;
FILE_DESCRIPTION (( 'STEP AP203' ),
    '1' );
FILE_NAME ('Base.STEP',
    '2026-09-06T09:20:46',
    ( '' ),
    ( '' ),
    'SwSTEP 2.0',
    'SolidWorks 2025',
    '' );
FILE_SCHEMA (( 'CONFIG_CONTROL_DESIGN' ));
ENDSEC;

DATA;
#1 = ORIENTED_EDGE ( 'NONE', *, *, #2920, .T. ) ;
#2 = CARTESIAN_POINT ( 'NONE',  ( 0.07648369222202859585, 0.04157203046497098126, 0.03856388664345028472 ) ) ;
#3 = CARTESIAN_POINT ( 'NONE',  ( 0.07790731679550165489, 0.04014719265764710859, 0.1291973252343814882 ) ) ;
#4 = CARTESIAN_POINT ( 'NONE',  ( 0.003163999103241779513, 0.04014329664138465564, 0.1287349720901537209 ) ) ;
#5 = CARTESIAN_POINT ( 'NONE',  ( 0.003174533487154639327, 0.04010946802755342711, 0.1307628922357238210 ) ) ;
#6 = AXIS2_PLACEMENT_3D ( 'NONE', #1905, #4869, #4209 ) ;
#7 = CARTESIAN_POINT ( 'NONE',  ( 0.05455773690956400301, 0.07410757410786771027, 0.08795860234512049847 ) ) ;
#8 = CARTESIAN_POINT ( 'NONE',  ( -0.01305216390779623259, 0.04796616174903649277, 0.1293100277857980873 ) ) ;
#9 = CARTESIAN_POINT ( 'NONE',  ( 0.06000022521971339756, 0.04110757410786770177, 0.09799001904436530075 ) ) ;
#10 = CARTESIAN_POINT ( 'NONE',  ( 0.01746967554231227543, 0.05200018747784913853, 0.04949298977427747659 ) ) ;
#11 = EDGE_LOOP ( 'NONE', ( #5630, #5739, #156, #5977 ) ) ;
#12 = AXIS2_PLACEMENT_3D ( 'NONE', #2237, #5114, #159 ) ;
#13 = VERTEX_POINT ( 'NONE', #1802 ) ;
#14 = CARTESIAN_POINT ( 'NONE',  ( 0.04106061606618827131, 0.09210757410786771238, 0.04388037383104206879 ) ) ;
#15 = CARTESIAN_POINT ( 'NONE',  ( 0.004436941645212759758, 0.04950000073015689561, 0.04267183327367200102 ) ) ;
#16 = CARTESIAN_POINT ( 'NONE',  ( 0.08956252763968951258, 0.05261421545640122127, 0.09748913741254205956 ) ) ;
#17 = CARTESIAN_POINT ( 'NONE',  ( 0.08478512304301340230, 0.05208060573872559662, 0.06594831762890650262 ) ) ;
#18 = B_SPLINE_CURVE_WITH_KNOTS ( 'NONE', 3,
 ( #4468, #8660, #4427, #5964, #2207, #129 ),
 .UNSPECIFIED., .F., .F.,
 ( 4, 2, 4 ),
 ( 0.4986828323666477325, 0.7493414161833238385, 1.000000000000000000 ),
 .UNSPECIFIED. ) ;
#19 = CARTESIAN_POINT ( 'NONE',  ( 0.08405361337882079342, 0.04950000073015689561, 0.04437874395129040583 ) ) ;
#20 = ORIENTED_EDGE ( 'NONE', *, *, #2193, .F. ) ;
#21 = DIRECTION ( 'NONE',  ( 8.064744300522758734E-17, 1.000000000000000000, -3.893633009083770204E-17 ) ) ;
#22 = CARTESIAN_POINT ( 'NONE',  ( 0.09428820115653303857, 0.05008252091644424531, 0.05597707229306578269 ) ) ;
#23 = B_SPLINE_SURFACE_WITH_KNOTS ( 'NONE', 3, 3, ( 
 ( #621, #4899, #7867, #6366 ),
 ( #1368, #1930, #4853, #9241 ),
 ( #4147, #6262, #9288, #8393 ),
 ( #2639, #4105, #4806, #1977 ),
 ( #2785, #9192, #5654, #8485 ) ),
 .UNSPECIFIED., .F., .F., .F.,
 ( 4, 1, 4 ),
 ( 4, 4 ),
 ( 0.000000000000000000, 0.5714285714285709528, 1.000000000000000000 ),
 ( 8.313014200100930395, 8.649806283796239725 ),
 .UNSPECIFIED. ) ;
#24 = CARTESIAN_POINT ( 'NONE',  ( 0.07766650902255814448, 0.04759169850107423938, 0.05987235224366724978 ) ) ;
#25 = VERTEX_POINT ( 'NONE', #400 ) ;
#26 = FACE_OUTER_BOUND ( 'NONE', #5001, .T. ) ;
#27 = ORIENTED_EDGE ( 'NONE', *, *, #4001, .F. ) ;
#28 = ORIENTED_EDGE ( 'NONE', *, *, #1988, .F. ) ;
#29 = CIRCLE ( 'NONE', #9209, 0.06500000000000002998 ) ;
#30 = EDGE_CURVE ( 'NONE', #8999, #7628, #2813, .T. ) ;
#31 = CIRCLE ( 'NONE', #186, 0.001700000000000003808 ) ;
#32 = EDGE_CURVE ( 'NONE', #3674, #7392, #1240, .T. ) ;
#33 = DIRECTION ( 'NONE',  ( 5.979188663871559846E-17, 1.000000000000000000, -7.523851983841539456E-18 ) ) ;
#34 = CARTESIAN_POINT ( 'NONE',  ( -0.003019579902595340148, 0.04291077690650010185, 0.07090999094046800122 ) ) ;
#35 = DIRECTION ( 'NONE',  ( 0.7010108928534550810, -0.1310246636425640432, -0.7010108883734651464 ) ) ;
#36 = AXIS2_PLACEMENT_3D ( 'NONE', #5890, #8907, #5932 ) ;
#37 = AXIS2_PLACEMENT_3D ( 'NONE', #3292, #5411, #7671 ) ;
#38 = CARTESIAN_POINT ( 'NONE',  ( 0.08444068325613220127, 0.04419829269499850333, 0.07063027919484929362 ) ) ;
#39 = FACE_OUTER_BOUND ( 'NONE', #4886, .T. ) ;
#40 = EDGE_LOOP ( 'NONE', ( #9242, #6432, #3555, #6848, #5831, #4144 ) ) ;
#41 = ORIENTED_EDGE ( 'NONE', *, *, #7310, .F. ) ;
#42 = CYLINDRICAL_SURFACE ( 'NONE', #5706, 0.004999999999999994033 ) ;
#43 = CARTESIAN_POINT ( 'NONE',  ( 0.003837551131053620022, 0.04510757410786769839, 0.1463614382433859884 ) ) ;
#44 = ORIENTED_EDGE ( 'NONE', *, *, #2244, .T. ) ;
#45 = CARTESIAN_POINT ( 'NONE',  ( 0.005201591521690254565, 0.04010757410786770782, 0.05439963062904763780 ) ) ;
#46 = EDGE_CURVE ( 'NONE', #673, #8218, #2466, .T. ) ;
#47 = CARTESIAN_POINT ( 'NONE',  ( 0.008955129192330948951, 0.07410757410786771027, 0.1056970399704629943 ) ) ;
#48 = EDGE_CURVE ( 'NONE', #5420, #3674, #8667, .T. ) ;
#49 = CARTESIAN_POINT ( 'NONE',  ( 0.01854115668808250031, 0.04415657025026400312, 0.1365426748011530078 ) ) ;
#50 = EDGE_CURVE ( 'NONE', #2474, #678, #5720, .T. ) ;
#51 = CARTESIAN_POINT ( 'NONE',  ( 0.08577240624553295056, 0.05499611355161215798, 0.09209353223913632758 ) ) ;
#52 = ORIENTED_EDGE ( 'NONE', *, *, #1707, .T. ) ;
#53 = VERTEX_POINT ( 'NONE', #5529 ) ;
#54 = CARTESIAN_POINT ( 'NONE',  ( 0.08390778631182539693, 0.05089885726127500037, 0.1161681433512219974 ) ) ;
#55 = CARTESIAN_POINT ( 'NONE',  ( 0.07768068248335387171, 0.04015845960766836059, 0.1293228939543759892 ) ) ;
#56 = ORIENTED_EDGE ( 'NONE', *, *, #731, .T. ) ;
#57 = CARTESIAN_POINT ( 'NONE',  ( 0.07886715565248453297, 0.04011993602994887859, 0.05720413310461463369 ) ) ;
#58 = AXIS2_PLACEMENT_3D ( 'NONE', #5377, #5332, #393 ) ;
#59 = CARTESIAN_POINT ( 'NONE',  ( 0.06938474451966651635, 0.04145507756529030752, 0.05126943814850155878 ) ) ;
#60 = CARTESIAN_POINT ( 'NONE',  ( -0.002321272849761261449, 0.05199996765519480924, 0.06713012343390499514 ) ) ;
#61 = CARTESIAN_POINT ( 'NONE',  ( 0.003221337686575739736, 0.05033613396376760557, 0.1243502347582590012 ) ) ;
#62 = EDGE_CURVE ( 'NONE', #6322, #8052, #9153, .T. ) ;
#63 = DIRECTION ( 'NONE',  ( 5.700981915704969687E-17, 1.000000000000000000, 9.381789281211478816E-18 ) ) ;
#64 = LINE ( 'NONE', #2416, #2796 ) ;
#65 = ORIENTED_EDGE ( 'NONE', *, *, #8920, .T. ) ;
#66 = ORIENTED_EDGE ( 'NONE', *, *, #4523, .T. ) ;
#67 = CARTESIAN_POINT ( 'NONE',  ( 0.007355250164351021316, 0.04728871086912409677, 0.05704668526332159345 ) ) ;
#68 = CARTESIAN_POINT ( 'NONE',  ( 0.07720971485251024169, 0.04796616174934481558, 0.1467109830084198097 ) ) ;
#69 = CYLINDRICAL_SURFACE ( 'NONE', #3478, 0.008000000000000007105 ) ;
#70 = CARTESIAN_POINT ( 'NONE',  ( 0.08379779120670509396, 0.05239985391159260320, 0.06775629565378990526 ) ) ;
#71 = CARTESIAN_POINT ( 'NONE',  ( 0.05585771547776170048, 0.06690757410786771220, 0.08796606707730982022 ) ) ;
#72 = ORIENTED_EDGE ( 'NONE', *, *, #4952, .F. ) ;
#73 = CARTESIAN_POINT ( 'NONE',  ( 0.06454226286027689441, 0.04010757410786770089, 0.04550531809303810099 ) ) ;
#74 = CARTESIAN_POINT ( 'NONE',  ( 0.09433310774226905115, 0.04987476502836737935, 0.05604227216803495115 ) ) ;
#75 = FACE_OUTER_BOUND ( 'NONE', #40, .T. ) ;
#76 = ORIENTED_EDGE ( 'NONE', *, *, #783, .T. ) ;
#77 = CARTESIAN_POINT ( 'NONE',  ( -0.002809487789006650214, 0.05199997678118530031, 0.07049589421795800226 ) ) ;
#78 = VERTEX_POINT ( 'NONE', #439 ) ;
#79 = CARTESIAN_POINT ( 'NONE',  ( -0.03800369543472040257, 0.04223434633125560528, 0.1698179082896580094 ) ) ;
#80 = CARTESIAN_POINT ( 'NONE',  ( 0.04077925308366800450, 0.04010757410786770089, 0.09287956601695539216 ) ) ;
#81 = VECTOR ( 'NONE', #2517, 1.000000000000000000 ) ;
#82 = EDGE_CURVE ( 'NONE', #5779, #8130, #1745, .T. ) ;
#83 = CARTESIAN_POINT ( 'NONE',  ( -0.003685398251984020341, 0.04090521185587620012, 0.07009722064768598992 ) ) ;
#84 = DIRECTION ( 'NONE',  ( 0.7010108928534550810, -0.1310246636425636269, -0.7010108883734651464 ) ) ;
#85 = EDGE_CURVE ( 'NONE', #7085, #8816, #6177, .T. ) ;
#86 = EDGE_CURVE ( 'NONE', #5196, #856, #187, .T. ) ;
#87 = AXIS2_PLACEMENT_3D ( 'NONE', #6762, #3848, #2348 ) ;
#88 = DIRECTION ( 'NONE',  ( -0.005742101684087900365, 0.000000000000000000, 0.9999835139982307108 ) ) ;
#89 = CARTESIAN_POINT ( 'NONE',  ( 0.04077925308366790041, 0.09210757410786771238, 0.09287956601695539216 ) ) ;
#90 = ORIENTED_EDGE ( 'NONE', *, *, #1559, .T. ) ;
#91 = VERTEX_POINT ( 'NONE', #4252 ) ;
#92 = DIRECTION ( 'NONE',  ( 1.000000000000000000, -8.064744300522758734E-17, 0.000000000000000000 ) ) ;
#93 = AXIS2_PLACEMENT_3D ( 'NONE', #9109, #6085, #5340 ) ;
#94 = DIRECTION ( 'NONE',  ( 5.979188663871559846E-17, 1.000000000000000000, -7.523851983841539456E-18 ) ) ;
#95 = ORIENTED_EDGE ( 'NONE', *, *, #3540, .F. ) ;
#96 = CARTESIAN_POINT ( 'NONE',  ( 0.005028890258881836377, 0.04013041844440543710, 0.05501807480874511963 ) ) ;
#97 = CARTESIAN_POINT ( 'NONE',  ( 0.05325775834136630554, 0.06690757410786771220, 0.08795113761293117671 ) ) ;
#98 = CC_DESIGN_DATE_AND_TIME_ASSIGNMENT ( #6158, #9088, ( #1400 ) ) ;
#99 = FACE_OUTER_BOUND ( 'NONE', #8694, .T. ) ;
#100 = CARTESIAN_POINT ( 'NONE',  ( 0.08577494744206778932, 0.05509573645735699882, 0.09353720979240470745 ) ) ;
#101 = ORIENTED_EDGE ( 'NONE', *, *, #3747, .T. ) ;
#102 = ORIENTED_EDGE ( 'NONE', *, *, #2247, .F. ) ;
#103 = CARTESIAN_POINT ( 'NONE',  ( 0.009104423836117269547, 0.03610757410786769733, 0.07969746860650860076 ) ) ;
#104 = DIRECTION ( 'NONE',  ( -0.7071067834460210699, 1.064033378703280288E-17, 0.7071067789270740755 ) ) ;
#105 = ORIENTED_EDGE ( 'NONE', *, *, #8923, .T. ) ;
#106 = CARTESIAN_POINT ( 'NONE',  ( 0.07826275321815015507, 0.04015020501595017305, 0.05695821426003806059 ) ) ;
#107 = CARTESIAN_POINT ( 'NONE',  ( -0.003514613803846009920, 0.05200000073015659946, 0.06474396211351869657 ) ) ;
#108 = CARTESIAN_POINT ( 'NONE',  ( -0.004755901184560817029, 0.04091683760992731456, 0.06697422162302019144 ) ) ;
#109 = FACE_OUTER_BOUND ( 'NONE', #4413, .T. ) ;
#110 = CARTESIAN_POINT ( 'NONE',  ( 0.04077925308366800450, 0.04410757410786769750, 0.09287956601695539216 ) ) ;
#111 = VERTEX_POINT ( 'NONE', #1289 ) ;
#112 = ORIENTED_EDGE ( 'NONE', *, *, #2920, .F. ) ;
#113 = CARTESIAN_POINT ( 'NONE',  ( 0.005100770808655397115, 0.04736486025387333376, 0.05929114896723670924 ) ) ;
#114 = CARTESIAN_POINT ( 'NONE',  ( 0.005688204846940572885, 0.04146831686583192511, 0.03816564712315075741 ) ) ;
#115 = LINE ( 'NONE', #4541, #7690 ) ;
#116 = ORIENTED_EDGE ( 'NONE', *, *, #7301, .F. ) ;
#117 = EDGE_CURVE ( 'NONE', #2982, #3634, #586, .T. ) ;
#118 = CARTESIAN_POINT ( 'NONE',  ( -0.002568942831892771089, 0.04468967843403687246, 0.06655691264827282017 ) ) ;
#119 = FACE_OUTER_BOUND ( 'NONE', #5295, .T. ) ;
#120 = ORIENTED_EDGE ( 'NONE', *, *, #48, .T. ) ;
#121 = CARTESIAN_POINT ( 'NONE',  ( 0.004348791314825409954, 0.04708659746632420234, 0.03904814902549119671 ) ) ;
#122 = CARTESIAN_POINT ( 'NONE',  ( 0.07716385695523070298, 0.04751593375391495455, 0.1264410898809873174 ) ) ;
#123 = CARTESIAN_POINT ( 'NONE',  ( 0.06283982319537929906, 0.04410757410786769750, 0.04912637630750190526 ) ) ;
#124 = ORIENTED_EDGE ( 'NONE', *, *, #7656, .T. ) ;
#125 = CARTESIAN_POINT ( 'NONE',  ( 0.09731853786576488696, 0.04010757410786770089, 0.06081230426405630218 ) ) ;
#126 = CARTESIAN_POINT ( 'NONE',  ( 0.09553745354008144619, 0.04139325356345941592, 0.05785772101816632346 ) ) ;
#127 = DIRECTION ( 'NONE',  ( -0.7071067834460210699, 4.934020221094703476E-15, 0.7071067789270740755 ) ) ;
#128 = DIRECTION ( 'NONE',  ( 0.1565185938162211021, 0.000000000000000000, 0.9876750122331702242 ) ) ;
#129 = CARTESIAN_POINT ( 'NONE',  ( 0.07271556664761660849, 0.05032954500249260665, 0.05571679061003580180 ) ) ;
#130 = CARTESIAN_POINT ( 'NONE',  ( 0.08453295683400967320, 0.05199503019037428342, 0.1202918107524352936 ) ) ;
#131 = DIRECTION ( 'NONE',  ( -0.005742101684089199673, 0.000000000000000000, 0.9999835139982305998 ) ) ;
#132 = ORIENTED_EDGE ( 'NONE', *, *, #3052, .T. ) ;
#133 = ORIENTED_EDGE ( 'NONE', *, *, #3003, .F. ) ;
#134 = DIRECTION ( 'NONE',  ( 5.979188663871559846E-17, 1.000000000000000000, -7.523851983841539456E-18 ) ) ;
#135 = B_SPLINE_CURVE_WITH_KNOTS ( 'NONE', 3,
 ( #9067, #6941, #497, #4781, #3272, #8262, #1904, #4121, #8314, #1857, #8410, #4733, #6232, #9114, #2610, #4823 ),
 .UNSPECIFIED., .F., .F.,
 ( 4, 2, 1, 2, 2, 1, 2, 2, 4 ),
 ( 0.5964422475262650680, 0.7982211237630848499, 0.8234434832926910142, 0.8265962782338928116, 0.8297490731750947202, 0.8360546630574992033, 0.8486658428223075035, 0.8991105618815375955, 1.000000000000000000 ),
 .UNSPECIFIED. ) ;
#136 = DIRECTION ( 'NONE',  ( -0.9999835139982307108, 0.000000000000000000, -0.005742101684093668321 ) ) ;
#137 = ORIENTED_EDGE ( 'NONE', *, *, #85, .F. ) ;
#138 = CARTESIAN_POINT ( 'NONE',  ( 0.004774026197529980878, 0.04015768000147974803, 0.05554452591726986160 ) ) ;
#139 = LINE ( 'NONE', #4339, #9180 ) ;
#140 = CARTESIAN_POINT ( 'NONE',  ( 0.01548938113070784384, 0.04451988829584654223, 0.1360599457700552017 ) ) ;
#141 = CARTESIAN_POINT ( 'NONE',  ( 0.08575372832133164314, 0.05494790658438328257, 0.09443079708940865791 ) ) ;
#142 = EDGE_LOOP ( 'NONE', ( #6755, #5313, #8437, #124 ) ) ;
#143 = LINE ( 'NONE', #3070, #6200 ) ;
#144 = AXIS2_PLACEMENT_3D ( 'NONE', #858, #7917, #3537 ) ;
#145 = EDGE_CURVE ( 'NONE', #5301, #4378, #3505, .T. ) ;
#146 = CARTESIAN_POINT ( 'NONE',  ( 0.07665677887807824387, 0.04014571629122630492, 0.1304490291951400649 ) ) ;
#147 = ORIENTED_EDGE ( 'NONE', *, *, #8439, .F. ) ;
#148 = CARTESIAN_POINT ( 'NONE',  ( 0.07750523594985379849, 0.04017202982040450621, 0.05637073806326272501 ) ) ;
#149 = ADVANCED_FACE ( 'NONE', ( #637 ), #3457, .F. ) ;
#150 = TOROIDAL_SURFACE ( 'NONE', #454, 0.05299999999999999850, 0.004000000000000000083 ) ;
#151 = CARTESIAN_POINT ( 'NONE',  ( -0.003097532060249165962, 0.05199620618884453344, 0.06527875804321391084 ) ) ;
#152 = B_SPLINE_CURVE_WITH_KNOTS ( 'NONE', 3,
 ( #5820, #4318, #2060, #2859, #6530, #2200, #22, #74, #1540, #2245, #4220, #3607 ),
 .UNSPECIFIED., .F., .F.,
 ( 4, 2, 2, 2, 2, 4 ),
 ( 0.000000000000000000, 0.2499999999999956701, 0.3749999999999938383, 0.4374999999999946709, 0.4999999999999955591, 1.000000000000000000 ),
 .UNSPECIFIED. ) ;
#153 = DIRECTION ( 'NONE',  ( 0.7071067834460215140, -4.013454430943929224E-17, -0.7071067789270735204 ) ) ;
#154 = CARTESIAN_POINT ( 'NONE',  ( 0.07291614040874599967, 0.04874435638597278408, 0.1305288618220624419 ) ) ;
#155 = CARTESIAN_POINT ( 'NONE',  ( -0.005573700798518889908, 0.04035255481984920123, 0.06795162450619039729 ) ) ;
#156 = ORIENTED_EDGE ( 'NONE', *, *, #6252, .T. ) ;
#157 = CARTESIAN_POINT ( 'NONE',  ( 0.08536224721432880691, 0.04985783708471710346, 0.1209223898169300010 ) ) ;
#158 = CARTESIAN_POINT ( 'NONE',  ( -0.002495107211484859887, 0.04950000073015689561, 0.1413803880826199899 ) ) ;
#159 = DIRECTION ( 'NONE',  ( -0.005742101684087900365, 0.000000000000000000, 0.9999835139982307108 ) ) ;
#160 = VERTEX_POINT ( 'NONE', #4819 ) ;
#161 = AXIS2_PLACEMENT_3D ( 'NONE', #2705, #9116, #1160 ) ;
#162 = B_SPLINE_CURVE_WITH_KNOTS ( 'NONE', 3,
 ( #5273, #2361, #5234, #8147, #1698, #4566 ),
 .UNSPECIFIED., .F., .F.,
 ( 4, 2, 4 ),
 ( 0.000000000000000000, 0.2506322863317465566, 0.5012645726634931131 ),
 .UNSPECIFIED. ) ;
#163 = CARTESIAN_POINT ( 'NONE',  ( 0.08815350100758528873, 0.04010757410786770089, 0.1166425757935640045 ) ) ;
#164 = CARTESIAN_POINT ( 'NONE',  ( 0.07909591274444180420, 0.05200000073015689783, 0.04037400828788809820 ) ) ;
#165 = EDGE_CURVE ( 'NONE', #9296, #2019, #1853, .T. ) ;
#166 = ORIENTED_EDGE ( 'NONE', *, *, #895, .F. ) ;
#167 = APPLICATION_PROTOCOL_DEFINITION ( 'international standard', 'config_control_design', 1994, #6842 ) ;
#168 = VECTOR ( 'NONE', #5485, 1.000000000000000000 ) ;
#169 = EDGE_CURVE ( 'NONE', #769, #6735, #3411, .T. ) ;
#170 = CARTESIAN_POINT ( 'NONE',  ( 0.09279559124118549884, 0.04950000073015689561, 0.05390135973853899670 ) ) ;
#171 = VECTOR ( 'NONE', #590, 1.000000000000000000 ) ;
#172 = CARTESIAN_POINT ( 'NONE',  ( 0.04085390040556109714, 0.04010757410786770089, 0.07987978033497838970 ) ) ;
#173 = EDGE_CURVE ( 'NONE', #4406, #4336, #8407, .T. ) ;
#174 = ORIENTED_EDGE ( 'NONE', *, *, #8351, .F. ) ;
#175 = LINE ( 'NONE', #2475, #240 ) ;
#176 = AXIS2_PLACEMENT_3D ( 'NONE', #6279, #8452, #9159 ) ;
#177 = CARTESIAN_POINT ( 'NONE',  ( -0.004091378267937140038, 0.04990270069763820537, 0.1203492422032050035 ) ) ;
#178 = CARTESIAN_POINT ( 'NONE',  ( 0.002275882013659552561, 0.04787996000155925191, 0.04051077362830805828 ) ) ;
#179 = CARTESIAN_POINT ( 'NONE',  ( 0.01605811956328299928, 0.04244724548722170199, 0.04928185335770619846 ) ) ;
#180 = CARTESIAN_POINT ( 'NONE',  ( 0.07645788065683824242, 0.04736488945467334788, 0.1264678286442338651 ) ) ;
#181 =( BOUNDED_CURVE ( )  B_SPLINE_CURVE ( 3, ( #7149, #520, #7057, #6257 ),
 .UNSPECIFIED., .F., .F. ) 
 B_SPLINE_CURVE_WITH_KNOTS ( ( 4, 4 ),
 ( 1.316133059729790000, 1.570796326794889897 ),
 .UNSPECIFIED. ) 
 CURVE ( )  GEOMETRIC_REPRESENTATION_ITEM ( )  RATIONAL_B_SPLINE_CURVE ( ( 1.000000000000000000, 0.9946028497708050420, 0.9946028497708050420, 1.000000000000000000 ) ) 
 REPRESENTATION_ITEM ( '' )  );
#182 = CARTESIAN_POINT ( 'NONE',  ( 0.08388239230675724467, 0.05200020605213510200, 0.1167107991134174738 ) ) ;
#183 = CARTESIAN_POINT ( 'NONE',  ( 0.08974515478021774517, 0.04557398221653575360, 0.09104020951090881220 ) ) ;
#184 = ORIENTED_EDGE ( 'NONE', *, *, #3509, .F. ) ;
#185 = VERTEX_POINT ( 'NONE', #638 ) ;
#186 = AXIS2_PLACEMENT_3D ( 'NONE', #1401, #9316, #5821 ) ;
#187 = B_SPLINE_CURVE_WITH_KNOTS ( 'NONE', 3,
 ( #8214, #4630, #3926, #8969, #490, #7497, #1053, #2511, #5387, #2131, #4864, #4346, #8497, #3410, #6277, #2083, #3588, #7739, #7124, #5665, #9157, #8585, #2843, #2180, #5009, #2797, #7880, #6463, #1428, #3548, #682, #2040, #7926, #4910, #5705, #7783, #8634, #3455, #8541, #4956, #6377, #1475, #9255, #1382, #6326, #2697, #5758, #7827, #4, #9206, #2885, #726, #1333, #4301, #1995, #4158, #7075, #5573, #5054, #6418, #4202, #7213, #7172, #7031 ),
 .UNSPECIFIED., .F., .F.,
 ( 4, 2, 1, 1, 1, 1, 2, 2, 2, 2, 1, 1, 2, 2, 2, 2, 1, 1, 2, 2, 2, 2, 1, 1, 1, 2, 2, 2, 2, 2, 2, 2, 2, 1, 1, 1, 2, 2, 4 ),
 ( 0.000000000000000000, 0.06249999999963468111, 0.09374999999945202167, 0.1093749999993607613, 0.1171874999993150479, 0.1210937499992922051, 0.1230468749992806310, 0.1249999999992690430, 0.1874999999994202970, 0.2187499999994958200, 0.2343749999995334565, 0.2421874999995524691, 0.2460937499995619893, 0.2499999999995715094, 0.3124999999999490408, 0.3437500000001375011, 0.3593750000002316480, 0.3671875000002787215, 0.3710937500002911005, 0.3750000000003035350, 0.5000000000004556355, 0.5625000000005393463, 0.5937500000005878631, 0.6093750000006121770, 0.6171875000006185052, 0.6210937500006218359, 0.6250000000006250556, 0.6875000000005919709, 0.7187500000005756506, 0.7343750000005675460, 0.7500000000005593304, 0.8125000000005140333, 0.8437500000004914957, 0.8593750000004800604, 0.8671875000004704015, 0.8710937500004609646, 0.8730468750004560796, 0.8750000000004511946, 1.000000000000000000 ),
 .UNSPECIFIED. ) ;
#188 = B_SPLINE_SURFACE_WITH_KNOTS ( 'NONE', 3, 3, ( 
 ( #3437, #3387, #609, #5460 ),
 ( #6299, #8340, #9181, #2065 ),
 ( #1878, #1177, #2630, #6354 ),
 ( #6255, #4045, #5511, #5599 ),
 ( #8384, #1921, #9139, #2674 ) ),
 .UNSPECIFIED., .F., .F., .F.,
 ( 4, 1, 4 ),
 ( 4, 4 ),
 ( 0.000000000000000000, 0.5714285714285709528, 1.000000000000000000 ),
 ( 0.000000000000000000, 0.03303332443842050409 ),
 .UNSPECIFIED. ) ;
#189 = PLANE ( 'NONE',  #8127 ) ;
#190 = VERTEX_POINT ( 'NONE', #440 ) ;
#191 = AXIS2_PLACEMENT_3D ( 'NONE', #3283, #7004, #6955 ) ;
#192 = CARTESIAN_POINT ( 'NONE',  ( 0.07284651483656699733, 0.04010757410786770089, 0.1494188507990519832 ) ) ;
#193 = AXIS2_PLACEMENT_3D ( 'NONE', #7069, #2837, #9293 ) ;
#194 = DIRECTION ( 'NONE',  ( 0.7010108883734651464, -0.1310246636425636269, 0.7010108928534550810 ) ) ;
#195 = DIRECTION ( 'NONE',  ( 0.3915347691464001190, 0.6902684899626322368, 0.6084652301604280833 ) ) ;
#196 = VERTEX_POINT ( 'NONE', #6986 ) ;
#197 = APPROVAL_PERSON_ORGANIZATION ( #5121, #4013, #7285 ) ;
#198 = CARTESIAN_POINT ( 'NONE',  ( 0.004459217437709021500, 0.04379495738549993300, 0.03897305826378758692 ) ) ;
#199 = VECTOR ( 'NONE', #4612, 1.000000000000000000 ) ;
#200 = CARTESIAN_POINT ( 'NONE',  ( 0.07706499526645128884, 0.04017095663442906556, 0.1298337474022214499 ) ) ;
#201 = ORIENTED_EDGE ( 'NONE', *, *, #7449, .T. ) ;
#202 = CARTESIAN_POINT ( 'NONE',  ( 0.08567358279393338938, 0.04598313951138879863, 0.09596183615029542369 ) ) ;
#203 = EDGE_CURVE ( 'NONE', #8979, #2110, #1155, .T. ) ;
#204 = CARTESIAN_POINT ( 'NONE',  ( 0.08537261049584911332, 0.05200000073014460211, 0.06532114039128759930 ) ) ;
#205 = EDGE_CURVE ( 'NONE', #6212, #9135, #1334, .T. ) ;
#206 = CARTESIAN_POINT ( 'NONE',  ( 0.07587874906797899277, 0.04728496089784869211, 0.05868205197430150649 ) ) ;
#207 = AXIS2_PLACEMENT_3D ( 'NONE', #4358, #9309, #5767 ) ;
#208 = CARTESIAN_POINT ( 'NONE',  ( 0.07841905509002503050, 0.04871915554128354586, 0.06073156435384585716 ) ) ;
#209 = CARTESIAN_POINT ( 'NONE',  ( 0.004348791314825409954, 0.04708659746632420234, 0.03904814902549119671 ) ) ;
#210 = EDGE_CURVE ( 'NONE', #6543, #8183, #1867, .T. ) ;
#211 = ORIENTED_EDGE ( 'NONE', *, *, #6148, .T. ) ;
#212 = DIRECTION ( 'NONE',  ( 5.979188663871559846E-17, 1.000000000000000000, -7.523851983841539456E-18 ) ) ;
#213 = CARTESIAN_POINT ( 'NONE',  ( 0.006657223813833923302, 0.04066322531960885750, 0.03755803000301290162 ) ) ;
#214 = CARTESIAN_POINT ( 'NONE',  ( 0.08395986001946201260, 0.04985783719941473680, 0.1181693800072237954 ) ) ;
#215 = ORIENTED_EDGE ( 'NONE', *, *, #6095, .T. ) ;
#216 = FACE_OUTER_BOUND ( 'NONE', #3575, .T. ) ;
#217 = CARTESIAN_POINT ( 'NONE',  ( 0.08416530127214581769, 0.05200018960911102772, 0.06956665741272334558 ) ) ;
#218 = VERTEX_POINT ( 'NONE', #2654 ) ;
#219 = SECURITY_CLASSIFICATION_LEVEL ( 'unclassified' ) ;
#220 = DIRECTION ( 'NONE',  ( 0.005742101684089223959, 0.000000000000000000, -0.9999835139982307108 ) ) ;
#221 = CARTESIAN_POINT ( 'NONE',  ( 0.08597288564415642154, 0.04144030400209367665, 0.1192744907702250612 ) ) ;
#222 = VERTEX_POINT ( 'NONE', #493 ) ;
#223 = CARTESIAN_POINT ( 'NONE',  ( 0.06263819541772479293, 0.05199997858829920327, 0.1367337925739220139 ) ) ;
#224 = CARTESIAN_POINT ( 'NONE',  ( -0.003934524877136890038, 0.05132137481413519969, 0.1203139266942439972 ) ) ;
#225 = FACE_OUTER_BOUND ( 'NONE', #2746, .T. ) ;
#226 = CARTESIAN_POINT ( 'NONE',  ( 0.01636774693060760039, 0.04074033695263949706, 0.04761825318937600027 ) ) ;
#227 = CARTESIAN_POINT ( 'NONE',  ( 0.06668554411444192753, 0.04091594883229753010, 0.04734560976984789060 ) ) ;
#228 = B_SPLINE_CURVE_WITH_KNOTS ( 'NONE', 3,
 ( #6828, #278, #6209, #5320, #382 ),
 .UNSPECIFIED., .F., .F.,
 ( 4, 1, 4 ),
 ( 0.000000000000000000, 0.4285714285714290472, 1.000000000000000000 ),
 .UNSPECIFIED. ) ;
#229 = CARTESIAN_POINT ( 'NONE',  ( 0.08383298737856798022, 0.05200011419358899906, 0.1182288256495700324 ) ) ;
#230 = CARTESIAN_POINT ( 'NONE',  ( 0.08975864821213647149, 0.04522420751059933602, 0.09443721425424128624 ) ) ;
#231 = ORIENTED_EDGE ( 'NONE', *, *, #6884, .F. ) ;
#232 = ORIENTED_EDGE ( 'NONE', *, *, #1134, .T. ) ;
#233 = CIRCLE ( 'NONE', #4453, 0.003149999999999997420 ) ;
#234 = CARTESIAN_POINT ( 'NONE',  ( 0.01565597689105829859, 0.05239983897362140292, 0.04986113776292819960 ) ) ;
#235 = ORIENTED_EDGE ( 'NONE', *, *, #5978, .F. ) ;
#236 = AXIS2_PLACEMENT_3D ( 'NONE', #7227, #6525, #7754 ) ;
#237 = CARTESIAN_POINT ( 'NONE',  ( 0.04077925308366790041, 0.05200000073015689783, 0.09287956601695539216 ) ) ;
#238 = EDGE_CURVE ( 'NONE', #1715, #3896, #6130, .T. ) ;
#239 = CARTESIAN_POINT ( 'NONE',  ( 0.002615329363032026753, 0.04011098857772481263, 0.1301361963790841347 ) ) ;
#240 = VECTOR ( 'NONE', #8131, 1.000000000000000000 ) ;
#241 = CARTESIAN_POINT ( 'NONE',  ( 0.08560876426931639249, 0.05286299230201538246, 0.08896606961614934861 ) ) ;
#242 = ORIENTED_EDGE ( 'NONE', *, *, #5730, .F. ) ;
#243 = CARTESIAN_POINT ( 'NONE',  ( 0.005572550647228170263, 0.04159968522688909515, 0.03823993653023748107 ) ) ;
#244 = CARTESIAN_POINT ( 'NONE',  ( 0.08955139042243509540, 0.05010757410786770283, 0.08815954277459339683 ) ) ;
#245 = EDGE_LOOP ( 'NONE', ( #4473, #7981, #1581, #2907, #8044 ) ) ;
#246 = CARTESIAN_POINT ( 'NONE',  ( 0.08576041241823900707, 0.04521903466413339928, 0.09418224996360129164 ) ) ;
#247 = DIRECTION ( 'NONE',  ( -0.9876750122331696691, 0.000000000000000000, 0.1565185938162240165 ) ) ;
#248 = CARTESIAN_POINT ( 'NONE',  ( -0.001559237877698298365, 0.04062938631828275776, 0.06354571148338965247 ) ) ;
#249 = LINE ( 'NONE', #2373, #9046 ) ;
#250 = CIRCLE ( 'NONE', #5070, 0.003000000000000000062 ) ;
#251 = CARTESIAN_POINT ( 'NONE',  ( 0.003666132536174445886, 0.04954144386593950511, 0.06088519842971570201 ) ) ;
#252 = EDGE_LOOP ( 'NONE', ( #972, #5691, #9285, #3331, #1653 ) ) ;
#253 = CARTESIAN_POINT ( 'NONE',  ( -0.002542401050228795204, 0.05200043838303153310, 0.1167596370517905158 ) ) ;
#254 = CARTESIAN_POINT ( 'NONE',  ( 0.07977660367138289521, 0.04697071701381140552, 0.04087757906319709755 ) ) ;
#255 = LINE ( 'NONE', #5990, #2120 ) ;
#256 = ORIENTED_EDGE ( 'NONE', *, *, #5468, .F. ) ;
#257 = CARTESIAN_POINT ( 'NONE',  ( 0.06344253254200092618, 0.04010757421585002536, 0.1394622618918908707 ) ) ;
#258 = ADVANCED_FACE ( 'NONE', ( #7076 ), #6893, .T. ) ;
#259 = CARTESIAN_POINT ( 'NONE',  ( 0.06589276423826040396, 0.05200023458954658451, 0.04984803519686566153 ) ) ;
#260 = VERTEX_POINT ( 'NONE', #538 ) ;
#261 = CARTESIAN_POINT ( 'NONE',  ( 0.06560037610974299438, 0.04056116704352170227, 0.1391128324098239999 ) ) ;
#262 = DIRECTION ( 'NONE',  ( 1.000000000000000000, -5.979188663871559846E-17, 0.000000000000000000 ) ) ;
#263 = CARTESIAN_POINT ( 'NONE',  ( 0.01484521820501612591, 0.04157222905316874939, 0.04747323994904788930 ) ) ;
#264 = ORIENTED_EDGE ( 'NONE', *, *, #6829, .F. ) ;
#265 = CARTESIAN_POINT ( 'NONE',  ( 0.008230542428320775095, 0.04886007634451207393, 0.1301734103402475140 ) ) ;
#267 = EDGE_CURVE ( 'NONE', #7849, #6507, #5434, .T. ) ;
#266 = CARTESIAN_POINT ( 'NONE',  ( 0.08736194978143189960, 0.04010757410786770089, 0.07021628760097219091 ) ) ;
#268 = CARTESIAN_POINT ( 'NONE',  ( 0.004269961501659136176, 0.04761307081882090037, 0.05945335758752510330 ) ) ;
#269 = CARTESIAN_POINT ( 'NONE',  ( 0.08738263665246438772, 0.04037124799189970026, 0.06848227738905621198 ) ) ;
#270 = EDGE_CURVE ( 'NONE', #3686, #8187, #4778, .T. ) ;
#271 = DIRECTION ( 'NONE',  ( 0.7010108883734651464, -0.1310246636425640432, 0.7010108928534550810 ) ) ;
#272 = CARTESIAN_POINT ( 'NONE',  ( 0.05195442029425489938, 0.03610757410786769733, 0.1059439503428780127 ) ) ;
#273 = CARTESIAN_POINT ( 'NONE',  ( 0.08952809216448109897, 0.04833345773075292673, 0.09783458027371183530 ) ) ;
#274 = ORIENTED_EDGE ( 'NONE', *, *, #2911, .F. ) ;
#275 = EDGE_LOOP ( 'NONE', ( #2313, #5685, #2210, #1148 ) ) ;
#276 = CARTESIAN_POINT ( 'NONE',  ( -0.009002207230822588391, 0.04950000073015689561, 0.1290764139997994941 ) ) ;
#277 = CARTESIAN_POINT ( 'NONE',  ( 0.01274111930433335059, 0.05200000073015688395, 0.1370866216342772892 ) ) ;
#278 = CARTESIAN_POINT ( 'NONE',  ( 0.01934234181537135278, 0.04320997624884659327, 0.04881757746278335419 ) ) ;
#279 = ADVANCED_FACE ( 'NONE', ( #9063 ), #2606, .T. ) ;
#280 = ADVANCED_FACE ( 'NONE', ( #8311 ), #5574, .F. ) ;
#281 = CARTESIAN_POINT ( 'NONE',  ( -0.004091378267937140038, 0.04510757410786769839, 0.1203492422032050035 ) ) ;
#282 = EDGE_LOOP ( 'NONE', ( #7304, #6074 ) ) ;
#283 = EDGE_LOOP ( 'NONE', ( #3766, #2356, #3648, #2571, #5725 ) ) ;
#284 = EDGE_CURVE ( 'NONE', #6687, #673, #8363, .T. ) ;
#285 = CARTESIAN_POINT ( 'NONE',  ( 0.004348791314825407352, 0.04445042146781803122, 0.03904814902549118283 ) ) ;
#286 = CARTESIAN_POINT ( 'NONE',  ( 0.08425250230495938408, 0.04452477093236839600, 0.06813354847978263240 ) ) ;
#287 = EDGE_LOOP ( 'NONE', ( #780, #1914, #5764, #3041, #2299 ) ) ;
#288 = CARTESIAN_POINT ( 'NONE',  ( 0.08575796430085758093, 0.04523717633389974513, 0.09426420235461691055 ) ) ;
#289 = CARTESIAN_POINT ( 'NONE',  ( -0.003923748008243850387, 0.04392224917804339601, 0.1201816119445830028 ) ) ;
#290 = CARTESIAN_POINT ( 'NONE',  ( 0.07975745936208429587, 0.04950000073015689561, 0.1448959041744730114 ) ) ;
#291 = CARTESIAN_POINT ( 'NONE',  ( 0.06818746534728997721, 0.04985783727914083058, 0.04893118341242534003 ) ) ;
#292 = VECTOR ( 'NONE', #4243, 1.000000000000000000 ) ;
#293 = CARTESIAN_POINT ( 'NONE',  ( 0.01340361890026730077, 0.04410757410786769750, 0.05163851058603039640 ) ) ;
#294 = ORIENTED_EDGE ( 'NONE', *, *, #2157, .F. ) ;
#295 = CARTESIAN_POINT ( 'NONE',  ( -0.002606788723120946009, 0.05200018924081509231, 0.1161924735701087286 ) ) ;
#296 = CARTESIAN_POINT ( 'NONE',  ( 0.01647186736211674399, 0.04445250450014057164, 0.04947868582379053720 ) ) ;
#297 = DIRECTION ( 'NONE',  ( -0.7010108883734640361, 0.1310246636425654032, -0.7010108928534559691 ) ) ;
#298 = AXIS2_PLACEMENT_3D ( 'NONE', #8054, #6452, #92 ) ;
#299 = ORIENTED_EDGE ( 'NONE', *, *, #3571, .T. ) ;
#300 = VECTOR ( 'NONE', #35, 1.000000000000000000 ) ;
#301 = DIRECTION ( 'NONE',  ( -4.027934139806210305E-16, 1.000000000000000000, -1.018010760859769879E-17 ) ) ;
#302 = CARTESIAN_POINT ( 'NONE',  ( 0.06747767489131527296, 0.05199525472550622918, 0.04948952539797069061 ) ) ;
#303 = VERTEX_POINT ( 'NONE', #1900 ) ;
#304 = CARTESIAN_POINT ( 'NONE',  ( 0.04077925308366790041, 0.04010757410786770089, 0.09287956601695539216 ) ) ;
#305 = CARTESIAN_POINT ( 'NONE',  ( 0.04077925308366790041, 0.04010757410786770089, 0.09287956601695539216 ) ) ;
#306 = CARTESIAN_POINT ( 'NONE',  ( 0.01487130560075569652, 0.04472265367871973429, 0.04916900441997347493 ) ) ;
#307 = ORIENTED_EDGE ( 'NONE', *, *, #9089, .T. ) ;
#308 = CARTESIAN_POINT ( 'NONE',  ( -0.03403776883869699676, 0.04223434633125560528, 0.01197529716178589998 ) ) ;
#309 = PLANE ( 'NONE',  #324 ) ;
#310 = CARTESIAN_POINT ( 'NONE',  ( 0.1049691077925129917, 0.04180366319439639960, 0.02912010390268029991 ) ) ;
#311 = CARTESIAN_POINT ( 'NONE',  ( 0.07687099213150427879, 0.04011715269386761235, 0.05513561484474704261 ) ) ;
#312 = CARTESIAN_POINT ( 'NONE',  ( 0.08457808606993119649, 0.04410757410786769750, 0.1148491410934430051 ) ) ;
#313 = CARTESIAN_POINT ( 'NONE',  ( 0.008867076598212472391, 0.04944471857210269022, 0.05503959773704587138 ) ) ;
#314 = ORIENTED_EDGE ( 'NONE', *, *, #7447, .T. ) ;
#315 = EDGE_CURVE ( 'NONE', #3954, #5582, #7644, .T. ) ;
#316 = EDGE_CURVE ( 'NONE', #1978, #8492, #1910, .T. ) ;
#317 = FACE_OUTER_BOUND ( 'NONE', #547, .T. ) ;
#318 = EDGE_CURVE ( 'NONE', #6578, #8260, #6170, .T. ) ;
#319 = CARTESIAN_POINT ( 'NONE',  ( 0.08949396940559420366, 0.05010757410786770283, 0.09815937791457569894 ) ) ;
#320 = CARTESIAN_POINT ( 'NONE',  ( 0.06697366731991730160, 0.04111423774852270008, 0.04757764840206659546 ) ) ;
#321 = EDGE_LOOP ( 'NONE', ( #8424, #201, #4325, #3490 ) ) ;
#322 = ORIENTED_EDGE ( 'NONE', *, *, #1593, .F. ) ;
#323 = EDGE_CURVE ( 'NONE', #5246, #1826, #3953, .T. ) ;
#324 = AXIS2_PLACEMENT_3D ( 'NONE', #3179, #9169, #693 ) ;
#325 = CARTESIAN_POINT ( 'NONE',  ( 0.08589795735909103169, 0.04157227044279422634, 0.1193867448010459131 ) ) ;
#326 = CARTESIAN_POINT ( 'NONE',  ( -0.006667738396472520056, 0.05200000073015689783, 0.06120369084834732104 ) ) ;
#327 = CARTESIAN_POINT ( 'NONE',  ( 0.07808542300706651507, 0.04011163373369357882, 0.1309734067981903616 ) ) ;
#328 = AXIS2_PLACEMENT_3D ( 'NONE', #3408, #1990, #4861 ) ;
#329 = EDGE_CURVE ( 'NONE', #5991, #1175, #1991, .T. ) ;
#330 = LINE ( 'NONE', #8343, #2888 ) ;
#331 = ORIENTED_EDGE ( 'NONE', *, *, #8273, .T. ) ;
#332 = EDGE_LOOP ( 'NONE', ( #9319, #4516, #7680 ) ) ;
#333 = CYLINDRICAL_SURFACE ( 'NONE', #3653, 0.04500000000000001915 ) ;
#334 = AXIS2_PLACEMENT_3D ( 'NONE', #2037, #1426, #6461 ) ;
#335 = PLANE ( 'NONE',  #1372 ) ;
#336 = ORIENTED_EDGE ( 'NONE', *, *, #3956, .F. ) ;
#337 = VECTOR ( 'NONE', #1315, 1.000000000000000000 ) ;
#338 = TOROIDAL_SURFACE ( 'NONE', #2303, 0.05299999999999999850, 0.004000000000000000083 ) ;
#339 = CARTESIAN_POINT ( 'NONE',  ( 0.08554097619383867201, 0.04767416085603698450, 0.09750446605041389325 ) ) ;
#340 = EDGE_CURVE ( 'NONE', #3296, #2958, #685, .T. ) ;
#341 = EDGE_CURVE ( 'NONE', #9296, #8670, #8325, .T. ) ;
#342 = DIRECTION ( 'NONE',  ( 5.979188663871559846E-17, 1.000000000000000000, -7.523851983841548700E-18 ) ) ;
#343 = LOCAL_TIME ( 12, 20, 46.00000000000000000, #6579 ) ;
#344 = DIRECTION ( 'NONE',  ( 8.046638469161818835E-17, 1.000000000000000000, -7.405134956585150092E-18 ) ) ;
#345 = CARTESIAN_POINT ( 'NONE',  ( 0.06562585803202893031, 0.04444731877607147053, 0.04976906325345002713 ) ) ;
#346 = CARTESIAN_POINT ( 'NONE',  ( 0.004582405100824055166, 0.04950000073015689561, 0.04309810570246520867 ) ) ;
#347 = AXIS2_PLACEMENT_3D ( 'NONE', #9140, #4140, #3438 ) ;
#348 = VERTEX_POINT ( 'NONE', #8342 ) ;
#349 = DIRECTION ( 'NONE',  ( -0.005742101684087365203, 0.000000000000000000, 0.9999835139982307108 ) ) ;
#350 = B_SPLINE_CURVE_WITH_KNOTS ( 'NONE', 3,
 ( #1441, #5716, #3557, #8461, #2008, #4875, #2764, #2192, #8551, #4311, #5069, #7752, #2143, #596, #5633, #8647, #3599, #5677, #7136, #2092, #1254, #4967, #7890, #1300, #2054, #6429, #9221, #1344, #3467, #9265, #7182, #4921, #4129, #4168, #7040, #8508, #6339, #9310, #6386, #2852, #7839, #5020, #739, #7792, #4215, #7088, #649, #6996, #3422, #6475, #3517, #1393, #16, #2897, #2810, #2710, #5768, #549, #4263, #6288, #5587, #2337, #5855, #1626, #3126, #8120 ),
 .UNSPECIFIED., .F., .F.,
 ( 4, 2, 2, 1, 1, 1, 1, 2, 2, 2, 2, 2, 2, 2, 2, 1, 1, 1, 2, 2, 2, 2, 2, 1, 1, 1, 1, 2, 2, 2, 2, 2, 2, 2, 1, 1, 1, 2, 2, 4 ),
 ( 0.000000000000000000, 0.06249999999993949285, 0.09374999999990923927, 0.1093749999998940847, 0.1171874999998865075, 0.1210937499998826772, 0.1230468749998807482, 0.1240234374998787775, 0.1249999999998768069, 0.1874999999996589950, 0.2187499999995507760, 0.2499999999994425570, 0.3124999999992247313, 0.3437499999991169286, 0.3593749999990631383, 0.3671874999990358823, 0.3710937499990206168, 0.3730468749990133448, 0.3740234374990115129, 0.3749999999990096811, 0.4999999999990798472, 0.5624999999991149302, 0.5937499999991338040, 0.6093749999991432409, 0.6171874999991467936, 0.6210937499991483479, 0.6230468749991493471, 0.6240234374991496802, 0.6249999999991499022, 0.6874999999992740252, 0.7499999999993981481, 0.8124999999995222710, 0.8437499999995849986, 0.8593749999996170841, 0.8671874999996338484, 0.8710937499996430633, 0.8730468749996492805, 0.8740234374996521671, 0.8749999999996549427, 1.000000000000000000 ),
 .UNSPECIFIED. ) ;
#351 = CARTESIAN_POINT ( 'NONE',  ( 0.08438204768772629427, 0.04299411771161269769, 0.1152359226010749998 ) ) ;
#352 = CARTESIAN_POINT ( 'NONE',  ( 0.004348791314825419495, 0.04010757410786770089, 0.03904814902549119671 ) ) ;
#353 = CARTESIAN_POINT ( 'NONE',  ( 0.07823321993357139348, 0.04950000073015969893, 0.1252439039092460016 ) ) ;
#354 = B_SPLINE_CURVE_WITH_KNOTS ( 'NONE', 3,
 ( #5581, #5763, #1389, #7178, #7788, #7932, #689, #7036, #2804, #2004, #7221, #2186, #8642, #591, #3647, #1481, #8546, #1340, #7748, #645, #4353, #8591, #3553, #778, #1295, #3463, #6334, #4164, #4962, #10, #7833, #2847, #5016, #9215, #2706, #5629 ),
 .UNSPECIFIED., .F., .F.,
 ( 4, 2, 2, 2, 2, 2, 1, 1, 1, 2, 2, 2, 2, 1, 1, 1, 1, 1, 2, 2, 2, 4 ),
 ( 0.000000000000000000, 0.1249999999999254763, 0.2499999999998509526, 0.3749999999997764011, 0.4374999999997391531, 0.4687499999997208344, 0.4843749999997113420, 0.4921874999997062350, 0.4960937499997036815, 0.4980468749997025713, 0.4999999999997014610, 0.6249999999996624922, 0.6874999999996429523, 0.7187499999996321831, 0.7343749999996268540, 0.7421874999996241895, 0.7460937499996221911, 0.7480468749996225242, 0.7490234374996237454, 0.7499999999996248556, 0.8749999999998124833, 1.000000000000000000 ),
 .UNSPECIFIED. ) ;
#355 = CARTESIAN_POINT ( 'NONE',  ( 0.05200035710772760167, 0.06510757410786770227, 0.09794408223089250132 ) ) ;
#356 = EDGE_CURVE ( 'NONE', #5175, #8629, #228, .T. ) ;
#357 = CARTESIAN_POINT ( 'NONE',  ( 0.06459241030715709431, 0.05200030506630220345, 0.04977320039375485172 ) ) ;
#358 = ORIENTED_EDGE ( 'NONE', *, *, #8149, .F. ) ;
#359 = DIRECTION ( 'NONE',  ( 0.005742101684089277736, 0.000000000000000000, -0.9999835139982307108 ) ) ;
#360 = CARTESIAN_POINT ( 'NONE',  ( 0.07754898379913260920, 0.04788844319955368883, 0.1260191396430939970 ) ) ;
#361 = CARTESIAN_POINT ( 'NONE',  ( 0.01221902535149129929, 0.04010757410786770089, 0.07732397480063270268 ) ) ;
#362 = ORIENTED_EDGE ( 'NONE', *, *, #5296, .F. ) ;
#363 = CARTESIAN_POINT ( 'NONE',  ( -0.002342984459289060122, 0.05158771896240769983, 0.1178502900434589967 ) ) ;
#364 = CARTESIAN_POINT ( 'NONE',  ( 0.07484658223652500275, 0.04722120145040190065, 0.1287915011415200206 ) ) ;
#365 = DIRECTION ( 'NONE',  ( 0.005742101684089277736, 0.000000000000000000, -0.9999835139982307108 ) ) ;
#366 = CARTESIAN_POINT ( 'NONE',  ( -0.001930876248741120139, 0.05240411313970519402, 0.06720605617874829407 ) ) ;
#367 = CARTESIAN_POINT ( 'NONE',  ( 0.06454068166568219245, 0.04013735275879549980, 0.04663539551299640540 ) ) ;
#368 = CARTESIAN_POINT ( 'NONE',  ( 0.008642365758537948542, 0.04874435638585238040, 0.05523027021189380603 ) ) ;
#369 = ORIENTED_EDGE ( 'NONE', *, *, #2821, .T. ) ;
#370 = DIRECTION ( 'NONE',  ( -0.9999835139982308219, 5.974769818641949464E-17, -0.005742101684089149366 ) ) ;
#371 = CARTESIAN_POINT ( 'NONE',  ( -0.02303575497924729987, 0.05200000073015689783, 0.02297731109154680165 ) ) ;
#372 = CYLINDRICAL_SURFACE ( 'NONE', #641, 0.005000000000000004441 ) ;
#373 = CARTESIAN_POINT ( 'NONE',  ( 0.08491656652022309959, 0.04490016048033149132, 0.06614320774106936807 ) ) ;
#374 = VERTEX_POINT ( 'NONE', #8947 ) ;
#375 = ORIENTED_EDGE ( 'NONE', *, *, #238, .F. ) ;
#376 = EDGE_CURVE ( 'NONE', #303, #3433, #7868, .T. ) ;
#377 = CARTESIAN_POINT ( 'NONE',  ( 0.08530655505315573595, 0.04290321098416984003, 0.1203545939345535276 ) ) ;
#378 = EDGE_CURVE ( 'NONE', #4860, #735, #4847, .T. ) ;
#379 = B_SPLINE_CURVE_WITH_KNOTS ( 'NONE', 3,
 ( #8176, #7506, #5222, #5999, #5958, #2300, #2387, #265, #1636, #4507, #1682, #7379, #928, #3137, #5352, #3805 ),
 .UNSPECIFIED., .F., .F.,
 ( 4, 2, 1, 2, 2, 1, 2, 2, 4 ),
 ( 0.5964422475296634607, 0.7982211237648795255, 0.8234434832942792992, 0.8265962782354522309, 0.8297490731766252736, 0.8360546630589711370, 0.8486658428236655283, 0.8991105618824437595, 1.000000000000000000 ),
 .UNSPECIFIED. ) ;
#380 = DIRECTION ( 'NONE',  ( 0.7010108883734651464, 0.1310246636425640432, 0.7010108928534550810 ) ) ;
#381 =( BOUNDED_CURVE ( )  B_SPLINE_CURVE ( 3, ( #5112, #4176, #4091, #3597 ),
 .UNSPECIFIED., .F., .F. ) 
 B_SPLINE_CURVE_WITH_KNOTS ( ( 4, 4 ),
 ( 3.115239437020739910, 3.155646990343105251 ),
 .UNSPECIFIED. ) 
 CURVE ( )  GEOMETRIC_REPRESENTATION_ITEM ( )  RATIONAL_B_SPLINE_CURVE ( ( 1.000000000000000000, 0.9998639404311784329, 0.9998639404311784329, 1.000000000000000000 ) ) 
 REPRESENTATION_ITEM ( '' )  );
#382 = CARTESIAN_POINT ( 'NONE',  ( 0.01759239028068269872, 0.04010757410786770089, 0.04522068024152479937 ) ) ;
#383 = EDGE_CURVE ( 'NONE', #7358, #816, #4945, .T. ) ;
#384 = CARTESIAN_POINT ( 'NONE',  ( 0.08554459692556494466, 0.05261694352653754903, 0.09747301430987080628 ) ) ;
#385 = VERTEX_POINT ( 'NONE', #6067 ) ;
#386 = EDGE_LOOP ( 'NONE', ( #5742, #747 ) ) ;
#387 = CYLINDRICAL_SURFACE ( 'NONE', #4247, 0.003000000000000003098 ) ;
#388 = AXIS2_PLACEMENT_3D ( 'NONE', #5021, #8553, #4924 ) ;
#389 = CARTESIAN_POINT ( 'NONE',  ( 0.005258549669451259567, 0.07410757410786771027, 0.08767551673209487972 ) ) ;
#390 = EDGE_LOOP ( 'NONE', ( #3977, #7110, #2506, #322 ) ) ;
#391 = CARTESIAN_POINT ( 'NONE',  ( 0.01665089775494670021, 0.04148845647256249602, 0.1365888559821999970 ) ) ;
#392 = CIRCLE ( 'NONE', #2351, 0.001299999999999997555 ) ;
#393 = DIRECTION ( 'NONE',  ( 0.005742101684089277736, 0.000000000000000000, -0.9999835139982307108 ) ) ;
#394 = CARTESIAN_POINT ( 'NONE',  ( 0.08536224721432880691, 0.04510757410786769839, 0.1209223898169300010 ) ) ;
#395 = DIRECTION ( 'NONE',  ( 0.3915347730349507671, 0.6902684899626361226, -0.6084652276582217523 ) ) ;
#396 = DIRECTION ( 'NONE',  ( 3.353915237470515186E-17, 1.000000000000000000, 1.842910693930310185E-17 ) ) ;
#397 = ORIENTED_EDGE ( 'NONE', *, *, #1304, .F. ) ;
#398 = CARTESIAN_POINT ( 'NONE',  ( 0.08441249574051640225, 0.05200000073015689783, 0.1341147740059679960 ) ) ;
#399 = DIRECTION ( 'NONE',  ( -0.7071067834460210699, -4.838821390337322990E-15, 0.7071067789270740755 ) ) ;
#400 = CARTESIAN_POINT ( 'NONE',  ( 0.008638107415467426858, 0.04818718669780573671, 0.05589380181494013611 ) ) ;
#401 = CARTESIAN_POINT ( 'NONE',  ( 0.03052696270929830188, 0.04510757410786769839, 0.1267430946249769874 ) ) ;
#402 = CARTESIAN_POINT ( 'NONE',  ( 0.007190836033904163260, 0.04736486025387939836, 0.1285580482919265466 ) ) ;
#403 = LINE ( 'NONE', #500, #1367 ) ;
#404 = CARTESIAN_POINT ( 'NONE',  ( 0.06552522820646874968, 0.04990270080178522971, 0.1363525272118690790 ) ) ;
#405 = ORIENTED_EDGE ( 'NONE', *, *, #9077, .T. ) ;
#406 = CARTESIAN_POINT ( 'NONE',  ( -0.002576330323819619929, 0.05194413682607119942, 0.1157409842042019937 ) ) ;
#407 = EDGE_CURVE ( 'NONE', #7392, #6352, #3343, .T. ) ;
#408 = CARTESIAN_POINT ( 'NONE',  ( -0.01026927645622480005, 0.04760757410786779775, 0.1300626742466469976 ) ) ;
#409 = LINE ( 'NONE', #9024, #759 ) ;
#410 = CARTESIAN_POINT ( 'NONE',  ( -0.003737681996111459886, 0.05058444957561490651, 0.06490280126828469609 ) ) ;
#411 = CARTESIAN_POINT ( 'NONE',  ( 0.01749067574940220068, 0.05089885726130580212, 0.1360080992451130066 ) ) ;
#412 = CARTESIAN_POINT ( 'NONE',  ( 0.09266198255012318696, 0.04871058195480561237, 0.1320374819521298870 ) ) ;
#413 = ORIENTED_EDGE ( 'NONE', *, *, #6269, .F. ) ;
#414 = DIRECTION ( 'NONE',  ( -9.132308177296819818E-17, -1.000000000000000000, 7.342793670232118896E-18 ) ) ;
#415 = CARTESIAN_POINT ( 'NONE',  ( 0.001303556443773110042, 0.04950000073015689561, 0.1445193701877209858 ) ) ;
#416 = CARTESIAN_POINT ( 'NONE',  ( 0.08328178102786455705, 0.04050810331606034820, 0.1223774575344001581 ) ) ;
#417 = CARTESIAN_POINT ( 'NONE',  ( 0.1177175953563710104, 0.04223434633125560528, 0.1716625145353440074 ) ) ;
#418 = ORIENTED_EDGE ( 'NONE', *, *, #3694, .F. ) ;
#419 = ORIENTED_EDGE ( 'NONE', *, *, #7047, .T. ) ;
#420 = DIRECTION ( 'NONE',  ( -0.1793001811598410600, 0.000000000000000000, 0.9837944119764292505 ) ) ;
#421 = DIRECTION ( 'NONE',  ( -0.7111554028619839762, 0.000000000000000000, 0.7030348447838196124 ) ) ;
#422 = CARTESIAN_POINT ( 'NONE',  ( 0.07866257930247574914, 0.04010946802755344098, 0.1304842856134476314 ) ) ;
#423 = CARTESIAN_POINT ( 'NONE',  ( -0.005824130485128469793, 0.04037124799189970026, 0.1172768546448549887 ) ) ;
#424 = ORIENTED_EDGE ( 'NONE', *, *, #7361, .F. ) ;
#425 = ORIENTED_EDGE ( 'NONE', *, *, #2338, .T. ) ;
#426 = CARTESIAN_POINT ( 'NONE',  ( -0.003797076480283316513, 0.04260845195773686755, 0.06553693613580374722 ) ) ;
#427 = CARTESIAN_POINT ( 'NONE',  ( 0.08422875168841748028, 0.04450072688941942439, 0.06827981492156939836 ) ) ;
#428 = ORIENTED_EDGE ( 'NONE', *, *, #2411, .F. ) ;
#429 = CARTESIAN_POINT ( 'NONE',  ( 0.08554845382098973106, 0.04873859475504172672, 0.08832772678662011157 ) ) ;
#430 = PLANE ( 'NONE',  #8270 ) ;
#431 = CARTESIAN_POINT ( 'NONE',  ( 0.08675602277267530082, 0.04053754202716920024, 0.1182360140018200029 ) ) ;
#432 = CARTESIAN_POINT ( 'NONE',  ( 0.08599979658366740942, 0.04110757410786770177, 0.09813931368815159706 ) ) ;
#433 = CARTESIAN_POINT ( 'NONE',  ( 0.07337427825696807293, 0.04768160343677406432, 0.1294678199649709205 ) ) ;
#434 = EDGE_CURVE ( 'NONE', #7749, #8885, #7895, .T. ) ;
#435 = ORIENTED_EDGE ( 'NONE', *, *, #4773, .T. ) ;
#436 = CARTESIAN_POINT ( 'NONE',  ( -0.006594994840249539941, 0.04010757410786770089, 0.06911655624034659939 ) ) ;
#437 = EDGE_CURVE ( 'NONE', #5239, #8764, #7625, .T. ) ;
#438 = DIRECTION ( 'NONE',  ( -0.005742101684087874344, 0.000000000000000000, 0.9999835139982305998 ) ) ;
#439 = CARTESIAN_POINT ( 'NONE',  ( -0.003514613803846009920, 0.05200000073015659946, 0.06474396211351869657 ) ) ;
#440 = CARTESIAN_POINT ( 'NONE',  ( -0.003174602392630150073, 0.04950000073015689561, 0.06193034695813440238 ) ) ;
#441 = CARTESIAN_POINT ( 'NONE',  ( 0.04077925308366800450, 0.04010757410786770089, 0.09287956601695539216 ) ) ;
#442 = CARTESIAN_POINT ( 'NONE',  ( 0.002112336620557649786, 0.04010757410786770089, 0.05376601885954650217 ) ) ;
#443 = CARTESIAN_POINT ( 'NONE',  ( -0.004842400319498127784, 0.04048061918242869955, 0.1167523474573579773 ) ) ;
#444 = CARTESIAN_POINT ( 'NONE',  ( 0.08241117038778174309, 0.04209270483186813155, 0.06511306996286397863 ) ) ;
#445 = CYLINDRICAL_SURFACE ( 'NONE', #3243, 0.004999999999999996635 ) ;
#446 = EDGE_LOOP ( 'NONE', ( #5185, #6806, #2549, #3689 ) ) ;
#447 = VECTOR ( 'NONE', #3725, 1.000000000000000000 ) ;
#448 = CARTESIAN_POINT ( 'NONE',  ( -0.002882177088796270339, 0.04419829269499850333, 0.1151288528390620042 ) ) ;
#449 = DIRECTION ( 'NONE',  ( -5.979188663871559846E-17, -1.000000000000000000, 7.523851983841548700E-18 ) ) ;
#450 = CARTESIAN_POINT ( 'NONE',  ( 0.01075983256450541159, 0.04020948574333428616, 0.1359036229595371736 ) ) ;
#451 = EDGE_CURVE ( 'NONE', #8777, #3252, #6205, .T. ) ;
#452 = CARTESIAN_POINT ( 'NONE',  ( 0.01747485460524829740, 0.04985783708471699938, 0.1359995955480909902 ) ) ;
#453 = CARTESIAN_POINT ( 'NONE',  ( 0.008590050686043862460, 0.04862956370285607260, 0.05527501422903090961 ) ) ;
#454 = AXIS2_PLACEMENT_3D ( 'NONE', #9335, #4433, #420 ) ;
#455 = EDGE_CURVE ( 'NONE', #6532, #631, #4048, .T. ) ;
#456 = ORIENTED_EDGE ( 'NONE', *, *, #3023, .F. ) ;
#457 = CARTESIAN_POINT ( 'NONE',  ( 0.003837551131053704590, 0.04750358731504152054, 0.1463614382433857664 ) ) ;
#458 = EDGE_CURVE ( 'NONE', #2783, #3542, #7856, .T. ) ;
#459 = CARTESIAN_POINT ( 'NONE',  ( -0.01338113978126845120, 0.04187055130531711772, 0.05693999159177203645 ) ) ;
#460 = LINE ( 'NONE', #272, #7545 ) ;
#461 = CYLINDRICAL_SURFACE ( 'NONE', #5053, 0.005500000000000004018 ) ;
#462 = EDGE_LOOP ( 'NONE', ( #2064, #5111, #9173, #1989 ) ) ;
#463 = VERTEX_POINT ( 'NONE', #5552 ) ;
#464 = B_SPLINE_CURVE_WITH_KNOTS ( 'NONE', 3,
 ( #4020, #1851, #3267, #6226, #7458 ),
 .UNSPECIFIED., .F., .F.,
 ( 4, 1, 4 ),
 ( 0.000000000000000000, 0.4285714285714290472, 1.000000000000000000 ),
 .UNSPECIFIED. ) ;
#465 = DIRECTION ( 'NONE',  ( 0.000000000000000000, 0.000000000000000000, -1.000000000000000000 ) ) ;
#466 = AXIS2_PLACEMENT_3D ( 'NONE', #305, #2428, #262 ) ;
#467 = FACE_OUTER_BOUND ( 'NONE', #283, .T. ) ;
#468 = CARTESIAN_POINT ( 'NONE',  ( 0.07859825519410916506, 0.04011008479745109545, 0.1305196538010022778 ) ) ;
#469 = DATE_AND_TIME ( #5464, #2755 ) ;
#470 = AXIS2_PLACEMENT_3D ( 'NONE', #8416, #6238, #1770 ) ;
#471 = CARTESIAN_POINT ( 'NONE',  ( 0.08556762553157305773, 0.05296464864481793128, 0.09723872326663314525 ) ) ;
#472 = VERTEX_POINT ( 'NONE', #4845 ) ;
#474 = ORIENTED_EDGE ( 'NONE', *, *, #2124, .F. ) ;
#473 = VECTOR ( 'NONE', #5108, 1.000000000000000000 ) ;
#475 = CARTESIAN_POINT ( 'NONE',  ( 0.06875601783233860342, 0.05058444957561570449, 0.04836263093717610428 ) ) ;
#476 = CARTESIAN_POINT ( 'NONE',  ( 0.05060115105452499956, 0.04510757410786769839, 0.1271734868748460034 ) ) ;
#477 = ORIENTED_EDGE ( 'NONE', *, *, #8554, .F. ) ;
#478 = CARTESIAN_POINT ( 'NONE',  ( 0.08555569253461089985, 0.04850049995737158726, 0.08839930148840623170 ) ) ;
#479 = VECTOR ( 'NONE', #2389, 1.000000000000000000 ) ;
#480 = CARTESIAN_POINT ( 'NONE',  ( 0.09498460652440601781, 0.04177818828573233445, 0.1287513285086240022 ) ) ;
#481 = CARTESIAN_POINT ( 'NONE',  ( 0.08499356814397800164, 0.04455199359470779497, 0.1205537107442229972 ) ) ;
#482 = CARTESIAN_POINT ( 'NONE',  ( 0.01052241514073270004, 0.04010757410786770089, 0.04875730680808269824 ) ) ;
#483 = VECTOR ( 'NONE', #4234, 1.000000000000000000 ) ;
#484 = DIRECTION ( 'NONE',  ( 0.005742101684089325440, 0.000000000000000000, -0.9999835139982305998 ) ) ;
#485 =( BOUNDED_CURVE ( )  B_SPLINE_CURVE ( 3, ( #4267, #2716, #3519, #1305 ),
 .UNSPECIFIED., .F., .F. ) 
 B_SPLINE_CURVE_WITH_KNOTS ( ( 4, 4 ),
 ( 0.9178117037743530604, 1.315734896670749832 ),
 .UNSPECIFIED. ) 
 CURVE ( )  GEOMETRIC_REPRESENTATION_ITEM ( )  RATIONAL_B_SPLINE_CURVE ( ( 1.000000000000000000, 0.9868482322326015410, 0.9868482322326015410, 1.000000000000000000 ) ) 
 REPRESENTATION_ITEM ( '' )  );
#486 = ORIENTED_EDGE ( 'NONE', *, *, #4485, .F. ) ;
#487 = CARTESIAN_POINT ( 'NONE',  ( 0.07754993538927576480, 0.04846869248887260978, 0.1252677836353546792 ) ) ;
#488 = VECTOR ( 'NONE', #5165, 1.000000000000000000 ) ;
#489 = DIRECTION ( 'NONE',  ( -5.979188663871559846E-17, -1.000000000000000000, 7.523851983841539456E-18 ) ) ;
#490 = CARTESIAN_POINT ( 'NONE',  ( 0.004717870124362006680, 0.04011303513642872770, 0.1307433738260849188 ) ) ;
#491 = EDGE_CURVE ( 'NONE', #6251, #6687, #9281, .T. ) ;
#492 = EDGE_CURVE ( 'NONE', #7370, #7749, #3482, .T. ) ;
#493 = CARTESIAN_POINT ( 'NONE',  ( 0.001655944353398268237, 0.03610757410786769733, 0.1332464544538629891 ) ) ;
#494 = AXIS2_PLACEMENT_3D ( 'NONE', #8333, #6147, #1171 ) ;
#495 = CARTESIAN_POINT ( 'NONE',  ( 0.008842939519719270405, 0.05032954500249260665, 0.1300423414238750242 ) ) ;
#496 = CARTESIAN_POINT ( 'NONE',  ( 0.003473083160272628575, 0.04011163373369359270, 0.05478572523571586389 ) ) ;
#497 = CARTESIAN_POINT ( 'NONE',  ( 0.07350071179818550016, 0.04845669346842523123, 0.05573704778290890227 ) ) ;
#498 = EDGE_CURVE ( 'NONE', #4379, #2333, #5602, .T. ) ;
#499 = CONICAL_SURFACE ( 'NONE', #7719, 0.003149999999999997420, 0.7853981633974476129 ) ;
#500 = CARTESIAN_POINT ( 'NONE',  ( 0.1192842563166749970, 0.03926020900462520030, 0.01621916902785720122 ) ) ;
#501 = CARTESIAN_POINT ( 'NONE',  ( 0.07826723919927129625, 0.04010757410786770089, 0.05471019482752750157 ) ) ;
#502 = VERTEX_POINT ( 'NONE', #8429 ) ;
#503 = FACE_OUTER_BOUND ( 'NONE', #5115, .T. ) ;
#504 = LINE ( 'NONE', #2616, #7541 ) ;
#505 = CARTESIAN_POINT ( 'NONE',  ( -0.002294672476195580135, 0.05194254130748710008, 0.06949121651091409724 ) ) ;
#506 = CARTESIAN_POINT ( 'NONE',  ( 0.06293068413766929325, 0.04412404529732330549, 0.04917231763129659844 ) ) ;
#507 = DIRECTION ( 'NONE',  ( -0.004060279039082150682, 0.7071067811865479058, 0.7070951238229014058 ) ) ;
#508 = APPROVAL ( #2584, 'UNSPECIFIED' ) ;
#509 = VERTEX_POINT ( 'NONE', #9236 ) ;
#510 = DIRECTION ( 'NONE',  ( 0.6902684877569650324, 0.2169304578186495025, 0.6902684921683039931 ) ) ;
#511 = CARTESIAN_POINT ( 'NONE',  ( -0.003803741046992940161, 0.04510757410786769839, 0.06483674221698100537 ) ) ;
#512 = CARTESIAN_POINT ( 'NONE',  ( -0.003282735652107500110, 0.04410757410786769750, 0.1143164769102810036 ) ) ;
#513 = DIRECTION ( 'NONE',  ( -0.7010108928534550810, 0.1310246636425640432, 0.7010108883734651464 ) ) ;
#514 = ORIENTED_EDGE ( 'NONE', *, *, #6012, .T. ) ;
#515 = ORIENTED_EDGE ( 'NONE', *, *, #6271, .F. ) ;
#516 = B_SPLINE_CURVE_WITH_KNOTS ( 'NONE', 3,
 ( #73, #8469, #3471, #1306, #4173 ),
 .UNSPECIFIED., .F., .F.,
 ( 4, 1, 4 ),
 ( 0.000000000000000000, 0.4285714285714290472, 1.000000000000000000 ),
 .UNSPECIFIED. ) ;
#517 = CARTESIAN_POINT ( 'NONE',  ( 0.05455773690956400301, 0.06690757410786771220, 0.08795860234512049847 ) ) ;
#518 = AXIS2_PLACEMENT_3D ( 'NONE', #6077, #4534, #4622 ) ;
#519 = CARTESIAN_POINT ( 'NONE',  ( 0.05027510273248229911, 0.04010757410786770089, 0.08504784961973550772 ) ) ;
#520 = CARTESIAN_POINT ( 'NONE',  ( 0.001946164832367942377, 0.04950000073015689561, 0.05922708113174933453 ) ) ;
#521 = CYLINDRICAL_SURFACE ( 'NONE', #7703, 0.008000000000000003636 ) ;
#522 = ORIENTED_EDGE ( 'NONE', *, *, #7854, .T. ) ;
#523 = VERTEX_POINT ( 'NONE', #8613 ) ;
#524 = CARTESIAN_POINT ( 'NONE',  ( 0.06878677442017419597, 0.05130737842113169966, 0.04845876638377129980 ) ) ;
#525 = EDGE_CURVE ( 'NONE', #768, #1402, #1265, .T. ) ;
#526 = DIRECTION ( 'NONE',  ( -0.7071067789270725212, -7.460698725481044773E-16, -0.7071067834460225132 ) ) ;
#527 = ORIENTED_EDGE ( 'NONE', *, *, #8727, .F. ) ;
#528 = CARTESIAN_POINT ( 'NONE',  ( 0.003074641153369194434, 0.04011867093073464424, 0.05677708268793212748 ) ) ;
#529 = CARTESIAN_POINT ( 'NONE',  ( 0.06404033526040228685, 0.04430011622139629068, 0.1362492018989596154 ) ) ;
#530 = CARTESIAN_POINT ( 'NONE',  ( 0.01906123509881689840, 0.04990270069763820537, 0.04895545310832979946 ) ) ;
#531 = DIRECTION ( 'NONE',  ( 5.979188663871559846E-17, 1.000000000000000000, -7.523851983841539456E-18 ) ) ;
#532 = CARTESIAN_POINT ( 'NONE',  ( 0.06524171756440699799, 0.04355540621191789780, 0.04989231617227279925 ) ) ;
#533 = ORIENTED_EDGE ( 'NONE', *, *, #4666, .T. ) ;
#534 = DIRECTION ( 'NONE',  ( 0.005742101684089259521, -7.867059038567468492E-18, -0.9999835139982308219 ) ) ;
#535 = DIRECTION ( 'NONE',  ( 1.000000000000000000, 4.435302852919729914E-35, -2.456245629701674129E-16 ) ) ;
#536 = CIRCLE ( 'NONE', #5795, 0.04950000000000001621 ) ;
#537 = CARTESIAN_POINT ( 'NONE',  ( 0.07961234133496798704, 0.04950000073015689561, 0.1265320509021617412 ) ) ;
#538 = CARTESIAN_POINT ( 'NONE',  ( 0.06454226286027689441, 0.04010757410786770089, 0.04550531809303810099 ) ) ;
#539 = LINE ( 'NONE', #7743, #9052 ) ;
#540 = CARTESIAN_POINT ( 'NONE',  ( 0.006501107220808060097, 0.07410757410786771027, 0.09768281660426650359 ) ) ;
#541 = CARTESIAN_POINT ( 'NONE',  ( -0.01225777081291615569, 0.05164547145561199787, 0.1304581537826559334 ) ) ;
#542 =( BOUNDED_CURVE ( )  B_SPLINE_CURVE ( 3, ( #3316, #6183, #5489, #8366 ),
 .UNSPECIFIED., .F., .F. ) 
 B_SPLINE_CURVE_WITH_KNOTS ( ( 4, 4 ),
 ( 4.712388980384679904, 4.969219391341770375 ),
 .UNSPECIFIED. ) 
 CURVE ( )  GEOMETRIC_REPRESENTATION_ITEM ( )  RATIONAL_B_SPLINE_CURVE ( ( 1.000000000000000000, 0.9945107279451287363, 0.9945107279451287363, 1.000000000000000000 ) ) 
 REPRESENTATION_ITEM ( '' )  );
#543 = VECTOR ( 'NONE', #1015, 1.000000000000000000 ) ;
#544 = CARTESIAN_POINT ( 'NONE',  ( 0.07767519421146611147, 0.04805487387605483079, 0.1258786497712727492 ) ) ;
#545 = DIRECTION ( 'NONE',  ( 0.7071067834460210699, -4.618527782440651366E-16, -0.7071067789270740755 ) ) ;
#546 = VERTEX_POINT ( 'NONE', #1970 ) ;
#547 = EDGE_LOOP ( 'NONE', ( #3407, #4248, #1089, #369 ) ) ;
#548 = CARTESIAN_POINT ( 'NONE',  ( -0.002619494352634839721, 0.04990270069763820537, 0.1156601216763169931 ) ) ;
#549 = CARTESIAN_POINT ( 'NONE',  ( 0.08953765476297761983, 0.05211359103554602523, 0.09773973028900678761 ) ) ;
#550 = CARTESIAN_POINT ( 'NONE',  ( 0.07728210862913799384, 0.04016257840393128858, 0.05607180501481500573 ) ) ;
#551 = EDGE_CURVE ( 'NONE', #78, #4456, #2951, .T. ) ;
#552 = B_SPLINE_CURVE_WITH_KNOTS ( 'NONE', 3,
 ( #2644, #8352, #529, #3402, #6268 ),
 .UNSPECIFIED., .F., .F.,
 ( 4, 1, 4 ),
 ( 0.4999881816811939106, 0.7142857142858486386, 1.000000000000000000 ),
 .UNSPECIFIED. ) ;
#553 = CARTESIAN_POINT ( 'NONE',  ( 0.01852996626156179841, 0.04419829269499839924, 0.04921813584449120232 ) ) ;
#554 = CARTESIAN_POINT ( 'NONE',  ( 0.07833716848076015260, 0.04993491757341234072, 0.06140889727565183864 ) ) ;
#555 = ORIENTED_EDGE ( 'NONE', *, *, #1320, .F. ) ;
#556 = CARTESIAN_POINT ( 'NONE',  ( 0.002462593422894069923, 0.05200000073015689783, 0.1453851237460229984 ) ) ;
#557 = CARTESIAN_POINT ( 'NONE',  ( 0.07991088786138178524, 0.04010757410786770089, 0.05106270148474847947 ) ) ;
#558 = CARTESIAN_POINT ( 'NONE',  ( 0.003505479384172134789, 0.04880183546238666542, 0.06030787567535429716 ) ) ;
#559 = LINE ( 'NONE', #9177, #6854 ) ;
#560 = ORIENTED_EDGE ( 'NONE', *, *, #203, .F. ) ;
#561 = ORIENTED_EDGE ( 'NONE', *, *, #1993, .T. ) ;
#562 = EDGE_CURVE ( 'NONE', #3910, #5606, #8015, .T. ) ;
#563 = ADVANCED_FACE ( 'NONE', ( #7013 ), #6356, .T. ) ;
#564 = CARTESIAN_POINT ( 'NONE',  ( 0.01310284551002172115, 0.04232444369894232394, 0.05133773719386265644 ) ) ;
#565 = DIRECTION ( 'NONE',  ( 5.979188663871559846E-17, 1.000000000000000000, -7.523851983841548700E-18 ) ) ;
#566 = CARTESIAN_POINT ( 'NONE',  ( 0.09166702557836589604, 0.04432088081784599926, 0.1498545852915320054 ) ) ;
#567 = DIRECTION ( 'NONE',  ( -2.551063935259999644E-16, 0.000000000000000000, -1.000000000000000000 ) ) ;
#568 = ORIENTED_EDGE ( 'NONE', *, *, #3911, .T. ) ;
#569 = ORIENTED_EDGE ( 'NONE', *, *, #7343, .T. ) ;
#570 = CARTESIAN_POINT ( 'NONE',  ( 0.07807995123463355724, 0.04888038836904354256, 0.1254204279061934268 ) ) ;
#571 = DIRECTION ( 'NONE',  ( 0.5000000015976904244, -0.7071067811865477948, -0.4999999984023090205 ) ) ;
#572 = VERTEX_POINT ( 'NONE', #3388 ) ;
#573 = CARTESIAN_POINT ( 'NONE',  ( 0.003651189372154093563, 0.04014719265766338030, 0.05656180679938360018 ) ) ;
#574 = EDGE_CURVE ( 'NONE', #6404, #1508, #613, .T. ) ;
#575 = CYLINDRICAL_SURFACE ( 'NONE', #8182, 0.001700000000000003808 ) ;
#576 = ADVANCED_FACE ( 'NONE', ( #4230 ), #2023, .F. ) ;
#577 = DIRECTION ( 'NONE',  ( 0.000000000000000000, 0.000000000000000000, 1.000000000000000000 ) ) ;
#578 = ADVANCED_FACE ( 'NONE', ( #7722 ), #2067, .F. ) ;
#579 = DIRECTION ( 'NONE',  ( 0.000000000000000000, 0.09304864081445499147, -0.9956615642087338625 ) ) ;
#580 = ORIENTED_EDGE ( 'NONE', *, *, #8989, .T. ) ;
#581 = VECTOR ( 'NONE', #4070, 1.000000000000000000 ) ;
#582 = CARTESIAN_POINT ( 'NONE',  ( 0.01839558128467050011, 0.05199997678118530031, 0.1364683068896299922 ) ) ;
#583 = ORIENTED_EDGE ( 'NONE', *, *, #5509, .F. ) ;
#584 = CARTESIAN_POINT ( 'NONE',  ( 0.08389928261480339433, 0.04985783708471710346, 0.1161839644953750056 ) ) ;
#585 = CARTESIAN_POINT ( 'NONE',  ( 0.07977660367138289521, 0.04010757410786770089, 0.04087757906319709755 ) ) ;
#586 = LINE ( 'NONE', #9299, #6564 ) ;
#587 = CARTESIAN_POINT ( 'NONE',  ( 0.06002893572813389894, 0.04010757410786770089, 0.09299010147437410112 ) ) ;
#588 = CARTESIAN_POINT ( 'NONE',  ( 0.003122208755891592389, 0.04011171732276843510, 0.05514317829044138031 ) ) ;
#589 = CARTESIAN_POINT ( 'NONE',  ( -0.01334042133032149920, 0.04288824002048544776, 0.1288804289186301910 ) ) ;
#590 = DIRECTION ( 'NONE',  ( -6.047884930029049284E-17, -1.000000000000000000, 1.271579814543599869E-16 ) ) ;
#591 = CARTESIAN_POINT ( 'NONE',  ( 0.01587118966419599764, 0.05200003498510923083, 0.04951363171227749632 ) ) ;
#592 = ORIENTED_EDGE ( 'NONE', *, *, #4631, .T. ) ;
#593 = EDGE_LOOP ( 'NONE', ( #7566, #6513, #6298, #952, #4106 ) ) ;
#594 = B_SPLINE_CURVE_WITH_KNOTS ( 'NONE', 3,
 ( #7898, #8700, #6436, #1353, #7235, #4977, #1447, #7800, #1308, #744, #4222, #24, #3474, #658, #5124, #4175 ),
 .UNSPECIFIED., .F., .F.,
 ( 4, 2, 1, 1, 1, 1, 2, 2, 2, 4 ),
 ( 0.4026414393702485439, 0.4049748712477093116, 0.4073083031251700792, 0.4119751668800916700, 0.4213088943899280236, 0.4399763494096082805, 0.4773112594489668514, 0.5519810795276840487, 0.7013207196851211078, 1.000000000000000000 ),
 .UNSPECIFIED. ) ;
#595 = DIRECTION ( 'NONE',  ( 0.6902684877569650324, 0.2169304578186490029, 0.6902684921683039931 ) ) ;
#596 = CARTESIAN_POINT ( 'NONE',  ( 0.08959431695133612816, 0.05222646173492477562, 0.08862553934582315107 ) ) ;
#597 = CARTESIAN_POINT ( 'NONE',  ( 0.07689508022631692807, 0.04012057233951484697, 0.05522287523336087689 ) ) ;
#598 = CARTESIAN_POINT ( 'NONE',  ( 0.08418612710753509143, 0.05092218523325790086, 0.07011459241473479154 ) ) ;
#599 = CARTESIAN_POINT ( 'NONE',  ( 0.08537261049584911332, 0.05200000073014460211, 0.06532114039128759930 ) ) ;
#600 = ORIENTED_EDGE ( 'NONE', *, *, #8112, .T. ) ;
#601 = DIRECTION ( 'NONE',  ( 0.4999999984023105748, -0.7071067811865466846, 0.5000000015976906464 ) ) ;
#602 = VECTOR ( 'NONE', #931, 1.000000000000000000 ) ;
#603 = DIRECTION ( 'NONE',  ( -1.000000000000000000, 0.000000000000000000, 2.593979029498029342E-16 ) ) ;
#604 = DIRECTION ( 'NONE',  ( -5.979188663871559846E-17, -1.000000000000000000, 7.523851983841568730E-18 ) ) ;
#605 = CARTESIAN_POINT ( 'NONE',  ( 0.07601142706077877731, 0.04163001078977769664, 0.1475027761182869934 ) ) ;
#606 = ORIENTED_EDGE ( 'NONE', *, *, #751, .F. ) ;
#607 = ORIENTED_EDGE ( 'NONE', *, *, #788, .F. ) ;
#608 = AXIS2_PLACEMENT_3D ( 'NONE', #5192, #8773, #4479 ) ;
#609 = CARTESIAN_POINT ( 'NONE',  ( 0.01871868297195660238, 0.04410757410786769750, 0.1366327557264090109 ) ) ;
#610 = VECTOR ( 'NONE', #3768, 1.000000000000000000 ) ;
#611 = EDGE_CURVE ( 'NONE', #7535, #3385, #181, .T. ) ;
#612 = CARTESIAN_POINT ( 'NONE',  ( 0.07990256181393985691, 0.03610757410786769733, 0.05251267758004591474 ) ) ;
#613 = LINE ( 'NONE', #2780, #5159 ) ;
#614 = ADVANCED_FACE ( 'NONE', ( #1455 ), #2729, .F. ) ;
#615 = EDGE_CURVE ( 'NONE', #9262, #5916, #7766, .T. ) ;
#616 = CARTESIAN_POINT ( 'NONE',  ( 0.01866489480025520023, 0.04117939524227140491, 0.04837245238932059987 ) ) ;
#617 = VERTEX_POINT ( 'NONE', #8003 ) ;
#618 = EDGE_LOOP ( 'NONE', ( #8011, #7017 ) ) ;
#619 = DIRECTION ( 'NONE',  ( -5.979188663871559846E-17, -1.000000000000000000, 7.523851983841548700E-18 ) ) ;
#620 = AXIS2_PLACEMENT_3D ( 'NONE', #643, #1387, #4306 ) ;
#621 = CARTESIAN_POINT ( 'NONE',  ( 0.06249727106851889896, 0.04990270069763820537, 0.1368036789255810126 ) ) ;
#622 = ORIENTED_EDGE ( 'NONE', *, *, #7014, .F. ) ;
#623 = CARTESIAN_POINT ( 'NONE',  ( 0.08554509434395241030, 0.04885894231899810813, 0.08829479299488866839 ) ) ;
#624 = EDGE_CURVE ( 'NONE', #2945, #4668, #5828, .T. ) ;
#625 = DIRECTION ( 'NONE',  ( 5.979188663871559846E-17, 1.000000000000000000, -7.523851983841539456E-18 ) ) ;
#626 = AXIS2_PLACEMENT_3D ( 'NONE', #3048, #1541, #4421 ) ;
#627 = AXIS2_PLACEMENT_3D ( 'NONE', #6413, #5618, #2125 ) ;
#628 = CARTESIAN_POINT ( 'NONE',  ( 0.04077925308366790041, 0.04010757410786770089, 0.09287956601695539216 ) ) ;
#629 = DIRECTION ( 'NONE',  ( -0.7111554028619839762, 0.000000000000000000, 0.7030348447838196124 ) ) ;
#630 = EDGE_LOOP ( 'NONE', ( #9328, #1577, #1631, #3194 ) ) ;
#631 = VERTEX_POINT ( 'NONE', #3717 ) ;
#632 = CARTESIAN_POINT ( 'NONE',  ( 0.04077925308366790041, 0.04950000073015689561, 0.09287956601695539216 ) ) ;
#633 = PERSON ( 'UNSPECIFIED', 'UNSPECIFIED', 'UNSPECIFIED', ('UNSPECIFIED'), ('UNSPECIFIED'), ('UNSPECIFIED') ) ;
#634 = CIRCLE ( 'NONE', #5735, 0.06500000000000002998 ) ;
#635 = CARTESIAN_POINT ( 'NONE',  ( 0.06561639598253556083, 0.05200009521859827455, 0.1362360953995022383 ) ) ;
#636 = ADVANCED_FACE ( 'NONE', ( #6587 ), #7383, .F. ) ;
#637 = FACE_OUTER_BOUND ( 'NONE', #6189, .T. ) ;
#638 = CARTESIAN_POINT ( 'NONE',  ( 0.07715381174472210613, 0.04950000073015689561, 0.05127854554129410158 ) ) ;
#639 = B_SPLINE_SURFACE_WITH_KNOTS ( 'NONE', 3, 3, ( 
 ( #4170, #2950, #7042, #8510 ),
 ( #6430, #598, #2854, #1487 ),
 ( #2145, #8465, #5635, #70 ),
 ( #6477, #2811, #5718, #17 ),
 ( #5678, #3469, #1442, #7938 ) ),
 .UNSPECIFIED., .F., .F., .F.,
 ( 4, 1, 4 ),
 ( 4, 4 ),
 ( 0.000000000000000000, 0.5714285714285709528, 1.000000000000000000 ),
 ( 8.313014199871640031, 8.649806283566640275 ),
 .UNSPECIFIED. ) ;
#640 = CARTESIAN_POINT ( 'NONE',  ( 0.003710853750515374742, 0.04010757410786770089, 0.05434879534437941223 ) ) ;
#641 = AXIS2_PLACEMENT_3D ( 'NONE', #1025, #8185, #1733 ) ;
#642 = CARTESIAN_POINT ( 'NONE',  ( -0.01279606754889480932, 0.04976855874806829227, 0.1296856285878268400 ) ) ;
#643 = CARTESIAN_POINT ( 'NONE',  ( -0.007626912162572509722, 0.09210757410786771238, 0.1168137082859750098 ) ) ;
#645 = CARTESIAN_POINT ( 'NONE',  ( 0.01651804301392377494, 0.05200043298584304530, 0.04957032052518246801 ) ) ;
#644 = VECTOR ( 'NONE', #5076, 1.000000000000000000 ) ;
#646 = EDGE_LOOP ( 'NONE', ( #397, #9127, #7963, #1459, #474, #3804, #5351, #5952 ) ) ;
#647 = ORIENTED_EDGE ( 'NONE', *, *, #1185, .T. ) ;
#648 = CARTESIAN_POINT ( 'NONE',  ( 0.07782409284953238637, 0.05049040987986833096, 0.1462901222340152740 ) ) ;
#649 = CARTESIAN_POINT ( 'NONE',  ( 0.08972080260311274258, 0.05464116599899025706, 0.09528112633251244190 ) ) ;
#650 = AXIS2_PLACEMENT_3D ( 'NONE', #2528, #414, #6245 ) ;
#651 = EDGE_CURVE ( 'NONE', #6534, #7444, #8759, .T. ) ;
#652 = CARTESIAN_POINT ( 'NONE',  ( 0.07797273957522252164, 0.04016383102132801974, 0.05678046208120377664 ) ) ;
#653 = CARTESIAN_POINT ( 'NONE',  ( 0.06550022233591619447, 0.04244727419646400490, 0.1364774364454270084 ) ) ;
#654 = TOROIDAL_SURFACE ( 'NONE', #8466, 0.05299999999999999850, 0.004000000000000000083 ) ;
#655 = CARTESIAN_POINT ( 'NONE',  ( 0.05210371493804120263, 0.07410757410786771027, 0.07994437897892439637 ) ) ;
#656 = CARTESIAN_POINT ( 'NONE',  ( 0.09328481081273530540, 0.05200000073015689783, 0.1311962256777289837 ) ) ;
#657 = CARTESIAN_POINT ( 'NONE',  ( -0.008125425183496730319, 0.04950000073015689561, 0.1356969975558169894 ) ) ;
#658 = CARTESIAN_POINT ( 'NONE',  ( 0.07717377431325882220, 0.04728286633181946752, 0.05932855210062377288 ) ) ;
#659 = CARTESIAN_POINT ( 'NONE',  ( -0.004627082621189357141, 0.04157230935684991940, 0.1188136139734609770 ) ) ;
#660 = ORIENTED_EDGE ( 'NONE', *, *, #7712, .T. ) ;
#661 = ORIENTED_EDGE ( 'NONE', *, *, #2934, .T. ) ;
#662 = CIRCLE ( 'NONE', #1847, 0.06500000000000002998 ) ;
#663 = CARTESIAN_POINT ( 'NONE',  ( 0.01127150698717795108, 0.04021099613172281206, 0.04950639865931523442 ) ) ;
#664 = CARTESIAN_POINT ( 'NONE',  ( -0.005792673604415979859, 0.04010757410786770089, 0.06951900204596049571 ) ) ;
#665 = CARTESIAN_POINT ( 'NONE',  ( 0.08863085439347662131, 0.04533121048954739940, 0.04104414364903507390 ) ) ;
#666 = CARTESIAN_POINT ( 'NONE',  ( 0.01899194829107169954, 0.04328216427920539983, 0.04898939071456950151 ) ) ;
#667 = ORIENTED_EDGE ( 'NONE', *, *, #4891, .F. ) ;
#668 = ORIENTED_EDGE ( 'NONE', *, *, #5223, .F. ) ;
#669 = EDGE_CURVE ( 'NONE', #7628, #4148, #5126, .T. ) ;
#670 = CARTESIAN_POINT ( 'NONE',  ( 0.07807309740673953891, 0.04886007634386851234, 0.1254282766725524079 ) ) ;
#671 = ADVANCED_FACE ( 'NONE', ( #5180 ), #1550, .F. ) ;
#672 = FACE_OUTER_BOUND ( 'NONE', #9034, .T. ) ;
#673 = VERTEX_POINT ( 'NONE', #934 ) ;
#674 = CARTESIAN_POINT ( 'NONE',  ( 0.004680149147918125432, 0.04016383102132824873, 0.05568607952540181177 ) ) ;
#675 = EDGE_CURVE ( 'NONE', #9262, #7990, #18, .T. ) ;
#676 = CARTESIAN_POINT ( 'NONE',  ( 0.06936767396025257659, 0.04084479077469489045, 0.1353334081488148932 ) ) ;
#677 = DIRECTION ( 'NONE',  ( 0.09264842846038655322, -0.9913791088767975879, -0.09264842786829997900 ) ) ;
#678 = VERTEX_POINT ( 'NONE', #7951 ) ;
#679 = EDGE_LOOP ( 'NONE', ( #1319, #1965, #3778, #1417 ) ) ;
#680 = CARTESIAN_POINT ( 'NONE',  ( 0.08460098937029759958, 0.05136035699329820348, 0.1202506156740100057 ) ) ;
#681 = CARTESIAN_POINT ( 'NONE',  ( 0.06465932680986742620, 0.05200044009137627654, 0.1362012412744772472 ) ) ;
#682 = CARTESIAN_POINT ( 'NONE',  ( 0.004263788336254064650, 0.04016334147353845668, 0.1296684669645827015 ) ) ;
#683 = CARTESIAN_POINT ( 'NONE',  ( 0.002381061172766461582, 0.04010850661583852811, 0.1299907782839376524 ) ) ;
#684 = CARTESIAN_POINT ( 'NONE',  ( -0.002256898515619848705, 0.05200046676629741654, 0.06859677331629186747 ) ) ;
#685 = B_SPLINE_CURVE_WITH_KNOTS ( 'NONE', 3,
 ( #6515, #6465, #2228, #1430, #5668, #8542, #2886, #1383, #5759, #824, #1476, #2084 ),
 .UNSPECIFIED., .F., .F.,
 ( 4, 2, 2, 2, 2, 4 ),
 ( 0.000000000000000000, 0.2500000000000049960, 0.3750000000000074940, 0.4375000000000065503, 0.5000000000000056621, 1.000000000000000000 ),
 .UNSPECIFIED. ) ;
#686 = CARTESIAN_POINT ( 'NONE',  ( 0.003151152920587503743, 0.04868873045078168232, 0.1250412561335305373 ) ) ;
#687 = B_SPLINE_CURVE_WITH_KNOTS ( 'NONE', 3,
 ( #7772, #8531, #1322, #4055, #2073, #7063, #4238, #7679, #7728, #4944, #8436, #7020, #9146 ),
 .UNSPECIFIED., .F., .F.,
 ( 4, 2, 2, 2, 1, 2, 4 ),
 ( 0.000000000000000000, 0.2524566074345953592, 0.3786849111518928446, 0.4417990630105414485, 0.4733561389398684427, 0.4891346769045318288, 0.5049132148691951594 ),
 .UNSPECIFIED. ) ;
#688 = CARTESIAN_POINT ( 'NONE',  ( 0.07745333735007407794, 0.04950000073015689561, 0.04348623296656720094 ) ) ;
#689 = CARTESIAN_POINT ( 'NONE',  ( 0.01463022289746130147, 0.05199533897059128301, 0.04918125466693226699 ) ) ;
#690 = ORIENTED_EDGE ( 'NONE', *, *, #7980, .T. ) ;
#691 = ORIENTED_EDGE ( 'NONE', *, *, #5011, .F. ) ;
#692 = DIRECTION ( 'NONE',  ( -0.7071067789270740755, 4.923379887307661871E-15, -0.7071067834460210699 ) ) ;
#693 = DIRECTION ( 'NONE',  ( 1.000000000000000000, -3.893633027220359727E-17, 0.000000000000000000 ) ) ;
#694 = CARTESIAN_POINT ( 'NONE',  ( 0.06655037822615889054, 0.04436086535894430416, 0.1364781758509239773 ) ) ;
#695 = CYLINDRICAL_SURFACE ( 'NONE', #710, 0.007999999999999998432 ) ;
#696 = EDGE_CURVE ( 'NONE', #5316, #8833, #1641, .T. ) ;
#697 = VECTOR ( 'NONE', #9327, 1.000000000000000000 ) ;
#698 = ORIENTED_EDGE ( 'NONE', *, *, #611, .F. ) ;
#699 = CARTESIAN_POINT ( 'NONE',  ( 0.002112336620557649786, 0.03865757410786770099, 0.05376601885954650217 ) ) ;
#700 = CARTESIAN_POINT ( 'NONE',  ( 0.1029807341135020038, 0.04432088081784599926, 0.1385408768286989778 ) ) ;
#701 = DIRECTION ( 'NONE',  ( 5.979188663871559846E-17, 1.000000000000000000, -7.523851983841539456E-18 ) ) ;
#702 = EDGE_CURVE ( 'NONE', #6137, #2360, #5744, .T. ) ;
#703 = ORIENTED_EDGE ( 'NONE', *, *, #5005, .T. ) ;
#704 = CARTESIAN_POINT ( 'NONE',  ( -0.03446255218940617870, 0.04013131365941523948, 0.01279315449945201549 ) ) ;
#705 = ORIENTED_EDGE ( 'NONE', *, *, #4925, .F. ) ;
#706 = EDGE_LOOP ( 'NONE', ( #3754, #6498, #2829, #7964, #6596 ) ) ;
#707 = CARTESIAN_POINT ( 'NONE',  ( -0.0009252566709767869957, 0.04010757410786770089, 0.1097832302979550034 ) ) ;
#708 = CARTESIAN_POINT ( 'NONE',  ( -0.003282735652107500110, 0.04410757410786769750, 0.1143164769102810036 ) ) ;
#709 = DIRECTION ( 'NONE',  ( 0.000000000000000000, 0.000000000000000000, -1.000000000000000000 ) ) ;
#710 = AXIS2_PLACEMENT_3D ( 'NONE', #1397, #7841, #3560 ) ;
#711 = DIRECTION ( 'NONE',  ( 0.005742101684089249113, -7.867059038567468492E-18, -0.9999835139982308219 ) ) ;
#712 = ORIENTED_EDGE ( 'NONE', *, *, #3800, .F. ) ;
#713 = ORIENTED_EDGE ( 'NONE', *, *, #383, .T. ) ;
#714 = DIRECTION ( 'NONE',  ( -4.027934139806210305E-16, 1.000000000000000000, -1.018010760859769879E-17 ) ) ;
#715 = DIRECTION ( 'NONE',  ( 0.09264842786829997900, -0.9913791088767975879, 0.09264842846038655322 ) ) ;
#716 = FACE_OUTER_BOUND ( 'NONE', #3109, .T. ) ;
#717 = VERTEX_POINT ( 'NONE', #5873 ) ;
#718 = CARTESIAN_POINT ( 'NONE',  ( 0.004857901326353150639, 0.04015020501597918456, 0.05539606588320773045 ) ) ;
#719 = CARTESIAN_POINT ( 'NONE',  ( 0.06256655787626400067, 0.04328216427920530268, 0.1367697413193409983 ) ) ;
#720 = CARTESIAN_POINT ( 'NONE',  ( -0.002865773576427235649, 0.04469361222711223935, 0.1186476943628454045 ) ) ;
#721 = CARTESIAN_POINT ( 'NONE',  ( -0.01110347638278731675, 0.04871058195480867936, 0.05372165008178077933 ) ) ;
#722 = ORIENTED_EDGE ( 'NONE', *, *, #1933, .T. ) ;
#723 = ORIENTED_EDGE ( 'NONE', *, *, #1150, .T. ) ;
#724 = CARTESIAN_POINT ( 'NONE',  ( 0.07392252372667386384, 0.04749890412901976167, 0.1296442836487857742 ) ) ;
#725 = CARTESIAN_POINT ( 'NONE',  ( -0.002883855700529409927, 0.04415657025026400312, 0.07064146962137000940 ) ) ;
#726 = CARTESIAN_POINT ( 'NONE',  ( 0.002917761876509102330, 0.04013041844443605149, 0.1286299288421589027 ) ) ;
#727 = CARTESIAN_POINT ( 'NONE',  ( 0.002793641604415055251, 0.04011240230145462354, 0.1302727253275065000 ) ) ;
#728 = DIRECTION ( 'NONE',  ( 0.005742101684089168448, 0.000000000000000000, -0.9999835139982307108 ) ) ;
#729 = B_SPLINE_CURVE_WITH_KNOTS ( 'NONE', 3,
 ( #5058, #3508, #5670, #2704, #2086, #4960, #5578, #7831, #1386, #686, #8455, #8589, #2135, #3076, #6517, #826, #2414 ),
 .UNSPECIFIED., .F., .F.,
 ( 4, 2, 2, 2, 1, 1, 1, 2, 2, 4 ),
 ( 0.000000000000000000, 0.1006603598427346646, 0.2013207196854693293, 0.2044663559305532341, 0.2076119921756371112, 0.2139032646657945125, 0.2264858096461160597, 0.2516508996067591819, 0.3019810795280373772, 0.4026414393706036488 ),
 .UNSPECIFIED. ) ;
#730 = DIRECTION ( 'NONE',  ( 0.6902684921683039931, 0.2169304578186490029, -0.6902684877569650324 ) ) ;
#731 = EDGE_CURVE ( 'NONE', #472, #160, #8566, .T. ) ;
#732 = CARTESIAN_POINT ( 'NONE',  ( 0.006272834785987229864, 0.04721957596032489574, 0.1283698054676200018 ) ) ;
#733 = LINE ( 'NONE', #4916, #2634 ) ;
#734 = EDGE_CURVE ( 'NONE', #4235, #7358, #8708, .T. ) ;
#735 = VERTEX_POINT ( 'NONE', #5131 ) ;
#736 = ORIENTED_EDGE ( 'NONE', *, *, #6727, .T. ) ;
#737 = CYLINDRICAL_SURFACE ( 'NONE', #5150, 0.003000000000000010904 ) ;
#738 = CARTESIAN_POINT ( 'NONE',  ( 0.07292039875186931419, 0.04818718669780464731, 0.1298653302189699821 ) ) ;
#739 = CARTESIAN_POINT ( 'NONE',  ( 0.08973161172495362770, 0.05474104943559558040, 0.09503981570736919071 ) ) ;
#740 = CARTESIAN_POINT ( 'NONE',  ( 0.06272673150642339712, 0.04336150569777760116, 0.1366902235684380185 ) ) ;
#741 = CARTESIAN_POINT ( 'NONE',  ( 0.08412736635302774102, 0.05200030938107515904, 0.06929690910578892304 ) ) ;
#742 = VERTEX_POINT ( 'NONE', #8851 ) ;
#743 = CARTESIAN_POINT ( 'NONE',  ( 0.09361281424480134838, 0.05128808767427563142, 0.1307467605288841761 ) ) ;
#744 = CARTESIAN_POINT ( 'NONE',  ( 0.07790112711065226569, 0.04782797403324023228, 0.06013552993197283231 ) ) ;
#745 = ORIENTED_EDGE ( 'NONE', *, *, #2247, .T. ) ;
#746 = LINE ( 'NONE', #5641, #5510 ) ;
#747 = ORIENTED_EDGE ( 'NONE', *, *, #4766, .T. ) ;
#748 = ORIENTED_EDGE ( 'NONE', *, *, #4971, .F. ) ;
#749 = ADVANCED_FACE ( 'NONE', ( #2308 ), #8049, .F. ) ;
#750 = DIRECTION ( 'NONE',  ( 0.005742101684089199673, 0.000000000000000000, -0.9999835139982305998 ) ) ;
#751 = EDGE_CURVE ( 'NONE', #6534, #2909, #889, .T. ) ;
#752 = CYLINDRICAL_SURFACE ( 'NONE', #7266, 0.005000000000000001839 ) ;
#753 = ADVANCED_FACE ( 'NONE', ( #8807 ), #2353, .F. ) ;
#754 = CARTESIAN_POINT ( 'NONE',  ( 0.07717525036252081971, 0.04789692406617294951, 0.1256882578407423068 ) ) ;
#755 = CARTESIAN_POINT ( 'NONE',  ( 0.08383403971620501105, 0.05200011080021299525, 0.1182380213619410869 ) ) ;
#756 = CYLINDRICAL_SURFACE ( 'NONE', #3097, 0.001699999999999989931 ) ;
#757 = VERTEX_POINT ( 'NONE', #5261 ) ;
#758 = ORIENTED_EDGE ( 'NONE', *, *, #8525, .F. ) ;
#759 = VECTOR ( 'NONE', #1863, 1.000000000000000000 ) ;
#760 = DIRECTION ( 'NONE',  ( -0.9999835139982308219, 5.974769818641938370E-17, -0.005742101684089249113 ) ) ;
#761 = DIRECTION ( 'NONE',  ( 5.979188663871559846E-17, 1.000000000000000000, -7.523851983841539456E-18 ) ) ;
#762 = AXIS2_PLACEMENT_3D ( 'NONE', #7194, #3617, #5783 ) ;
#763 = ORIENTED_EDGE ( 'NONE', *, *, #7447, .F. ) ;
#764 = CARTESIAN_POINT ( 'NONE',  ( 0.01694510869470904416, 0.05200019924662500903, 0.1359821797611015515 ) ) ;
#765 = LINE ( 'NONE', #8625, #8726 ) ;
#766 = CARTESIAN_POINT ( 'NONE',  ( 0.06841425886272581303, 0.04244498763478356945, 0.1343799930451950453 ) ) ;
#767 = CARTESIAN_POINT ( 'NONE',  ( 0.01548937020924779501, 0.09210757410786771238, 0.1360597190036801352 ) ) ;
#768 = VERTEX_POINT ( 'NONE', #5358 ) ;
#769 = VERTEX_POINT ( 'NONE', #4698 ) ;
#770 = CARTESIAN_POINT ( 'NONE',  ( 0.08468285642873200902, 0.05060885093986410010, 0.1202191816477539976 ) ) ;
#771 = CARTESIAN_POINT ( 'NONE',  ( -0.002352790070063229960, 0.04428027597285509598, 0.06923567244393510900 ) ) ;
#772 = ORIENTED_EDGE ( 'NONE', *, *, #6712, .F. ) ;
#773 = CARTESIAN_POINT ( 'NONE',  ( 0.06926608078019676207, 0.04165494273798703989, 0.05138810188721298217 ) ) ;
#774 = AXIS2_PLACEMENT_3D ( 'NONE', #6149, #2016, #4174 ) ;
#775 = CARTESIAN_POINT ( 'NONE',  ( -0.002323857135432307649, 0.05200020431850796432, 0.06904834081832376957 ) ) ;
#776 = CARTESIAN_POINT ( 'NONE',  ( -0.002244803858919547975, 0.04020948574333500086, 0.06286014549778712324 ) ) ;
#777 = DIRECTION ( 'NONE',  ( 0.7071067834460210699, -1.064033378703280288E-17, -0.7071067789270740755 ) ) ;
#778 = CARTESIAN_POINT ( 'NONE',  ( 0.01728230624456604872, 0.05200025997150582030, 0.04952125983437878631 ) ) ;
#779 = ORIENTED_EDGE ( 'NONE', *, *, #1419, .F. ) ;
#780 = ORIENTED_EDGE ( 'NONE', *, *, #7599, .T. ) ;
#781 = CARTESIAN_POINT ( 'NONE',  ( 0.003519915779697050176, 0.04876234270607501115, 0.06029138266227938858 ) ) ;
#782 = DIRECTION ( 'NONE',  ( -0.005742101684089251715, 0.000000000000000000, 0.9999835139982305998 ) ) ;
#783 = EDGE_CURVE ( 'NONE', #3045, #769, #8901, .T. ) ;
#784 = FACE_OUTER_BOUND ( 'NONE', #3870, .T. ) ;
#785 = EDGE_CURVE ( 'NONE', #9094, #9002, #7211, .T. ) ;
#786 = VECTOR ( 'NONE', #2575, 1.000000000000000000 ) ;
#787 = FACE_OUTER_BOUND ( 'NONE', #5889, .T. ) ;
#788 = EDGE_CURVE ( 'NONE', #2543, #4951, #8877, .T. ) ;
#789 = CARTESIAN_POINT ( 'NONE',  ( 0.08442997708723318229, 0.05200768478577036391, 0.07061226793183918160 ) ) ;
#790 = ORIENTED_EDGE ( 'NONE', *, *, #6305, .T. ) ;
#791 = FACE_OUTER_BOUND ( 'NONE', #1780, .T. ) ;
#792 = CARTESIAN_POINT ( 'NONE',  ( 0.07776501783631095677, 0.04818718632935999058, 0.06073841988368867961 ) ) ;
#793 = CARTESIAN_POINT ( 'NONE',  ( 0.08780854682845690151, 0.04010757410786770089, 0.1170365839135760061 ) ) ;
#794 = ORIENTED_EDGE ( 'NONE', *, *, #3138, .T. ) ;
#795 = DIRECTION ( 'NONE',  ( 5.979188663871559846E-17, 1.000000000000000000, -7.523851983841539456E-18 ) ) ;
#796 = ORIENTED_EDGE ( 'NONE', *, *, #5008, .T. ) ;
#797 = CIRCLE ( 'NONE', #4400, 0.04950000000000001621 ) ;
#798 = VECTOR ( 'NONE', #6196, 1.000000000000000000 ) ;
#799 = AXIS2_PLACEMENT_3D ( 'NONE', #7845, #2906, #5682 ) ;
#801 = CARTESIAN_POINT ( 'NONE',  ( 0.08625501297315743554, 0.04145046495000082737, 0.06704940504978959548 ) ) ;
#800 = CC_DESIGN_PERSON_AND_ORGANIZATION_ASSIGNMENT ( #3088, #8172, ( #3318 ) ) ;
#802 = DIRECTION ( 'NONE',  ( 0.6902684877569650324, -0.2169304578186490029, 0.6902684921683039931 ) ) ;
#803 = CARTESIAN_POINT ( 'NONE',  ( 0.06613570106853280950, 0.04053754202716920024, 0.04690279632794819992 ) ) ;
#804 = AXIS2_PLACEMENT_3D ( 'NONE', #3975, #7593, #1149 ) ;
#805 = CARTESIAN_POINT ( 'NONE',  ( 0.003732076650329679834, 0.04010757410786770089, 0.05428219928919649634 ) ) ;
#806 = CARTESIAN_POINT ( 'NONE',  ( 0.06616751500384729368, 0.04223541422062890294, 0.04944192036685919611 ) ) ;
#807 = ORIENTED_EDGE ( 'NONE', *, *, #8471, .T. ) ;
#808 = ORIENTED_EDGE ( 'NONE', *, *, #3626, .F. ) ;
#809 = CARTESIAN_POINT ( 'NONE',  ( 0.07271556664761660849, 0.05200000073015689783, 0.05571679061003580180 ) ) ;
#810 = CARTESIAN_POINT ( 'NONE',  ( 0.03095735511281090188, 0.04510757410786769839, 0.05858564515906530129 ) ) ;
#811 = ORIENTED_EDGE ( 'NONE', *, *, #2012, .F. ) ;
#812 = CARTESIAN_POINT ( 'NONE',  ( 0.01695331865117268369, 0.05200022541546944765, 0.1359836436462426579 ) ) ;
#813 = CARTESIAN_POINT ( 'NONE',  ( 0.06249727106851889896, 0.04416030888467410015, 0.1368036789255810126 ) ) ;
#814 = CARTESIAN_POINT ( 'NONE',  ( 0.01593265187889020967, 0.04444732036265329478, 0.1359900837428720255 ) ) ;
#815 = CARTESIAN_POINT ( 'NONE',  ( 0.08576178853500741883, 0.05487252617042270159, 0.09160838477500005128 ) ) ;
#816 = VERTEX_POINT ( 'NONE', #8985 ) ;
#817 = EDGE_CURVE ( 'NONE', #1493, #4362, #6005, .T. ) ;
#818 = VERTEX_POINT ( 'NONE', #5498 ) ;
#819 = LINE ( 'NONE', #103, #7858 ) ;
#820 = B_SPLINE_CURVE_WITH_KNOTS ( 'NONE', 3,
 ( #3425, #554, #2011, #7709, #4132, #1913 ),
 .UNSPECIFIED., .F., .F.,
 ( 4, 2, 4 ),
 ( 0.000000000000000000, 0.2506322863320686323, 0.5012645726641372645 ),
 .UNSPECIFIED. ) ;
#821 = CARTESIAN_POINT ( 'NONE',  ( 0.07756815403129570241, 0.04016334147353809586, 0.1293950307643705888 ) ) ;
#822 = ORIENTED_EDGE ( 'NONE', *, *, #3427, .T. ) ;
#823 = CARTESIAN_POINT ( 'NONE',  ( 0.07725172489813589283, 0.04016056951412690784, 0.05602489606665320837 ) ) ;
#824 = CARTESIAN_POINT ( 'NONE',  ( 0.07830246616009178817, 0.05050581512927071470, 0.03980330026046898645 ) ) ;
#825 = CARTESIAN_POINT ( 'NONE',  ( -0.003324172145720783334, 0.05199871742227297339, 0.06496588264403375945 ) ) ;
#826 = CARTESIAN_POINT ( 'NONE',  ( 0.003393382176849731816, 0.04819162549698256803, 0.1253226161009457773 ) ) ;
#827 = CARTESIAN_POINT ( 'NONE',  ( 0.01854115668808250031, 0.09210757410786771238, 0.1365426748011530078 ) ) ;
#828 = VERTEX_POINT ( 'NONE', #4037 ) ;
#829 = ORIENTED_EDGE ( 'NONE', *, *, #1784, .T. ) ;
#830 = CARTESIAN_POINT ( 'NONE',  ( -0.002714768626898437023, 0.05199807935092413264, 0.1184172399305877393 ) ) ;
#831 = CARTESIAN_POINT ( 'NONE',  ( 0.005829856678897994693, 0.04131989642642579230, 0.03807530729663563540 ) ) ;
#832 = DIRECTION ( 'NONE',  ( -0.7010108883734651464, -0.1310246636425636269, -0.7010108928534550810 ) ) ;
#833 = VERTEX_POINT ( 'NONE', #6003 ) ;
#834 = CARTESIAN_POINT ( 'NONE',  ( -0.003063404822520964139, 0.04489817540132567258, 0.06557707844618432258 ) ) ;
#835 = CARTESIAN_POINT ( 'NONE',  ( 0.01330957689741830118, 0.04990270069763820537, 0.04800893466535029880 ) ) ;
#836 = EDGE_LOOP ( 'NONE', ( #600, #2861 ) ) ;
#837 = DIRECTION ( 'NONE',  ( 0.006062479088569891830, -3.114853802599971215E-33, -0.9999816230047933185 ) ) ;
#838 = CARTESIAN_POINT ( 'NONE',  ( 0.006915724475646110002, 0.04510757410786769839, 0.08262727564258579016 ) ) ;
#839 = ORIENTED_EDGE ( 'NONE', *, *, #1707, .F. ) ;
#840 = DIRECTION ( 'NONE',  ( -4.027934139806210305E-16, 1.000000000000000000, -1.018010760859769879E-17 ) ) ;
#841 = CARTESIAN_POINT ( 'NONE',  ( 0.09694555477815176847, 0.04010757410786768007, 0.06015468038672100448 ) ) ;
#842 = CARTESIAN_POINT ( 'NONE',  ( 0.09004944609939420641, 0.04446010583475739492, 0.04262555194259719932 ) ) ;
#843 = AXIS2_PLACEMENT_3D ( 'NONE', #6541, #5737, #4331 ) ;
#844 = CARTESIAN_POINT ( 'NONE',  ( 0.06824892926991750486, 0.04510757410786769839, 0.1377501973685599790 ) ) ;
#845 = CARTESIAN_POINT ( 'NONE',  ( 0.07619391547994376623, 0.04728641300089781591, 0.1267463755113795165 ) ) ;
#846 = AXIS2_PLACEMENT_3D ( 'NONE', #6229, #9207, #5530 ) ;
#847 = EDGE_CURVE ( 'NONE', #4112, #4199, #6721, .T. ) ;
#848 = AXIS2_PLACEMENT_3D ( 'NONE', #3664, #4323, #7996 ) ;
#849 = CARTESIAN_POINT ( 'NONE',  ( 0.08379918978741301983, 0.05200047227183760001, 0.1175467181161800184 ) ) ;
#850 = CARTESIAN_POINT ( 'NONE',  ( 0.06882207688364240517, 0.04510757410786769839, 0.04829657188629460363 ) ) ;
#851 = ORIENTED_EDGE ( 'NONE', *, *, #6539, .F. ) ;
#852 = ORIENTED_EDGE ( 'NONE', *, *, #8845, .F. ) ;
#853 = EDGE_CURVE ( 'NONE', #5619, #2682, #8805, .T. ) ;
#854 = CARTESIAN_POINT ( 'NONE',  ( -0.002758098585569582900, 0.04990270069763821231, 0.1155632765812104473 ) ) ;
#855 = CARTESIAN_POINT ( 'NONE',  ( 0.003439123525081814060, 0.04812102740775227316, 0.1253751768672436429 ) ) ;
#856 = VERTEX_POINT ( 'NONE', #3281 ) ;
#857 = CARTESIAN_POINT ( 'NONE',  ( 0.004836389847461248712, 0.04015222400875179815, 0.05543547154329226540 ) ) ;
#858 = CARTESIAN_POINT ( 'NONE',  ( 0.06471339535268740006, 0.09210757410786771238, 0.1412857312631959905 ) ) ;
#859 = CARTESIAN_POINT ( 'NONE',  ( 0.06859482640811230547, 0.04198021463518320645, 0.1345605605917355729 ) ) ;
#860 = CARTESIAN_POINT ( 'NONE',  ( 0.08577312557342629817, 0.05500493438527781498, 0.09213588567962567588 ) ) ;
#861 = ORIENTED_EDGE ( 'NONE', *, *, #3894, .F. ) ;
#862 = FACE_BOUND ( 'NONE', #3585, .T. ) ;
#863 = CARTESIAN_POINT ( 'NONE',  ( 0.07761150894895704755, 0.04016155378422649191, 0.1293663262262635394 ) ) ;
#864 = ADVANCED_FACE ( 'NONE', ( #4558 ), #6864, .F. ) ;
#865 = VERTEX_POINT ( 'NONE', #7612 ) ;
#866 = CARTESIAN_POINT ( 'NONE',  ( 0.07722258102143186864, 0.04015845960768991973, 0.05597813661782176375 ) ) ;
#867 = EDGE_CURVE ( 'NONE', #7096, #9217, #1479, .T. ) ;
#868 = EDGE_CURVE ( 'NONE', #6992, #5110, #7673, .T. ) ;
#869 = DIRECTION ( 'NONE',  ( 5.979188663871559846E-17, 1.000000000000000000, -7.523851983841539456E-18 ) ) ;
#870 = CARTESIAN_POINT ( 'NONE',  ( 0.06395032973170511337, 0.04985783735764876684, 0.04969163422685009268 ) ) ;
#871 = DIRECTION ( 'NONE',  ( 1.000000000000000000, 4.027934139806210305E-16, 0.000000000000000000 ) ) ;
#872 = DIRECTION ( 'NONE',  ( 0.7071067834460220691, -5.506428644793988130E-17, -0.7071067789270730763 ) ) ;
#873 = ORIENTED_EDGE ( 'NONE', *, *, #4349, .T. ) ;
#874 = DIRECTION ( 'NONE',  ( 5.979188663871559846E-17, 1.000000000000000000, -7.523851983841539456E-18 ) ) ;
#875 = LINE ( 'NONE', #5854, #2442 ) ;
#876 = DIRECTION ( 'NONE',  ( 1.000000000000000000, 0.000000000000000000, 0.000000000000000000 ) ) ;
#877 = ORIENTED_EDGE ( 'NONE', *, *, #32, .F. ) ;
#878 = CARTESIAN_POINT ( 'NONE',  ( 0.07391882671022165230, 0.04788844319910876002, 0.05610983530185721657 ) ) ;
#879 = DIRECTION ( 'NONE',  ( 1.000000000000000000, -2.837940853171939582E-17, 0.000000000000000000 ) ) ;
#880 = VERTEX_POINT ( 'NONE', #2525 ) ;
#881 = CARTESIAN_POINT ( 'NONE',  ( 0.004348791314825102040, 0.04796650802760484000, 0.03904814902549132855 ) ) ;
#882 = CARTESIAN_POINT ( 'NONE',  ( 0.08484124161218814519, 0.04320997625477984022, 0.07144265469569334448 ) ) ;
#883 = CARTESIAN_POINT ( 'NONE',  ( 0.01588706605844665901, 0.04454878945909550997, 0.04938264965186570793 ) ) ;
#884 = ORIENTED_EDGE ( 'NONE', *, *, #1732, .F. ) ;
#885 = CARTESIAN_POINT ( 'NONE',  ( 0.07940726312697860001, 0.04010757410786770089, 0.05732500456425439900 ) ) ;
#886 = CARTESIAN_POINT ( 'NONE',  ( 0.09567781582597954804, 0.04117614516422610921, 0.05807896482817269390 ) ) ;
#887 = CARTESIAN_POINT ( 'NONE',  ( 0.003883311956771328798, 0.04805487387475756295, 0.05988048226163961846 ) ) ;
#888 = CARTESIAN_POINT ( 'NONE',  ( 0.01536981537620930004, 0.04147896409684129898, 0.04812397212511490552 ) ) ;
#889 = LINE ( 'NONE', #6632, #5567 ) ;
#890 = CARTESIAN_POINT ( 'NONE',  ( 0.08564988443527300765, 0.04510757410786769839, 0.06540988983070589180 ) ) ;
#891 = CARTESIAN_POINT ( 'NONE',  ( 0.08975270036111232530, 0.04548021371433762922, 0.09126666313158371402 ) ) ;
#892 = ORIENTED_EDGE ( 'NONE', *, *, #7290, .T. ) ;
#893 = ORIENTED_EDGE ( 'NONE', *, *, #6682, .T. ) ;
#894 = DIRECTION ( 'NONE',  ( 1.000000000000000000, -3.893633027220359727E-17, 0.000000000000000000 ) ) ;
#895 = EDGE_CURVE ( 'NONE', #3621, #7441, #5312, .T. ) ;
#896 = CYLINDRICAL_SURFACE ( 'NONE', #7515, 0.005000000000000000104 ) ;
#897 = EDGE_CURVE ( 'NONE', #757, #5184, #7431, .T. ) ;
#898 = ORIENTED_EDGE ( 'NONE', *, *, #3539, .T. ) ;
#899 = CARTESIAN_POINT ( 'NONE',  ( 0.08441783819146869705, 0.05129271161373369359, 0.1151663261635864494 ) ) ;
#900 = ADVANCED_FACE ( 'NONE', ( #8419, #4218 ), #6242, .T. ) ;
#901 = CARTESIAN_POINT ( 'NONE',  ( 0.01259384081538193062, 0.04232327790369801168, 0.1340696147203813415 ) ) ;
#902 = AXIS2_PLACEMENT_3D ( 'NONE', #5880, #134, #4285 ) ;
#903 = CARTESIAN_POINT ( 'NONE',  ( 0.08578034234468980002, 0.05510756783946822029, 0.09281907022572398469 ) ) ;
#904 = ORIENTED_EDGE ( 'NONE', *, *, #2932, .F. ) ;
#905 = DIRECTION ( 'NONE',  ( -5.979188663871559846E-17, -1.000000000000000000, 7.523851983841539456E-18 ) ) ;
#906 = CARTESIAN_POINT ( 'NONE',  ( 0.07763392303436829345, 0.04016056951411130921, 0.1293520378311663610 ) ) ;
#907 = ORIENTED_EDGE ( 'NONE', *, *, #7340, .T. ) ;
#908 = CARTESIAN_POINT ( 'NONE',  ( 0.08547601949739865035, 0.04946760409631251187, 0.09809485260240066729 ) ) ;
#909 = AXIS2_PLACEMENT_3D ( 'NONE', #2778, #5644, #1219 ) ;
#910 = B_SPLINE_CURVE_WITH_KNOTS ( 'NONE', 3,
 ( #6381, #1338, #2802, #8641, #8545, #5710 ),
 .UNSPECIFIED., .F., .F.,
 ( 4, 2, 4 ),
 ( 0.000000000000000000, 0.2506359902938620210, 0.5012719805877240420 ),
 .UNSPECIFIED. ) ;
#911 = DIRECTION ( 'NONE',  ( -4.027934139806210305E-16, 1.000000000000000000, -1.018010760859769879E-17 ) ) ;
#912 = CARTESIAN_POINT ( 'NONE',  ( 0.003291266968064559661, 0.04010757410786770089, 0.1310489372063829983 ) ) ;
#913 = CARTESIAN_POINT ( 'NONE',  ( 0.07836346267970198398, 0.04858169488900000721, 0.06066664730283305440 ) ) ;
#914 = CARTESIAN_POINT ( 'NONE',  ( 0.08167408295494059389, 0.04950000073015689561, 0.1207697594512019967 ) ) ;
#915 = ORIENTED_EDGE ( 'NONE', *, *, #551, .T. ) ;
#916 = DIRECTION ( 'NONE',  ( -5.451342566809879610E-17, -1.000000000000000000, 2.245391046958059891E-18 ) ) ;
#917 = CARTESIAN_POINT ( 'NONE',  ( 0.005782774204724113604, 0.04950000073015688867, 0.1331025067193136735 ) ) ;
#918 = PLANE ( 'NONE',  #5591 ) ;
#919 = ORIENTED_EDGE ( 'NONE', *, *, #7301, .T. ) ;
#920 = VECTOR ( 'NONE', #9131, 1.000000000000000000 ) ;
#921 = B_SPLINE_CURVE_WITH_KNOTS ( 'NONE', 3,
 ( #4017, #6888, #1893, #7909 ),
 .UNSPECIFIED., .F., .F.,
 ( 4, 4 ),
 ( 0.000000000000000000, 0.03441153907667309636 ),
 .UNSPECIFIED. ) ;
#922 = CARTESIAN_POINT ( 'NONE',  ( 0.08416757003423479266, 0.04990270069763831640, 0.06864521784895134815 ) ) ;
#923 = ORIENTED_EDGE ( 'NONE', *, *, #2216, .T. ) ;
#924 = DATE_TIME_ROLE ( 'creation_date' ) ;
#925 = CIRCLE ( 'NONE', #6488, 0.003150000000000011732 ) ;
#926 = DIRECTION ( 'NONE',  ( -0.005742101684089277736, 0.000000000000000000, 0.9999835139982307108 ) ) ;
#927 = VERTEX_POINT ( 'NONE', #4832 ) ;
#928 = CARTESIAN_POINT ( 'NONE',  ( 0.008336074725941923502, 0.04917056937649664367, 0.1302654815073409911 ) ) ;
#929 = EDGE_CURVE ( 'NONE', #6146, #4482, #2657, .T. ) ;
#930 = AXIS2_PLACEMENT_3D ( 'NONE', #408, #2664, #7561 ) ;
#931 = DIRECTION ( 'NONE',  ( 5.979188663871559846E-17, 1.000000000000000000, -7.523851983841548700E-18 ) ) ;
#932 = CARTESIAN_POINT ( 'NONE',  ( 0.004033931080882723411, 0.04785937080034400465, 0.05971294583070829720 ) ) ;
#933 = CARTESIAN_POINT ( 'NONE',  ( 0.08458991006615949881, 0.04336150591817199140, 0.07093208629462158243 ) ) ;
#934 = CARTESIAN_POINT ( 'NONE',  ( 0.05210371493804120263, 0.04010757410786770089, 0.07994437897892439637 ) ) ;
#935 = CONICAL_SURFACE ( 'NONE', #3042, 0.003150000000000011732, 0.7853981633974476129 ) ;
#936 = CARTESIAN_POINT ( 'NONE',  ( 0.08388563251395750320, 0.05200030592816236308, 0.1166927312090548091 ) ) ;
#937 = DIRECTION ( 'NONE',  ( 5.979188663871559846E-17, 1.000000000000000000, -7.523851983841539456E-18 ) ) ;
#938 = ORIENTED_EDGE ( 'NONE', *, *, #2336, .F. ) ;
#939 = VERTEX_POINT ( 'NONE', #2094 ) ;
#940 = VECTOR ( 'NONE', #2515, 1.000000000000000000 ) ;
#941 = CARTESIAN_POINT ( 'NONE',  ( 0.008276235062816803684, 0.04811094364648740851, 0.05554588477589895296 ) ) ;
#942 = ORIENTED_EDGE ( 'NONE', *, *, #867, .F. ) ;
#943 = VECTOR ( 'NONE', #4791, 1.000000000000000000 ) ;
#944 = CARTESIAN_POINT ( 'NONE',  ( 0.08405361337882079342, 0.04010757410786770089, 0.04437874395129040583 ) ) ;
#945 = TOROIDAL_SURFACE ( 'NONE', #8016, 0.05349999999999999895, 0.004000000000000000083 ) ;
#946 = DIRECTION ( 'NONE',  ( -0.7071067834460215140, 4.759941537868956520E-17, 0.7071067789270735204 ) ) ;
#947 = VERTEX_POINT ( 'NONE', #7043 ) ;
#948 = CARTESIAN_POINT ( 'NONE',  ( 0.007858506805846659712, 0.07410757410786771027, 0.08769044619647352323 ) ) ;
#949 = VECTOR ( 'NONE', #380, 1.000000000000000000 ) ;
#950 = EDGE_CURVE ( 'NONE', #880, #2686, #4970, .T. ) ;
#951 = CARTESIAN_POINT ( 'NONE',  ( 0.07848386501394373493, 0.04011867093073593488, 0.1289820493459830908 ) ) ;
#952 = ORIENTED_EDGE ( 'NONE', *, *, #3911, .F. ) ;
#953 = CARTESIAN_POINT ( 'NONE',  ( 0.08573412584726387842, 0.04542557098229898366, 0.09490008506587202519 ) ) ;
#954 = CARTESIAN_POINT ( 'NONE',  ( 0.08549303104450549362, 0.05132137481395079859, 0.06544520533970060727 ) ) ;
#955 = CARTESIAN_POINT ( 'NONE',  ( -0.001246129619794116754, 0.04091810034285815745, 0.06385881974329483957 ) ) ;
#956 = CARTESIAN_POINT ( 'NONE',  ( 0.07299217179745828843, 0.04858169488967575139, 0.1304637756132863702 ) ) ;
#957 = CARTESIAN_POINT ( 'NONE',  ( 0.07649593401661280989, 0.04158643002176921899, 0.03857193536507648457 ) ) ;
#958 = CC_DESIGN_DATE_AND_TIME_ASSIGNMENT ( #8083, #924, ( #6778 ) ) ;
#959 = ORIENTED_EDGE ( 'NONE', *, *, #5950, .T. ) ;
#960 = CARTESIAN_POINT ( 'NONE',  ( 0.1160210583567420906, 0.04013131365941523948, 0.1729659775344590811 ) ) ;
#961 = CARTESIAN_POINT ( 'NONE',  ( 0.001665705926261220032, 0.03610757410786769733, 0.1315464824800660071 ) ) ;
#962 = EDGE_CURVE ( 'NONE', #5316, #7848, #820, .T. ) ;
#963 = AXIS2_PLACEMENT_3D ( 'NONE', #6167, #2689, #6885 ) ;
#964 = CARTESIAN_POINT ( 'NONE',  ( 0.09314804547231531062, 0.04010757410786770089, 0.05437619494694709982 ) ) ;
#965 = VERTEX_POINT ( 'NONE', #9268 ) ;
#966 = CYLINDRICAL_SURFACE ( 'NONE', #1885, 0.001299999999999997555 ) ;
#967 = CARTESIAN_POINT ( 'NONE',  ( 0.06430728503899128812, 0.05200358441851180014, 0.04971488415631928476 ) ) ;
#968 = ORIENTED_EDGE ( 'NONE', *, *, #3947, .T. ) ;
#969 = CARTESIAN_POINT ( 'NONE',  ( 0.000000000000000000, 0.000000000000000000, 0.000000000000000000 ) ) ;
#970 = DIRECTION ( 'NONE',  ( -5.979188663871559846E-17, -1.000000000000000000, 7.523851983841539456E-18 ) ) ;
#971 = CARTESIAN_POINT ( 'NONE',  ( 0.08552858586567152477, 0.05010757410786770283, 0.08813644304095101523 ) ) ;
#972 = ORIENTED_EDGE ( 'NONE', *, *, #3107, .T. ) ;
#973 = DIRECTION ( 'NONE',  ( -0.7010108928534550810, -0.1310246636425636269, 0.7010108883734651464 ) ) ;
#974 = CARTESIAN_POINT ( 'NONE',  ( 0.07988303866821395982, 0.03610757410786769733, 0.05591262152763989968 ) ) ;
#975 = FACE_OUTER_BOUND ( 'NONE', #3288, .T. ) ;
#976 = EDGE_CURVE ( 'NONE', #6687, #1675, #4969, .T. ) ;
#977 = FACE_OUTER_BOUND ( 'NONE', #2286, .T. ) ;
#978 = CARTESIAN_POINT ( 'NONE',  ( 0.008566334369711870594, 0.04858169488932486541, 0.05529535642078666630 ) ) ;
#979 = EDGE_CURVE ( 'NONE', #1355, #4640, #8555, .T. ) ;
#980 = EDGE_CURVE ( 'NONE', #9058, #3964, #5543, .T. ) ;
#981 = CARTESIAN_POINT ( 'NONE',  ( 0.08265823565601423950, 0.04108390942435653781, 0.1217539121585649031 ) ) ;
#982 = B_SPLINE_SURFACE_WITH_KNOTS ( 'NONE', 3, 3, ( 
 ( #2218, #2484, #8233, #4389 ),
 ( #8774, #1564, #5194, #1777 ),
 ( #1023, #8718, #7260, #7473 ),
 ( #5838, #2268, #4650, #4437 ),
 ( #7520, #1610, #1076, #5093 ) ),
 .UNSPECIFIED., .F., .F., .F.,
 ( 4, 1, 4 ),
 ( 4, 4 ),
 ( 0.000000000000000000, 0.5714285714285709528, 1.000000000000000000 ),
 ( 4.933250379836629840, 5.277353295169460168 ),
 .UNSPECIFIED. ) ;
#983 = CARTESIAN_POINT ( 'NONE',  ( 0.08953086030626550285, 0.04826343909591943038, 0.09780716147723594878 ) ) ;
#984 = ORIENTED_EDGE ( 'NONE', *, *, #3694, .T. ) ;
#985 = ORIENTED_EDGE ( 'NONE', *, *, #4117, .F. ) ;
#986 = CIRCLE ( 'NONE', #6243, 0.001300000000000000157 ) ;
#987 = CARTESIAN_POINT ( 'NONE',  ( -0.01123708507384959913, 0.04950000073015689561, 0.1318577722953719888 ) ) ;
#988 = CARTESIAN_POINT ( 'NONE',  ( 0.07214278168370134858, 0.04157204020193496635, 0.1056318563833365670 ) ) ;
#989 = CARTESIAN_POINT ( 'NONE',  ( 0.002573041594595928787, 0.04011055638466830969, 0.1301088565821510445 ) ) ;
#990 = AXIS2_PLACEMENT_3D ( 'NONE', #3565, #7189, #6396 ) ;
#991 = CARTESIAN_POINT ( 'NONE',  ( -0.004091378267937140038, 0.04510757410786769839, 0.1203492422032050035 ) ) ;
#992 = VERTEX_POINT ( 'NONE', #6953 ) ;
#993 = ORIENTED_EDGE ( 'NONE', *, *, #8199, .F. ) ;
#994 = DIRECTION ( 'NONE',  ( -0.005742101684089251715, 0.000000000000000000, 0.9999835139982305998 ) ) ;
#995 = CARTESIAN_POINT ( 'NONE',  ( 0.07652961590867940478, 0.04013041844442273576, 0.1307410572245995550 ) ) ;
#996 = ORIENTED_EDGE ( 'NONE', *, *, #341, .T. ) ;
#997 = CARTESIAN_POINT ( 'NONE',  ( 0.01585131157290289861, 0.04035255481984920123, 0.1392325198991420099 ) ) ;
#998 = CARTESIAN_POINT ( 'NONE',  ( -0.0001155767876047419972, 0.04950000073015689561, 0.06498937258270930106 ) ) ;
#999 = CARTESIAN_POINT ( 'NONE',  ( 0.08444236186786530096, 0.04415657025026400312, 0.1151176624125409970 ) ) ;
#1000 = CARTESIAN_POINT ( 'NONE',  ( 0.06724265903037898728, 0.04985783729285442334, 0.04946855664527131935 ) ) ;
#1001 = AXIS2_PLACEMENT_3D ( 'NONE', #3171, #1157, #7461 ) ;
#1002 = CARTESIAN_POINT ( 'NONE',  ( 0.07656845453960314796, 0.04167388927861730846, 0.03861969128109243865 ) ) ;
#1003 = VERTEX_POINT ( 'NONE', #7755 ) ;
#1004 = CARTESIAN_POINT ( 'NONE',  ( -0.002579074707027286320, 0.05200026138253040914, 0.1163765167350027663 ) ) ;
#1005 = CARTESIAN_POINT ( 'NONE',  ( 0.07977660367138292297, 0.04786748738269264863, 0.04087757906319711143 ) ) ;
#1006 = DIRECTION ( 'NONE',  ( -5.979188663871559846E-17, -1.000000000000000000, 7.523851983841548700E-18 ) ) ;
#1007 = EDGE_LOOP ( 'NONE', ( #985, #691, #3359 ) ) ;
#1008 = EDGE_CURVE ( 'NONE', #7262, #3153, #485, .T. ) ;
#1009 = CARTESIAN_POINT ( 'NONE',  ( -0.03800369543472040257, 0.04223434633125560528, 0.1698179082896580094 ) ) ;
#1010 = EDGE_LOOP ( 'NONE', ( #6932, #5030 ) ) ;
#1011 = ADVANCED_FACE ( 'NONE', ( #2057 ), #695, .T. ) ;
#1012 = FACE_BOUND ( 'NONE', #3464, .T. ) ;
#1013 = LINE ( 'NONE', #3886, #9331 ) ;
#1014 = VERTEX_POINT ( 'NONE', #4171 ) ;
#1015 = DIRECTION ( 'NONE',  ( -5.979188663871559846E-17, -1.000000000000000000, 7.523851983841539456E-18 ) ) ;
#1016 = LINE ( 'NONE', #5398, #4511 ) ;
#1017 = CARTESIAN_POINT ( 'NONE',  ( 0.003924841112261621967, 0.04799617542204765580, 0.05983410342178673708 ) ) ;
#1018 = EDGE_CURVE ( 'NONE', #8622, #2982, #8831, .T. ) ;
#1019 = CARTESIAN_POINT ( 'NONE',  ( -0.002853989573180529867, 0.05200000073015689783, 0.05164435802794260094 ) ) ;
#1020 = CARTESIAN_POINT ( 'NONE',  ( 0.008164973896877680479, 0.04010757410786770089, 0.1491050832944879889 ) ) ;
#1021 = ORIENTED_EDGE ( 'NONE', *, *, #2012, .T. ) ;
#1022 = B_SPLINE_CURVE_WITH_KNOTS ( 'NONE', 3,
 ( #5254, #1722, #3132, #122, #4592, #6046, #7423, #1766, #2297, #360, #4123, #5438, #544, #6990, #7651, #8316, #3417, #3982 ),
 .UNSPECIFIED., .F., .F.,
 ( 4, 2, 2, 2, 2, 1, 1, 1, 1, 2, 4 ),
 ( 0.000000000000000000, 0.2982211237621333888, 0.4473316856432112409, 0.4846093261134712948, 0.5032481463485973805, 0.5218869665837234662, 0.5591646070539718627, 0.5778034272890993917, 0.5871228374066669309, 0.5917825424654501454, 0.5964422475242332489 ),
 .UNSPECIFIED. ) ;
#1023 = CARTESIAN_POINT ( 'NONE',  ( 0.06645275995285490622, 0.05240412232504640389, 0.05016937079226130303 ) ) ;
#1024 = VECTOR ( 'NONE', #5487, 1.000000000000000000 ) ;
#1025 = CARTESIAN_POINT ( 'NONE',  ( -0.01984574743598880101, 0.05010757410786770283, 0.09253144536025580125 ) ) ;
#1026 = DIRECTION ( 'NONE',  ( -5.979188663871559846E-17, -1.000000000000000000, 7.523851983841510182E-18 ) ) ;
#1027 = VERTEX_POINT ( 'NONE', #1347 ) ;
#1028 = ORIENTED_EDGE ( 'NONE', *, *, #702, .F. ) ;
#1029 = EDGE_CURVE ( 'NONE', #374, #1978, #9244, .T. ) ;
#1030 = ADVANCED_FACE ( 'NONE', ( #119 ), #7282, .T. ) ;
#1031 = CARTESIAN_POINT ( 'NONE',  ( 0.08523532491142120360, 0.04421009789430169895, 0.1207954675132110051 ) ) ;
#1032 = CARTESIAN_POINT ( 'NONE',  ( -0.006594994840249539941, 0.04010757410786770089, 0.06911655624034659939 ) ) ;
#1033 = CARTESIAN_POINT ( 'NONE',  ( 0.07946425716708527265, 0.04010757410786770089, 0.1288431651052675542 ) ) ;
#1034 = CARTESIAN_POINT ( 'NONE',  ( 0.08548621104617941391, 0.05123390808517384876, 0.09800674779637555400 ) ) ;
#1035 = ORIENTED_EDGE ( 'NONE', *, *, #8672, .F. ) ;
#1036 = ORIENTED_EDGE ( 'NONE', *, *, #2041, .T. ) ;
#1037 = FACE_OUTER_BOUND ( 'NONE', #7824, .T. ) ;
#1038 = EDGE_CURVE ( 'NONE', #3523, #631, #5072, .T. ) ;
#1039 = CARTESIAN_POINT ( 'NONE',  ( 0.09279559124118549884, 0.04950000073015689561, 0.05390135973853899670 ) ) ;
#1040 = VERTEX_POINT ( 'NONE', #6526 ) ;
#1041 = DIRECTION ( 'NONE',  ( -0.7071067789270730763, 3.695908159165670532E-17, -0.7071067834460220691 ) ) ;
#1042 = CARTESIAN_POINT ( 'NONE',  ( -0.003074973473296279715, 0.05199997858829870367, 0.1147385083510149978 ) ) ;
#1043 = VECTOR ( 'NONE', #7465, 1.000000000000000000 ) ;
#1044 = CARTESIAN_POINT ( 'NONE',  ( -0.003255239068781546480, 0.04121946944358829273, 0.06943323339279255935 ) ) ;
#1045 = CARTESIAN_POINT ( 'NONE',  ( 0.06456919174051233001, 0.04429449151657184613, 0.04979304887405704844 ) ) ;
#1046 = CIRCLE ( 'NONE', #4207, 0.04950000000000001621 ) ;
#1047 = CARTESIAN_POINT ( 'NONE',  ( 0.09532500713197511466, 0.04177867829545833106, 0.05752756020000732856 ) ) ;
#1048 = ORIENTED_EDGE ( 'NONE', *, *, #145, .T. ) ;
#1049 = CARTESIAN_POINT ( 'NONE',  ( 0.002930002151607049958, 0.04950000073015990015, 0.1247807290660030016 ) ) ;
#1050 = CARTESIAN_POINT ( 'NONE',  ( 0.08639536165712920213, 0.04042953285945569825, 0.1174055151543309944 ) ) ;
#1051 = CARTESIAN_POINT ( 'NONE',  ( 0.04077925308366790041, 0.05200000073015689783, 0.09287956601695539216 ) ) ;
#1052 = CIRCLE ( 'NONE', #3008, 0.001300000000000000157 ) ;
#1053 = CARTESIAN_POINT ( 'NONE',  ( 0.004687514035810871026, 0.04011715269386773031, 0.1306235171890866853 ) ) ;
#1054 = VECTOR ( 'NONE', #2964, 1.000000000000000000 ) ;
#1055 = DIRECTION ( 'NONE',  ( 5.979188663871559846E-17, 1.000000000000000000, -7.523851983841548700E-18 ) ) ;
#1056 = CARTESIAN_POINT ( 'NONE',  ( 0.06461285835922347953, 0.05200020041325636999, 0.04977686453465239580 ) ) ;
#1057 = VERTEX_POINT ( 'NONE', #71 ) ;
#1058 = CARTESIAN_POINT ( 'NONE',  ( 0.01585131157290269738, 0.04035255481984920123, 0.1392325198991420099 ) ) ;
#1059 = LINE ( 'NONE', #3273, #8442 ) ;
#1060 = ADVANCED_FACE ( 'NONE', ( #8696 ), #7989, .T. ) ;
#1061 = CARTESIAN_POINT ( 'NONE',  ( 0.04077925308366790041, 0.04010757410786770089, 0.09287956601695539216 ) ) ;
#1062 = ORIENTED_EDGE ( 'NONE', *, *, #731, .F. ) ;
#1063 = EDGE_CURVE ( 'NONE', #2052, #2958, #7219, .T. ) ;
#1064 = CARTESIAN_POINT ( 'NONE',  ( 0.06249727106851889896, 0.04990270069763820537, 0.1368036789255810126 ) ) ;
#1065 = CIRCLE ( 'NONE', #6330, 0.05300000000000001932 ) ;
#1066 = CARTESIAN_POINT ( 'NONE',  ( 0.07557970893222201725, 0.04117602563757276346, 0.1477781949513603532 ) ) ;
#1067 = EDGE_CURVE ( 'NONE', #7472, #4482, #3734, .T. ) ;
#1068 = CARTESIAN_POINT ( 'NONE',  ( -0.01248126049238134326, 0.04954667569968640439, 0.05561941347834274685 ) ) ;
#1069 = CARTESIAN_POINT ( 'NONE',  ( 0.07577573196261175315, 0.04950000073015688867, 0.05265662531459736062 ) ) ;
#1070 = CARTESIAN_POINT ( 'NONE',  ( 0.06390735530556919397, 0.04103587371065680472, 0.04863772960567929599 ) ) ;
#1071 = CARTESIAN_POINT ( 'NONE',  ( 0.07989280024107690836, 0.04010757410786770089, 0.05421264955384290374 ) ) ;
#1072 = AXIS2_PLACEMENT_3D ( 'NONE', #1051, #7550, #6036 ) ;
#1073 = ORIENTED_EDGE ( 'NONE', *, *, #6065, .F. ) ;
#1074 = CIRCLE ( 'NONE', #8596, 0.04950000000000001621 ) ;
#1075 = DIRECTION ( 'NONE',  ( -0.7025125259281608248, 0.000000000000000000, -0.7116713784564018264 ) ) ;
#1076 = CARTESIAN_POINT ( 'NONE',  ( 0.06875601783233860342, 0.05058444957561570449, 0.04836263093717610428 ) ) ;
#1077 = CARTESIAN_POINT ( 'NONE',  ( 0.08182256629606987630, 0.04281196371075708662, 0.1209182427932799508 ) ) ;
#1078 = CARTESIAN_POINT ( 'NONE',  ( 0.08969947707764355793, 0.04577950457879216561, 0.09566941494594111139 ) ) ;
#1079 = VERTEX_POINT ( 'NONE', #8794 ) ;
#1080 = ORIENTED_EDGE ( 'NONE', *, *, #238, .T. ) ;
#1081 = AXIS2_PLACEMENT_3D ( 'NONE', #9073, #5353, #3889 ) ;
#1082 = CC_DESIGN_PERSON_AND_ORGANIZATION_ASSIGNMENT ( #2295, #6671, ( #3197 ) ) ;
#1083 = CARTESIAN_POINT ( 'NONE',  ( 0.007228239167736190407, 0.04728286633195678129, 0.05648504478696076553 ) ) ;
#1084 = DIRECTION ( 'NONE',  ( -5.979188663871559846E-17, -1.000000000000000000, 7.523851983841548700E-18 ) ) ;
#1085 = DIRECTION ( 'NONE',  ( 5.979188663871559846E-17, 1.000000000000000000, -7.523851983841539456E-18 ) ) ;
#1086 = AXIS2_PLACEMENT_3D ( 'NONE', #8165, #3743, #3080 ) ;
#1087 = AXIS2_PLACEMENT_3D ( 'NONE', #7049, #604, #3661 ) ;
#1088 = DIRECTION ( 'NONE',  ( 5.979188663871559846E-17, 1.000000000000000000, -7.523851983841548700E-18 ) ) ;
#1089 = ORIENTED_EDGE ( 'NONE', *, *, #2993, .T. ) ;
#1090 = EDGE_LOOP ( 'NONE', ( #4322, #7028, #7145, #7717, #56 ) ) ;
#1091 = CARTESIAN_POINT ( 'NONE',  ( 0.003439123525081814060, 0.04812102740775227316, 0.1253751768672436429 ) ) ;
#1092 = AXIS2_PLACEMENT_3D ( 'NONE', #2367, #8823, #1702 ) ;
#1093 = CARTESIAN_POINT ( 'NONE',  ( 0.003837551131053330757, 0.04444884780007312547, 0.1463614382433857664 ) ) ;
#1094 = ORIENTED_EDGE ( 'NONE', *, *, #3780, .T. ) ;
#1095 = AXIS2_PLACEMENT_3D ( 'NONE', #5034, #5646, #8526 ) ;
#1096 = AXIS2_PLACEMENT_3D ( 'NONE', #3693, #5202, #1660 ) ;
#1097 = CARTESIAN_POINT ( 'NONE',  ( 0.08463347964063661077, 0.05199997858829980002, 0.07102062368290169847 ) ) ;
#1098 = DIRECTION ( 'NONE',  ( -0.9999835139982307108, 0.000000000000000000, -0.005742101684093668321 ) ) ;
#1099 =( GEOMETRIC_REPRESENTATION_CONTEXT ( 3 ) GLOBAL_UNCERTAINTY_ASSIGNED_CONTEXT ( ( #3864 ) ) GLOBAL_UNIT_ASSIGNED_CONTEXT ( ( #8797, #7421, #8126 ) ) REPRESENTATION_CONTEXT ( 'NONE', 'WORKASPACE' ) );
#1100 = CARTESIAN_POINT ( 'NONE',  ( 0.06964891986905639987, 0.03610757410786769733, 0.1273982904965859919 ) ) ;
#1101 = EDGE_CURVE ( 'NONE', #9189, #7729, #250, .T. ) ;
#1102 = CARTESIAN_POINT ( 'NONE',  ( 0.01906123509881689840, 0.04990270069763820537, 0.04895545310832979946 ) ) ;
#1103 = CARTESIAN_POINT ( 'NONE',  ( 0.09461067007513218607, 0.04445065632202263584, 0.05644910424811288435 ) ) ;
#1104 = ORIENTED_EDGE ( 'NONE', *, *, #7232, .F. ) ;
#1105 = DIRECTION ( 'NONE',  ( -2.551063935259999644E-16, 0.000000000000000000, -1.000000000000000000 ) ) ;
#1106 = CARTESIAN_POINT ( 'NONE',  ( 0.07944616954678039578, 0.04010757410786770089, 0.1319931131743619923 ) ) ;
#1107 = CARTESIAN_POINT ( 'NONE',  ( 0.07944616954678039578, 0.03610757410786769733, 0.1319931131743619923 ) ) ;
#1108 = LINE ( 'NONE', #2655, #6186 ) ;
#1109 = DIRECTION ( 'NONE',  ( -0.6902684877569650324, -0.2169304578186490029, -0.6902684921683039931 ) ) ;
#1110 = CARTESIAN_POINT ( 'NONE',  ( 0.07991088786138178524, 0.04010757410786770089, 0.05106270148474847947 ) ) ;
#1111 = FACE_OUTER_BOUND ( 'NONE', #7887, .T. ) ;
#1112 = CARTESIAN_POINT ( 'NONE',  ( 0.07887309386491483942, 0.04011163373369363433, 0.05557339609356550664 ) ) ;
#1113 = ORIENTED_EDGE ( 'NONE', *, *, #2223, .T. ) ;
#1114 = DIRECTION ( 'NONE',  ( -0.9999835139982307108, 0.000000000000000000, -0.005742101684093656178 ) ) ;
#1115 = CARTESIAN_POINT ( 'NONE',  ( 0.07490128235280993363, 0.04066322531921992556, 0.1482011020312624106 ) ) ;
#1116 = CYLINDRICAL_SURFACE ( 'NONE', #6617, 0.06500000000000002998 ) ;
#1117 = CARTESIAN_POINT ( 'NONE',  ( 0.01190490694205989866, 0.04108390942435775905, 0.1347585485893005586 ) ) ;
#1118 = CARTESIAN_POINT ( 'NONE',  ( 0.06533048873711899684, 0.04018993005514339550, 0.04619590350476149992 ) ) ;
#1119 = CARTESIAN_POINT ( 'NONE',  ( 0.008640995296599779732, 0.04874123086347476735, 0.05523144057482105157 ) ) ;
#1120 = B_SPLINE_CURVE_WITH_KNOTS ( 'NONE', 3,
 ( #5174, #221, #5866, #3710, #1723 ),
 .UNSPECIFIED., .F., .F.,
 ( 4, 1, 4 ),
 ( 0.6250477106496691304, 0.7142857142857147457, 1.000000000000000000 ),
 .UNSPECIFIED. ) ;
#1121 = ORIENTED_EDGE ( 'NONE', *, *, #8669, .T. ) ;
#1122 = CARTESIAN_POINT ( 'NONE',  ( 0.003808496692332335749, 0.04794078568908090310, 0.1463414043122406305 ) ) ;
#1123 = CARTESIAN_POINT ( 'NONE',  ( -0.002436320837209889588, 0.04415574385704810340, 0.06670969728455840297 ) ) ;
#1124 = CARTESIAN_POINT ( 'NONE',  ( 0.08417444911601451585, 0.04010757410786769395, 0.1232701256282549285 ) ) ;
#1125 = DIRECTION ( 'NONE',  ( 5.979188663871559846E-17, 1.000000000000000000, -7.523851983841539456E-18 ) ) ;
#1126 = VERTEX_POINT ( 'NONE', #19 ) ;
#1127 = ORIENTED_EDGE ( 'NONE', *, *, #7419, .T. ) ;
#1128 = B_SPLINE_CURVE_WITH_KNOTS ( 'NONE', 3,
 ( #2189, #9082, #1963, #5546, #5064, #7935, #3650, #4408, #830, #6201, #2624, #8379, #1917, #4793, #8919, #8118, #5164, #5943, #6747, #2418, #253, #8031, #8834, #1004, #4582, #3124, #5290, #1578, #295, #6613, #1624, #4452, #3165, #6034, #2463, #7365 ),
 .UNSPECIFIED., .F., .F.,
 ( 4, 2, 2, 2, 2, 2, 1, 1, 1, 2, 2, 2, 2, 1, 1, 1, 1, 1, 2, 2, 2, 4 ),
 ( 0.000000000000000000, 0.1250000000009319490, 0.2500000000018638979, 0.3750000000027958746, 0.4375000000032618352, 0.4687500000034972025, 0.4843750000036125547, 0.4921875000036702863, 0.4960937500037013725, 0.4980468750037146952, 0.5000000000037280179, 0.6250000000045028425, 0.6875000000048903104, 0.7187500000050840443, 0.7343750000051808557, 0.7421875000052332583, 0.7460937500052593485, 0.7480468750052724491, 0.7490234375052789995, 0.7500000000052854388, 0.8750000000026427749, 1.000000000000000000 ),
 .UNSPECIFIED. ) ;
#1129 = CARTESIAN_POINT ( 'NONE',  ( 0.01393819036725089944, 0.04990270069763820537, 0.04863754813920019571 ) ) ;
#1130 = CARTESIAN_POINT ( 'NONE',  ( -0.01158953930497940051, 0.04699070047950899831, 0.1313829370869639968 ) ) ;
#1131 = CARTESIAN_POINT ( 'NONE',  ( 0.07874131836053183120, 0.04010877026766920816, 0.1304455150096922311 ) ) ;
#1132 = PERSON_AND_ORGANIZATION ( #633, #8323 ) ;
#1133 = EDGE_CURVE ( 'NONE', #7358, #2074, #1599, .T. ) ;
#1134 = EDGE_CURVE ( 'NONE', #6010, #1701, #3795, .T. ) ;
#1135 = ORIENTED_EDGE ( 'NONE', *, *, #8111, .T. ) ;
#1136 = EDGE_LOOP ( 'NONE', ( #6011, #6204, #2343, #4751 ) ) ;
#1137 = CARTESIAN_POINT ( 'NONE',  ( 0.01638196445576880003, 0.04037124799189970026, 0.04627618244815889792 ) ) ;
#1138 = B_SPLINE_CURVE_WITH_KNOTS ( 'NONE', 3,
 ( #7503, #5492, #8369, #3367 ),
 .UNSPECIFIED., .F., .F.,
 ( 4, 4 ),
 ( 0.000000000000000000, 1.000000000000000000 ),
 .UNSPECIFIED. ) ;
#1139 = AXIS2_PLACEMENT_3D ( 'NONE', #1960, #2715, #6290 ) ;
#1140 = CARTESIAN_POINT ( 'NONE',  ( 0.07635691464559722641, 0.04010757410786770089, 0.1313595014051849030 ) ) ;
#1141 = ORIENTED_EDGE ( 'NONE', *, *, #4283, .T. ) ;
#1142 = B_SPLINE_SURFACE_WITH_KNOTS ( 'NONE', 3, 3, ( 
 ( #6221, #4577, #2459, #6928, #2598, #999 ),
 ( #5523, #8914, #7637, #5480, #3971, #5333 ),
 ( #5379, #481, #9102, #2646, #8354, #6839 ),
 ( #7589, #3261, #1709, #3873, #6029, #8204 ),
 ( #394, #1891, #4768, #1145, #431, #3160 ) ),
 .UNSPECIFIED., .F., .F., .F.,
 ( 4, 1, 4 ),
 ( 4, 1, 1, 4 ),
 ( 0.000000000000000000, 0.5714285714285709528, 1.000000000000000000 ),
 ( -1.570796326794899889, -1.032310598655340028, -0.6733201132289690083, -0.3143296278025979884 ),
 .UNSPECIFIED. ) ;
#1143 = CARTESIAN_POINT ( 'NONE',  ( 0.08553935415732699665, 0.04910556980949664502, 0.08823915494497056033 ) ) ;
#1144 = CARTESIAN_POINT ( 'NONE',  ( 0.04077925308366800450, 0.04010757410786770089, 0.09287956601695539216 ) ) ;
#1145 = CARTESIAN_POINT ( 'NONE',  ( 0.08608118719442549305, 0.04111424790999889528, 0.1190739666314360040 ) ) ;
#1146 = DIRECTION ( 'NONE',  ( 5.979188663871559846E-17, 1.000000000000000000, -7.523851983841548700E-18 ) ) ;
#1147 =( BOUNDED_CURVE ( )  B_SPLINE_CURVE ( 3, ( #8974, #7555, #1246, #7601 ),
 .UNSPECIFIED., .F., .F. ) 
 B_SPLINE_CURVE_WITH_KNOTS ( ( 4, 4 ),
 ( 1.105390792472700001, 1.570796326794889897 ),
 .UNSPECIFIED. ) 
 CURVE ( )  GEOMETRIC_REPRESENTATION_ITEM ( )  RATIONAL_B_SPLINE_CURVE ( ( 1.000000000000000000, 0.9820311128675449641, 0.9820311128675449641, 1.000000000000000000 ) ) 
 REPRESENTATION_ITEM ( '' )  );
#1148 = ORIENTED_EDGE ( 'NONE', *, *, #1620, .T. ) ;
#1149 = DIRECTION ( 'NONE',  ( 0.005742101684089277736, 0.000000000000000000, -0.9999835139982307108 ) ) ;
#1150 = EDGE_CURVE ( 'NONE', #3724, #1252, #4313, .T. ) ;
#1151 = CIRCLE ( 'NONE', #2803, 0.003149999999999997420 ) ;
#1152 = CYLINDRICAL_SURFACE ( 'NONE', #2877, 0.004999999999999998369 ) ;
#1153 = EDGE_CURVE ( 'NONE', #572, #2052, #4298, .T. ) ;
#1154 = ADVANCED_FACE ( 'NONE', ( #3085 ), #3929, .F. ) ;
#1155 = LINE ( 'NONE', #4022, #3440 ) ;
#1156 = LINE ( 'NONE', #3223, #2579 ) ;
#1157 = DIRECTION ( 'NONE',  ( 2.782067481665859993E-18, 1.000000000000000000, -1.690564126505299978E-17 ) ) ;
#1158 = CIRCLE ( 'NONE', #3863, 0.04900000000000002270 ) ;
#1159 = CARTESIAN_POINT ( 'NONE',  ( 0.07946425716708527265, 0.04010757410786770089, 0.1288431651052675542 ) ) ;
#1160 = DIRECTION ( 'NONE',  ( -0.005742101684089325440, 0.000000000000000000, 0.9999835139982307108 ) ) ;
#1161 = DIRECTION ( 'NONE',  ( 2.782067481665859993E-18, 1.000000000000000000, -1.690564126505299978E-17 ) ) ;
#1162 = EDGE_CURVE ( 'NONE', #7768, #7667, #8793, .T. ) ;
#1163 = EDGE_LOOP ( 'NONE', ( #1711, #6236, #6042 ) ) ;
#1164 = DIRECTION ( 'NONE',  ( 5.979188663871559846E-17, 1.000000000000000000, -7.523851983841548700E-18 ) ) ;
#1165 = PLANE ( 'NONE',  #1081 ) ;
#1166 = CARTESIAN_POINT ( 'NONE',  ( 0.08470336599229350005, 0.04416030888467410015, 0.07116154803210440749 ) ) ;
#1167 = CARTESIAN_POINT ( 'NONE',  ( 0.07752574263851010061, 0.04950000073015689561, 0.05090661464988299745 ) ) ;
#1168 = CARTESIAN_POINT ( 'NONE',  ( 0.01739090357762619957, 0.05194254130748919562, 0.1359534915768189911 ) ) ;
#1169 = CARTESIAN_POINT ( 'NONE',  ( 0.008725526698831243683, 0.04893557217635861184, 0.05515927555674957766 ) ) ;
#1170 = ORIENTED_EDGE ( 'NONE', *, *, #7536, .F. ) ;
#1171 = DIRECTION ( 'NONE',  ( -0.005742101684089277736, 0.000000000000000000, 0.9999835139982307108 ) ) ;
#1172 = CARTESIAN_POINT ( 'NONE',  ( -0.003312168953191869936, 0.04436680009032119981, 0.06532831431392359389 ) ) ;
#1173 = CYLINDRICAL_SURFACE ( 'NONE', #7397, 0.005000000000000000104 ) ;
#1174 = CARTESIAN_POINT ( 'NONE',  ( 0.003221337686575869840, 0.09210757410786771238, 0.1243502347582590012 ) ) ;
#1175 = VERTEX_POINT ( 'NONE', #2513 ) ;
#1176 = ORIENTED_EDGE ( 'NONE', *, *, #7133, .F. ) ;
#1177 = CARTESIAN_POINT ( 'NONE',  ( 0.01765112694228970075, 0.04103593224267949868, 0.1371214892677170005 ) ) ;
#1178 = LINE ( 'NONE', #1221, #5309 ) ;
#1179 = CARTESIAN_POINT ( 'NONE',  ( 0.07833019519545379727, 0.04011245883451911715, 0.1307061187992796247 ) ) ;
#1180 = CARTESIAN_POINT ( 'NONE',  ( 0.08547116484883060528, 0.05042654348519097496, 0.09813627818093330346 ) ) ;
#1181 = ORIENTED_EDGE ( 'NONE', *, *, #3719, .T. ) ;
#1182 = ORIENTED_EDGE ( 'NONE', *, *, #2392, .T. ) ;
#1183 = EDGE_CURVE ( 'NONE', #4052, #8519, #1158, .T. ) ;
#1184 = CARTESIAN_POINT ( 'NONE',  ( 0.05210371493804120263, 0.1166543397324600051, 0.07994437897892439637 ) ) ;
#1185 = EDGE_CURVE ( 'NONE', #939, #6857, #6041, .T. ) ;
#1186 = CARTESIAN_POINT ( 'NONE',  ( 0.003947558899249554477, 0.04379265824766450516, 0.1464378245166662595 ) ) ;
#1187 = EDGE_LOOP ( 'NONE', ( #7814, #1036, #3426, #5596 ) ) ;
#1188 = CARTESIAN_POINT ( 'NONE',  ( 0.08572136288325277187, 0.04580165226953044483, 0.09059577288932033068 ) ) ;
#1189 = ADVANCED_FACE ( 'NONE', ( #5252 ), #7418, .F. ) ;
#1190 = PLANE ( 'NONE',  #963 ) ;
#1191 = CARTESIAN_POINT ( 'NONE',  ( -0.004836854727152464783, 0.04042953334230336288, 0.06835361582488790055 ) ) ;
#1192 = DIRECTION ( 'NONE',  ( -0.005742101684089324573, 0.000000000000000000, 0.9999835139982307108 ) ) ;
#1193 = CARTESIAN_POINT ( 'NONE',  ( 0.07497676712632191098, 0.04728496089784869905, 0.1279790620012663804 ) ) ;
#1194 = ORIENTED_EDGE ( 'NONE', *, *, #7307, .T. ) ;
#1195 = CARTESIAN_POINT ( 'NONE',  ( 0.07769255069456511287, 0.04879757369679567358, 0.1251042724295827746 ) ) ;
#1196 = FACE_OUTER_BOUND ( 'NONE', #8468, .T. ) ;
#1197 = CARTESIAN_POINT ( 'NONE',  ( 0.07945593111964334432, 0.04010757410786770089, 0.1302931412005650103 ) ) ;
#1198 = CARTESIAN_POINT ( 'NONE',  ( 0.05210371493804120263, 0.07410757410786771027, 0.07994437897892439637 ) ) ;
#1199 = CARTESIAN_POINT ( 'NONE',  ( 0.01330421440597156016, 0.04290320346592266243, 0.1374068550998632510 ) ) ;
#1200 = CARTESIAN_POINT ( 'NONE',  ( 0.003344143542828711610, 0.04011256449496646698, 0.05493887435994877083 ) ) ;
#1201 = CARTESIAN_POINT ( 'NONE',  ( 0.07989280024107690836, 0.04010757410786770089, 0.05421264955384510337 ) ) ;
#1202 = LINE ( 'NONE', #5491, #4221 ) ;
#1203 = CARTESIAN_POINT ( 'NONE',  ( 0.07884450404778098331, 0.04011186289069531424, 0.05555139864742453248 ) ) ;
#1204 = ORIENTED_EDGE ( 'NONE', *, *, #8177, .F. ) ;
#1205 = AXIS2_PLACEMENT_3D ( 'NONE', #4462, #6759, #7335 ) ;
#1206 = LINE ( 'NONE', #8415, #1856 ) ;
#1207 = CARTESIAN_POINT ( 'NONE',  ( 0.07547486168117725769, 0.04108375891469784325, 0.1478441794322974678 ) ) ;
#1208 = CARTESIAN_POINT ( 'NONE',  ( 0.07715381174472210613, 0.04950000073015689561, 0.05127854554129410158 ) ) ;
#1209 = CARTESIAN_POINT ( 'NONE',  ( 0.01340820342660510069, 0.05136035699334130095, 0.1367013023035779928 ) ) ;
#1210 = CARTESIAN_POINT ( 'NONE',  ( 0.08414524157416342076, 0.05200004185965799441, 0.06797151182222709032 ) ) ;
#1211 = ORIENTED_EDGE ( 'NONE', *, *, #3389, .F. ) ;
#1212 = LINE ( 'NONE', #1259, #5156 ) ;
#1213 = CARTESIAN_POINT ( 'NONE',  ( -0.004464156886188860515, 0.04066549790769059813, 0.06783819455156890610 ) ) ;
#1214 = ADVANCED_FACE ( 'NONE', ( #6087 ), #8170, .F. ) ;
#1215 = CARTESIAN_POINT ( 'NONE',  ( 0.008184227910402283590, 0.04768160343677484841, 0.05629131206890860412 ) ) ;
#1216 = CARTESIAN_POINT ( 'NONE',  ( 0.08955139042243516478, 0.04948896340135610500, 0.08815954277459341071 ) ) ;
#1217 = ORIENTED_EDGE ( 'NONE', *, *, #4920, .F. ) ;
#1218 = ORIENTED_EDGE ( 'NONE', *, *, #2688, .F. ) ;
#1219 = DIRECTION ( 'NONE',  ( -0.005742101684089251715, 0.000000000000000000, 0.9999835139982305998 ) ) ;
#1220 = AXIS2_PLACEMENT_3D ( 'NONE', #7697, #6282, #6855 ) ;
#1221 = CARTESIAN_POINT ( 'NONE',  ( 0.01603320888973450500, 0.09210757410786771238, 0.04940704194780925346 ) ) ;
#1222 = CARTESIAN_POINT ( 'NONE',  ( 0.07861479121762733613, 0.04010992192747810103, 0.1305101809883674191 ) ) ;
#1223 = AXIS2_PLACEMENT_3D ( 'NONE', #6084, #489, #3312 ) ;
#1224 = CARTESIAN_POINT ( 'NONE',  ( 0.01832515586398589941, 0.04131098150787400336, 0.04857620887260499787 ) ) ;
#1225 = ORIENTED_EDGE ( 'NONE', *, *, #1038, .F. ) ;
#1226 = VERTEX_POINT ( 'NONE', #3271 ) ;
#1227 = CARTESIAN_POINT ( 'NONE',  ( -0.009752706274295129887, 0.04743424316138779989, 0.04333142771584800462 ) ) ;
#1228 = CYLINDRICAL_SURFACE ( 'NONE', #1359, 0.008000000000000003636 ) ;
#1229 = ORIENTED_EDGE ( 'NONE', *, *, #5186, .F. ) ;
#1230 = CARTESIAN_POINT ( 'NONE',  ( 0.08569265529848568708, 0.04614258325055538984, 0.09007588592160405139 ) ) ;
#1231 = DIRECTION ( 'NONE',  ( 1.000000000000000000, -5.979188663871559846E-17, 0.000000000000000000 ) ) ;
#1232 = DIRECTION ( 'NONE',  ( 0.005742101684089277736, 0.000000000000000000, -0.9999835139982307108 ) ) ;
#1233 = CARTESIAN_POINT ( 'NONE',  ( 0.06301734947925340113, 0.04415657025026400312, 0.04921645723275810264 ) ) ;
#1234 = CIRCLE ( 'NONE', #1086, 0.002999999999999999629 ) ;
#1235 = CARTESIAN_POINT ( 'NONE',  ( 0.04077925308366790041, 0.07410757410786771027, 0.09287956601695539216 ) ) ;
#1236 = ORIENTED_EDGE ( 'NONE', *, *, #8520, .F. ) ;
#1237 = CARTESIAN_POINT ( 'NONE',  ( 0.01684511081464850138, 0.09210757410786771238, 0.04447340077071489789 ) ) ;
#1238 = CIRCLE ( 'NONE', #2586, 0.003150000000000011732 ) ;
#1239 = CARTESIAN_POINT ( 'NONE',  ( 0.01330957689741840005, 0.04510757410786769839, 0.04800893466535029880 ) ) ;
#1240 = LINE ( 'NONE', #1197, #9122 ) ;
#1241 = B_SPLINE_CURVE_WITH_KNOTS ( 'NONE', 3,
 ( #4450, #5205, #8074, #1622, #4493 ),
 .UNSPECIFIED., .F., .F.,
 ( 4, 1, 4 ),
 ( 0.000000000000000000, 0.4285714285714290472, 1.000000000000000000 ),
 .UNSPECIFIED. ) ;
#1242 = B_SPLINE_CURVE_WITH_KNOTS ( 'NONE', 3,
 ( #2174, #5048, #5000, #6372 ),
 .UNSPECIFIED., .F., .F.,
 ( 4, 4 ),
 ( 0.5000178584637680057, 1.000000000000000000 ),
 .UNSPECIFIED. ) ;
#1243 = CARTESIAN_POINT ( 'NONE',  ( 0.08433598464672896478, 0.04990270069763831640, 0.06762182351631214339 ) ) ;
#1244 = CARTESIAN_POINT ( 'NONE',  ( -0.01405043058510326709, 0.04079362770442082620, 0.05796836185468573488 ) ) ;
#1245 = CARTESIAN_POINT ( 'NONE',  ( 0.002609881894240030208, 0.04010757410786770089, 0.05539157990135200327 ) ) ;
#1246 = CARTESIAN_POINT ( 'NONE',  ( 0.07410471217439851266, 0.04950000073015689561, 0.1400704463932343491 ) ) ;
#1247 = EDGE_CURVE ( 'NONE', #160, #8569, #9090, .T. ) ;
#1248 = DIRECTION ( 'NONE',  ( 5.979188663871559846E-17, 1.000000000000000000, -7.523851983841559485E-18 ) ) ;
#1249 = DIRECTION ( 'NONE',  ( -0.005742101684089277736, 0.000000000000000000, 0.9999835139982307108 ) ) ;
#1250 = ADVANCED_FACE ( 'NONE', ( #6231 ), #4255, .F. ) ;
#1251 = ORIENTED_EDGE ( 'NONE', *, *, #9186, .F. ) ;
#1252 = VERTEX_POINT ( 'NONE', #7033 ) ;
#1253 = FACE_OUTER_BOUND ( 'NONE', #2988, .T. ) ;
#1254 = CARTESIAN_POINT ( 'NONE',  ( 0.08970810015870414600, 0.05417579740681831291, 0.09023531359859042478 ) ) ;
#1255 = B_SPLINE_CURVE_WITH_KNOTS ( 'NONE', 3,
 ( #8457, #1435, #2138, #2760, #8503 ),
 .UNSPECIFIED., .F., .F.,
 ( 4, 1, 4 ),
 ( 0.000000000000000000, 0.4285714285714324334, 0.6250493075172619539 ),
 .UNSPECIFIED. ) ;
#1256 = CARTESIAN_POINT ( 'NONE',  ( -0.002883855700529440284, 0.04985783708471699938, 0.07064146962137000940 ) ) ;
#1257 = CARTESIAN_POINT ( 'NONE',  ( 0.01841674558323370264, 0.05215222490884110357, 0.1364799789010229802 ) ) ;
#1258 = CARTESIAN_POINT ( 'NONE',  ( 0.01542280509880319950, 0.04053754202716920024, 0.1388563357059630077 ) ) ;
#1259 = CARTESIAN_POINT ( 'NONE',  ( 0.03095735511281090188, 0.04010757410786770089, 0.05858564515906530129 ) ) ;
#1260 = CARTESIAN_POINT ( 'NONE',  ( -0.01308375260272995159, 0.04259681251097943017, 0.05649551037274265497 ) ) ;
#1261 = CARTESIAN_POINT ( 'NONE',  ( 0.003478554931978265416, 0.04888038837119148411, 0.06033870412853805515 ) ) ;
#1262 = CARTESIAN_POINT ( 'NONE',  ( 0.07641598206640566604, 0.04219152141738543443, 0.1472397005858946673 ) ) ;
#1263 = EDGE_LOOP ( 'NONE', ( #1705, #5605, #873, #8105 ) ) ;
#1264 = VERTEX_POINT ( 'NONE', #1903 ) ;
#1265 = B_SPLINE_CURVE_WITH_KNOTS ( 'NONE', 3,
 ( #4184, #4986, #8479, #2159, #9184, #5734 ),
 .UNSPECIFIED., .F., .F.,
 ( 4, 2, 4 ),
 ( 0.4955150462162378200, 0.7477575231081188267, 1.000000000000000000 ),
 .UNSPECIFIED. ) ;
#1266 = EDGE_CURVE ( 'NONE', #8547, #9135, #9278, .T. ) ;
#1267 = CARTESIAN_POINT ( 'NONE',  ( 0.01178986554335463566, 0.04050662615237295150, 0.05002475721880463716 ) ) ;
#1268 = AXIS2_PLACEMENT_3D ( 'NONE', #8866, #911, #2413 ) ;
#1269 = ADVANCED_FACE ( 'NONE', ( #2756 ), #5669, .F. ) ;
#1270 = DIRECTION ( 'NONE',  ( 0.7071067834460210699, 4.838821390337319834E-15, -0.7071067789270740755 ) ) ;
#1271 = ADVANCED_FACE ( 'NONE', ( #4161 ), #7079, .F. ) ;
#1272 = DIRECTION ( 'NONE',  ( -0.005742101684087365203, 0.000000000000000000, 0.9999835139982307108 ) ) ;
#1273 = CARTESIAN_POINT ( 'NONE',  ( 0.01934234219034190044, 0.04410757410786769750, 0.04881757728117999684 ) ) ;
#1274 = EDGE_LOOP ( 'NONE', ( #8125, #6570, #1607, #2430, #2169, #1791, #1920 ) ) ;
#1275 = ORIENTED_EDGE ( 'NONE', *, *, #4498, .F. ) ;
#1276 = CARTESIAN_POINT ( 'NONE',  ( 0.007733790487563399312, 0.04799617542089342631, 0.1297339779875087140 ) ) ;
#1277 = B_SPLINE_CURVE_WITH_KNOTS ( 'NONE', 3,
 ( #4785, #8322, #7701, #4031 ),
 .UNSPECIFIED., .F., .F.,
 ( 4, 4 ),
 ( 0.5000184769874617130, 1.000000000000000000 ),
 .UNSPECIFIED. ) ;
#1278 = LINE ( 'NONE', #7109, #3924 ) ;
#1279 = ORIENTED_EDGE ( 'NONE', *, *, #9186, .T. ) ;
#1280 = CARTESIAN_POINT ( 'NONE',  ( 0.08577600213620467651, 0.04517320217184125908, 0.09233716971693914366 ) ) ;
#1281 = DIRECTION ( 'NONE',  ( 0.9999835139982308219, -5.974769818641938370E-17, 0.005742101684089249113 ) ) ;
#1282 = CARTESIAN_POINT ( 'NONE',  ( 0.07028699918016202697, 0.04021099613171933568, 0.1362527333745995051 ) ) ;
#1283 = DIRECTION ( 'NONE',  ( 8.574484556186029215E-17, 1.000000000000000000, 1.872888228016889791E-17 ) ) ;
#1284 = CARTESIAN_POINT ( 'NONE',  ( 0.06331316036316660123, 0.04308286378768050318, 0.04936711693460930223 ) ) ;
#1285 = ORIENTED_EDGE ( 'NONE', *, *, #2121, .T. ) ;
#1286 = CARTESIAN_POINT ( 'NONE',  ( 0.001655944353398268237, 0.03865757410786770099, 0.1332464544538629891 ) ) ;
#1287 = CARTESIAN_POINT ( 'NONE',  ( 0.06417969354252252290, 0.05200021765298409870, 0.1362517412494712032 ) ) ;
#1288 = CIRCLE ( 'NONE', #4894, 0.05349999999999999201 ) ;
#1289 = CARTESIAN_POINT ( 'NONE',  ( 0.08618559653631918671, 0.04157231821423756218, 0.06694552330299610721 ) ) ;
#1290 = CARTESIAN_POINT ( 'NONE',  ( 0.08564988443527300765, 0.04990270069763830252, 0.06540988983070589180 ) ) ;
#1291 = FACE_OUTER_BOUND ( 'NONE', #5776, .T. ) ;
#1292 = CARTESIAN_POINT ( 'NONE',  ( 0.06530520329415044622, 0.04042953335073389692, 0.04726345821945077130 ) ) ;
#1293 = DIRECTION ( 'NONE',  ( -5.979188663871559846E-17, -1.000000000000000000, 7.523851983841539456E-18 ) ) ;
#1294 = AXIS2_PLACEMENT_3D ( 'NONE', #5539, #1164, #5585 ) ;
#1295 = CARTESIAN_POINT ( 'NONE',  ( 0.01737881864245482619, 0.05200021555940448348, 0.04950742489808869495 ) ) ;
#1296 = ORIENTED_EDGE ( 'NONE', *, *, #2555, .T. ) ;
#1297 = VERTEX_POINT ( 'NONE', #7695 ) ;
#1298 = CARTESIAN_POINT ( 'NONE',  ( -0.002965059536857700146, 0.05323148438807159821, 0.1149574987407799981 ) ) ;
#1299 = EDGE_CURVE ( 'NONE', #6173, #6264, #8409, .T. ) ;
#1300 = CARTESIAN_POINT ( 'NONE',  ( 0.08974180091558971173, 0.05460170856139958534, 0.09096808250139901131 ) ) ;
#1301 = EDGE_CURVE ( 'NONE', #5835, #818, #2702, .T. ) ;
#1302 = CARTESIAN_POINT ( 'NONE',  ( 0.01337104080228749929, 0.04492807886515449989, 0.1368279486330780115 ) ) ;
#1303 = CARTESIAN_POINT ( 'NONE',  ( -0.0004618023472570699766, 0.09210757410786771238, 0.1202552002003560022 ) ) ;
#1304 = EDGE_CURVE ( 'NONE', #5779, #8130, #7169, .T. ) ;
#1305 = CARTESIAN_POINT ( 'NONE',  ( 0.06833767870933570021, 0.05200000073014460211, 0.1374729234291370006 ) ) ;
#1306 = CARTESIAN_POINT ( 'NONE',  ( 0.06274882927895111817, 0.04291077705112028573, 0.04908073358590749058 ) ) ;
#1307 = CARTESIAN_POINT ( 'NONE',  ( -0.004042272076622030301, 0.04118629268965429829, 0.06711014419032110268 ) ) ;
#1308 = CARTESIAN_POINT ( 'NONE',  ( 0.07798517966782453348, 0.04793144250378147952, 0.06023072116148298766 ) ) ;
#1309 = CARTESIAN_POINT ( 'NONE',  ( 0.06493627098028680045, 0.04010757410786770089, 0.04585027227216560003 ) ) ;
#1310 = CARTESIAN_POINT ( 'NONE',  ( 0.07596217030154944760, 0.04157203745078008605, 0.1475345043770630860 ) ) ;
#1311 = ORIENTED_EDGE ( 'NONE', *, *, #2476, .T. ) ;
#1312 = ORIENTED_EDGE ( 'NONE', *, *, #6884, .T. ) ;
#1313 = CARTESIAN_POINT ( 'NONE',  ( 0.08473310855996600555, 0.04950000073015689561, 0.1238287850757759934 ) ) ;
#1314 = CARTESIAN_POINT ( 'NONE',  ( 0.004835086875574539679, 0.04950000073015689561, 0.05084815312448440205 ) ) ;
#1315 = DIRECTION ( 'NONE',  ( -5.949020934865869497E-17, -1.000000000000000000, 9.427517956571029115E-18 ) ) ;
#1316 = EDGE_CURVE ( 'NONE', #8833, #6351, #542, .T. ) ;
#1317 = CARTESIAN_POINT ( 'NONE',  ( 0.01883177466091250085, 0.04336150569777760116, 0.04906890846547239809 ) ) ;
#1318 = EDGE_LOOP ( 'NONE', ( #4737, #7328, #1518, #3264 ) ) ;
#1319 = ORIENTED_EDGE ( 'NONE', *, *, #492, .F. ) ;
#1320 = EDGE_CURVE ( 'NONE', #4336, #5987, #1151, .T. ) ;
#1321 = CARTESIAN_POINT ( 'NONE',  ( 0.04077925308366790041, 0.04410757410786769750, 0.09287956601695539216 ) ) ;
#1322 = CARTESIAN_POINT ( 'NONE',  ( -0.01502328579450975567, 0.04026795109758957159, 0.1262129395389368913 ) ) ;
#1323 = ORIENTED_EDGE ( 'NONE', *, *, #5867, .F. ) ;
#1324 = CARTESIAN_POINT ( 'NONE',  ( 0.08576857690807815349, 0.04526724163136005424, 0.09184492474298457110 ) ) ;
#1325 = DIRECTION ( 'NONE',  ( 0.000000000000000000, -1.000000000000000000, 6.977758335991800415E-15 ) ) ;
#1326 = CARTESIAN_POINT ( 'NONE',  ( 0.004348791314825419495, 0.04510757410786769839, 0.03904814902549119671 ) ) ;
#1327 = CARTESIAN_POINT ( 'NONE',  ( -0.003415556550095030439, 0.04990270069763821925, 0.1195584138312486971 ) ) ;
#1328 = ORIENTED_EDGE ( 'NONE', *, *, #8989, .F. ) ;
#1329 = EDGE_CURVE ( 'NONE', #2929, #78, #2899, .T. ) ;
#1330 = ORIENTED_EDGE ( 'NONE', *, *, #6561, .T. ) ;
#1331 = CARTESIAN_POINT ( 'NONE',  ( 0.07328788609663541842, 0.04810346070778245831, 0.1302083568544519510 ) ) ;
#1332 = CARTESIAN_POINT ( 'NONE',  ( 0.06387944810975786092, 0.05200244310344921683, 0.1362989493715842937 ) ) ;
#1333 = CARTESIAN_POINT ( 'NONE',  ( 0.002799175192246994466, 0.04012474280259409332, 0.1285887887883135627 ) ) ;
#1334 = LINE ( 'NONE', #6328, #581 ) ;
#1335 = CARTESIAN_POINT ( 'NONE',  ( 0.003522622721536567900, 0.04011098857772475018, 0.05471564229632387005 ) ) ;
#1336 =( BOUNDED_CURVE ( )  B_SPLINE_CURVE ( 3, ( #9096, #3965, #2638, #4617 ),
 .UNSPECIFIED., .F., .F. ) 
 B_SPLINE_CURVE_WITH_KNOTS ( ( 4, 4 ),
 ( 4.712388980384689674, 5.181573038616259730 ),
 .UNSPECIFIED. ) 
 CURVE ( )  GEOMETRIC_REPRESENTATION_ITEM ( )  RATIONAL_B_SPLINE_CURVE ( ( 1.000000000000000000, 0.9817395023706201318, 0.9817395023706201318, 1.000000000000000000 ) ) 
 REPRESENTATION_ITEM ( '' )  );
#1337 = LINE ( 'NONE', #7127, #9068 ) ;
#1338 = CARTESIAN_POINT ( 'NONE',  ( 0.009308584342364102301, 0.04993505383646212881, 0.05532165061986330651 ) ) ;
#1339 = B_SPLINE_CURVE_WITH_KNOTS ( 'NONE', 3,
 ( #6662, #2287, #7411, #3878, #3836, #7455 ),
 .UNSPECIFIED., .F., .F.,
 ( 4, 2, 4 ),
 ( 0.4999997728995146384, 0.7499998864497572360, 1.000000000000000000 ),
 .UNSPECIFIED. ) ;
#1340 = CARTESIAN_POINT ( 'NONE',  ( 0.01594946624095703452, 0.05200008963819174879, 0.04952404003970299617 ) ) ;
#1341 = ORIENTED_EDGE ( 'NONE', *, *, #1934, .F. ) ;
#1342 = ORIENTED_EDGE ( 'NONE', *, *, #2853, .F. ) ;
#1343 = CARTESIAN_POINT ( 'NONE',  ( 0.08536224721432880691, 0.04985783708471710346, 0.1209223898169300010 ) ) ;
#1344 = CARTESIAN_POINT ( 'NONE',  ( 0.08975048815106165256, 0.05470753179603499161, 0.09120095311822894180 ) ) ;
#1345 = CARTESIAN_POINT ( 'NONE',  ( 0.07925918847234861286, 0.04010757410786766619, 0.05730190445509592001 ) ) ;
#1346 = CARTESIAN_POINT ( 'NONE',  ( 0.06560037610974299438, 0.04056116704352170227, 0.1391128324098239999 ) ) ;
#1347 = CARTESIAN_POINT ( 'NONE',  ( 0.007065601379594750077, 0.04728730665580380133, 0.05732130834343539955 ) ) ;
#1348 = ADVANCED_FACE ( 'NONE', ( #5056 ), #2984, .F. ) ;
#1349 = DIRECTION ( 'NONE',  ( -0.005742101684089249113, 7.867059038567468492E-18, 0.9999835139982308219 ) ) ;
#1350 = EDGE_CURVE ( 'NONE', #6057, #8548, #8025, .T. ) ;
#1351 = CIRCLE ( 'NONE', #6155, 0.04950000000000000927 ) ;
#1352 = CYLINDRICAL_SURFACE ( 'NONE', #9038, 0.003000000000000000062 ) ;
#1353 = CARTESIAN_POINT ( 'NONE',  ( 0.07811293432471783094, 0.04811094364647918592, 0.06037654799609894207 ) ) ;
#1354 = CARTESIAN_POINT ( 'NONE',  ( 0.07640041207729189598, 0.04010757410786770089, 0.1327967682229090063 ) ) ;
#1355 = VERTEX_POINT ( 'NONE', #2329 ) ;
#1356 = ORIENTED_EDGE ( 'NONE', *, *, #3592, .F. ) ;
#1357 = EDGE_CURVE ( 'NONE', #3296, #8769, #3692, .T. ) ;
#1358 = DIRECTION ( 'NONE',  ( -5.979188663871559846E-17, -1.000000000000000000, 7.523851983841530211E-18 ) ) ;
#1359 = AXIS2_PLACEMENT_3D ( 'NONE', #6973, #6216, #9097 ) ;
#1360 = B_SPLINE_CURVE_WITH_KNOTS ( 'NONE', 3,
 ( #2281, #8785, #5158, #1710, #4578, #8027, #5204, #1621, #208, #1574, #4492, #913, #3785, #3077, #8830, #8205, #6887 ),
 .UNSPECIFIED., .F., .F.,
 ( 4, 2, 2, 2, 1, 1, 1, 2, 2, 4 ),
 ( 0.000000000000000000, 0.1006603598425715035, 0.2013207196851430070, 0.2044663559302217215, 0.2076119921753004083, 0.2139032646654570047, 0.2264858096457739722, 0.2516508996064128478, 0.3019810795276886006, 0.4026414393702485439 ),
 .UNSPECIFIED. ) ;
#1361 = DIRECTION ( 'NONE',  ( 0.000000000000000000, 0.000000000000000000, -1.000000000000000000 ) ) ;
#1362 = DIRECTION ( 'NONE',  ( 5.979188663871559846E-17, 1.000000000000000000, -7.523851983841548700E-18 ) ) ;
#1363 = DIRECTION ( 'NONE',  ( -0.6902684877569650324, 0.2169304578186495025, -0.6902684921683039931 ) ) ;
#1364 = ORIENTED_EDGE ( 'NONE', *, *, #8263, .F. ) ;
#1365 = ORIENTED_EDGE ( 'NONE', *, *, #5929, .F. ) ;
#1366 = CARTESIAN_POINT ( 'NONE',  ( 0.005258549669451250026, 0.06690757410786771220, 0.08767551673209487972 ) ) ;
#1367 = VECTOR ( 'NONE', #1807, 1.000000000000000000 ) ;
#1368 = CARTESIAN_POINT ( 'NONE',  ( 0.06355980874302939732, 0.04990270069763820537, 0.1362783134532579987 ) ) ;
#1369 = EDGE_LOOP ( 'NONE', ( #8101, #3915, #5507, #3145, #6161 ) ) ;
#1370 = CARTESIAN_POINT ( 'NONE',  ( 0.004695761354377472364, 0.04016292511063298404, 0.05566344394745450369 ) ) ;
#1371 = CARTESIAN_POINT ( 'NONE',  ( 0.06323337897789019224, 0.04131124148860339934, 0.1371831691203070080 ) ) ;
#1372 = AXIS2_PLACEMENT_3D ( 'NONE', #5980, #6073, #6835 ) ;
#1373 = VECTOR ( 'NONE', #6333, 1.000000000000000000 ) ;
#1374 = CARTESIAN_POINT ( 'NONE',  ( 0.07065849502627676026, 0.04010757410786770089, 0.1366242292230883670 ) ) ;
#1375 = CARTESIAN_POINT ( 'NONE',  ( -0.002777478473492736664, 0.04990270069763820537, 0.1181373084976022753 ) ) ;
#1376 = EDGE_LOOP ( 'NONE', ( #7388, #7347 ) ) ;
#1377 = ORIENTED_EDGE ( 'NONE', *, *, #897, .T. ) ;
#1378 = CARTESIAN_POINT ( 'NONE',  ( 0.07342809793915416883, 0.04793144250376387555, 0.1300854926010961976 ) ) ;
#1379 = AXIS2_PLACEMENT_3D ( 'NONE', #80, #6630, #2962 ) ;
#1380 = CARTESIAN_POINT ( 'NONE',  ( 0.06597320561861708121, 0.05199941827051734328, 0.1362938721972404565 ) ) ;
#1381 = ADVANCED_FACE ( 'NONE', ( #5012 ), #4399, .T. ) ;
#1382 = CARTESIAN_POINT ( 'NONE',  ( 0.003444212982175053842, 0.04015768000140070015, 0.1288847929019796557 ) ) ;
#1383 = CARTESIAN_POINT ( 'NONE',  ( 0.07801260196931236734, 0.04944205810525286598, 0.03960031410444209143 ) ) ;
#1384 = ADVANCED_FACE ( 'NONE', ( #1572 ), #7883, .F. ) ;
#1385 = VECTOR ( 'NONE', #8990, 1.000000000000000000 ) ;
#1386 = CARTESIAN_POINT ( 'NONE',  ( 0.003139451077179100484, 0.04871915554162797868, 0.1250275676799116054 ) ) ;
#1387 = DIRECTION ( 'NONE',  ( 2.782067481665859993E-18, 1.000000000000000000, -1.690564126505299978E-17 ) ) ;
#1389 = CARTESIAN_POINT ( 'NONE',  ( 0.01343500052145726875, 0.05199875302423561524, 0.04847083412025254140 ) ) ;
#1388 = AXIS2_PLACEMENT_3D ( 'NONE', #9264, #2850, #4966 ) ;
#1390 = ORIENTED_EDGE ( 'NONE', *, *, #9138, .T. ) ;
#1391 = ORIENTED_EDGE ( 'NONE', *, *, #5950, .F. ) ;
#1392 = DIRECTION ( 'NONE',  ( 0.7071067789270735204, 0.000000000000000000, 0.7071067834460215140 ) ) ;
#1393 = CARTESIAN_POINT ( 'NONE',  ( 0.08958663999599802974, 0.05303061465242950301, 0.09722964335478319342 ) ) ;
#1394 = CIRCLE ( 'NONE', #8012, 0.05300000000000001932 ) ;
#1395 = DIRECTION ( 'NONE',  ( -5.979188663871559846E-17, -1.000000000000000000, 7.523851983841579515E-18 ) ) ;
#1396 = AXIS2_PLACEMENT_3D ( 'NONE', #5615, #6270, #577 ) ;
#1397 = CARTESIAN_POINT ( 'NONE',  ( -0.01576537367859819766, 0.04432088081784599926, 0.04156140097379550091 ) ) ;
#1398 = CARTESIAN_POINT ( 'NONE',  ( 0.09405850499618126359, 0.04944205810526140082, 0.1301129149025998244 ) ) ;
#1399 = CARTESIAN_POINT ( 'NONE',  ( 0.05320033732452539993, 0.06690757410786771220, 0.09795097275291347882 ) ) ;
#1400 = SECURITY_CLASSIFICATION ( '', '', #219 ) ;
#1401 = CARTESIAN_POINT ( 'NONE',  ( 0.07989280024107690836, 0.03865757410786770099, 0.05421264955384290374 ) ) ;
#1402 = VERTEX_POINT ( 'NONE', #3590 ) ;
#1403 = LINE ( 'NONE', #704, #1741 ) ;
#1404 = ORIENTED_EDGE ( 'NONE', *, *, #868, .T. ) ;
#1405 = ORIENTED_EDGE ( 'NONE', *, *, #6830, .T. ) ;
#1406 = AXIS2_PLACEMENT_3D ( 'NONE', #6156, #2582, #4709 ) ;
#1407 = CARTESIAN_POINT ( 'NONE',  ( 0.07944616954678039578, 0.04010757410786770089, 0.1319931131743619923 ) ) ;
#1408 = CARTESIAN_POINT ( 'NONE',  ( -0.002973936625785520132, 0.04410757410786769750, 0.07081899590524409760 ) ) ;
#1409 = CARTESIAN_POINT ( 'NONE',  ( 0.04077925308366800450, 0.04010757410786770089, 0.09287956601695539216 ) ) ;
#1410 = VECTOR ( 'NONE', #6337, 1.000000000000000000 ) ;
#1411 = CARTESIAN_POINT ( 'NONE',  ( 0.08238027355932930895, 0.04950000073015689561, 0.1292541246780099795 ) ) ;
#1412 = ORIENTED_EDGE ( 'NONE', *, *, #8257, .T. ) ;
#1413 = VERTEX_POINT ( 'NONE', #6466 ) ;
#1414 = CARTESIAN_POINT ( 'NONE',  ( 0.006530621520071854848, 0.04722024379072178174, 0.1286204461230679996 ) ) ;
#1415 = DIRECTION ( 'NONE',  ( -4.027934139806210305E-16, 1.000000000000000000, -1.018010760859769879E-17 ) ) ;
#1416 = CARTESIAN_POINT ( 'NONE',  ( 0.07990256181393985691, 0.03865757410786770099, 0.05251267758004591474 ) ) ;
#1417 = ORIENTED_EDGE ( 'NONE', *, *, #434, .F. ) ;
#1418 = CARTESIAN_POINT ( 'NONE',  ( 0.01408084195904278808, 0.05199525691861462545, 0.1362696147143092340 ) ) ;
#1419 = EDGE_CURVE ( 'NONE', #5211, #13, #8069, .T. ) ;
#1420 = EDGE_CURVE ( 'NONE', #1483, #5102, #3970, .T. ) ;
#1421 = DIRECTION ( 'NONE',  ( -0.005742101684089150233, 0.000000000000000000, 0.9999835139982307108 ) ) ;
#1422 = CARTESIAN_POINT ( 'NONE',  ( 0.06887414977284958550, 0.04145169905672497351, 0.1348398839582578557 ) ) ;
#1423 = DIRECTION ( 'NONE',  ( -4.027934139806210305E-16, 1.000000000000000000, -1.018010760859769879E-17 ) ) ;
#1424 = EDGE_LOOP ( 'NONE', ( #6618, #3215, #852, #8729 ) ) ;
#1425 = ORIENTED_EDGE ( 'NONE', *, *, #6303, .T. ) ;
#1426 = DIRECTION ( 'NONE',  ( 0.7071067789270740755, -4.442395266090713235E-17, 0.7071067834460210699 ) ) ;
#1427 = CARTESIAN_POINT ( 'NONE',  ( 0.06304655659103980403, 0.05200768488837685666, 0.1365302873180014309 ) ) ;
#1428 = CARTESIAN_POINT ( 'NONE',  ( 0.004269630366191394001, 0.04016299102048904307, 0.1296771801297651738 ) ) ;
#1429 = ADVANCED_FACE ( 'NONE', ( #1659 ), #5937, .F. ) ;
#1430 = CARTESIAN_POINT ( 'NONE',  ( 0.07783702554136009977, 0.04858878408796802467, 0.03947804219985268787 ) ) ;
#1431 = CARTESIAN_POINT ( 'NONE',  ( -0.002327099332983391736, 0.05200030424199743317, 0.06906641641794733499 ) ) ;
#1432 = CARTESIAN_POINT ( 'NONE',  ( -0.01263130313346344513, 0.05049040987970675187, 0.1299244057827166898 ) ) ;
#1433 = EDGE_CURVE ( 'NONE', #7823, #8413, #5321, .T. ) ;
#1434 = CYLINDRICAL_SURFACE ( 'NONE', #5140, 0.005000000000000003574 ) ;
#1435 = CARTESIAN_POINT ( 'NONE',  ( 0.06869515457992358964, 0.04421009789430180303, 0.04842349418920220000 ) ) ;
#1436 = ORIENTED_EDGE ( 'NONE', *, *, #1988, .T. ) ;
#1437 = ORIENTED_EDGE ( 'NONE', *, *, #867, .T. ) ;
#1438 = ADVANCED_FACE ( 'NONE', ( #5241 ), #6838, .F. ) ;
#1439 = LINE ( 'NONE', #3466, #6503 ) ;
#1440 = EDGE_CURVE ( 'NONE', #4795, #9058, #8301, .T. ) ;
#1441 = CARTESIAN_POINT ( 'NONE',  ( 0.08955139042243509540, 0.05010757410786770283, 0.08815954277459339683 ) ) ;
#1442 = CARTESIAN_POINT ( 'NONE',  ( 0.08549303104450549362, 0.05132137481395079859, 0.06544520533970060727 ) ) ;
#1443 = DIRECTION ( 'NONE',  ( 1.000000000000000000, -5.979188663871559846E-17, 0.000000000000000000 ) ) ;
#1444 = CIRCLE ( 'NONE', #2953, 0.05349999999999999895 ) ;
#1445 = CYLINDRICAL_SURFACE ( 'NONE', #1844, 0.005500000000000001416 ) ;
#1446 = CARTESIAN_POINT ( 'NONE',  ( 0.07292039875186931419, 0.04818718669780464731, 0.1298653302189699821 ) ) ;
#1447 = CARTESIAN_POINT ( 'NONE',  ( 0.07807348177865724992, 0.04805189380780112984, 0.06033132205574900930 ) ) ;
#1448 = VECTOR ( 'NONE', #6936, 1.000000000000000000 ) ;
#1449 = ORIENTED_EDGE ( 'NONE', *, *, #7510, .T. ) ;
#1450 = DIRECTION ( 'NONE',  ( 5.654249765337459873E-17, 1.000000000000000000, 1.030507995274408067E-17 ) ) ;
#1451 = ORIENTED_EDGE ( 'NONE', *, *, #7575, .T. ) ;
#1452 = ORIENTED_EDGE ( 'NONE', *, *, #1666, .T. ) ;
#1453 = DIRECTION ( 'NONE',  ( 5.979188663871559846E-17, 1.000000000000000000, -7.523851983841539456E-18 ) ) ;
#1454 = CARTESIAN_POINT ( 'NONE',  ( -0.003462459195634279806, 0.04103579004256169976, 0.06975149798652699462 ) ) ;
#1455 = FACE_OUTER_BOUND ( 'NONE', #1136, .T. ) ;
#1456 = AXIS2_PLACEMENT_3D ( 'NONE', #7796, #4879, #6431 ) ;
#1457 = CARTESIAN_POINT ( 'NONE',  ( 0.08388179898585036709, 0.05200020037512458754, 0.1167141342985256874 ) ) ;
#1458 = CYLINDRICAL_SURFACE ( 'NONE', #843, 0.003000000000000003098 ) ;
#1459 = ORIENTED_EDGE ( 'NONE', *, *, #6595, .F. ) ;
#1460 = EDGE_LOOP ( 'NONE', ( #1928, #2527 ) ) ;
#1461 = DIRECTION ( 'NONE',  ( 0.005742101684089223959, 0.000000000000000000, -0.9999835139982307108 ) ) ;
#1462 = CARTESIAN_POINT ( 'NONE',  ( 0.08889778113155889783, 0.09210757410786771238, 0.1173868559222940033 ) ) ;
#1463 = ORIENTED_EDGE ( 'NONE', *, *, #2241, .F. ) ;
#1464 = CARTESIAN_POINT ( 'NONE',  ( 0.01725120965591204689, 0.05200358474200949405, 0.1360442508170359444 ) ) ;
#1465 = CARTESIAN_POINT ( 'NONE',  ( 0.09134911679844663623, 0.05200000073015689783, 0.05830094290668529772 ) ) ;
#1466 = DIRECTION ( 'NONE',  ( -0.7071067789270740755, 4.622231866529370974E-32, -0.7071067834460210699 ) ) ;
#1467 = EDGE_CURVE ( 'NONE', #6543, #374, #8973, .T. ) ;
#1468 = EDGE_CURVE ( 'NONE', #6701, #6836, #5025, .T. ) ;
#1469 = CARTESIAN_POINT ( 'NONE',  ( 0.04077925308366800450, 0.04950000073015689561, 0.09287956601695539216 ) ) ;
#1470 = ORIENTED_EDGE ( 'NONE', *, *, #847, .T. ) ;
#1471 = ORIENTED_EDGE ( 'NONE', *, *, #5562, .T. ) ;
#1472 = CARTESIAN_POINT ( 'NONE',  ( 0.08536224721432880691, 0.04985783708471710346, 0.1209223898169300010 ) ) ;
#1473 = ADVANCED_FACE ( 'NONE', ( #7360 ), #8828, .F. ) ;
#1474 = CYLINDRICAL_SURFACE ( 'NONE', #6025, 0.005000000000000001839 ) ;
#1475 = CARTESIAN_POINT ( 'NONE',  ( 0.003557087998261938833, 0.04016267788486021367, 0.1289589396450650238 ) ) ;
#1476 = CARTESIAN_POINT ( 'NONE',  ( 0.07864644759557978815, 0.05128808767424828524, 0.04004600485580963459 ) ) ;
#1477 = DIRECTION ( 'NONE',  ( -0.4999999984023119626, -0.7071067811865466846, -0.5000000015976892032 ) ) ;
#1478 = DIRECTION ( 'NONE',  ( -0.005742101684089150233, 0.000000000000000000, 0.9999835139982307108 ) ) ;
#1479 = B_SPLINE_CURVE_WITH_KNOTS ( 'NONE', 3,
 ( #6144, #313, #1774, #6769, #1169, #368, #1119, #7471, #9027, #2569, #453, #978, #2482, #8275, #1818, #8890, #7514 ),
 .UNSPECIFIED., .F., .F.,
 ( 4, 2, 2, 2, 1, 1, 1, 2, 2, 4 ),
 ( 0.000000000000000000, 0.1006603598425829527, 0.2013207196851659053, 0.2044663559302483391, 0.2076119921753307174, 0.2139032646654913938, 0.2264858096458123304, 0.2516508996064558135, 0.3019810795277453885, 0.4026414393703287575 ),
 .UNSPECIFIED. ) ;
#1480 = LINE ( 'NONE', #5762, #4671 ) ;
#1481 = CARTESIAN_POINT ( 'NONE',  ( 0.01593023348551471374, 0.05200008072823405353, 0.04952157522151626884 ) ) ;
#1482 = ORIENTED_EDGE ( 'NONE', *, *, #9220, .T. ) ;
#1483 = VERTEX_POINT ( 'NONE', #3917 ) ;
#1484 = DIRECTION ( 'NONE',  ( 0.7010108883734651464, -0.1310246636425636269, 0.7010108928534550810 ) ) ;
#1485 = DIRECTION ( 'NONE',  ( 6.060317509421979270E-17, 1.000000000000000000, -7.523851983841548700E-18 ) ) ;
#1486 = DIRECTION ( 'NONE',  ( -0.9999835139982307108, 0.000000000000000000, -0.005742101684093656178 ) ) ;
#1487 = CARTESIAN_POINT ( 'NONE',  ( 0.08402334494557080202, 0.05292834581888049977, 0.06981051634761820113 ) ) ;
#1488 = CARTESIAN_POINT ( 'NONE',  ( 0.01334489240639219997, 0.05132137481406520013, 0.04816578805613810216 ) ) ;
#1489 = ORIENTED_EDGE ( 'NONE', *, *, #9010, .T. ) ;
#1490 = DIRECTION ( 'NONE',  ( -0.6902684877569650324, 0.2169304578186495025, -0.6902684921683039931 ) ) ;
#1491 = DIRECTION ( 'NONE',  ( -5.979188663871559846E-17, -1.000000000000000000, 7.523851983841579515E-18 ) ) ;
#1492 = DIRECTION ( 'NONE',  ( 0.9999816230047933185, -5.974517464818391513E-17, 0.006062479088569841523 ) ) ;
#1493 = VERTEX_POINT ( 'NONE', #1042 ) ;
#1494 = CARTESIAN_POINT ( 'NONE',  ( 0.08398322647622084858, 0.04454410866621081461, 0.1183171082113576855 ) ) ;
#1495 = EDGE_LOOP ( 'NONE', ( #2614, #5343, #6426, #2324, #2462, #2872 ) ) ;
#1496 = CARTESIAN_POINT ( 'NONE',  ( 0.09658161034648354848, 0.04026805708937010453, 0.05954586497604461709 ) ) ;
#1497 = DIRECTION ( 'NONE',  ( -4.027934139806210305E-16, 1.000000000000000000, -1.018010760859769879E-17 ) ) ;
#1498 = CARTESIAN_POINT ( 'NONE',  ( 0.07591590386790141032, 0.04728566457157939995, 0.1270323956459459835 ) ) ;
#1499 = ADVANCED_FACE ( 'NONE', ( #1708, #1793, #2501 ), #2371, .T. ) ;
#1500 = CARTESIAN_POINT ( 'NONE',  ( 0.08396418437396185874, 0.05199792245207793956, 0.1189722481662510850 ) ) ;
#1501 = CARTESIAN_POINT ( 'NONE',  ( 0.06355050052067048871, 0.04419356769172799737, 0.04948799685928900044 ) ) ;
#1502 = ORIENTED_EDGE ( 'NONE', *, *, #976, .F. ) ;
#1503 = EDGE_LOOP ( 'NONE', ( #6153, #2637, #2439, #2140 ) ) ;
#1504 = AXIS2_PLACEMENT_3D ( 'NONE', #5731, #3615, #3568 ) ;
#1505 = CARTESIAN_POINT ( 'NONE',  ( 0.01625330286364623511, 0.04042953335510109103, 0.1384956738075627247 ) ) ;
#1506 = CARTESIAN_POINT ( 'NONE',  ( 0.003837551131053649946, 0.04706118949957149855, 0.1463614382433859884 ) ) ;
#1507 = AXIS2_PLACEMENT_3D ( 'NONE', #2391, #5227, #8092 ) ;
#1508 = VERTEX_POINT ( 'NONE', #998 ) ;
#1509 = B_SPLINE_CURVE_WITH_KNOTS ( 'NONE', 3,
 ( #2184, #541, #7080, #2889, #1432, #6281, #5709, #9163, #642, #3591, #8, #9258 ),
 .UNSPECIFIED., .F., .F.,
 ( 4, 2, 2, 2, 2, 4 ),
 ( 0.000000000000000000, 0.2499999999999771849, 0.3749999999999705236, 0.4374999999999715783, 0.4999999999999725775, 1.000000000000000000 ),
 .UNSPECIFIED. ) ;
#1510 = CARTESIAN_POINT ( 'NONE',  ( 0.005168717517190136827, 0.04011105746451560511, 0.05456466465760594770 ) ) ;
#1511 = CARTESIAN_POINT ( 'NONE',  ( 0.06239411193562779956, 0.04322991009745380531, 0.1368553721323660100 ) ) ;
#1512 = DIRECTION ( 'NONE',  ( -0.5655123304329252587, -0.7010108906134661089, -0.4344876699857396773 ) ) ;
#1513 = CARTESIAN_POINT ( 'NONE',  ( 0.08566793884835272044, 0.05375571836583473845, 0.08971434080548995604 ) ) ;
#1514 = VERTEX_POINT ( 'NONE', #4670 ) ;
#1515 = ORIENTED_EDGE ( 'NONE', *, *, #5325, .T. ) ;
#1516 = CARTESIAN_POINT ( 'NONE',  ( 0.08474812708907460135, 0.04412530489793370370, 0.07125207615811930684 ) ) ;
#1517 = CARTESIAN_POINT ( 'NONE',  ( 0.07870894791400885604, 0.04011129225497312573, 0.1289264607887532499 ) ) ;
#1518 = ORIENTED_EDGE ( 'NONE', *, *, #1756, .F. ) ;
#1519 = CARTESIAN_POINT ( 'NONE',  ( 0.07834871626191472482, 0.04014571629122370283, 0.05700204022257509412 ) ) ;
#1520 = CARTESIAN_POINT ( 'NONE',  ( 0.06979999935732525418, 0.04091810034285819908, 0.05085418331349664950 ) ) ;
#1521 = AXIS2_PLACEMENT_3D ( 'NONE', #8652, #6481, #2149 ) ;
#1522 = DIRECTION ( 'NONE',  ( 0.7071067789270735204, -3.695908159165667450E-17, 0.7071067834460215140 ) ) ;
#1523 = CARTESIAN_POINT ( 'NONE',  ( -0.005573700798518889908, 0.04035255481984920123, 0.06795162450619039729 ) ) ;
#1524 = EDGE_CURVE ( 'NONE', #2543, #7803, #6502, .T. ) ;
#1525 = CARTESIAN_POINT ( 'NONE',  ( 0.07314359097595829473, 0.04950000073015969893, 0.05542559916705200318 ) ) ;
#1526 = PLANE ( 'NONE',  #5499 ) ;
#1527 = ORIENTED_EDGE ( 'NONE', *, *, #7027, .F. ) ;
#1528 = CIRCLE ( 'NONE', #3174, 0.06500000000000002998 ) ;
#1529 = VERTEX_POINT ( 'NONE', #3783 ) ;
#1530 = CARTESIAN_POINT ( 'NONE',  ( 0.07781527990041051113, 0.04010757410786770089, 0.1184399399897580057 ) ) ;
#1531 = LINE ( 'NONE', #5066, #4548 ) ;
#1532 = FACE_OUTER_BOUND ( 'NONE', #8283, .T. ) ;
#1533 = ORIENTED_EDGE ( 'NONE', *, *, #1420, .T. ) ;
#1534 = AXIS2_PLACEMENT_3D ( 'NONE', #3762, #7345, #88 ) ;
#1535 = CARTESIAN_POINT ( 'NONE',  ( 0.08416361862546349604, 0.04990270069763832333, 0.06917004081900829382 ) ) ;
#1536 = CARTESIAN_POINT ( 'NONE',  ( 0.04077925308366790041, 0.04950000073015689561, 0.09287956601695539216 ) ) ;
#1537 = EDGE_CURVE ( 'NONE', #7729, #91, #9005, .T. ) ;
#1538 = ORIENTED_EDGE ( 'NONE', *, *, #30, .F. ) ;
#1539 = ADVANCED_FACE ( 'NONE', ( #6697 ), #5983, .F. ) ;
#1540 = CARTESIAN_POINT ( 'NONE',  ( 0.09435457371623064138, 0.04976855874802665197, 0.05607350344608397902 ) ) ;
#1541 = DIRECTION ( 'NONE',  ( -4.027934139806210305E-16, 1.000000000000000000, -1.018010760859769879E-17 ) ) ;
#1542 = ORIENTED_EDGE ( 'NONE', *, *, #3947, .F. ) ;
#1543 = CARTESIAN_POINT ( 'NONE',  ( 0.08419324341572023696, 0.04471899773584141896, 0.1193437437401609208 ) ) ;
#1544 = AXIS2_PLACEMENT_3D ( 'NONE', #2749, #5842, #994 ) ;
#1545 = AXIS2_PLACEMENT_3D ( 'NONE', #9323, #2107, #1272 ) ;
#1546 = VECTOR ( 'NONE', #8733, 1.000000000000000000 ) ;
#1547 = CARTESIAN_POINT ( 'NONE',  ( 0.09546402182702168338, 0.04151877420716847122, 0.05774303176121686060 ) ) ;
#1548 = CARTESIAN_POINT ( 'NONE',  ( 0.006501107220808060097, 0.06690757410786771220, 0.09768281660426650359 ) ) ;
#1549 = CARTESIAN_POINT ( 'NONE',  ( -0.002733195998678219878, 0.04308286378768050318, 0.07034565873745689257 ) ) ;
#1550 = CYLINDRICAL_SURFACE ( 'NONE', #762, 0.003000000000000000062 ) ;
#1551 = APPROVAL_PERSON_ORGANIZATION ( #1132, #508, #2633 ) ;
#1552 = EDGE_CURVE ( 'NONE', #6361, #7097, #7621, .T. ) ;
#1553 = CARTESIAN_POINT ( 'NONE',  ( 0.08436799395634299314, 0.05199997678118539746, 0.1152632378159520049 ) ) ;
#1554 = CARTESIAN_POINT ( 'NONE',  ( 0.07339353227045819494, 0.04010757410786770089, 0.03665404873942299663 ) ) ;
#1555 = EDGE_LOOP ( 'NONE', ( #4392, #2683, #1364, #2005, #7280, #7525 ) ) ;
#1556 = ORIENTED_EDGE ( 'NONE', *, *, #6026, .F. ) ;
#1557 = EDGE_CURVE ( 'NONE', #4379, #1355, #8913, .T. ) ;
#1558 = CARTESIAN_POINT ( 'NONE',  ( -0.003144859824957650218, 0.04990270069763820537, 0.1145975840018060021 ) ) ;
#1559 = EDGE_CURVE ( 'NONE', #6137, #4179, #5478, .T. ) ;
#1560 = CARTESIAN_POINT ( 'NONE',  ( -0.002853989573180529867, 0.04950000073015689561, 0.05164435802794260094 ) ) ;
#1561 = ORIENTED_EDGE ( 'NONE', *, *, #5671, .F. ) ;
#1562 = CARTESIAN_POINT ( 'NONE',  ( 0.004923847010182874802, 0.04014329664140902504, 0.05526431203712213469 ) ) ;
#1563 = CARTESIAN_POINT ( 'NONE',  ( 0.09131121244163099837, 0.04743424316138779989, 0.1424277043180630087 ) ) ;
#1564 = CARTESIAN_POINT ( 'NONE',  ( 0.06416760258970970188, 0.05194254130748929971, 0.04980564045709219567 ) ) ;
#1565 = CARTESIAN_POINT ( 'NONE',  ( 0.08564325382954805777, 0.05341786655023179897, 0.08937635629538250026 ) ) ;
#1566 = ORIENTED_EDGE ( 'NONE', *, *, #32, .T. ) ;
#1567 = CARTESIAN_POINT ( 'NONE',  ( 0.005679757099357039644, 0.04728496089784869211, 0.1270770800596095207 ) ) ;
#1568 = CARTESIAN_POINT ( 'NONE',  ( 0.07837197614100663290, 0.04012344332138415709, 0.1290138435576796971 ) ) ;
#1569 = ORIENTED_EDGE ( 'NONE', *, *, #1984, .T. ) ;
#1570 = CARTESIAN_POINT ( 'NONE',  ( 0.07788026926730876043, 0.04016719072647991634, 0.05671357179696676076 ) ) ;
#1571 = B_SPLINE_CURVE_WITH_KNOTS ( 'NONE', 3,
 ( #8129, #1680, #306, #883, #3176 ),
 .UNSPECIFIED., .F., .F.,
 ( 4, 1, 4 ),
 ( 0.000000000000000000, 0.4285714285716271665, 0.4999907232291716519 ),
 .UNSPECIFIED. ) ;
#1572 = FACE_OUTER_BOUND ( 'NONE', #3299, .T. ) ;
#1573 = CARTESIAN_POINT ( 'NONE',  ( 0.07989280024107690836, 0.04010757410786770089, 0.05421264955384290374 ) ) ;
#1574 = CARTESIAN_POINT ( 'NONE',  ( 0.07840735324648893945, 0.04868873045011794937, 0.06071787590007848151 ) ) ;
#1575 = CARTESIAN_POINT ( 'NONE',  ( -0.01305216390779630024, 0.04510757410786769839, 0.1293100277857980041 ) ) ;
#1576 = ORIENTED_EDGE ( 'NONE', *, *, #929, .T. ) ;
#1577 = ORIENTED_EDGE ( 'NONE', *, *, #8112, .F. ) ;
#1578 = CARTESIAN_POINT ( 'NONE',  ( -0.002605961813577567249, 0.05200019036438167930, 0.1161974680679560140 ) ) ;
#1579 = CARTESIAN_POINT ( 'NONE',  ( 0.008054592761020192351, 0.04010757410786768007, 0.03671313653526347281 ) ) ;
#1580 = PLANE ( 'NONE',  #5879 ) ;
#1581 = ORIENTED_EDGE ( 'NONE', *, *, #6148, .F. ) ;
#1582 = CARTESIAN_POINT ( 'NONE',  ( 0.06253613861472424873, 0.04111222816346939840, 0.1375992366641804465 ) ) ;
#1583 = CARTESIAN_POINT ( 'NONE',  ( 0.08415142091492677778, 0.05200021719872532922, 0.06947912686347902655 ) ) ;
#1584 = ORIENTED_EDGE ( 'NONE', *, *, #6145, .F. ) ;
#1585 = CARTESIAN_POINT ( 'NONE',  ( 0.003734349149210014224, 0.05049063474605806900, 0.03946905430551936322 ) ) ;
#1586 = CARTESIAN_POINT ( 'NONE',  ( 0.04077925308366790041, 0.04010757410786770089, 0.09287956601695539216 ) ) ;
#1587 = ADVANCED_FACE ( 'NONE', ( #8396 ), #8489, .F. ) ;
#1588 = CARTESIAN_POINT ( 'NONE',  ( 0.01178863306773089877, 0.04010757410786770089, 0.1080047648636579954 ) ) ;
#1589 = ORIENTED_EDGE ( 'NONE', *, *, #1947, .T. ) ;
#1590 = ADVANCED_FACE ( 'NONE', ( #4193 ), #1190, .T. ) ;
#1591 = LINE ( 'NONE', #3093, #3706 ) ;
#1592 = AXIS2_PLACEMENT_3D ( 'NONE', #7611, #3234, #9125 ) ;
#1593 = EDGE_CURVE ( 'NONE', #6251, #4851, #9197, .T. ) ;
#1594 = CARTESIAN_POINT ( 'NONE',  ( 0.09574378205790258500, 0.04108389784001739709, 0.05818377828619378245 ) ) ;
#1595 = CYLINDRICAL_SURFACE ( 'NONE', #4233, 0.004999999999999998369 ) ;
#1596 = AXIS2_PLACEMENT_3D ( 'NONE', #1061, #6382, #7886 ) ;
#1597 = CARTESIAN_POINT ( 'NONE',  ( 0.01353108831059740037, 0.04435404611676510567, 0.04823044607994500521 ) ) ;
#1598 = CARTESIAN_POINT ( 'NONE',  ( 0.08201446107268080266, 0.04950000073015689561, 0.04924632336010700134 ) ) ;
#1599 = B_SPLINE_CURVE_WITH_KNOTS ( 'NONE', 3,
 ( #835, #6669, #1488, #6577 ),
 .UNSPECIFIED., .F., .F.,
 ( 4, 4 ),
 ( 0.000000000000000000, 1.000000000000000000 ),
 .UNSPECIFIED. ) ;
#1600 = DIRECTION ( 'NONE',  ( -4.027934139806210305E-16, 1.000000000000000000, -1.018010760859769879E-17 ) ) ;
#1601 = CARTESIAN_POINT ( 'NONE',  ( 0.08953358655836046731, 0.04819675441677745420, 0.09778007316109132985 ) ) ;
#1602 = ORIENTED_EDGE ( 'NONE', *, *, #6252, .F. ) ;
#1603 = ORIENTED_EDGE ( 'NONE', *, *, #284, .T. ) ;
#1604 = VECTOR ( 'NONE', #342, 1.000000000000000000 ) ;
#1605 = CARTESIAN_POINT ( 'NONE',  ( 0.01585131157290269738, 0.04035255481984920123, 0.1392325198991420099 ) ) ;
#1606 = CARTESIAN_POINT ( 'NONE',  ( -0.006879632691762640334, 0.04010757410786770089, 0.1160664288199409894 ) ) ;
#1607 = ORIENTED_EDGE ( 'NONE', *, *, #6340, .T. ) ;
#1608 = CARTESIAN_POINT ( 'NONE',  ( 0.009308584342364140465, 0.09210757410786771238, 0.05532165061986329957 ) ) ;
#1609 = CARTESIAN_POINT ( 'NONE',  ( 0.01279548301888308072, 0.04306205222545977235, 0.1338679725181687596 ) ) ;
#1610 = CARTESIAN_POINT ( 'NONE',  ( 0.06878677442017419597, 0.05130737842113169966, 0.04845876638377129980 ) ) ;
#1611 = CARTESIAN_POINT ( 'NONE',  ( 0.08574145367487606695, 0.05485241509996312270, 0.09474846133767167444 ) ) ;
#1612 = EDGE_LOOP ( 'NONE', ( #8582, #2960, #4872, #1470, #4594 ) ) ;
#1613 = CARTESIAN_POINT ( 'NONE',  ( 0.08444236186786530096, 0.09210757410786771238, 0.1151176624125409970 ) ) ;
#1614 = CARTESIAN_POINT ( 'NONE',  ( 0.07758701408597039328, 0.04016257840392500195, 0.1293824215623151364 ) ) ;
#1615 = ORIENTED_EDGE ( 'NONE', *, *, #8692, .T. ) ;
#1616 = CARTESIAN_POINT ( 'NONE',  ( 0.08556086540847161748, 0.04735215591371691457, 0.09730762708409262940 ) ) ;
#1617 = B_SPLINE_SURFACE_WITH_KNOTS ( 'NONE', 3, 3, ( 
 ( #7391, #3290, #7576, #1828 ),
 ( #9037, #4707, #4611, #6729 ),
 ( #6013, #4000, #3196, #234 ),
 ( #1129, #6826, #2444, #6064 ),
 ( #6154, #2398, #6872, #3108 ) ),
 .UNSPECIFIED., .F., .F., .F.,
 ( 4, 1, 4 ),
 ( 4, 4 ),
 ( 0.000000000000000000, 0.5714285714285709528, 1.000000000000000000 ),
 ( 8.313014187649880427, 8.649806271343418729 ),
 .UNSPECIFIED. ) ;
#1618 = DIRECTION ( 'NONE',  ( -0.005742101684089277736, 0.000000000000000000, 0.9999835139982307108 ) ) ;
#1619 = DIRECTION ( 'NONE',  ( 0.000000000000000000, -1.000000000000000000, 5.675881706343889024E-17 ) ) ;
#1620 = EDGE_CURVE ( 'NONE', #2998, #768, #7851, .T. ) ;
#1621 = CARTESIAN_POINT ( 'NONE',  ( 0.07842405179540577753, 0.04873237644579498512, 0.06073741323512449330 ) ) ;
#1622 = CARTESIAN_POINT ( 'NONE',  ( 0.01880967685485189153, 0.04291077705545499887, 0.1366783984313625633 ) ) ;
#1623 = ORIENTED_EDGE ( 'NONE', *, *, #329, .F. ) ;
#1624 = CARTESIAN_POINT ( 'NONE',  ( -0.002607825517899488299, 0.05200018791343116037, 0.1161862421344109220 ) ) ;
#1625 = CARTESIAN_POINT ( 'NONE',  ( 0.007126768198461890490, 0.04950000073015688867, 0.1317126542682555412 ) ) ;
#1626 = CARTESIAN_POINT ( 'NONE',  ( 0.08950715895665782573, 0.05138339328855463795, 0.09804304878300768022 ) ) ;
#1627 = ORIENTED_EDGE ( 'NONE', *, *, #6963, .T. ) ;
#1628 = B_SPLINE_CURVE_WITH_KNOTS ( 'NONE', 3,
 ( #2123, #1374, #1282, #7116, #6978, #676, #3538, #4999, #7873, #1422, #3897, #859, #7309, #3730, #766, #2977, #5047, #7206 ),
 .UNSPECIFIED., .F., .F.,
 ( 4, 2, 2, 2, 2, 2, 2, 2, 4 ),
 ( 0.000000000000000000, 0.2500000000000052736, 0.3750000000000107137, 0.4375000000000123235, 0.5000000000000139888, 0.6250000000000106581, 0.6875000000000076605, 0.7500000000000045519, 1.000000000000000000 ),
 .UNSPECIFIED. ) ;
#1629 = CARTESIAN_POINT ( 'NONE',  ( 0.07420546151311530059, 0.04761307081880580827, 0.05637027443496520768 ) ) ;
#1630 = DIRECTION ( 'NONE',  ( 0.7071067789270740755, -4.622231866529370974E-32, 0.7071067834460210699 ) ) ;
#1631 = ORIENTED_EDGE ( 'NONE', *, *, #9325, .T. ) ;
#1632 = CARTESIAN_POINT ( 'NONE',  ( 0.004232674412594683751, 0.04882567974375040531, 0.03912618589152571519 ) ) ;
#1633 = CARTESIAN_POINT ( 'NONE',  ( 0.002112336620557649786, 0.04010757410786770089, 0.05376601885954650217 ) ) ;
#1634 = CARTESIAN_POINT ( 'NONE',  ( -0.003144859824957670167, 0.04416030888467410015, 0.1145975840018060021 ) ) ;
#1635 = VERTEX_POINT ( 'NONE', #2032 ) ;
#1636 = CARTESIAN_POINT ( 'NONE',  ( 0.008238391195123760322, 0.04888038837086013805, 0.1301802641685331219 ) ) ;
#1637 = CARTESIAN_POINT ( 'NONE',  ( 0.08772371819767769974, 0.04019622805819800249, 0.06887286204939280232 ) ) ;
#1638 = CARTESIAN_POINT ( 'NONE',  ( 0.05018453700220790181, 0.03610757410786769733, 0.1008198164343560022 ) ) ;
#1639 = EDGE_CURVE ( 'NONE', #6637, #5167, #5614, .T. ) ;
#1640 = CARTESIAN_POINT ( 'NONE',  ( 0.08470336599229359720, 0.04416030888467410015, 0.07116154803210450464 ) ) ;
#1641 = LINE ( 'NONE', #5083, #300 ) ;
#1642 = ADVANCED_FACE ( 'NONE', ( #5658 ), #575, .F. ) ;
#1643 = CARTESIAN_POINT ( 'NONE',  ( 0.08419251186014389821, 0.04428576916477569569, 0.06976355574556139527 ) ) ;
#1644 = CARTESIAN_POINT ( 'NONE',  ( 0.08970810642617706165, 0.04603927174052864502, 0.09023542360530913131 ) ) ;
#1645 = VERTEX_POINT ( 'NONE', #7588 ) ;
#1646 = VERTEX_POINT ( 'NONE', #6316 ) ;
#1647 = B_SPLINE_CURVE_WITH_KNOTS ( 'NONE', 3,
 ( #8278, #457, #1122, #8377, #4088, #9029, #9174, #6198, #2573, #3992, #4745, #556 ),
 .UNSPECIFIED., .F., .F.,
 ( 4, 2, 2, 2, 2, 4 ),
 ( 0.000000000000000000, 0.2500000000000062172, 0.3750000000000073830, 0.4375000000000071054, 0.5000000000000067724, 1.000000000000000000 ),
 .UNSPECIFIED. ) ;
#1648 = CARTESIAN_POINT ( 'NONE',  ( 0.06528654298900699038, 0.09210757410786771238, 0.04476103796906440169 ) ) ;
#1649 = ORIENTED_EDGE ( 'NONE', *, *, #4001, .T. ) ;
#1650 = CARTESIAN_POINT ( 'NONE',  ( 0.01264364918023119962, 0.05200000073015659946, 0.1371734329044690115 ) ) ;
#1651 = VECTOR ( 'NONE', #7949, 1.000000000000000000 ) ;
#1652 = CARTESIAN_POINT ( 'NONE',  ( 0.08552858387183566446, 0.05026689847343127765, 0.08813642422996442738 ) ) ;
#1653 = ORIENTED_EDGE ( 'NONE', *, *, #5221, .T. ) ;
#1654 = CARTESIAN_POINT ( 'NONE',  ( 0.08479484703347550667, 0.04410757410786769750, 0.07134729406405840302 ) ) ;
#1655 = FACE_OUTER_BOUND ( 'NONE', #7299, .T. ) ;
#1656 = ORIENTED_EDGE ( 'NONE', *, *, #7310, .T. ) ;
#1657 = CARTESIAN_POINT ( 'NONE',  ( 0.08547116484883059140, 0.04994815380780499164, 0.09813627818093330346 ) ) ;
#1658 = CIRCLE ( 'NONE', #2866, 0.04950000000000001621 ) ;
#1659 = FACE_OUTER_BOUND ( 'NONE', #252, .T. ) ;
#1660 = DIRECTION ( 'NONE',  ( -0.9999835139982307108, 0.000000000000000000, -0.005742101684093668321 ) ) ;
#1661 = ADVANCED_FACE ( 'NONE', ( #7635 ), #1843, .T. ) ;
#1662 = CARTESIAN_POINT ( 'NONE',  ( 0.07464616573077055561, 0.04728641273097809739, 0.05746500388509794693 ) ) ;
#1663 = DIRECTION ( 'NONE',  ( 1.000000000000000000, -5.979188663871559846E-17, 0.000000000000000000 ) ) ;
#1664 = VERTEX_POINT ( 'NONE', #5522 ) ;
#1665 = CARTESIAN_POINT ( 'NONE',  ( 0.07989280024107690836, 0.04010757410786770089, 0.05421264955384290374 ) ) ;
#1666 = EDGE_CURVE ( 'NONE', #3252, #5606, #2166, .T. ) ;
#1667 = CARTESIAN_POINT ( 'NONE',  ( 0.008711991330768820846, 0.04010757410786770089, 0.03634028123485849582 ) ) ;
#1668 = CYLINDRICAL_SURFACE ( 'NONE', #4531, 0.001300000000000000157 ) ;
#1669 = EDGE_LOOP ( 'NONE', ( #8955, #9307, #6165, #3901 ) ) ;
#1670 = CIRCLE ( 'NONE', #9198, 0.05349999999999999895 ) ;
#1671 = ADVANCED_FACE ( 'NONE', ( #6976 ), #430, .T. ) ;
#1672 = CARTESIAN_POINT ( 'NONE',  ( 0.08431660475041129199, 0.04990270069763830252, 0.07019585544470492711 ) ) ;
#1673 = CARTESIAN_POINT ( 'NONE',  ( 0.007970389508190079894, 0.04789676487243418879, 0.1292754102425160423 ) ) ;
#1674 = APPLICATION_CONTEXT ( 'configuration controlled 3d designs of mechanical parts and assemblies' ) ;
#1675 = VERTEX_POINT ( 'NONE', #4014 ) ;
#1676 = CARTESIAN_POINT ( 'NONE',  ( 0.003941899400510679753, 0.04987509703481234069, 0.03932575251435786040 ) ) ;
#1677 = B_SPLINE_CURVE_WITH_KNOTS ( 'NONE', 3,
 ( #7393, #5319, #899, #3770 ),
 .UNSPECIFIED., .F., .F.,
 ( 4, 4 ),
 ( 0.000000000000000000, 1.000000000000000000 ),
 .UNSPECIFIED. ) ;
#1678 = LINE ( 'NONE', #5303, #8743 ) ;
#1679 = AXIS2_PLACEMENT_3D ( 'NONE', #3644, #2759, #8502 ) ;
#1680 = CARTESIAN_POINT ( 'NONE',  ( 0.01393819036725089944, 0.04492977536839400099, 0.04863754813920019571 ) ) ;
#1681 = EDGE_LOOP ( 'NONE', ( #1602, #3858, #1404, #2379, #1589, #2910, #4086 ) ) ;
#1682 = CARTESIAN_POINT ( 'NONE',  ( 0.008267404111040895995, 0.04895897248473869701, 0.1302055982879315732 ) ) ;
#1683 = AXIS2_PLACEMENT_3D ( 'NONE', #5826, #3140, #3055 ) ;
#1684 = CARTESIAN_POINT ( 'NONE',  ( 0.08703008985956840748, 0.04015112506430640327, 0.06979589105524849901 ) ) ;
#1685 = CARTESIAN_POINT ( 'NONE',  ( 0.003844440244505375765, 0.04811256254793679771, 0.05992399575030935704 ) ) ;
#1686 = CARTESIAN_POINT ( 'NONE',  ( 0.01386634882784150077, 0.04482817608869479886, 0.04856570659933159839 ) ) ;
#1687 = CARTESIAN_POINT ( 'NONE',  ( 0.005868048921900266904, 0.04079362770409251937, 0.1477092496859914450 ) ) ;
#1688 = VECTOR ( 'NONE', #5527, 1.000000000000000000 ) ;
#1689 = CARTESIAN_POINT ( 'NONE',  ( 0.08205948260158421603, 0.04209073771049894747, 0.1211551591003084127 ) ) ;
#1690 = CARTESIAN_POINT ( 'NONE',  ( 0.08972580285750506035, 0.04552775180966473628, 0.09516733483822810424 ) ) ;
#1691 = ORIENTED_EDGE ( 'NONE', *, *, #6179, .F. ) ;
#1692 = ORIENTED_EDGE ( 'NONE', *, *, #1552, .T. ) ;
#1693 = AXIS2_PLACEMENT_3D ( 'NONE', #5396, #5494, #1908 ) ;
#1694 = B_SPLINE_CURVE_WITH_KNOTS ( 'NONE', 3,
 ( #5426, #3973, #433, #8916, #7591, #4062 ),
 .UNSPECIFIED., .F., .F.,
 ( 4, 2, 4 ),
 ( 0.5012719805881205026, 0.7506359902940602513, 1.000000000000000000 ),
 .UNSPECIFIED. ) ;
#1695 = CARTESIAN_POINT ( 'NONE',  ( 0.04077925308366790041, 0.04010757410786770089, 0.09287956601695539216 ) ) ;
#1696 = EDGE_LOOP ( 'NONE', ( #1323, #7605, #4355, #2453 ) ) ;
#1697 = VECTOR ( 'NONE', #1776, 1.000000000000000000 ) ;
#1698 = CARTESIAN_POINT ( 'NONE',  ( 0.003608163913050229342, 0.04847422177855669617, 0.1248074527996579502 ) ) ;
#1699 = CARTESIAN_POINT ( 'NONE',  ( 0.002639238311276190935, 0.04011121596806824924, 0.1301527132182944413 ) ) ;
#1700 = DIRECTION ( 'NONE',  ( -0.7071067834460215140, 0.000000000000000000, 0.7071067789270735204 ) ) ;
#1701 = VERTEX_POINT ( 'NONE', #2596 ) ;
#1702 = DIRECTION ( 'NONE',  ( -0.005742101684087412040, 0.000000000000000000, 0.9999835139982307108 ) ) ;
#1703 = EDGE_CURVE ( 'NONE', #9002, #1966, #552, .T. ) ;
#1704 = CARTESIAN_POINT ( 'NONE',  ( 0.005069419246183953787, 0.04157836099546492747, 0.1471916989615185134 ) ) ;
#1705 = ORIENTED_EDGE ( 'NONE', *, *, #5748, .F. ) ;
#1706 = CARTESIAN_POINT ( 'NONE',  ( 0.08576161808620355598, 0.04521021383045759762, 0.09413990757677949406 ) ) ;
#1707 = EDGE_CURVE ( 'NONE', #742, #6351, #1046, .T. ) ;
#1708 = FACE_BOUND ( 'NONE', #2903, .T. ) ;
#1709 = CARTESIAN_POINT ( 'NONE',  ( 0.08504653098979260417, 0.04298700034672579828, 0.1201720129725769998 ) ) ;
#1710 = CARTESIAN_POINT ( 'NONE',  ( 0.07854339367454035714, 0.04909723371395571107, 0.06087733055231855234 ) ) ;
#1711 = ORIENTED_EDGE ( 'NONE', *, *, #853, .F. ) ;
#1712 = CARTESIAN_POINT ( 'NONE',  ( 0.05320033732452539993, 0.07410757410786771027, 0.09795097275291347882 ) ) ;
#1713 = DIRECTION ( 'NONE',  ( 0.005742101684089277736, 0.000000000000000000, -0.9999835139982307108 ) ) ;
#1714 = AXIS2_PLACEMENT_3D ( 'NONE', #4490, #7448, #6655 ) ;
#1715 = VERTEX_POINT ( 'NONE', #5045 ) ;
#1716 = CARTESIAN_POINT ( 'NONE',  ( 0.07475046490011612310, 0.04728765166027926875, 0.05687605637120884960 ) ) ;
#1717 = CARTESIAN_POINT ( 'NONE',  ( 0.06506204988364441832, 0.05200046841490484073, 0.04984339281820793915 ) ) ;
#1718 = EDGE_CURVE ( 'NONE', #3750, #374, #4693, .T. ) ;
#1719 = EDGE_LOOP ( 'NONE', ( #4342, #132 ) ) ;
#1720 = APPROVAL_DATE_TIME ( #2955, #9313 ) ;
#1721 = EDGE_CURVE ( 'NONE', #3347, #4981, #9292, .T. ) ;
#1722 = CARTESIAN_POINT ( 'NONE',  ( 0.07652013319036039818, 0.04722024379072339850, 0.1271281975799546105 ) ) ;
#1723 = CARTESIAN_POINT ( 'NONE',  ( 0.08713220696585489977, 0.04035255481984920123, 0.1178075075277200123 ) ) ;
#1724 = ADVANCED_FACE ( 'NONE', ( #7960 ), #7306, .F. ) ;
#1725 = ORIENTED_EDGE ( 'NONE', *, *, #8672, .T. ) ;
#1726 = CARTESIAN_POINT ( 'NONE',  ( 0.002609881894240030208, 0.04010757410786770089, 0.05539157990135200327 ) ) ;
#1727 = CARTESIAN_POINT ( 'NONE',  ( 0.08808130124171059672, 0.04010757410786770089, 0.06928290207419458835 ) ) ;
#1728 = DIRECTION ( 'NONE',  ( 0.7010108928534550810, -0.1310246636425640432, -0.7010108883734651464 ) ) ;
#1729 = DIRECTION ( 'NONE',  ( -8.046638469161818835E-17, -1.000000000000000000, 7.405134956585150092E-18 ) ) ;
#1730 = CARTESIAN_POINT ( 'NONE',  ( 0.007515209327080974409, 0.04010757410786764537, 0.1487281796373734200 ) ) ;
#1731 = VERTEX_POINT ( 'NONE', #3729 ) ;
#1732 = EDGE_CURVE ( 'NONE', #3066, #6534, #139, .T. ) ;
#1733 = DIRECTION ( 'NONE',  ( 0.005742101684089168448, 0.000000000000000000, -0.9999835139982307108 ) ) ;
#1734 = CARTESIAN_POINT ( 'NONE',  ( 0.08972903275838302328, 0.04549790601056126482, 0.09509743938036382960 ) ) ;
#1735 = ORIENTED_EDGE ( 'NONE', *, *, #340, .F. ) ;
#1736 = VERTEX_POINT ( 'NONE', #6411 ) ;
#1737 = AXIS2_PLACEMENT_3D ( 'NONE', #6124, #1755, #4725 ) ;
#1738 = CARTESIAN_POINT ( 'NONE',  ( 0.07224992182497159965, 0.05033613396376760557, 0.1304374814140480121 ) ) ;
#1739 = DIRECTION ( 'NONE',  ( -8.046638469161818835E-17, -1.000000000000000000, 7.405134956585150092E-18 ) ) ;
#1740 = CARTESIAN_POINT ( 'NONE',  ( 0.01603327186178918340, 0.04990270080212091952, 0.04940664338302707542 ) ) ;
#1741 = VECTOR ( 'NONE', #3712, 1.000000000000000000 ) ;
#1742 = CARTESIAN_POINT ( 'NONE',  ( -0.004091378267937150447, 0.04510757410786769839, 0.1203492422032050035 ) ) ;
#1743 = VERTEX_POINT ( 'NONE', #3581 ) ;
#1744 = ORIENTED_EDGE ( 'NONE', *, *, #8795, .T. ) ;
#1745 = CIRCLE ( 'NONE', #93, 0.001700000000000000122 ) ;
#1746 = CARTESIAN_POINT ( 'NONE',  ( -0.003803741046992930187, 0.04510757410786769839, 0.06483674221698100537 ) ) ;
#1747 = CARTESIAN_POINT ( 'NONE',  ( 0.07943640797391744723, 0.04010757410786770089, 0.1336930851481589744 ) ) ;
#1748 = ORIENTED_EDGE ( 'NONE', *, *, #270, .T. ) ;
#1749 = CARTESIAN_POINT ( 'NONE',  ( 0.08555400403886134764, 0.04745914508454233266, 0.09737647504445573476 ) ) ;
#1750 = EDGE_CURVE ( 'NONE', #1715, #5175, #6265, .T. ) ;
#1751 = DIRECTION ( 'NONE',  ( 5.979188663871559846E-17, 1.000000000000000000, -7.523851983841539456E-18 ) ) ;
#1752 = ADVANCED_FACE ( 'NONE', ( #4948 ), #7174, .T. ) ;
#1753 = FACE_OUTER_BOUND ( 'NONE', #4356, .T. ) ;
#1754 = CARTESIAN_POINT ( 'NONE',  ( 0.008180240590137674919, 0.04818204933774236642, 0.1294624087775050336 ) ) ;
#1755 = DIRECTION ( 'NONE',  ( 2.837940853171939582E-17, 1.000000000000000000, -2.837940835035349443E-17 ) ) ;
#1756 = EDGE_CURVE ( 'NONE', #502, #7071, #765, .T. ) ;
#1757 = VERTEX_POINT ( 'NONE', #2171 ) ;
#1758 = CARTESIAN_POINT ( 'NONE',  ( 0.04040601647420210413, 0.03610757410786769733, 0.1578784944268403767 ) ) ;
#1759 = CARTESIAN_POINT ( 'NONE',  ( 0.08429170216601410137, 0.04308286378768050318, 0.1154134732964540028 ) ) ;
#1760 = CYLINDRICAL_SURFACE ( 'NONE', #6934, 0.002999999999999997894 ) ;
#1761 = CARTESIAN_POINT ( 'NONE',  ( -0.0009017414911174929850, 0.04198021463517184748, 0.1206951393414053553 ) ) ;
#1762 = CARTESIAN_POINT ( 'NONE',  ( 0.07373245082096083203, 0.04811594320718425716, 0.05594263654425959964 ) ) ;
#1763 = DIRECTION ( 'NONE',  ( 0.7010108928534550810, 0.1310246636425644318, -0.7010108883734651464 ) ) ;
#1764 = ORIENTED_EDGE ( 'NONE', *, *, #8355, .F. ) ;
#1765 = CARTESIAN_POINT ( 'NONE',  ( -0.004627082621189357141, 0.04157230935684991940, 0.1188136139734609770 ) ) ;
#1766 = CARTESIAN_POINT ( 'NONE',  ( 0.07750933806446258512, 0.04784165586265542308, 0.1260630486253571936 ) ) ;
#1767 = CARTESIAN_POINT ( 'NONE',  ( 0.07840986805508738666, 0.04010992192747812185, 0.05504402788300848809 ) ) ;
#1768 = ORIENTED_EDGE ( 'NONE', *, *, #9332, .T. ) ;
#1769 = FACE_OUTER_BOUND ( 'NONE', #7166, .T. ) ;
#1770 = DIRECTION ( 'NONE',  ( -0.005742101684089325440, 0.000000000000000000, 0.9999835139982307108 ) ) ;
#1771 = LINE ( 'NONE', #3181, #4364 ) ;
#1772 = DIRECTION ( 'NONE',  ( -4.027934139806210305E-16, 1.000000000000000000, -1.018010760859769879E-17 ) ) ;
#1773 = CARTESIAN_POINT ( 'NONE',  ( 0.01273642928369359863, 0.04985783708471710346, 0.1374625601476159864 ) ) ;
#1774 = CARTESIAN_POINT ( 'NONE',  ( 0.008847736540472980749, 0.04935163503353114101, 0.05505567467044072960 ) ) ;
#1775 = ORIENTED_EDGE ( 'NONE', *, *, #702, .T. ) ;
#1776 = DIRECTION ( 'NONE',  ( 0.7071067789270740755, -7.391816318331360785E-17, 0.7071067834460210699 ) ) ;
#1777 = CARTESIAN_POINT ( 'NONE',  ( 0.06408365156208760405, 0.04985783708471699938, 0.04975953648581989824 ) ) ;
#1778 = CARTESIAN_POINT ( 'NONE',  ( 0.08167408295494071879, 0.04384278880981234972, 0.1207697594512018857 ) ) ;
#1779 = CARTESIAN_POINT ( 'NONE',  ( 0.08564988443527300765, 0.04510757410786769839, 0.06540988983070579466 ) ) ;
#1780 = EDGE_LOOP ( 'NONE', ( #3867, #3697, #7059, #2408, #6889 ) ) ;
#1781 = ORIENTED_EDGE ( 'NONE', *, *, #574, .F. ) ;
#1782 = DIRECTION ( 'NONE',  ( -5.979188663871559846E-17, -1.000000000000000000, 7.523851983841539456E-18 ) ) ;
#1783 = CARTESIAN_POINT ( 'NONE',  ( -0.003514613803846009920, 0.05200000073015659946, 0.06474396211351869657 ) ) ;
#1784 = EDGE_CURVE ( 'NONE', #1798, #7876, #3630, .T. ) ;
#1785 = CARTESIAN_POINT ( 'NONE',  ( 0.06724344162586322338, 0.04471899527547493203, 0.04946560390131132801 ) ) ;
#1786 = CARTESIAN_POINT ( 'NONE',  ( 0.08548949073158161605, 0.05135620589685387094, 0.09797812825271773329 ) ) ;
#1787 = VERTEX_POINT ( 'NONE', #97 ) ;
#1788 = VERTEX_POINT ( 'NONE', #7115 ) ;
#1789 = CYLINDRICAL_SURFACE ( 'NONE', #2301, 0.003000000000000002665 ) ;
#1790 = CARTESIAN_POINT ( 'NONE',  ( 0.08444068325613220127, 0.04419829269499850333, 0.07063027919484929362 ) ) ;
#1791 = ORIENTED_EDGE ( 'NONE', *, *, #4837, .F. ) ;
#1792 = CARTESIAN_POINT ( 'NONE',  ( 0.01573788161828150109, 0.04066549790769059813, 0.1381229759868120022 ) ) ;
#1793 = FACE_BOUND ( 'NONE', #2089, .T. ) ;
#1794 = AXIS2_PLACEMENT_3D ( 'NONE', #1407, #8611, #5032 ) ;
#1795 = PLANE ( 'NONE',  #5881 ) ;
#1796 = AXIS2_PLACEMENT_3D ( 'NONE', #6141, #4741, #5399 ) ;
#1797 = CARTESIAN_POINT ( 'NONE',  ( 0.09513929055536882173, 0.04219171188595876448, 0.05724273923882931825 ) ) ;
#1798 = VERTEX_POINT ( 'NONE', #4998 ) ;
#1799 = CYLINDRICAL_SURFACE ( 'NONE', #8770, 0.001700000000000007061 ) ;
#1800 = CARTESIAN_POINT ( 'NONE',  ( 0.005289013633003649892, 0.04721957596032489574, 0.05837314771927470253 ) ) ;
#1801 = AXIS2_PLACEMENT_3D ( 'NONE', #5189, #761, #6497 ) ;
#1802 = CARTESIAN_POINT ( 'NONE',  ( 0.05585771547776170048, 0.07410757410786771027, 0.08796606707730982022 ) ) ;
#1803 = B_SPLINE_CURVE_WITH_KNOTS ( 'NONE', 3,
 ( #5287, #291, #1000, #2986, #5244 ),
 .UNSPECIFIED., .F., .F.,
 ( 4, 1, 4 ),
 ( 0.000000000000000000, 0.4285714285714274374, 0.5000182561208902365 ),
 .UNSPECIFIED. ) ;
#1804 = CARTESIAN_POINT ( 'NONE',  ( 0.07909591274444180420, 0.05200000073015689783, 0.04037400828788809820 ) ) ;
#1805 = CARTESIAN_POINT ( 'NONE',  ( 0.06544640259655973291, 0.05200046963789398125, 0.04985965752506289761 ) ) ;
#1806 = CARTESIAN_POINT ( 'NONE',  ( 0.01622801743020260007, 0.04018993005514839845, 0.1395632285291419916 ) ) ;
#1807 = DIRECTION ( 'NONE',  ( -0.7010108928534550810, 0.1310246636425640432, 0.7010108883734651464 ) ) ;
#1808 = CARTESIAN_POINT ( 'NONE',  ( 0.07917744499456923213, 0.04010850661583850729, 0.05576835374997334699 ) ) ;
#1809 = VERTEX_POINT ( 'NONE', #2266 ) ;
#1810 = CARTESIAN_POINT ( 'NONE',  ( -0.002616555367192607492, 0.04443069200667068563, 0.1170377858598788956 ) ) ;
#1811 = AXIS2_PLACEMENT_3D ( 'NONE', #8699, #5722, #4365 ) ;
#1812 = CARTESIAN_POINT ( 'NONE',  ( 0.06824892926991750486, 0.04990270069763820537, 0.1377501973685599790 ) ) ;
#1814 = EDGE_CURVE ( 'NONE', #4406, #3634, #5560, .T. ) ;
#1813 = CARTESIAN_POINT ( 'NONE',  ( -0.01249999234438568634, 0.04944212982269382411, 0.05564620785152516597 ) ) ;
#1815 = CARTESIAN_POINT ( 'NONE',  ( -0.003042483202954819957, 0.05136035699333980215, 0.06550851635989279886 ) ) ;
#1816 = CARTESIAN_POINT ( 'NONE',  ( 0.06274882816015550646, 0.04410757410786769750, 0.04908073303069220017 ) ) ;
#1817 = ADVANCED_FACE ( 'NONE', ( #4290 ), #8017, .F. ) ;
#1818 = CARTESIAN_POINT ( 'NONE',  ( 0.008395046858163829687, 0.04827734896698310935, 0.05544279953624529217 ) ) ;
#1819 = ORIENTED_EDGE ( 'NONE', *, *, #8692, .F. ) ;
#1820 = VECTOR ( 'NONE', #777, 1.000000000000000000 ) ;
#1821 = FACE_OUTER_BOUND ( 'NONE', #1719, .T. ) ;
#1822 = CARTESIAN_POINT ( 'NONE',  ( -0.01329356357860476436, 0.04205927197225756836, 0.05680828717695059205 ) ) ;
#1823 = CARTESIAN_POINT ( 'NONE',  ( 0.06570719459443299937, 0.04035255481984920123, 0.04652661213476860097 ) ) ;
#1824 = CARTESIAN_POINT ( 'NONE',  ( 0.07720971485251039435, 0.04510757410786769839, 0.1467109830084199762 ) ) ;
#1825 = ORIENTED_EDGE ( 'NONE', *, *, #8014, .T. ) ;
#1826 = VERTEX_POINT ( 'NONE', #3771 ) ;
#1827 = CIRCLE ( 'NONE', #470, 0.001699999999999989931 ) ;
#1828 = CARTESIAN_POINT ( 'NONE',  ( 0.01870132035984340205, 0.05323148438807159821, 0.04913525339642969836 ) ) ;
#1829 = CARTESIAN_POINT ( 'NONE',  ( -0.04746016108599020178, 0.03770436142691599435, -0.001447095171286529904 ) ) ;
#1830 = CARTESIAN_POINT ( 'NONE',  ( 0.004191123883405811767, 0.04768146618598387981, 0.1254747312935924897 ) ) ;
#1831 = EDGE_CURVE ( 'NONE', #3839, #7085, #4661, .T. ) ;
#1832 = EDGE_CURVE ( 'NONE', #4148, #3542, #3019, .T. ) ;
#1833 = CARTESIAN_POINT ( 'NONE',  ( -0.002571809095285199857, 0.04368074969928539830, 0.1163664535499079888 ) ) ;
#1834 = ORIENTED_EDGE ( 'NONE', *, *, #6340, .F. ) ;
#1835 = ORIENTED_EDGE ( 'NONE', *, *, #6425, .F. ) ;
#1836 = EDGE_CURVE ( 'NONE', #218, #6146, #6902, .T. ) ;
#1837 = FACE_OUTER_BOUND ( 'NONE', #321, .T. ) ;
#1838 = CIRCLE ( 'NONE', #1544, 0.003150000000000011732 ) ;
#1839 = CARTESIAN_POINT ( 'NONE',  ( 0.07644415764691371573, 0.04011846466927069393, 0.1310035810681372814 ) ) ;
#1840 = ORIENTED_EDGE ( 'NONE', *, *, #6539, .T. ) ;
#1841 = AXIS2_PLACEMENT_3D ( 'NONE', #6371, #9246, #2789 ) ;
#1842 = CARTESIAN_POINT ( 'NONE',  ( 0.08552858985334313435, 0.04978892537674055319, 0.08813648066292409378 ) ) ;
#1843 = PLANE ( 'NONE',  #2921 ) ;
#1844 = AXIS2_PLACEMENT_3D ( 'NONE', #5074, #1490, #8651 ) ;
#1845 = CARTESIAN_POINT ( 'NONE',  ( 0.04077925308366790041, 0.04410757410786769750, 0.09287956601695539216 ) ) ;
#1846 = CARTESIAN_POINT ( 'NONE',  ( 0.006626423454677790419, 0.04728566457157939995, 0.1280162168011889923 ) ) ;
#1847 = AXIS2_PLACEMENT_3D ( 'NONE', #4798, #7577, #7721 ) ;
#1848 = CARTESIAN_POINT ( 'NONE',  ( 0.09489881711085833282, 0.04288855658365986478, 0.05687859235613462044 ) ) ;
#1849 = ORIENTED_EDGE ( 'NONE', *, *, #6027, .F. ) ;
#1850 = LINE ( 'NONE', #4816, #4842 ) ;
#1851 = CARTESIAN_POINT ( 'NONE',  ( 0.08639536086778391855, 0.04042953335921063013, 0.1174055162459534812 ) ) ;
#1852 = ORIENTED_EDGE ( 'NONE', *, *, #5326, .F. ) ;
#1853 = LINE ( 'NONE', #3314, #6228 ) ;
#1854 = CARTESIAN_POINT ( 'NONE',  ( 0.008842939519719318978, 0.04992835687427397279, 0.1300423414238750797 ) ) ;
#1855 = CARTESIAN_POINT ( 'NONE',  ( 0.06614095548821104231, 0.05200010538620700867, 0.04982443964762919841 ) ) ;
#1856 = VECTOR ( 'NONE', #4077, 1.000000000000000000 ) ;
#1857 = CARTESIAN_POINT ( 'NONE',  ( 0.07330490675986761628, 0.04892049150317934192, 0.05556558711794780392 ) ) ;
#1858 = DIRECTION ( 'NONE',  ( -5.451342570183209078E-17, -1.000000000000000000, 1.280231295445839883E-17 ) ) ;
#1859 = DIRECTION ( 'NONE',  ( 5.979188663871559846E-17, 1.000000000000000000, -7.523851983841539456E-18 ) ) ;
#1860 = ORIENTED_EDGE ( 'NONE', *, *, #3161, .T. ) ;
#1861 = CARTESIAN_POINT ( 'NONE',  ( -0.003085978523636000084, 0.05214833578952150078, 0.1147179148075579969 ) ) ;
#1862 = FACE_OUTER_BOUND ( 'NONE', #4616, .T. ) ;
#1863 = DIRECTION ( 'NONE',  ( -0.9999835139982308219, 5.974769818641938370E-17, -0.005742101684089249113 ) ) ;
#1864 = CARTESIAN_POINT ( 'NONE',  ( -0.002094455881592329795, 0.05071479238334299783, 0.06741492055959640017 ) ) ;
#1865 = FACE_OUTER_BOUND ( 'NONE', #6710, .T. ) ;
#1866 = CARTESIAN_POINT ( 'NONE',  ( 0.06668717808395119295, 0.04472265866611843665, 0.1365901853628002649 ) ) ;
#1867 = B_SPLINE_CURVE_WITH_KNOTS ( 'NONE', 3,
 ( #1290, #4865, #4204, #4159, #1243, #7032 ),
 .UNSPECIFIED., .F., .F.,
 ( 4, 2, 4 ),
 ( 0.000000000000000000, 0.2499998885678590133, 0.4999997771357180265 ),
 .UNSPECIFIED. ) ;
#1868 = ORIENTED_EDGE ( 'NONE', *, *, #2736, .T. ) ;
#1869 = EDGE_CURVE ( 'NONE', #8697, #4336, #6313, .T. ) ;
#1870 = CARTESIAN_POINT ( 'NONE',  ( 0.04077925308366800450, 0.04410757410786769750, 0.09287956601695539216 ) ) ;
#1871 = ADVANCED_FACE ( 'NONE', ( #7659 ), #3233, .T. ) ;
#1872 = PLANE ( 'NONE',  #774 ) ;
#1873 = DIRECTION ( 'NONE',  ( -5.979188663871559846E-17, -1.000000000000000000, 7.523851983841548700E-18 ) ) ;
#1874 = LINE ( 'NONE', #2576, #6090 ) ;
#1875 = VERTEX_POINT ( 'NONE', #4644 ) ;
#1876 = ORIENTED_EDGE ( 'NONE', *, *, #8263, .T. ) ;
#1877 = EDGE_CURVE ( 'NONE', #6543, #8715, #8329, .T. ) ;
#1878 = CARTESIAN_POINT ( 'NONE',  ( 0.01733286760466790088, 0.04121960164645840224, 0.1369142557907859770 ) ) ;
#1879 = CARTESIAN_POINT ( 'NONE',  ( 0.04077925308366790041, 0.04410757410786769750, 0.09287956601695539216 ) ) ;
#1880 = CARTESIAN_POINT ( 'NONE',  ( 0.004685869503200629227, 0.04736782304432624047, 0.1260217394444724526 ) ) ;
#1881 = CARTESIAN_POINT ( 'NONE',  ( -0.005454013309201040383, 0.04056116704352170227, 0.1177006890430299935 ) ) ;
#1882 = EDGE_LOOP ( 'NONE', ( #425, #2396, #3127, #4854 ) ) ;
#1883 = ORIENTED_EDGE ( 'NONE', *, *, #1955, .F. ) ;
#1884 = CARTESIAN_POINT ( 'NONE',  ( 0.003891997144175858656, 0.04759169850153106146, 0.1258867797896923157 ) ) ;
#1885 = AXIS2_PLACEMENT_3D ( 'NONE', #4415, #301, #8744 ) ;
#1886 = FACE_OUTER_BOUND ( 'NONE', #9071, .T. ) ;
#1887 = ORIENTED_EDGE ( 'NONE', *, *, #1329, .T. ) ;
#1888 = CARTESIAN_POINT ( 'NONE',  ( 0.003734788043923523843, 0.04015151377252836051, 0.05651845552983727344 ) ) ;
#1889 = AXIS2_PLACEMENT_3D ( 'NONE', #5536, #1161, #6188 ) ;
#1890 = CARTESIAN_POINT ( 'NONE',  ( 0.09509493245717305643, 0.04157203046497094656, 0.1285840051553160390 ) ) ;
#1891 = CARTESIAN_POINT ( 'NONE',  ( 0.08523532491142120360, 0.04421009789430169895, 0.1207954675132110051 ) ) ;
#1892 = CARTESIAN_POINT ( 'NONE',  ( -0.004842401086123350289, 0.04048061862987839543, 0.1167523463112200011 ) ) ;
#1893 = CARTESIAN_POINT ( 'NONE',  ( 0.06231152503656479935, 0.04410757410786769750, 0.1368951599667630192 ) ) ;
#1894 = ORIENTED_EDGE ( 'NONE', *, *, #2801, .F. ) ;
#1895 = CARTESIAN_POINT ( 'NONE',  ( 0.07677507455509939571, 0.04010757410786770089, 0.05466241232130659988 ) ) ;
#1896 = VECTOR ( 'NONE', #7646, 1.000000000000000000 ) ;
#1897 = B_SPLINE_CURVE_WITH_KNOTS ( 'NONE', 3,
 ( #8110, #1657, #3158, #9003, #908, #2410, #5982, #3916, #8827, #4530, #7403, #339, #5330, #1749, #4669, #1616, #8912, #5283, #6740, #2544, #4487, #3210, #3779, #7359, #202, #6075, #8956, #953, #8157, #8247, #288, #246, #1706, #2500, #2457, #5375, #6975, #9099, #1280, #6266, #4012, #1324, #6218, #2641, #3400, #1188, #9243, #7681, #4057, #1230, #9051, #2595, #3300, #7066, #4149, #4855, #2787, #9148, #8299, #2687, #478, #429, #623, #6166, #5561, #1143, #6368, #1842, #8438 ),
 .UNSPECIFIED., .F., .F.,
 ( 4, 2, 2, 2, 2, 2, 1, 2, 2, 2, 2, 1, 2, 2, 2, 1, 1, 2, 2, 2, 1, 1, 2, 2, 2, 1, 1, 2, 2, 2, 1, 1, 2, 2, 2, 2, 1, 2, 2, 4 ),
 ( 0.000000000000000000, 0.01562499999999651321, 0.02343749999999483399, 0.03124999999999315825, 0.06249999999998414463, 0.07812499999997968292, 0.08593749999997776778, 0.08984374999997690736, 0.09374999999997606082, 0.1249999999999641398, 0.1406249999999581723, 0.1484374999999544809, 0.1523437499999533151, 0.1562499999999521771, 0.1874999999999443501, 0.2031249999999404365, 0.2109374999999384936, 0.2148437499999375500, 0.2187499999999365785, 0.2499999999999311662, 0.2656249999999277800, 0.2734374999999267808, 0.2773437499999268918, 0.2812499999999270028, 0.3124999999999330536, 0.3281249999999367728, 0.3359374999999392153, 0.3398437499999400480, 0.3437499999999408806, 0.3749999999999530376, 0.3906249999999584777, 0.3984374999999611422, 0.4023437499999625300, 0.4062499999999638622, 0.4374999999999744094, 0.4531249999999800160, 0.4609374999999828471, 0.4648437499999844014, 0.4687499999999860112, 0.5000000000000000000 ),
 .UNSPECIFIED. ) ;
#1898 = LINE ( 'NONE', #7496, #3631 ) ;
#1899 = CARTESIAN_POINT ( 'NONE',  ( 0.08448650146932679128, 0.04412404529732330549, 0.1150309970709570001 ) ) ;
#1900 = CARTESIAN_POINT ( 'NONE',  ( 0.003793488331024452015, 0.04818718632936090651, 0.1250207121502217023 ) ) ;
#1901 = LINE ( 'NONE', #7645, #8300 ) ;
#1902 = EDGE_CURVE ( 'NONE', #7582, #185, #6315, .T. ) ;
#1903 = CARTESIAN_POINT ( 'NONE',  ( 0.07977660367138289521, 0.04010757410786770089, 0.04087757906319709755 ) ) ;
#1904 = CARTESIAN_POINT ( 'NONE',  ( 0.07333114064271990806, 0.04885194590174238294, 0.05558849573179962256 ) ) ;
#1905 = CARTESIAN_POINT ( 'NONE',  ( 0.05455773690956400301, 0.06690757410786771220, 0.08795860234512049847 ) ) ;
#1906 = FACE_OUTER_BOUND ( 'NONE', #2127, .T. ) ;
#1907 = ORIENTED_EDGE ( 'NONE', *, *, #2407, .F. ) ;
#1908 = DIRECTION ( 'NONE',  ( -0.005742101684089150233, 0.000000000000000000, 0.9999835139982307108 ) ) ;
#1909 = CARTESIAN_POINT ( 'NONE',  ( -0.006879632691762640334, 0.04010757410786770089, 0.1160664288199409894 ) ) ;
#1910 = B_SPLINE_CURVE_WITH_KNOTS ( 'NONE', 3,
 ( #2937, #7173, #7928, #8636 ),
 .UNSPECIFIED., .F., .F.,
 ( 4, 4 ),
 ( 0.000000000000000000, 1.000000000000000000 ),
 .UNSPECIFIED. ) ;
#1911 = CARTESIAN_POINT ( 'NONE',  ( -0.002692501027176819745, 0.05325747252578399982, 0.07026968776592859567 ) ) ;
#1912 = CARTESIAN_POINT ( 'NONE',  ( 0.01280248833499729975, 0.05058444957561630123, 0.1373965010967350131 ) ) ;
#1913 = CARTESIAN_POINT ( 'NONE',  ( 0.07776501783631095677, 0.04818718632935999058, 0.06073841988368867961 ) ) ;
#1914 = ORIENTED_EDGE ( 'NONE', *, *, #6614, .T. ) ;
#1915 = CYLINDRICAL_SURFACE ( 'NONE', #2898, 0.005499999999999999681 ) ;
#1916 = CARTESIAN_POINT ( 'NONE',  ( -0.002352790070063229960, 0.04428027597285509598, 0.06923567244393510900 ) ) ;
#1917 = CARTESIAN_POINT ( 'NONE',  ( -0.002598731000486290219, 0.05199993007841011150, 0.1178693619397241099 ) ) ;
#1918 = DIRECTION ( 'NONE',  ( 5.979188663871559846E-17, 1.000000000000000000, -7.523851983841539456E-18 ) ) ;
#1919 = ORIENTED_EDGE ( 'NONE', *, *, #8957, .T. ) ;
#1920 = ORIENTED_EDGE ( 'NONE', *, *, #4317, .F. ) ;
#1921 = CARTESIAN_POINT ( 'NONE',  ( 0.01622801743020260007, 0.04018993005514839845, 0.1395632285291419916 ) ) ;
#1922 = CARTESIAN_POINT ( 'NONE',  ( 0.07224992182497171067, 0.09210757410786771238, 0.1304374814140470129 ) ) ;
#1923 = CARTESIAN_POINT ( 'NONE',  ( 0.06818746536504839695, 0.04492807886515449989, 0.04893118340083280060 ) ) ;
#1924 = PERSON_AND_ORGANIZATION_ROLE ( 'classification_officer' ) ;
#1925 = ADVANCED_FACE ( 'NONE', ( #8373 ), #7334, .T. ) ;
#1926 = CARTESIAN_POINT ( 'NONE',  ( -0.004091378267937140038, 0.04510757410786769839, 0.1203492422032050035 ) ) ;
#1927 = ORIENTED_EDGE ( 'NONE', *, *, #1299, .F. ) ;
#1928 = ORIENTED_EDGE ( 'NONE', *, *, #6476, .T. ) ;
#1929 = CARTESIAN_POINT ( 'NONE',  ( 0.004867317959103840096, 0.04722120145040200473, 0.1269468951698120018 ) ) ;
#1930 = CARTESIAN_POINT ( 'NONE',  ( 0.06354422668588850798, 0.05092218523325890006, 0.1362864400408220211 ) ) ;
#1931 = EDGE_LOOP ( 'NONE', ( #3815, #3814, #8306, #4589 ) ) ;
#1932 = CARTESIAN_POINT ( 'NONE',  ( 0.003946997218608327453, 0.04016155378423887784, 0.05639280580750053590 ) ) ;
#1933 = EDGE_CURVE ( 'NONE', #260, #5073, #3009, .T. ) ;
#1934 = EDGE_CURVE ( 'NONE', #185, #1126, #9025, .T. ) ;
#1935 = CARTESIAN_POINT ( 'NONE',  ( 0.09508688373555007622, 0.04158643002176478504, 0.1285962469498970473 ) ) ;
#1936 = PLANE ( 'NONE',  #193 ) ;
#1937 = FACE_OUTER_BOUND ( 'NONE', #7586, .T. ) ;
#1938 = CARTESIAN_POINT ( 'NONE',  ( -0.01305216390779630024, 0.04708659746632420234, 0.1293100277857980041 ) ) ;
#1939 = ORIENTED_EDGE ( 'NONE', *, *, #3266, .F. ) ;
#1940 = DIRECTION ( 'NONE',  ( -0.005742101684087874344, 0.000000000000000000, 0.9999835139982305998 ) ) ;
#1941 = CARTESIAN_POINT ( 'NONE',  ( 0.06453722910153528169, 0.05200039648977380913, 0.1362097885019971366 ) ) ;
#1942 = DIRECTION ( 'NONE',  ( 5.979188663871559846E-17, 1.000000000000000000, -7.523851983841539456E-18 ) ) ;
#1943 = CARTESIAN_POINT ( 'NONE',  ( 0.08599979658366740942, 0.03610757410786769733, 0.09813931368815159706 ) ) ;
#1944 = DIRECTION ( 'NONE',  ( -0.6450864692714358695, 4.431998440701468226E-17, 0.7641095779813997790 ) ) ;
#1945 = CARTESIAN_POINT ( 'NONE',  ( 0.06301734947925340113, 0.04415657025026400312, 0.04921645723275810264 ) ) ;
#1946 = CARTESIAN_POINT ( 'NONE',  ( 0.04077925308366800450, 0.04410757410786769750, 0.09287956601695539216 ) ) ;
#1947 = EDGE_CURVE ( 'NONE', #8562, #5727, #6717, .T. ) ;
#1948 = CARTESIAN_POINT ( 'NONE',  ( 0.08415242044133061650, 0.04021099613170923959, 0.06337181992044296774 ) ) ;
#1949 = CARTESIAN_POINT ( 'NONE',  ( 0.07891926785605955785, 0.04011121596806823536, 0.05560641881561662059 ) ) ;
#1950 = ORIENTED_EDGE ( 'NONE', *, *, #4889, .T. ) ;
#1951 = ORIENTED_EDGE ( 'NONE', *, *, #7018, .T. ) ;
#1952 = AXIS2_PLACEMENT_3D ( 'NONE', #2521, #7380, #3987 ) ;
#1953 = ADVANCED_FACE ( 'NONE', ( #9223 ), #7251, .T. ) ;
#1954 = PLANE ( 'NONE',  #1294 ) ;
#1955 = EDGE_CURVE ( 'NONE', #1402, #3485, #6654, .T. ) ;
#1956 = CARTESIAN_POINT ( 'NONE',  ( -0.003282735452563049702, 0.04320997625299634326, 0.1143164773222959396 ) ) ;
#1957 = VECTOR ( 'NONE', #2253, 1.000000000000000000 ) ;
#1958 = B_SPLINE_CURVE_WITH_KNOTS ( 'NONE', 3,
 ( #792, #8602, #3521, #3472, #4270, #6347 ),
 .UNSPECIFIED., .F., .F.,
 ( 4, 2, 4 ),
 ( 0.5012645726641372645, 0.7506322863320686878, 1.000000000000000000 ),
 .UNSPECIFIED. ) ;
#1959 = CARTESIAN_POINT ( 'NONE',  ( 0.07678621197088345007, 0.04010757410786772864, 0.05473961614914011481 ) ) ;
#1960 = CARTESIAN_POINT ( 'NONE',  ( 0.04077925308366790041, 0.05200000073015689783, 0.09287956601695539216 ) ) ;
#1961 = CARTESIAN_POINT ( 'NONE',  ( 0.01585131157290269738, 0.04035255481984920123, 0.1392325198991420099 ) ) ;
#1962 = CARTESIAN_POINT ( 'NONE',  ( -0.01323841864623468735, 0.04219024172310887472, 0.05672582477991739563 ) ) ;
#1963 = CARTESIAN_POINT ( 'NONE',  ( -0.003629469753516389660, 0.05199875327350009235, 0.1202238064846601895 ) ) ;
#1964 = DIRECTION ( 'NONE',  ( -0.7071067789270740755, 7.391816318331360785E-17, -0.7071067834460210699 ) ) ;
#1965 = ORIENTED_EDGE ( 'NONE', *, *, #7599, .F. ) ;
#1966 = VERTEX_POINT ( 'NONE', #3826 ) ;
#1967 = CARTESIAN_POINT ( 'NONE',  ( 0.01090001114106272512, 0.04010757410786770089, 0.04913490281082587285 ) ) ;
#1968 = AXIS2_PLACEMENT_3D ( 'NONE', #4684, #8368, #3933 ) ;
#1969 = CARTESIAN_POINT ( 'NONE',  ( -0.002883855700529429876, 0.09210757410786771238, 0.07064146962137000940 ) ) ;
#1970 = CARTESIAN_POINT ( 'NONE',  ( 0.003842323610967264547, 0.04811594320718379919, 0.05992636827966800472 ) ) ;
#1971 = B_SPLINE_CURVE_WITH_KNOTS ( 'NONE', 3,
 ( #7864, #1414, #7155, #3576, #2684, #9330, #9145, #1976, #4852, #4145, #7727, #1276, #9190, #2735, #5607, #3237, #8987, #3333 ),
 .UNSPECIFIED., .F., .F.,
 ( 4, 2, 2, 2, 2, 1, 1, 1, 1, 2, 4 ),
 ( 0.000000000000000000, 0.2982211237647964253, 0.4473316856472001057, 0.4846093261178093248, 0.5032481463531153221, 0.5218869665884212639, 0.5591646070590481354, 0.5778034272943612937, 0.5871228374120109894, 0.5917825424708371695, 0.5964422475296634607 ),
 .UNSPECIFIED. ) ;
#1972 = VECTOR ( 'NONE', #104, 1.000000000000000000 ) ;
#1973 = CARTESIAN_POINT ( 'NONE',  ( 0.08564988443527300765, 0.04510757410786760124, 0.06540988983070589180 ) ) ;
#1974 = EDGE_LOOP ( 'NONE', ( #3732, #3083, #3665, #4542 ) ) ;
#1975 = ORIENTED_EDGE ( 'NONE', *, *, #378, .F. ) ;
#1976 = CARTESIAN_POINT ( 'NONE',  ( 0.007595770475238006018, 0.04784165586262090208, 0.1296096509977137379 ) ) ;
#1977 = CARTESIAN_POINT ( 'NONE',  ( 0.06771050147171679690, 0.05208060573872559662, 0.1368854359763009843 ) ) ;
#1978 = VERTEX_POINT ( 'NONE', #1097 ) ;
#1979 = CIRCLE ( 'NONE', #7243, 0.003150000000000011732 ) ;
#1980 = CARTESIAN_POINT ( 'NONE',  ( 0.003186530027569997852, 0.04012344332144933412, 0.05674528847585155050 ) ) ;
#1981 = CARTESIAN_POINT ( 'NONE',  ( 0.04077925308366800450, 0.04950000073015689561, 0.09287956601695539216 ) ) ;
#1982 = CARTESIAN_POINT ( 'NONE',  ( 0.008955129192330938542, 0.03610757410786769733, 0.1056970399704629943 ) ) ;
#1983 = EDGE_CURVE ( 'NONE', #7355, #4664, #1897, .T. ) ;
#1984 = EDGE_CURVE ( 'NONE', #6162, #5370, #7401, .T. ) ;
#1985 = CARTESIAN_POINT ( 'NONE',  ( -0.003189620921738750212, 0.04412530489793380084, 0.1145070558757909918 ) ) ;
#1986 = VECTOR ( 'NONE', #2883, 1.000000000000000000 ) ;
#1987 = FACE_OUTER_BOUND ( 'NONE', #1090, .T. ) ;
#1988 = EDGE_CURVE ( 'NONE', #1826, #6771, #5269, .T. ) ;
#1989 = ORIENTED_EDGE ( 'NONE', *, *, #5729, .F. ) ;
#1990 = DIRECTION ( 'NONE',  ( 5.979188663871559846E-17, 1.000000000000000000, -7.523851983841539456E-18 ) ) ;
#1991 = CIRCLE ( 'NONE', #3193, 0.05349999999999999895 ) ;
#1992 = CIRCLE ( 'NONE', #2891, 0.004000000000000002685 ) ;
#1993 = EDGE_CURVE ( 'NONE', #7725, #3750, #3357, .T. ) ;
#1994 = CARTESIAN_POINT ( 'NONE',  ( 0.06504046600934997036, 0.05200043885376477715, 0.1361888730187619800 ) ) ;
#1995 = CARTESIAN_POINT ( 'NONE',  ( 0.002714371705887840078, 0.04012092669382164717, 0.1285619576543869658 ) ) ;
#1996 = DIRECTION ( 'NONE',  ( 1.000000000000000000, -9.120436474571179495E-17, 0.000000000000000000 ) ) ;
#1997 = AXIS2_PLACEMENT_3D ( 'NONE', #2904, #21, #5772 ) ;
#1998 = CARTESIAN_POINT ( 'NONE',  ( 0.002102575047694698208, 0.03610757410786769733, 0.05546599083334349811 ) ) ;
#1999 = CARTESIAN_POINT ( 'NONE',  ( 0.002895926864879265483, 0.04010946802755343404, 0.05527484642045291108 ) ) ;
#2000 = CARTESIAN_POINT ( 'NONE',  ( -0.01342801415470075595, 0.04259867804464486513, 0.1287486668928160272 ) ) ;
#2001 = CIRCLE ( 'NONE', #3202, 0.06500000000000002998 ) ;
#2002 = CARTESIAN_POINT ( 'NONE',  ( 0.05210371493804120263, 0.04010757410786770089, 0.07994437897892439637 ) ) ;
#2003 = EDGE_CURVE ( 'NONE', #8548, #1736, #8189, .T. ) ;
#2004 = CARTESIAN_POINT ( 'NONE',  ( 0.01549744792758404183, 0.05199909362543318758, 0.04944672723388215951 ) ) ;
#2005 = ORIENTED_EDGE ( 'NONE', *, *, #1420, .F. ) ;
#2006 = ORIENTED_EDGE ( 'NONE', *, *, #9260, .F. ) ;
#2007 = DIRECTION ( 'NONE',  ( -4.027934139806210305E-16, 1.000000000000000000, -1.018010760859769879E-17 ) ) ;
#2008 = CARTESIAN_POINT ( 'NONE',  ( 0.08956689779406259988, 0.05137880168644336915, 0.08832101133977221519 ) ) ;
#2009 = CARTESIAN_POINT ( 'NONE',  ( 0.07805380029578104506, 0.04016051601582404373, 0.05683571267171159958 ) ) ;
#2010 = FACE_OUTER_BOUND ( 'NONE', #7395, .T. ) ;
#2011 = CARTESIAN_POINT ( 'NONE',  ( 0.07828804164418605438, 0.04954730632035597715, 0.06134999148722145718 ) ) ;
#2012 = EDGE_CURVE ( 'NONE', #4281, #2258, #1677, .T. ) ;
#2013 = ORIENTED_EDGE ( 'NONE', *, *, #4685, .F. ) ;
#2014 = CARTESIAN_POINT ( 'NONE',  ( 0.04085390040556109714, 0.03610757410786769733, 0.07987978033497838970 ) ) ;
#2015 = EDGE_CURVE ( 'NONE', #1040, #1126, #4478, .T. ) ;
#2016 = DIRECTION ( 'NONE',  ( 5.979188663871559846E-17, 1.000000000000000000, -7.523851983841548700E-18 ) ) ;
#2017 = DIRECTION ( 'NONE',  ( 0.4344876699857385116, -0.7010108906134643325, -0.5655123304329284784 ) ) ;
#2018 = CARTESIAN_POINT ( 'NONE',  ( 0.08959025365982713207, 0.04810155718038957445, 0.08857966441031503435 ) ) ;
#2019 = VERTEX_POINT ( 'NONE', #6827 ) ;
#2020 = ORIENTED_EDGE ( 'NONE', *, *, #2938, .T. ) ;
#2021 = CARTESIAN_POINT ( 'NONE',  ( 0.07672341929176140773, 0.04950000073015689561, 0.1349109789094259937 ) ) ;
#2022 = CARTESIAN_POINT ( 'NONE',  ( 0.04077925308366790041, 0.03610757410786769733, 0.09287956601695539216 ) ) ;
#2023 = PLANE ( 'NONE',  #1095 ) ;
#2024 = EDGE_CURVE ( 'NONE', #678, #4981, #5815, .T. ) ;
#2025 = CARTESIAN_POINT ( 'NONE',  ( 0.08701251947653700081, 0.04056116704352170227, 0.06805844299088049942 ) ) ;
#2026 = EDGE_LOOP ( 'NONE', ( #6912, #6776 ) ) ;
#2027 = ORIENTED_EDGE ( 'NONE', *, *, #4374, .T. ) ;
#2028 = CARTESIAN_POINT ( 'NONE',  ( 0.07805302678345134304, 0.04880183546319662863, 0.1254512563582396156 ) ) ;
#2029 = CARTESIAN_POINT ( 'NONE',  ( 0.04077925308366790041, 0.04010757410786770089, 0.09287956601695539216 ) ) ;
#2030 = ORIENTED_EDGE ( 'NONE', *, *, #1440, .T. ) ;
#2031 = CARTESIAN_POINT ( 'NONE',  ( 0.002915445274528017956, 0.04011303513642869301, 0.05681818305765010124 ) ) ;
#2032 = CARTESIAN_POINT ( 'NONE',  ( 0.07810637331008850326, 0.04010757410786770089, 0.06774619983567439774 ) ) ;
#2033 = CARTESIAN_POINT ( 'NONE',  ( 0.07989280024107690836, 0.04010757410786770089, 0.05421264955384290374 ) ) ;
#2034 = CARTESIAN_POINT ( 'NONE',  ( -0.003236340866139649896, 0.04410757410786769750, 0.1144118379698519927 ) ) ;
#2035 = ORIENTED_EDGE ( 'NONE', *, *, #5667, .F. ) ;
#2036 = ORIENTED_EDGE ( 'NONE', *, *, #1029, .F. ) ;
#2037 = CARTESIAN_POINT ( 'NONE',  ( -0.01203704340354249877, 0.04760757410786779775, 0.1282949072880310015 ) ) ;
#2038 = CARTESIAN_POINT ( 'NONE',  ( 0.06436191150106285175, 0.05200030998307941105, 0.1362276880140084190 ) ) ;
#2039 = CIRCLE ( 'NONE', #8512, 0.001700000000000003808 ) ;
#2040 = CARTESIAN_POINT ( 'NONE',  ( 0.004162288677714761145, 0.04016925132676668619, 0.1295184909072462365 ) ) ;
#2041 = EDGE_CURVE ( 'NONE', #78, #6882, #4938, .T. ) ;
#2042 = EDGE_CURVE ( 'NONE', #1057, #13, #3110, .T. ) ;
#2043 = CARTESIAN_POINT ( 'NONE',  ( 0.08441249574051640225, 0.04950000073015689561, 0.1341147740059679960 ) ) ;
#2044 = CARTESIAN_POINT ( 'NONE',  ( 0.002927590897531918025, 0.04010976706750379872, 0.05525783119149775546 ) ) ;
#2045 = FACE_OUTER_BOUND ( 'NONE', #8222, .T. ) ;
#2046 = ADVANCED_FACE ( 'NONE', ( #6066 ), #7352, .T. ) ;
#2047 = TOROIDAL_SURFACE ( 'NONE', #990, 0.05349999999999999895, 0.004000000000000000083 ) ;
#2048 = CARTESIAN_POINT ( 'NONE',  ( -0.002631719460532094476, 0.04985783729309412743, 0.06641615610268702952 ) ) ;
#2049 = AXIS2_PLACEMENT_3D ( 'NONE', #8683, #6563, #5201 ) ;
#2050 = CARTESIAN_POINT ( 'NONE',  ( 0.08395964022531697546, 0.04451988915590725238, 0.1181694366629134352 ) ) ;
#2051 = VERTEX_POINT ( 'NONE', #4522 ) ;
#2052 = VERTEX_POINT ( 'NONE', #8858 ) ;
#2053 = FACE_OUTER_BOUND ( 'NONE', #4841, .T. ) ;
#2054 = CARTESIAN_POINT ( 'NONE',  ( 0.08974413394166289026, 0.05463001587821354060, 0.09102729338987880503 ) ) ;
#2055 = CARTESIAN_POINT ( 'NONE',  ( 0.07729335733414098575, 0.04016326020793971330, 0.05608863892688379510 ) ) ;
#2056 = CARTESIAN_POINT ( 'NONE',  ( 0.06785978759811640837, 0.04459111110272989675, 0.1373610556942720107 ) ) ;
#2057 = FACE_OUTER_BOUND ( 'NONE', #1187, .T. ) ;
#2058 = EDGE_LOOP ( 'NONE', ( #4525, #5206, #7009, #1141, #2732, #6152, #6626, #6612 ) ) ;
#2059 = DIRECTION ( 'NONE',  ( -4.027934139806210305E-16, 1.000000000000000000, -1.018010760859769879E-17 ) ) ;
#2060 = CARTESIAN_POINT ( 'NONE',  ( 0.09395582277399786020, 0.05127351860939611400, 0.05549914314819216071 ) ) ;
#2061 = CARTESIAN_POINT ( 'NONE',  ( 0.1208656646011710828, 0.04013131365941523948, 0.01763776074388131304 ) ) ;
#2062 = CARTESIAN_POINT ( 'NONE',  ( 0.05455773690956400301, 0.07410757410786771027, 0.08795860234512049847 ) ) ;
#2063 = ORIENTED_EDGE ( 'NONE', *, *, #173, .F. ) ;
#2064 = ORIENTED_EDGE ( 'NONE', *, *, #3133, .F. ) ;
#2065 = CARTESIAN_POINT ( 'NONE',  ( 0.01880967800718049907, 0.04291077690650020593, 0.1366783990032190144 ) ) ;
#2066 = CARTESIAN_POINT ( 'NONE',  ( 0.08735117782494314365, 0.04010757428474809316, 0.1162401323690086252 ) ) ;
#2067 = CYLINDRICAL_SURFACE ( 'NONE', #3155, 0.005500000000000004885 ) ;
#2068 = CARTESIAN_POINT ( 'NONE',  ( 0.001665705926261220032, 0.04010757410786770089, 0.1315464824800660071 ) ) ;
#2069 = ORIENTED_EDGE ( 'NONE', *, *, #8433, .T. ) ;
#2070 = VERTEX_POINT ( 'NONE', #192 ) ;
#2071 = CARTESIAN_POINT ( 'NONE',  ( 0.07806718442980106754, 0.04884280503644175542, 0.1254350480588863892 ) ) ;
#2072 = EDGE_CURVE ( 'NONE', #4951, #4825, #2491, .T. ) ;
#2073 = CARTESIAN_POINT ( 'NONE',  ( -0.01439228145397869647, 0.04082056427233247964, 0.1272442175557343957 ) ) ;
#2074 = VERTEX_POINT ( 'NONE', #3818 ) ;
#2075 = CARTESIAN_POINT ( 'NONE',  ( 0.01715278614326918791, 0.05200240959889250447, 0.1360227819300518226 ) ) ;
#2076 = CARTESIAN_POINT ( 'NONE',  ( 0.08537261049584911332, 0.05200000073014460211, 0.06532114039128759930 ) ) ;
#2077 = CARTESIAN_POINT ( 'NONE',  ( 0.07464278169168979404, 0.04510757410786769839, 0.1031318563913250080 ) ) ;
#2078 = CYLINDRICAL_SURFACE ( 'NONE', #627, 0.004999999999999996635 ) ;
#2079 = ORIENTED_EDGE ( 'NONE', *, *, #8868, .F. ) ;
#2080 = EDGE_LOOP ( 'NONE', ( #5268, #8405, #6974, #5148, #2819 ) ) ;
#2081 = CARTESIAN_POINT ( 'NONE',  ( 0.08365311444716580502, 0.05071479238331899619, 0.1183441983178799978 ) ) ;
#2082 = CARTESIAN_POINT ( 'NONE',  ( -0.002400899903057179992, 0.09210757410786771238, 0.06758968314253528675 ) ) ;
#2083 = CARTESIAN_POINT ( 'NONE',  ( 0.004560059349353494038, 0.04013519048985172977, 0.1302347535868405015 ) ) ;
#2084 = CARTESIAN_POINT ( 'NONE',  ( 0.07909591274444180420, 0.05200000073015689783, 0.04037400828788809820 ) ) ;
#2085 = CARTESIAN_POINT ( 'NONE',  ( 0.003668040816689776152, 0.04010850661583850035, 0.05448137410604788483 ) ) ;
#2086 = CARTESIAN_POINT ( 'NONE',  ( 0.003058962624324408717, 0.04893557217405969384, 0.1249332924027836689 ) ) ;
#2087 = FACE_OUTER_BOUND ( 'NONE', #1555, .T. ) ;
#2088 = DIRECTION ( 'NONE',  ( -0.9999835139982307108, 0.000000000000000000, -0.005742101684093668321 ) ) ;
#2089 = EDGE_LOOP ( 'NONE', ( #779, #2820 ) ) ;
#2090 = ORIENTED_EDGE ( 'NONE', *, *, #6239, .F. ) ;
#2091 = CARTESIAN_POINT ( 'NONE',  ( 0.07815967595242236110, 0.05127351860938234029, 0.1460561357072914790 ) ) ;
#2092 = CARTESIAN_POINT ( 'NONE',  ( 0.08969131381496063538, 0.05394765514265514178, 0.08992938778298940894 ) ) ;
#2093 = CYLINDRICAL_SURFACE ( 'NONE', #236, 0.004999999999999998369 ) ;
#2094 = CARTESIAN_POINT ( 'NONE',  ( 0.09461067007513219995, 0.04510757410786769839, 0.05644910424811290517 ) ) ;
#2095 = CARTESIAN_POINT ( 'NONE',  ( 0.09409385876967329976, 0.04922995822003027599, 0.1300622740160096991 ) ) ;
#2096 = CONICAL_SURFACE ( 'NONE', #1794, 0.003150000000000011732, 0.7853981633974476129 ) ;
#2097 = CARTESIAN_POINT ( 'NONE',  ( 0.04077925308366790041, 0.04010757410786770089, 0.09287956601695539216 ) ) ;
#2098 = CARTESIAN_POINT ( 'NONE',  ( 0.07464278169168979404, 0.04510757410786769839, 0.1031318563913250080 ) ) ;
#2099 = ORIENTED_EDGE ( 'NONE', *, *, #2932, .T. ) ;
#2100 = CARTESIAN_POINT ( 'NONE',  ( 0.09241905725443330666, 0.04950000073015689561, 0.1323552626568499924 ) ) ;
#2101 = ORIENTED_EDGE ( 'NONE', *, *, #7857, .T. ) ;
#2102 = ORIENTED_EDGE ( 'NONE', *, *, #1620, .F. ) ;
#2103 = ADVANCED_FACE ( 'NONE', ( #5367 ), #5928, .F. ) ;
#2104 = EDGE_CURVE ( 'NONE', #8701, #7934, #7528, .T. ) ;
#2105 = LINE ( 'NONE', #3668, #3606 ) ;
#2106 = CARTESIAN_POINT ( 'NONE',  ( 0.06824892926991750486, 0.04990270069763820537, 0.1377501973685599790 ) ) ;
#2107 = DIRECTION ( 'NONE',  ( 5.979188663871559846E-17, 1.000000000000000000, -7.523851983841539456E-18 ) ) ;
#2108 = CARTESIAN_POINT ( 'NONE',  ( -0.02303575497924729987, 0.04950000073015689561, 0.02297731109154680165 ) ) ;
#2109 = ORIENTED_EDGE ( 'NONE', *, *, #7723, .F. ) ;
#2110 = VERTEX_POINT ( 'NONE', #8818 ) ;
#2111 = CARTESIAN_POINT ( 'NONE',  ( 0.07810528535271854533, 0.04895897247859272439, 0.1253914149917645937 ) ) ;
#2112 = DIRECTION ( 'NONE',  ( -0.9956615642087338625, -0.09304864081445499147, 0.000000000000000000 ) ) ;
#2113 = CIRCLE ( 'NONE', #7527, 0.05349999999999999895 ) ;
#2114 = CARTESIAN_POINT ( 'NONE',  ( -0.01123708507384959913, 0.04950000073015689561, 0.1318577722953719888 ) ) ;
#2115 = ORIENTED_EDGE ( 'NONE', *, *, #3514, .F. ) ;
#2116 = CARTESIAN_POINT ( 'NONE',  ( 0.01468656383691573780, 0.05199792009384591324, 0.1360644837304582910 ) ) ;
#2117 = EDGE_CURVE ( 'NONE', #6574, #303, #162, .T. ) ;
#2118 = B_SPLINE_CURVE_WITH_KNOTS ( 'NONE', 3,
 ( #8106, #1516, #1654, #4527 ),
 .UNSPECIFIED., .F., .F.,
 ( 4, 4 ),
 ( 7.594958575497059994E-16, 0.03441153907666479744 ),
 .UNSPECIFIED. ) ;
#2119 = DIRECTION ( 'NONE',  ( -0.005742101684089138958, 7.867059038567457707E-18, 0.9999835139982308219 ) ) ;
#2120 = VECTOR ( 'NONE', #4359, 1.000000000000000000 ) ;
#2121 = EDGE_CURVE ( 'NONE', #3205, #768, #7437, .T. ) ;
#2122 = CONICAL_SURFACE ( 'NONE', #8142, 0.003150000000000011732, 0.7853981633974476129 ) ;
#2123 = CARTESIAN_POINT ( 'NONE',  ( 0.07103609102660320140, 0.04010757410786770089, 0.1370018252258280167 ) ) ;
#2124 = EDGE_CURVE ( 'NONE', #5184, #6404, #7870, .T. ) ;
#2125 = DIRECTION ( 'NONE',  ( -0.4999999984023114630, -0.7071067811865469066, -0.5000000015976894252 ) ) ;
#2126 = ORIENTED_EDGE ( 'NONE', *, *, #7580, .F. ) ;
#2127 = EDGE_LOOP ( 'NONE', ( #2063, #8459, #7761, #3736, #1569, #892, #8446 ) ) ;
#2128 = CARTESIAN_POINT ( 'NONE',  ( 0.005158094090046279681, 0.04010757410786770089, 0.05296236381100000168 ) ) ;
#2129 = CIRCLE ( 'NONE', #6344, 0.05349999999999999201 ) ;
#2130 = CARTESIAN_POINT ( 'NONE',  ( 0.06824414174580714643, 0.05200000073015689783, 0.1373894013711370599 ) ) ;
#2131 = CARTESIAN_POINT ( 'NONE',  ( 0.004677991419668109559, 0.04011849707274054572, 0.1305885789020016508 ) ) ;
#2132 = CARTESIAN_POINT ( 'NONE',  ( 0.002585953264629091853, 0.04011069090081206823, 0.1301170332627184512 ) ) ;
#2133 = CARTESIAN_POINT ( 'NONE',  ( -0.002610772990013591859, 0.05199525077675962864, 0.06618112497401543171 ) ) ;
#2134 = AXIS2_PLACEMENT_3D ( 'NONE', #7861, #6447, #567 ) ;
#2135 = CARTESIAN_POINT ( 'NONE',  ( 0.003235716337582085142, 0.04848963112096161404, 0.1251398520186501051 ) ) ;
#2136 = CARTESIAN_POINT ( 'NONE',  ( 0.01684511081464850138, 0.09210757410786771238, 0.04447340077071489789 ) ) ;
#2138 = CARTESIAN_POINT ( 'NONE',  ( 0.06825430319455635941, 0.04290319551237160856, 0.04835229061684345048 ) ) ;
#2137 = AXIS2_PLACEMENT_3D ( 'NONE', #2470, #5345, #8219 ) ;
#2139 = ORIENTED_EDGE ( 'NONE', *, *, #492, .T. ) ;
#2140 = ORIENTED_EDGE ( 'NONE', *, *, #2993, .F. ) ;
#2141 = CARTESIAN_POINT ( 'NONE',  ( -0.003019579902595309791, 0.04410757410786769750, 0.07090999094046790407 ) ) ;
#2142 = B_SPLINE_CURVE_WITH_KNOTS ( 'NONE', 3,
 ( #9200, #2879, #6320, #7118 ),
 .UNSPECIFIED., .F., .F.,
 ( 4, 4 ),
 ( 0.000000000000000000, 1.000000000000000000 ),
 .UNSPECIFIED. ) ;
#2143 = CARTESIAN_POINT ( 'NONE',  ( 0.08958664902159545196, 0.05201839379896666671, 0.08853927747935091963 ) ) ;
#2144 = CIRCLE ( 'NONE', #804, 0.06500000000000002998 ) ;
#2145 = CARTESIAN_POINT ( 'NONE',  ( 0.08395280142251479449, 0.04990270069763820537, 0.06790614903688579895 ) ) ;
#2146 = CARTESIAN_POINT ( 'NONE',  ( 0.08419863296291199561, 0.05200244281944745028, 0.06977938012725067030 ) ) ;
#2147 = ORIENTED_EDGE ( 'NONE', *, *, #5276, .T. ) ;
#2148 = FACE_OUTER_BOUND ( 'NONE', #4964, .T. ) ;
#2149 = DIRECTION ( 'NONE',  ( 0.005742101684089199673, 0.000000000000000000, -0.9999835139982305998 ) ) ;
#2150 = DIRECTION ( 'NONE',  ( 0.005742101684089223959, 0.000000000000000000, -0.9999835139982307108 ) ) ;
#2151 = VERTEX_POINT ( 'NONE', #5462 ) ;
#2152 = CARTESIAN_POINT ( 'NONE',  ( 0.08425177715281403912, 0.09210757410786771238, 0.06813352182302200022 ) ) ;
#2153 = ORIENTED_EDGE ( 'NONE', *, *, #8388, .T. ) ;
#2154 = ORIENTED_EDGE ( 'NONE', *, *, #7530, .F. ) ;
#2155 = AXIS2_PLACEMENT_3D ( 'NONE', #6208, #8385, #7765 ) ;
#2156 = DIRECTION ( 'NONE',  ( -0.9999835139982307108, 0.000000000000000000, -0.005742101684093656178 ) ) ;
#2157 = EDGE_CURVE ( 'NONE', #6547, #7726, #8623, .T. ) ;
#2158 = CYLINDRICAL_SURFACE ( 'NONE', #8163, 0.007999999999999998432 ) ;
#2159 = CARTESIAN_POINT ( 'NONE',  ( 0.09625939143192989433, 0.04026698749492457763, 0.1267470096356985709 ) ) ;
#2160 = ADVANCED_FACE ( 'NONE', ( #4047 ), #9039, .F. ) ;
#2161 = ADVANCED_FACE ( 'NONE', ( #467 ), #4754, .T. ) ;
#2162 = CARTESIAN_POINT ( 'NONE',  ( 0.08388187391765111744, 0.05200019966392272625, 0.1167137116345357689 ) ) ;
#2163 = DIRECTION ( 'NONE',  ( -0.005742101684089325440, 0.000000000000000000, 0.9999835139982307108 ) ) ;
#2164 = ORIENTED_EDGE ( 'NONE', *, *, #734, .T. ) ;
#2165 = EDGE_LOOP ( 'NONE', ( #7158, #8195, #7780, #9239, #8568, #2839, #8518, #5652, #3477, #6362 ) ) ;
#2166 = CIRCLE ( 'NONE', #2703, 0.05350000000000000588 ) ;
#2167 = CARTESIAN_POINT ( 'NONE',  ( -0.02298020903060720224, 0.04180366319439639960, 0.02868971130811009962 ) ) ;
#2168 = CARTESIAN_POINT ( 'NONE',  ( 0.07937661981142681011, 0.04010757410786770089, 0.05583238958361720627 ) ) ;
#2169 = ORIENTED_EDGE ( 'NONE', *, *, #8111, .F. ) ;
#2170 = CARTESIAN_POINT ( 'NONE',  ( 0.005096861446465223572, 0.04012092669380119825, 0.05481468463845925315 ) ) ;
#2171 = CARTESIAN_POINT ( 'NONE',  ( 0.06005764623655430318, 0.04110757410786770177, 0.08799018390438290149 ) ) ;
#2172 = PLANE ( 'NONE',  #7829 ) ;
#2173 = AXIS2_PLACEMENT_3D ( 'NONE', #4118, #7784, #6938 ) ;
#2174 = CARTESIAN_POINT ( 'NONE',  ( -0.002401316720598447359, 0.04985783719968946148, 0.06758974638628219289 ) ) ;
#2175 = B_SPLINE_CURVE_WITH_KNOTS ( 'NONE', 3,
 ( #1667, #1579, #4409, #213, #8789, #7326, #8032, #831, #6572, #114, #3744, #6615, #2419 ),
 .UNSPECIFIED., .F., .F.,
 ( 4, 2, 2, 2, 1, 2, 4 ),
 ( 0.000000000000000000, 0.2524566074345583888, 0.3786849111518375555, 0.4417990630104763894, 0.4733561389397951125, 0.4891346769044544462, 0.5049132148691137800 ),
 .UNSPECIFIED. ) ;
#2176 = ORIENTED_EDGE ( 'NONE', *, *, #5695, .F. ) ;
#2177 = ORIENTED_EDGE ( 'NONE', *, *, #5186, .T. ) ;
#2178 = CARTESIAN_POINT ( 'NONE',  ( 0.07528567138134870107, 0.04721957596032489574, 0.05738932656629109480 ) ) ;
#2179 = CARTESIAN_POINT ( 'NONE',  ( -0.006647564880658259762, 0.04743424316138779989, 0.1455328457252569874 ) ) ;
#2180 = CARTESIAN_POINT ( 'NONE',  ( 0.004356113200804156288, 0.04015686451509391242, 0.1298147436941144983 ) ) ;
#2181 = CARTESIAN_POINT ( 'NONE',  ( 0.06866944651791412335, 0.04384278880981315463, 0.05198473614568271950 ) ) ;
#2182 = CARTESIAN_POINT ( 'NONE',  ( -0.002324802985204254061, 0.05200022410825728275, 0.06905363961035883291 ) ) ;
#2183 = B_SPLINE_CURVE_WITH_KNOTS ( 'NONE', 3,
 ( #4119, #6132, #8312, #8408, #1854, #495 ),
 .UNSPECIFIED., .F., .F.,
 ( 4, 2, 4 ),
 ( 0.4986828323980310174, 0.7493414161990155087, 1.000000000000000000 ),
 .UNSPECIFIED. ) ;
#2184 = CARTESIAN_POINT ( 'NONE',  ( -0.01209726754476669885, 0.05200000073015689783, 0.1306826553911150102 ) ) ;
#2185 = LINE ( 'NONE', #7220, #1820 ) ;
#2186 = CARTESIAN_POINT ( 'NONE',  ( 0.01572076878224177784, 0.05199977147525739612, 0.04949005097415596494 ) ) ;
#2187 = VERTEX_POINT ( 'NONE', #9183 ) ;
#2188 = ORIENTED_EDGE ( 'NONE', *, *, #9247, .T. ) ;
#2189 = CARTESIAN_POINT ( 'NONE',  ( -0.003814104328513220118, 0.05200000073014460211, 0.1204379916426230046 ) ) ;
#2190 = CIRCLE ( 'NONE', #4591, 0.04949999999999999539 ) ;
#2191 = FACE_OUTER_BOUND ( 'NONE', #4885, .T. ) ;
#2192 = CARTESIAN_POINT ( 'NONE',  ( 0.08958178095048181799, 0.05188169048484241042, 0.08848471086336433256 ) ) ;
#2193 = EDGE_CURVE ( 'NONE', #4275, #1027, #4096, .T. ) ;
#2194 = B_SPLINE_CURVE_WITH_KNOTS ( 'NONE', 3,
 ( #1137, #9048, #2590, #5473, #6214 ),
 .UNSPECIFIED., .F., .F.,
 ( 4, 1, 4 ),
 ( 0.000000000000000000, 0.2857142857142868086, 0.3689817069804444682 ),
 .UNSPECIFIED. ) ;
#2195 = CARTESIAN_POINT ( 'NONE',  ( 0.06302853990577410304, 0.04419829269499850333, 0.1365409961894200053 ) ) ;
#2196 = CARTESIAN_POINT ( 'NONE',  ( 0.08413576744900155835, 0.05200009337234683116, 0.06804242113704768447 ) ) ;
#2197 = CIRCLE ( 'NONE', #848, 0.05349999999999999895 ) ;
#2198 = ORIENTED_EDGE ( 'NONE', *, *, #1902, .F. ) ;
#2199 = DIRECTION ( 'NONE',  ( -0.005742101684089149366, 0.000000000000000000, 0.9999835139982308219 ) ) ;
#2200 = CARTESIAN_POINT ( 'NONE',  ( 0.09426452659515498211, 0.05018530988723736430, 0.05594276276362831340 ) ) ;
#2201 = DIRECTION ( 'NONE',  ( 0.005742101684089277736, 0.000000000000000000, -0.9999835139982307108 ) ) ;
#2202 = ORIENTED_EDGE ( 'NONE', *, *, #5532, .T. ) ;
#2203 = CYLINDRICAL_SURFACE ( 'NONE', #2643, 0.001299999999999997555 ) ;
#2204 = ORIENTED_EDGE ( 'NONE', *, *, #6012, .F. ) ;
#2205 = CARTESIAN_POINT ( 'NONE',  ( 0.002130424240862531429, 0.04010757410786770089, 0.05061607079045207791 ) ) ;
#2206 = CARTESIAN_POINT ( 'NONE',  ( 0.06788223824573305643, 0.04990270069763820537, 0.1373835063420327518 ) ) ;
#2207 = CARTESIAN_POINT ( 'NONE',  ( 0.07271556664761660849, 0.04992835687436185388, 0.05571679061003580180 ) ) ;
#2208 = CARTESIAN_POINT ( 'NONE',  ( 0.08404233088926466033, 0.05200655458321940677, 0.1160368371361645695 ) ) ;
#2209 = CARTESIAN_POINT ( 'NONE',  ( 0.01849249293703307540, 0.05129271161374964610, 0.1365181511247540169 ) ) ;
#2210 = ORIENTED_EDGE ( 'NONE', *, *, #7195, .T. ) ;
#2211 = ORIENTED_EDGE ( 'NONE', *, *, #318, .T. ) ;
#2212 = CARTESIAN_POINT ( 'NONE',  ( 0.07987471262077203149, 0.04010757410786770089, 0.05736259762293732800 ) ) ;
#2213 = CARTESIAN_POINT ( 'NONE',  ( 0.01677254911610490118, 0.04019622805819820371, 0.04593510090294599529 ) ) ;
#2214 = ORIENTED_EDGE ( 'NONE', *, *, #8318, .F. ) ;
#2215 = CARTESIAN_POINT ( 'NONE',  ( 0.004699879455608677210, 0.04016267788485623769, 0.05565740093147181211 ) ) ;
#2216 = EDGE_CURVE ( 'NONE', #8688, #7096, #2713, .T. ) ;
#2217 = CARTESIAN_POINT ( 'NONE',  ( 0.01934234219034190044, 0.04410757410786769750, 0.04881757728117999684 ) ) ;
#2218 = CARTESIAN_POINT ( 'NONE',  ( 0.06338913133469470385, 0.05325747252578399982, 0.04940781190611070323 ) ) ;
#2219 = CARTESIAN_POINT ( 'NONE',  ( 0.08555509346919835945, 0.05171834778957011547, 0.08839179515805482834 ) ) ;
#2220 = ORIENTED_EDGE ( 'NONE', *, *, #5973, .F. ) ;
#2221 = EDGE_LOOP ( 'NONE', ( #8781, #7846, #7142, #1725 ) ) ;
#2222 = CARTESIAN_POINT ( 'NONE',  ( 0.05202906761614799896, 0.04110757410786770177, 0.09294416466090139883 ) ) ;
#2223 = EDGE_CURVE ( 'NONE', #6264, #3839, #9162, .T. ) ;
#2224 = CARTESIAN_POINT ( 'NONE',  ( 0.07686274481297342143, 0.04016292511063385834, 0.1300956880864349019 ) ) ;
#2225 = ORIENTED_EDGE ( 'NONE', *, *, #2934, .F. ) ;
#2226 = CARTESIAN_POINT ( 'NONE',  ( 0.07854778615008389808, 0.04013511579840065707, 0.05709378889698041304 ) ) ;
#2227 = EDGE_CURVE ( 'NONE', #91, #4718, #6210, .T. ) ;
#2228 = CARTESIAN_POINT ( 'NONE',  ( 0.07775000947500358695, 0.04794078568905483367, 0.03941772772167024402 ) ) ;
#2229 = CARTESIAN_POINT ( 'NONE',  ( -0.002262931339809006164, 0.05200015635339148845, 0.06763993285758808371 ) ) ;
#2230 = PLANE ( 'NONE',  #8315 ) ;
#2231 = CARTESIAN_POINT ( 'NONE',  ( 0.07327486393395635234, 0.04812102740775294624, 0.1302196955755414720 ) ) ;
#2232 = CARTESIAN_POINT ( 'NONE',  ( 0.04110056447536210300, 0.04010757410786770089, 0.03988053999770134472 ) ) ;
#2233 = ORIENTED_EDGE ( 'NONE', *, *, #6908, .T. ) ;
#2234 = ORIENTED_EDGE ( 'NONE', *, *, #2734, .F. ) ;
#2235 = CARTESIAN_POINT ( 'NONE',  ( 0.007065601379594750077, 0.04728730665580380133, 0.05732130834343539955 ) ) ;
#2236 = CARTESIAN_POINT ( 'NONE',  ( -0.01544626419386450032, 0.04010757410786770089, 0.06026528683016509763 ) ) ;
#2237 = CARTESIAN_POINT ( 'NONE',  ( 0.07989280024107690836, 0.04010757410786770089, 0.05421264955384290374 ) ) ;
#2238 = ORIENTED_EDGE ( 'NONE', *, *, #5501, .T. ) ;
#2239 = CARTESIAN_POINT ( 'NONE',  ( 0.06396611588665319925, 0.04010757410786770089, 0.1405384517923859988 ) ) ;
#2240 = CARTESIAN_POINT ( 'NONE',  ( 0.07245512825227615195, 0.05200000073015689089, 0.04543257453681482511 ) ) ;
#2241 = EDGE_CURVE ( 'NONE', #865, #8338, #8995, .T. ) ;
#2242 = EDGE_LOOP ( 'NONE', ( #8537, #5023, #893, #5824, #2924 ) ) ;
#2243 = CALENDAR_DATE ( 2026, 6, 9 ) ;
#2244 = EDGE_CURVE ( 'NONE', #1743, #4112, #2536, .T. ) ;
#2245 = CARTESIAN_POINT ( 'NONE',  ( 0.09453264555668899893, 0.04882521000077928025, 0.05633300584748823781 ) ) ;
#2246 = DIRECTION ( 'NONE',  ( 0.006062479088570281276, 0.000000000000000000, -0.9999816230047934296 ) ) ;
#2247 = EDGE_CURVE ( 'NONE', #7934, #5619, #662, .T. ) ;
#2248 = ORIENTED_EDGE ( 'NONE', *, *, #4440, .T. ) ;
#2249 = DIRECTION ( 'NONE',  ( -0.9999835139982307108, 0.000000000000000000, -0.005742101684093668321 ) ) ;
#2250 = CARTESIAN_POINT ( 'NONE',  ( 0.09544986302265510980, 0.04154374573144069271, 0.05772099354696047513 ) ) ;
#2251 = CARTESIAN_POINT ( 'NONE',  ( 0.004092407835284663647, 0.04779294570383236379, 0.05964832506631680131 ) ) ;
#2252 = CARTESIAN_POINT ( 'NONE',  ( -0.002927995301990900245, 0.04412404529732330549, 0.07072813496295410340 ) ) ;
#2253 = DIRECTION ( 'NONE',  ( 5.451342566809879610E-17, 1.000000000000000000, -2.245391046958059891E-18 ) ) ;
#2254 = VECTOR ( 'NONE', #2832, 0.9999999999999998890 ) ;
#2255 = VECTOR ( 'NONE', #8936, 1.000000000000000000 ) ;
#2256 = DIRECTION ( 'NONE',  ( -4.027934139806210305E-16, 1.000000000000000000, -1.018010760859769879E-17 ) ) ;
#2257 = CARTESIAN_POINT ( 'NONE',  ( 0.01854115668808260092, 0.05057520230112409754, 0.1365426748011530078 ) ) ;
#2258 = VERTEX_POINT ( 'NONE', #5600 ) ;
#2259 = ORIENTED_EDGE ( 'NONE', *, *, #1266, .F. ) ;
#2260 = VECTOR ( 'NONE', #94, 1.000000000000000000 ) ;
#2261 = PLANE ( 'NONE',  #298 ) ;
#2262 = CYLINDRICAL_SURFACE ( 'NONE', #4068, 0.004999999999999996635 ) ;
#2263 = AXIS2_PLACEMENT_3D ( 'NONE', #1598, #7342, #3058 ) ;
#2264 = ORIENTED_EDGE ( 'NONE', *, *, #5562, .F. ) ;
#2265 = CARTESIAN_POINT ( 'NONE',  ( 0.01694468622615883865, 0.05200019995746719276, 0.1359821048607572636 ) ) ;
#2266 = CARTESIAN_POINT ( 'NONE',  ( 0.07268041613271521151, 0.04950000073015990015, 0.1307288169490160024 ) ) ;
#2267 = B_SPLINE_CURVE_WITH_KNOTS ( 'NONE', 3,
 ( #8790, #5210, #8078, #7414, #4499 ),
 .UNSPECIFIED., .F., .F.,
 ( 4, 1, 4 ),
 ( 0.000000000000000000, 0.4285714285714290472, 0.5000184769874617130 ),
 .UNSPECIFIED. ) ;
#2268 = CARTESIAN_POINT ( 'NONE',  ( 0.06815030274073090311, 0.05136035699334139809, 0.04905782973033290251 ) ) ;
#2269 = CARTESIAN_POINT ( 'NONE',  ( 0.08573759258725739685, 0.05460086021737669409, 0.09091996433483295892 ) ) ;
#2270 = ORIENTED_EDGE ( 'NONE', *, *, #315, .T. ) ;
#2271 = TOROIDAL_SURFACE ( 'NONE', #6785, 0.05299999999999999850, 0.004000000000000000083 ) ;
#2272 = DIRECTION ( 'NONE',  ( 0.9999835139982308219, 3.155353739130731196E-17, 0.005742101684089259521 ) ) ;
#2273 = DIRECTION ( 'NONE',  ( 0.7010108928534550810, 0.1310246636425640432, -0.7010108883734651464 ) ) ;
#2274 = ORIENTED_EDGE ( 'NONE', *, *, #3667, .T. ) ;
#2275 = CARTESIAN_POINT ( 'NONE',  ( 0.07729471783107964844, 0.04016334147353755463, 0.05609066506931863205 ) ) ;
#2276 = AXIS2_PLACEMENT_3D ( 'NONE', #6123, #531, #8915 ) ;
#2277 = EDGE_CURVE ( 'NONE', #7574, #1635, #7111, .T. ) ;
#2278 = CARTESIAN_POINT ( 'NONE',  ( -0.002323263357556277879, 0.05200019863199738940, 0.06904500368035423885 ) ) ;
#2279 = EDGE_CURVE ( 'NONE', #8993, #816, #1178, .T. ) ;
#2280 = CARTESIAN_POINT ( 'NONE',  ( 0.06503565451892327764, 0.04985783733380118321, 0.04985881860434211027 ) ) ;
#2281 = CARTESIAN_POINT ( 'NONE',  ( 0.07862850401572890613, 0.04950000073015990015, 0.06097840296790819903 ) ) ;
#2282 = CARTESIAN_POINT ( 'NONE',  ( -0.009790610631110644585, 0.05200000073015689783, 0.1274581891272250911 ) ) ;
#2283 = ADVANCED_FACE ( 'NONE', ( #3245 ), #6873, .F. ) ;
#2284 = ORIENTED_EDGE ( 'NONE', *, *, #6433, .F. ) ;
#2285 = VECTOR ( 'NONE', #449, 1.000000000000000000 ) ;
#2286 = EDGE_LOOP ( 'NONE', ( #2738, #3073, #607, #748, #3513 ) ) ;
#2287 = CARTESIAN_POINT ( 'NONE',  ( 0.06501360127379239573, 0.04990270069763820537, 0.1362678829683917070 ) ) ;
#2288 = CARTESIAN_POINT ( 'NONE',  ( 0.04077925308366790041, 0.05200000073015689783, 0.09287956601695539216 ) ) ;
#2289 = CARTESIAN_POINT ( 'NONE',  ( 0.08605721760050830116, 0.03610757410786769733, 0.08813947854816929495 ) ) ;
#2290 = EDGE_LOOP ( 'NONE', ( #6119, #2487, #2533, #1887, #915 ) ) ;
#2291 = CIRCLE ( 'NONE', #2134, 0.001700000000000007061 ) ;
#2292 = CARTESIAN_POINT ( 'NONE',  ( 0.07397844153906125986, 0.04950000073015689561, 0.1321193588484461945 ) ) ;
#2293 = CARTESIAN_POINT ( 'NONE',  ( 0.08416633803282889958, 0.05200018827768728563, 0.06957288890336808806 ) ) ;
#2294 = VERTEX_POINT ( 'NONE', #7012 ) ;
#2295 = PERSON_AND_ORGANIZATION ( #633, #8323 ) ;
#2296 = AXIS2_PLACEMENT_3D ( 'NONE', #3701, #3790, #5945 ) ;
#2297 = CARTESIAN_POINT ( 'NONE',  ( 0.07752457508629979899, 0.04785937080015703615, 0.1260461862033743774 ) ) ;
#2298 = CARTESIAN_POINT ( 'NONE',  ( 0.04115248969313370364, 0.03610757410786769733, 0.02788063760707036598 ) ) ;
#2299 = ORIENTED_EDGE ( 'NONE', *, *, #8953, .T. ) ;
#2300 = CARTESIAN_POINT ( 'NONE',  ( 0.008223771041682625613, 0.04884280503630272774, 0.1301674973630400634 ) ) ;
#2301 = AXIS2_PLACEMENT_3D ( 'NONE', #6834, #3349, #6787 ) ;
#2302 = VECTOR ( 'NONE', #4799, 1.000000000000000000 ) ;
#2303 = AXIS2_PLACEMENT_3D ( 'NONE', #3831, #8684, #7272 ) ;
#2304 = CARTESIAN_POINT ( 'NONE',  ( -0.008490939932058329254, 0.04446010583475739492, 0.1431335800913140222 ) ) ;
#2305 = CARTESIAN_POINT ( 'NONE',  ( 0.002116532587330532695, 0.04871639341844188897, 0.04062682002437360829 ) ) ;
#2306 = EDGE_CURVE ( 'NONE', #1413, #1514, #8428, .T. ) ;
#2307 = CARTESIAN_POINT ( 'NONE',  ( 0.06671327746370256384, 0.04157224668755683805, 0.1382859075712385699 ) ) ;
#2308 = FACE_OUTER_BOUND ( 'NONE', #3446, .T. ) ;
#2309 = AXIS2_PLACEMENT_3D ( 'NONE', #969, #7332, #3751 ) ;
#2310 =( BOUNDED_CURVE ( )  B_SPLINE_CURVE ( 3, ( #4483, #1567, #4442, #7314 ),
 .UNSPECIFIED., .F., .F. ) 
 B_SPLINE_CURVE_WITH_KNOTS ( ( 4, 4 ),
 ( 3.114970463421514957, 3.155790411530859707 ),
 .UNSPECIFIED. ) 
 CURVE ( )  GEOMETRIC_REPRESENTATION_ITEM ( )  RATIONAL_B_SPLINE_CURVE ( ( 1.000000000000000000, 0.9998611491398539108, 0.9998611491398539108, 1.000000000000000000 ) ) 
 REPRESENTATION_ITEM ( '' )  );
#2311 = CYLINDRICAL_SURFACE ( 'NONE', #4240, 0.001300000000000000157 ) ;
#2312 = CARTESIAN_POINT ( 'NONE',  ( -0.007721568981997100657, 0.04010757410786770089, 0.04960520572180260324 ) ) ;
#2313 = ORIENTED_EDGE ( 'NONE', *, *, #2121, .F. ) ;
#2314 = VERTEX_POINT ( 'NONE', #4844 ) ;
#2315 = CARTESIAN_POINT ( 'NONE',  ( -0.002693691873844377294, 0.04990270080192868440, 0.1176255437081195898 ) ) ;
#2316 = DIRECTION ( 'NONE',  ( -0.9999835139982307108, 0.000000000000000000, -0.005742101684093656178 ) ) ;
#2317 = ORIENTED_EDGE ( 'NONE', *, *, #3217, .T. ) ;
#2318 = CARTESIAN_POINT ( 'NONE',  ( -0.01172630464539940048, 0.05200000073015689783, 0.05456290635618149532 ) ) ;
#2319 = ADVANCED_FACE ( 'NONE', ( #6301 ), #4890, .T. ) ;
#2320 = B_SPLINE_CURVE_WITH_KNOTS ( 'NONE', 3,
 ( #1091, #2541, #8197, #4009, #6117, #7537, #8244, #5418, #2497, #6879, #8392, #1884, #9000, #3396, #8346, #1929 ),
 .UNSPECIFIED., .F., .F.,
 ( 4, 2, 1, 1, 1, 1, 2, 2, 2, 4 ),
 ( 0.4026414393706036488, 0.4049748712480570334, 0.4073083031255104181, 0.4119751668804236822, 0.4213088943902602024, 0.4399763494099363514, 0.4773112594492753824, 0.5519810795279534998, 0.7013207196852975223, 1.000000000000000000 ),
 .UNSPECIFIED. ) ;
#2321 = CARTESIAN_POINT ( 'NONE',  ( 0.01287022031270083043, 0.04357986816845837302, 0.1337932352248286938 ) ) ;
#2322 = FACE_BOUND ( 'NONE', #5701, .T. ) ;
#2323 = DIRECTION ( 'NONE',  ( 0.7071067834460220691, -5.506428644793988130E-17, -0.7071067789270730763 ) ) ;
#2324 = ORIENTED_EDGE ( 'NONE', *, *, #315, .F. ) ;
#2325 = CARTESIAN_POINT ( 'NONE',  ( 0.04049789010114753646, 0.04410757410786769750, 0.1418787582028687155 ) ) ;
#2326 = CARTESIAN_POINT ( 'NONE',  ( 0.07712007244416564655, 0.04017177488584805500, 0.1297735118941348575 ) ) ;
#2327 = ORIENTED_EDGE ( 'NONE', *, *, #7532, .T. ) ;
#2328 = CARTESIAN_POINT ( 'NONE',  ( 0.07879540442488504326, 0.04012307932013551431, 0.05718204355751731194 ) ) ;
#2329 = CARTESIAN_POINT ( 'NONE',  ( 0.07988303866821395982, 0.03865757410786770099, 0.05591262152763989968 ) ) ;
#2330 = FACE_OUTER_BOUND ( 'NONE', #7165, .T. ) ;
#2331 = CARTESIAN_POINT ( 'NONE',  ( 0.07303953908602095479, 0.04848963111974999296, 0.1304231027624921102 ) ) ;
#2332 = DIRECTION ( 'NONE',  ( 5.979188663871559846E-17, 1.000000000000000000, -7.523851983841548700E-18 ) ) ;
#2333 = VERTEX_POINT ( 'NONE', #612 ) ;
#2334 = CYLINDRICAL_SURFACE ( 'NONE', #8900, 0.005499999999999997079 ) ;
#2335 = DIRECTION ( 'NONE',  ( 0.005742101684089199673, 0.000000000000000000, -0.9999835139982305998 ) ) ;
#2336 = EDGE_CURVE ( 'NONE', #7901, #6701, #4882, .T. ) ;
#2337 = CARTESIAN_POINT ( 'NONE',  ( 0.08953398721632023494, 0.05202800999846551866, 0.09777608686171843089 ) ) ;
#2338 = EDGE_CURVE ( 'NONE', #3485, #2474, #9042, .T. ) ;
#2339 = ORIENTED_EDGE ( 'NONE', *, *, #4122, .T. ) ;
#2340 = CARTESIAN_POINT ( 'NONE',  ( 0.07533354780569563591, 0.04950000073015689561, 0.1335211074144782573 ) ) ;
#2341 = EDGE_CURVE ( 'NONE', #9028, #3707, #5687, .T. ) ;
#2342 = CARTESIAN_POINT ( 'NONE',  ( 0.08416585372288545863, 0.05200018888227762870, 0.06956998447267886965 ) ) ;
#2343 = ORIENTED_EDGE ( 'NONE', *, *, #2193, .T. ) ;
#2344 = COORDINATED_UNIVERSAL_TIME_OFFSET ( 2, 0, .AHEAD. ) ;
#2345 = DIRECTION ( 'NONE',  ( 0.7071067789270730763, -3.695908159165670532E-17, 0.7071067834460220691 ) ) ;
#2346 = CARTESIAN_POINT ( 'NONE',  ( 0.004006549139998920317, 0.04950000073015689561, 0.1426569063408849869 ) ) ;
#2347 = VERTEX_POINT ( 'NONE', #4373 ) ;
#2348 = DIRECTION ( 'NONE',  ( 0.005742101684089277736, 0.000000000000000000, -0.9999835139982307108 ) ) ;
#2349 = CARTESIAN_POINT ( 'NONE',  ( 0.05200035710772760167, 0.03610757410786769733, 0.09794408223089259846 ) ) ;
#2350 = CARTESIAN_POINT ( 'NONE',  ( 0.05103154345803759956, 0.04510757410786769839, 0.05901603740893359568 ) ) ;
#2351 = AXIS2_PLACEMENT_3D ( 'NONE', #4870, #5061, #2088 ) ;
#2352 = CARTESIAN_POINT ( 'NONE',  ( 0.01698064831331319927, 0.04375401080662710135, 0.04959049950400680473 ) ) ;
#2353 = PLANE ( 'NONE',  #1507 ) ;
#2354 = CARTESIAN_POINT ( 'NONE',  ( 0.08498630649083775690, 0.05200000073015687008, 0.1209176973147708389 ) ) ;
#2355 = CARTESIAN_POINT ( 'NONE',  ( 0.08954224461496931853, 0.04798868648025156336, 0.09769390504140300358 ) ) ;
#2356 = ORIENTED_EDGE ( 'NONE', *, *, #3667, .F. ) ;
#2357 = ORIENTED_EDGE ( 'NONE', *, *, #455, .F. ) ;
#2358 = AXIS2_PLACEMENT_3D ( 'NONE', #9208, #6280, #5533 ) ;
#2359 = CARTESIAN_POINT ( 'NONE',  ( 0.01045125839287620005, 0.04510757410786769839, 0.07909174174795038925 ) ) ;
#2360 = VERTEX_POINT ( 'NONE', #6490 ) ;
#2361 = CARTESIAN_POINT ( 'NONE',  ( 0.003221337686575757950, 0.04993491757349365068, 0.1243502347582591538 ) ) ;
#2362 = VECTOR ( 'NONE', #6343, 1.000000000000000000 ) ;
#2363 = EDGE_CURVE ( 'NONE', #5987, #6033, #2450, .T. ) ;
#2364 = CARTESIAN_POINT ( 'NONE',  ( -0.01053891195949190063, 0.04432088081784599926, 0.1494241927792220037 ) ) ;
#2365 = EDGE_LOOP ( 'NONE', ( #8992, #7888, #5038, #6284, #8594, #3866, #4094 ) ) ;
#2366 = ADVANCED_FACE ( 'NONE', ( #9280 ), #499, .F. ) ;
#2367 = CARTESIAN_POINT ( 'NONE',  ( 0.07944616954678039578, 0.03865757410786770099, 0.1319931131743619923 ) ) ;
#2368 = CARTESIAN_POINT ( 'NONE',  ( 0.07852320425601946874, 0.04011715269386761928, 0.1289713050647453840 ) ) ;
#2369 = ORIENTED_EDGE ( 'NONE', *, *, #6878, .F. ) ;
#2370 = CARTESIAN_POINT ( 'NONE',  ( 0.01631676471158460123, 0.04355542859114380078, 0.1358668808569609976 ) ) ;
#2371 = PLANE ( 'NONE',  #6220 ) ;
#2372 = CARTESIAN_POINT ( 'NONE',  ( -0.0001155767876047340825, 0.04384278880981326565, 0.06498937258270928718 ) ) ;
#2373 = CARTESIAN_POINT ( 'NONE',  ( 0.06249727106851889896, 0.09210757410786771238, 0.1368036789255810126 ) ) ;
#2374 = DIRECTION ( 'NONE',  ( 0.000000000000000000, -1.000000000000000000, 7.787266094590629691E-17 ) ) ;
#2375 = VERTEX_POINT ( 'NONE', #5082 ) ;
#2376 = CARTESIAN_POINT ( 'NONE',  ( 0.08520005271685969495, 0.05130737842109010100, 0.1208870873534540064 ) ) ;
#2377 = CARTESIAN_POINT ( 'NONE',  ( 0.006558528237648950099, 0.06690757410786771220, 0.08768298146428420148 ) ) ;
#2378 = FACE_OUTER_BOUND ( 'NONE', #1669, .T. ) ;
#2379 = ORIENTED_EDGE ( 'NONE', *, *, #8435, .T. ) ;
#2380 = CARTESIAN_POINT ( 'NONE',  ( 0.001781902495953029868, 0.04010757410786770089, 0.1448815529707139782 ) ) ;
#2381 = CARTESIAN_POINT ( 'NONE',  ( 0.07153764004692270140, 0.04510757410786769839, 0.07952213412886820210 ) ) ;
#2382 = ORIENTED_EDGE ( 'NONE', *, *, #3605, .T. ) ;
#2383 = CARTESIAN_POINT ( 'NONE',  ( 0.06671327746370256384, 0.04157224668755683805, 0.1382859075712385699 ) ) ;
#2384 = CARTESIAN_POINT ( 'NONE',  ( 0.09543419072892320165, 0.04157203584880157787, 0.05769664699392672291 ) ) ;
#2385 = CARTESIAN_POINT ( 'NONE',  ( 0.006581739041014045104, 0.04728496089784869211, 0.05778007003264425817 ) ) ;
#2386 = ORIENTED_EDGE ( 'NONE', *, *, #9324, .F. ) ;
#2387 = CARTESIAN_POINT ( 'NONE',  ( 0.008227365524634783905, 0.04885194590179105928, 0.1301706363021278567 ) ) ;
#2388 = FACE_OUTER_BOUND ( 'NONE', #1503, .T. ) ;
#2389 = DIRECTION ( 'NONE',  ( -0.6450864692714358695, 4.431998440701468226E-17, 0.7641095779813997790 ) ) ;
#2390 = DIRECTION ( 'NONE',  ( -0.7071067834460210699, 8.455849697034631366E-17, 0.7071067789270740755 ) ) ;
#2391 = CARTESIAN_POINT ( 'NONE',  ( 0.05018453700220790181, 0.03610757410786769733, 0.1008198164343560022 ) ) ;
#2392 = EDGE_CURVE ( 'NONE', #3998, #303, #8612, .T. ) ;
#2393 = DIRECTION ( 'NONE',  ( -1.000000000000000000, 0.000000000000000000, 2.593979029498029342E-16 ) ) ;
#2394 = CARTESIAN_POINT ( 'NONE',  ( 0.08978022359228485239, 0.04510757410786769839, 0.09285145528267625681 ) ) ;
#2395 = ORIENTED_EDGE ( 'NONE', *, *, #5563, .T. ) ;
#2396 = ORIENTED_EDGE ( 'NONE', *, *, #50, .T. ) ;
#2397 = ADVANCED_FACE ( 'NONE', ( #8524 ), #5895, .T. ) ;
#2398 = CARTESIAN_POINT ( 'NONE',  ( 0.01337423245365420080, 0.05061387553500010239, 0.04807359022199940435 ) ) ;
#2399 = ORIENTED_EDGE ( 'NONE', *, *, #4192, .F. ) ;
#2400 = DIRECTION ( 'NONE',  ( -0.9999835139982307108, 0.000000000000000000, -0.005742101684093668321 ) ) ;
#2401 = DIRECTION ( 'NONE',  ( -5.979188663871559846E-17, -1.000000000000000000, 7.523851983841548700E-18 ) ) ;
#2402 = VECTOR ( 'NONE', #5128, 1.000000000000000000 ) ;
#2403 = CARTESIAN_POINT ( 'NONE',  ( 0.08570413797070497441, 0.05420944896524480805, 0.09028036793294570705 ) ) ;
#2404 = ORIENTED_EDGE ( 'NONE', *, *, #3220, .F. ) ;
#2405 = CARTESIAN_POINT ( 'NONE',  ( 0.005267374587959443299, 0.04199472489568131794, 0.03843764593236292937 ) ) ;
#2406 = CARTESIAN_POINT ( 'NONE',  ( 0.07645468599607511961, 0.04011993602996169472, 0.1309674685855346243 ) ) ;
#2407 = EDGE_CURVE ( 'NONE', #2882, #4840, #5106, .T. ) ;
#2408 = ORIENTED_EDGE ( 'NONE', *, *, #6263, .T. ) ;
#2409 = B_SPLINE_SURFACE_WITH_KNOTS ( 'NONE', 3, 3, ( 
 ( #511, #3430, #4701, #1916, #9081, #8470 ),
 ( #8421, #3238, #1123, #4746, #9030, #2623 ),
 ( #7615, #1172, #4881, #7758, #5404, #8378 ),
 ( #6105, #3993, #5504, #1307, #1213, #7664 ),
 ( #4090, #7048, #3334, #6867, #8988, #6956 ) ),
 .UNSPECIFIED., .F., .F., .F.,
 ( 4, 1, 4 ),
 ( 4, 1, 1, 4 ),
 ( 0.000000000000000000, 0.5714285714285709528, 1.000000000000000000 ),
 ( -1.570796326794899889, -0.8528153559421590701, -0.6733201132289750035, -0.3143296278026059820 ),
 .UNSPECIFIED. ) ;
#2410 = CARTESIAN_POINT ( 'NONE',  ( 0.08547877544693552321, 0.04930687590407590443, 0.09807117872474389875 ) ) ;
#2411 = EDGE_CURVE ( 'NONE', #4815, #8298, #2757, .T. ) ;
#2412 = ADVANCED_FACE ( 'NONE', ( #2867 ), #2158, .T. ) ;
#2413 = DIRECTION ( 'NONE',  ( -0.9999835139982307108, 0.000000000000000000, -0.005742101684093668321 ) ) ;
#2414 = CARTESIAN_POINT ( 'NONE',  ( 0.003439123525081814060, 0.04812102740775227316, 0.1253751768672436429 ) ) ;
#2415 = DIRECTION ( 'NONE',  ( -4.027934139806210305E-16, 1.000000000000000000, -1.018010760859769879E-17 ) ) ;
#2416 = CARTESIAN_POINT ( 'NONE',  ( 0.1016433596423430008, 0.04432088081784599926, 0.04588088083121059924 ) ) ;
#2417 = ORIENTED_EDGE ( 'NONE', *, *, #6963, .F. ) ;
#2418 = CARTESIAN_POINT ( 'NONE',  ( -0.002530028017212669796, 0.05200043638277853514, 0.1171407777412551837 ) ) ;
#2419 = CARTESIAN_POINT ( 'NONE',  ( 0.005596335865784458040, 0.04157203745077834439, 0.03822462765684899594 ) ) ;
#2420 = CARTESIAN_POINT ( 'NONE',  ( 0.04085390040556109714, 0.03610757410786769733, 0.07987978033497838970 ) ) ;
#2421 = EDGE_LOOP ( 'NONE', ( #2640, #5142, #698, #2762, #6911, #4044 ) ) ;
#2422 = VECTOR ( 'NONE', #5580, 1.000000000000000000 ) ;
#2423 = CARTESIAN_POINT ( 'NONE',  ( 0.08746291559586059916, 0.04018993005514429756, 0.1174308016704089935 ) ) ;
#2424 = CARTESIAN_POINT ( 'NONE',  ( 0.007731368684538554061, 0.04767715402668739472, 0.1290593005944239424 ) ) ;
#2425 = ORIENTED_EDGE ( 'NONE', *, *, #2363, .F. ) ;
#2426 = COORDINATED_UNIVERSAL_TIME_OFFSET ( 2, 0, .AHEAD. ) ;
#2427 = VECTOR ( 'NONE', #9205, 1.000000000000000000 ) ;
#2428 = DIRECTION ( 'NONE',  ( 5.979188663871559846E-17, 1.000000000000000000, -7.523851983841548700E-18 ) ) ;
#2429 = CARTESIAN_POINT ( 'NONE',  ( 0.006501107220808060097, 0.06690757410786771220, 0.09768281660426650359 ) ) ;
#2430 = ORIENTED_EDGE ( 'NONE', *, *, #5361, .T. ) ;
#2431 = CARTESIAN_POINT ( 'NONE',  ( 0.06254435313083545056, 0.05130730125242831396, 0.1367806403272706917 ) ) ;
#2432 = CARTESIAN_POINT ( 'NONE',  ( 0.08458991063515089448, 0.04336150569777760116, 0.07093208759419990239 ) ) ;
#2433 = PLANE ( 'NONE',  #4987 ) ;
#2434 = CARTESIAN_POINT ( 'NONE',  ( 0.01737363992924340073, 0.04431465555430329911, 0.04955165250312200398 ) ) ;
#2435 = DIRECTION ( 'NONE',  ( 5.979188663871559846E-17, 1.000000000000000000, -7.523851983841539456E-18 ) ) ;
#2436 = VECTOR ( 'NONE', #8689, 1.000000000000000000 ) ;
#2437 = DIRECTION ( 'NONE',  ( -0.5000000015976890921, -0.7071067811865477948, 0.4999999984023104083 ) ) ;
#2438 = CARTESIAN_POINT ( 'NONE',  ( 0.08972380445601071952, 0.04554627736008599187, 0.09520895182054303629 ) ) ;
#2439 = ORIENTED_EDGE ( 'NONE', *, *, #8321, .T. ) ;
#2440 = VECTOR ( 'NONE', #2676, 1.000000000000000000 ) ;
#2441 = ORIENTED_EDGE ( 'NONE', *, *, #5689, .T. ) ;
#2442 = VECTOR ( 'NONE', #3879, 1.000000000000000000 ) ;
#2443 = ADVANCED_FACE ( 'NONE', ( #4327 ), #752, .F. ) ;
#2444 = CARTESIAN_POINT ( 'NONE',  ( 0.01397507206478759874, 0.05137458848927729804, 0.04875982300162109984 ) ) ;
#2445 = EDGE_CURVE ( 'NONE', #1252, #8833, #4467, .T. ) ;
#2446 = AXIS2_PLACEMENT_3D ( 'NONE', #9129, #2668, #1075 ) ;
#2447 = CARTESIAN_POINT ( 'NONE',  ( -0.003019579902595309791, 0.04410757410786769750, 0.07090999094046790407 ) ) ;
#2448 = CARTESIAN_POINT ( 'NONE',  ( 0.01330957689741830118, 0.04990270069763820537, 0.04800893466535029880 ) ) ;
#2449 = EDGE_CURVE ( 'NONE', #2958, #1040, #2001, .T. ) ;
#2450 = CIRCLE ( 'NONE', #6962, 0.05349999999999999895 ) ;
#2451 = FACE_OUTER_BOUND ( 'NONE', #3535, .T. ) ;
#2452 = ORIENTED_EDGE ( 'NONE', *, *, #6712, .T. ) ;
#2453 = ORIENTED_EDGE ( 'NONE', *, *, #7622, .T. ) ;
#2454 = CARTESIAN_POINT ( 'NONE',  ( -0.003634511309782730275, 0.04391093915644649764, 0.06500597195527270389 ) ) ;
#2455 = CARTESIAN_POINT ( 'NONE',  ( 0.07656503020377447566, 0.04013511579841744920, 0.1306480990830750089 ) ) ;
#2456 = ORIENTED_EDGE ( 'NONE', *, *, #8902, .T. ) ;
#2457 = CARTESIAN_POINT ( 'NONE',  ( 0.08577668008248721943, 0.04510758037626714373, 0.09345685095967772027 ) ) ;
#2458 = CARTESIAN_POINT ( 'NONE',  ( -0.004627082621189357141, 0.04157230935684991940, 0.1188136139734609770 ) ) ;
#2459 = CARTESIAN_POINT ( 'NONE',  ( 0.08396420056900059936, 0.04462938465855580128, 0.1189391264411250038 ) ) ;
#2460 = CARTESIAN_POINT ( 'NONE',  ( 0.07810637331008850326, 0.03610757410786769733, 0.06774619983567439774 ) ) ;
#2461 = DIRECTION ( 'NONE',  ( 1.000000000000000000, -5.979188663871559846E-17, 0.000000000000000000 ) ) ;
#2462 = ORIENTED_EDGE ( 'NONE', *, *, #2939, .F. ) ;
#2463 = CARTESIAN_POINT ( 'NONE',  ( -0.002871473431846776475, 0.05200768469179789522, 0.1151468590621684690 ) ) ;
#2464 = CARTESIAN_POINT ( 'NONE',  ( 0.08025494972356279899, 0.04950000073015689561, 0.04123976184618999979 ) ) ;
#2465 = CARTESIAN_POINT ( 'NONE',  ( 0.08605721760050830116, 0.04110757410786770177, 0.08813947854816929495 ) ) ;
#2466 = LINE ( 'NONE', #9014, #5057 ) ;
#2467 = DIRECTION ( 'NONE',  ( -0.7071067789270730763, 7.391816318331350924E-17, -0.7071067834460220691 ) ) ;
#2468 = CARTESIAN_POINT ( 'NONE',  ( 0.06461444532444875211, 0.05200019911163192288, 0.04977714658003789400 ) ) ;
#2469 = ORIENTED_EDGE ( 'NONE', *, *, #1902, .T. ) ;
#2470 = CARTESIAN_POINT ( 'NONE',  ( 0.005363911812591859972, 0.04760757410786779775, 0.04006326952974499644 ) ) ;
#2471 = CARTESIAN_POINT ( 'NONE',  ( 0.04077925308366790041, 0.04010757410786770089, 0.09287956601695539216 ) ) ;
#2472 = B_SPLINE_CURVE_WITH_KNOTS ( 'NONE', 3,
 ( #6933, #487, #1195, #8447, #6799, #6082 ),
 .UNSPECIFIED., .F., .F.,
 ( 4, 2, 4 ),
 ( 0.4986749061064721378, 0.7493374530532372901, 1.000000000000000000 ),
 .UNSPECIFIED. ) ;
#2473 = DIRECTION ( 'NONE',  ( 0.005742101684089199673, 0.000000000000000000, -0.9999835139982305998 ) ) ;
#2474 = VERTEX_POINT ( 'NONE', #312 ) ;
#2475 = CARTESIAN_POINT ( 'NONE',  ( -0.004091378267937140038, 0.09210757410786771238, 0.1203492422032050035 ) ) ;
#2476 = EDGE_CURVE ( 'NONE', #523, #9094, #6575, .T. ) ;
#2477 = DIRECTION ( 'NONE',  ( -0.7010108883734651464, 0.1310246636425640432, -0.7010108928534550810 ) ) ;
#2478 = FACE_OUTER_BOUND ( 'NONE', #6688, .T. ) ;
#2479 = CARTESIAN_POINT ( 'NONE',  ( 0.01144539855009011828, 0.04062938631827783809, 0.1352180569783336672 ) ) ;
#2480 = B_SPLINE_CURVE_WITH_KNOTS ( 'NONE', 3,
 ( #286, #427, #9049, #8347, #1790, #3156 ),
 .UNSPECIFIED., .F., .F.,
 ( 4, 1, 1, 4 ),
 ( 0.4999560453667501458, 0.5714285714289552010, 0.7142857142859697639, 1.000000000000000000 ),
 .UNSPECIFIED. ) ;
#2481 = CARTESIAN_POINT ( 'NONE',  ( 0.01513092759179370146, 0.04114298134004579915, 0.04730894015133970537 ) ) ;
#2482 = CARTESIAN_POINT ( 'NONE',  ( 0.008518967081074668365, 0.04848963111927834940, 0.05533602927165188340 ) ) ;
#2483 = ORIENTED_EDGE ( 'NONE', *, *, #4809, .T. ) ;
#2484 = CARTESIAN_POINT ( 'NONE',  ( 0.06314176058410229941, 0.05215222490884110357, 0.04927915313288749877 ) ) ;
#2485 = CARTESIAN_POINT ( 'NONE',  ( 0.06964891986905639987, 0.1166543397324600051, 0.1273982904965859919 ) ) ;
#2486 = CARTESIAN_POINT ( 'NONE',  ( 0.08971662065207584857, 0.04561343965433142106, 0.09535321006937477750 ) ) ;
#2487 = ORIENTED_EDGE ( 'NONE', *, *, #7821, .T. ) ;
#2488 = ORIENTED_EDGE ( 'NONE', *, *, #6728, .F. ) ;
#2489 = CIRCLE ( 'NONE', #1596, 0.06500000000000002998 ) ;
#2490 = CARTESIAN_POINT ( 'NONE',  ( 0.09314804547231531062, 0.04787996000155878701, 0.05437619494694714145 ) ) ;
#2491 = LINE ( 'NONE', #1608, #9074 ) ;
#2492 = CARTESIAN_POINT ( 'NONE',  ( 0.003793488331024452015, 0.04818718632936090651, 0.1250207121502217023 ) ) ;
#2493 = CIRCLE ( 'NONE', #8965, 0.001300000000000000157 ) ;
#2494 = CARTESIAN_POINT ( 'NONE',  ( 0.08548311251868936922, 0.05110960241886345484, 0.09803369200787362403 ) ) ;
#2495 = ORIENTED_EDGE ( 'NONE', *, *, #675, .T. ) ;
#2496 = ORIENTED_EDGE ( 'NONE', *, *, #6027, .T. ) ;
#2497 = CARTESIAN_POINT ( 'NONE',  ( 0.003573326499288776922, 0.04793144250402490980, 0.1255284108722366510 ) ) ;
#2498 = CARTESIAN_POINT ( 'NONE',  ( 0.07638978865004604490, 0.04011105746451560511, 0.1311944673766154701 ) ) ;
#2499 = EDGE_LOOP ( 'NONE', ( #4563, #2225, #8723, #9105 ) ) ;
#2500 = CARTESIAN_POINT ( 'NONE',  ( 0.08577144582150642016, 0.04513916207308463213, 0.09377756659717964571 ) ) ;
#2501 = FACE_OUTER_BOUND ( 'NONE', #6798, .T. ) ;
#2502 = CARTESIAN_POINT ( 'NONE',  ( 0.004032763528825769606, 0.05200000073015689783, 0.1348525173840280089 ) ) ;
#2503 = CARTESIAN_POINT ( 'NONE',  ( 0.06497229733669709906, 0.03610757410786769733, 0.1028679982490360023 ) ) ;
#2504 = CARTESIAN_POINT ( 'NONE',  ( 0.07591590386790141032, 0.04728566457157939995, 0.1270323956459459835 ) ) ;
#2505 = EDGE_CURVE ( 'NONE', #4261, #8738, #5992, .T. ) ;
#2506 = ORIENTED_EDGE ( 'NONE', *, *, #4488, .F. ) ;
#2507 = DIRECTION ( 'NONE',  ( 1.000000000000000000, -9.120436474571179495E-17, 0.000000000000000000 ) ) ;
#2508 = CARTESIAN_POINT ( 'NONE',  ( 0.08524420993764440790, 0.04090546923477030028, 0.1156620646347720077 ) ) ;
#2509 = ADVANCED_FACE ( 'NONE', ( #977 ), #3893, .T. ) ;
#2510 = CARTESIAN_POINT ( 'NONE',  ( 0.006228186542651240921, 0.04721887939435507470, 0.05742652125206750696 ) ) ;
#2511 = CARTESIAN_POINT ( 'NONE',  ( 0.004682006217794873124, 0.04011792791301518196, 0.1306031731145730901 ) ) ;
#2512 = CARTESIAN_POINT ( 'NONE',  ( -0.01376765414368196459, 0.04115977066403977286, 0.05752693587103684114 ) ) ;
#2513 = CARTESIAN_POINT ( 'NONE',  ( 0.08454878017566669346, 0.04010757410786770089, 0.1236444566902989983 ) ) ;
#2514 = ORIENTED_EDGE ( 'NONE', *, *, #4632, .T. ) ;
#2515 = DIRECTION ( 'NONE',  ( 0.004060279039082321552, 0.7071067811865479058, -0.7070951238229014058 ) ) ;
#2516 = CARTESIAN_POINT ( 'NONE',  ( 0.08246024765844424398, 0.04198021463519590463, 0.06506399269251511575 ) ) ;
#2517 = DIRECTION ( 'NONE',  ( 0.7071067789270735204, -3.695908159165667450E-17, 0.7071067834460215140 ) ) ;
#2518 = EDGE_LOOP ( 'NONE', ( #8950, #2425, #555, #4008, #7466, #3017, #3614 ) ) ;
#2519 = CARTESIAN_POINT ( 'NONE',  ( -0.003814104328508829966, 0.05200000073015689783, 0.1204379916426280006 ) ) ;
#2520 = DIRECTION ( 'NONE',  ( 0.005742101684089277736, 0.000000000000000000, -0.9999835139982307108 ) ) ;
#2521 = CARTESIAN_POINT ( 'NONE',  ( 0.04077925308366790041, 0.04410757410786769750, 0.09287956601695539216 ) ) ;
#2522 = CARTESIAN_POINT ( 'NONE',  ( -0.003514613803845880249, 0.05200000073015689783, 0.06474396211351850228 ) ) ;
#2523 = ADVANCED_FACE ( 'NONE', ( #4509 ), #8180, .F. ) ;
#2524 = CARTESIAN_POINT ( 'NONE',  ( 0.06283982319537929906, 0.04410757410786769750, 0.04912637630750190526 ) ) ;
#2525 = CARTESIAN_POINT ( 'NONE',  ( 0.01427207176912243317, 0.04157226619030360282, 0.1379982665591380497 ) ) ;
#2526 = ADVANCED_FACE ( 'NONE', ( #3808 ), #8048, .F. ) ;
#2527 = ORIENTED_EDGE ( 'NONE', *, *, #1018, .T. ) ;
#2528 = CARTESIAN_POINT ( 'NONE',  ( 0.04077925308366790041, 0.05200000073015689783, 0.09287956601695539216 ) ) ;
#2529 = ADVANCED_FACE ( 'NONE', ( #6586 ), #4319, .T. ) ;
#2530 = CARTESIAN_POINT ( 'NONE',  ( -0.01270261914276227602, 0.04444884780045618017, 0.05593786406434106406 ) ) ;
#2531 = CARTESIAN_POINT ( 'NONE',  ( 0.008638107415467426858, 0.04818718669780573671, 0.05589380181494013611 ) ) ;
#2532 = CARTESIAN_POINT ( 'NONE',  ( 0.08976938741738371696, 0.04526903431621101537, 0.09188931875439318442 ) ) ;
#2533 = ORIENTED_EDGE ( 'NONE', *, *, #5648, .T. ) ;
#2534 = VERTEX_POINT ( 'NONE', #4036 ) ;
#2535 = CARTESIAN_POINT ( 'NONE',  ( 0.008270620070711170654, 0.04810346070779904920, 0.05555077517944585069 ) ) ;
#2536 = LINE ( 'NONE', #1922, #4711 ) ;
#2537 = CARTESIAN_POINT ( 'NONE',  ( 0.07868290890234783119, 0.04010928290758414977, 0.1304739351047566887 ) ) ;
#2538 = DIRECTION ( 'NONE',  ( -1.296989514749014424E-16, 0.000000000000000000, 1.000000000000000000 ) ) ;
#2539 = ORIENTED_EDGE ( 'NONE', *, *, #1183, .F. ) ;
#2540 = ORIENTED_EDGE ( 'NONE', *, *, #8273, .F. ) ;
#2541 = CARTESIAN_POINT ( 'NONE',  ( 0.003440131889581586264, 0.04811931288721625621, 0.1253763355653751410 ) ) ;
#2542 = CARTESIAN_POINT ( 'NONE',  ( 0.004907532623775663974, 0.04177812326683472827, 0.1470849607373130308 ) ) ;
#2543 = VERTEX_POINT ( 'NONE', #5447 ) ;
#2544 = CARTESIAN_POINT ( 'NONE',  ( 0.08563822120771448498, 0.04635208434185411619, 0.09644166076891276529 ) ) ;
#2545 = DIRECTION ( 'NONE',  ( -0.1565185938162213242, 0.000000000000000000, -0.9876750122331702242 ) ) ;
#2546 = CARTESIAN_POINT ( 'NONE',  ( -0.002733195428890254370, 0.04308286404110672069, 0.07034565743136073079 ) ) ;
#2547 = FACE_OUTER_BOUND ( 'NONE', #4705, .T. ) ;
#2548 = CARTESIAN_POINT ( 'NONE',  ( 0.01934234219034190044, 0.04410757410786769750, 0.04881757728117999684 ) ) ;
#2549 = ORIENTED_EDGE ( 'NONE', *, *, #4572, .T. ) ;
#2550 = DIRECTION ( 'NONE',  ( 5.700981915704969687E-17, 1.000000000000000000, 9.381789281211478816E-18 ) ) ;
#2551 = CARTESIAN_POINT ( 'NONE',  ( 0.08359668462252969889, 0.05200000073015689783, 0.1417842442841199813 ) ) ;
#2552 = AXIS2_PLACEMENT_3D ( 'NONE', #7669, #1358, #465 ) ;
#2553 = CARTESIAN_POINT ( 'NONE',  ( -0.0007211739445783267718, 0.04244498763476784592, 0.1205145717960201535 ) ) ;
#2554 = EDGE_CURVE ( 'NONE', #818, #196, #4295, .T. ) ;
#2555 = EDGE_CURVE ( 'NONE', #5483, #717, #2619, .T. ) ;
#2556 = LINE ( 'NONE', #5341, #9266 ) ;
#2557 = CARTESIAN_POINT ( 'NONE',  ( 0.06482711935069057629, 0.05200024212317899686, 0.04981490654706802884 ) ) ;
#2558 = DIRECTION ( 'NONE',  ( -5.979188663871559846E-17, -1.000000000000000000, 7.523851983841539456E-18 ) ) ;
#2559 = EDGE_CURVE ( 'NONE', #6521, #1079, #8365, .T. ) ;
#2560 = LINE ( 'NONE', #4028, #2422 ) ;
#2561 = CARTESIAN_POINT ( 'NONE',  ( 0.07876486456292078331, 0.04011240230145460967, 0.05548640670640457573 ) ) ;
#2562 = ORIENTED_EDGE ( 'NONE', *, *, #458, .T. ) ;
#2563 = CARTESIAN_POINT ( 'NONE',  ( -0.004339412086646723607, 0.04157229238568060231, 0.06637234192032989699 ) ) ;
#2564 = VECTOR ( 'NONE', #6551, 1.000000000000000000 ) ;
#2565 = PLANE ( 'NONE',  #930 ) ;
#2566 = CARTESIAN_POINT ( 'NONE',  ( 0.08466942838605390209, 0.04328216427920539983, 0.07109226122435940987 ) ) ;
#2567 = DIRECTION ( 'NONE',  ( 0.7071067834460210699, -8.455849697034631366E-17, -0.7071067789270740755 ) ) ;
#2568 = DIRECTION ( 'NONE',  ( -0.005742101684089324573, 0.000000000000000000, 0.9999835139982307108 ) ) ;
#2569 = CARTESIAN_POINT ( 'NONE',  ( 0.008617562966854768608, 0.04868873045025463170, 0.05525146585408293592 ) ) ;
#2570 = AXIS2_PLACEMENT_3D ( 'NONE', #8297, #3298, #7631 ) ;
#2571 = ORIENTED_EDGE ( 'NONE', *, *, #8387, .F. ) ;
#2572 = CIRCLE ( 'NONE', #6937, 0.04500000000000002609 ) ;
#2573 = CARTESIAN_POINT ( 'NONE',  ( 0.003519111029829320118, 0.04954660409096496576, 0.1461400869275008008 ) ) ;
#2574 = CARTESIAN_POINT ( 'NONE',  ( 0.001621337148493370850, 0.04871058195480945652, 0.1447622954834106856 ) ) ;
#2575 = DIRECTION ( 'NONE',  ( 5.979188663871559846E-17, 1.000000000000000000, -7.523851983841579515E-18 ) ) ;
#2576 = CARTESIAN_POINT ( 'NONE',  ( 0.09343253279196910011, 0.04743424316138779989, 0.1403063839812820068 ) ) ;
#2577 = ORIENTED_EDGE ( 'NONE', *, *, #7916, .T. ) ;
#2578 = ORIENTED_EDGE ( 'NONE', *, *, #4474, .F. ) ;
#2579 = VECTOR ( 'NONE', #4023, 1.000000000000000000 ) ;
#2580 = CARTESIAN_POINT ( 'NONE',  ( 0.008279974146580481101, 0.04811594333175921168, 0.05554262907040626723 ) ) ;
#2581 = B_SPLINE_CURVE_WITH_KNOTS ( 'NONE', 3,
 ( #4326, #841, #1496, #5177, #6489, #1594, #886, #6629, #126, #5081, #1547, #2250, #4371 ),
 .UNSPECIFIED., .F., .F.,
 ( 4, 2, 2, 2, 1, 2, 4 ),
 ( 0.000000000000000000, 0.2524413570839975640, 0.3786620356259970399, 0.4417723748969966668, 0.4733275445324983122, 0.4891051293502512998, 0.5048827141680042319 ),
 .UNSPECIFIED. ) ;
#2582 = DIRECTION ( 'NONE',  ( 3.893633027220359727E-17, 1.000000000000000000, 2.388862612315459540E-17 ) ) ;
#2583 = CARTESIAN_POINT ( 'NONE',  ( 0.07782642951700620426, 0.04010757410786770089, 0.1314769327447140035 ) ) ;
#2584 = APPROVAL_STATUS ( 'not_yet_approved' ) ;
#2585 = VECTOR ( 'NONE', #7277, 1.000000000000000000 ) ;
#2586 = AXIS2_PLACEMENT_3D ( 'NONE', #4919, #7984, #782 ) ;
#2587 = CARTESIAN_POINT ( 'NONE',  ( 0.08550128840036572142, 0.05171464825849705210, 0.09787374836061989158 ) ) ;
#2588 = ORIENTED_EDGE ( 'NONE', *, *, #8754, .F. ) ;
#2589 = ORIENTED_EDGE ( 'NONE', *, *, #4316, .T. ) ;
#2590 = CARTESIAN_POINT ( 'NONE',  ( 0.01542399054635715250, 0.04093685500000657229, 0.04707417853159200777 ) ) ;
#2591 = AXIS2_PLACEMENT_3D ( 'NONE', #8778, #2272, #7442 ) ;
#2592 = EDGE_CURVE ( 'NONE', #631, #2929, #4448, .T. ) ;
#2593 = CARTESIAN_POINT ( 'NONE',  ( 0.005062575889563743561, 0.04158642531852121960, 0.1471871995408803035 ) ) ;
#2594 = ORIENTED_EDGE ( 'NONE', *, *, #9325, .F. ) ;
#2595 = CARTESIAN_POINT ( 'NONE',  ( 0.08565147857496989425, 0.04668470476951992049, 0.08948896858764512907 ) ) ;
#2596 = CARTESIAN_POINT ( 'NONE',  ( 0.08536224721432880691, 0.04510757410786769839, 0.1209223898169300010 ) ) ;
#2597 = CC_DESIGN_SECURITY_CLASSIFICATION ( #1400, ( #3197 ) ) ;
#2598 = CARTESIAN_POINT ( 'NONE',  ( 0.08417082224133438928, 0.04419356769172799737, 0.1156508134539580013 ) ) ;
#2599 = LINE ( 'NONE', #6929, #4087 ) ;
#2600 = AXIS2_PLACEMENT_3D ( 'NONE', #3960, #8102, #6642 ) ;
#2601 = FACE_OUTER_BOUND ( 'NONE', #2421, .T. ) ;
#2602 = ORIENTED_EDGE ( 'NONE', *, *, #323, .F. ) ;
#2603 = CARTESIAN_POINT ( 'NONE',  ( 0.006485332225777809545, 0.04010757410786770089, 0.1027014639878119917 ) ) ;
#2604 = DIRECTION ( 'NONE',  ( -0.9999835139982308219, 5.974769818641938370E-17, -0.005742101684089249113 ) ) ;
#2605 = CARTESIAN_POINT ( 'NONE',  ( -0.001910260001399525674, 0.04062835912480910333, 0.1217036578452421608 ) ) ;
#2606 = PLANE ( 'NONE',  #3128 ) ;
#2607 = LINE ( 'NONE', #9065, #6644 ) ;
#2608 = CARTESIAN_POINT ( 'NONE',  ( 0.003732076650329679834, 0.04010757410786770089, 0.05428219928919649634 ) ) ;
#2609 = AXIS2_PLACEMENT_3D ( 'NONE', #7141, #701, #2201 ) ;
#2610 = CARTESIAN_POINT ( 'NONE',  ( 0.07314825103375925675, 0.04947613982050918374, 0.05542962596842854889 ) ) ;
#2611 = PLANE ( 'NONE',  #6 ) ;
#2612 = CARTESIAN_POINT ( 'NONE',  ( 0.07841934086771928936, 0.04011008479745107463, 0.05506056390652144805 ) ) ;
#2613 = AXIS2_PLACEMENT_3D ( 'NONE', #2788, #6370, #1325 ) ;
#2614 = ORIENTED_EDGE ( 'NONE', *, *, #2975, .F. ) ;
#2615 = CYLINDRICAL_SURFACE ( 'NONE', #1693, 0.001700000000000003808 ) ;
#2616 = CARTESIAN_POINT ( 'NONE',  ( -0.009474760990690231713, 0.04446010583475739492, 0.04360937300122910004 ) ) ;
#2617 = ADVANCED_FACE ( 'NONE', ( #1865 ), #4912, .T. ) ;
#2618 = CARTESIAN_POINT ( 'NONE',  ( 0.07443173796887399274, 0.04950000073015688867, 0.05404647776565544431 ) ) ;
#2619 = LINE ( 'NONE', #7000, #6402 ) ;
#2620 = CARTESIAN_POINT ( 'NONE',  ( 0.09278124003742641013, 0.04786748738269044900, 0.1318769166046701025 ) ) ;
#2621 = EDGE_LOOP ( 'NONE', ( #7933, #65, #1021, #3673, #3603 ) ) ;
#2622 = CARTESIAN_POINT ( 'NONE',  ( 0.08275220445074039921, 0.04950000073015689561, 0.1296260555717980156 ) ) ;
#2623 = CARTESIAN_POINT ( 'NONE',  ( -0.002733195998678189954, 0.04308286378768050318, 0.07034565873745679543 ) ) ;
#2624 = CARTESIAN_POINT ( 'NONE',  ( -0.002635025064122904943, 0.05199941423606461305, 0.1180735276770834147 ) ) ;
#2625 = FACE_OUTER_BOUND ( 'NONE', #5655, .T. ) ;
#2626 = VERTEX_POINT ( 'NONE', #3424 ) ;
#2627 = VERTEX_POINT ( 'NONE', #2666 ) ;
#2628 = CC_DESIGN_PERSON_AND_ORGANIZATION_ASSIGNMENT ( #4590, #8698, ( #6778 ) ) ;
#2629 = EDGE_CURVE ( 'NONE', #6836, #4199, #4082, .T. ) ;
#2630 = CARTESIAN_POINT ( 'NONE',  ( 0.01799678864048790197, 0.04090541183891559934, 0.1373444547399139959 ) ) ;
#2631 = CARTESIAN_POINT ( 'NONE',  ( 0.006224958361640021802, 0.04950000073015689561, 0.05223802461943220093 ) ) ;
#2632 = CARTESIAN_POINT ( 'NONE',  ( 0.007858506805846651039, 0.06690757410786771220, 0.08769044619647352323 ) ) ;
#2633 = APPROVAL_ROLE ( '' ) ;
#2634 = VECTOR ( 'NONE', #4210, 1.000000000000000000 ) ;
#2635 = CARTESIAN_POINT ( 'NONE',  ( 0.08547116484883063303, 0.05010757410786770283, 0.09813627818093333122 ) ) ;
#2636 = ORIENTED_EDGE ( 'NONE', *, *, #458, .F. ) ;
#2637 = ORIENTED_EDGE ( 'NONE', *, *, #7344, .F. ) ;
#2638 = CARTESIAN_POINT ( 'NONE',  ( -0.008614079966720231823, 0.04950000073015689561, 0.05620548175054931178 ) ) ;
#2639 = CARTESIAN_POINT ( 'NONE',  ( 0.06762031580008499854, 0.04990270069763820537, 0.1371215838947109911 ) ) ;
#2640 = ORIENTED_EDGE ( 'NONE', *, *, #3101, .F. ) ;
#2641 = CARTESIAN_POINT ( 'NONE',  ( 0.08574318576413460236, 0.04555134842360569758, 0.09107185452519862834 ) ) ;
#2642 = ADVANCED_FACE ( 'NONE', ( #6817 ), #9132, .T. ) ;
#2643 = AXIS2_PLACEMENT_3D ( 'NONE', #4223, #9275, #2249 ) ;
#2644 = CARTESIAN_POINT ( 'NONE',  ( 0.06552528806215865420, 0.04452470293914811972, 0.1363523170124648909 ) ) ;
#2645 = EDGE_CURVE ( 'NONE', #5555, #7628, #7660, .T. ) ;
#2646 = CARTESIAN_POINT ( 'NONE',  ( 0.08421699073254419743, 0.04223541480964740358, 0.1182677597179409984 ) ) ;
#2647 = ADVANCED_FACE ( 'NONE', ( #7893 ), #639, .T. ) ;
#2648 = DIRECTION ( 'NONE',  ( 5.979188663871559846E-17, 1.000000000000000000, -7.523851983841548700E-18 ) ) ;
#2649 = CARTESIAN_POINT ( 'NONE',  ( 0.09468569549706586097, 0.04379530043950811968, 0.05655946493813953507 ) ) ;
#2650 = ORIENTED_EDGE ( 'NONE', *, *, #8348, .F. ) ;
#2651 = CARTESIAN_POINT ( 'NONE',  ( 0.06316292488266540828, 0.05199997678118530031, 0.04929082514428079903 ) ) ;
#2652 = LINE ( 'NONE', #585, #2427 ) ;
#2653 = CARTESIAN_POINT ( 'NONE',  ( -0.001061072393526674281, 0.04165288175583608393, 0.1208544702427962331 ) ) ;
#2654 = CARTESIAN_POINT ( 'NONE',  ( 0.004404694422613819604, 0.04950000073015689561, 0.1344805864926169880 ) ) ;
#2655 = CARTESIAN_POINT ( 'NONE',  ( 0.05018453700220790181, 0.04010757410786770089, 0.1008198164343560022 ) ) ;
#2656 = DIRECTION ( 'NONE',  ( -0.9999835139982307108, 0.000000000000000000, -0.005742101684093656178 ) ) ;
#2657 = CIRCLE ( 'NONE', #1456, 0.06500000000000002998 ) ;
#2658 = CARTESIAN_POINT ( 'NONE',  ( 0.05353154345004915160, 0.04157204020193496635, 0.06151603741692204808 ) ) ;
#2659 = CARTESIAN_POINT ( 'NONE',  ( 0.01330957689741830118, 0.04990270069763820537, 0.04800893466535029880 ) ) ;
#2660 = CARTESIAN_POINT ( 'NONE',  ( 0.07989280024107690836, 0.04010757410786770089, 0.05421264955384290374 ) ) ;
#2661 = ORIENTED_EDGE ( 'NONE', *, *, #5974, .T. ) ;
#2662 = ORIENTED_EDGE ( 'NONE', *, *, #4349, .F. ) ;
#2663 = CARTESIAN_POINT ( 'NONE',  ( 0.006558528237648959640, 0.07410757410786771027, 0.08768298146428420148 ) ) ;
#2664 = DIRECTION ( 'NONE',  ( 0.7071067789270740755, -4.442395266090713235E-17, 0.7071067834460210699 ) ) ;
#2665 = CARTESIAN_POINT ( 'NONE',  ( 0.07677507455509939571, 0.04010757410786770089, 0.05466241232130659988 ) ) ;
#2666 = CARTESIAN_POINT ( 'NONE',  ( 0.07633751075718800405, 0.04728730665580380133, 0.05916591431288219932 ) ) ;
#2667 = DIRECTION ( 'NONE',  ( -0.9999835139982308219, 5.974769818641949464E-17, -0.005742101684089259521 ) ) ;
#2668 = DIRECTION ( 'NONE',  ( -5.979188663871559846E-17, -1.000000000000000000, 7.523851983841539456E-18 ) ) ;
#2669 = CARTESIAN_POINT ( 'NONE',  ( -0.01270261914276230031, 0.04510757410786769839, 0.05593786406434109876 ) ) ;
#2670 = CARTESIAN_POINT ( 'NONE',  ( 0.09131121244163099837, 0.04743424316138779989, 0.1424277043180630087 ) ) ;
#2671 = CARTESIAN_POINT ( 'NONE',  ( 0.07629113157955236257, 0.04199472489598596314, 0.1473214861013720511 ) ) ;
#2672 = ORIENTED_EDGE ( 'NONE', *, *, #4312, .T. ) ;
#2673 = EDGE_LOOP ( 'NONE', ( #7613, #6197, #3393, #829, #7276, #6048 ) ) ;
#2674 = CARTESIAN_POINT ( 'NONE',  ( 0.01701624330705900009, 0.04010757410786770089, 0.1402538139408729956 ) ) ;
#2675 = DIRECTION ( 'NONE',  ( -5.979188663871559846E-17, -1.000000000000000000, 7.523851983841548700E-18 ) ) ;
#2676 = DIRECTION ( 'NONE',  ( 0.7071067834460210699, -4.759941537868960834E-17, -0.7071067789270740755 ) ) ;
#2677 = ADVANCED_FACE ( 'NONE', ( #2010 ), #4878, .F. ) ;
#2678 = CALENDAR_DATE ( 2026, 6, 9 ) ;
#2679 = ADVANCED_FACE ( 'NONE', ( #787 ), #2093, .F. ) ;
#2680 = ADVANCED_FACE ( 'NONE', ( #3654 ), #3414, .T. ) ;
#2681 = LINE ( 'NONE', #4849, #4995 ) ;
#2682 = VERTEX_POINT ( 'NONE', #7281 ) ;
#2683 = ORIENTED_EDGE ( 'NONE', *, *, #8813, .T. ) ;
#2684 = CARTESIAN_POINT ( 'NONE',  ( 0.007353044654191464441, 0.04761307081877828168, 0.1293888575989111667 ) ) ;
#2685 = FACE_OUTER_BOUND ( 'NONE', #7209, .T. ) ;
#2686 = VERTEX_POINT ( 'NONE', #5251 ) ;
#2687 = CARTESIAN_POINT ( 'NONE',  ( 0.08556121281275563817, 0.04834523719924836704, 0.08845462734451953191 ) ) ;
#2688 = EDGE_CURVE ( 'NONE', #828, #8644, #4441, .T. ) ;
#2689 = DIRECTION ( 'NONE',  ( 5.979188663871559846E-17, 1.000000000000000000, -7.523851983841548700E-18 ) ) ;
#2690 = CYLINDRICAL_SURFACE ( 'NONE', #3053, 0.004999999999999998369 ) ;
#2691 = CARTESIAN_POINT ( 'NONE',  ( -0.003724687235376855123, 0.04990270069763820537, 0.1199825511729882416 ) ) ;
#2692 = CARTESIAN_POINT ( 'NONE',  ( 0.06395144265317330434, 0.04320671181744199785, 0.04964556941414709906 ) ) ;
#2693 = ORIENTED_EDGE ( 'NONE', *, *, #8501, .F. ) ;
#2694 = DIRECTION ( 'NONE',  ( 9.120436474571179495E-17, 1.000000000000000000, 1.333170438267040011E-17 ) ) ;
#2695 = CARTESIAN_POINT ( 'NONE',  ( 0.06583772025164472130, 0.05199978073220467428, 0.1362691493497170947 ) ) ;
#2696 = EDGE_CURVE ( 'NONE', #6374, #8701, #7598, .T. ) ;
#2697 = CARTESIAN_POINT ( 'NONE',  ( 0.003295752948213422594, 0.04015020501590672170, 0.1288009177733462907 ) ) ;
#2698 = EDGE_CURVE ( 'NONE', #7044, #3542, #3094, .T. ) ;
#2699 = DIRECTION ( 'NONE',  ( 0.000000000000000000, -1.000000000000000000, 3.069623740995705253E-16 ) ) ;
#2700 = B_SPLINE_CURVE_WITH_KNOTS ( 'NONE', 3,
 ( #2315, #5790, #5833, #854, #7302, #1558 ),
 .UNSPECIFIED., .F., .F.,
 ( 4, 2, 4 ),
 ( 0.4999997811252779312, 0.7499998905626390489, 1.000000000000000000 ),
 .UNSPECIFIED. ) ;
#2701 = PLANE ( 'NONE',  #176 ) ;
#2702 = LINE ( 'NONE', #3507, #1896 ) ;
#2703 = AXIS2_PLACEMENT_3D ( 'NONE', #1144, #4108, #6926 ) ;
#2704 = CARTESIAN_POINT ( 'NONE',  ( 0.003015112493194232763, 0.04909723371248703866, 0.1248818014820516076 ) ) ;
#2705 = CARTESIAN_POINT ( 'NONE',  ( 0.001665705926261220032, 0.03865757410786770099, 0.1315464824800660071 ) ) ;
#2706 = CARTESIAN_POINT ( 'NONE',  ( 0.01851197446934426186, 0.05200768441959261607, 0.04922883230890739287 ) ) ;
#2707 = ORIENTED_EDGE ( 'NONE', *, *, #316, .F. ) ;
#2708 = ORIENTED_EDGE ( 'NONE', *, *, #6758, .T. ) ;
#2709 = DIRECTION ( 'NONE',  ( 5.979188663871559846E-17, 1.000000000000000000, -7.523851983841539456E-18 ) ) ;
#2710 = CARTESIAN_POINT ( 'NONE',  ( 0.08954341330206350147, 0.05223964718280496577, 0.09768271860236997506 ) ) ;
#2711 = AXIS2_PLACEMENT_3D ( 'NONE', #6056, #8331, #8938 ) ;
#2712 = ADVANCED_FACE ( 'NONE', ( #5993 ), #5859, .F. ) ;
#2713 =( BOUNDED_CURVE ( )  B_SPLINE_CURVE ( 3, ( #1314, #2631, #8341, #5512 ),
 .UNSPECIFIED., .F., .F. ) 
 B_SPLINE_CURVE_WITH_KNOTS ( ( 4, 4 ),
 ( 4.712388980384679904, 4.969219391341780145 ),
 .UNSPECIFIED. ) 
 CURVE ( )  GEOMETRIC_REPRESENTATION_ITEM ( )  RATIONAL_B_SPLINE_CURVE ( ( 1.000000000000000000, 0.9945107279451284032, 0.9945107279451284032, 1.000000000000000000 ) ) 
 REPRESENTATION_ITEM ( '' )  );
#2714 = CARTESIAN_POINT ( 'NONE',  ( 0.01273642928369349975, 0.04510757410786769839, 0.1374625601476159864 ) ) ;
#2715 = DIRECTION ( 'NONE',  ( 2.826069150446299875E-17, 1.000000000000000000, -7.704910297450960016E-18 ) ) ;
#2716 = CARTESIAN_POINT ( 'NONE',  ( 0.07535787619393806425, 0.05200000073015689783, 0.1434494297317342182 ) ) ;
#2717 = B_SPLINE_CURVE_WITH_KNOTS ( 'NONE', 3,
 ( #3256, #1093, #1186, #6118, #3966, #4010, #8909, #7486, #2542, #5328, #6788, #8198, #2593, #1704, #4667 ),
 .UNSPECIFIED., .F., .F.,
 ( 4, 2, 2, 2, 1, 1, 1, 2, 4 ),
 ( 0.000000000000000000, 0.2477422626639062542, 0.3716133939958569110, 0.4335489596618323782, 0.4645167424948182799, 0.4800006339113110920, 0.4877425796195585805, 0.4916135524736814366, 0.4954845253278042372 ),
 .UNSPECIFIED. ) ;
#2718 = ORIENTED_EDGE ( 'NONE', *, *, #5065, .T. ) ;
#2719 = DIRECTION ( 'NONE',  ( 8.046638469161818835E-17, 1.000000000000000000, -7.405134956585150092E-18 ) ) ;
#2720 = CARTESIAN_POINT ( 'NONE',  ( -0.01352036593178852775, 0.04160088324903509632, 0.05715070446099979051 ) ) ;
#2721 = CARTESIAN_POINT ( 'NONE',  ( 0.003329313033376361548, 0.04947613983096620788, 0.06051056806890637435 ) ) ;
#2722 = DIRECTION ( 'NONE',  ( -0.005742101684087365203, 0.000000000000000000, 0.9999835139982307108 ) ) ;
#2723 = ORIENTED_EDGE ( 'NONE', *, *, #3623, .F. ) ;
#2724 = ORIENTED_EDGE ( 'NONE', *, *, #407, .F. ) ;
#2725 = CIRCLE ( 'NONE', #7992, 0.06500000000000002998 ) ;
#2726 = DIRECTION ( 'NONE',  ( -0.7030348447838198345, 0.000000000000000000, -0.7111554028619839762 ) ) ;
#2727 = VECTOR ( 'NONE', #6821, 1.000000000000000000 ) ;
#2728 = DIRECTION ( 'NONE',  ( 5.979188663871559846E-17, 1.000000000000000000, -7.523851983841539456E-18 ) ) ;
#2729 = CYLINDRICAL_SURFACE ( 'NONE', #4368, 0.003000000000000002665 ) ;
#2730 = PERSON_AND_ORGANIZATION ( #633, #8323 ) ;
#2731 = FACE_OUTER_BOUND ( 'NONE', #7947, .T. ) ;
#2732 = ORIENTED_EDGE ( 'NONE', *, *, #5181, .T. ) ;
#2733 = ORIENTED_EDGE ( 'NONE', *, *, #2003, .F. ) ;
#2734 = EDGE_CURVE ( 'NONE', #8183, #8492, #6113, .T. ) ;
#2735 = CARTESIAN_POINT ( 'NONE',  ( 0.007803200592726210715, 0.04808508420732224981, 0.1297960928637885702 ) ) ;
#2736 = EDGE_CURVE ( 'NONE', #1529, #8742, #8878, .T. ) ;
#2737 = CYLINDRICAL_SURFACE ( 'NONE', #7375, 0.005000000000000000104 ) ;
#2738 = ORIENTED_EDGE ( 'NONE', *, *, #3427, .F. ) ;
#2739 = CIRCLE ( 'NONE', #3491, 0.05349999999999999895 ) ;
#2740 = CARTESIAN_POINT ( 'NONE',  ( 0.003122562301038609572, 0.04012057233955674401, 0.05676373887404227020 ) ) ;
#2741 = EDGE_CURVE ( 'NONE', #9094, #2882, #7417, .T. ) ;
#2742 = CARTESIAN_POINT ( 'NONE',  ( 0.09485199153075324352, 0.04205941432991250339, 0.1289509236788907998 ) ) ;
#2743 = CARTESIAN_POINT ( 'NONE',  ( -0.004091378267937140038, 0.04510757410786769839, 0.1203492422032050035 ) ) ;
#2744 = CARTESIAN_POINT ( 'NONE',  ( 0.009104423836117269547, 0.07410757410786771027, 0.07969746860650860076 ) ) ;
#2745 = B_SPLINE_CURVE_WITH_KNOTS ( 'NONE', 3,
 ( #7320, #2280, #870, #3739 ),
 .UNSPECIFIED., .F., .F.,
 ( 4, 4 ),
 ( 0.5000182561208902365, 1.000000000000000000 ),
 .UNSPECIFIED. ) ;
#2746 = EDGE_LOOP ( 'NONE', ( #1062, #7504, #1515, #5458, #2540 ) ) ;
#2747 = AXIS2_PLACEMENT_3D ( 'NONE', #8253, #3922, #349 ) ;
#2748 = ORIENTED_EDGE ( 'NONE', *, *, #8820, .F. ) ;
#2749 = CARTESIAN_POINT ( 'NONE',  ( 0.001665705926261220032, 0.04010757410786770089, 0.1315464824800660071 ) ) ;
#2750 = VECTOR ( 'NONE', #5625, 1.000000000000000000 ) ;
#2751 = VECTOR ( 'NONE', #8249, 1.000000000000000000 ) ;
#2752 = CARTESIAN_POINT ( 'NONE',  ( 0.002102575047694698208, 0.03865757410786770099, 0.05546599083334349811 ) ) ;
#2753 = DIRECTION ( 'NONE',  ( 5.979188663871559846E-17, 1.000000000000000000, -7.523851983841539456E-18 ) ) ;
#2754 = DIRECTION ( 'NONE',  ( 0.005742101684089259521, -3.069573135173280426E-16, -0.9999835139982308219 ) ) ;
#2755 = LOCAL_TIME ( 12, 20, 46.00000000000000000, #8289 ) ;
#2756 = FACE_OUTER_BOUND ( 'NONE', #1263, .T. ) ;
#2757 = B_SPLINE_CURVE_WITH_KNOTS ( 'NONE', 3,
 ( #7148, #5733, #7193, #708 ),
 .UNSPECIFIED., .F., .F.,
 ( 4, 4 ),
 ( 0.000000000000000000, 0.03441153907667379719 ),
 .UNSPECIFIED. ) ;
#2758 = CARTESIAN_POINT ( 'NONE',  ( -0.01305216390779630024, 0.04510757410786769839, 0.1293100277857980041 ) ) ;
#2759 = DIRECTION ( 'NONE',  ( -0.7071067834460220691, 5.506428644793988130E-17, 0.7071067789270730763 ) ) ;
#2760 = CARTESIAN_POINT ( 'NONE',  ( 0.06753319416159418720, 0.04186348569578375589, 0.04792525592492274944 ) ) ;
#2761 = ORIENTED_EDGE ( 'NONE', *, *, #6327, .F. ) ;
#2762 = ORIENTED_EDGE ( 'NONE', *, *, #7746, .T. ) ;
#2763 = CARTESIAN_POINT ( 'NONE',  ( 0.07771605633698905335, 0.05018530988722816333, 0.1463648395284465054 ) ) ;
#2764 = CARTESIAN_POINT ( 'NONE',  ( 0.08957711450254481067, 0.05174130637448321607, 0.08843278692125265683 ) ) ;
#2765 = CARTESIAN_POINT ( 'NONE',  ( 0.07697037988657152996, 0.04013149646609603244, 0.05545197059045986476 ) ) ;
#2766 = ADVANCED_FACE ( 'NONE', ( #216 ), #966, .F. ) ;
#2767 = ADVANCED_BREP_SHAPE_REPRESENTATION ( 'Base', ( #4046, #2309 ), #1099 ) ;
#2768 = CARTESIAN_POINT ( 'NONE',  ( 0.06519075923672830453, 0.04074033695263960114, 0.1381408788445349922 ) ) ;
#2769 = CARTESIAN_POINT ( 'NONE',  ( 0.08528909064459264111, 0.05200000073015690477, 0.06541467488346874859 ) ) ;
#2770 = DIRECTION ( 'NONE',  ( -0.1793001811598410600, 0.000000000000000000, 0.9837944119764292505 ) ) ;
#2771 = DIRECTION ( 'NONE',  ( -5.979188663871559846E-17, -1.000000000000000000, 7.523851983841539456E-18 ) ) ;
#2772 = CARTESIAN_POINT ( 'NONE',  ( 0.08441249574051640225, 0.04950000073015689561, 0.1341147740059679960 ) ) ;
#2773 = EDGE_CURVE ( 'NONE', #4199, #1809, #3436, .T. ) ;
#2774 = CARTESIAN_POINT ( 'NONE',  ( 0.08958695076952155611, 0.04818856742195255782, 0.08854267168561935630 ) ) ;
#2775 = ORIENTED_EDGE ( 'NONE', *, *, #6709, .F. ) ;
#2776 = ORIENTED_EDGE ( 'NONE', *, *, #9332, .F. ) ;
#2777 =( BOUNDED_CURVE ( )  B_SPLINE_CURVE ( 3, ( #2992, #1625, #917, #8166 ),
 .UNSPECIFIED., .F., .T. ) 
 B_SPLINE_CURVE_WITH_KNOTS ( ( 4, 4 ),
 ( 1.316133059729784005, 1.570796326794889897 ),
 .UNSPECIFIED. ) 
 CURVE ( )  GEOMETRIC_REPRESENTATION_ITEM ( )  RATIONAL_B_SPLINE_CURVE ( ( 1.000000000000000000, 0.9946028497708049310, 0.9946028497708049310, 1.000000000000000000 ) ) 
 REPRESENTATION_ITEM ( '' )  );
#2778 = CARTESIAN_POINT ( 'NONE',  ( 0.001665705926261220032, 0.04010757410786770089, 0.1315464824800660071 ) ) ;
#2779 = CARTESIAN_POINT ( 'NONE',  ( -0.003255225718700029656, 0.04121945944634290010, 0.06943323864889849872 ) ) ;
#2780 = CARTESIAN_POINT ( 'NONE',  ( -0.0001155767876047389885, 0.09210757410786771238, 0.06498937258270930106 ) ) ;
#2781 = DIRECTION ( 'NONE',  ( -0.005742101684089251715, 0.000000000000000000, 0.9999835139982305998 ) ) ;
#2782 = ORIENTED_EDGE ( 'NONE', *, *, #5750, .F. ) ;
#2783 = VERTEX_POINT ( 'NONE', #2380 ) ;
#2784 = FACE_OUTER_BOUND ( 'NONE', #390, .T. ) ;
#2785 = CARTESIAN_POINT ( 'NONE',  ( 0.06824892926991750486, 0.04990270069763820537, 0.1377501973685599790 ) ) ;
#2786 = ORIENTED_EDGE ( 'NONE', *, *, #2279, .T. ) ;
#2787 = CARTESIAN_POINT ( 'NONE',  ( 0.08561279362909766932, 0.04728315097974430947, 0.08901249979445984006 ) ) ;
#2788 = CARTESIAN_POINT ( 'NONE',  ( 0.07967769959407240699, 0.05498850940878750176, 0.1265515506954810188 ) ) ;
#2789 = DIRECTION ( 'NONE',  ( 0.000000000000000000, -9.425859584996718897E-17, -1.000000000000000000 ) ) ;
#2790 = CARTESIAN_POINT ( 'NONE',  ( -0.005803443614096030247, 0.04010757410786770089, 0.1155428444329389959 ) ) ;
#2791 = ORIENTED_EDGE ( 'NONE', *, *, #7689, .T. ) ;
#2792 = VECTOR ( 'NONE', #5542, 1.000000000000000000 ) ;
#2793 = ORIENTED_EDGE ( 'NONE', *, *, #6441, .T. ) ;
#2794 = CARTESIAN_POINT ( 'NONE',  ( 0.08529618816344920751, 0.05058444957559470045, 0.1208563307656280034 ) ) ;
#2795 = CARTESIAN_POINT ( 'NONE',  ( -0.01270261914276230031, 0.04510757410786769839, 0.05593786406434109876 ) ) ;
#2796 = VECTOR ( 'NONE', #4405, 1.000000000000000000 ) ;
#2797 = CARTESIAN_POINT ( 'NONE',  ( 0.004306781269415377138, 0.04016056951411415415, 0.1297342359675883738 ) ) ;
#2798 = CARTESIAN_POINT ( 'NONE',  ( 0.04077925308366800450, 0.04010757410786770089, 0.09287956601695539216 ) ) ;
#2799 = CARTESIAN_POINT ( 'NONE',  ( 0.003555404124931095707, 0.04011046516494483349, 0.05466467475320865160 ) ) ;
#2800 = CARTESIAN_POINT ( 'NONE',  ( 0.003616477676748299647, 0.05032954500249260665, 0.06094325245300670491 ) ) ;
#2801 = EDGE_CURVE ( 'NONE', #6843, #3485, #8480, .T. ) ;
#2802 = CARTESIAN_POINT ( 'NONE',  ( 0.009249667806939337877, 0.04954740596323820023, 0.05537078687002974092 ) ) ;
#2803 = AXIS2_PLACEMENT_3D ( 'NONE', #442, #869, #1618 ) ;
#2804 = CARTESIAN_POINT ( 'NONE',  ( 0.01524156082413146047, 0.05199807366976642864, 0.04938557770862413848 ) ) ;
#2805 = EDGE_CURVE ( 'NONE', #509, #3146, #3200, .T. ) ;
#2806 = ORIENTED_EDGE ( 'NONE', *, *, #3540, .T. ) ;
#2807 = ORIENTED_EDGE ( 'NONE', *, *, #7821, .F. ) ;
#2808 = B_SPLINE_CURVE_WITH_KNOTS ( 'NONE', 3,
 ( #501, #7558, #9019, #8221, #7698, #3321, #7652, #9070, #1767, #2612, #8412, #6811, #4029, #4736, #6991, #2561, #1203, #1112, #1949, #5439, #4639, #5394, #8977, #8319, #1808, #4075, #6898 ),
 .UNSPECIFIED., .F., .F.,
 ( 4, 2, 2, 2, 1, 2, 2, 2, 2, 2, 1, 1, 2, 2, 4 ),
 ( 0.000000000000000000, 0.1250000000001531553, 0.1875000000002308154, 0.2187500000002785550, 0.2343750000003023692, 0.2421875000003105294, 0.2500000000003186895, 0.5000000000001795231, 0.6250000000000986988, 0.6875000000000544009, 0.7187500000000321965, 0.7343750000000212053, 0.7421875000000156541, 0.7500000000000101030, 1.000000000000000000 ),
 .UNSPECIFIED. ) ;
#2809 = CARTESIAN_POINT ( 'NONE',  ( -0.01965446098755129975, 0.04432088081784599926, 0.04545048825789450159 ) ) ;
#2810 = CARTESIAN_POINT ( 'NONE',  ( 0.08954624546311118483, 0.05229860893008713568, 0.09765456415555993919 ) ) ;
#2811 = CARTESIAN_POINT ( 'NONE',  ( 0.08497733375252350396, 0.05063850073179249761, 0.06610552865749950990 ) ) ;
#2812 = CARTESIAN_POINT ( 'NONE',  ( 0.08459889751602929497, 0.05199463496850311589, 0.06647068950535600651 ) ) ;
#2813 = B_SPLINE_CURVE_WITH_KNOTS ( 'NONE', 3,
 ( #4678, #7692, #5431, #8310, #2605, #3313, #4818, #4776, #6131, #6037, #2653, #1761, #5486, #3221, #2553, #7643, #6985, #8924 ),
 .UNSPECIFIED., .F., .F.,
 ( 4, 2, 2, 2, 2, 2, 2, 2, 4 ),
 ( 0.000000000000000000, 0.2499999999999942268, 0.3749999999999941158, 0.4374999999999948930, 0.4999999999999956701, 0.6250000000000006661, 0.6875000000000004441, 0.7500000000000002220, 1.000000000000000000 ),
 .UNSPECIFIED. ) ;
#2814 = DIRECTION ( 'NONE',  ( -0.005742101684089150233, 0.000000000000000000, 0.9999835139982307108 ) ) ;
#2815 = CARTESIAN_POINT ( 'NONE',  ( 0.07990256181393985691, 0.04010757410786770089, 0.05251267758004590780 ) ) ;
#2816 = DIRECTION ( 'NONE',  ( 2.826069150446299875E-17, 1.000000000000000000, -7.704910297450960016E-18 ) ) ;
#2817 = ORIENTED_EDGE ( 'NONE', *, *, #2392, .F. ) ;
#2818 = CARTESIAN_POINT ( 'NONE',  ( -0.001252159808803059984, 0.04950000073015689561, 0.1288237322250490036 ) ) ;
#2819 = ORIENTED_EDGE ( 'NONE', *, *, #6965, .T. ) ;
#2820 = ORIENTED_EDGE ( 'NONE', *, *, #5579, .F. ) ;
#2821 = EDGE_CURVE ( 'NONE', #8711, #5916, #4649, .T. ) ;
#2822 = DIRECTION ( 'NONE',  ( 3.082088108510499907E-17, -1.000000000000000000, 1.276822424329299874E-16 ) ) ;
#2823 = EDGE_CURVE ( 'NONE', #5702, #5316, #2556, .T. ) ;
#2824 = CARTESIAN_POINT ( 'NONE',  ( -0.006250040661118549772, 0.04010757410786770089, 0.06872254812033000426 ) ) ;
#2825 = EDGE_CURVE ( 'NONE', #8122, #8474, #6804, .T. ) ;
#2826 = DIRECTION ( 'NONE',  ( 0.005742101684089249113, -7.867059038567468492E-18, -0.9999835139982308219 ) ) ;
#2827 = CARTESIAN_POINT ( 'NONE',  ( 0.01915176322483180121, 0.04412530489793380084, 0.04891069201154869817 ) ) ;
#2828 = ORIENTED_EDGE ( 'NONE', *, *, #4666, .F. ) ;
#2829 = ORIENTED_EDGE ( 'NONE', *, *, #6830, .F. ) ;
#2830 = CARTESIAN_POINT ( 'NONE',  ( 0.07792177131860894557, 0.04845669347055944765, 0.1256010247304795435 ) ) ;
#2831 = EDGE_CURVE ( 'NONE', #1978, #5702, #5939, .T. ) ;
#2832 = DIRECTION ( 'NONE',  ( 0.6450864692714364246, -4.431998440701476854E-17, -0.7641095779813994460 ) ) ;
#2833 = DIRECTION ( 'NONE',  ( -0.3915347691464001190, 0.6902684899626322368, -0.6084652301604280833 ) ) ;
#2834 = ORIENTED_EDGE ( 'NONE', *, *, #1350, .T. ) ;
#2835 = CARTESIAN_POINT ( 'NONE',  ( 0.01502982638613997897, 0.05199997512240815689, 0.1359801431717297393 ) ) ;
#2836 = CARTESIAN_POINT ( 'NONE',  ( 0.06437591702642790625, 0.04010757410786770089, 0.1401816141749989975 ) ) ;
#2837 = DIRECTION ( 'NONE',  ( 3.893633027220359727E-17, 1.000000000000000000, 2.388862612315459540E-17 ) ) ;
#2838 = CARTESIAN_POINT ( 'NONE',  ( -0.01122273387009039940, 0.04697071701381140552, 0.05388221542924050145 ) ) ;
#2839 = ORIENTED_EDGE ( 'NONE', *, *, #5781, .F. ) ;
#2840 = ORIENTED_EDGE ( 'NONE', *, *, #5133, .T. ) ;
#2841 = CARTESIAN_POINT ( 'NONE',  ( -0.003803741046992930187, 0.04510757410786769839, 0.06483674221698100537 ) ) ;
#2842 = DIRECTION ( 'NONE',  ( -3.016772900569130268E-19, -1.000000000000000000, -1.903665972729600208E-18 ) ) ;
#2843 = CARTESIAN_POINT ( 'NONE',  ( 0.004418142596740850213, 0.04015151377250827935, 0.1299240310570600743 ) ) ;
#2844 = CARTESIAN_POINT ( 'NONE',  ( 0.06881792985998801127, 0.04281196371077342078, 0.05183625280455770451 ) ) ;
#2845 = CARTESIAN_POINT ( 'NONE',  ( -0.002275840789658563259, 0.05200010132885227176, 0.06751785990271583215 ) ) ;
#2846 = DIRECTION ( 'NONE',  ( 0.7071067789270730763, -3.695908159165670532E-17, 0.7071067834460220691 ) ) ;
#2847 = CARTESIAN_POINT ( 'NONE',  ( 0.01752661298827578804, 0.05200017599334792739, 0.04948347886076063379 ) ) ;
#2848 = ORIENTED_EDGE ( 'NONE', *, *, #1350, .F. ) ;
#2849 = ORIENTED_EDGE ( 'NONE', *, *, #4085, .T. ) ;
#2850 = DIRECTION ( 'NONE',  ( 0.7071067834460210699, -4.618527782440651366E-16, -0.7071067789270740755 ) ) ;
#2851 = EDGE_CURVE ( 'NONE', #5110, #9079, #2129, .T. ) ;
#2852 = CARTESIAN_POINT ( 'NONE',  ( 0.08974189343778837813, 0.05483442149731388576, 0.09479464986775412716 ) ) ;
#2853 = EDGE_CURVE ( 'NONE', #7667, #6115, #2183, .T. ) ;
#2854 = CARTESIAN_POINT ( 'NONE',  ( 0.08413483649118579100, 0.05194413682580369812, 0.07001814782976480134 ) ) ;
#2855 = EDGE_CURVE ( 'NONE', #8370, #818, #7092, .T. ) ;
#2856 = CARTESIAN_POINT ( 'NONE',  ( 0.002112336620557649786, 0.03610757410786769733, 0.05376601885954650217 ) ) ;
#2857 = CARTESIAN_POINT ( 'NONE',  ( 0.01862782202966660125, 0.04412404529732330549, 0.1365868144026139985 ) ) ;
#2858 = AXIS2_PLACEMENT_3D ( 'NONE', #310, #3939, #4555 ) ;
#2859 = CARTESIAN_POINT ( 'NONE',  ( 0.09413507392405046081, 0.05068945398199557750, 0.05575589059387101032 ) ) ;
#2860 = CARTESIAN_POINT ( 'NONE',  ( -0.01353642684812851778, 0.04157203187793789834, 0.05717512828365411970 ) ) ;
#2861 = ORIENTED_EDGE ( 'NONE', *, *, #4228, .T. ) ;
#2862 = CARTESIAN_POINT ( 'NONE',  ( 0.06249727106851889896, 0.04416030888467410015, 0.1368036789255810126 ) ) ;
#2863 = ORIENTED_EDGE ( 'NONE', *, *, #8552, .F. ) ;
#2864 = VERTEX_POINT ( 'NONE', #6086 ) ;
#2865 = CARTESIAN_POINT ( 'NONE',  ( 0.08701251947653700081, 0.04056116704352170227, 0.06805844299088049942 ) ) ;
#2866 = AXIS2_PLACEMENT_3D ( 'NONE', #7055, #7806, #2726 ) ;
#2867 = FACE_OUTER_BOUND ( 'NONE', #5583, .T. ) ;
#2868 = CARTESIAN_POINT ( 'NONE',  ( 0.003616477676748179951, 0.09210757410786771238, 0.06094325245300689919 ) ) ;
#2869 = CARTESIAN_POINT ( 'NONE',  ( 0.08513102886955568882, 0.04441895676768399526, 0.06592874539310729365 ) ) ;
#2870 = CARTESIAN_POINT ( 'NONE',  ( 0.001665705926261220032, 0.04010757410786770089, 0.1315464824800660071 ) ) ;
#2871 = ORIENTED_EDGE ( 'NONE', *, *, #7114, .F. ) ;
#2872 = ORIENTED_EDGE ( 'NONE', *, *, #3389, .T. ) ;
#2873 = CYLINDRICAL_SURFACE ( 'NONE', #5410, 0.001300000000000000157 ) ;
#2874 = ORIENTED_EDGE ( 'NONE', *, *, #8720, .F. ) ;
#2875 = CARTESIAN_POINT ( 'NONE',  ( 0.01566574252009457491, 0.05200023655952640267, 0.1359111143243222908 ) ) ;
#2876 = DIRECTION ( 'NONE',  ( 0.7030348447838198345, 0.000000000000000000, 0.7111554028619837542 ) ) ;
#2877 = AXIS2_PLACEMENT_3D ( 'NONE', #8167, #7642, #3219 ) ;
#2878 = CYLINDRICAL_SURFACE ( 'NONE', #3503, 0.001700000000000003808 ) ;
#2879 = CARTESIAN_POINT ( 'NONE',  ( 0.06437591702642786462, 0.04010757410786770089, 0.1401816141749989142 ) ) ;
#2880 = ORIENTED_EDGE ( 'NONE', *, *, #7014, .T. ) ;
#2881 = EDGE_CURVE ( 'NONE', #2626, #3296, #2607, .T. ) ;
#2882 = VERTEX_POINT ( 'NONE', #3928 ) ;
#2883 = DIRECTION ( 'NONE',  ( 3.150784374667989960E-17, -1.000000000000000000, 8.048112962411840365E-18 ) ) ;
#2884 = CARTESIAN_POINT ( 'NONE',  ( 0.07757018017378862484, 0.04016326020793796470, 0.1293936702673928463 ) ) ;
#2885 = CARTESIAN_POINT ( 'NONE',  ( 0.003010720017863407951, 0.04013511579842653221, 0.1286653431372113132 ) ) ;
#2886 = CARTESIAN_POINT ( 'NONE',  ( 0.07796196108272220038, 0.04922995822001491328, 0.03956496033094998588 ) ) ;
#2887 = CARTESIAN_POINT ( 'NONE',  ( -0.002285388780058378744, 0.05200024095011055586, 0.06883170367884075547 ) ) ;
#2888 = VECTOR ( 'NONE', #1088, 1.000000000000000000 ) ;
#2889 = CARTESIAN_POINT ( 'NONE',  ( -0.01257656775679901091, 0.05068945398180554202, 0.1300032414399185654 ) ) ;
#2890 = CARTESIAN_POINT ( 'NONE',  ( 0.05590445193037019839, 0.04010757410786770089, 0.1218701860328920000 ) ) ;
#2892 = CARTESIAN_POINT ( 'NONE',  ( 0.07729414282242744183, 0.04288640525408959209, 0.03910536726445026229 ) ) ;
#2891 = AXIS2_PLACEMENT_3D ( 'NONE', #8603, #1492, #2246 ) ;
#2893 = ORIENTED_EDGE ( 'NONE', *, *, #6728, .T. ) ;
#2894 = ORIENTED_EDGE ( 'NONE', *, *, #1721, .T. ) ;
#2895 = CARTESIAN_POINT ( 'NONE',  ( 0.003488182798501222003, 0.04885194590177342755, 0.06032767845791549982 ) ) ;
#2896 = DIRECTION ( 'NONE',  ( 5.979188663871559846E-17, 1.000000000000000000, -7.523851983841548700E-18 ) ) ;
#2897 = CARTESIAN_POINT ( 'NONE',  ( 0.08955544908960576256, 0.05248240889332404097, 0.09756187923710296639 ) ) ;
#2898 = AXIS2_PLACEMENT_3D ( 'NONE', #7711, #510, #4648 ) ;
#2899 = B_SPLINE_CURVE_WITH_KNOTS ( 'NONE', 3,
 ( #5848, #3642, #7271, #8732, #8071, #7216, #6516, #3032, #1431, #2182, #775, #4348, #2278, #8588, #7126, #2887, #684, #3550, #5805, #8639, #6420, #2229, #9302, #7929, #5155, #5105, #2845, #60, #2940, #2133, #3738, #5896, #151, #825, #4446, #107 ),
 .UNSPECIFIED., .F., .F.,
 ( 4, 2, 2, 2, 1, 1, 1, 1, 2, 2, 2, 2, 1, 1, 1, 1, 2, 2, 2, 2, 2, 4 ),
 ( 0.000000000000000000, 0.1249999999988309629, 0.1874999999982431831, 0.2187499999979435061, 0.2343749999977936815, 0.2421874999977186860, 0.2460937499976974807, 0.2480468749976868503, 0.2490234374976814102, 0.2499999999976759701, 0.3749999999979709009, 0.4374999999981183940, 0.4687499999981890042, 0.4843749999982242538, 0.4921874999982419063, 0.4960937499982507326, 0.4980468749982580601, 0.4999999999982653875, 0.6249999999986989296, 0.7499999999991325828, 0.8749999999995663469, 1.000000000000000000 ),
 .UNSPECIFIED. ) ;
#2900 = CARTESIAN_POINT ( 'NONE',  ( 0.06628723041023699969, 0.04463388737134570128, 0.1363624251908789886 ) ) ;
#2901 = DIRECTION ( 'NONE',  ( -6.507034760933248711E-17, -1.000000000000000000, 1.280231292072499938E-17 ) ) ;
#2902 = VECTOR ( 'NONE', #565, 1.000000000000000000 ) ;
#2903 = EDGE_LOOP ( 'NONE', ( #4989, #3525 ) ) ;
#2904 = CARTESIAN_POINT ( 'NONE',  ( 0.08201446107268080266, 0.05200000073015689783, 0.04924632336010700134 ) ) ;
#2905 = DIRECTION ( 'NONE',  ( 0.4344876663716958354, -0.7010108906134552287, 0.5655123332096375632 ) ) ;
#2906 = DIRECTION ( 'NONE',  ( -5.979188663871559846E-17, -1.000000000000000000, 7.523851983841548700E-18 ) ) ;
#2907 = ORIENTED_EDGE ( 'NONE', *, *, #3618, .F. ) ;
#2908 = CARTESIAN_POINT ( 'NONE',  ( 0.002930002151607049958, 0.04950000073015990015, 0.1247807290660030016 ) ) ;
#2909 = VERTEX_POINT ( 'NONE', #355 ) ;
#2910 = ORIENTED_EDGE ( 'NONE', *, *, #4837, .T. ) ;
#2911 = EDGE_CURVE ( 'NONE', #7208, #111, #1156, .T. ) ;
#2912 = LINE ( 'NONE', #7998, #2402 ) ;
#2913 = CARTESIAN_POINT ( 'NONE',  ( 0.08457808548650234959, 0.04291077705846924745, 0.1148491422690907926 ) ) ;
#2914 = CARTESIAN_POINT ( 'NONE',  ( 0.04115248969313370364, 0.04010757410786770089, 0.02788063760707036598 ) ) ;
#2915 = ADVANCED_FACE ( 'NONE', ( #8364 ), #6894, .F. ) ;
#2916 = CARTESIAN_POINT ( 'NONE',  ( 0.08470336599229359720, 0.04416030888467410015, 0.07116154803210450464 ) ) ;
#2917 = CARTESIAN_POINT ( 'NONE',  ( 0.01854115668808260092, 0.04985783708471710346, 0.1365426748011530078 ) ) ;
#2918 = EDGE_LOOP ( 'NONE', ( #8007, #3172 ) ) ;
#2919 = ORIENTED_EDGE ( 'NONE', *, *, #651, .T. ) ;
#2920 = EDGE_CURVE ( 'NONE', #8715, #939, #3170, .T. ) ;
#2921 = AXIS2_PLACEMENT_3D ( 'NONE', #9149, #9101, #1231 ) ;
#2922 = CARTESIAN_POINT ( 'NONE',  ( 0.01627196317832890066, 0.09210757410786771238, 0.1409980940648459802 ) ) ;
#2923 = CYLINDRICAL_SURFACE ( 'NONE', #9339, 0.001299999999999997555 ) ;
#2924 = ORIENTED_EDGE ( 'NONE', *, *, #3683, .T. ) ;
#2925 = CARTESIAN_POINT ( 'NONE',  ( 0.005224691630969550103, 0.04010757410786770089, 0.05425155597364229865 ) ) ;
#2926 = CARTESIAN_POINT ( 'NONE',  ( 0.06344253149965120575, 0.04010757410786770089, 0.1394622627147190097 ) ) ;
#2927 = CARTESIAN_POINT ( 'NONE',  ( -0.01172630464539940048, 0.05200000073015689783, 0.05456290635618149532 ) ) ;
#2928 = CARTESIAN_POINT ( 'NONE',  ( 0.08553544663945016058, 0.05090818836897274130, 0.08820160914220476212 ) ) ;
#2929 = VERTEX_POINT ( 'NONE', #6039 ) ;
#2930 = ORIENTED_EDGE ( 'NONE', *, *, #4289, .F. ) ;
#2931 = DIRECTION ( 'NONE',  ( 5.979188663871559846E-17, 1.000000000000000000, -7.523851983841539456E-18 ) ) ;
#2932 = EDGE_CURVE ( 'NONE', #1635, #2187, #1108, .T. ) ;
#2933 = CARTESIAN_POINT ( 'NONE',  ( 0.07801626336831657405, 0.04014137753256199342, 0.1291484640632320491 ) ) ;
#2934 = EDGE_CURVE ( 'NONE', #2294, #2864, #1901, .T. ) ;
#2935 = ORIENTED_EDGE ( 'NONE', *, *, #853, .T. ) ;
#2936 = CARTESIAN_POINT ( 'NONE',  ( 0.01471968354809860026, 0.04462938331126059532, 0.1360644948640729879 ) ) ;
#2937 = CARTESIAN_POINT ( 'NONE',  ( 0.08463347964063661077, 0.05199997858829980002, 0.07102062368290169847 ) ) ;
#2938 = EDGE_CURVE ( 'NONE', #9058, #880, #5433, .T. ) ;
#2939 = EDGE_CURVE ( 'NONE', #8425, #3954, #5531, .T. ) ;
#2940 = CARTESIAN_POINT ( 'NONE',  ( -0.002405621539166428232, 0.05199791260886564570, 0.06678685423975373736 ) ) ;
#2941 = FACE_OUTER_BOUND ( 'NONE', #1974, .T. ) ;
#2942 = DIRECTION ( 'NONE',  ( 0.6450864692714364246, -4.431998440701476854E-17, -0.7641095779813994460 ) ) ;
#2943 = CARTESIAN_POINT ( 'NONE',  ( 0.08822624456380856461, 0.05200000073015689089, 0.1245554411855633453 ) ) ;
#2944 = ORIENTED_EDGE ( 'NONE', *, *, #5100, .F. ) ;
#2945 = VERTEX_POINT ( 'NONE', #3978 ) ;
#2946 = CARTESIAN_POINT ( 'NONE',  ( 0.003465274183660256666, 0.04892049150622683473, 0.06035391234188917237 ) ) ;
#2947 = AXIS2_PLACEMENT_3D ( 'NONE', #89, #5036, #131 ) ;
#2948 = PLANE ( 'NONE',  #5153 ) ;
#2949 = CARTESIAN_POINT ( 'NONE',  ( -0.0007283846132364120603, 0.07410757410786771027, 0.07549808124658759223 ) ) ;
#2950 = CARTESIAN_POINT ( 'NONE',  ( 0.08470336599229350005, 0.05102534097662159845, 0.07116154803210440749 ) ) ;
#2951 = B_SPLINE_CURVE_WITH_KNOTS ( 'NONE', 3,
 ( #7808, #4892, #7102, #3439 ),
 .UNSPECIFIED., .F., .F.,
 ( 4, 4 ),
 ( 0.000000000000000000, 1.000000000000000000 ),
 .UNSPECIFIED. ) ;
#2952 = CARTESIAN_POINT ( 'NONE',  ( 0.08536224721432880691, 0.09210757410786771238, 0.1209223898169300010 ) ) ;
#2953 = AXIS2_PLACEMENT_3D ( 'NONE', #3755, #5917, #3888 ) ;
#2954 = ORIENTED_EDGE ( 'NONE', *, *, #498, .T. ) ;
#2955 = DATE_AND_TIME ( #5913, #7263 ) ;
#2956 = DIRECTION ( 'NONE',  ( 5.979188663871559846E-17, 1.000000000000000000, -7.523851983841539456E-18 ) ) ;
#2957 = LINE ( 'NONE', #3522, #4099 ) ;
#2958 = VERTEX_POINT ( 'NONE', #1804 ) ;
#2959 = CARTESIAN_POINT ( 'NONE',  ( 0.08507311997118188751, 0.05200000073015659946, 0.1210151699203919906 ) ) ;
#2960 = ORIENTED_EDGE ( 'NONE', *, *, #8439, .T. ) ;
#2961 = CARTESIAN_POINT ( 'NONE',  ( -0.01270261914276230031, 0.04706118949957149855, 0.05593786406434109876 ) ) ;
#2962 = DIRECTION ( 'NONE',  ( 0.7025125259281602697, 0.000000000000000000, 0.7116713784564022705 ) ) ;
#2963 = DIRECTION ( 'NONE',  ( 5.979188663871559846E-17, 1.000000000000000000, -7.523851983841539456E-18 ) ) ;
#2964 = DIRECTION ( 'NONE',  ( 2.979043709274269448E-17, -1.000000000000000000, 3.071334366387070160E-16 ) ) ;
#2965 = CARTESIAN_POINT ( 'NONE',  ( 0.08383142917003524874, 0.05200011946759371118, 0.1182150445435835584 ) ) ;
#2966 = CARTESIAN_POINT ( 'NONE',  ( 0.06882207688364230802, 0.04510757410786769839, 0.04829657188629449954 ) ) ;
#2967 = ORIENTED_EDGE ( 'NONE', *, *, #4004, .F. ) ;
#2968 = EDGE_LOOP ( 'NONE', ( #4187, #6812, #907, #3584, #8266, #3963 ) ) ;
#2969 = CARTESIAN_POINT ( 'NONE',  ( 0.01733286355160574416, 0.04121960862387357566, 0.1369142646212941350 ) ) ;
#2970 = EDGE_CURVE ( 'NONE', #6260, #6057, #7117, .T. ) ;
#2971 = CARTESIAN_POINT ( 'NONE',  ( 0.01638196445576880003, 0.04037124799189970026, 0.04627618244815889792 ) ) ;
#2972 = ADVANCED_FACE ( 'NONE', ( #1291 ), #2701, .T. ) ;
#2973 = ORIENTED_EDGE ( 'NONE', *, *, #3663, .T. ) ;
#2974 = CARTESIAN_POINT ( 'NONE',  ( 0.01762199163663667745, 0.05200655440217319403, 0.1361426444232315958 ) ) ;
#2975 = EDGE_CURVE ( 'NONE', #2314, #7901, #539, .T. ) ;
#2976 = DIRECTION ( 'NONE',  ( 8.604462090272609437E-17, 1.000000000000000000, -3.347681090698619925E-17 ) ) ;
#2977 = CARTESIAN_POINT ( 'NONE',  ( 0.06823132088526139005, 0.04305165084408432014, 0.1341970550665615158 ) ) ;
#2978 = CARTESIAN_POINT ( 'NONE',  ( 0.08576484004901800684, 0.05502812787731568844, 0.09401912050278002364 ) ) ;
#2979 = VERTEX_POINT ( 'NONE', #3413 ) ;
#2980 = EDGE_LOOP ( 'NONE', ( #8839, #3443, #8494, #8230, #1391 ) ) ;
#2981 = CARTESIAN_POINT ( 'NONE',  ( -0.002378447626054353871, 0.04449577232009362115, 0.06773754072009860461 ) ) ;
#2982 = VERTEX_POINT ( 'NONE', #1998 ) ;
#2983 = CARTESIAN_POINT ( 'NONE',  ( 0.07794144740598503429, 0.04016503112480534349, 0.05675839811639679655 ) ) ;
#2984 = CYLINDRICAL_SURFACE ( 'NONE', #5953, 0.004999999999999998369 ) ;
#2985 = CARTESIAN_POINT ( 'NONE',  ( 0.07781527990041051113, 0.03610757410786769733, 0.1184399399897580057 ) ) ;
#2986 = CARTESIAN_POINT ( 'NONE',  ( 0.06621666515896272587, 0.04985783731162459625, 0.04967564041515808160 ) ) ;
#2987 = DIRECTION ( 'NONE',  ( 6.237196150720539402E-17, 1.000000000000000000, -4.911310337723949823E-18 ) ) ;
#2988 = EDGE_LOOP ( 'NONE', ( #6335, #6459, #5508, #5253, #5868 ) ) ;
#2989 = ORIENTED_EDGE ( 'NONE', *, *, #1756, .T. ) ;
#2990 = CARTESIAN_POINT ( 'NONE',  ( 0.004599518506300290244, 0.04767715402665587826, 0.05983168161771670185 ) ) ;
#2991 = EDGE_CURVE ( 'NONE', #4125, #5619, #3372, .T. ) ;
#2992 = CARTESIAN_POINT ( 'NONE',  ( 0.008414915191377580692, 0.04950000073015969893, 0.1303335328668590032 ) ) ;
#2993 = EDGE_CURVE ( 'NONE', #4396, #8711, #4160, .T. ) ;
#2994 = CARTESIAN_POINT ( 'NONE',  ( 0.002038791233223859797, 0.04010757410786770089, 0.07665684689794539930 ) ) ;
#2995 = ORIENTED_EDGE ( 'NONE', *, *, #2559, .F. ) ;
#2996 = CARTESIAN_POINT ( 'NONE',  ( 0.04077925308366790041, 0.04010757410786770089, 0.09287956601695539216 ) ) ;
#2997 = DIRECTION ( 'NONE',  ( 0.005742101684089277736, 0.000000000000000000, -0.9999835139982307108 ) ) ;
#2998 = VERTEX_POINT ( 'NONE', #4466 ) ;
#2999 = DIRECTION ( 'NONE',  ( 0.000000000000000000, 0.09304864140395070760, -0.9956615641536430417 ) ) ;
#3000 = FACE_OUTER_BOUND ( 'NONE', #3225, .T. ) ;
#3001 = ORIENTED_EDGE ( 'NONE', *, *, #9220, .F. ) ;
#3002 = CYLINDRICAL_SURFACE ( 'NONE', #6558, 0.001700000000000003808 ) ;
#3003 = EDGE_CURVE ( 'NONE', #7726, #502, #7999, .T. ) ;
#3004 = CARTESIAN_POINT ( 'NONE',  ( 0.08470336599229359720, 0.04416030888467410015, 0.07116154803210450464 ) ) ;
#3005 = DIRECTION ( 'NONE',  ( 6.977758291398650702E-15, 1.000000000000000000, 0.000000000000000000 ) ) ;
#3006 = DIRECTION ( 'NONE',  ( -3.016772900569130268E-19, -1.000000000000000000, -1.903665972729600208E-18 ) ) ;
#3007 = CARTESIAN_POINT ( 'NONE',  ( 0.07695912050099441848, 0.04767729841113877570, 0.1259273049031287006 ) ) ;
#3008 = AXIS2_PLACEMENT_3D ( 'NONE', #9321, #3713, #2156 ) ;
#3009 = CIRCLE ( 'NONE', #1796, 0.05300000000000001932 ) ;
#3010 = CARTESIAN_POINT ( 'NONE',  ( 0.08564988443527300765, 0.04510757410786769839, 0.06540988983070589180 ) ) ;
#3011 = CARTESIAN_POINT ( 'NONE',  ( 0.06719456631678499825, 0.04426538711501139950, 0.04953617417898069364 ) ) ;
#3012 = VERTEX_POINT ( 'NONE', #3096 ) ;
#3013 = ORIENTED_EDGE ( 'NONE', *, *, #4412, .T. ) ;
#3014 = CIRCLE ( 'NONE', #1801, 0.003150000000000011732 ) ;
#3015 = LINE ( 'NONE', #9287, #447 ) ;
#3016 = DIRECTION ( 'NONE',  ( -0.005742101684087900365, 0.000000000000000000, 0.9999835139982307108 ) ) ;
#3017 = ORIENTED_EDGE ( 'NONE', *, *, #4554, .T. ) ;
#3018 = CARTESIAN_POINT ( 'NONE',  ( 0.08444236186786530096, 0.04415657025026400312, 0.1151176624125409970 ) ) ;
#3019 = B_SPLINE_CURVE_WITH_KNOTS ( 'NONE', 3,
 ( #5885, #8059, #2321, #1609, #7353, #901, #3268, #8225, #3326, #1117, #6816, #2479, #4787, #450, #5356, #4080 ),
 .UNSPECIFIED., .F., .F.,
 ( 4, 2, 2, 2, 2, 2, 2, 4 ),
 ( 0.000000000000000000, 0.1249999999999986955, 0.2499999999999973910, 0.3749999999999961142, 0.4999999999999947820, 0.6249999999999934497, 0.7499999999999922284, 1.000000000000000000 ),
 .UNSPECIFIED. ) ;
#3020 = CARTESIAN_POINT ( 'NONE',  ( 0.06396611588665319925, 0.04010757410786770089, 0.1405384517923859988 ) ) ;
#3021 = DIRECTION ( 'NONE',  ( 0.7010108928534550810, -0.1310246636425636269, -0.7010108883734651464 ) ) ;
#3022 = EDGE_CURVE ( 'NONE', #2110, #1645, #7196, .T. ) ;
#3023 = EDGE_CURVE ( 'NONE', #8188, #546, #6748, .T. ) ;
#3024 = FACE_OUTER_BOUND ( 'NONE', #9336, .T. ) ;
#3025 = ORIENTED_EDGE ( 'NONE', *, *, #7252, .T. ) ;
#3026 = FACE_OUTER_BOUND ( 'NONE', #1376, .T. ) ;
#3027 = ADVANCED_FACE ( 'NONE', ( #225 ), #1595, .F. ) ;
#3028 = CARTESIAN_POINT ( 'NONE',  ( -0.002327084214916129261, 0.04442542697853631151, 0.06818359398809978322 ) ) ;
#3029 = ORIENTED_EDGE ( 'NONE', *, *, #4351, .F. ) ;
#3030 = CARTESIAN_POINT ( 'NONE',  ( 0.07703321347780178741, 0.04013956952072850193, 0.05560844223876446057 ) ) ;
#3031 = AXIS2_PLACEMENT_3D ( 'NONE', #1469, #1283, #629 ) ;
#3032 = CARTESIAN_POINT ( 'NONE',  ( -0.002329783510364481780, 0.05200044035801418274, 0.06908110040910543648 ) ) ;
#3033 = LINE ( 'NONE', #5285, #1546 ) ;
#3034 = CARTESIAN_POINT ( 'NONE',  ( 0.07337826557727773757, 0.04818204933763432785, 0.05629672325647658987 ) ) ;
#3035 = CARTESIAN_POINT ( 'NONE',  ( -0.005904409428523050597, 0.04018993005514540084, 0.06832833036349870992 ) ) ;
#3036 = VECTOR ( 'NONE', #9111, 1.000000000000000000 ) ;
#3037 = EDGE_LOOP ( 'NONE', ( #938, #1211, #7037 ) ) ;
#3038 = CARTESIAN_POINT ( 'NONE',  ( -0.003803741046992920212, 0.09210757410786771238, 0.06483674221698100537 ) ) ;
#3039 = DIRECTION ( 'NONE',  ( 9.132308177296819818E-17, 1.000000000000000000, -7.342793670232129681E-18 ) ) ;
#3040 = FACE_OUTER_BOUND ( 'NONE', #1369, .T. ) ;
#3041 = ORIENTED_EDGE ( 'NONE', *, *, #1153, .T. ) ;
#3042 = AXIS2_PLACEMENT_3D ( 'NONE', #2068, #7015, #2781 ) ;
#3043 = CARTESIAN_POINT ( 'NONE',  ( 0.07375530557414607113, 0.04808508420794479349, 0.05596303916969556230 ) ) ;
#3044 = CARTESIAN_POINT ( 'NONE',  ( 0.06891485698710470009, 0.05200000073015659946, 0.04858569912944149527 ) ) ;
#3045 = VERTEX_POINT ( 'NONE', #3892 ) ;
#3046 = AXIS2_PLACEMENT_3D ( 'NONE', #5640, #2816, #6483 ) ;
#3047 = CARTESIAN_POINT ( 'NONE',  ( -0.01122273387009039940, 0.04697071701381140552, 0.05388221542924050145 ) ) ;
#3048 = CARTESIAN_POINT ( 'NONE',  ( 0.006558528237648950099, 0.06690757410786771220, 0.08768298146428420148 ) ) ;
#3049 = ORIENTED_EDGE ( 'NONE', *, *, #651, .F. ) ;
#3050 = CARTESIAN_POINT ( 'NONE',  ( 0.04052085850788388760, 0.04010757410786770089, 0.1378788241468758002 ) ) ;
#3051 = VECTOR ( 'NONE', #4053, 1.000000000000000000 ) ;
#3052 = EDGE_CURVE ( 'NONE', #8607, #348, #5145, .T. ) ;
#3053 = AXIS2_PLACEMENT_3D ( 'NONE', #2077, #4904, #7683 ) ;
#3054 = LINE ( 'NONE', #5918, #8267 ) ;
#3055 = DIRECTION ( 'NONE',  ( 0.3915347691463999524, 0.6902684899626321258, 0.6084652301604281943 ) ) ;
#3056 = ADVANCED_FACE ( 'NONE', ( #5178 ), #8757, .F. ) ;
#3057 = CARTESIAN_POINT ( 'NONE',  ( 0.01732900454261260270, 0.04175125625001760432, 0.04906318515938729724 ) ) ;
#3058 = DIRECTION ( 'NONE',  ( 1.000000000000000000, -8.064744300522758734E-17, 0.000000000000000000 ) ) ;
#3059 = AXIS2_PLACEMENT_3D ( 'NONE', #7185, #3658, #2770 ) ;
#3060 = ADVANCED_FACE ( 'NONE', ( #975 ), #5225, .F. ) ;
#3061 = CARTESIAN_POINT ( 'NONE',  ( 0.08388168762464992545, 0.05200020000353021421, 0.1167147610937858682 ) ) ;
#3062 = CARTESIAN_POINT ( 'NONE',  ( 0.08949726488405607139, 0.04947986557166770410, 0.09813062813583164901 ) ) ;
#3063 = ORIENTED_EDGE ( 'NONE', *, *, #4584, .F. ) ;
#3064 = ORIENTED_EDGE ( 'NONE', *, *, #3861, .T. ) ;
#3065 = CARTESIAN_POINT ( 'NONE',  ( 0.01759239028068269872, 0.04010757410786770089, 0.04522068024152479937 ) ) ;
#3066 = VERTEX_POINT ( 'NONE', #7294 ) ;
#3067 = CARTESIAN_POINT ( 'NONE',  ( 0.08388978493755028243, 0.04444732185981504352, 0.1177261636802996170 ) ) ;
#3068 = CARTESIAN_POINT ( 'NONE',  ( 0.08552942235303806484, 0.05042670677030237913, 0.08814431493297049391 ) ) ;
#3069 = ORIENTED_EDGE ( 'NONE', *, *, #6145, .T. ) ;
#3070 = CARTESIAN_POINT ( 'NONE',  ( 0.1012129671548869930, 0.04432088081784599926, 0.1403086437760160121 ) ) ;
#3071 =( BOUNDED_CURVE ( )  B_SPLINE_CURVE ( 3, ( #6657, #206, #5938, #8829 ),
 .UNSPECIFIED., .F., .F. ) 
 B_SPLINE_CURVE_WITH_KNOTS ( ( 4, 4 ),
 ( 6.256563117011300079, 6.297383065120649270 ),
 .UNSPECIFIED. ) 
 CURVE ( )  GEOMETRIC_REPRESENTATION_ITEM ( )  RATIONAL_B_SPLINE_CURVE ( ( 1.000000000000000000, 0.9998611491398539108, 0.9998611491398539108, 1.000000000000000000 ) ) 
 REPRESENTATION_ITEM ( '' )  );
#3072 = CARTESIAN_POINT ( 'NONE',  ( 0.07771443076092972302, 0.04015686451508979765, 0.1293027058997590628 ) ) ;
#3073 = ORIENTED_EDGE ( 'NONE', *, *, #6965, .F. ) ;
#3074 = CARTESIAN_POINT ( 'NONE',  ( 0.01286335158741229966, 0.04421009789430180303, 0.1373356378447089798 ) ) ;
#3075 = CARTESIAN_POINT ( 'NONE',  ( -0.004082811528027996753, 0.04261957086427144159, 0.1196540953548555497 ) ) ;
#3076 = CARTESIAN_POINT ( 'NONE',  ( 0.003262809882744445444, 0.04843315612465040609, 0.1251713372175688732 ) ) ;
#3077 = CARTESIAN_POINT ( 'NONE',  ( 0.07829569628348584387, 0.04843315612238279638, 0.06058779481505167236 ) ) ;
#3078 = DIRECTION ( 'NONE',  ( -0.005742101684087412040, 0.000000000000000000, 0.9999835139982307108 ) ) ;
#3079 = ORIENTED_EDGE ( 'NONE', *, *, #7513, .T. ) ;
#3080 = DIRECTION ( 'NONE',  ( 1.000000000000000000, 0.000000000000000000, 0.000000000000000000 ) ) ;
#3081 = CARTESIAN_POINT ( 'NONE',  ( 0.002562099388018850097, 0.04010757410786770089, 0.05688374454552439646 ) ) ;
#3082 = LINE ( 'NONE', #6705, #5138 ) ;
#3083 = ORIENTED_EDGE ( 'NONE', *, *, #1537, .T. ) ;
#3084 = CARTESIAN_POINT ( 'NONE',  ( 0.07374547165595987663, 0.04809821692823021411, 0.05595425760774522944 ) ) ;
#3085 = FACE_OUTER_BOUND ( 'NONE', #3352, .T. ) ;
#3086 = ADVANCED_FACE ( 'NONE', ( #8706 ), #6001, .T. ) ;
#3087 = ORIENTED_EDGE ( 'NONE', *, *, #3747, .F. ) ;
#3088 = PERSON_AND_ORGANIZATION ( #633, #8323 ) ;
#3089 = ADVANCED_FACE ( 'NONE', ( #3850 ), #2433, .F. ) ;
#3090 = DIRECTION ( 'NONE',  ( 5.979188663871559846E-17, 1.000000000000000000, -7.523851983841548700E-18 ) ) ;
#3091 = DIRECTION ( 'NONE',  ( 0.9999835139982308219, -5.974769818641938370E-17, 0.005742101684089249113 ) ) ;
#3092 = ORIENTED_EDGE ( 'NONE', *, *, #3429, .T. ) ;
#3093 = CARTESIAN_POINT ( 'NONE',  ( -0.04012501577150160564, 0.04223434633125570242, 0.1676965879393199910 ) ) ;
#3094 = CIRCLE ( 'NONE', #3543, 0.05349999999999999895 ) ;
#3095 = CARTESIAN_POINT ( 'NONE',  ( 0.08843813885909850014, 0.04010757410786770089, 0.06969270321397019741 ) ) ;
#3096 = CARTESIAN_POINT ( 'NONE',  ( 0.06249727106851889896, 0.04990270069763820537, 0.1368036789255810126 ) ) ;
#3097 = AXIS2_PLACEMENT_3D ( 'NONE', #2870, #3405, #2163 ) ;
#3098 = EDGE_CURVE ( 'NONE', #8972, #5728, #5871, .T. ) ;
#3099 = CARTESIAN_POINT ( 'NONE',  ( 0.01369871856921950001, 0.04459111110272989675, 0.04839807633963830180 ) ) ;
#3100 = DIRECTION ( 'NONE',  ( -0.7071067834460220691, 5.506428644793988130E-17, 0.7071067789270730763 ) ) ;
#3101 = EDGE_CURVE ( 'NONE', #4246, #9238, #634, .T. ) ;
#3102 = CARTESIAN_POINT ( 'NONE',  ( 0.08413032128123519582, 0.04368072390091240487, 0.06939268524513589331 ) ) ;
#3103 = CARTESIAN_POINT ( 'NONE',  ( 0.001655944353398268237, 0.04010757410786770089, 0.1332464544538629891 ) ) ;
#3104 = EDGE_LOOP ( 'NONE', ( #4101, #6715, #2234, #6920, #5395 ) ) ;
#3105 = ORIENTED_EDGE ( 'NONE', *, *, #6682, .F. ) ;
#3106 = ADVANCED_FACE ( 'NONE', ( #8372 ), #2565, .T. ) ;
#3107 = EDGE_CURVE ( 'NONE', #2070, #8252, #8440, .T. ) ;
#3108 = CARTESIAN_POINT ( 'NONE',  ( 0.01322082745799560075, 0.05200000073015689783, 0.04828620860477859933 ) ) ;
#3109 = EDGE_LOOP ( 'NONE', ( #1104, #314, #6384, #66 ) ) ;
#3110 = LINE ( 'NONE', #7479, #6667 ) ;
#3111 = CARTESIAN_POINT ( 'NONE',  ( 0.04077925308366790041, 0.05200000073015689783, 0.09287956601695539216 ) ) ;
#3112 = VECTOR ( 'NONE', #9226, 1.000000000000000000 ) ;
#3113 = CARTESIAN_POINT ( 'NONE',  ( 0.08567617019812444334, 0.05386306387382714528, 0.08983286718153275785 ) ) ;
#3114 = ORIENTED_EDGE ( 'NONE', *, *, #8212, .T. ) ;
#3115 = CARTESIAN_POINT ( 'NONE',  ( 0.004778390182030841336, 0.04288824002037706917, 0.03875989160292842711 ) ) ;
#3116 = CARTESIAN_POINT ( 'NONE',  ( 0.1351059142719100159, 0.03770436142691599435, 0.004640151847297279558 ) ) ;
#3117 = ORIENTED_EDGE ( 'NONE', *, *, #6006, .T. ) ;
#3118 = CARTESIAN_POINT ( 'NONE',  ( 0.01733286498407969958, 0.04121960805915660109, 0.1369142653048170122 ) ) ;
#3119 = CARTESIAN_POINT ( 'NONE',  ( 0.01906123509881689840, 0.05060493161547403862, 0.04895545310832979946 ) ) ;
#3120 = CARTESIAN_POINT ( 'NONE',  ( -0.0008308747847963222216, 0.04145507756527770649, 0.06427407458094643034 ) ) ;
#3121 = CARTESIAN_POINT ( 'NONE',  ( 0.07316345930887413473, 0.04827734896746238569, 0.1303163324979489668 ) ) ;
#3122 = CARTESIAN_POINT ( 'NONE',  ( 0.07671888311578944908, 0.04187064281696184498, 0.03871922805641225818 ) ) ;
#3123 = ORIENTED_EDGE ( 'NONE', *, *, #2938, .F. ) ;
#3124 = CARTESIAN_POINT ( 'NONE',  ( -0.002600262706317995297, 0.05200019993262456480, 0.1162326214948740527 ) ) ;
#3125 = FACE_OUTER_BOUND ( 'NONE', #1882, .T. ) ;
#3126 = CARTESIAN_POINT ( 'NONE',  ( 0.08949396940559424529, 0.05072618481363676268, 0.09815937791457572670 ) ) ;
#3127 = ORIENTED_EDGE ( 'NONE', *, *, #3429, .F. ) ;
#3128 = AXIS2_PLACEMENT_3D ( 'NONE', #1943, #2754, #2699 ) ;
#3129 = DIRECTION ( 'NONE',  ( 6.507034760933248711E-17, 1.000000000000000000, -1.280231292072499938E-17 ) ) ;
#3130 = CARTESIAN_POINT ( 'NONE',  ( 0.06611473520809173221, 0.05200011527897907548, 0.04982742384107186756 ) ) ;
#3131 = ORIENTED_EDGE ( 'NONE', *, *, #7366, .T. ) ;
#3132 = CARTESIAN_POINT ( 'NONE',  ( 0.07678276273016465536, 0.04728765166056168173, 0.1268507778326845581 ) ) ;
#3133 = EDGE_CURVE ( 'NONE', #5063, #7097, #7702, .T. ) ;
#3134 = CARTESIAN_POINT ( 'NONE',  ( 0.007065601379594750077, 0.04728730665580380133, 0.05732130834343539955 ) ) ;
#3135 = ORIENTED_EDGE ( 'NONE', *, *, #2124, .T. ) ;
#3136 = EDGE_CURVE ( 'NONE', #8972, #4179, #4338, .T. ) ;
#3137 = CARTESIAN_POINT ( 'NONE',  ( 0.008394436250926395893, 0.04938881186112670241, 0.1303160921331606437 ) ) ;
#3138 = EDGE_CURVE ( 'NONE', #8298, #4714, #6076, .T. ) ;
#3139 = CARTESIAN_POINT ( 'NONE',  ( 0.08508280723443380211, 0.04131118974530900018, 0.07042544582975300560 ) ) ;
#3140 = DIRECTION ( 'NONE',  ( 0.6902684921683039931, 0.2169304578186495025, -0.6902684877569650324 ) ) ;
#3141 = CARTESIAN_POINT ( 'NONE',  ( 0.01690647278940380152, 0.04048061862987829829, 0.04725791184716410243 ) ) ;
#3142 = CARTESIAN_POINT ( 'NONE',  ( 0.005074815350366396367, 0.04157203187793769017, 0.1471952459487514964 ) ) ;
#3143 = CARTESIAN_POINT ( 'NONE',  ( 0.08238938095211346957, 0.04145507756530108362, 0.1214850574529459659 ) ) ;
#3144 = CARTESIAN_POINT ( 'NONE',  ( 0.06570719459443299937, 0.04035255481984920123, 0.04652661213476860097 ) ) ;
#3145 = ORIENTED_EDGE ( 'NONE', *, *, #611, .T. ) ;
#3146 = VERTEX_POINT ( 'NONE', #3325 ) ;
#3147 = DIRECTION ( 'NONE',  ( -5.949020934865869497E-17, -1.000000000000000000, 9.427517956571029115E-18 ) ) ;
#3148 = CARTESIAN_POINT ( 'NONE',  ( -0.003917286305253716260, 0.04083870537862247657, 0.07045969716994525400 ) ) ;
#3149 = DIRECTION ( 'NONE',  ( -0.005742101684089251715, 0.000000000000000000, 0.9999835139982305998 ) ) ;
#3150 = AXIS2_PLACEMENT_3D ( 'NONE', #9333, #4432, #1461 ) ;
#3151 = CARTESIAN_POINT ( 'NONE',  ( -0.002599129234122280092, 0.04457559181802740050, 0.1180798083883650013 ) ) ;
#3152 = ORIENTED_EDGE ( 'NONE', *, *, #9077, .F. ) ;
#3153 = VERTEX_POINT ( 'NONE', #8934 ) ;
#3154 = LINE ( 'NONE', #1613, #7103 ) ;
#3155 = AXIS2_PLACEMENT_3D ( 'NONE', #566, #6968, #7906 ) ;
#3156 = CARTESIAN_POINT ( 'NONE',  ( 0.08470336599229359720, 0.04416030888467410015, 0.07116154803210450464 ) ) ;
#3157 = ORIENTED_EDGE ( 'NONE', *, *, #8798, .F. ) ;
#3158 = CARTESIAN_POINT ( 'NONE',  ( 0.08547209499158366086, 0.04978829754368431504, 0.09812838823338755623 ) ) ;
#3159 = CARTESIAN_POINT ( 'NONE',  ( 0.08167408295494059389, 0.09210757410786771238, 0.1207697594512019967 ) ) ;
#3160 = CARTESIAN_POINT ( 'NONE',  ( 0.08713220696585478875, 0.04035255481984920123, 0.1178075075277200123 ) ) ;
#3161 = EDGE_CURVE ( 'NONE', #4687, #2110, #3277, .T. ) ;
#3162 = LINE ( 'NONE', #827, #5432 ) ;
#3163 = DIRECTION ( 'NONE',  ( -0.7030348447838198345, 0.000000000000000000, -0.7111554028619839762 ) ) ;
#3164 = ORIENTED_EDGE ( 'NONE', *, *, #615, .T. ) ;
#3165 = CARTESIAN_POINT ( 'NONE',  ( -0.002640123504908589627, 0.05200244255267581772, 0.1159797434111282527 ) ) ;
#3166 = CARTESIAN_POINT ( 'NONE',  ( 0.07591590386790141032, 0.04728566457157939995, 0.1270323956459459835 ) ) ;
#3167 = LINE ( 'NONE', #8254, #168 ) ;
#3168 = ORIENTED_EDGE ( 'NONE', *, *, #5043, .T. ) ;
#3169 = AXIS2_PLACEMENT_3D ( 'NONE', #1586, #970, #8128 ) ;
#3170 = LINE ( 'NONE', #5488, #3036 ) ;
#3171 = CARTESIAN_POINT ( 'NONE',  ( 0.08918541832990839469, 0.09210757410786771238, 0.06894542374793599659 ) ) ;
#3172 = ORIENTED_EDGE ( 'NONE', *, *, #4803, .T. ) ;
#3173 = CARTESIAN_POINT ( 'NONE',  ( -0.003335697400831143765, 0.04149503736698113843, 0.1156447310980666526 ) ) ;
#3174 = AXIS2_PLACEMENT_3D ( 'NONE', #4677, #4728, #9061 ) ;
#3175 = FACE_OUTER_BOUND ( 'NONE', #7230, .T. ) ;
#3176 = CARTESIAN_POINT ( 'NONE',  ( 0.01603321240583541196, 0.04452469933974879945, 0.04940684617238425003 ) ) ;
#3177 = ORIENTED_EDGE ( 'NONE', *, *, #979, .T. ) ;
#3178 = CARTESIAN_POINT ( 'NONE',  ( 0.06517654171156721243, 0.04037124799189970026, 0.1394829495857519974 ) ) ;
#3179 = CARTESIAN_POINT ( 'NONE',  ( -0.0004559549053448820220, 0.05200000073015689783, 0.1365128086738039981 ) ) ;
#3180 = VECTOR ( 'NONE', #8359, 1.000000000000000000 ) ;
#3181 = CARTESIAN_POINT ( 'NONE',  ( -0.001193698283404519885, 0.04950000073015689561, 0.05613307646211319890 ) ) ;
#3182 = CARTESIAN_POINT ( 'NONE',  ( 0.07684063604290876370, 0.04011303513642869301, 0.05501575820757310248 ) ) ;
#3183 = CARTESIAN_POINT ( 'NONE',  ( 0.08489424934760383956, 0.04149508576462492687, 0.07011439558818957640 ) ) ;
#3184 = CARTESIAN_POINT ( 'NONE',  ( 0.06762031580008490139, 0.04492977536839400099, 0.1371215838947109911 ) ) ;
#3185 = ORIENTED_EDGE ( 'NONE', *, *, #9128, .T. ) ;
#3187 = CARTESIAN_POINT ( 'NONE',  ( 0.001665705926261220032, 0.04010757410786770089, 0.1315464824800660071 ) ) ;
#3186 = B_SPLINE_CURVE_WITH_KNOTS ( 'NONE', 3,
 ( #7333, #882, #7286, #6672, #8799 ),
 .UNSPECIFIED., .F., .F.,
 ( 4, 1, 4 ),
 ( 0.000000000000000000, 0.4285714285714290472, 1.000000000000000000 ),
 .UNSPECIFIED. ) ;
#3188 = AXIS2_PLACEMENT_3D ( 'NONE', #1184, #4761, #4804 ) ;
#3189 = EDGE_CURVE ( 'NONE', #2882, #3153, #4734, .T. ) ;
#3190 = CARTESIAN_POINT ( 'NONE',  ( 0.07596217030154944760, 0.04157203745078008605, 0.1475345043770630860 ) ) ;
#3191 = CARTESIAN_POINT ( 'NONE',  ( 0.08975652037632732283, 0.04543259844550538717, 0.09138656337858475087 ) ) ;
#3192 = VERTEX_POINT ( 'NONE', #9023 ) ;
#3193 = AXIS2_PLACEMENT_3D ( 'NONE', #2798, #8859, #5055 ) ;
#3194 = ORIENTED_EDGE ( 'NONE', *, *, #1419, .T. ) ;
#3195 = AXIS2_PLACEMENT_3D ( 'NONE', #4305, #5761, #1478 ) ;
#3196 = CARTESIAN_POINT ( 'NONE',  ( 0.01580852474738449892, 0.05158770791845850023, 0.04975740970178969824 ) ) ;
#3197 = PRODUCT_DEFINITION_FORMATION_WITH_SPECIFIED_SOURCE ( 'ANY', '', #3318, .NOT_KNOWN. ) ;
#3198 = CARTESIAN_POINT ( 'NONE',  ( -0.009441067555890530691, 0.05200000073015689783, 0.05776524932025132314 ) ) ;
#3199 = CARTESIAN_POINT ( 'NONE',  ( 0.07800854364886462833, 0.04011055638466824030, 0.1310857775060250141 ) ) ;
#3200 = B_SPLINE_CURVE_WITH_KNOTS ( 'NONE', 3,
 ( #5212, #8037, #1582, #257, #2239 ),
 .UNSPECIFIED., .F., .F.,
 ( 4, 1, 4 ),
 ( 0.000000000000000000, 0.4285714285714290472, 1.000000000000000000 ),
 .UNSPECIFIED. ) ;
#3201 = ADVANCED_FACE ( 'NONE', ( #1862 ), #1165, .F. ) ;
#3202 = AXIS2_PLACEMENT_3D ( 'NONE', #7295, #1729, #5357 ) ;
#3203 = EDGE_CURVE ( 'NONE', #1788, #4815, #4033, .T. ) ;
#3204 = CARTESIAN_POINT ( 'NONE',  ( 0.08565749605160485891, 0.05407256496512020255, 0.09619884736958568550 ) ) ;
#3205 = VERTEX_POINT ( 'NONE', #6191 ) ;
#3206 = ORIENTED_EDGE ( 'NONE', *, *, #5170, .F. ) ;
#3207 = CARTESIAN_POINT ( 'NONE',  ( 0.07172847214248899428, 0.04950000073015689561, 0.04892571054065729397 ) ) ;
#3208 = CARTESIAN_POINT ( 'NONE',  ( 0.09365577371210259683, 0.05200000073015689783, 0.05507647664279539945 ) ) ;
#3209 = ORIENTED_EDGE ( 'NONE', *, *, #1320, .T. ) ;
#3210 = CARTESIAN_POINT ( 'NONE',  ( 0.08565962304620967915, 0.04612439532905032724, 0.09615979297642097967 ) ) ;
#3211 = DIRECTION ( 'NONE',  ( -5.949020934865869497E-17, -1.000000000000000000, 9.427517956570969026E-18 ) ) ;
#3212 = DIRECTION ( 'NONE',  ( 0.6902684877569650324, -0.2169304578186490029, 0.6902684921683039931 ) ) ;
#3213 = DIRECTION ( 'NONE',  ( 5.979188663871559846E-17, 1.000000000000000000, -7.523851983841539456E-18 ) ) ;
#3214 = FACE_OUTER_BOUND ( 'NONE', #9179, .T. ) ;
#3215 = ORIENTED_EDGE ( 'NONE', *, *, #8520, .T. ) ;
#3216 = FACE_OUTER_BOUND ( 'NONE', #4850, .T. ) ;
#3217 = EDGE_CURVE ( 'NONE', #7336, #8188, #504, .T. ) ;
#3218 = CARTESIAN_POINT ( 'NONE',  ( 0.08457808606993119649, 0.04291077690650010185, 0.1148491410934430051 ) ) ;
#3219 = DIRECTION ( 'NONE',  ( 0.5000000015976900913, -0.7071067811865480168, -0.4999999984023091870 ) ) ;
#3220 = EDGE_CURVE ( 'NONE', #5483, #222, #1827, .T. ) ;
#3221 = CARTESIAN_POINT ( 'NONE',  ( -0.0007625757394343950441, 0.04232444369891550512, 0.1205559735906116120 ) ) ;
#3222 = ADVANCED_FACE ( 'NONE', ( #6763 ), #309, .T. ) ;
#3223 = CARTESIAN_POINT ( 'NONE',  ( 0.07257317394954654333, 0.04157204020193496635, 0.08055766803810986143 ) ) ;
#3224 = DIRECTION ( 'NONE',  ( 0.3915347730349509336, 0.6902684899626362336, -0.6084652276582217523 ) ) ;
#3225 = EDGE_LOOP ( 'NONE', ( #2748, #7487, #5538, #2880 ) ) ;
#3226 = DIRECTION ( 'NONE',  ( 0.000000000000000000, 0.000000000000000000, -1.000000000000000000 ) ) ;
#3227 = CARTESIAN_POINT ( 'NONE',  ( 0.08490151229254069842, 0.04010757410786770089, 0.06262272807402020913 ) ) ;
#3228 = CARTESIAN_POINT ( 'NONE',  ( 0.0008620508777130080156, 0.04010757410786770089, 0.1285007250105780208 ) ) ;
#3229 = ORIENTED_EDGE ( 'NONE', *, *, #7567, .T. ) ;
#3230 = CARTESIAN_POINT ( 'NONE',  ( -0.003340489931654630051, 0.05137458848935019806, 0.1196837470358489974 ) ) ;
#3231 = CARTESIAN_POINT ( 'NONE',  ( 0.07533031962468454690, 0.04721887939435507470, 0.1283326107818433814 ) ) ;
#3232 = LINE ( 'NONE', #2349, #5856 ) ;
#3233 = PLANE ( 'NONE',  #7065 ) ;
#3234 = DIRECTION ( 'NONE',  ( -0.9837944119764292505, 5.747389593297394872E-17, -0.1793001811598410322 ) ) ;
#3235 = DIRECTION ( 'NONE',  ( -0.005742101684087900365, 0.000000000000000000, 0.9999835139982307108 ) ) ;
#3236 = ORIENTED_EDGE ( 'NONE', *, *, #4523, .F. ) ;
#3237 = CARTESIAN_POINT ( 'NONE',  ( 0.007819582011325029725, 0.04810701337883702827, 0.1298107194253378116 ) ) ;
#3238 = CARTESIAN_POINT ( 'NONE',  ( -0.003086529303578259935, 0.04468590274403350104, 0.06555395396497920579 ) ) ;
#3239 = CARTESIAN_POINT ( 'NONE',  ( 0.09055659340759759923, 0.04950000073015689561, 0.1296522699606240114 ) ) ;
#3240 = CARTESIAN_POINT ( 'NONE',  ( 0.08975319197465436716, 0.04547409878012752954, 0.09128162835482558912 ) ) ;
#3241 = ORIENTED_EDGE ( 'NONE', *, *, #46, .T. ) ;
#3242 = ORIENTED_EDGE ( 'NONE', *, *, #5080, .T. ) ;
#3243 = AXIS2_PLACEMENT_3D ( 'NONE', #6234, #545, #9165 ) ;
#3244 = CARTESIAN_POINT ( 'NONE',  ( 0.007635982441068574385, 0.04749890412929273081, 0.05611484838469236319 ) ) ;
#3245 = FACE_OUTER_BOUND ( 'NONE', #6825, .T. ) ;
#3246 = VECTOR ( 'NONE', #9158, 1.000000000000000000 ) ;
#3247 = CARTESIAN_POINT ( 'NONE',  ( 0.005220995410147950301, 0.04728730665580380133, 0.1265932177210290221 ) ) ;
#3248 = VECTOR ( 'NONE', #4464, 1.000000000000000000 ) ;
#3249 = AXIS2_PLACEMENT_3D ( 'NONE', #4072, #4821, #9161 ) ;
#3250 = CARTESIAN_POINT ( 'NONE',  ( -0.004103802377399030574, 0.04244766265866650040, 0.1195844815220250129 ) ) ;
#3251 = ORIENTED_EDGE ( 'NONE', *, *, #929, .F. ) ;
#3252 = VERTEX_POINT ( 'NONE', #8597 ) ;
#3253 = EDGE_CURVE ( 'NONE', #3769, #8246, #350, .T. ) ;
#3254 = FACE_OUTER_BOUND ( 'NONE', #2058, .T. ) ;
#3255 = ADVANCED_FACE ( 'NONE', ( #7226 ), #1668, .F. ) ;
#3256 = CARTESIAN_POINT ( 'NONE',  ( 0.003837551131053620022, 0.04510757410786769839, 0.1463614382433859884 ) ) ;
#3257 = ORIENTED_EDGE ( 'NONE', *, *, #4116, .F. ) ;
#3258 = CARTESIAN_POINT ( 'NONE',  ( 0.01458484583582190033, 0.04111424297920410198, 0.1381814920997079810 ) ) ;
#3259 = ADVANCED_FACE ( 'NONE', ( #2378 ), #69, .T. ) ;
#3260 = CARTESIAN_POINT ( 'NONE',  ( 0.05195442029425489938, 0.07410757410786771027, 0.1059439503428780127 ) ) ;
#3261 = CARTESIAN_POINT ( 'NONE',  ( 0.08516279788118819027, 0.04431266660442360200, 0.1207229404825150010 ) ) ;
#3262 = DIRECTION ( 'NONE',  ( -0.7071067834460210699, 0.000000000000000000, 0.7071067789270740755 ) ) ;
#3263 = PLANE ( 'NONE',  #1737 ) ;
#3264 = ORIENTED_EDGE ( 'NONE', *, *, #5929, .T. ) ;
#3265 = CARTESIAN_POINT ( 'NONE',  ( 0.06301734947925330399, 0.05057520230112402815, 0.04921645723275799855 ) ) ;
#3266 = EDGE_CURVE ( 'NONE', #8724, #735, #3082, .T. ) ;
#3267 = CARTESIAN_POINT ( 'NONE',  ( 0.08481401746862271551, 0.04121965297017910618, 0.1163259736813689882 ) ) ;
#3268 = CARTESIAN_POINT ( 'NONE',  ( 0.01250366000030503008, 0.04209073771048402884, 0.1341597955348819149 ) ) ;
#3269 = B_SPLINE_CURVE_WITH_KNOTS ( 'NONE', 3,
 ( #4839, #7716, #5078, #5127, #659 ),
 .UNSPECIFIED., .F., .F.,
 ( 4, 1, 4 ),
 ( 0.000000000000000000, 0.2857142857142824788, 0.3689861546880944809 ),
 .UNSPECIFIED. ) ;
#3270 = DIRECTION ( 'NONE',  ( 0.005742101684089199673, 0.000000000000000000, -0.9999835139982305998 ) ) ;
#3271 = CARTESIAN_POINT ( 'NONE',  ( 0.08069645528962170189, 0.04010757410786770089, 0.05725840702333189619 ) ) ;
#3272 = CARTESIAN_POINT ( 'NONE',  ( 0.07335094342507508802, 0.04880183546288251878, 0.05560579231728327021 ) ) ;
#3273 = CARTESIAN_POINT ( 'NONE',  ( 0.06882207688364230802, 0.09210757410786771238, 0.04829657188629449954 ) ) ;
#3274 = DIRECTION ( 'NONE',  ( 0.7071067789270740755, -7.391816318331360785E-17, 0.7071067834460210699 ) ) ;
#3275 = ORIENTED_EDGE ( 'NONE', *, *, #4354, .F. ) ;
#3276 = CARTESIAN_POINT ( 'NONE',  ( -0.002393986838746189980, 0.05074299046960400322, 0.1178001984972029959 ) ) ;
#3277 = LINE ( 'NONE', #4829, #3932 ) ;
#3278 = CARTESIAN_POINT ( 'NONE',  ( 0.08479484703347550667, 0.04410757410786769750, 0.07134729406405840302 ) ) ;
#3279 = CARTESIAN_POINT ( 'NONE',  ( -0.002883855700529440284, 0.05100484680249190578, 0.07064146962137000940 ) ) ;
#3280 = CARTESIAN_POINT ( 'NONE',  ( 0.01526277276916409957, 0.05157659207199479651, 0.1356995714206429837 ) ) ;
#3281 = CARTESIAN_POINT ( 'NONE',  ( 0.002151243040354530213, 0.04010757410786770089, 0.1284341274696529922 ) ) ;
#3282 = ORIENTED_EDGE ( 'NONE', *, *, #4720, .T. ) ;
#3283 = CARTESIAN_POINT ( 'NONE',  ( 0.001665705926261220032, 0.03865757410786770099, 0.1315464824800660071 ) ) ;
#3284 = DIRECTION ( 'NONE',  ( 0.7071067789270735204, -2.949421052240648166E-17, 0.7071067834460215140 ) ) ;
#3285 = EDGE_CURVE ( 'NONE', #6857, #6543, #115, .T. ) ;
#3286 = CARTESIAN_POINT ( 'NONE',  ( 0.04077925308366790041, 0.04010757410786770089, 0.09287956601695539216 ) ) ;
#3287 = CARTESIAN_POINT ( 'NONE',  ( 0.08961224708421404450, 0.04760093276002529822, 0.08883052640196967276 ) ) ;
#3288 = EDGE_LOOP ( 'NONE', ( #4918, #6471, #6297, #6367 ) ) ;
#3289 = VERTEX_POINT ( 'NONE', #2949 ) ;
#3290 = CARTESIAN_POINT ( 'NONE',  ( 0.01906123509881689840, 0.05102534097661669960, 0.04895545310832979946 ) ) ;
#3291 = B_SPLINE_CURVE_WITH_KNOTS ( 'NONE', 3,
 ( #9219, #6428, #2091, #7086, #648, #2763, #5632, #6523, #3515, #6385, #68, #5812 ),
 .UNSPECIFIED., .F., .F.,
 ( 4, 2, 2, 2, 2, 4 ),
 ( 0.000000000000000000, 0.2500000000000012212, 0.3750000000000012212, 0.4375000000000012212, 0.5000000000000012212, 1.000000000000000000 ),
 .UNSPECIFIED. ) ;
#3292 = CARTESIAN_POINT ( 'NONE',  ( 0.04077925308366790041, 0.04010757410786770089, 0.09287956601695539216 ) ) ;
#3293 = CARTESIAN_POINT ( 'NONE',  ( 0.07803588344580096592, 0.04011098857772475018, 0.1310434897375842289 ) ) ;
#3294 = CARTESIAN_POINT ( 'NONE',  ( -0.002866285612494649717, 0.04226994255416469809, 0.1172844505605689924 ) ) ;
#3295 = ORIENTED_EDGE ( 'NONE', *, *, #6065, .T. ) ;
#3296 = VERTEX_POINT ( 'NONE', #5813 ) ;
#3297 = DIRECTION ( 'NONE',  ( -0.7010108883734651464, -0.1310246636425636269, -0.7010108928534550810 ) ) ;
#3298 = DIRECTION ( 'NONE',  ( 5.979188663871559846E-17, 1.000000000000000000, -7.523851983841548700E-18 ) ) ;
#3299 = EDGE_LOOP ( 'NONE', ( #8358, #7203, #105, #8854 ) ) ;
#3300 = CARTESIAN_POINT ( 'NONE',  ( 0.08563907223134491209, 0.04686246173354766120, 0.08932784976983977610 ) ) ;
#3301 = ADVANCED_FACE ( 'NONE', ( #8741 ), #918, .F. ) ;
#3302 = CARTESIAN_POINT ( 'NONE',  ( 0.09426112531009839257, 0.04444906173291708618, 0.1298212679695698868 ) ) ;
#3303 = ADVANCED_FACE ( 'NONE', ( #5166 ), #1580, .F. ) ;
#3304 = CIRCLE ( 'NONE', #6914, 0.04500000000000002609 ) ;
#3305 = CARTESIAN_POINT ( 'NONE',  ( 0.04077925308366790041, 0.04010757410786770089, 0.09287956601695539216 ) ) ;
#3306 = CARTESIAN_POINT ( 'NONE',  ( -0.006165212030341759263, 0.04019622805819800249, 0.1168862699845180098 ) ) ;
#3307 = B_SPLINE_CURVE_WITH_KNOTS ( 'NONE', 3,
 ( #415, #2574, #8279, #6199 ),
 .UNSPECIFIED., .F., .F.,
 ( 4, 4 ),
 ( 0.000000000000000000, 1.000000000000000000 ),
 .UNSPECIFIED. ) ;
#3308 = PLANE ( 'NONE',  #3391 ) ;
#3309 = ADVANCED_FACE ( 'NONE', ( #7327 ), #5249, .F. ) ;
#3310 = ORIENTED_EDGE ( 'NONE', *, *, #356, .F. ) ;
#3311 = CARTESIAN_POINT ( 'NONE',  ( 0.07942808192647551890, 0.04010757410786770089, 0.1351430612434564305 ) ) ;
#3312 = DIRECTION ( 'NONE',  ( 0.005742101684089199673, 0.000000000000000000, -0.9999835139982305998 ) ) ;
#3313 = CARTESIAN_POINT ( 'NONE',  ( -0.001674589048183058220, 0.04084479077470373060, 0.1214679868935318180 ) ) ;
#3314 = CARTESIAN_POINT ( 'NONE',  ( 0.06866944651791409560, 0.09210757410786771238, 0.05198473614568269868 ) ) ;
#3315 = CARTESIAN_POINT ( 'NONE',  ( 0.04077925308366790041, 0.05200000073015689783, 0.09287956601695539216 ) ) ;
#3316 = CARTESIAN_POINT ( 'NONE',  ( 0.08281066597613899460, 0.04950000073015689561, 0.05693539980886200280 ) ) ;
#3317 =( BOUNDED_CURVE ( )  B_SPLINE_CURVE ( 3, ( #7533, #6783, #3962, #3908 ),
 .UNSPECIFIED., .F., .F. ) 
 B_SPLINE_CURVE_WITH_KNOTS ( ( 4, 4 ),
 ( 4.972956824640100137, 5.368820757945880651 ),
 .UNSPECIFIED. ) 
 CURVE ( )  GEOMETRIC_REPRESENTATION_ITEM ( )  RATIONAL_B_SPLINE_CURVE ( ( 1.000000000000000000, 0.9869835577297028095, 0.9869835577297028095, 1.000000000000000000 ) ) 
 REPRESENTATION_ITEM ( '' )  );
#3318 = PRODUCT ( 'Base', 'Base', '', ( #6711 ) ) ;
#3319 = DIRECTION ( 'NONE',  ( -0.7071067811865480168, 2.679554705234415504E-32, 0.7071067811865470176 ) ) ;
#3320 = FACE_OUTER_BOUND ( 'NONE', #836, .T. ) ;
#3321 = CARTESIAN_POINT ( 'NONE',  ( 0.07837362217148544086, 0.04010928290758413589, 0.05497591019830695702 ) ) ;
#3322 = ORIENTED_EDGE ( 'NONE', *, *, #3458, .F. ) ;
#3323 = CARTESIAN_POINT ( 'NONE',  ( -0.002239256398161229913, 0.05239985001748689863, 0.1180028378997699939 ) ) ;
#3324 = AXIS2_PLACEMENT_3D ( 'NONE', #5639, #6435, #9315 ) ;
#3325 = CARTESIAN_POINT ( 'NONE',  ( 0.06396611588665319925, 0.04010757410786770089, 0.1405384517923859988 ) ) ;
#3326 = CARTESIAN_POINT ( 'NONE',  ( 0.01217376164767578969, 0.04145507756529985544, 0.1344896938854028279 ) ) ;
#3327 = B_SPLINE_CURVE_WITH_KNOTS ( 'NONE', 3,
 ( #5302, #261, #5216, #4547, #2383 ),
 .UNSPECIFIED., .F., .F.,
 ( 4, 1, 4 ),
 ( 0.000000000000000000, 0.2857142857142848658, 0.3689849669976561497 ),
 .UNSPECIFIED. ) ;
#3328 = CARTESIAN_POINT ( 'NONE',  ( 0.06530520222104380101, 0.04042953285945580233, 0.04726345744349420147 ) ) ;
#3329 = CARTESIAN_POINT ( 'NONE',  ( -0.01270261914276230031, 0.04010757410786770089, 0.05593786406434109876 ) ) ;
#3330 = TOROIDAL_SURFACE ( 'NONE', #8141, 0.05249999999999999806, 0.004000000000000000083 ) ;
#3331 = ORIENTED_EDGE ( 'NONE', *, *, #7854, .F. ) ;
#3332 = VECTOR ( 'NONE', #2648, 1.000000000000000000 ) ;
#3333 = CARTESIAN_POINT ( 'NONE',  ( 0.007826055346379416633, 0.04811594320719170259, 0.1298164954896549594 ) ) ;
#3334 = CARTESIAN_POINT ( 'NONE',  ( -0.003820284459855870143, 0.04242250747646769682, 0.06561273715651179395 ) ) ;
#3335 = CARTESIAN_POINT ( 'NONE',  ( 0.08472763568821238545, 0.04985783727889948197, 0.1202877782805996110 ) ) ;
#3336 = DIRECTION ( 'NONE',  ( 0.6902684921683039931, -0.2169304578186490029, -0.6902684877569650324 ) ) ;
#3337 = ORIENTED_EDGE ( 'NONE', *, *, #6765, .T. ) ;
#3338 = EDGE_LOOP ( 'NONE', ( #9277, #5062, #807, #1451 ) ) ;
#3339 = ADVANCED_FACE ( 'NONE', ( #5947 ), #4226, .F. ) ;
#3340 = DIRECTION ( 'NONE',  ( -4.027934139806210305E-16, 1.000000000000000000, -1.018010760859769879E-17 ) ) ;
#3341 = DIRECTION ( 'NONE',  ( -0.005742101684089324573, 0.000000000000000000, 0.9999835139982307108 ) ) ;
#3342 = ADVANCED_FACE ( 'NONE', ( #1532 ), #6664, .F. ) ;
#3343 = LINE ( 'NONE', #1033, #8464 ) ;
#3344 = CIRCLE ( 'NONE', #6499, 0.003149999999999997420 ) ;
#3345 = AXIS2_PLACEMENT_3D ( 'NONE', #2772, #3563, #4366 ) ;
#3346 = CARTESIAN_POINT ( 'NONE',  ( 0.08550744367739174234, 0.05186991101657587033, 0.09781848954784401473 ) ) ;
#3347 = VERTEX_POINT ( 'NONE', #214 ) ;
#3348 = ORIENTED_EDGE ( 'NONE', *, *, #4232, .F. ) ;
#3349 = DIRECTION ( 'NONE',  ( 0.7010108883734640361, 0.1310246636425654032, 0.7010108928534559691 ) ) ;
#3350 = CIRCLE ( 'NONE', #650, 0.06500000000000002998 ) ;
#3351 = FACE_OUTER_BOUND ( 'NONE', #4486, .T. ) ;
#3352 = EDGE_LOOP ( 'NONE', ( #5317, #2395, #4946, #3064 ) ) ;
#3353 = CARTESIAN_POINT ( 'NONE',  ( 0.003307284558139650995, 0.04012929058156767398, 0.05670433258976814717 ) ) ;
#3354 = CARTESIAN_POINT ( 'NONE',  ( 0.09503912781955196898, 0.04167388927858615283, 0.1286687674728695108 ) ) ;
#3355 = CARTESIAN_POINT ( 'NONE',  ( 0.08613627714709086447, 0.04165990624319244190, 0.06687143027930440853 ) ) ;
#3356 = LINE ( 'NONE', #5425, #7838 ) ;
#3357 = CIRCLE ( 'NONE', #3811, 0.06500000000000002998 ) ;
#3358 = CARTESIAN_POINT ( 'NONE',  ( 0.09543419072892320165, 0.04157203584880157787, 0.05769664699392672291 ) ) ;
#3359 = ORIENTED_EDGE ( 'NONE', *, *, #7244, .F. ) ;
#3360 = CARTESIAN_POINT ( 'NONE',  ( 0.06301734947925340113, 0.04415657025026400312, 0.04921645723275810264 ) ) ;
#3361 = CYLINDRICAL_SURFACE ( 'NONE', #1223, 0.04900000000000002270 ) ;
#3362 = ORIENTED_EDGE ( 'NONE', *, *, #437, .F. ) ;
#3363 = CARTESIAN_POINT ( 'NONE',  ( 0.01906123509881699901, 0.04416030888467410015, 0.04895545310832979946 ) ) ;
#3364 = CARTESIAN_POINT ( 'NONE',  ( 0.07373482335035941304, 0.04811256254787549258, 0.05594475317783276225 ) ) ;
#3365 = CARTESIAN_POINT ( 'NONE',  ( 0.003557480390677889796, 0.04011042991352826298, 0.05466134028182184634 ) ) ;
#3366 = CARTESIAN_POINT ( 'NONE',  ( 0.08346876616874170096, 0.04062835912480274730, 0.06405547418866287812 ) ) ;
#3367 = CARTESIAN_POINT ( 'NONE',  ( -0.003144859824957650218, 0.04990270069763820537, 0.1145975840018060021 ) ) ;
#3368 = ORIENTED_EDGE ( 'NONE', *, *, #5622, .T. ) ;
#3369 = VERTEX_POINT ( 'NONE', #964 ) ;
#3370 = CARTESIAN_POINT ( 'NONE',  ( 0.07373245082096083203, 0.04811594320718425716, 0.05594263654425959964 ) ) ;
#3371 = CARTESIAN_POINT ( 'NONE',  ( 0.07593790905004647873, 0.04154384523404576479, 0.1475501187363491007 ) ) ;
#3372 =( BOUNDED_CURVE ( )  B_SPLINE_CURVE ( 3, ( #8090, #5919, #5310, #3757 ),
 .UNSPECIFIED., .F., .F. ) 
 B_SPLINE_CURVE_WITH_KNOTS ( ( 4, 4 ),
 ( 4.712388980384689674, 5.181573038616259730 ),
 .UNSPECIFIED. ) 
 CURVE ( )  GEOMETRIC_REPRESENTATION_ITEM ( )  RATIONAL_B_SPLINE_CURVE ( ( 1.000000000000000000, 0.9817395023706201318, 0.9817395023706201318, 1.000000000000000000 ) ) 
 REPRESENTATION_ITEM ( '' )  );
#3373 = ADVANCED_FACE ( 'NONE', ( #3040 ), #5907, .F. ) ;
#3374 = CARTESIAN_POINT ( 'NONE',  ( -0.003124350261394869856, 0.05060885093988500005, 0.06553995038615899327 ) ) ;
#3375 = CARTESIAN_POINT ( 'NONE',  ( 0.06331316036316650409, 0.04308286378768050318, 0.04936711693460930223 ) ) ;
#3376 = EDGE_CURVE ( 'NONE', #4795, #4172, #2267, .T. ) ;
#3377 = CARTESIAN_POINT ( 'NONE',  ( 0.08484237938352501285, 0.05199513814463305184, 0.06602593340989557080 ) ) ;
#3378 = ORIENTED_EDGE ( 'NONE', *, *, #6544, .T. ) ;
#3379 = B_SPLINE_CURVE_WITH_KNOTS ( 'NONE', 3,
 ( #1779, #373, #7346, #6107 ),
 .UNSPECIFIED., .F., .F.,
 ( 4, 4 ),
 ( 0.000000000000000000, 0.4999560453667501458 ),
 .UNSPECIFIED. ) ;
#3380 = CARTESIAN_POINT ( 'NONE',  ( 0.01273642928369349975, 0.04510757410786769839, 0.1374625601476159864 ) ) ;
#3381 = VECTOR ( 'NONE', #7693, 1.000000000000000000 ) ;
#3382 = FACE_OUTER_BOUND ( 'NONE', #6832, .T. ) ;
#3383 = CARTESIAN_POINT ( 'NONE',  ( 0.07004342961979090343, 0.03610757410786769733, 0.05869465748025420176 ) ) ;
#3384 = CARTESIAN_POINT ( 'NONE',  ( 0.08963337781706819107, 0.04718453356395560516, 0.08909028025436353804 ) ) ;
#3385 = VERTEX_POINT ( 'NONE', #8835 ) ;
#3386 = EDGE_LOOP ( 'NONE', ( #4165, #4007, #1735, #6274 ) ) ;
#3387 = CARTESIAN_POINT ( 'NONE',  ( 0.01862782202966660125, 0.04412404529732330549, 0.1365868144026139985 ) ) ;
#3388 = CARTESIAN_POINT ( 'NONE',  ( 0.06316292488266540828, 0.05199997678118530031, 0.04929082514428079903 ) ) ;
#3389 = EDGE_CURVE ( 'NONE', #8425, #7901, #255, .T. ) ;
#3390 = ADVANCED_FACE ( 'NONE', ( #784 ), #4774, .F. ) ;
#3391 = AXIS2_PLACEMENT_3D ( 'NONE', #8305, #4814, #2461 ) ;
#3392 = DIRECTION ( 'NONE',  ( 0.6084652301604276392, 0.6902684899626317927, -0.3915347691464015623 ) ) ;
#3393 = ORIENTED_EDGE ( 'NONE', *, *, #4599, .F. ) ;
#3394 = ORIENTED_EDGE ( 'NONE', *, *, #8348, .T. ) ;
#3395 = ADVANCED_FACE ( 'NONE', ( #6846, #6891 ), #3361, .T. ) ;
#3396 = CARTESIAN_POINT ( 'NONE',  ( 0.004384731853367013557, 0.04728286633206064959, 0.1264305799325839696 ) ) ;
#3397 = DIRECTION ( 'NONE',  ( -0.6902684921683039931, 0.2169304578186495025, 0.6902684877569650324 ) ) ;
#3398 = ORIENTED_EDGE ( 'NONE', *, *, #498, .F. ) ;
#3399 = B_SPLINE_SURFACE_WITH_KNOTS ( 'NONE', 3, 3, ( 
 ( #5989, #8873, #8966, #6800 ),
 ( #1759, #351, #5385, #3218 ),
 ( #6083, #4628, #2508, #7495 ),
 ( #1050, #3923, #4930, #4320 ),
 ( #7095, #5775, #793, #8516 ) ),
 .UNSPECIFIED., .F., .F., .F.,
 ( 4, 1, 4 ),
 ( 4, 4 ),
 ( 0.000000000000000000, 0.5714285714285709528, 1.000000000000000000 ),
 ( 1.831732375749409826E-15, 0.03303332443841720117 ),
 .UNSPECIFIED. ) ;
#3400 = CARTESIAN_POINT ( 'NONE',  ( 0.08573381066223056957, 0.04565739325092664502, 0.09084858644700655184 ) ) ;
#3401 = VECTOR ( 'NONE', #8933, 1.000000000000000000 ) ;
#3402 = CARTESIAN_POINT ( 'NONE',  ( 0.06302853990577410304, 0.04419829269499850333, 0.1365409961894200053 ) ) ;
#3403 = CARTESIAN_POINT ( 'NONE',  ( -0.008998087240261678707, 0.04950000073015689561, 0.05610686207328639818 ) ) ;
#3404 = CARTESIAN_POINT ( 'NONE',  ( -0.005471583692233170440, 0.04015112506430630612, 0.1159632409786619939 ) ) ;
#3405 = DIRECTION ( 'NONE',  ( 5.979188663871559846E-17, 1.000000000000000000, -7.523851983841539456E-18 ) ) ;
#3406 = EDGE_CURVE ( 'NONE', #4851, #1675, #3167, .T. ) ;
#3407 = ORIENTED_EDGE ( 'NONE', *, *, #615, .F. ) ;
#3408 = CARTESIAN_POINT ( 'NONE',  ( 0.04077925308366790041, 0.04010757410786770089, 0.09287956601695539216 ) ) ;
#3409 = CARTESIAN_POINT ( 'NONE',  ( 0.06692823994096368245, 0.05199534715705075860, 0.1365779067108845168 ) ) ;
#3410 = CARTESIAN_POINT ( 'NONE',  ( 0.004604019656500717497, 0.04012929058156626538, 0.1303515345425316774 ) ) ;
#3411 = LINE ( 'NONE', #9256, #3381 ) ;
#3412 = B_SPLINE_CURVE_WITH_KNOTS ( 'NONE', 3,
 ( #2464, #7278, #1005, #254 ),
 .UNSPECIFIED., .F., .F.,
 ( 4, 4 ),
 ( 0.000000000000000000, 1.000000000000000000 ),
 .UNSPECIFIED. ) ;
#3413 = CARTESIAN_POINT ( 'NONE',  ( 0.06301734947925330399, 0.04985783708471710346, 0.04921645723275799855 ) ) ;
#3414 = B_SPLINE_SURFACE_WITH_KNOTS ( 'NONE', 3, 3, ( 
 ( #6342, #4314, #7090, #4968, #1346, #7137 ),
 ( #7840, #9224, #7795, #5769, #2768, #4360 ),
 ( #8598, #2056, #4217, #653, #4266, #3518 ),
 ( #6387, #9267, #694, #3559, #7183, #740 ),
 ( #9311, #3601, #2900, #8648, #2195, #5071 ) ),
 .UNSPECIFIED., .F., .F., .F.,
 ( 4, 1, 4 ),
 ( 4, 1, 1, 4 ),
 ( 0.000000000000000000, 0.5714285714285709528, 1.000000000000000000 ),
 ( -1.570796326794889897, -1.037400108373939922, -0.6818026294266359422, -0.3262051504793330170 ),
 .UNSPECIFIED. ) ;
#3415 = DIRECTION ( 'NONE',  ( -4.027934139806210305E-16, 1.000000000000000000, -1.018010760859769879E-17 ) ) ;
#3416 = CARTESIAN_POINT ( 'NONE',  ( -0.01366266700089713293, 0.04199472489572932815, 0.1283914445126914661 ) ) ;
#3417 = CARTESIAN_POINT ( 'NONE',  ( 0.07771406592276375314, 0.04811256254783446984, 0.1258351362836772069 ) ) ;
#3418 = DIRECTION ( 'NONE',  ( 5.979188663871559846E-17, 1.000000000000000000, -7.523851983841539456E-18 ) ) ;
#3419 = ORIENTED_EDGE ( 'NONE', *, *, #5784, .F. ) ;
#3420 = ORIENTED_EDGE ( 'NONE', *, *, #7114, .T. ) ;
#3421 = CARTESIAN_POINT ( 'NONE',  ( 0.04103764765945192017, 0.09210757410786771238, 0.04788030788703501878 ) ) ;
#3422 = CARTESIAN_POINT ( 'NONE',  ( 0.08967451451952337949, 0.05417587647472681817, 0.09608543370408642592 ) ) ;
#3423 = CARTESIAN_POINT ( 'NONE',  ( 0.07841647481103102002, 0.04014212948187349805, 0.05703447248082438997 ) ) ;
#3424 = CARTESIAN_POINT ( 'NONE',  ( 0.07772095503628229096, 0.04510757410786769839, 0.03939769379052519838 ) ) ;
#3425 = CARTESIAN_POINT ( 'NONE',  ( 0.07833716848076020811, 0.05033613396376760557, 0.06140889727565179701 ) ) ;
#3426 = ORIENTED_EDGE ( 'NONE', *, *, #4374, .F. ) ;
#3427 = EDGE_CURVE ( 'NONE', #6507, #8513, #7389, .T. ) ;
#3428 = CARTESIAN_POINT ( 'NONE',  ( -0.01209726754476669885, 0.05200000073015689783, 0.1306826553911150102 ) ) ;
#3429 = EDGE_CURVE ( 'NONE', #6843, #678, #464, .T. ) ;
#3430 = CARTESIAN_POINT ( 'NONE',  ( -0.002957592360941920222, 0.04486824711758340134, 0.06568289090843959510 ) ) ;
#3431 = CARTESIAN_POINT ( 'NONE',  ( 0.003325286233764530083, 0.04950000073015969893, 0.06051522812466510193 ) ) ;
#3432 = CARTESIAN_POINT ( 'NONE',  ( 0.07613121263115185666, 0.04177860680531339521, 0.1474253653754983018 ) ) ;
#3433 = VERTEX_POINT ( 'NONE', #5339 ) ;
#3434 = EDGE_LOOP ( 'NONE', ( #8703, #3398, #4610, #4726 ) ) ;
#3435 = EDGE_CURVE ( 'NONE', #8474, #4668, #1528, .T. ) ;
#3436 =( BOUNDED_CURVE ( )  B_SPLINE_CURVE ( 3, ( #8695, #2340, #2292, #5168 ),
 .UNSPECIFIED., .F., .F. ) 
 B_SPLINE_CURVE_WITH_KNOTS ( ( 4, 4 ),
 ( 4.712388980384689674, 4.969219391341799685 ),
 .UNSPECIFIED. ) 
 CURVE ( )  GEOMETRIC_REPRESENTATION_ITEM ( )  RATIONAL_B_SPLINE_CURVE ( ( 1.000000000000000000, 0.9945107279451279592, 0.9945107279451279592, 1.000000000000000000 ) ) 
 REPRESENTATION_ITEM ( '' )  );
#3437 = CARTESIAN_POINT ( 'NONE',  ( 0.01854115668808250031, 0.04415657025026400312, 0.1365426748011530078 ) ) ;
#3438 = DIRECTION ( 'NONE',  ( -0.005742101684087412040, 0.000000000000000000, 0.9999835139982307108 ) ) ;
#3439 = CARTESIAN_POINT ( 'NONE',  ( -0.003803741046992940161, 0.04985783708471710346, 0.06483674221698110252 ) ) ;
#3440 = VECTOR ( 'NONE', #7596, 1.000000000000000000 ) ;
#3441 = DIRECTION ( 'NONE',  ( 5.675881670070700119E-17, 1.000000000000000000, 0.000000000000000000 ) ) ;
#3442 = VERTEX_POINT ( 'NONE', #4585 ) ;
#3443 = ORIENTED_EDGE ( 'NONE', *, *, #1063, .F. ) ;
#3444 = CARTESIAN_POINT ( 'NONE',  ( -0.003343006125204800016, 0.04010757410786770089, 0.1231364039598909915 ) ) ;
#3445 = FACE_OUTER_BOUND ( 'NONE', #3386, .T. ) ;
#3446 = EDGE_LOOP ( 'NONE', ( #3723, #3991, #8292, #52, #7629, #5256 ) ) ;
#3447 = CARTESIAN_POINT ( 'NONE',  ( 0.003981638970916192080, 0.04016299102049204067, 0.05636994329943895154 ) ) ;
#3448 = DIRECTION ( 'NONE',  ( -0.005742101684087365203, 0.000000000000000000, 0.9999835139982307108 ) ) ;
#3449 = PLANE ( 'NONE',  #3473 ) ;
#3450 = CARTESIAN_POINT ( 'NONE',  ( -0.003335676410353270119, 0.04149501396334399905, 0.1156447271193710019 ) ) ;
#3451 = ORIENTED_EDGE ( 'NONE', *, *, #4474, .T. ) ;
#3452 = ORIENTED_EDGE ( 'NONE', *, *, #5637, .T. ) ;
#3453 = DIRECTION ( 'NONE',  ( 0.005742101684089223959, 0.000000000000000000, -0.9999835139982307108 ) ) ;
#3454 = CARTESIAN_POINT ( 'NONE',  ( 0.06409216280497243012, 0.05200019000057321678, 0.1362656209882256997 ) ) ;
#3455 = CARTESIAN_POINT ( 'NONE',  ( 0.003617058761340306156, 0.04016503112481064480, 0.1290007339174956968 ) ) ;
#3456 = CIRCLE ( 'NONE', #4658, 0.001300000000000000157 ) ;
#3457 = CYLINDRICAL_SURFACE ( 'NONE', #2173, 0.005500000000000000548 ) ;
#3458 = EDGE_CURVE ( 'NONE', #1757, #8175, #9107, .T. ) ;
#3459 = CARTESIAN_POINT ( 'NONE',  ( 0.003228310971876017024, 0.04011245883451910327, 0.05505301323463696744 ) ) ;
#3460 = VECTOR ( 'NONE', #1041, 1.000000000000000000 ) ;
#3461 = DIRECTION ( 'NONE',  ( 1.000000000000000000, -5.979188663871559846E-17, 0.000000000000000000 ) ) ;
#3462 = LINE ( 'NONE', #7931, #171 ) ;
#3463 = CARTESIAN_POINT ( 'NONE',  ( 0.01742620083553346813, 0.05200019881297785612, 0.04950006907731353128 ) ) ;
#3464 = EDGE_LOOP ( 'NONE', ( #690, #4546 ) ) ;
#3465 = EDGE_LOOP ( 'NONE', ( #3251, #5924, #1691, #6093, #2483, #6605 ) ) ;
#3466 = CARTESIAN_POINT ( 'NONE',  ( 0.07810637331008840611, 0.04010757410786770089, 0.06774619983567450876 ) ) ;
#3467 = CARTESIAN_POINT ( 'NONE',  ( 0.08975127492921694539, 0.05471724220517371062, 0.09122397886481600771 ) ) ;
#3468 = CARTESIAN_POINT ( 'NONE',  ( 0.07726601329317674127, 0.04016155378423839212, 0.05604731015196951632 ) ) ;
#3469 = CARTESIAN_POINT ( 'NONE',  ( 0.08558522887862370088, 0.05061387553500309999, 0.06547454538694190418 ) ) ;
#3470 = CARTESIAN_POINT ( 'NONE',  ( 0.01427207176912243317, 0.04157226619030360282, 0.1379982665591380497 ) ) ;
#3471 = CARTESIAN_POINT ( 'NONE',  ( 0.06319919207983282217, 0.04083882306136339679, 0.04818288700980651734 ) ) ;
#3472 = CARTESIAN_POINT ( 'NONE',  ( 0.07687263666414692609, 0.04736782304432610169, 0.05973739258945134911 ) ) ;
#3473 = AXIS2_PLACEMENT_3D ( 'NONE', #1982, #7733, #8578 ) ;
#3474 = CARTESIAN_POINT ( 'NONE',  ( 0.07754397071554620935, 0.04749890412905014708, 0.05973629537399480910 ) ) ;
#3475 = CARTESIAN_POINT ( 'NONE',  ( 0.08959535709616120447, 0.04797550103333712845, 0.08863673846844410953 ) ) ;
#3476 = ORIENTED_EDGE ( 'NONE', *, *, #1468, .T. ) ;
#3477 = ORIENTED_EDGE ( 'NONE', *, *, #8902, .F. ) ;
#3478 = AXIS2_PLACEMENT_3D ( 'NONE', #6616, #4455, #3838 ) ;
#3479 = CARTESIAN_POINT ( 'NONE',  ( 0.01219083220708892627, 0.04084479077469980318, 0.05042572388510140752 ) ) ;
#3480 = AXIS2_PLACEMENT_3D ( 'NONE', #8579, #6272, #4245 ) ;
#3481 = CARTESIAN_POINT ( 'NONE',  ( -0.003917287559651579619, 0.04083870501885520504, 0.07045969913076109703 ) ) ;
#3482 = LINE ( 'NONE', #5688, #337 ) ;
#3483 = AXIS2_PLACEMENT_3D ( 'NONE', #7498, #6987, #7597 ) ;
#3484 = CARTESIAN_POINT ( 'NONE',  ( 0.09732387984593410257, 0.04432088081784599926, 0.1441977310601149920 ) ) ;
#3485 = VERTEX_POINT ( 'NONE', #8213 ) ;
#3486 = ORIENTED_EDGE ( 'NONE', *, *, #2831, .F. ) ;
#3487 = CARTESIAN_POINT ( 'NONE',  ( 0.006501107220808060097, 0.07410757410786771027, 0.09768281660426650359 ) ) ;
#3488 = B_SPLINE_CURVE_WITH_KNOTS ( 'NONE', 3,
 ( #3859, #8144, #2580, #941, #2535, #5318, #8100, #4564, #8897, #8190, #3816, #8285, #3244, #1083, #5969, #8856 ),
 .UNSPECIFIED., .F., .F.,
 ( 4, 2, 1, 1, 1, 1, 2, 2, 2, 4 ),
 ( 0.4026414393703287575, 0.4049748712477879709, 0.4073083031252471287, 0.4119751668801659994, 0.4213088943900044070, 0.4399763494096827210, 0.4773112594490394045, 0.5519810795277496629, 0.7013207196851674041, 1.000000000000000000 ),
 .UNSPECIFIED. ) ;
#3489 = CARTESIAN_POINT ( 'NONE',  ( 0.06301734947925340113, 0.09210757410786771238, 0.04921645723275799855 ) ) ;
#3490 = ORIENTED_EDGE ( 'NONE', *, *, #4631, .F. ) ;
#3491 = AXIS2_PLACEMENT_3D ( 'NONE', #3286, #5455, #2393 ) ;
#3492 = CARTESIAN_POINT ( 'NONE',  ( 0.002720903979311533553, 0.04010850364464405710, 0.05685885905425518139 ) ) ;
#3493 = ADVANCED_FACE ( 'NONE', ( #7594 ), #1760, .F. ) ;
#3494 = AXIS2_PLACEMENT_3D ( 'NONE', #3651, #1485, #6473 ) ;
#3495 = ADVANCED_FACE ( 'NONE', ( #9013 ), #7531, .F. ) ;
#3496 = CARTESIAN_POINT ( 'NONE',  ( 0.04077925308366790041, 0.04010757410786770089, 0.09287956601695539216 ) ) ;
#3497 = FACE_OUTER_BOUND ( 'NONE', #11, .T. ) ;
#3498 = CARTESIAN_POINT ( 'NONE',  ( 0.08928007514933299082, 0.04950000073015689561, 0.1361539263121080146 ) ) ;
#3499 = ORIENTED_EDGE ( 'NONE', *, *, #4803, .F. ) ;
#3500 = AXIS2_PLACEMENT_3D ( 'NONE', #8420, #2719, #7614 ) ;
#3501 = ORIENTED_EDGE ( 'NONE', *, *, #3136, .F. ) ;
#3502 = CARTESIAN_POINT ( 'NONE',  ( 0.07327486393395635234, 0.04812102740775294624, 0.1302196955755414720 ) ) ;
#3503 = AXIS2_PLACEMENT_3D ( 'NONE', #2033, #4152, #4857 ) ;
#3504 = CARTESIAN_POINT ( 'NONE',  ( 0.06833767870933570021, 0.05200000073014460211, 0.1374729234291370006 ) ) ;
#3505 = LINE ( 'NONE', #8450, #7891 ) ;
#3506 = CARTESIAN_POINT ( 'NONE',  ( 0.01883177339842260697, 0.04336150591188218939, 0.04906890901822540813 ) ) ;
#3507 = CARTESIAN_POINT ( 'NONE',  ( 0.04103764765945192017, 0.04010757410786770089, 0.04788030788703499796 ) ) ;
#3508 = CARTESIAN_POINT ( 'NONE',  ( 0.002939284804188408914, 0.04944471856954087141, 0.1247917425029207716 ) ) ;
#3509 = EDGE_CURVE ( 'NONE', #6870, #4235, #1898, .T. ) ;
#3510 = CARTESIAN_POINT ( 'NONE',  ( 0.009830034024846948798, 0.04950000073015689561, 0.1368334214932529769 ) ) ;
#3511 = DIRECTION ( 'NONE',  ( -0.9999835139982307108, 0.000000000000000000, -0.005742101684093656178 ) ) ;
#3512 = ORIENTED_EDGE ( 'NONE', *, *, #7575, .F. ) ;
#3513 = ORIENTED_EDGE ( 'NONE', *, *, #4180, .F. ) ;
#3514 = EDGE_CURVE ( 'NONE', #5120, #6870, #6801, .T. ) ;
#3515 = CARTESIAN_POINT ( 'NONE',  ( 0.07758531565453928580, 0.04976855874802967039, 0.1464548866495181401 ) ) ;
#3516 = ADVANCED_FACE ( 'NONE', ( #1196 ), #1152, .F. ) ;
#3517 = CARTESIAN_POINT ( 'NONE',  ( 0.08960655225356828346, 0.05333732775810650500, 0.09700131859663957412 ) ) ;
#3518 = CARTESIAN_POINT ( 'NONE',  ( 0.06354442824950350122, 0.04149514147081179855, 0.1369946161414919983 ) ) ;
#3519 = CARTESIAN_POINT ( 'NONE',  ( 0.07189747792333602006, 0.05200000073015689783, 0.1406515786384871514 ) ) ;
#3520 = CARTESIAN_POINT ( 'NONE',  ( 0.003200636387537445469, 0.05164551714207464561, 0.03984256280364648767 ) ) ;
#3521 = CARTESIAN_POINT ( 'NONE',  ( 0.07736738228391649985, 0.04768146618598280428, 0.06028440074030335522 ) ) ;
#3522 = CARTESIAN_POINT ( 'NONE',  ( 0.07781527990041040010, 0.04010757410786770089, 0.1184399399897580057 ) ) ;
#3523 = VERTEX_POINT ( 'NONE', #6129 ) ;
#3524 = LINE ( 'NONE', #2152, #7456 ) ;
#3525 = ORIENTED_EDGE ( 'NONE', *, *, #1433, .F. ) ;
#3526 = ORIENTED_EDGE ( 'NONE', *, *, #1316, .T. ) ;
#3527 = CARTESIAN_POINT ( 'NONE',  ( 0.01241286238336466487, 0.04108732051222246939, 0.05064775406279607706 ) ) ;
#3528 = CARTESIAN_POINT ( 'NONE',  ( -0.005573700798518930674, 0.04035255481984920123, 0.06795162450619039729 ) ) ;
#3529 = CARTESIAN_POINT ( 'NONE',  ( 0.05195442029425489938, 0.07410757410786771027, 0.1059439503428780127 ) ) ;
#3530 = PLANE ( 'NONE',  #3637 ) ;
#3531 = ORIENTED_EDGE ( 'NONE', *, *, #4283, .F. ) ;
#3532 = ORIENTED_EDGE ( 'NONE', *, *, #6997, .T. ) ;
#3533 = DIRECTION ( 'NONE',  ( 6.240442828483319580E-17, 1.000000000000000000, -1.010392685233131961E-17 ) ) ;
#3534 = CARTESIAN_POINT ( 'NONE',  ( 0.08470336599229359720, 0.09210757410786771238, 0.07116154803210440749 ) ) ;
#3535 = EDGE_LOOP ( 'NONE', ( #2793, #8075, #1692, #3337, #5684 ) ) ;
#3536 = CARTESIAN_POINT ( 'NONE',  ( 0.01542079592353911947, 0.05200010881491773373, 0.1359343367299348515 ) ) ;
#3537 = DIRECTION ( 'NONE',  ( 0.1623803849827991641, 0.000000000000000000, -0.9867282354188704474 ) ) ;
#3538 = CARTESIAN_POINT ( 'NONE',  ( 0.06929184513143990531, 0.04092215427551470358, 0.1352575793195176512 ) ) ;
#3539 = EDGE_CURVE ( 'NONE', #5606, #7559, #925, .T. ) ;
#3540 = EDGE_CURVE ( 'NONE', #4275, #8188, #5300, .T. ) ;
#3541 = CARTESIAN_POINT ( 'NONE',  ( 0.01273642928369359863, 0.04985783708471710346, 0.1374625601476159864 ) ) ;
#3542 = VERTEX_POINT ( 'NONE', #3976 ) ;
#3543 = AXIS2_PLACEMENT_3D ( 'NONE', #2996, #6707, #6668 ) ;
#3544 = VERTEX_POINT ( 'NONE', #2551 ) ;
#3545 = CARTESIAN_POINT ( 'NONE',  ( 0.07332749704487920295, 0.04805189380779384400, 0.1301737947119389893 ) ) ;
#3546 = ADVANCED_FACE ( 'NONE', ( #5430 ), #3330, .T. ) ;
#3547 = CARTESIAN_POINT ( 'NONE',  ( 0.01484521820501612591, 0.04157222905316874939, 0.04747323994904788930 ) ) ;
#3548 = CARTESIAN_POINT ( 'NONE',  ( 0.004265148833226413937, 0.04016326020793863083, 0.1296704931070675471 ) ) ;
#3549 = CARTESIAN_POINT ( 'NONE',  ( 0.003291266968064559661, 0.04010757410786770089, 0.1310489372063829983 ) ) ;
#3550 = CARTESIAN_POINT ( 'NONE',  ( -0.002240628422249351086, 0.05200046711856767118, 0.06821241898087958277 ) ) ;
#3551 = CYLINDRICAL_SURFACE ( 'NONE', #6659, 0.04900000000000002270 ) ;
#3552 = DIRECTION ( 'NONE',  ( -5.979188663871559846E-17, -1.000000000000000000, 7.523851983841548700E-18 ) ) ;
#3553 = CARTESIAN_POINT ( 'NONE',  ( 0.01719660160981701172, 0.05200030720855043642, 0.04953148424736868866 ) ) ;
#3554 = EDGE_LOOP ( 'NONE', ( #362, #1868, #2930, #5097, #3512, #2035, #211, #44, #7618, #4143, #2177, #1775, #8746, #3900, #5417, #811, #6871, #7863, #763, #2588, #8391, #2707, #5049, #6924, #4138, #7154, #6641, #7083, #2495, #6070, #5031, #5230, #4604, #4370, #4715, #2539, #174 ) ) ;
#3555 = ORIENTED_EDGE ( 'NONE', *, *, #2939, .T. ) ;
#3556 = LINE ( 'NONE', #15, #8766 ) ;
#3557 = CARTESIAN_POINT ( 'NONE',  ( 0.08955435552071937255, 0.05073528264352234612, 0.08818832850272967372 ) ) ;
#3558 = VECTOR ( 'NONE', #1630, 1.000000000000000000 ) ;
#3559 = CARTESIAN_POINT ( 'NONE',  ( 0.06457784233643598659, 0.04375391495140060205, 0.1361687129213979830 ) ) ;
#3560 = DIRECTION ( 'NONE',  ( -0.6084652301604280833, 0.6902684899626322368, 0.3915347691464001190 ) ) ;
#3561 = CARTESIAN_POINT ( 'NONE',  ( 0.01288905964942180064, 0.04950000073015689561, 0.1337743958882280093 ) ) ;
#3562 = DIRECTION ( 'NONE',  ( -0.7071067834460215140, 8.455849697034622738E-17, 0.7071067789270735204 ) ) ;
#3563 = DIRECTION ( 'NONE',  ( 9.120436474571179495E-17, 1.000000000000000000, 1.333170438267040011E-17 ) ) ;
#3564 = EDGE_LOOP ( 'NONE', ( #7699, #5798, #3209, #7132, #7476 ) ) ;
#3565 = CARTESIAN_POINT ( 'NONE',  ( 0.04077925308366800450, 0.04410757410786769750, 0.09287956601695539216 ) ) ;
#3566 = ORIENTED_EDGE ( 'NONE', *, *, #4887, .T. ) ;
#3567 = ORIENTED_EDGE ( 'NONE', *, *, #3376, .F. ) ;
#3568 = DIRECTION ( 'NONE',  ( 0.7116713784564019374, 0.000000000000000000, -0.7025125259281608248 ) ) ;
#3569 = CARTESIAN_POINT ( 'NONE',  ( 0.07928262415367606786, 0.04787996000155602533, 0.1452483584056028787 ) ) ;
#3570 = CARTESIAN_POINT ( 'NONE',  ( 0.04077925308366790041, 0.09210757410786771238, 0.09287956601695539216 ) ) ;
#3571 = EDGE_CURVE ( 'NONE', #6088, #828, #3880, .T. ) ;
#3572 = CARTESIAN_POINT ( 'NONE',  ( 0.08604056591124741027, 0.04074033695263960114, 0.06846805986389509213 ) ) ;
#3573 = CARTESIAN_POINT ( 'NONE',  ( 0.06679110357033760104, 0.04136252151640049807, 0.04819688785086819610 ) ) ;
#3574 = ORIENTED_EDGE ( 'NONE', *, *, #2015, .F. ) ;
#3575 = EDGE_LOOP ( 'NONE', ( #1542, #1176, #2577, #1330 ) ) ;
#3576 = CARTESIAN_POINT ( 'NONE',  ( 0.007217729219079593861, 0.04751593375351374077, 0.1292641698879042345 ) ) ;
#3577 = FACE_OUTER_BOUND ( 'NONE', #3465, .T. ) ;
#3578 = DIRECTION ( 'NONE',  ( -0.7071067789270735204, 3.695908159165667450E-17, -0.7071067834460215140 ) ) ;
#3579 = ORIENTED_EDGE ( 'NONE', *, *, #751, .T. ) ;
#3580 = CARTESIAN_POINT ( 'NONE',  ( 0.01797274883230407655, 0.05200847493750991590, 0.1362512172820097844 ) ) ;
#3581 = CARTESIAN_POINT ( 'NONE',  ( 0.07224992182497159965, 0.05200000073015689783, 0.1304374814140480121 ) ) ;
#3582 = DIRECTION ( 'NONE',  ( 5.979188663871559846E-17, 1.000000000000000000, -7.523851983841539456E-18 ) ) ;
#3583 = PLANE ( 'NONE',  #8293 ) ;
#3584 = ORIENTED_EDGE ( 'NONE', *, *, #6593, .F. ) ;
#3585 = EDGE_LOOP ( 'NONE', ( #2589, #2220, #3049, #884 ) ) ;
#3586 = CARTESIAN_POINT ( 'NONE',  ( 0.07484658223652500275, 0.04722120145040190065, 0.1287915011415200206 ) ) ;
#3587 = CARTESIAN_POINT ( 'NONE',  ( 0.006272834785987229864, 0.04721957596032489574, 0.1283698054676200018 ) ) ;
#3588 = CARTESIAN_POINT ( 'NONE',  ( 0.004544966805987185089, 0.04013713380090639521, 0.1301970895663726036 ) ) ;
#3589 = CARTESIAN_POINT ( 'NONE',  ( 0.003282158098545285077, 0.04010757410786770089, 0.1310191770534713529 ) ) ;
#3590 = CARTESIAN_POINT ( 'NONE',  ( 0.09700477036120040697, 0.04010757410786770089, 0.1254938452037460128 ) ) ;
#3591 = CARTESIAN_POINT ( 'NONE',  ( -0.01297413938935308535, 0.04882521000044669213, 0.1294261261864227130 ) ) ;
#3592 = EDGE_CURVE ( 'NONE', #965, #1264, #2652, .T. ) ;
#3593 = DIRECTION ( 'NONE',  ( -0.005742101684087874344, 0.000000000000000000, 0.9999835139982305998 ) ) ;
#3594 = LINE ( 'NONE', #7130, #5046 ) ;
#3595 = ORIENTED_EDGE ( 'NONE', *, *, #7622, .F. ) ;
#3596 = ORIENTED_EDGE ( 'NONE', *, *, #8257, .F. ) ;
#3597 = CARTESIAN_POINT ( 'NONE',  ( 0.07528567138134870107, 0.04721957596032489574, 0.05738932656629109480 ) ) ;
#3598 = CARTESIAN_POINT ( 'NONE',  ( -0.002883855700529409927, 0.04415657025026400312, 0.07064146962137000940 ) ) ;
#3599 = CARTESIAN_POINT ( 'NONE',  ( 0.08963417271968755762, 0.05303752143928675000, 0.08910399174284762414 ) ) ;
#3600 = B_SPLINE_CURVE_WITH_KNOTS ( 'NONE', 3,
 ( #2961, #4424, #5825, #5355, #4597, #6677, #8224, #1813, #1068, #6718, #8178, #7509 ),
 .UNSPECIFIED., .F., .F.,
 ( 4, 2, 2, 2, 2, 4 ),
 ( 0.000000000000000000, 0.2499999999999955591, 0.3749999999999955591, 0.4374999999999935607, 0.4999999999999915623, 1.000000000000000000 ),
 .UNSPECIFIED. ) ;
#3601 = CARTESIAN_POINT ( 'NONE',  ( 0.06762031580008490139, 0.04492977536839400099, 0.1371215838947109911 ) ) ;
#3602 = EDGE_CURVE ( 'NONE', #5537, #7493, #8184, .T. ) ;
#3603 = ORIENTED_EDGE ( 'NONE', *, *, #8406, .T. ) ;
#3604 = FACE_OUTER_BOUND ( 'NONE', #2980, .T. ) ;
#3605 = EDGE_CURVE ( 'NONE', #8345, #5555, #4909, .T. ) ;
#3606 = VECTOR ( 'NONE', #4983, 1.000000000000000000 ) ;
#3607 = CARTESIAN_POINT ( 'NONE',  ( 0.09461067007513219995, 0.04708659746632420234, 0.05644910424811290517 ) ) ;
#3608 = B_SPLINE_CURVE_WITH_KNOTS ( 'NONE', 3,
 ( #3227, #7603, #1948, #6897, #3366, #4074, #6187, #9164, #6810, #8976, #8264, #2516, #444, #4824, #5535, #6943, #6233, #5393 ),
 .UNSPECIFIED., .F., .F.,
 ( 4, 2, 2, 2, 2, 2, 2, 2, 4 ),
 ( 0.000000000000000000, 0.2500000000000082157, 0.3750000000000101585, 0.4375000000000091593, 0.5000000000000082157, 0.6250000000000018874, 0.6875000000000013323, 0.7500000000000008882, 1.000000000000000000 ),
 .UNSPECIFIED. ) ;
#3609 = CARTESIAN_POINT ( 'NONE',  ( 0.001781902495953059792, 0.04697071701381140552, 0.1448815529707139782 ) ) ;
#3610 = EDGE_LOOP ( 'NONE', ( #7955, #4093, #4538, #9295 ) ) ;
#3611 = AXIS2_PLACEMENT_3D ( 'NONE', #7296, #8135, #3759 ) ;
#3612 = CARTESIAN_POINT ( 'NONE',  ( 0.07771618255636117412, 0.04811594320717967749, 0.1258327637542510646 ) ) ;
#3613 = ORIENTED_EDGE ( 'NONE', *, *, #2911, .T. ) ;
#3614 = ORIENTED_EDGE ( 'NONE', *, *, #6327, .T. ) ;
#3615 = DIRECTION ( 'NONE',  ( -5.979188663871559846E-17, -1.000000000000000000, 7.523851983841530211E-18 ) ) ;
#3616 = CARTESIAN_POINT ( 'NONE',  ( 0.08457808606993119649, 0.04410757410786769750, 0.1148491410934430051 ) ) ;
#3617 = DIRECTION ( 'NONE',  ( -5.979188663871559846E-17, -1.000000000000000000, 7.523851983841539456E-18 ) ) ;
#3618 = EDGE_CURVE ( 'NONE', #3153, #1664, #3720, .T. ) ;
#3619 = CARTESIAN_POINT ( 'NONE',  ( 0.08459582542466020927, 0.04175145864960470160, 0.06942929515226409221 ) ) ;
#3620 = LINE ( 'NONE', #2312, #697 ) ;
#3621 = VERTEX_POINT ( 'NONE', #2795 ) ;
#3622 = ORIENTED_EDGE ( 'NONE', *, *, #2306, .T. ) ;
#3623 = EDGE_CURVE ( 'NONE', #348, #5606, #8748, .T. ) ;
#3624 = CARTESIAN_POINT ( 'NONE',  ( 0.006501107220808060097, 0.06690757410786771220, 0.09768281660426650359 ) ) ;
#3625 = B_SPLINE_CURVE_WITH_KNOTS ( 'NONE', 3,
 ( #223, #2431, #8802, #1064 ),
 .UNSPECIFIED., .F., .F.,
 ( 4, 4 ),
 ( 0.000000000000000000, 1.000000000000000000 ),
 .UNSPECIFIED. ) ;
#3626 = EDGE_CURVE ( 'NONE', #4763, #4235, #5193, .T. ) ;
#3627 = LINE ( 'NONE', #5741, #7068 ) ;
#3628 = ORIENTED_EDGE ( 'NONE', *, *, #1718, .F. ) ;
#3629 = CARTESIAN_POINT ( 'NONE',  ( 0.01673138463487918587, 0.05200024277472456435, 0.1359442352649955499 ) ) ;
#3630 = LINE ( 'NONE', #47, #292 ) ;
#3631 = VECTOR ( 'NONE', #3925, 1.000000000000000000 ) ;
#3632 = FACE_OUTER_BOUND ( 'NONE', #8836, .T. ) ;
#3633 = CARTESIAN_POINT ( 'NONE',  ( 0.007801085789005760170, 0.06690757410786771220, 0.09769028133645582535 ) ) ;
#3634 = VERTEX_POINT ( 'NONE', #2752 ) ;
#3635 = EDGE_LOOP ( 'NONE', ( #7899, #6398, #6970, #569 ) ) ;
#3636 = CARTESIAN_POINT ( 'NONE',  ( 0.08437966596774360006, 0.05215222490877480244, 0.1152420735173750044 ) ) ;
#3637 = AXIS2_PLACEMENT_3D ( 'NONE', #6403, #6258, #3441 ) ;
#3638 = CARTESIAN_POINT ( 'NONE',  ( -0.02912300184174059989, 0.05200000073015689783, 0.1566945740798710018 ) ) ;
#3639 = EDGE_LOOP ( 'NONE', ( #7995, #3079, #3322, #3746 ) ) ;
#3640 = CARTESIAN_POINT ( 'NONE',  ( 0.07767319896098170973, 0.04017177488584185163, 0.05653874665658124160 ) ) ;
#3641 = CARTESIAN_POINT ( 'NONE',  ( 0.002838561426656555000, 0.04011256449496648085, 0.1303146755577901938 ) ) ;
#3642 = CARTESIAN_POINT ( 'NONE',  ( -0.002592408050839431662, 0.05200847455195886648, 0.07007308098608844293 ) ) ;
#3643 = DIRECTION ( 'NONE',  ( 5.979188663871559846E-17, 1.000000000000000000, -7.523851983841539456E-18 ) ) ;
#3644 = CARTESIAN_POINT ( 'NONE',  ( 0.09139739019883350024, 0.04760757410786779775, 0.1304930667572339886 ) ) ;
#3645 = AXIS2_PLACEMENT_3D ( 'NONE', #3570, #6446, #5601 ) ;
#3647 = CARTESIAN_POINT ( 'NONE',  ( 0.01591246054309631078, 0.05200007019060941260, 0.04951925101477969160 ) ) ;
#3646 = AXIS2_PLACEMENT_3D ( 'NONE', #5724, #7187, #2150 ) ;
#3648 = ORIENTED_EDGE ( 'NONE', *, *, #817, .F. ) ;
#3649 = EDGE_LOOP ( 'NONE', ( #5802, #8986, #9178, #5526 ) ) ;
#3650 = CARTESIAN_POINT ( 'NONE',  ( -0.002919075253280409375, 0.05199534370982332454, 0.1190285711187331619 ) ) ;
#3651 = CARTESIAN_POINT ( 'NONE',  ( 0.07944616954677830023, 0.04010757410786770089, 0.1319931131743639907 ) ) ;
#3652 = CARTESIAN_POINT ( 'NONE',  ( 0.004933519290707309712, 0.04760757410786779775, 0.1452654700907360097 ) ) ;
#3653 = AXIS2_PLACEMENT_3D ( 'NONE', #9286, #6364, #9240 ) ;
#3654 = FACE_OUTER_BOUND ( 'NONE', #9343, .T. ) ;
#3655 = DIRECTION ( 'NONE',  ( 5.979188663871559846E-17, 1.000000000000000000, -7.523851983841548700E-18 ) ) ;
#3656 = AXIS2_PLACEMENT_3D ( 'NONE', #8287, #6111, #421 ) ;
#3657 = ORIENTED_EDGE ( 'NONE', *, *, #7819, .F. ) ;
#3658 = DIRECTION ( 'NONE',  ( 5.654249765337459873E-17, 1.000000000000000000, 1.030507995274408067E-17 ) ) ;
#3659 = CARTESIAN_POINT ( 'NONE',  ( 0.07224992182497159965, 0.05033613396376760557, 0.1304374814140480121 ) ) ;
#3660 = EDGE_CURVE ( 'NONE', #1413, #828, #3957, .T. ) ;
#3661 = DIRECTION ( 'NONE',  ( -0.7116713784564018264, 0.000000000000000000, 0.7025125259281609358 ) ) ;
#3662 = ORIENTED_EDGE ( 'NONE', *, *, #1832, .T. ) ;
#3663 = EDGE_CURVE ( 'NONE', #218, #6115, #8728, .T. ) ;
#3664 = CARTESIAN_POINT ( 'NONE',  ( 0.04077925308366800450, 0.04010757410786770089, 0.09287956601695539216 ) ) ;
#3665 = ORIENTED_EDGE ( 'NONE', *, *, #4685, .T. ) ;
#3666 = ADVANCED_FACE ( 'NONE', ( #1655 ), #1474, .F. ) ;
#3667 = EDGE_CURVE ( 'NONE', #4362, #8816, #4395, .T. ) ;
#3668 = CARTESIAN_POINT ( 'NONE',  ( 0.02802696271728674637, 0.04157204020193496635, 0.1242430946169885420 ) ) ;
#3669 = CARTESIAN_POINT ( 'NONE',  ( 0.07928262415367620664, 0.04699070047950899831, 0.1452483584056029897 ) ) ;
#3670 = CARTESIAN_POINT ( 'NONE',  ( 0.01330957689741840005, 0.09210757410786771238, 0.04800893466535029880 ) ) ;
#3671 = CARTESIAN_POINT ( 'NONE',  ( 0.08415090124075984279, 0.05200847505886242034, 0.1156860763209936888 ) ) ;
#3672 = CARTESIAN_POINT ( 'NONE',  ( 0.06582062454905439342, 0.04066549790769070222, 0.04763615604709860174 ) ) ;
#3673 = ORIENTED_EDGE ( 'NONE', *, *, #8143, .T. ) ;
#3674 = VERTEX_POINT ( 'NONE', #5151 ) ;
#3675 = LINE ( 'NONE', #6592, #6317 ) ;
#3676 = DIRECTION ( 'NONE',  ( 0.7071067789270740755, 3.907985046680551042E-16, 0.7071067834460210699 ) ) ;
#3677 = ORIENTED_EDGE ( 'NONE', *, *, #6595, .T. ) ;
#3678 = CARTESIAN_POINT ( 'NONE',  ( 0.004890704492007772256, 0.04014687603402533611, 0.05533218948610463261 ) ) ;
#3679 =( BOUNDED_CURVE ( )  B_SPLINE_CURVE ( 3, ( #170, #8220, #3709, #6757 ),
 .UNSPECIFIED., .F., .F. ) 
 B_SPLINE_CURVE_WITH_KNOTS ( ( 4, 4 ),
 ( 1.105390792472703998, 1.570796326794899889 ),
 .UNSPECIFIED. ) 
 CURVE ( )  GEOMETRIC_REPRESENTATION_ITEM ( )  RATIONAL_B_SPLINE_CURVE ( ( 1.000000000000000000, 0.9820311128675444090, 0.9820311128675444090, 1.000000000000000000 ) ) 
 REPRESENTATION_ITEM ( '' )  );
#3680 = CARTESIAN_POINT ( 'NONE',  ( 0.06221616397699390039, 0.04410757410786769750, 0.1369415547527309818 ) ) ;
#3681 = EDGE_CURVE ( 'NONE', #8607, #348, #7649, .T. ) ;
#3682 = CARTESIAN_POINT ( 'NONE',  ( 0.05413668497175510436, 0.04510757410786769839, 0.1236379529802100058 ) ) ;
#3683 = EDGE_CURVE ( 'NONE', #4963, #4261, #2480, .T. ) ;
#3684 = CARTESIAN_POINT ( 'NONE',  ( 0.08562663104667306291, 0.05316898299816830847, 0.08917194789546294131 ) ) ;
#3685 = ORIENTED_EDGE ( 'NONE', *, *, #3907, .F. ) ;
#3686 = VERTEX_POINT ( 'NONE', #6021 ) ;
#3687 = PLANE ( 'NONE',  #2591 ) ;
#3688 = CARTESIAN_POINT ( 'NONE',  ( 0.07850286018139936151, 0.04011792791301503625, 0.1289768128827933624 ) ) ;
#3689 = ORIENTED_EDGE ( 'NONE', *, *, #3203, .T. ) ;
#3690 = CARTESIAN_POINT ( 'NONE',  ( 0.07773343446914318666, 0.04017095663441985071, 0.05659382383434711367 ) ) ;
#3691 = CARTESIAN_POINT ( 'NONE',  ( 0.07079867360282753042, 0.04020948574333639558, 0.04985550907437665685 ) ) ;
#3692 = LINE ( 'NONE', #6608, #6100 ) ;
#3693 = CARTESIAN_POINT ( 'NONE',  ( 0.05450031589272309740, 0.07410757410786771027, 0.09795843748510280058 ) ) ;
#3694 = EDGE_CURVE ( 'NONE', #3964, #3045, #2717, .T. ) ;
#3695 = CARTESIAN_POINT ( 'NONE',  ( 0.07382713748287762778, 0.04767715402663825347, 0.05669983143956067173 ) ) ;
#3696 = CARTESIAN_POINT ( 'NONE',  ( 0.07796236131335911035, 0.04760757410786779775, 0.1439280955568479903 ) ) ;
#3697 = ORIENTED_EDGE ( 'NONE', *, *, #7027, .T. ) ;
#3698 = ORIENTED_EDGE ( 'NONE', *, *, #4889, .F. ) ;
#3699 = CARTESIAN_POINT ( 'NONE',  ( 0.01854115668808250031, 0.04415657025026400312, 0.1365426748011530078 ) ) ;
#3700 = VECTOR ( 'NONE', #7198, 1.000000000000000000 ) ;
#3701 = CARTESIAN_POINT ( 'NONE',  ( 0.04070460576177480083, 0.07410757410786771027, 0.1058793516989320060 ) ) ;
#3702 = DIRECTION ( 'NONE',  ( -0.4344876699857396773, -0.7010108906134661089, 0.5655123304329252587 ) ) ;
#3703 = ORIENTED_EDGE ( 'NONE', *, *, #8177, .T. ) ;
#3704 = CARTESIAN_POINT ( 'NONE',  ( 0.06824892926991750486, 0.09210757410786771238, 0.1377501973685599790 ) ) ;
#3705 = DIRECTION ( 'NONE',  ( 8.046638469161818835E-17, 1.000000000000000000, -7.405134956585150092E-18 ) ) ;
#3706 = VECTOR ( 'NONE', #7467, 1.000000000000000000 ) ;
#3707 = VERTEX_POINT ( 'NONE', #389 ) ;
#3708 = DATE_AND_TIME ( #4419, #343 ) ;
#3709 = CARTESIAN_POINT ( 'NONE',  ( 0.08797013345994671163, 0.04950000073015689561, 0.05955410692622491176 ) ) ;
#3710 = CARTESIAN_POINT ( 'NONE',  ( 0.08675602277267530082, 0.04053754202716920024, 0.1182360140018200029 ) ) ;
#3711 = ORIENTED_EDGE ( 'NONE', *, *, #8847, .T. ) ;
#3712 = DIRECTION ( 'NONE',  ( 0.7010108883734640361, 0.1310246636425654032, 0.7010108928534559691 ) ) ;
#3713 = DIRECTION ( 'NONE',  ( -4.027934139806210305E-16, 1.000000000000000000, -1.018010760859769879E-17 ) ) ;
#3714 = CARTESIAN_POINT ( 'NONE',  ( 0.08602850709208791080, 0.06510757410786770227, 0.09313939611816039743 ) ) ;
#3715 = EDGE_CURVE ( 'NONE', #5420, #463, #7585, .T. ) ;
#3716 = CARTESIAN_POINT ( 'NONE',  ( 0.06471339535268740006, 0.09210757410786771238, 0.1412857312631959905 ) ) ;
#3717 = CARTESIAN_POINT ( 'NONE',  ( 0.003616477676748309621, 0.05200000073015689783, 0.06094325245300670491 ) ) ;
#3718 = ADVANCED_FACE ( 'NONE', ( #4619 ), #335, .F. ) ;
#3719 = EDGE_CURVE ( 'NONE', #196, #2294, #8448, .T. ) ;
#3720 = B_SPLINE_CURVE_WITH_KNOTS ( 'NONE', 3,
 ( #3504, #2130, #7738, #6276, #9156, #4201, #3409, #7691, #5704, #7123, #1380, #2695, #5572, #8449, #4157, #5528, #635, #8584, #8403, #1994, #681, #1941, #2038, #6376, #1287, #4251, #4863, #4114, #3454, #9254, #5007, #6984, #1332, #8496, #1427, #6324 ),
 .UNSPECIFIED., .F., .F.,
 ( 4, 2, 2, 2, 2, 2, 1, 1, 1, 2, 2, 2, 2, 1, 1, 1, 1, 1, 2, 2, 2, 4 ),
 ( 0.000000000000000000, 0.1250000000003993472, 0.2500000000007986944, 0.3750000000011980417, 0.4375000000014002688, 0.4687500000014978574, 0.4843750000015474844, 0.4921875000015715762, 0.4960937500015842883, 0.4980468750015900614, 0.5000000000015957236, 0.6250000000019444446, 0.6875000000021189717, 0.7187500000022063462, 0.7343750000022498670, 0.7421875000022728486, 0.7460937500022883917, 0.7480468750023000490, 0.7490234375023046010, 0.7500000000023091529, 0.8750000000011546319, 1.000000000000000000 ),
 .UNSPECIFIED. ) ;
#3721 = CARTESIAN_POINT ( 'NONE',  ( 0.08387984637653597697, 0.05199997747506229090, 0.1186289877101149581 ) ) ;
#3722 = CARTESIAN_POINT ( 'NONE',  ( 0.06845339781093540132, 0.04455199359470789905, 0.04866525095664539502 ) ) ;
#3723 = ORIENTED_EDGE ( 'NONE', *, *, #1150, .F. ) ;
#3724 = VERTEX_POINT ( 'NONE', #1039 ) ;
#3725 = DIRECTION ( 'NONE',  ( -0.005742101684089138958, 7.867059038567457707E-18, 0.9999835139982308219 ) ) ;
#3726 = CARTESIAN_POINT ( 'NONE',  ( 0.07103609102660320140, 0.04010757410786770089, 0.1370018252258280167 ) ) ;
#3727 = ORIENTED_EDGE ( 'NONE', *, *, #3979, .T. ) ;
#3728 = CARTESIAN_POINT ( 'NONE',  ( 0.005116763451872175829, 0.04011813303270669179, 0.05474712060707739164 ) ) ;
#3729 = CARTESIAN_POINT ( 'NONE',  ( 0.05200035710772760167, 0.04110757410786770177, 0.09794408223089259846 ) ) ;
#3730 = CARTESIAN_POINT ( 'NONE',  ( 0.06845566065731580052, 0.04232444369893257480, 0.1344213948400496406 ) ) ;
#3731 = CARTESIAN_POINT ( 'NONE',  ( 0.05103154345803759956, 0.04010757410786770089, 0.05901603740893359568 ) ) ;
#3732 = ORIENTED_EDGE ( 'NONE', *, *, #4599, .T. ) ;
#3733 = LINE ( 'NONE', #8295, #7255 ) ;
#3734 =( BOUNDED_CURVE ( )  B_SPLINE_CURVE ( 3, ( #6479, #5911, #7894, #5213 ),
 .UNSPECIFIED., .F., .F. ) 
 B_SPLINE_CURVE_WITH_KNOTS ( ( 4, 4 ),
 ( 4.712388980384689674, 5.181573038616240190 ),
 .UNSPECIFIED. ) 
 CURVE ( )  GEOMETRIC_REPRESENTATION_ITEM ( )  RATIONAL_B_SPLINE_CURVE ( ( 1.000000000000000000, 0.9817395023706217971, 0.9817395023706217971, 1.000000000000000000 ) ) 
 REPRESENTATION_ITEM ( '' )  );
#3735 = CARTESIAN_POINT ( 'NONE',  ( 0.07670060484063750961, 0.04015020501595435720, 0.1303630661513384414 ) ) ;
#3736 = ORIENTED_EDGE ( 'NONE', *, *, #8327, .T. ) ;
#3737 = CARTESIAN_POINT ( 'NONE',  ( 0.01273642928369349975, 0.04510757410786769839, 0.1374625601476159864 ) ) ;
#3738 = CARTESIAN_POINT ( 'NONE',  ( -0.002731127572087503966, 0.05199452236807435013, 0.06591839279537412000 ) ) ;
#3739 = CARTESIAN_POINT ( 'NONE',  ( 0.06301734947925330399, 0.04985783708471710346, 0.04921645723275799855 ) ) ;
#3740 = CARTESIAN_POINT ( 'NONE',  ( 0.07283297947017552953, 0.04893557217248638291, 0.1305998564757085700 ) ) ;
#3741 = CARTESIAN_POINT ( 'NONE',  ( 0.003616477676748316994, 0.04992835687435918934, 0.06094325245300669103 ) ) ;
#3742 = ORIENTED_EDGE ( 'NONE', *, *, #451, .T. ) ;
#3743 = DIRECTION ( 'NONE',  ( -5.979188663871559846E-17, -1.000000000000000000, 7.523851983841548700E-18 ) ) ;
#3744 = CARTESIAN_POINT ( 'NONE',  ( 0.005642724679256258015, 0.04151877128024363678, 0.03819479908342828661 ) ) ;
#3745 = DIRECTION ( 'NONE',  ( -5.979188663871559846E-17, -1.000000000000000000, 7.523851983841539456E-18 ) ) ;
#3746 = ORIENTED_EDGE ( 'NONE', *, *, #4316, .F. ) ;
#3747 = EDGE_CURVE ( 'NONE', #2998, #2051, #3914, .T. ) ;
#3748 = CARTESIAN_POINT ( 'NONE',  ( 0.07382471567844564597, 0.04799617542253122038, 0.05602515404519050474 ) ) ;
#3749 = CARTESIAN_POINT ( 'NONE',  ( 0.08463347964063661077, 0.05199997858829980002, 0.07102062368290169847 ) ) ;
#3750 = VERTEX_POINT ( 'NONE', #3208 ) ;
#3751 = DIRECTION ( 'NONE',  ( 1.000000000000000000, 0.000000000000000000, 0.000000000000000000 ) ) ;
#3752 = CARTESIAN_POINT ( 'NONE',  ( 0.04077925308366790041, 0.04410757410786769750, 0.09287956601695539216 ) ) ;
#3753 = DIRECTION ( 'NONE',  ( -0.7071067789270730763, -1.065814103640150239E-15, -0.7071067834460220691 ) ) ;
#3754 = ORIENTED_EDGE ( 'NONE', *, *, #4971, .T. ) ;
#3755 = CARTESIAN_POINT ( 'NONE',  ( 0.04077925308366790041, 0.04010757410786770089, 0.09287956601695539216 ) ) ;
#3756 = CARTESIAN_POINT ( 'NONE',  ( -0.007721568981997130147, 0.04950000073015689561, 0.04960520572180260324 ) ) ;
#3757 = CARTESIAN_POINT ( 'NONE',  ( 0.09241905725443330666, 0.04950000073015689561, 0.1323552626568499924 ) ) ;
#3758 = CARTESIAN_POINT ( 'NONE',  ( 0.01330957689741840005, 0.04510757410786769839, 0.04800893466535029880 ) ) ;
#3759 = DIRECTION ( 'NONE',  ( -0.7115140508626741633, 0.000000000000000000, 0.7026718689580420119 ) ) ;
#3760 = CIRCLE ( 'NONE', #8875, 0.001299999999999997555 ) ;
#3761 = B_SPLINE_CURVE_WITH_KNOTS ( 'NONE', 3,
 ( #49, #6058, #6773, #814, #140 ),
 .UNSPECIFIED., .F., .F.,
 ( 4, 1, 4 ),
 ( 0.000000000000000000, 0.2857142857141402037, 0.5000109124796713322 ),
 .UNSPECIFIED. ) ;
#3762 = CARTESIAN_POINT ( 'NONE',  ( 0.07989280024107690836, 0.04010757410786770089, 0.05421264955384290374 ) ) ;
#3763 = B_SPLINE_SURFACE_WITH_KNOTS ( 'NONE', 3, 3, ( 
 ( #4016, #3306, #9055, #8356 ),
 ( #1892, #7638, #3404, #2790 ),
 ( #3450, #4153, #4341, #9151 ),
 ( #4950, #5660, #9249, #5700 ),
 ( #7822, #1985, #2034, #6458 ) ),
 .UNSPECIFIED., .F., .F., .F.,
 ( 4, 1, 4 ),
 ( 4, 4 ),
 ( 0.000000000000000000, 0.5714285714285709528, 1.000000000000000000 ),
 ( 0.000000000000000000, 0.03441153907667379719 ),
 .UNSPECIFIED. ) ;
#3764 = CARTESIAN_POINT ( 'NONE',  ( 0.08975237108195391333, 0.04548430812019264857, 0.09125668888976304349 ) ) ;
#3765 = VERTEX_POINT ( 'NONE', #8954 ) ;
#3766 = ORIENTED_EDGE ( 'NONE', *, *, #6128, .F. ) ;
#3767 = VECTOR ( 'NONE', #8945, 1.000000000000000000 ) ;
#3768 = DIRECTION ( 'NONE',  ( -4.027934139806210305E-16, 1.000000000000000000, -1.018010760859769879E-17 ) ) ;
#3769 = VERTEX_POINT ( 'NONE', #244 ) ;
#3770 = CARTESIAN_POINT ( 'NONE',  ( 0.08436799395634299314, 0.05199997678118539746, 0.1152632378159520049 ) ) ;
#3771 = CARTESIAN_POINT ( 'NONE',  ( 0.01839558128467050011, 0.05199997678118530031, 0.1364683068896299922 ) ) ;
#3772 = CARTESIAN_POINT ( 'NONE',  ( 0.08570752240511173015, 0.05455775496487012127, 0.09542667042739219618 ) ) ;
#3773 = VERTEX_POINT ( 'NONE', #5373 ) ;
#3774 = AXIS2_PLACEMENT_3D ( 'NONE', #5146, #3021, #1512 ) ;
#3775 = CARTESIAN_POINT ( 'NONE',  ( 0.07894862427309590203, 0.04010757410786770089, 0.1303675521325590170 ) ) ;
#3776 = ADVANCED_FACE ( 'NONE', ( #1886 ), #4762, .F. ) ;
#3777 = CARTESIAN_POINT ( 'NONE',  ( 0.07728808103711400090, 0.04017202982039258519, 0.1296055488834016722 ) ) ;
#3778 = ORIENTED_EDGE ( 'NONE', *, *, #7371, .T. ) ;
#3779 = CARTESIAN_POINT ( 'NONE',  ( 0.08566665867945714996, 0.04605278229961235620, 0.09606106435461940485 ) ) ;
#3780 = EDGE_CURVE ( 'NONE', #8569, #2979, #8154, .T. ) ;
#3781 = VECTOR ( 'NONE', #5474, 1.000000000000000000 ) ;
#3782 = AXIS2_PLACEMENT_3D ( 'NONE', #8961, #8398, #395 ) ;
#3783 = CARTESIAN_POINT ( 'NONE',  ( 0.04049789010114753646, 0.09210757410786771238, 0.1418787582028686878 ) ) ;
#3784 = DIRECTION ( 'NONE',  ( 1.370066131076401989E-15, 1.000000000000000000, 0.000000000000000000 ) ) ;
#3785 = CARTESIAN_POINT ( 'NONE',  ( 0.07832278982877675932, 0.04848963111884153909, 0.06061928001412215244 ) ) ;
#3786 = CARTESIAN_POINT ( 'NONE',  ( 0.07944616954678039578, 0.03865757410786770099, 0.1319931131743619923 ) ) ;
#3787 = AXIS2_PLACEMENT_3D ( 'NONE', #3714, #4425, #8888 ) ;
#3788 = EDGE_LOOP ( 'NONE', ( #137, #3229, #3419, #256, #2274 ) ) ;
#3789 = CARTESIAN_POINT ( 'NONE',  ( 0.004383408858195114027, 0.04789676487239728081, 0.06007070244137961701 ) ) ;
#3790 = DIRECTION ( 'NONE',  ( -5.979188663871559846E-17, -1.000000000000000000, 7.523851983841548700E-18 ) ) ;
#3791 = DIRECTION ( 'NONE',  ( 0.000000000000000000, -1.000000000000000000, 1.275052628820603890E-16 ) ) ;
#3792 = ORIENTED_EDGE ( 'NONE', *, *, #4756, .F. ) ;
#3793 = CIRCLE ( 'NONE', #8908, 0.003149999999999997420 ) ;
#3794 = CARTESIAN_POINT ( 'NONE',  ( 0.07387832751943629317, 0.04793298683764575518, 0.05607332571562952117 ) ) ;
#3795 = LINE ( 'NONE', #2952, #9137 ) ;
#3796 = ADVANCED_FACE ( 'NONE', ( #2685 ), #23, .T. ) ;
#3797 = EDGE_LOOP ( 'NONE', ( #2562, #8344, #336, #1975, #424, #5771, #2840 ) ) ;
#3798 = APPROVAL_DATE_TIME ( #3708, #4013 ) ;
#3799 = AXIS2_PLACEMENT_3D ( 'NONE', #1946, #3931, #3319 ) ;
#3800 = EDGE_CURVE ( 'NONE', #8122, #2070, #2725, .T. ) ;
#3801 = LINE ( 'NONE', #8084, #7077 ) ;
#3802 = LINE ( 'NONE', #172, #7369 ) ;
#3803 = EDGE_CURVE ( 'NONE', #9263, #4620, #687, .T. ) ;
#3804 = ORIENTED_EDGE ( 'NONE', *, *, #4194, .F. ) ;
#3805 = CARTESIAN_POINT ( 'NONE',  ( 0.008414915191377580692, 0.04950000073015969893, 0.1303335328668590032 ) ) ;
#3806 = FACE_OUTER_BOUND ( 'NONE', #6670, .T. ) ;
#3807 = DIRECTION ( 'NONE',  ( 0.4999999984023105748, -0.7071067811865466846, 0.5000000015976906464 ) ) ;
#3808 = FACE_OUTER_BOUND ( 'NONE', #8483, .T. ) ;
#3809 = DIRECTION ( 'NONE',  ( -5.979188663871559846E-17, -1.000000000000000000, 7.523851983841539456E-18 ) ) ;
#3810 = TOROIDAL_SURFACE ( 'NONE', #3059, 0.05299999999999999850, 0.004000000000000000083 ) ;
#3811 = AXIS2_PLACEMENT_3D ( 'NONE', #237, #1739, #8771 ) ;
#3812 = CARTESIAN_POINT ( 'NONE',  ( 0.08432429712319160220, 0.04346438895872650060, 0.07032542559454710296 ) ) ;
#3813 = CARTESIAN_POINT ( 'NONE',  ( 0.08949396940559420366, 0.05010757410786770283, 0.09815937791457569894 ) ) ;
#3814 = ORIENTED_EDGE ( 'NONE', *, *, #3999, .T. ) ;
#3815 = ORIENTED_EDGE ( 'NONE', *, *, #1018, .F. ) ;
#3816 = CARTESIAN_POINT ( 'NONE',  ( 0.007970175324854635729, 0.04776469373003258689, 0.05581546455845809440 ) ) ;
#3817 = VERTEX_POINT ( 'NONE', #8573 ) ;
#3818 = CARTESIAN_POINT ( 'NONE',  ( 0.01322082745800010062, 0.05200000073014460211, 0.04828620860477420007 ) ) ;
#3819 = CIRCLE ( 'NONE', #7708, 0.06500000000000002998 ) ;
#3820 = VECTOR ( 'NONE', #5422, 1.000000000000000000 ) ;
#3821 = CARTESIAN_POINT ( 'NONE',  ( 0.08559678791673916431, 0.05264931068373439327, 0.08883087466080544226 ) ) ;
#3822 = EDGE_LOOP ( 'NONE', ( #5675, #560, #5305 ) ) ;
#3823 = CARTESIAN_POINT ( 'NONE',  ( 0.005498778982000092526, 0.04168903244703173888, 0.03828754047464238974 ) ) ;
#3824 = CARTESIAN_POINT ( 'NONE',  ( 0.07899640677931910049, 0.04010757410786770089, 0.1288753874883840078 ) ) ;
#3825 = VERTEX_POINT ( 'NONE', #6311 ) ;
#3826 = CARTESIAN_POINT ( 'NONE',  ( 0.06249727106851889896, 0.04416030888467410015, 0.1368036789255810126 ) ) ;
#3827 = B_SPLINE_CURVE_WITH_KNOTS ( 'NONE', 3,
 ( #6273, #8445, #7735, #5569, #6493, #1554 ),
 .UNSPECIFIED., .F., .F.,
 ( 4, 2, 4 ),
 ( 0.4955150462162393188, 0.7477575231081197149, 1.000000000000000000 ),
 .UNSPECIFIED. ) ;
#3828 = ADVANCED_FACE ( 'NONE', ( #3445 ), #7813, .T. ) ;
#3829 = CARTESIAN_POINT ( 'NONE',  ( 0.001872270284385114947, 0.03610757410786769733, 0.1056563688038937993 ) ) ;
#3830 = EDGE_CURVE ( 'NONE', #1646, #7789, #1278, .T. ) ;
#3831 = CARTESIAN_POINT ( 'NONE',  ( 0.04077925308366790041, 0.04410757410786769750, 0.09287956601695539216 ) ) ;
#3832 = CARTESIAN_POINT ( 'NONE',  ( -0.0004618023472570880286, 0.04410757410786769750, 0.1202552002003560022 ) ) ;
#3833 = CARTESIAN_POINT ( 'NONE',  ( -0.006992759537863711336, 0.05200000073015689783, 0.1239977908566231996 ) ) ;
#3834 = ADVANCED_FACE ( 'NONE', ( #672 ), #2737, .F. ) ;
#3835 = ORIENTED_EDGE ( 'NONE', *, *, #6125, .T. ) ;
#3836 = CARTESIAN_POINT ( 'NONE',  ( 0.06296213151225725502, 0.04990270069763821925, 0.1365738314270430187 ) ) ;
#3837 = DIRECTION ( 'NONE',  ( 5.979188663871559846E-17, 1.000000000000000000, -7.523851983841539456E-18 ) ) ;
#3838 = DIRECTION ( 'NONE',  ( 0.6084652276582223074, 0.6902684899626357895, 0.3915347730349506006 ) ) ;
#3839 = VERTEX_POINT ( 'NONE', #2114 ) ;
#3840 = DIRECTION ( 'NONE',  ( 1.000000000000000000, -5.979188663871559846E-17, 0.000000000000000000 ) ) ;
#3841 = CARTESIAN_POINT ( 'NONE',  ( 0.06440570928973993192, 0.05200240923698934425, 0.04973635429209936204 ) ) ;
#3842 = ORIENTED_EDGE ( 'NONE', *, *, #5095, .T. ) ;
#3843 = B_SPLINE_SURFACE_WITH_KNOTS ( 'NONE', 3, 3, ( 
 ( #5690, #9142, #8567, #5554, #2025, #4142 ),
 ( #4988, #4895, #7152, #8430, #3572, #7767 ),
 ( #1973, #2869, #7385, #6588, #3619, #4428 ),
 ( #890, #8050, #8094, #3102, #3812, #5786 ),
 ( #3010, #7952, #6634, #1643, #38, #2916 ) ),
 .UNSPECIFIED., .F., .F., .F.,
 ( 4, 1, 4 ),
 ( 4, 1, 1, 4 ),
 ( 0.000000000000000000, 0.5714285714285709528, 1.000000000000000000 ),
 ( -1.570796326794889897, -0.8596013689002779401, -0.6818026294266249510, -0.3262051504793179735 ),
 .UNSPECIFIED. ) ;
#3844 = VECTOR ( 'NONE', #3274, 1.000000000000000000 ) ;
#3845 = PLANE ( 'NONE',  #8136 ) ;
#3846 = CARTESIAN_POINT ( 'NONE',  ( 0.006107340143598980961, 0.04728441346042842192, 0.05824861110481845128 ) ) ;
#3847 = ORIENTED_EDGE ( 'NONE', *, *, #5785, .T. ) ;
#3848 = DIRECTION ( 'NONE',  ( 5.979188663871559846E-17, 1.000000000000000000, -7.523851983841539456E-18 ) ) ;
#3849 = FACE_OUTER_BOUND ( 'NONE', #5272, .T. ) ;
#3850 = FACE_OUTER_BOUND ( 'NONE', #7312, .T. ) ;
#3851 = VECTOR ( 'NONE', #6627, 1.000000000000000000 ) ;
#3852 = DIRECTION ( 'NONE',  ( 0.1623803849827991641, 0.000000000000000000, -0.9867282354188704474 ) ) ;
#3853 = DIRECTION ( 'NONE',  ( -5.979188663871559846E-17, -1.000000000000000000, 7.523851983841539456E-18 ) ) ;
#3854 = CLOSED_SHELL ( 'NONE', ( #2526, #3027, #3395, #7162, #2679, #1154, #3906, #6325, #1429, #1724, #9300, #4637, #7892, #4862, #7453, #2443, #3516, #8226, #7422, #5327, #1539, #3339, #8296, #3493, #3495, #864, #4321, #7705, #3373, #8975, #2366, #5894, #6945, #1250, #6737, #8232, #4603, #3255, #2103, #5616, #8978, #4416, #753, #9212, #3718, #279, #3086, #3301, #6794, #1871, #6180, #7413, #7634, #5975, #9004, #1499, #6007, #8903, #8842, #3303, #6598, #6849, #6142, #7710, #6967, #8808, #900, #6363, #7229, #2766, #3969, #8145, #3060, #1384, #1642, #2283, #5294, #5814, #1590, #4871, #6847, #8814, #6722, #2046, #4027, #614, #4580, #8951, #8631, #1671, #8035, #3546, #8637, #4469, #563, #1214, #7860, #1269, #2712, #7287, #4372, #9095, #5946, #6365, #2319, #6267, #5466, #7170, #1817, #5843, #5188, #6562, #4922, #7398, #5584, #258, #749, #7113, #4386, #6931, #7163, #149, #6845, #6063, #2161, #3891, #3106, #8704, #1189, #7943, #3222, #2677, #4596, #3056, #3342, #7741, #2160, #2509, #7740, #8103, #6443, #5472, #1011, #1060, #3390, #5243, #9196, #6628, #2972, #3776, #4605, #3259, #1381, #7940, #578, #3828, #9304, #6880, #576, #8504, #3201, #6998, #3089, #8581, #2412, #5059, #7973, #8065, #5331, #1587, #280, #9282, #636, #7569, #4063, #8619, #4025, #2529, #8060, #4805, #1271, #1925, #6995, #2397, #6509, #5094, #5864, #3666, #6040, #8033, #7805, #2915, #1473, #2617, #1953, #4231, #5586, #1030, #3796, #2523, #3834, #2680, #1752, #6761, #1438, #8690, #6650, #6215, #4032, #6474, #2647, #4868, #1348, #8108, #4489, #1661, #6557, #6478, #9253, #4089, #6957, #5338, #2642, #3309, #671 ) ) ;
#3855 = CARTESIAN_POINT ( 'NONE',  ( 0.08227071721339980492, 0.04165494273800093850, 0.1213663937134739773 ) ) ;
#3856 = CARTESIAN_POINT ( 'NONE',  ( 0.08958759230915104566, 0.04717762677577726216, 0.09721594189912968753 ) ) ;
#3857 = ORIENTED_EDGE ( 'NONE', *, *, #1836, .T. ) ;
#3858 = ORIENTED_EDGE ( 'NONE', *, *, #6425, .T. ) ;
#3859 = CARTESIAN_POINT ( 'NONE',  ( 0.008283642233379413800, 0.04812102740775289766, 0.05553943645836941639 ) ) ;
#3860 = DIRECTION ( 'NONE',  ( 0.7071067789270740755, 1.314504061156184145E-15, 0.7071067834460210699 ) ) ;
#3861 = EDGE_CURVE ( 'NONE', #8492, #4261, #5609, .T. ) ;
#3862 = DIRECTION ( 'NONE',  ( 3.911738858581304556E-17, 1.000000000000000000, -7.642569011097939605E-18 ) ) ;
#3863 = AXIS2_PLACEMENT_3D ( 'NONE', #5299, #5951, #3883 ) ;
#3864 = UNCERTAINTY_MEASURE_WITH_UNIT (LENGTH_MEASURE( 1.000000000000000082E-05 ), #8797, 'distance_accuracy_value', 'NONE');
#3865 = CARTESIAN_POINT ( 'NONE',  ( 0.08568531216071749446, 0.05434726921253368870, 0.09578595793371484646 ) ) ;
#3866 = ORIENTED_EDGE ( 'NONE', *, *, #86, .T. ) ;
#3867 = ORIENTED_EDGE ( 'NONE', *, *, #4289, .T. ) ;
#3868 = CARTESIAN_POINT ( 'NONE',  ( 0.005596335865784458040, 0.04157203745077834439, 0.03822462765684899594 ) ) ;
#3869 = CARTESIAN_POINT ( 'NONE',  ( 0.07648847585485381295, 0.04012474280258083309, 0.1308596439088676455 ) ) ;
#3870 = EDGE_LOOP ( 'NONE', ( #9011, #6582, #2357, #6569, #2248 ) ) ;
#3871 = CARTESIAN_POINT ( 'NONE',  ( 0.01436390884295770005, 0.04426541884346809480, 0.1362230458052300086 ) ) ;
#3872 = CARTESIAN_POINT ( 'NONE',  ( 0.01901415303649989924, 0.05130730125242714823, 0.04897849170664055063 ) ) ;
#3873 = CARTESIAN_POINT ( 'NONE',  ( 0.08546192353874949854, 0.04136254419560750351, 0.1188913600386510006 ) ) ;
#3874 = CARTESIAN_POINT ( 'NONE',  ( 0.07271076962838921021, 0.04935163502714315364, 0.1307034573621624063 ) ) ;
#3875 = B_SPLINE_CURVE_WITH_KNOTS ( 'NONE', 3,
 ( #4665, #524, #475, #7584 ),
 .UNSPECIFIED., .F., .F.,
 ( 4, 4 ),
 ( 0.000000000000000000, 1.000000000000000000 ),
 .UNSPECIFIED. ) ;
#3876 = CARTESIAN_POINT ( 'NONE',  ( 0.07648369222202859585, 0.04157203046497098126, 0.03856388664345028472 ) ) ;
#3877 = ORIENTED_EDGE ( 'NONE', *, *, #7307, .F. ) ;
#3878 = CARTESIAN_POINT ( 'NONE',  ( 0.06346296366440784542, 0.04990270069763821231, 0.1364169176810506035 ) ) ;
#3879 = DIRECTION ( 'NONE',  ( -0.9999835139982308219, 5.974769818641938370E-17, -0.005742101684089249113 ) ) ;
#3880 = LINE ( 'NONE', #2082, #4084 ) ;
#3881 = ORIENTED_EDGE ( 'NONE', *, *, #7626, .T. ) ;
#3882 = DIRECTION ( 'NONE',  ( 0.005742101684089277736, 0.000000000000000000, -0.9999835139982307108 ) ) ;
#3883 = DIRECTION ( 'NONE',  ( 0.005742101684089199673, 0.000000000000000000, -0.9999835139982305998 ) ) ;
#3884 = ORIENTED_EDGE ( 'NONE', *, *, #4982, .F. ) ;
#3885 = DIRECTION ( 'NONE',  ( 1.000000000000000000, -5.979188663871559846E-17, 0.000000000000000000 ) ) ;
#3886 = CARTESIAN_POINT ( 'NONE',  ( 0.05195442029425489938, 0.1166543397324600051, 0.1059439503428780127 ) ) ;
#3887 = ORIENTED_EDGE ( 'NONE', *, *, #9218, .F. ) ;
#3888 = DIRECTION ( 'NONE',  ( 0.000000000000000000, 0.000000000000000000, -1.000000000000000000 ) ) ;
#3889 = DIRECTION ( 'NONE',  ( -4.171111266555729594E-17, -1.000000000000000000, 0.000000000000000000 ) ) ;
#3891 = ADVANCED_FACE ( 'NONE', ( #3351 ), #1228, .T. ) ;
#3890 = LINE ( 'NONE', #7562, #602 ) ;
#3892 = CARTESIAN_POINT ( 'NONE',  ( 0.005074815350366396367, 0.04157203187793769017, 0.1471952459487514964 ) ) ;
#3893 = PLANE ( 'NONE',  #8476 ) ;
#3894 = EDGE_CURVE ( 'NONE', #9028, #5239, #5863, .T. ) ;
#3895 = CARTESIAN_POINT ( 'NONE',  ( 0.04077925308366790041, 0.05200000073015689783, 0.09287956601695539216 ) ) ;
#3896 = VERTEX_POINT ( 'NONE', #7913 ) ;
#3897 = CARTESIAN_POINT ( 'NONE',  ( 0.06875415730951990601, 0.04165288175581323415, 0.1347198914941613590 ) ) ;
#3898 = CARTESIAN_POINT ( 'NONE',  ( 0.08425220591253647362, 0.04990270080185961465, 0.06813358957082354950 ) ) ;
#3899 = CARTESIAN_POINT ( 'NONE',  ( 0.08976065752154763211, 0.04538072671834401245, 0.09152689610287940980 ) ) ;
#3900 = ORIENTED_EDGE ( 'NONE', *, *, #3830, .T. ) ;
#3901 = ORIENTED_EDGE ( 'NONE', *, *, #1718, .T. ) ;
#3902 = CARTESIAN_POINT ( 'NONE',  ( -0.003604994774767470052, 0.04950000073015689561, 0.1233983926077790033 ) ) ;
#3903 = CARTESIAN_POINT ( 'NONE',  ( 0.01286558417704798500, 0.05199871775156305470, 0.1369829805924576427 ) ) ;
#3904 = CARTESIAN_POINT ( 'NONE',  ( 0.07877680634231558343, 0.04010848546771645512, 0.1304300671849892290 ) ) ;
#3905 = AXIS2_PLACEMENT_3D ( 'NONE', #5144, #7872, #1421 ) ;
#3906 = ADVANCED_FACE ( 'NONE', ( #7303 ), #2262, .F. ) ;
#3907 = EDGE_CURVE ( 'NONE', #4620, #6361, #3627, .T. ) ;
#3908 = CARTESIAN_POINT ( 'NONE',  ( 0.002462593422894069923, 0.05200000073015689783, 0.1453851237460229984 ) ) ;
#3909 = VERTEX_POINT ( 'NONE', #2168 ) ;
#3910 = VERTEX_POINT ( 'NONE', #3726 ) ;
#3911 = EDGE_CURVE ( 'NONE', #4714, #6109, #4049, .T. ) ;
#3912 = DIRECTION ( 'NONE',  ( -0.4344876699857396773, -0.7010108906134661089, 0.5655123304329252587 ) ) ;
#3913 = VECTOR ( 'NONE', #84, 1.000000000000000000 ) ;
#3914 = LINE ( 'NONE', #6694, #3781 ) ;
#3915 = ORIENTED_EDGE ( 'NONE', *, *, #5695, .T. ) ;
#3916 = CARTESIAN_POINT ( 'NONE',  ( 0.08548969121601285304, 0.04881467894341157132, 0.09797672065335276403 ) ) ;
#3917 = CARTESIAN_POINT ( 'NONE',  ( 0.08167408295494059389, 0.04410757410786769750, 0.1207697594512019967 ) ) ;
#3918 = LINE ( 'NONE', #2502, #2751 ) ;
#3919 = CARTESIAN_POINT ( 'NONE',  ( 0.06606912642155197968, 0.04451988738448820621, 0.04969919409305608576 ) ) ;
#3920 = CARTESIAN_POINT ( 'NONE',  ( 0.008842939519719279079, 0.05200000073015689783, 0.1300423414238750242 ) ) ;
#3921 = EDGE_LOOP ( 'NONE', ( #5374, #1377, #3135, #8894, #5407, #2214, #456, #95, #3967, #942 ) ) ;
#3922 = DIRECTION ( 'NONE',  ( 5.979188663871559846E-17, 1.000000000000000000, -7.523851983841539456E-18 ) ) ;
#3923 = CARTESIAN_POINT ( 'NONE',  ( 0.08670118892599530669, 0.04024622836390340241, 0.1170344923481270033 ) ) ;
#3924 = VECTOR ( 'NONE', #4993, 1.000000000000000000 ) ;
#3925 = DIRECTION ( 'NONE',  ( 0.7071067789270735204, -3.695908159165667450E-17, 0.7071067834460215140 ) ) ;
#3926 = CARTESIAN_POINT ( 'NONE',  ( 0.004758546120967366115, 0.04010850364464405710, 0.1309379151212991810 ) ) ;
#3927 = CIRCLE ( 'NONE', #161, 0.001699999999999989931 ) ;
#3928 = CARTESIAN_POINT ( 'NONE',  ( 0.06824892926991750486, 0.04990270069763820537, 0.1377501973685599790 ) ) ;
#3929 = CYLINDRICAL_SURFACE ( 'NONE', #1001, 0.005000000000000003574 ) ;
#3930 = ORIENTED_EDGE ( 'NONE', *, *, #5326, .T. ) ;
#3931 = DIRECTION ( 'NONE',  ( -2.613401732743700023E-17, -1.000000000000000000, -2.613401732743700023E-17 ) ) ;
#3932 = VECTOR ( 'NONE', #8269, 1.000000000000000000 ) ;
#3933 = DIRECTION ( 'NONE',  ( 0.000000000000000000, 0.000000000000000000, 1.000000000000000000 ) ) ;
#3934 = CARTESIAN_POINT ( 'NONE',  ( 0.04077925308366800450, 0.04410757410786769750, 0.09287956601695539216 ) ) ;
#3935 = ORIENTED_EDGE ( 'NONE', *, *, #3003, .T. ) ;
#3936 = LINE ( 'NONE', #4552, #8210 ) ;
#3937 = CARTESIAN_POINT ( 'NONE',  ( 0.07572864948822444209, 0.04131989642623430659, 0.1476838247373747914 ) ) ;
#3938 = AXIS2_PLACEMENT_3D ( 'NONE', #2364, #6601, #195 ) ;
#3939 = DIRECTION ( 'NONE',  ( -0.09264842846038660873, -0.9913791088767974768, 0.09264842786829993737 ) ) ;
#3940 = CARTESIAN_POINT ( 'NONE',  ( -0.002176202499115049982, 0.05294639108764150059, 0.06927700649579959791 ) ) ;
#3941 = CARTESIAN_POINT ( 'NONE',  ( 0.06319919003089820297, 0.04083882268542819716, 0.04818288569903620561 ) ) ;
#3942 = CARTESIAN_POINT ( 'NONE',  ( 0.005426622938037914574, 0.04115977066374346127, 0.1474264732444356407 ) ) ;
#3943 = ORIENTED_EDGE ( 'NONE', *, *, #4925, .T. ) ;
#3944 = B_SPLINE_CURVE_WITH_KNOTS ( 'NONE', 3,
 ( #8536, #2691, #1327, #8627, #1375, #4858 ),
 .UNSPECIFIED., .F., .F.,
 ( 4, 2, 4 ),
 ( 0.000000000000000000, 0.2499998905626389656, 0.4999997811252779312 ),
 .UNSPECIFIED. ) ;
#3945 = EDGE_CURVE ( 'NONE', #8644, #3621, #7202, .T. ) ;
#3946 = PLANE ( 'NONE',  #8159 ) ;
#3947 = EDGE_CURVE ( 'NONE', #8628, #7823, #8768, .T. ) ;
#3948 = FACE_BOUND ( 'NONE', #4653, .T. ) ;
#3949 = AXIS2_PLACEMENT_3D ( 'NONE', #7061, #8570, #5653 ) ;
#3950 = CARTESIAN_POINT ( 'NONE',  ( 0.005289013633003649892, 0.04721957596032489574, 0.05837314771927470253 ) ) ;
#3951 = CARTESIAN_POINT ( 'NONE',  ( 0.08977893715306885236, 0.04513638582783317810, 0.09253286797150457599 ) ) ;
#3952 = VERTEX_POINT ( 'NONE', #1506 ) ;
#3953 = CIRCLE ( 'NONE', #6358, 0.04900000000000002270 ) ;
#3954 = VERTEX_POINT ( 'NONE', #5834 ) ;
#3955 = AXIS2_PLACEMENT_3D ( 'NONE', #1845, #4015, #6886 ) ;
#3956 = EDGE_CURVE ( 'NONE', #735, #7044, #3014, .T. ) ;
#3957 = B_SPLINE_CURVE_WITH_KNOTS ( 'NONE', 3,
 ( #725, #5623, #771, #3028, #2981, #8632 ),
 .UNSPECIFIED., .F., .F.,
 ( 4, 1, 1, 4 ),
 ( 0.000000000000000000, 0.2857142857140029801, 0.4285714285710041094, 0.5000296306058983342 ),
 .UNSPECIFIED. ) ;
#3958 = FACE_OUTER_BOUND ( 'NONE', #679, .T. ) ;
#3959 = VECTOR ( 'NONE', #2059, 1.000000000000000000 ) ;
#3960 = CARTESIAN_POINT ( 'NONE',  ( 0.04077925308366790041, 0.09210757410786771238, 0.09287956601695539216 ) ) ;
#3961 = CARTESIAN_POINT ( 'NONE',  ( 0.001665705926261220032, 0.04010757410786770089, 0.1315464824800660071 ) ) ;
#3962 = CARTESIAN_POINT ( 'NONE',  ( 0.005664936386963648381, 0.05200000073015689783, 0.1430998866565145744 ) ) ;
#3963 = ORIENTED_EDGE ( 'NONE', *, *, #5011, .T. ) ;
#3964 = VERTEX_POINT ( 'NONE', #43 ) ;
#3965 = CARTESIAN_POINT ( 'NONE',  ( -0.006004443813780166450, 0.04950000073015689561, 0.05910050551889955289 ) ) ;
#3966 = CARTESIAN_POINT ( 'NONE',  ( 0.004395197439645752088, 0.04259681251052619549, 0.1467425717035438504 ) ) ;
#3967 = ORIENTED_EDGE ( 'NONE', *, *, #4081, .F. ) ;
#3968 = CARTESIAN_POINT ( 'NONE',  ( 0.01542280509880319950, 0.04053754202716920024, 0.1388563357059630077 ) ) ;
#3969 = ADVANCED_FACE ( 'NONE', ( #5232 ), #2923, .F. ) ;
#3970 = LINE ( 'NONE', #3159, #1604 ) ;
#3971 = CARTESIAN_POINT ( 'NONE',  ( 0.08401324968647630453, 0.04320671181744190070, 0.1160517555864610112 ) ) ;
#3972 = PLANE ( 'NONE',  #6639 ) ;
#3973 = CARTESIAN_POINT ( 'NONE',  ( 0.07313241741640284788, 0.04790174896812494226, 0.1296810830598409403 ) ) ;
#3974 = ORIENTED_EDGE ( 'NONE', *, *, #7927, .F. ) ;
#3975 = CARTESIAN_POINT ( 'NONE',  ( 0.04077925308366790041, 0.05200000073015689783, 0.09287956601695539216 ) ) ;
#3976 = CARTESIAN_POINT ( 'NONE',  ( 0.01001436241032429945, 0.04010757410786770089, 0.1366490931089540117 ) ) ;
#3977 = ORIENTED_EDGE ( 'NONE', *, *, #5903, .T. ) ;
#3978 = CARTESIAN_POINT ( 'NONE',  ( 0.04115248969313370364, 0.04010757410786770089, 0.02788063760707036598 ) ) ;
#3979 = EDGE_CURVE ( 'NONE', #8629, #3896, #8203, .T. ) ;
#3980 = CARTESIAN_POINT ( 'NONE',  ( 0.06608266661443405743, 0.05200012885413949487, 0.04983091836143029030 ) ) ;
#3981 = FACE_OUTER_BOUND ( 'NONE', #6449, .T. ) ;
#3982 = CARTESIAN_POINT ( 'NONE',  ( 0.07771618255636117412, 0.04811594320717967749, 0.1258327637542510646 ) ) ;
#3983 = CARTESIAN_POINT ( 'NONE',  ( 0.08025494972356279899, 0.04950000073015689561, 0.04123976184618999979 ) ) ;
#3984 = VERTEX_POINT ( 'NONE', #1416 ) ;
#3985 = CARTESIAN_POINT ( 'NONE',  ( -0.003144859824957650218, 0.04990270069763820537, 0.1145975840018060021 ) ) ;
#3986 = CARTESIAN_POINT ( 'NONE',  ( 0.06821361376094289830, 0.05132137481406130047, 0.1375933439777730083 ) ) ;
#3987 = DIRECTION ( 'NONE',  ( -0.7071067811865475727, 0.000000000000000000, -0.7071067811865475727 ) ) ;
#3988 = CARTESIAN_POINT ( 'NONE',  ( -0.002922355117062560344, 0.05208030290971969734, 0.06537756622611069768 ) ) ;
#3989 = CARTESIAN_POINT ( 'NONE',  ( 0.06493627098028680045, 0.04010757410786770089, 0.04585027227216560003 ) ) ;
#3990 = CARTESIAN_POINT ( 'NONE',  ( 0.06552528806215865420, 0.04452470293914811972, 0.1363523170124648909 ) ) ;
#3991 = ORIENTED_EDGE ( 'NONE', *, *, #7244, .T. ) ;
#3992 = CARTESIAN_POINT ( 'NONE',  ( 0.003256040007226449016, 0.05050581512929854661, 0.1459558317734295230 ) ) ;
#3993 = CARTESIAN_POINT ( 'NONE',  ( -0.003537808602805469962, 0.04404769743660890552, 0.06510267466286799587 ) ) ;
#3994 = VECTOR ( 'NONE', #3129, 1.000000000000000000 ) ;
#3995 = CARTESIAN_POINT ( 'NONE',  ( 0.06533048873711899684, 0.04018993005514339550, 0.04619590350476149992 ) ) ;
#3996 = DIRECTION ( 'NONE',  ( -0.005742101684087874344, 0.000000000000000000, 0.9999835139982305998 ) ) ;
#3997 = ORIENTED_EDGE ( 'NONE', *, *, #1831, .F. ) ;
#3998 = VERTEX_POINT ( 'NONE', #855 ) ;
#3999 = EDGE_CURVE ( 'NONE', #8622, #4406, #4286, .T. ) ;
#4000 = CARTESIAN_POINT ( 'NONE',  ( 0.01585861207580020055, 0.05074299046962749832, 0.04970641774541179753 ) ) ;
#4001 = EDGE_CURVE ( 'NONE', #1226, #6992, #4213, .T. ) ;
#4002 = CARTESIAN_POINT ( 'NONE',  ( -0.01158953930497930163, 0.04787996000156236054, 0.1313829370869639135 ) ) ;
#4003 = CARTESIAN_POINT ( 'NONE',  ( 0.07810742045320859250, 0.04011186289069527261, 0.1309448169810556450 ) ) ;
#4004 = EDGE_CURVE ( 'NONE', #7582, #2019, #5270, .T. ) ;
#4005 = AXIS2_PLACEMENT_3D ( 'NONE', #7, #5760, #1098 ) ;
#4006 = CARTESIAN_POINT ( 'NONE',  ( 0.08548412807070221442, 0.05115194282234120093, 0.09802487802446512022 ) ) ;
#4007 = ORIENTED_EDGE ( 'NONE', *, *, #1063, .T. ) ;
#4008 = ORIENTED_EDGE ( 'NONE', *, *, #1869, .F. ) ;
#4009 = CARTESIAN_POINT ( 'NONE',  ( 0.003445571842606908429, 0.04811094364649283472, 0.1253825840378026413 ) ) ;
#4010 = CARTESIAN_POINT ( 'NONE',  ( 0.004625511846788803692, 0.04219024172279851187, 0.1468972377470168511 ) ) ;
#4011 = ORIENTED_EDGE ( 'NONE', *, *, #2072, .T. ) ;
#4012 = CARTESIAN_POINT ( 'NONE',  ( 0.08577440240138646532, 0.04519420388567317592, 0.09221755954015278811 ) ) ;
#4013 = APPROVAL ( #7991, 'UNSPECIFIED' ) ;
#4014 = CARTESIAN_POINT ( 'NONE',  ( 0.06010358305002700546, 0.07410757410786771027, 0.07999031579239709866 ) ) ;
#4015 = DIRECTION ( 'NONE',  ( -5.979188663871559846E-17, -1.000000000000000000, 7.523851983841548700E-18 ) ) ;
#4016 = CARTESIAN_POINT ( 'NONE',  ( -0.005824130485128480202, 0.04037124799189970026, 0.1172768546448549887 ) ) ;
#4017 = CARTESIAN_POINT ( 'NONE',  ( 0.06249727106851889896, 0.04416030888467410015, 0.1368036789255810126 ) ) ;
#4018 = ORIENTED_EDGE ( 'NONE', *, *, #868, .F. ) ;
#4019 = DIRECTION ( 'NONE',  ( 5.979188663871559846E-17, 1.000000000000000000, -7.523851983841539456E-18 ) ) ;
#4020 = CARTESIAN_POINT ( 'NONE',  ( 0.08713220696585489977, 0.04035255481984920123, 0.1178075075277200123 ) ) ;
#4021 = DIRECTION ( 'NONE',  ( 5.979188663871559846E-17, 1.000000000000000000, -7.523851983841539456E-18 ) ) ;
#4022 = CARTESIAN_POINT ( 'NONE',  ( -0.006219432102076880367, 0.04432088081784599926, 0.03201545945828000034 ) ) ;
#4023 = DIRECTION ( 'NONE',  ( -0.7071067834460215140, -7.105427357600994611E-17, 0.7071067789270735204 ) ) ;
#4024 = CARTESIAN_POINT ( 'NONE',  ( 0.006912340436570287190, 0.04728641273097810432, 0.1282941281488177154 ) ) ;
#4025 = ADVANCED_FACE ( 'NONE', ( #5089 ), #896, .F. ) ;
#4026 = DIRECTION ( 'NONE',  ( 0.000000000000000000, 0.000000000000000000, 1.000000000000000000 ) ) ;
#4027 = ADVANCED_FACE ( 'NONE', ( #8010 ), #189, .F. ) ;
#4028 = CARTESIAN_POINT ( 'NONE',  ( 0.05195442029425489938, 0.04010757410786770089, 0.1059439503428780127 ) ) ;
#4029 = CARTESIAN_POINT ( 'NONE',  ( 0.07851564081017320396, 0.04011171732276840735, 0.05522252168916425702 ) ) ;
#4030 = ORIENTED_EDGE ( 'NONE', *, *, #4181, .F. ) ;
#4031 = CARTESIAN_POINT ( 'NONE',  ( 0.01854115668808260092, 0.04985783708471710346, 0.1365426748011530078 ) ) ;
#4032 = ADVANCED_FACE ( 'NONE', ( #716 ), #150, .F. ) ;
#4033 = LINE ( 'NONE', #6901, #2285 ) ;
#4034 =( BOUNDED_CURVE ( )  B_SPLINE_CURVE ( 3, ( #7081, #5060, #688, #9259 ),
 .UNSPECIFIED., .F., .F. ) 
 B_SPLINE_CURVE_WITH_KNOTS ( ( 4, 4 ),
 ( 4.712388980384689674, 5.181573038616259730 ),
 .UNSPECIFIED. ) 
 CURVE ( )  GEOMETRIC_REPRESENTATION_ITEM ( )  RATIONAL_B_SPLINE_CURVE ( ( 1.000000000000000000, 0.9817395023706201318, 0.9817395023706201318, 1.000000000000000000 ) ) 
 REPRESENTATION_ITEM ( '' )  );
#4035 = CARTESIAN_POINT ( 'NONE',  ( 0.07686036817233006524, 0.04011567850663638746, 0.05509523933600389556 ) ) ;
#4036 = CARTESIAN_POINT ( 'NONE',  ( -0.002495107211484849912, 0.05200000073015689783, 0.1413803880826199899 ) ) ;
#4037 = CARTESIAN_POINT ( 'NONE',  ( -0.002401586602380424013, 0.04451994121933380844, 0.06758977977137031745 ) ) ;
#4038 = ORIENTED_EDGE ( 'NONE', *, *, #4116, .T. ) ;
#4039 = CARTESIAN_POINT ( 'NONE',  ( 0.01906123509881689840, 0.09210757410786771238, 0.04895545310832979946 ) ) ;
#4040 = CARTESIAN_POINT ( 'NONE',  ( 0.07839275382394630953, 0.04760757410786779775, 0.04226142890178979927 ) ) ;
#4041 = CARTESIAN_POINT ( 'NONE',  ( 0.08196930178709280201, 0.04232327790369416753, 0.1210649782852406681 ) ) ;
#4042 = CARTESIAN_POINT ( 'NONE',  ( 0.008955129192330929869, 0.03610757410786769733, 0.1056970399704625918 ) ) ;
#4043 = ORIENTED_EDGE ( 'NONE', *, *, #6006, .F. ) ;
#4044 = ORIENTED_EDGE ( 'NONE', *, *, #8967, .T. ) ;
#4045 = CARTESIAN_POINT ( 'NONE',  ( 0.01662432675248460071, 0.04024622836390739922, 0.1388015018592770045 ) ) ;
#4046 = MANIFOLD_SOLID_BREP ( 'Boss-Extrude1', #3854 ) ;
#4047 = FACE_OUTER_BOUND ( 'NONE', #2080, .T. ) ;
#4048 = LINE ( 'NONE', #2868, #6043 ) ;
#4049 = B_SPLINE_CURVE_WITH_KNOTS ( 'NONE', 3,
 ( #1606, #5882, #6594, #8621 ),
 .UNSPECIFIED., .F., .F.,
 ( 4, 4 ),
 ( 0.000000000000000000, 1.000000000000000000 ),
 .UNSPECIFIED. ) ;
#4050 = CARTESIAN_POINT ( 'NONE',  ( 0.08557904963423193512, 0.05312995499579845071, 0.09712012322730632918 ) ) ;
#4051 = ORIENTED_EDGE ( 'NONE', *, *, #1955, .T. ) ;
#4052 = VERTEX_POINT ( 'NONE', #6453 ) ;
#4053 = DIRECTION ( 'NONE',  ( 0.9999835139982308219, -5.974769818641948231E-17, 0.005742101684089249113 ) ) ;
#4054 = B_SPLINE_CURVE_WITH_KNOTS ( 'NONE', 3,
 ( #5673, #4307, #6469, #2892, #8686, #4579, #8870, #3122, #7274, #1002, #5986, #5902, #957, #7452, #3876 ),
 .UNSPECIFIED., .F., .F.,
 ( 4, 2, 2, 2, 1, 1, 1, 2, 4 ),
 ( 0.000000000000000000, 0.2477575231081208806, 0.3716362846621821814, 0.4335756654392128873, 0.4645453558277291006, 0.4800302010219882343, 0.4877726236191153308, 0.4916438349176773803, 0.4955150462162393188 ),
 .UNSPECIFIED. ) ;
#4055 = CARTESIAN_POINT ( 'NONE',  ( -0.01454228293041130368, 0.04066322531946243990, 0.1270015952865280739 ) ) ;
#4056 = ORIENTED_EDGE ( 'NONE', *, *, #2855, .T. ) ;
#4057 = CARTESIAN_POINT ( 'NONE',  ( 0.08570990856933788371, 0.04593673233287871166, 0.09038209551919017259 ) ) ;
#4058 = CARTESIAN_POINT ( 'NONE',  ( 0.09509138718499698939, 0.04157835917304279760, 0.1285893984339752105 ) ) ;
#4059 = CIRCLE ( 'NONE', #6310, 0.04900000000000002270 ) ;
#4060 = CARTESIAN_POINT ( 'NONE',  ( -0.002883855700529409927, 0.04415657025026400312, 0.07064146962137000940 ) ) ;
#4061 = CARTESIAN_POINT ( 'NONE',  ( 0.04077925308366790041, 0.03610757410786769733, 0.09287956601695539216 ) ) ;
#4062 = CARTESIAN_POINT ( 'NONE',  ( 0.07449290478774110713, 0.04728730665580380133, 0.1284378236904749893 ) ) ;
#4063 = ADVANCED_FACE ( 'NONE', ( #6110 ), #1617, .T. ) ;
#4064 = ORIENTED_EDGE ( 'NONE', *, *, #734, .F. ) ;
#4065 = CARTESIAN_POINT ( 'NONE',  ( 0.002976163709507939799, 0.05200000073015689783, 0.04000304538852079983 ) ) ;
#4066 = EDGE_CURVE ( 'NONE', #53, #5519, #5271, .T. ) ;
#4067 = DIRECTION ( 'NONE',  ( -0.5655123332096403388, -0.7010108906134557838, 0.4344876663716915055 ) ) ;
#4068 = AXIS2_PLACEMENT_3D ( 'NONE', #1462, #7957, #4476 ) ;
#4069 = CARTESIAN_POINT ( 'NONE',  ( -0.008125425183496778891, 0.04010757410786770089, 0.1356969975558169894 ) ) ;
#4070 = DIRECTION ( 'NONE',  ( -4.027934139806210305E-16, 1.000000000000000000, -1.018010760859769879E-17 ) ) ;
#4071 = CARTESIAN_POINT ( 'NONE',  ( 0.01402531993956563847, 0.04186349440456325899, 0.1378338865060269591 ) ) ;
#4072 = CARTESIAN_POINT ( 'NONE',  ( -0.008768885217439490593, 0.04743424316138779989, 0.1434115253749179975 ) ) ;
#4073 = CARTESIAN_POINT ( 'NONE',  ( 0.07339353227045819494, 0.04010757410786770089, 0.03665404873942299663 ) ) ;
#4074 = CARTESIAN_POINT ( 'NONE',  ( 0.08323309521551620904, 0.04084479077470689473, 0.06429114514038226924 ) ) ;
#4075 = CARTESIAN_POINT ( 'NONE',  ( 0.07931002375623698308, 0.04010757410786770089, 0.05581116668380058793 ) ) ;
#4076 = ORIENTED_EDGE ( 'NONE', *, *, #1934, .T. ) ;
#4077 = DIRECTION ( 'NONE',  ( -1.414202144601789873E-17, -1.000000000000000000, 7.785982473126689140E-18 ) ) ;
#4078 = VECTOR ( 'NONE', #5217, 1.000000000000000000 ) ;
#4079 = CARTESIAN_POINT ( 'NONE',  ( 0.07580468759958917946, 0.04721833749059819313, 0.1278640414195368336 ) ) ;
#4080 = CARTESIAN_POINT ( 'NONE',  ( 0.01001436241032429945, 0.04010757410786770089, 0.1366490931089540117 ) ) ;
#4081 = EDGE_CURVE ( 'NONE', #9217, #4275, #3488, .T. ) ;
#4082 = LINE ( 'NONE', #5400, #2792 ) ;
#4083 = CARTESIAN_POINT ( 'NONE',  ( 0.07987471262077203149, 0.04010757410786770089, 0.05736259762293732800 ) ) ;
#4084 = VECTOR ( 'NONE', #2842, 1.000000000000000000 ) ;
#4085 = EDGE_CURVE ( 'NONE', #1701, #3205, #7516, .T. ) ;
#4086 = ORIENTED_EDGE ( 'NONE', *, *, #979, .F. ) ;
#4087 = VECTOR ( 'NONE', #6171, 1.000000000000000000 ) ;
#4088 = CARTESIAN_POINT ( 'NONE',  ( 0.003685239267195360765, 0.04880348369394084396, 0.1462559366447095111 ) ) ;
#4089 = ADVANCED_FACE ( 'NONE', ( #3958 ), #7436, .F. ) ;
#4090 = CARTESIAN_POINT ( 'NONE',  ( -0.003803741046992940161, 0.04510757410786769839, 0.06483674221698100537 ) ) ;
#4091 = CARTESIAN_POINT ( 'NONE',  ( 0.07576372848624934875, 0.04721833749059818619, 0.05785413150103414781 ) ) ;
#4092 = CARTESIAN_POINT ( 'NONE',  ( 0.07989280024107690836, 0.03610757410786769733, 0.05421264955384290374 ) ) ;
#4093 = ORIENTED_EDGE ( 'NONE', *, *, #5412, .T. ) ;
#4094 = ORIENTED_EDGE ( 'NONE', *, *, #5963, .T. ) ;
#4095 = CARTESIAN_POINT ( 'NONE',  ( 0.01314424730459892027, 0.04244498763474927050, 0.05137913898870441476 ) ) ;
#4096 = LINE ( 'NONE', #6915, #949 ) ;
#4097 = CARTESIAN_POINT ( 'NONE',  ( 0.07817241239422925703, 0.04011240230145457497, 0.1308651774961960834 ) ) ;
#4098 = VECTOR ( 'NONE', #6868, 1.000000000000000000 ) ;
#4099 = VECTOR ( 'NONE', #6393, 1.000000000000000000 ) ;
#4100 = CARTESIAN_POINT ( 'NONE',  ( 0.01916439423170840026, 0.04322991009745370122, 0.04890375990154450375 ) ) ;
#4101 = ORIENTED_EDGE ( 'NONE', *, *, #1029, .T. ) ;
#4102 = ORIENTED_EDGE ( 'NONE', *, *, #7290, .F. ) ;
#4103 = CARTESIAN_POINT ( 'NONE',  ( 0.08396718526890595280, 0.04985783735731008637, 0.1160506418891738556 ) ) ;
#4104 = VECTOR ( 'NONE', #6480, 1.000000000000000000 ) ;
#4105 = CARTESIAN_POINT ( 'NONE',  ( 0.06755329044312378961, 0.05063850073179329558, 0.1370776466858109888 ) ) ;
#4106 = ORIENTED_EDGE ( 'NONE', *, *, #8523, .T. ) ;
#4107 = CARTESIAN_POINT ( 'NONE',  ( 0.003550183184661853675, 0.04014180039790678917, 0.05660713424524033838 ) ) ;
#4108 = DIRECTION ( 'NONE',  ( -5.979188663871559846E-17, -1.000000000000000000, 7.523851983841548700E-18 ) ) ;
#4109 = CARTESIAN_POINT ( 'NONE',  ( 0.01654490499568798609, 0.04990270069763820537, 0.04949124906953352582 ) ) ;
#4110 = CARTESIAN_POINT ( 'NONE',  ( 0.08968393135083260748, 0.05200000073015689783, 0.05006213447809369776 ) ) ;
#4111 = CARTESIAN_POINT ( 'NONE',  ( 0.06882207688364230802, 0.04510757410786769839, 0.04829657188629449954 ) ) ;
#4112 = VERTEX_POINT ( 'NONE', #1738 ) ;
#4113 = LINE ( 'NONE', #3311, #3180 ) ;
#4114 = CARTESIAN_POINT ( 'NONE',  ( 0.06409715732650204945, 0.05200019113083650252, 0.1362647941463268897 ) ) ;
#4115 = CARTESIAN_POINT ( 'NONE',  ( 0.08453244279312140119, 0.04410757410786769750, 0.1149401361286670059 ) ) ;
#4116 = EDGE_CURVE ( 'NONE', #3839, #8345, #4394, .T. ) ;
#4117 = EDGE_CURVE ( 'NONE', #2375, #3724, #6732, .T. ) ;
#4118 = CARTESIAN_POINT ( 'NONE',  ( -0.01619576619090849767, 0.04432088081784599926, 0.1437673385116530200 ) ) ;
#4119 = CARTESIAN_POINT ( 'NONE',  ( 0.008180240590137674919, 0.04818204933774236642, 0.1294624087775050336 ) ) ;
#4120 = CARTESIAN_POINT ( 'NONE',  ( 0.002686992531994455459, 0.04010780194782988251, 0.05536739640435194010 ) ) ;
#4121 = CARTESIAN_POINT ( 'NONE',  ( 0.07332796373915524690, 0.04886007634415075879, 0.05558572169378690059 ) ) ;
#4122 = EDGE_CURVE ( 'NONE', #8338, #6865, #5414, .T. ) ;
#4123 = CARTESIAN_POINT ( 'NONE',  ( 0.07758549338591834432, 0.04793298683880996280, 0.1259786404516805569 ) ) ;
#4124 = CARTESIAN_POINT ( 'NONE',  ( 0.1045942611465830036, 0.05200000073015689783, 0.1627818209423640139 ) ) ;
#4125 = VERTEX_POINT ( 'NONE', #1313 ) ;
#4126 = AXIS2_PLACEMENT_3D ( 'NONE', #8248, #7405, #247 ) ;
#4127 = ORIENTED_EDGE ( 'NONE', *, *, #62, .F. ) ;
#4128 = CARTESIAN_POINT ( 'NONE',  ( 0.07752574263851010061, 0.05200000073015689783, 0.05090661464988290030 ) ) ;
#4129 = CARTESIAN_POINT ( 'NONE',  ( 0.08977330639544778279, 0.05499094070561614395, 0.09188450055885361012 ) ) ;
#4130 = CARTESIAN_POINT ( 'NONE',  ( 0.07699844681762127441, 0.04013519048981059600, 0.05552437844616949641 ) ) ;
#4131 = CARTESIAN_POINT ( 'NONE',  ( 0.01337104080228749929, 0.04985783708471710346, 0.1368279486330780115 ) ) ;
#4132 = CARTESIAN_POINT ( 'NONE',  ( 0.07795034225420945095, 0.04847422177849781966, 0.06095167923416525829 ) ) ;
#4133 = DIRECTION ( 'NONE',  ( 5.979188663871559846E-17, 1.000000000000000000, 7.519414284695730293E-33 ) ) ;
#4134 = CARTESIAN_POINT ( 'NONE',  ( -0.01348064333931047777, 0.04167385646363905294, 0.05709038706116621731 ) ) ;
#4135 = CARTESIAN_POINT ( 'NONE',  ( 0.008426088750924954143, 0.04790174896810131533, 0.05607804897407676209 ) ) ;
#4136 = LINE ( 'NONE', #8423, #8661 ) ;
#4137 = ORIENTED_EDGE ( 'NONE', *, *, #3663, .F. ) ;
#4138 = ORIENTED_EDGE ( 'NONE', *, *, #962, .T. ) ;
#4139 = CARTESIAN_POINT ( 'NONE',  ( 0.01288905964942180064, 0.04410757410786769750, 0.1337743958882280093 ) ) ;
#4140 = DIRECTION ( 'NONE',  ( 5.979188663871559846E-17, 1.000000000000000000, -7.523851983841539456E-18 ) ) ;
#4141 = AXIS2_PLACEMENT_3D ( 'NONE', #6981, #7298, #5085 ) ;
#4142 = CARTESIAN_POINT ( 'NONE',  ( 0.08738263665246438772, 0.04037124799189970026, 0.06848227738905621198 ) ) ;
#4143 = ORIENTED_EDGE ( 'NONE', *, *, #5172, .T. ) ;
#4144 = ORIENTED_EDGE ( 'NONE', *, *, #2629, .F. ) ;
#4145 = CARTESIAN_POINT ( 'NONE',  ( 0.007639679456646890354, 0.04788844319860380977, 0.1296492967316316136 ) ) ;
#4146 = EDGE_CURVE ( 'NONE', #8130, #8697, #6918, .T. ) ;
#4147 = CARTESIAN_POINT ( 'NONE',  ( 0.06575266686789259241, 0.04990270069763820537, 0.1360531487032429765 ) ) ;
#4148 = VERTEX_POINT ( 'NONE', #4139 ) ;
#4149 = CARTESIAN_POINT ( 'NONE',  ( 0.08561874582254530575, 0.04718393850591163369, 0.08908213933828851294 ) ) ;
#4150 = CIRCLE ( 'NONE', #87, 0.06500000000000002998 ) ;
#4151 = CARTESIAN_POINT ( 'NONE',  ( 0.09506687306316620456, 0.04162265302173372150, 0.1286266576080407342 ) ) ;
#4152 = DIRECTION ( 'NONE',  ( 5.979188663871559846E-17, 1.000000000000000000, -7.523851983841539456E-18 ) ) ;
#4153 = CARTESIAN_POINT ( 'NONE',  ( -0.003524242137160469961, 0.04131112745587030288, 0.1153336793339519994 ) ) ;
#4154 = CARTESIAN_POINT ( 'NONE',  ( 0.06490758908525680326, 0.04148840917819209689, 0.04917034621876009703 ) ) ;
#4155 = ORIENTED_EDGE ( 'NONE', *, *, #6022, .T. ) ;
#4156 = CARTESIAN_POINT ( 'NONE',  ( 0.07154414375701170781, 0.04010757410786770089, 0.04911003892495670320 ) ) ;
#4157 = CARTESIAN_POINT ( 'NONE',  ( 0.06564603537798813226, 0.05200007881560711476, 0.1362399502547677332 ) ) ;
#4158 = CARTESIAN_POINT ( 'NONE',  ( 0.002691350515341615641, 0.04011993602996859198, 0.1285549989294395568 ) ) ;
#4159 = CARTESIAN_POINT ( 'NONE',  ( 0.08450042151884433472, 0.04990270069763830252, 0.06712341126141739556 ) ) ;
#4160 = LINE ( 'NONE', #842, #4683 ) ;
#4161 = FACE_OUTER_BOUND ( 'NONE', #7802, .T. ) ;
#4162 = DIRECTION ( 'NONE',  ( 0.005742101684089199673, 0.000000000000000000, -0.9999835139982305998 ) ) ;
#4163 = CARTESIAN_POINT ( 'NONE',  ( 0.07944616954678039578, 0.04010757410786770089, 0.1319931131743619923 ) ) ;
#4164 = CARTESIAN_POINT ( 'NONE',  ( 0.01746135404671366256, 0.05200018931077155654, 0.04949436931126226236 ) ) ;
#4165 = ORIENTED_EDGE ( 'NONE', *, *, #8953, .F. ) ;
#4166 = ORIENTED_EDGE ( 'NONE', *, *, #2449, .T. ) ;
#4167 = CARTESIAN_POINT ( 'NONE',  ( -0.002627620940198919803, 0.05092218523322489948, 0.1156445396191769920 ) ) ;
#4168 = CARTESIAN_POINT ( 'NONE',  ( 0.08978199685977966693, 0.05510757410786770033, 0.09254198153624224044 ) ) ;
#4169 = CARTESIAN_POINT ( 'NONE',  ( 0.07691353062432225440, 0.04012344332138648856, 0.05528684295942284943 ) ) ;
#4170 = CARTESIAN_POINT ( 'NONE',  ( 0.08470336599229350005, 0.04990270069763820537, 0.07116154803210440749 ) ) ;
#4171 = CARTESIAN_POINT ( 'NONE',  ( 0.08490151229254069842, 0.04010757410786770089, 0.06262272807402020913 ) ) ;
#4172 = VERTEX_POINT ( 'NONE', #9279 ) ;
#4173 = CARTESIAN_POINT ( 'NONE',  ( 0.06274882816015539544, 0.04410757410786769750, 0.04908073303069220017 ) ) ;
#4174 = DIRECTION ( 'NONE',  ( 1.000000000000000000, -5.979188663871559846E-17, 0.000000000000000000 ) ) ;
#4175 = CARTESIAN_POINT ( 'NONE',  ( 0.07669118820823209171, 0.04722120145040200473, 0.05881223686409840085 ) ) ;
#4176 = CARTESIAN_POINT ( 'NONE',  ( 0.07623229784855589664, 0.04721887939435507470, 0.05832849947593873180 ) ) ;
#4177 = CARTESIAN_POINT ( 'NONE',  ( 0.08965066667683191381, 0.04687782045800521075, 0.08931881862871764166 ) ) ;
#4178 = ORIENTED_EDGE ( 'NONE', *, *, #2227, .F. ) ;
#4179 = VERTEX_POINT ( 'NONE', #4227 ) ;
#4180 = EDGE_CURVE ( 'NONE', #8513, #2074, #7521, .T. ) ;
#4181 = EDGE_CURVE ( 'NONE', #7044, #5196, #4965, .T. ) ;
#4182 = CARTESIAN_POINT ( 'NONE',  ( 0.01332718528211985880, 0.04305165084422150901, 0.05156207696739447538 ) ) ;
#4183 = DIRECTION ( 'NONE',  ( 0.000000000000000000, -1.000000000000000000, -6.843126857982450569E-15 ) ) ;
#4184 = CARTESIAN_POINT ( 'NONE',  ( 0.09509493245717305643, 0.04157203046497094656, 0.1285840051553160390 ) ) ;
#4185 = CARTESIAN_POINT ( 'NONE',  ( 0.04106061606618827131, 0.09210757410786771238, 0.04388037383104208961 ) ) ;
#4186 = ORIENTED_EDGE ( 'NONE', *, *, #5065, .F. ) ;
#4187 = ORIENTED_EDGE ( 'NONE', *, *, #8014, .F. ) ;
#4188 = CARTESIAN_POINT ( 'NONE',  ( 0.01026042649284429967, 0.04950000073015689561, 0.04849531815851999828 ) ) ;
#4189 = DIRECTION ( 'NONE',  ( 5.979188663871559846E-17, 1.000000000000000000, -7.523851983841548700E-18 ) ) ;
#4190 = ORIENTED_EDGE ( 'NONE', *, *, #1357, .F. ) ;
#4191 = CARTESIAN_POINT ( 'NONE',  ( 0.003351657658464949740, 0.04013149646615368771, 0.05668843921356288285 ) ) ;
#4192 = EDGE_CURVE ( 'NONE', #7247, #4451, #6964, .T. ) ;
#4193 = FACE_OUTER_BOUND ( 'NONE', #2518, .T. ) ;
#4194 = EDGE_CURVE ( 'NONE', #7769, #5184, #4835, .T. ) ;
#4195 = CARTESIAN_POINT ( 'NONE',  ( 0.05205777812456850034, 0.06510757410786770227, 0.08794424709091019920 ) ) ;
#4196 = EDGE_CURVE ( 'NONE', #617, #9251, #1658, .T. ) ;
#4197 = CARTESIAN_POINT ( 'NONE',  ( 0.01277173174716170027, 0.05130737842113160252, 0.1373003656501400049 ) ) ;
#4198 = EDGE_LOOP ( 'NONE', ( #4225, #3348, #9276, #5199, #6487, #1251, #4309, #8932, #4011, #8053, #5967, #533, #5934, #5925, #6819, #7534, #7836, #6833, #235, #1328, #428, #7668, #1217, #7921, #7517, #9093, #8243, #3711, #9273, #6751, #9289, #4569, #1852, #3595, #5289, #8400, #1527 ) ) ;
#4199 = VERTEX_POINT ( 'NONE', #2021 ) ;
#4200 = PLANE ( 'NONE',  #334 ) ;
#4201 = CARTESIAN_POINT ( 'NONE',  ( 0.06718811995072412890, 0.05199463639234466750, 0.1366992133664181319 ) ) ;
#4202 = CARTESIAN_POINT ( 'NONE',  ( 0.002646807673802419394, 0.04011813303270699016, 0.1285420556487545385 ) ) ;
#4203 = CIRCLE ( 'NONE', #3150, 0.05300000000000001932 ) ;
#4204 = CARTESIAN_POINT ( 'NONE',  ( 0.08497406272235560887, 0.04990270069763832333, 0.06620071819588790873 ) ) ;
#4205 = CARTESIAN_POINT ( 'NONE',  ( 0.003549962518471704628, 0.04011055638466825418, 0.05467335452788493755 ) ) ;
#4206 = B_SPLINE_CURVE_WITH_KNOTS ( 'NONE', 3,
 ( #7490, #3355, #7450, #8960, #5424 ),
 .UNSPECIFIED., .F., .F.,
 ( 4, 1, 4 ),
 ( 0.3689874131407389068, 0.4285714285714263827, 1.000000000000000000 ),
 .UNSPECIFIED. ) ;
#4207 = AXIS2_PLACEMENT_3D ( 'NONE', #1981, #2976, #2876 ) ;
#4208 = FACE_OUTER_BOUND ( 'NONE', #4198, .T. ) ;
#4209 = DIRECTION ( 'NONE',  ( 1.000000000000000000, 4.027934139806210305E-16, 0.000000000000000000 ) ) ;
#4210 = DIRECTION ( 'NONE',  ( 2.782067481665859993E-18, 1.000000000000000000, -1.690564126505299978E-17 ) ) ;
#4211 = ORIENTED_EDGE ( 'NONE', *, *, #5296, .T. ) ;
#4212 = ORIENTED_EDGE ( 'NONE', *, *, #7292, .T. ) ;
#4213 = CIRCLE ( 'NONE', #6159, 0.003149999999999997420 ) ;
#4214 = CARTESIAN_POINT ( 'NONE',  ( 0.04070460576177480083, 0.04010757410786770089, 0.1058793516989320060 ) ) ;
#4215 = CARTESIAN_POINT ( 'NONE',  ( 0.08973050448122069089, 0.05473084009553918355, 0.09506474410067217162 ) ) ;
#4216 = CARTESIAN_POINT ( 'NONE',  ( 0.07688173641269993586, 0.04011867093073590018, 0.05517495408668560836 ) ) ;
#4217 = CARTESIAN_POINT ( 'NONE',  ( 0.06709160828962229539, 0.04372745457789029705, 0.1368270195596460181 ) ) ;
#4218 = FACE_OUTER_BOUND ( 'NONE', #8918, .T. ) ;
#4219 = CARTESIAN_POINT ( 'NONE',  ( -0.01086055108709740001, 0.04950000073015689561, 0.05340386937706059767 ) ) ;
#4220 = CARTESIAN_POINT ( 'NONE',  ( 0.09461067007513215832, 0.04796616174936909477, 0.05644910424811289823 ) ) ;
#4221 = VECTOR ( 'NONE', #6091, 1.000000000000000000 ) ;
#4222 = CARTESIAN_POINT ( 'NONE',  ( 0.07784335454192765902, 0.04776469372981232558, 0.06007048825793116081 ) ) ;
#4223 = CARTESIAN_POINT ( 'NONE',  ( 0.05450031589272309740, 0.06690757410786771220, 0.09795843748510280058 ) ) ;
#4224 = ORIENTED_EDGE ( 'NONE', *, *, #5100, .T. ) ;
#4225 = ORIENTED_EDGE ( 'NONE', *, *, #2736, .F. ) ;
#4226 = CONICAL_SURFACE ( 'NONE', #12, 0.003149999999999997420, 0.7853981633974476129 ) ;
#4227 = CARTESIAN_POINT ( 'NONE',  ( 0.07626949253433219778, 0.04721957596032489574, 0.1273859843146359916 ) ) ;
#4228 = EDGE_CURVE ( 'NONE', #1057, #1787, #3760, .T. ) ;
#4229 = CARTESIAN_POINT ( 'NONE',  ( -0.005142682758657759860, 0.04024622836390449876, 0.06872463968578049198 ) ) ;
#4230 = FACE_OUTER_BOUND ( 'NONE', #8109, .T. ) ;
#4231 = ADVANCED_FACE ( 'NONE', ( #6399 ), #188, .T. ) ;
#4232 = EDGE_CURVE ( 'NONE', #8056, #1529, #4957, .T. ) ;
#4233 = AXIS2_PLACEMENT_3D ( 'NONE', #2350, #8804, #3807 ) ;
#4234 = DIRECTION ( 'NONE',  ( 0.7071067789270740755, -4.622231866529370974E-32, 0.7071067834460210699 ) ) ;
#4235 = VERTEX_POINT ( 'NONE', #6442 ) ;
#4236 = ORIENTED_EDGE ( 'NONE', *, *, #562, .T. ) ;
#4237 = CARTESIAN_POINT ( 'NONE',  ( 0.07781012120411796851, 0.04825895661085950750, 0.1257274681627372215 ) ) ;
#4238 = CARTESIAN_POINT ( 'NONE',  ( -0.01411937585063476573, 0.04117602563775030200, 0.1276800218657218600 ) ) ;
#4239 = EDGE_LOOP ( 'NONE', ( #7222, #1623, #4287, #4260, #4980, #1127, #6622 ) ) ;
#4240 = AXIS2_PLACEMENT_3D ( 'NONE', #8709, #2256, #4748 ) ;
#4241 = CARTESIAN_POINT ( 'NONE',  ( 0.01553962362341958399, 0.05200016228578779182, 0.1359218004166765359 ) ) ;
#4242 = CIRCLE ( 'NONE', #6676, 0.001699999999999989931 ) ;
#4243 = DIRECTION ( 'NONE',  ( 0.005742101684089249113, -7.867059038567468492E-18, -0.9999835139982308219 ) ) ;
#4244 = CARTESIAN_POINT ( 'NONE',  ( 0.08564988443527300765, 0.04510757410786769839, 0.06540988983070579466 ) ) ;
#4245 = DIRECTION ( 'NONE',  ( 0.005742101684089277736, 0.000000000000000000, -0.9999835139982307108 ) ) ;
#4246 = VERTEX_POINT ( 'NONE', #3756 ) ;
#4247 = AXIS2_PLACEMENT_3D ( 'NONE', #1227, #3297, #3912 ) ;
#4248 = ORIENTED_EDGE ( 'NONE', *, *, #7650, .F. ) ;
#4249 = CARTESIAN_POINT ( 'NONE',  ( 0.06010358305002700546, 0.07410757410786771027, 0.07999031579239709866 ) ) ;
#4250 = VECTOR ( 'NONE', #7820, 1.000000000000000000 ) ;
#4251 = CARTESIAN_POINT ( 'NONE',  ( 0.06413231091015746121, 0.05200020074711752399, 0.1362590955182830244 ) ) ;
#4252 = CARTESIAN_POINT ( 'NONE',  ( 0.001872270284385109959, 0.03610757410786769733, 0.1056563688038937993 ) ) ;
#4253 = CARTESIAN_POINT ( 'NONE',  ( 0.06876302314843925345, 0.04306205222551488104, 0.05189115951575559021 ) ) ;
#4254 = CC_DESIGN_APPROVAL ( #508, ( #1400 ) ) ;
#4255 = CYLINDRICAL_SURFACE ( 'NONE', #2358, 0.001699999999999989931 ) ;
#4256 = CARTESIAN_POINT ( 'NONE',  ( 0.04077925308366790041, 0.09210757410786771238, 0.09287956601695539216 ) ) ;
#4257 = CARTESIAN_POINT ( 'NONE',  ( -0.003803741046992940161, 0.04985783708471710346, 0.06483674221698110252 ) ) ;
#4258 = B_SPLINE_CURVE_WITH_KNOTS ( 'NONE', 3,
 ( #3868, #243, #4571, #3823, #5197, #2405, #7356, #6693, #3115, #198, #285, #7265 ),
 .UNSPECIFIED., .F., .F.,
 ( 4, 2, 1, 1, 2, 2, 4 ),
 ( 0.5049132148691137800, 0.5203846769044540022, 0.5358561389397942243, 0.5667990630104756677, 0.6286849111518365563, 0.7524566074345585553, 1.000000000000000000 ),
 .UNSPECIFIED. ) ;
#4259 = CARTESIAN_POINT ( 'NONE',  ( 0.08425250230495938408, 0.04452477093236839600, 0.06813354847978263240 ) ) ;
#4260 = ORIENTED_EDGE ( 'NONE', *, *, #3539, .F. ) ;
#4261 = VERTEX_POINT ( 'NONE', #3004 ) ;
#4262 = CARTESIAN_POINT ( 'NONE',  ( -0.002927995301990900245, 0.04412404529732330549, 0.07072813496295410340 ) ) ;
#4263 = CARTESIAN_POINT ( 'NONE',  ( 0.08953563641022396768, 0.05206701269802278820, 0.09775971444905116881 ) ) ;
#4264 = EDGE_CURVE ( 'NONE', #5519, #7208, #2581, .T. ) ;
#4265 = AXIS2_PLACEMENT_3D ( 'NONE', #9120, #4689, #8460 ) ;
#4266 = CARTESIAN_POINT ( 'NONE',  ( 0.06422953015303969893, 0.04175151490498939938, 0.1366961915792700155 ) ) ;
#4267 = CARTESIAN_POINT ( 'NONE',  ( 0.07858234245782790006, 0.05200000073015689783, 0.1457560866453899984 ) ) ;
#4268 = ORIENTED_EDGE ( 'NONE', *, *, #2117, .F. ) ;
#4269 = CARTESIAN_POINT ( 'NONE',  ( 0.008283642233379413800, 0.04812102740775289766, 0.05553943645836941639 ) ) ;
#4270 = CARTESIAN_POINT ( 'NONE',  ( 0.07661204037112252785, 0.04728871039120924324, 0.05945546451755845396 ) ) ;
#4271 = DIRECTION ( 'NONE',  ( -0.5000000015976892032, -0.7071067811865466846, 0.4999999984023119626 ) ) ;
#4272 = EDGE_LOOP ( 'NONE', ( #1229, #8574, #6427, #6440 ) ) ;
#4273 = CARTESIAN_POINT ( 'NONE',  ( -0.0004618023472570880286, 0.04950000073015689561, 0.1202552002003560022 ) ) ;
#4274 = ORIENTED_EDGE ( 'NONE', *, *, #4122, .F. ) ;
#4275 = VERTEX_POINT ( 'NONE', #4465 ) ;
#4276 = DIRECTION ( 'NONE',  ( -0.4344876663716963905, -0.7010108906134561169, -0.5655123332096360089 ) ) ;
#4277 = B_SPLINE_CURVE_WITH_KNOTS ( 'NONE', 3,
 ( #5985, #1662, #6699, #3695, #8161, #3034 ),
 .UNSPECIFIED., .F., .F.,
 ( 4, 2, 4 ),
 ( 0.000000000000000000, 0.2493414161833238663, 0.4986828323666477325 ),
 .UNSPECIFIED. ) ;
#4278 = CARTESIAN_POINT ( 'NONE',  ( 0.06603699560554357473, 0.04990270069763821925, 0.1364362975862815353 ) ) ;
#4279 = DIRECTION ( 'NONE',  ( 5.979188663871559846E-17, 1.000000000000000000, -7.523851983841539456E-18 ) ) ;
#4280 = FACE_OUTER_BOUND ( 'NONE', #2242, .T. ) ;
#4281 = VERTEX_POINT ( 'NONE', #7240 ) ;
#4282 = ORIENTED_EDGE ( 'NONE', *, *, #3101, .T. ) ;
#4283 = EDGE_CURVE ( 'NONE', #4718, #9189, #7293, .T. ) ;
#4284 = CARTESIAN_POINT ( 'NONE',  ( 0.06552528806215865420, 0.04452470293914811972, 0.1363523170124648909 ) ) ;
#4285 = DIRECTION ( 'NONE',  ( 0.005742101684089277736, 0.000000000000000000, -0.9999835139982307108 ) ) ;
#4286 = LINE ( 'NONE', #5926, #2260 ) ;
#4287 = ORIENTED_EDGE ( 'NONE', *, *, #5449, .F. ) ;
#4288 = CARTESIAN_POINT ( 'NONE',  ( 0.01381811059821231973, 0.05199452730073982065, 0.1363899578708626936 ) ) ;
#4289 = EDGE_CURVE ( 'NONE', #509, #8742, #8427, .T. ) ;
#4290 = FACE_OUTER_BOUND ( 'NONE', #6081, .T. ) ;
#4291 = AXIS2_PLACEMENT_3D ( 'NONE', #3786, #7323, #3078 ) ;
#4292 = CARTESIAN_POINT ( 'NONE',  ( 0.01264364918023119962, 0.05200000073015659946, 0.1371734329044690115 ) ) ;
#4293 = CARTESIAN_POINT ( 'NONE',  ( -0.01122273387009052603, 0.04786748738269350906, 0.05388221542924057084 ) ) ;
#4294 = ORIENTED_EDGE ( 'NONE', *, *, #8967, .F. ) ;
#4295 = CIRCLE ( 'NONE', #4747, 0.04500000000000002609 ) ;
#4296 = EDGE_LOOP ( 'NONE', ( #7547, #4515, #4477, #6542, #8592, #7773 ) ) ;
#4297 = FACE_OUTER_BOUND ( 'NONE', #2621, .T. ) ;
#4298 = B_SPLINE_CURVE_WITH_KNOTS ( 'NONE', 3,
 ( #5860, #8745, #5389, #967, #3841, #6708, #8259, #6805, #357, #6133, #6895, #1056, #4588, #2468, #9016, #2557, #1717, #1805, #5436, #4681, #259, #8313, #3980, #3130, #8124, #8927, #1855, #6754, #7554, #302, #4732, #5994, #8838, #7600, #6852, #8879 ),
 .UNSPECIFIED., .F., .F.,
 ( 4, 2, 2, 2, 1, 1, 1, 1, 2, 2, 2, 2, 1, 1, 1, 1, 2, 2, 2, 2, 2, 4 ),
 ( 0.000000000000000000, 0.1250000000025367763, 0.1875000000038018755, 0.2187500000044350079, 0.2343750000047424009, 0.2421875000048949456, 0.2460937500049698023, 0.2480468750050088544, 0.2490234375050064952, 0.2500000000050041082, 0.3750000000043251513, 0.4375000000039823145, 0.4687500000038077319, 0.4843750000037203574, 0.4921875000036767811, 0.4960937500036550207, 0.4980468750036443071, 0.5000000000036335379, 0.6250000000027251534, 0.7500000000018167690, 0.8750000000009084955, 1.000000000000000000 ),
 .UNSPECIFIED. ) ;
#4299 = CARTESIAN_POINT ( 'NONE',  ( 0.01387359615646664886, 0.04291158041036428894, 0.04806603622190084441 ) ) ;
#4300 = AXIS2_PLACEMENT_3D ( 'NONE', #3934, #8265, #6856 ) ;
#4301 = CARTESIAN_POINT ( 'NONE',  ( 0.002763101743326156282, 0.04012307932017073614, 0.1285770884766747613 ) ) ;
#4302 = EDGE_CURVE ( 'NONE', #6212, #7948, #1052, .T. ) ;
#4303 = CARTESIAN_POINT ( 'NONE',  ( 0.003148638112244879234, 0.04010992192747811491, 0.1307151041508962386 ) ) ;
#4304 = CARTESIAN_POINT ( 'NONE',  ( -0.01984574743598880101, 0.05010757410786770283, 0.09253144536025580125 ) ) ;
#4305 = CARTESIAN_POINT ( 'NONE',  ( 0.002112336620557649786, 0.03610757410786769733, 0.05376601885954650217 ) ) ;
#4306 = DIRECTION ( 'NONE',  ( 0.9867282354188705584, 0.000000000000000000, 0.1623803849827992196 ) ) ;
#4307 = CARTESIAN_POINT ( 'NONE',  ( 0.07772095503628231872, 0.04444906173312040965, 0.03939769379052517756 ) ) ;
#4308 = ORIENTED_EDGE ( 'NONE', *, *, #85, .T. ) ;
#4309 = ORIENTED_EDGE ( 'NONE', *, *, #1524, .F. ) ;
#4310 = CARTESIAN_POINT ( 'NONE',  ( -0.05354740810457399997, 0.03770436142691599435, 0.1811189801866139870 ) ) ;
#4311 = CARTESIAN_POINT ( 'NONE',  ( 0.08958549052754465059, 0.05198666941373354666, 0.08852625736780370125 ) ) ;
#4312 = EDGE_CURVE ( 'NONE', #5167, #5063, #2912, .T. ) ;
#4313 = CIRCLE ( 'NONE', #5520, 0.06500000000000002998 ) ;
#4314 = CARTESIAN_POINT ( 'NONE',  ( 0.06812320657595100082, 0.04421858041049939875, 0.1376244746737909919 ) ) ;
#4315 = DIRECTION ( 'NONE',  ( 1.000000000000000000, 0.000000000000000000, 0.000000000000000000 ) ) ;
#4316 = EDGE_CURVE ( 'NONE', #3066, #1757, #5780, .T. ) ;
#4317 = EDGE_CURVE ( 'NONE', #8562, #5727, #5565, .T. ) ;
#4318 = CARTESIAN_POINT ( 'NONE',  ( 0.09381627698019463779, 0.05164547145573870901, 0.05530097825117464422 ) ) ;
#4319 = B_SPLINE_SURFACE_WITH_KNOTS ( 'NONE', 3, 3, ( 
 ( #8134, #8937, #7341, #2481, #5226, #7382 ),
 ( #8758, #1597, #6680, #888, #226, #3141 ),
 ( #3758, #3099, #6631, #179, #3057, #5920 ),
 ( #5962, #1686, #8806, #2352, #5260, #4557 ),
 ( #6720, #6002, #8889, #2434, #553, #6951 ) ),
 .UNSPECIFIED., .F., .F., .F.,
 ( 4, 1, 4 ),
 ( 4, 1, 1, 4 ),
 ( 0.000000000000000000, 0.5714285714285709528, 1.000000000000000000 ),
 ( -1.570796326794889897, -1.037400108373929930, -0.6818026294266219534, -0.3262051504793129775 ),
 .UNSPECIFIED. ) ;
#4320 = CARTESIAN_POINT ( 'NONE',  ( 0.08735117977175180237, 0.04010757410786770089, 0.1162401299879499972 ) ) ;
#4321 = ADVANCED_FACE ( 'NONE', ( #8046 ), #8657, .F. ) ;
#4322 = ORIENTED_EDGE ( 'NONE', *, *, #1247, .T. ) ;
#4323 = DIRECTION ( 'NONE',  ( 5.979188663871559846E-17, 1.000000000000000000, -7.523851983841530211E-18 ) ) ;
#4324 = ORIENTED_EDGE ( 'NONE', *, *, #5577, .T. ) ;
#4325 = ORIENTED_EDGE ( 'NONE', *, *, #5671, .T. ) ;
#4326 = CARTESIAN_POINT ( 'NONE',  ( 0.09731853786576488696, 0.04010757410786770089, 0.06081230426405630218 ) ) ;
#4327 = FACE_OUTER_BOUND ( 'NONE', #5365, .T. ) ;
#4328 = CARTESIAN_POINT ( 'NONE',  ( 0.06570719459443299937, 0.04035255481984920123, 0.04652661213476860097 ) ) ;
#4329 = B_SPLINE_CURVE_WITH_KNOTS ( 'NONE', 3,
 ( #8530, #4237, #2830, #8484, #2028, #2071, #5693, #670, #570, #4898, #2111, #4991, #8434, #4943, #7770, #7812 ),
 .UNSPECIFIED., .F., .F.,
 ( 4, 2, 1, 2, 2, 1, 2, 2, 4 ),
 ( 0.5964422475242332489, 0.7982211237622990341, 0.8234434832920574099, 0.8265962782332734182, 0.8297490731744894266, 0.8360546630569198889, 0.8486658428217741523, 0.8991105618811834344, 1.000000000000000000 ),
 .UNSPECIFIED. ) ;
#4330 = CARTESIAN_POINT ( 'NONE',  ( 0.08379820562938859740, 0.05200042422654573004, 0.1176801289941634826 ) ) ;
#4331 = DIRECTION ( 'NONE',  ( -0.5655123304329252587, -0.7010108906134661089, -0.4344876699857396773 ) ) ;
#4332 = ORIENTED_EDGE ( 'NONE', *, *, #5008, .F. ) ;
#4333 = EDGE_LOOP ( 'NONE', ( #2099, #1365, #133, #4155 ) ) ;
#4334 = PLANE ( 'NONE',  #7214 ) ;
#4335 = DIRECTION ( 'NONE',  ( 0.7071067834460210699, -4.618527782440651366E-16, -0.7071067789270740755 ) ) ;
#4336 = VERTEX_POINT ( 'NONE', #2205 ) ;
#4337 = CARTESIAN_POINT ( 'NONE',  ( 0.01704460183563500861, 0.05200114179660068198, 0.1360006760765608003 ) ) ;
#4338 =( BOUNDED_CURVE ( )  B_SPLINE_CURVE ( 3, ( #364, #3231, #4079, #7607 ),
 .UNSPECIFIED., .F., .T. ) 
 B_SPLINE_CURVE_WITH_KNOTS ( ( 4, 4 ),
 ( 3.115239437020735025, 3.155646990343105251 ),
 .UNSPECIFIED. ) 
 CURVE ( )  GEOMETRIC_REPRESENTATION_ITEM ( )  RATIONAL_B_SPLINE_CURVE ( ( 1.000000000000000000, 0.9998639404311783219, 0.9998639404311783219, 1.000000000000000000 ) ) 
 REPRESENTATION_ITEM ( '' )  );
#4339 = CARTESIAN_POINT ( 'NONE',  ( 0.06002893572813389894, 0.06510757410786770227, 0.09299010147437410112 ) ) ;
#4340 = FACE_BOUND ( 'NONE', #7324, .T. ) ;
#4341 = CARTESIAN_POINT ( 'NONE',  ( -0.003728002054178800127, 0.04117960422848560009, 0.1149939931475059962 ) ) ;
#4342 = ORIENTED_EDGE ( 'NONE', *, *, #3681, .F. ) ;
#4343 = ORIENTED_EDGE ( 'NONE', *, *, #9195, .T. ) ;
#4344 = CARTESIAN_POINT ( 'NONE',  ( 0.07378646685699546959, 0.04759169850104164046, 0.1297668219558031077 ) ) ;
#4345 = CARTESIAN_POINT ( 'NONE',  ( 0.07802997654996550458, 0.04014064951286799160, 0.1291424251122870459 ) ) ;
#4346 = CARTESIAN_POINT ( 'NONE',  ( 0.004663425940766658707, 0.04012057233955581420, 0.1305362567996182499 ) ) ;
#4347 = CARTESIAN_POINT ( 'NONE',  ( 0.06905484616701029754, 0.04209073771051297791, 0.05159933649904949876 ) ) ;
#4348 = CARTESIAN_POINT ( 'NONE',  ( -0.002323434062082881026, 0.05200019956245170022, 0.06904596393712900126 ) ) ;
#4349 = EDGE_CURVE ( 'NONE', #7768, #7493, #7338, .T. ) ;
#4350 = CARTESIAN_POINT ( 'NONE',  ( -0.0005009764342455391402, 0.04209073771050072382, 0.06460397293360552184 ) ) ;
#4351 = EDGE_CURVE ( 'NONE', #8738, #111, #6286, .T. ) ;
#4352 = DIRECTION ( 'NONE',  ( 5.979188663871559846E-17, 1.000000000000000000, -7.523851983841539456E-18 ) ) ;
#4353 = CARTESIAN_POINT ( 'NONE',  ( 0.01689918575192598388, 0.05200043603457880220, 0.04955794092393424333 ) ) ;
#4354 = EDGE_CURVE ( 'NONE', #880, #3045, #2105, .T. ) ;
#4355 = ORIENTED_EDGE ( 'NONE', *, *, #6908, .F. ) ;
#4356 = EDGE_LOOP ( 'NONE', ( #3092, #5642, #3452, #2849, #3282 ) ) ;
#4357 = CARTESIAN_POINT ( 'NONE',  ( 0.007637227400770009965, 0.04736785106798236528, 0.05678604683903764466 ) ) ;
#4358 = CARTESIAN_POINT ( 'NONE',  ( 0.04085390040556109714, 0.03610757410786769733, 0.07987978033497838970 ) ) ;
#4359 = DIRECTION ( 'NONE',  ( 0.6902684877569650324, -0.2169304578186490029, 0.6902684921683039931 ) ) ;
#4360 = CARTESIAN_POINT ( 'NONE',  ( 0.06465203337793219707, 0.04048061862987839543, 0.1385012201867469872 ) ) ;
#4361 = CARTESIAN_POINT ( 'NONE',  ( 0.08408854674044509425, 0.05200043758061961841, 0.06861835371067366574 ) ) ;
#4362 = VERTEX_POINT ( 'NONE', #7853 ) ;
#4363 = CARTESIAN_POINT ( 'NONE',  ( 0.06866944651791409560, 0.04410757410786769750, 0.05198473614568269868 ) ) ;
#4364 = VECTOR ( 'NONE', #6097, 1.000000000000000000 ) ;
#4365 = DIRECTION ( 'NONE',  ( 0.000000000000000000, 0.000000000000000000, -1.000000000000000000 ) ) ;
#4366 = DIRECTION ( 'NONE',  ( 1.000000000000000000, -9.120436474571179495E-17, 0.000000000000000000 ) ) ;
#4367 = ORIENTED_EDGE ( 'NONE', *, *, #6593, .T. ) ;
#4368 = AXIS2_PLACEMENT_3D ( 'NONE', #9141, #6302, #4937 ) ;
#4369 = FACE_OUTER_BOUND ( 'NONE', #9329, .T. ) ;
#4370 = ORIENTED_EDGE ( 'NONE', *, *, #4757, .F. ) ;
#4371 = CARTESIAN_POINT ( 'NONE',  ( 0.09543419072892320165, 0.04157203584880157787, 0.05769664699392672291 ) ) ;
#4372 = ADVANCED_FACE ( 'NONE', ( #6536 ), #2096, .F. ) ;
#4373 = CARTESIAN_POINT ( 'NONE',  ( -0.003814104328513220118, 0.05200000073014460211, 0.1204379916426230046 ) ) ;
#4374 = EDGE_CURVE ( 'NONE', #7441, #6882, #3600, .T. ) ;
#4375 = CARTESIAN_POINT ( 'NONE',  ( 0.06728643707665735163, 0.04157226168888442097, 0.04776086942640965505 ) ) ;
#4376 = CARTESIAN_POINT ( 'NONE',  ( 0.08416930891001790649, 0.05199525885366623051, 0.1195779677170665384 ) ) ;
#4377 = CARTESIAN_POINT ( 'NONE',  ( 0.06301734947925340113, 0.04415657025026400312, 0.04921645723275810264 ) ) ;
#4378 = VERTEX_POINT ( 'NONE', #6766 ) ;
#4379 = VERTEX_POINT ( 'NONE', #974 ) ;
#4380 = B_SPLINE_CURVE_WITH_KNOTS ( 'NONE', 3,
 ( #7641, #3265, #9106, #2651 ),
 .UNSPECIFIED., .F., .F.,
 ( 4, 4 ),
 ( 0.000000000000000000, 1.000000000000000000 ),
 .UNSPECIFIED. ) ;
#4381 = DIRECTION ( 'NONE',  ( -0.1565185938162213242, 0.000000000000000000, -0.9876750122331702242 ) ) ;
#4382 = VECTOR ( 'NONE', #4735, 1.000000000000000000 ) ;
#4383 = CARTESIAN_POINT ( 'NONE',  ( 0.04077925308366800450, 0.04950000073015689561, 0.09287956601695539216 ) ) ;
#4384 = ORIENTED_EDGE ( 'NONE', *, *, #437, .T. ) ;
#4385 = CARTESIAN_POINT ( 'NONE',  ( 0.005081730624278192089, 0.04012307932014269607, 0.05486341467563363161 ) ) ;
#4386 = ADVANCED_FACE ( 'NONE', ( #2388 ), #8982, .F. ) ;
#4387 = DIRECTION ( 'NONE',  ( -3.016772900569130268E-19, -1.000000000000000000, -1.903665972729600208E-18 ) ) ;
#4388 = AXIS2_PLACEMENT_3D ( 'NONE', #6935, #399, #8922 ) ;
#4389 = CARTESIAN_POINT ( 'NONE',  ( 0.06301734947925330399, 0.04985783708471699938, 0.04921645723275799855 ) ) ;
#4390 = CARTESIAN_POINT ( 'NONE',  ( 0.08554527865027185263, 0.05140046927220882911, 0.08829620280379511799 ) ) ;
#4391 = EDGE_LOOP ( 'NONE', ( #4551, #5416, #232, #5028 ) ) ;
#4392 = ORIENTED_EDGE ( 'NONE', *, *, #7404, .F. ) ;
#4393 = DIRECTION ( 'NONE',  ( 1.000000000000000000, -5.979188663871559846E-17, 0.000000000000000000 ) ) ;
#4394 =( BOUNDED_CURVE ( )  B_SPLINE_CURVE ( 3, ( #987, #276, #7478, #3902 ),
 .UNSPECIFIED., .F., .T. ) 
 B_SPLINE_CURVE_WITH_KNOTS ( ( 4, 4 ),
 ( 1.105390792472669803, 1.570796326794895004 ),
 .UNSPECIFIED. ) 
 CURVE ( )  GEOMETRIC_REPRESENTATION_ITEM ( )  RATIONAL_B_SPLINE_CURVE ( ( 1.000000000000000000, 0.9820311128675422996, 0.9820311128675422996, 1.000000000000000000 ) ) 
 REPRESENTATION_ITEM ( '' )  );
#4395 = LINE ( 'NONE', #3638, #1972 ) ;
#4396 = VERTEX_POINT ( 'NONE', #6815 ) ;
#4397 = CARTESIAN_POINT ( 'NONE',  ( 0.07798630089195598969, 0.04016329091212915425, 0.05678984002595242192 ) ) ;
#4398 = CARTESIAN_POINT ( 'NONE',  ( 0.07011310761723707485, 0.04062938631828272307, 0.05054107505558581154 ) ) ;
#4399 = PLANE ( 'NONE',  #2049 ) ;
#4400 = AXIS2_PLACEMENT_3D ( 'NONE', #632, #7073, #5663 ) ;
#4401 = FACE_OUTER_BOUND ( 'NONE', #4897, .T. ) ;
#4402 = CARTESIAN_POINT ( 'NONE',  ( 0.07292725474671318819, 0.04871915554143117083, 0.1305193680233705800 ) ) ;
#4403 = VECTOR ( 'NONE', #2826, 1.000000000000000000 ) ;
#4405 = DIRECTION ( 'NONE',  ( 0.6902684921683039931, -0.2169304578186490029, -0.6902684877569650324 ) ) ;
#4404 = AXIS2_PLACEMENT_3D ( 'NONE', #1573, #3643, #5806 ) ;
#4406 = VERTEX_POINT ( 'NONE', #8803 ) ;
#4407 = ORIENTED_EDGE ( 'NONE', *, *, #7857, .F. ) ;
#4408 = CARTESIAN_POINT ( 'NONE',  ( -0.002762589437596130095, 0.05199730184823510987, 0.1185776746098390205 ) ) ;
#4409 = CARTESIAN_POINT ( 'NONE',  ( 0.007445879561404814863, 0.04026795109768027681, 0.03707702713893366864 ) ) ;
#4410 = EDGE_CURVE ( 'NONE', #2909, #1731, #3232, .T. ) ;
#4411 = DIRECTION ( 'NONE',  ( -0.7071067834460210699, 0.000000000000000000, 0.7071067789270740755 ) ) ;
#4412 = EDGE_CURVE ( 'NONE', #717, #4932, #1016, .T. ) ;
#4413 = EDGE_LOOP ( 'NONE', ( #4873, #5383 ) ) ;
#4414 = LOCAL_TIME ( 12, 20, 46.00000000000000000, #2344 ) ;
#4415 = CARTESIAN_POINT ( 'NONE',  ( 0.05450031589272309740, 0.06690757410786771220, 0.09795843748510280058 ) ) ;
#4416 = ADVANCED_FACE ( 'NONE', ( #2478 ), #1116, .T. ) ;
#4417 = CARTESIAN_POINT ( 'NONE',  ( 0.08413758849362237835, 0.05200026188010747896, 0.06938261393199729454 ) ) ;
#4418 = ORIENTED_EDGE ( 'NONE', *, *, #7480, .T. ) ;
#4419 = CALENDAR_DATE ( 2026, 6, 9 ) ;
#4420 = LINE ( 'NONE', #700, #5874 ) ;
#4421 = DIRECTION ( 'NONE',  ( -0.9999835139982307108, 0.000000000000000000, -0.005742101684093656178 ) ) ;
#4422 = ORIENTED_EDGE ( 'NONE', *, *, #2991, .T. ) ;
#4423 = CARTESIAN_POINT ( 'NONE',  ( 0.06354442972882699825, 0.04149514202439275046, 0.1369946154971114771 ) ) ;
#4424 = CARTESIAN_POINT ( 'NONE',  ( -0.01270261914276217367, 0.04750361819924772688, 0.05593786406434077263 ) ) ;
#4425 = DIRECTION ( 'NONE',  ( -5.979188663871559846E-17, -1.000000000000000000, 7.523851983841548700E-18 ) ) ;
#4426 = DIRECTION ( 'NONE',  ( 1.000000000000000000, -2.837940853171939582E-17, 0.000000000000000000 ) ) ;
#4427 = CARTESIAN_POINT ( 'NONE',  ( 0.07300409694141227201, 0.04879727095450198116, 0.05596638798492757638 ) ) ;
#4428 = CARTESIAN_POINT ( 'NONE',  ( 0.08489424998688230306, 0.04149508521542709383, 0.07011439705580019277 ) ) ;
#4429 = CARTESIAN_POINT ( 'NONE',  ( 0.06828416807264370281, 0.04479132058499209895, 0.04883448069385550039 ) ) ;
#4430 = ORIENTED_EDGE ( 'NONE', *, *, #897, .F. ) ;
#4431 = ORIENTED_EDGE ( 'NONE', *, *, #1101, .F. ) ;
#4432 = DIRECTION ( 'NONE',  ( 5.979188663871559846E-17, 1.000000000000000000, -7.523851983841539456E-18 ) ) ;
#4433 = DIRECTION ( 'NONE',  ( 5.654249765337459873E-17, 1.000000000000000000, 1.030507995274408067E-17 ) ) ;
#4434 = EDGE_LOOP ( 'NONE', ( #6285, #2259 ) ) ;
#4435 = CARTESIAN_POINT ( 'NONE',  ( 0.004438433723293206019, 0.04017177488584220552, 0.05598562013964489964 ) ) ;
#4436 = CARTESIAN_POINT ( 'NONE',  ( 0.08395940607039305281, 0.09210757410786771238, 0.1181694488913751229 ) ) ;
#4437 = CARTESIAN_POINT ( 'NONE',  ( 0.06818746536504839695, 0.04985783708471710346, 0.04893118340083280060 ) ) ;
#4438 = CARTESIAN_POINT ( 'NONE',  ( 0.08569433365162303085, 0.05409075288663768577, 0.09011496216570831497 ) ) ;
#4439 = ORIENTED_EDGE ( 'NONE', *, *, #5221, .F. ) ;
#4440 = EDGE_CURVE ( 'NONE', #3385, #4246, #1771, .T. ) ;
#4441 = B_SPLINE_CURVE_WITH_KNOTS ( 'NONE', 3,
 ( #6576, #118, #834, #4587 ),
 .UNSPECIFIED., .F., .F.,
 ( 4, 4 ),
 ( 0.5000296306058983342, 1.000000000000000000 ),
 .UNSPECIFIED. ) ;
#4442 = CARTESIAN_POINT ( 'NONE',  ( 0.006148298171531165097, 0.04728441346042842192, 0.1275514789570245389 ) ) ;
#4443 = DIRECTION ( 'NONE',  ( 2.782067481665859993E-18, 1.000000000000000000, -1.690564126505299978E-17 ) ) ;
#4444 = ORIENTED_EDGE ( 'NONE', *, *, #5667, .T. ) ;
#4445 = CARTESIAN_POINT ( 'NONE',  ( 0.07940726312697860001, 0.04010757410786770089, 0.05732500456425439900 ) ) ;
#4446 = CARTESIAN_POINT ( 'NONE',  ( -0.003427809550026732037, 0.05200000073015691865, 0.06484142435976442131 ) ) ;
#4447 = CARTESIAN_POINT ( 'NONE',  ( -0.0004107956197483460530, 0.04232327790370776777, 0.06469415374867902579 ) ) ;
#4448 = CIRCLE ( 'NONE', #1139, 0.04900000000000002270 ) ;
#4449 = CARTESIAN_POINT ( 'NONE',  ( 0.07291751087072693982, 0.04874123086349719386, 0.1305276914590991766 ) ) ;
#4450 = CARTESIAN_POINT ( 'NONE',  ( 0.01701624330705900009, 0.04010757410786770089, 0.1402538139408729956 ) ) ;
#4451 = VERTEX_POINT ( 'NONE', #4694 ) ;
#4452 = CARTESIAN_POINT ( 'NONE',  ( -0.002616848575623964904, 0.05200017693056731283, 0.1161322235172091710 ) ) ;
#4453 = AXIS2_PLACEMENT_3D ( 'NONE', #2660, #3418, #6283 ) ;
#4454 = FACE_OUTER_BOUND ( 'NONE', #2673, .T. ) ;
#4455 = DIRECTION ( 'NONE',  ( 0.6902684921683039931, -0.2169304578186490029, -0.6902684877569650324 ) ) ;
#4456 = VERTEX_POINT ( 'NONE', #8271 ) ;
#4457 = CARTESIAN_POINT ( 'NONE',  ( 0.08447351849570276794, 0.04990270069763831640, 0.07069668759230463007 ) ) ;
#4458 = CARTESIAN_POINT ( 'NONE',  ( 0.08415877552045034071, 0.05200020032745323456, 0.06952650940054905249 ) ) ;
#4459 = EDGE_LOOP ( 'NONE', ( #3997, #4038, #2382, #7797, #6213, #6726 ) ) ;
#4460 = AXIS2_PLACEMENT_3D ( 'NONE', #540, #3415, #2656 ) ;
#4461 = PLANE ( 'NONE',  #6018 ) ;
#4462 = CARTESIAN_POINT ( 'NONE',  ( 0.04077925308366790041, 0.05200000073015689783, 0.09287956601695539216 ) ) ;
#4463 = ORIENTED_EDGE ( 'NONE', *, *, #7361, .T. ) ;
#4464 = DIRECTION ( 'NONE',  ( -5.979188663871559846E-17, -1.000000000000000000, 7.523851983841539456E-18 ) ) ;
#4465 = CARTESIAN_POINT ( 'NONE',  ( 0.006711923930810929917, 0.04722120145040190065, 0.05696763089239130495 ) ) ;
#4466 = CARTESIAN_POINT ( 'NONE',  ( 0.09426112531009819828, 0.04510757410786769839, 0.1298212679695699978 ) ) ;
#4467 = LINE ( 'NONE', #8227, #6053 ) ;
#4468 = CARTESIAN_POINT ( 'NONE',  ( 0.07337826557727773757, 0.04818204933763432785, 0.05629672325647658987 ) ) ;
#4469 = ADVANCED_FACE ( 'NONE', ( #3849 ), #6770, .F. ) ;
#4470 = DIRECTION ( 'NONE',  ( -0.9999835139982307108, 0.000000000000000000, -0.005742101684093668321 ) ) ;
#4471 = CARTESIAN_POINT ( 'NONE',  ( 0.08976376271044947397, 0.04534130358380578790, 0.09164763307932441427 ) ) ;
#4472 = ORIENTED_EDGE ( 'NONE', *, *, #9075, .T. ) ;
#4473 = ORIENTED_EDGE ( 'NONE', *, *, #9075, .F. ) ;
#4474 = EDGE_CURVE ( 'NONE', #1252, #7725, #3890, .T. ) ;
#4475 = DIRECTION ( 'NONE',  ( -0.7111554028619839762, 0.000000000000000000, 0.7030348447838196124 ) ) ;
#4476 = DIRECTION ( 'NONE',  ( -0.9876750122331696691, 0.000000000000000000, 0.1565185938162240165 ) ) ;
#4477 = ORIENTED_EDGE ( 'NONE', *, *, #7819, .T. ) ;
#4478 = LINE ( 'NONE', #944, #199 ) ;
#4479 = DIRECTION ( 'NONE',  ( 0.005742101684089277736, 0.000000000000000000, -0.9999835139982307108 ) ) ;
#4480 = FACE_BOUND ( 'NONE', #618, .T. ) ;
#4481 = CARTESIAN_POINT ( 'NONE',  ( 0.08571946090253182438, 0.05466379979216475643, 0.09520352473609816624 ) ) ;
#4482 = VERTEX_POINT ( 'NONE', #4643 ) ;
#4483 = CARTESIAN_POINT ( 'NONE',  ( 0.005220995410147950301, 0.04728730665580380133, 0.1265932177210290221 ) ) ;
#4484 = CARTESIAN_POINT ( 'NONE',  ( -0.007626912162572509722, 0.09210757410786771238, 0.1168137082859750098 ) ) ;
#4485 = EDGE_CURVE ( 'NONE', #6637, #2347, #7972, .T. ) ;
#4486 = EDGE_LOOP ( 'NONE', ( #486, #4760, #851, #4790 ) ) ;
#4487 = CARTESIAN_POINT ( 'NONE',  ( 0.08565250643556177046, 0.04619897372567829952, 0.09625521686690832746 ) ) ;
#4488 = EDGE_CURVE ( 'NONE', #4851, #3686, #3054, .T. ) ;
#4489 = ADVANCED_FACE ( 'NONE', ( #3806 ), #8085, .T. ) ;
#4490 = CARTESIAN_POINT ( 'NONE',  ( 0.1195622016020559952, 0.04223434633125560528, 0.01594122374425240019 ) ) ;
#4491 = CARTESIAN_POINT ( 'NONE',  ( -0.004091378267937140038, 0.04990270069763820537, 0.1203492422032050035 ) ) ;
#4492 = CARTESIAN_POINT ( 'NONE',  ( 0.07838380487149293474, 0.04862956370260377442, 0.06069036361920835537 ) ) ;
#4493 = CARTESIAN_POINT ( 'NONE',  ( 0.01880967800718049907, 0.04410757410786769750, 0.1366783990032190144 ) ) ;
#4494 = ORIENTED_EDGE ( 'NONE', *, *, #1877, .F. ) ;
#4495 = LINE ( 'NONE', #5336, #4543 ) ;
#4496 = CARTESIAN_POINT ( 'NONE',  ( 0.04077925308366790041, 0.05200000073015689783, 0.09287956601695539216 ) ) ;
#4497 = B_SPLINE_CURVE_WITH_KNOTS ( 'NONE', 3,
 ( #2531, #4135, #1215, #4357, #67, #2235 ),
 .UNSPECIFIED., .F., .F.,
 ( 4, 2, 4 ),
 ( 0.5012719805877240420, 0.7506359902938621875, 1.000000000000000000 ),
 .UNSPECIFIED. ) ;
#4498 = EDGE_CURVE ( 'NONE', #7876, #2864, #409, .T. ) ;
#4499 = CARTESIAN_POINT ( 'NONE',  ( 0.01548943774197079556, 0.04985783719948207876, 0.1360601640567495330 ) ) ;
#4500 = ORIENTED_EDGE ( 'NONE', *, *, #5973, .T. ) ;
#4501 = CARTESIAN_POINT ( 'NONE',  ( 0.07394587326995960552, 0.04785937080029525198, 0.05613424401421059085 ) ) ;
#4502 = CARTESIAN_POINT ( 'NONE',  ( 0.001855043979332855059, 0.07410757410786771027, 0.1086563193458884025 ) ) ;
#4503 = EDGE_LOOP ( 'NONE', ( #8023, #4324, #2776, #7180 ) ) ;
#4504 = FACE_OUTER_BOUND ( 'NONE', #1274, .T. ) ;
#4505 = CARTESIAN_POINT ( 'NONE',  ( 0.06301734947925340113, 0.04415657025026400312, 0.04921645723275810264 ) ) ;
#4506 = ORIENTED_EDGE ( 'NONE', *, *, #8727, .T. ) ;
#4507 = CARTESIAN_POINT ( 'NONE',  ( 0.008253599408320223471, 0.04892049150547080061, 0.1301935449167147263 ) ) ;
#4508 = CARTESIAN_POINT ( 'NONE',  ( 0.001801046805251540085, 0.04950000073015689561, 0.04086322785943780067 ) ) ;
#4509 = FACE_OUTER_BOUND ( 'NONE', #4565, .T. ) ;
#4510 = DIRECTION ( 'NONE',  ( 7.787266044824089634E-17, 1.000000000000000000, 0.000000000000000000 ) ) ;
#4511 = VECTOR ( 'NONE', #5258, 1.000000000000000000 ) ;
#4512 = B_SPLINE_CURVE_WITH_KNOTS ( 'NONE', 3,
 ( #9294, #721, #4293, #2838 ),
 .UNSPECIFIED., .F., .F.,
 ( 4, 4 ),
 ( 0.000000000000000000, 1.000000000000000000 ),
 .UNSPECIFIED. ) ;
#4513 = CARTESIAN_POINT ( 'NONE',  ( 0.08382150322906165019, 0.05200016415495099104, 0.1181191943109529824 ) ) ;
#4514 = CARTESIAN_POINT ( 'NONE',  ( 0.08969139527561523217, 0.04626626977343826358, 0.08993061156716172788 ) ) ;
#4515 = ORIENTED_EDGE ( 'NONE', *, *, #7804, .T. ) ;
#4516 = ORIENTED_EDGE ( 'NONE', *, *, #7480, .F. ) ;
#4517 = AXIS2_PLACEMENT_3D ( 'NONE', #5518, #5040, #2316 ) ;
#4518 = EDGE_CURVE ( 'NONE', #4718, #6982, #9021, .T. ) ;
#4519 = DIRECTION ( 'NONE',  ( 0.1565185938162211021, 0.000000000000000000, 0.9876750122331702242 ) ) ;
#4520 = EDGE_CURVE ( 'NONE', #2314, #4933, #9182, .T. ) ;
#4521 = ORIENTED_EDGE ( 'NONE', *, *, #407, .T. ) ;
#4522 = CARTESIAN_POINT ( 'NONE',  ( 0.09426112531009819828, 0.04706118949957149855, 0.1298212679695699978 ) ) ;
#4523 = EDGE_CURVE ( 'NONE', #3485, #53, #4203, .T. ) ;
#4524 = CARTESIAN_POINT ( 'NONE',  ( 0.08559113686769875828, 0.05254098735970243877, 0.08876901522203853312 ) ) ;
#4525 = ORIENTED_EDGE ( 'NONE', *, *, #4692, .T. ) ;
#4526 = VECTOR ( 'NONE', #2345, 1.000000000000000000 ) ;
#4527 = CARTESIAN_POINT ( 'NONE',  ( 0.08484124181944339982, 0.04410757410786769750, 0.07144265512362940607 ) ) ;
#4528 = CARTESIAN_POINT ( 'NONE',  ( 0.07809677663367604883, 0.04013713380087358118, 0.1291138522943934275 ) ) ;
#4529 = ORIENTED_EDGE ( 'NONE', *, *, #8845, .T. ) ;
#4530 = CARTESIAN_POINT ( 'NONE',  ( 0.08552114282712224014, 0.04804176210909295169, 0.09769280760269589969 ) ) ;
#4531 = AXIS2_PLACEMENT_3D ( 'NONE', #6573, #7368, #1486 ) ;
#4532 = CC_DESIGN_PERSON_AND_ORGANIZATION_ASSIGNMENT ( #2730, #1924, ( #1400 ) ) ;
#4533 = CIRCLE ( 'NONE', #2276, 0.06500000000000002998 ) ;
#4534 = DIRECTION ( 'NONE',  ( -0.7071067789270725212, -7.460698725481044773E-16, -0.7071067834460225132 ) ) ;
#4535 = CARTESIAN_POINT ( 'NONE',  ( -0.0007122110460669877101, 0.04165494273799916214, 0.06439273832043410084 ) ) ;
#4536 = CARTESIAN_POINT ( 'NONE',  ( -0.02142222794616640072, 0.04432088081784599926, 0.04721825520521210490 ) ) ;
#4537 = DIRECTION ( 'NONE',  ( 0.005742101684089277736, 0.000000000000000000, -0.9999835139982307108 ) ) ;
#4538 = ORIENTED_EDGE ( 'NONE', *, *, #5376, .T. ) ;
#4539 = DIRECTION ( 'NONE',  ( -0.7010108883734640361, 0.1310246636425654032, -0.7010108928534559691 ) ) ;
#4540 = DIRECTION ( 'NONE',  ( 1.000000000000000000, 4.027934139806210305E-16, 0.000000000000000000 ) ) ;
#4541 = CARTESIAN_POINT ( 'NONE',  ( 0.08564988443527300765, 0.09210757410786771238, 0.06540988983070589180 ) ) ;
#4542 = ORIENTED_EDGE ( 'NONE', *, *, #4934, .F. ) ;
#4543 = VECTOR ( 'NONE', #8788, 1.000000000000000000 ) ;
#4544 = DIRECTION ( 'NONE',  ( -5.979188663871559846E-17, -1.000000000000000000, 7.523851983841539456E-18 ) ) ;
#4545 = DIRECTION ( 'NONE',  ( -0.7071067834460215140, 4.759941537868956520E-17, 0.7071067789270735204 ) ) ;
#4546 = ORIENTED_EDGE ( 'NONE', *, *, #1983, .T. ) ;
#4547 = CARTESIAN_POINT ( 'NONE',  ( 0.06660951872626216796, 0.04145027458119347058, 0.1383551673865871245 ) ) ;
#4548 = VECTOR ( 'NONE', #7225, 1.000000000000000000 ) ;
#4549 = FACE_OUTER_BOUND ( 'NONE', #4239, .T. ) ;
#4550 = CARTESIAN_POINT ( 'NONE',  ( 0.04077925308366790041, 0.05200000073015689783, 0.09287956601695539216 ) ) ;
#4551 = ORIENTED_EDGE ( 'NONE', *, *, #1721, .F. ) ;
#4552 = CARTESIAN_POINT ( 'NONE',  ( -0.007072348226140712929, 0.04533121048954739940, 0.1447149883848752039 ) ) ;
#4553 = CIRCLE ( 'NONE', #494, 0.003149999999999997420 ) ;
#4554 = EDGE_CURVE ( 'NONE', #7769, #4687, #7156, .T. ) ;
#4555 = DIRECTION ( 'NONE',  ( -0.9956615641536430417, 0.09304864140395080474, 0.000000000000000000 ) ) ;
#4556 = CARTESIAN_POINT ( 'NONE',  ( 0.003842323610967264547, 0.04811594320718379919, 0.05992636827966800472 ) ) ;
#4557 = CARTESIAN_POINT ( 'NONE',  ( 0.01883177466091250085, 0.04336150569777760116, 0.04906890846547239809 ) ) ;
#4558 = FACE_OUTER_BOUND ( 'NONE', #5841, .T. ) ;
#4559 = AXIS2_PLACEMENT_3D ( 'NONE', #1879, #9086, #8478 ) ;
#4560 = CARTESIAN_POINT ( 'NONE',  ( 0.002181886355909070079, 0.04010757410786770089, 0.1299267424502939805 ) ) ;
#4561 = CARTESIAN_POINT ( 'NONE',  ( 0.08972947505922442002, 0.04549381967765411122, 0.09508766749052066647 ) ) ;
#4562 = ORIENTED_EDGE ( 'NONE', *, *, #6254, .T. ) ;
#4563 = ORIENTED_EDGE ( 'NONE', *, *, #8404, .F. ) ;
#4564 = CARTESIAN_POINT ( 'NONE',  ( 0.008177410142046584104, 0.04798531133403399762, 0.05563226605895023325 ) ) ;
#4565 = EDGE_LOOP ( 'NONE', ( #3206, #7477, #9136, #6224 ) ) ;
#4566 = CARTESIAN_POINT ( 'NONE',  ( 0.003793488331024452015, 0.04818718632936090651, 0.1250207121502217023 ) ) ;
#4567 = CARTESIAN_POINT ( 'NONE',  ( 0.003213304090900198553, 0.04010877026766922204, 0.1308416312937532855 ) ) ;
#4568 = CARTESIAN_POINT ( 'NONE',  ( 0.08572377073457848606, 0.05444382239322486522, 0.09062812006006484844 ) ) ;
#4569 = ORIENTED_EDGE ( 'NONE', *, *, #323, .T. ) ;
#4570 = ORIENTED_EDGE ( 'NONE', *, *, #8471, .F. ) ;
#4571 = CARTESIAN_POINT ( 'NONE',  ( 0.005547079106587925017, 0.04163001078973254526, 0.03825635591559296833 ) ) ;
#4572 = EDGE_CURVE ( 'NONE', #992, #1788, #2700, .T. ) ;
#4573 = CARTESIAN_POINT ( 'NONE',  ( 0.07646164472099517551, 0.04012092669381273069, 0.1309444473950653332 ) ) ;
#4574 = ORIENTED_EDGE ( 'NONE', *, *, #9036, .T. ) ;
#4575 = CARTESIAN_POINT ( 'NONE',  ( 0.01273642928369349975, 0.04510757410786769839, 0.1374625601476159864 ) ) ;
#4576 = DIRECTION ( 'NONE',  ( 1.000000000000000000, -5.979188663871559846E-17, 0.000000000000000000 ) ) ;
#4577 = CARTESIAN_POINT ( 'NONE',  ( 0.08472763569979049891, 0.04492807886515449989, 0.1202877782983360067 ) ) ;
#4578 = CARTESIAN_POINT ( 'NONE',  ( 0.07849954354335619833, 0.04893557217497942341, 0.06082583963152347895 ) ) ;
#4579 = CARTESIAN_POINT ( 'NONE',  ( 0.07693308335994158975, 0.04219041510874423778, 0.03886198277885109104 ) ) ;
#4580 = ADVANCED_FACE ( 'NONE', ( #8767 ), #4334, .F. ) ;
#4581 = ORIENTED_EDGE ( 'NONE', *, *, #3800, .T. ) ;
#4582 = CARTESIAN_POINT ( 'NONE',  ( -0.002592907783977694593, 0.05200021677134952780, 0.1162800039423958626 ) ) ;
#4583 = DIRECTION ( 'NONE',  ( -0.005742101684089325440, 0.000000000000000000, 0.9999835139982307108 ) ) ;
#4584 = EDGE_CURVE ( 'NONE', #2187, #865, #3015, .T. ) ;
#4585 = CARTESIAN_POINT ( 'NONE',  ( 0.002462593422894069923, 0.05200000073015689783, 0.1453851237460229984 ) ) ;
#4586 = ORIENTED_EDGE ( 'NONE', *, *, #3592, .T. ) ;
#4587 = CARTESIAN_POINT ( 'NONE',  ( -0.003803741046992930187, 0.04510757410786769839, 0.06483674221698100537 ) ) ;
#4588 = CARTESIAN_POINT ( 'NONE',  ( 0.06461381832703547157, 0.05200019948415629534, 0.04977703517247242943 ) ) ;
#4589 = ORIENTED_EDGE ( 'NONE', *, *, #117, .F. ) ;
#4590 = PERSON_AND_ORGANIZATION ( #633, #8323 ) ;
#4591 = AXIS2_PLACEMENT_3D ( 'NONE', #110, #2987, #6611 ) ;
#4592 = CARTESIAN_POINT ( 'NONE',  ( 0.07728854466608094109, 0.04761307081914740308, 0.1263057744460309162 ) ) ;
#4593 = CARTESIAN_POINT ( 'NONE',  ( 0.06274882816015539544, 0.04410757410786769750, 0.04908073303069220017 ) ) ;
#4594 = ORIENTED_EDGE ( 'NONE', *, *, #2773, .T. ) ;
#4595 = LINE ( 'NONE', #308, #6703 ) ;
#4596 = ADVANCED_FACE ( 'NONE', ( #3577 ), #7201, .F. ) ;
#4597 = CARTESIAN_POINT ( 'NONE',  ( -0.01259711417447922054, 0.04880355602431280665, 0.05578554734938446363 ) ) ;
#4598 = CARTESIAN_POINT ( 'NONE',  ( 0.003862726236533444227, 0.04808508420776230058, 0.05990351352634175341 ) ) ;
#4599 = EDGE_CURVE ( 'NONE', #1798, #7729, #3675, .T. ) ;
#4600 = TOROIDAL_SURFACE ( 'NONE', #6253, 0.05299999999999999850, 0.004000000000000000083 ) ;
#4601 = CARTESIAN_POINT ( 'NONE',  ( -0.007339274964223030211, 0.09210757410786771238, 0.06837227611161640628 ) ) ;
#4602 = CARTESIAN_POINT ( 'NONE',  ( 0.01340361890026730077, 0.09210757410786771238, 0.05163851058603039640 ) ) ;
#4603 = ADVANCED_FACE ( 'NONE', ( #6407 ), #2873, .F. ) ;
#4604 = ORIENTED_EDGE ( 'NONE', *, *, #3780, .F. ) ;
#4605 = ADVANCED_FACE ( 'NONE', ( #8713 ), #2261, .T. ) ;
#4606 = AXIS2_PLACEMENT_3D ( 'NONE', #1107, #1942, #6227 ) ;
#4607 = CARTESIAN_POINT ( 'NONE',  ( 0.08419030095559851268, 0.04985783729259611607, 0.1193429678158133833 ) ) ;
#4608 = CARTESIAN_POINT ( 'NONE',  ( 0.08972983506117081232, 0.04549049344152589214, 0.09507969041783267961 ) ) ;
#4609 = ORIENTED_EDGE ( 'NONE', *, *, #3660, .T. ) ;
#4610 = ORIENTED_EDGE ( 'NONE', *, *, #1557, .T. ) ;
#4611 = CARTESIAN_POINT ( 'NONE',  ( 0.01791783489644230287, 0.05194413682596960014, 0.04952398260945629904 ) ) ;
#4612 = DIRECTION ( 'NONE',  ( -5.979188663871559846E-17, -1.000000000000000000, 7.523851983841548700E-18 ) ) ;
#4613 = CARTESIAN_POINT ( 'NONE',  ( 0.06606912642155197968, 0.04451988738448820621, 0.04969919409305608576 ) ) ;
#4614 = CARTESIAN_POINT ( 'NONE',  ( 0.08556542770736051684, 0.05293199723596921785, 0.09726124624079331149 ) ) ;
#4615 = ORIENTED_EDGE ( 'NONE', *, *, #2825, .F. ) ;
#4616 = EDGE_LOOP ( 'NONE', ( #5738, #4190, #9233, #9147 ) ) ;
#4617 = CARTESIAN_POINT ( 'NONE',  ( -0.01086055108709740001, 0.04950000073015689561, 0.05340386937706059767 ) ) ;
#4618 = B_SPLINE_CURVE_WITH_KNOTS ( 'NONE', 3,
 ( #7363, #5850, #8116, #251, #3741, #7979 ),
 .UNSPECIFIED., .F., .F.,
 ( 4, 2, 4 ),
 ( 0.4986828323780262417, 0.7493414161890130654, 1.000000000000000000 ),
 .UNSPECIFIED. ) ;
#4619 = FACE_OUTER_BOUND ( 'NONE', #142, .T. ) ;
#4620 = VERTEX_POINT ( 'NONE', #4992 ) ;
#4621 = CARTESIAN_POINT ( 'NONE',  ( 0.01348677804509819909, 0.04298698442319690005, 0.1371468543114310046 ) ) ;
#4622 = DIRECTION ( 'NONE',  ( 0.5000000015976904244, -0.7071067811865477948, -0.4999999984023090205 ) ) ;
#4623 = CARTESIAN_POINT ( 'NONE',  ( -0.001252159808803059984, 0.04950000073015689561, 0.1288237322250490036 ) ) ;
#4624 = CARTESIAN_POINT ( 'NONE',  ( 0.06355050052067048871, 0.04419356769172799737, 0.04948799685928900044 ) ) ;
#4625 = LINE ( 'NONE', #6032, #7151 ) ;
#4626 = ORIENTED_EDGE ( 'NONE', *, *, #7804, .F. ) ;
#4627 = CARTESIAN_POINT ( 'NONE',  ( 0.005364690951752851093, 0.04728641273097828474, 0.05901265336991202287 ) ) ;
#4628 = CARTESIAN_POINT ( 'NONE',  ( 0.08502123688400549384, 0.04103597305462310108, 0.1160077088363749981 ) ) ;
#4629 = CARTESIAN_POINT ( 'NONE',  ( 0.1177175953563710104, 0.04223434633125560528, 0.1716625145353440074 ) ) ;
#4630 = CARTESIAN_POINT ( 'NONE',  ( 0.004772294196426784402, 0.04010757410786772170, 0.1310195158845748054 ) ) ;
#4631 = EDGE_CURVE ( 'NONE', #8218, #8370, #5740, .T. ) ;
#4632 = EDGE_CURVE ( 'NONE', #2686, #8482, #7636, .T. ) ;
#4633 = DIRECTION ( 'NONE',  ( 8.046638469161818835E-17, 1.000000000000000000, -7.405134956585150092E-18 ) ) ;
#4634 = DIRECTION ( 'NONE',  ( -0.4344876663716963905, -0.7010108906134561169, -0.5655123332096360089 ) ) ;
#4635 = ORIENTED_EDGE ( 'NONE', *, *, #525, .F. ) ;
#4636 = LINE ( 'NONE', #1110, #940 ) ;
#4637 = ADVANCED_FACE ( 'NONE', ( #5039 ), #42, .F. ) ;
#4638 = CARTESIAN_POINT ( 'NONE',  ( 0.06606906995689282303, 0.04985783719955722004, 0.04969897805917589118 ) ) ;
#4639 = CARTESIAN_POINT ( 'NONE',  ( 0.07897255290270663308, 0.04011069090081207517, 0.05564209877119252745 ) ) ;
#4640 = VERTEX_POINT ( 'NONE', #2212 ) ;
#4641 = CARTESIAN_POINT ( 'NONE',  ( 0.09261467545158821868, 0.04533121048954739940, 0.1407311673267642171 ) ) ;
#4642 = DIRECTION ( 'NONE',  ( 0.7071067834460210699, -4.759941537868960834E-17, -0.7071067789270740755 ) ) ;
#4643 = CARTESIAN_POINT ( 'NONE',  ( 0.001303556443773110042, 0.04950000073015689561, 0.1445193701877209858 ) ) ;
#4644 = CARTESIAN_POINT ( 'NONE',  ( -0.005573700798518889908, 0.04035255481984920123, 0.06795162450619039729 ) ) ;
#4645 = CARTESIAN_POINT ( 'NONE',  ( 0.06274882816015550646, 0.04291077690650010185, 0.04908073303069220017 ) ) ;
#4646 = DIRECTION ( 'NONE',  ( 0.5655123304329264800, -0.7010108906134675522, 0.4344876699857359026 ) ) ;
#4647 = VERTEX_POINT ( 'NONE', #809 ) ;
#4648 = DIRECTION ( 'NONE',  ( -0.6084652301604279723, 0.6902684899626325699, 0.3915347691463995639 ) ) ;
#4649 = B_SPLINE_CURVE_WITH_KNOTS ( 'NONE', 3,
 ( #5298, #8169, #1716, #7329, #1629, #7372, #5118, #8080, #4501, #878, #3794, #3748, #6619, #3043, #3084, #9015, #3364, #1762 ),
 .UNSPECIFIED., .F., .F.,
 ( 4, 2, 2, 2, 2, 1, 1, 1, 1, 2, 4 ),
 ( 0.000000000000000000, 0.2982211237631163248, 0.4473316856446760137, 0.4846093261150667963, 0.5032481463502651575, 0.5218869665854634077, 0.5591646070558636827, 0.5778034272910624880, 0.5871228374086677748, 0.5917825424674664214, 0.5964422475262650680 ),
 .UNSPECIFIED. ) ;
#4650 = CARTESIAN_POINT ( 'NONE',  ( 0.06811886871446430625, 0.05060885093988580496, 0.04897596267189269909 ) ) ;
#4651 = CARTESIAN_POINT ( 'NONE',  ( 0.08280463578711089179, 0.04091810034286933601, 0.1219003122905971681 ) ) ;
#4652 = CARTESIAN_POINT ( 'NONE',  ( 0.08951878825526329853, 0.04859461163574114312, 0.09792585877256375360 ) ) ;
#4653 = EDGE_LOOP ( 'NONE', ( #1236, #2013, #7120, #9308, #2791, #8332, #5799, #592, #4056, #6877, #1181, #3887 ) ) ;
#4654 = ORIENTED_EDGE ( 'NONE', *, *, #9138, .F. ) ;
#4655 = EDGE_CURVE ( 'NONE', #6322, #5102, #1351, .T. ) ;
#4656 = EDGE_CURVE ( 'NONE', #1264, #8670, #6545, .T. ) ;
#4657 = CARTESIAN_POINT ( 'NONE',  ( 0.08573358338887318575, 0.04186350263124613558, 0.1196334916717815139 ) ) ;
#4658 = AXIS2_PLACEMENT_3D ( 'NONE', #2429, #5304, #7994 ) ;
#4659 = DIRECTION ( 'NONE',  ( -4.027934139806210305E-16, 1.000000000000000000, -1.018010760859769879E-17 ) ) ;
#4660 = CARTESIAN_POINT ( 'NONE',  ( 0.07894862427309590203, 0.04010757410786770089, 0.1303675521325590170 ) ) ;
#4661 = CIRCLE ( 'NONE', #608, 0.06500000000000002998 ) ;
#4662 = CARTESIAN_POINT ( 'NONE',  ( 0.04077925308366800450, 0.04010757410786770089, 0.09287956601695539216 ) ) ;
#4663 = ORIENTED_EDGE ( 'NONE', *, *, #5748, .T. ) ;
#4664 = VERTEX_POINT ( 'NONE', #971 ) ;
#4665 = CARTESIAN_POINT ( 'NONE',  ( 0.06891485698710470009, 0.05200000073015659946, 0.04858569912944149527 ) ) ;
#4666 = EDGE_CURVE ( 'NONE', #1027, #7336, #8493, .T. ) ;
#4667 = CARTESIAN_POINT ( 'NONE',  ( 0.005074815350366396367, 0.04157203187793769017, 0.1471952459487514964 ) ) ;
#4668 = VERTEX_POINT ( 'NONE', #2298 ) ;
#4669 = CARTESIAN_POINT ( 'NONE',  ( 0.08555851207560240257, 0.04738837920324986269, 0.09733136093973304703 ) ) ;
#4670 = CARTESIAN_POINT ( 'NONE',  ( -0.002883855700529440284, 0.04985783708471710346, 0.07064146962137000940 ) ) ;
#4671 = VECTOR ( 'NONE', #7787, 1.000000000000000000 ) ;
#4672 = CARTESIAN_POINT ( 'NONE',  ( 0.04077925308366790041, 0.04410757410786769750, 0.09287956601695539216 ) ) ;
#4673 = DIRECTION ( 'NONE',  ( 5.979188663871559846E-17, 1.000000000000000000, -7.523851983841548700E-18 ) ) ;
#4674 = CARTESIAN_POINT ( 'NONE',  ( 0.007453793992937411336, 0.04950000073015689561, 0.04568868564067660176 ) ) ;
#4675 = EDGE_LOOP ( 'NONE', ( #8822, #3579, #2006, #4896 ) ) ;
#4676 = CARTESIAN_POINT ( 'NONE',  ( 0.001665705926259000019, 0.03610757410786769733, 0.1315464824800660071 ) ) ;
#4677 = CARTESIAN_POINT ( 'NONE',  ( 0.04077925308366790041, 0.03610757410786769733, 0.09287956601695539216 ) ) ;
#4678 = CARTESIAN_POINT ( 'NONE',  ( -0.003343006125204800016, 0.04010757410786770089, 0.1231364039598909915 ) ) ;
#4679 = VECTOR ( 'NONE', #1423, 1.000000000000000000 ) ;
#4680 = DIRECTION ( 'NONE',  ( -5.979188663871559846E-17, -1.000000000000000000, 7.523851983841510182E-18 ) ) ;
#4681 = CARTESIAN_POINT ( 'NONE',  ( 0.06578723344673305384, 0.05200030343426845225, 0.04985365137398187901 ) ) ;
#4682 = DIRECTION ( 'NONE',  ( 5.979188663871559846E-17, 1.000000000000000000, -8.335140439345690547E-18 ) ) ;
#4683 = VECTOR ( 'NONE', #1728, 1.000000000000000000 ) ;
#4684 = CARTESIAN_POINT ( 'NONE',  ( 0.07989280024107690836, 0.03610757410786769733, 0.05421264955384510337 ) ) ;
#4685 = EDGE_CURVE ( 'NONE', #91, #5471, #8931, .T. ) ;
#4686 = LINE ( 'NONE', #4124, #3844 ) ;
#4687 = VERTEX_POINT ( 'NONE', #6625 ) ;
#4688 = EDGE_CURVE ( 'NONE', #673, #8187, #3802, .T. ) ;
#4689 = DIRECTION ( 'NONE',  ( 6.060317509421979270E-17, 1.000000000000000000, -1.504770396768309740E-17 ) ) ;
#4690 = CARTESIAN_POINT ( 'NONE',  ( -0.003940307033007856528, 0.04111206486635603230, 0.1146363976973888282 ) ) ;
#4691 = AXIS2_PLACEMENT_3D ( 'NONE', #8336, #1873, #5264 ) ;
#4692 = EDGE_CURVE ( 'NONE', #5835, #9193, #3304, .T. ) ;
#4693 =( BOUNDED_CURVE ( )  B_SPLINE_CURVE ( 3, ( #8717, #1465, #7205, #2076 ),
 .UNSPECIFIED., .F., .F. ) 
 B_SPLINE_CURVE_WITH_KNOTS ( ( 4, 4 ),
 ( 0.9178117037743540596, 1.315734896670745835 ),
 .UNSPECIFIED. ) 
 CURVE ( )  GEOMETRIC_REPRESENTATION_ITEM ( )  RATIONAL_B_SPLINE_CURVE ( ( 1.000000000000000000, 0.9868482322326018741, 0.9868482322326018741, 1.000000000000000000 ) ) 
 REPRESENTATION_ITEM ( '' )  );
#4694 = CARTESIAN_POINT ( 'NONE',  ( -0.01122273387009039940, 0.04010757410786770089, 0.05388221542924050145 ) ) ;
#4695 = CARTESIAN_POINT ( 'NONE',  ( -0.003641546549516489883, 0.05130737842113020086, 0.06487204468044939498 ) ) ;
#4696 = CARTESIAN_POINT ( 'NONE',  ( 0.01526058802066630055, 0.04985783708471710346, 0.1357532827751889992 ) ) ;
#4697 = CIRCLE ( 'NONE', #7099, 0.04900000000000002270 ) ;
#4698 = CARTESIAN_POINT ( 'NONE',  ( 0.008164973896877680479, 0.04010757410786770089, 0.1491050832944879889 ) ) ;
#4699 = ORIENTED_EDGE ( 'NONE', *, *, #62, .T. ) ;
#4700 = CARTESIAN_POINT ( 'NONE',  ( 0.08516350094210339838, 0.04950000073015689561, 0.06236073942613179488 ) ) ;
#4701 = CARTESIAN_POINT ( 'NONE',  ( -0.002301381406308789911, 0.04457056078158769946, 0.06713164021976579521 ) ) ;
#4702 = CIRCLE ( 'NONE', #5307, 0.04949999999999999539 ) ;
#4703 = CARTESIAN_POINT ( 'NONE',  ( 0.08536224721432880691, 0.04985783708471710346, 0.1209223898169300010 ) ) ;
#4704 = CARTESIAN_POINT ( 'NONE',  ( 0.07944616954678039578, 0.04010757410786770089, 0.1319931131743619923 ) ) ;
#4705 = EDGE_LOOP ( 'NONE', ( #4654, #3013, #4506, #6390, #1939 ) ) ;
#4706 = EDGE_LOOP ( 'NONE', ( #274, #7351, #647, #3105 ) ) ;
#4707 = CARTESIAN_POINT ( 'NONE',  ( 0.01801427948144729979, 0.05092218523325349466, 0.04947269199308829829 ) ) ;
#4708 = LOCAL_TIME ( 12, 20, 46.00000000000000000, #4893 ) ;
#4709 = DIRECTION ( 'NONE',  ( 1.000000000000000000, -3.893633027220359727E-17, 0.000000000000000000 ) ) ;
#4710 = CARTESIAN_POINT ( 'NONE',  ( 0.07843629741140598077, 0.04011171732276848367, 0.1306159537434920248 ) ) ;
#4711 = VECTOR ( 'NONE', #2675, 1.000000000000000000 ) ;
#4712 = B_SPLINE_CURVE_WITH_KNOTS ( 'NONE', 3,
 ( #6150, #1778, #7571, #5405, #1077, #4041, #1689, #3855, #3143, #981, #4651, #9031, #416, #8280, #1124, #6723 ),
 .UNSPECIFIED., .F., .F.,
 ( 4, 2, 2, 2, 2, 2, 2, 4 ),
 ( 0.000000000000000000, 0.1250000000000003886, 0.2500000000000007772, 0.3750000000000011657, 0.5000000000000015543, 0.6250000000000019984, 0.7500000000000023315, 1.000000000000000000 ),
 .UNSPECIFIED. ) ;
#4713 = CARTESIAN_POINT ( 'NONE',  ( -0.002765790955855729812, 0.04346438895872650060, 0.1154337064393640006 ) ) ;
#4714 = VERTEX_POINT ( 'NONE', #8843 ) ;
#4715 = ORIENTED_EDGE ( 'NONE', *, *, #6305, .F. ) ;
#4716 = CARTESIAN_POINT ( 'NONE',  ( -0.01981703692756835514, 0.05010757410786770283, 0.08753152779026464325 ) ) ;
#4717 = CARTESIAN_POINT ( 'NONE',  ( 0.07633381453636850500, 0.04010757410786770089, 0.1315075760602659738 ) ) ;
#4718 = VERTEX_POINT ( 'NONE', #5219 ) ;
#4719 = CARTESIAN_POINT ( 'NONE',  ( 0.002639303216040893470, 0.04010757410786771476, 0.05687260712971313470 ) ) ;
#4720 = EDGE_CURVE ( 'NONE', #3205, #6843, #1120, .T. ) ;
#4721 = CARTESIAN_POINT ( 'NONE',  ( 0.09433745195347582879, 0.04379297068815594246, 0.1297113199042681242 ) ) ;
#4722 = DIRECTION ( 'NONE',  ( 0.7071067811865475727, -3.349443381543016644E-33, -0.7071067811865474617 ) ) ;
#4723 = EDGE_CURVE ( 'NONE', #8999, #6173, #6714, .T. ) ;
#4724 = DIRECTION ( 'NONE',  ( -0.7071067789270740755, 4.442395266090710154E-17, -0.7071067834460210699 ) ) ;
#4725 = DIRECTION ( 'NONE',  ( 1.000000000000000000, -2.837940853171939582E-17, 0.000000000000000000 ) ) ;
#4726 = ORIENTED_EDGE ( 'NONE', *, *, #8633, .T. ) ;
#4727 = CARTESIAN_POINT ( 'NONE',  ( 0.007801085789005760170, 0.07410757410786771027, 0.09769028133645582535 ) ) ;
#4728 = DIRECTION ( 'NONE',  ( 5.979188663871559846E-17, 1.000000000000000000, -7.523851983841539456E-18 ) ) ;
#4729 = DIRECTION ( 'NONE',  ( -5.979188663871559846E-17, -1.000000000000000000, 7.523851983841539456E-18 ) ) ;
#4730 = DIRECTION ( 'NONE',  ( 5.979188663871559846E-17, 1.000000000000000000, -7.523851983841548700E-18 ) ) ;
#4731 = DIRECTION ( 'NONE',  ( -5.979188663871559846E-17, -1.000000000000000000, 7.523851983841539456E-18 ) ) ;
#4732 = CARTESIAN_POINT ( 'NONE',  ( 0.06774040654416325913, 0.05199452553939363370, 0.04936917816174013485 ) ) ;
#4733 = CARTESIAN_POINT ( 'NONE',  ( 0.07324793157419627609, 0.04908340582760430809, 0.05551585295119521035 ) ) ;
#4734 = B_SPLINE_CURVE_WITH_KNOTS ( 'NONE', 3,
 ( #1812, #6139, #3986, #6859 ),
 .UNSPECIFIED., .F., .F.,
 ( 4, 4 ),
 ( 0.000000000000000000, 1.000000000000000000 ),
 .UNSPECIFIED. ) ;
#4735 = DIRECTION ( 'NONE',  ( -5.979188663871559846E-17, -1.000000000000000000, 7.523851983841548700E-18 ) ) ;
#4736 = CARTESIAN_POINT ( 'NONE',  ( 0.07860580586597717967, 0.04011245883451908939, 0.05532862390515404932 ) ) ;
#4737 = ORIENTED_EDGE ( 'NONE', *, *, #4584, .T. ) ;
#4738 = CARTESIAN_POINT ( 'NONE',  ( -0.002394262938760400011, 0.04990270069763820537, 0.1178529860038940030 ) ) ;
#4739 = CARTESIAN_POINT ( 'NONE',  ( 0.07591578148805298853, 0.04151877128021721347, 0.1475643329504945644 ) ) ;
#4740 = CARTESIAN_POINT ( 'NONE',  ( 0.04077925308366790041, 0.03610757410786769733, 0.09287956601695539216 ) ) ;
#4741 = DIRECTION ( 'NONE',  ( 5.979188663871559846E-17, 1.000000000000000000, -7.523851983841539456E-18 ) ) ;
#4742 = CARTESIAN_POINT ( 'NONE',  ( 0.01327725329282330134, 0.05208030290971969734, 0.1365811742176859800 ) ) ;
#4743 = DIRECTION ( 'NONE',  ( -0.7010108928534550810, -0.1310246636425636269, 0.7010108883734651464 ) ) ;
#4744 = VERTEX_POINT ( 'NONE', #7424 ) ;
#4745 = CARTESIAN_POINT ( 'NONE',  ( 0.002912058571738851930, 0.05128808767427611021, 0.1457131271780886250 ) ) ;
#4746 = CARTESIAN_POINT ( 'NONE',  ( -0.002265804025063960191, 0.04346679053319230102, 0.06874036760313489980 ) ) ;
#4747 = AXIS2_PLACEMENT_3D ( 'NONE', #8418, #9026, #2568 ) ;
#4748 = DIRECTION ( 'NONE',  ( -0.9999835139982307108, 0.000000000000000000, -0.005742101684093656178 ) ) ;
#4749 = DIRECTION ( 'NONE',  ( -0.5655123332096403388, -0.7010108906134557838, 0.4344876663716915055 ) ) ;
#4750 = ORIENTED_EDGE ( 'NONE', *, *, #624, .F. ) ;
#4751 = ORIENTED_EDGE ( 'NONE', *, *, #8284, .F. ) ;
#4752 = VECTOR ( 'NONE', #7546, 1.000000000000000000 ) ;
#4753 = CARTESIAN_POINT ( 'NONE',  ( 0.01296367975922480507, 0.04198021463518968738, 0.05119857144217636324 ) ) ;
#4754 = PLANE ( 'NONE',  #1406 ) ;
#4755 = CARTESIAN_POINT ( 'NONE',  ( 0.01552151065983657131, 0.04990270069763821925, 0.04932283447655901043 ) ) ;
#4756 = EDGE_CURVE ( 'NONE', #7789, #2258, #4059, .T. ) ;
#4757 = EDGE_CURVE ( 'NONE', #3825, #8569, #8309, .T. ) ;
#4758 = CARTESIAN_POINT ( 'NONE',  ( 0.07271556664761660849, 0.05032954500249260665, 0.05571679061003580180 ) ) ;
#4759 = ORIENTED_EDGE ( 'NONE', *, *, #6422, .F. ) ;
#4760 = ORIENTED_EDGE ( 'NONE', *, *, #1639, .T. ) ;
#4761 = DIRECTION ( 'NONE',  ( -0.7641095779813994460, 4.083401815464346374E-17, -0.6450864692714364246 ) ) ;
#4762 = PLANE ( 'NONE',  #7997 ) ;
#4763 = VERTEX_POINT ( 'NONE', #263 ) ;
#4764 = VECTOR ( 'NONE', #3853, 1.000000000000000000 ) ;
#4765 = CARTESIAN_POINT ( 'NONE',  ( 0.003844075406862106688, 0.04015686451511396582, 0.05645642613388610065 ) ) ;
#4766 = EDGE_CURVE ( 'NONE', #7948, #6212, #3456, .T. ) ;
#4767 = CARTESIAN_POINT ( 'NONE',  ( 0.05195442029425489938, 0.07410757410786771027, 0.1059439503428780127 ) ) ;
#4768 = CARTESIAN_POINT ( 'NONE',  ( 0.08531672457387999564, 0.04271662686130819897, 0.1202916504546479998 ) ) ;
#4769 = LINE ( 'NONE', #2503, #3332 ) ;
#4770 = CARTESIAN_POINT ( 'NONE',  ( 0.09498640372134066479, 0.04259895609195103738, 0.05701034805169365866 ) ) ;
#4771 = EDGE_LOOP ( 'NONE', ( #6383, #6321, #7106, #808 ) ) ;
#4772 = PLANE ( 'NONE',  #328 ) ;
#4773 = EDGE_CURVE ( 'NONE', #6395, #3765, #1013, .T. ) ;
#4774 = PLANE ( 'NONE',  #4388 ) ;
#4775 = EDGE_CURVE ( 'NONE', #6882, #3523, #5262, .T. ) ;
#4776 = CARTESIAN_POINT ( 'NONE',  ( -0.001452558870487086337, 0.04108732051222833970, 0.1212459567172547992 ) ) ;
#4777 = EDGE_CURVE ( 'NONE', #4235, #8993, #1571, .T. ) ;
#4778 = LINE ( 'NONE', #587, #3246 ) ;
#4779 = CARTESIAN_POINT ( 'NONE',  ( 0.01273642928369349975, 0.04510757410786769839, 0.1374625601476159864 ) ) ;
#4780 = DIRECTION ( 'NONE',  ( 5.979188663871559846E-17, 1.000000000000000000, -7.523851983841548700E-18 ) ) ;
#4781 = CARTESIAN_POINT ( 'NONE',  ( 0.07336743643798827874, 0.04876234270693666217, 0.05562022871266177754 ) ) ;
#4782 = CARTESIAN_POINT ( 'NONE',  ( 0.005642602299434489391, 0.04728566457157939995, 0.05872673638796519630 ) ) ;
#4783 = CARTESIAN_POINT ( 'NONE',  ( 0.05995428840624070221, 0.07410757410786771027, 0.1059898871563509926 ) ) ;
#4784 = ORIENTED_EDGE ( 'NONE', *, *, #2855, .F. ) ;
#4785 = CARTESIAN_POINT ( 'NONE',  ( 0.01548943774197079556, 0.04985783719948207876, 0.1360601640567495330 ) ) ;
#4786 = CARTESIAN_POINT ( 'NONE',  ( 0.07587030132032025753, 0.04146831686575937204, 0.1475934849107940761 ) ) ;
#4787 = CARTESIAN_POINT ( 'NONE',  ( 0.01128136156621688951, 0.04050810331605901593, 0.1353820939611586338 ) ) ;
#4788 = CARTESIAN_POINT ( 'NONE',  ( 0.06294675509050878803, 0.04293636170175490346, 0.04917895655640330127 ) ) ;
#4789 = CARTESIAN_POINT ( 'NONE',  ( 0.08416882160046429417, 0.05199977872381340849, 0.06782109513177499160 ) ) ;
#4790 = ORIENTED_EDGE ( 'NONE', *, *, #5068, .T. ) ;
#4791 = DIRECTION ( 'NONE',  ( 0.7071067834460215140, -8.455849697034622738E-17, -0.7071067789270735204 ) ) ;
#4792 = FACE_OUTER_BOUND ( 'NONE', #7008, .T. ) ;
#4793 = CARTESIAN_POINT ( 'NONE',  ( -0.002586721281402603202, 0.05200004006754030406, 0.1177876226164542434 ) ) ;
#4794 = CARTESIAN_POINT ( 'NONE',  ( 0.07943640797391744723, 0.03610757410786769733, 0.1336930851481589744 ) ) ;
#4795 = VERTEX_POINT ( 'NONE', #6047 ) ;
#4796 = EDGE_LOOP ( 'NONE', ( #2090, #790, #2386, #722 ) ) ;
#4797 = CARTESIAN_POINT ( 'NONE',  ( 0.01340361890026730077, 0.04357657770299742939, 0.05163851058603040334 ) ) ;
#4798 = CARTESIAN_POINT ( 'NONE',  ( 0.04077925308366790041, 0.04950000073015689561, 0.09287956601695539216 ) ) ;
#4799 = DIRECTION ( 'NONE',  ( -4.027934139806210305E-16, 1.000000000000000000, -1.018010760859769879E-17 ) ) ;
#4800 = CARTESIAN_POINT ( 'NONE',  ( 0.01690647278940380152, 0.04048061862987829829, 0.04725791184716400528 ) ) ;
#4801 = ORIENTED_EDGE ( 'NONE', *, *, #525, .T. ) ;
#4802 = ORIENTED_EDGE ( 'NONE', *, *, #8719, .T. ) ;
#4803 = EDGE_CURVE ( 'NONE', #5239, #9028, #6464, .T. ) ;
#4804 = DIRECTION ( 'NONE',  ( -0.6450864692714363136, 0.000000000000000000, 0.7641095779813993349 ) ) ;
#4805 = ADVANCED_FACE ( 'NONE', ( #3000 ), #7288, .F. ) ;
#4806 = CARTESIAN_POINT ( 'NONE',  ( 0.06758343410254750994, 0.05137458848927329430, 0.1369993090322900176 ) ) ;
#4807 = ORIENTED_EDGE ( 'NONE', *, *, #5382, .F. ) ;
#4808 = CARTESIAN_POINT ( 'NONE',  ( 0.003064398101824713453, 0.04011826831954942024, 0.05677991600517762888 ) ) ;
#4809 = EDGE_CURVE ( 'NONE', #9251, #7472, #8800, .T. ) ;
#4810 = DIRECTION ( 'NONE',  ( 0.7010108883734651464, -0.1310246636425640432, 0.7010108928534550810 ) ) ;
#4811 = AXIS2_PLACEMENT_3D ( 'NONE', #7903, #7192, #750 ) ;
#4812 = CARTESIAN_POINT ( 'NONE',  ( 0.01701624330705900009, 0.04010757410786770089, 0.1402538139408729956 ) ) ;
#4813 = CARTESIAN_POINT ( 'NONE',  ( 0.04077925308366790041, 0.09210757410786771238, 0.09287956601695539216 ) ) ;
#4814 = DIRECTION ( 'NONE',  ( 5.979188663871559846E-17, 1.000000000000000000, -7.523851983841548700E-18 ) ) ;
#4815 = VERTEX_POINT ( 'NONE', #1634 ) ;
#4816 = CARTESIAN_POINT ( 'NONE',  ( 0.009029776514224100575, 0.03610757410786769733, 0.09269725428848558935 ) ) ;
#4817 = DIRECTION ( 'NONE',  ( 5.979188663871559846E-17, 1.000000000000000000, -7.523851983841539456E-18 ) ) ;
#4818 = CARTESIAN_POINT ( 'NONE',  ( -0.001598760218881666766, 0.04092215427552794299, 0.1213921580647150250 ) ) ;
#4819 = CARTESIAN_POINT ( 'NONE',  ( 0.06570719459443299937, 0.04035255481984920123, 0.04652661213476860097 ) ) ;
#4820 = CARTESIAN_POINT ( 'NONE',  ( 0.01427207176912243317, 0.04157226619030360282, 0.1379982665591380497 ) ) ;
#4821 = DIRECTION ( 'NONE',  ( -0.7010108928534550810, -0.1310246636425636269, 0.7010108883734651464 ) ) ;
#4822 = B_SPLINE_SURFACE_WITH_KNOTS ( 'NONE', 3, 3, ( 
 ( #3985, #6858, #1861, #1298 ),
 ( #548, #4167, #406, #4827 ),
 ( #4738, #3276, #363, #3323 ),
 ( #9168, #6138, #3230, #9072 ),
 ( #9022, #5441, #6094, #2519 ) ),
 .UNSPECIFIED., .F., .F., .F.,
 ( 4, 1, 4 ),
 ( 4, 4 ),
 ( 0.000000000000000000, 0.5714285714285709528, 1.000000000000000000 ),
 ( 8.313014200093009620, 8.649806283777069282 ),
 .UNSPECIFIED. ) ;
#4823 = CARTESIAN_POINT ( 'NONE',  ( 0.07314359097595829473, 0.04950000073015969893, 0.05542559916705200318 ) ) ;
#4824 = CARTESIAN_POINT ( 'NONE',  ( 0.08232108190675649362, 0.04232444369895160124, 0.06520315844331348032 ) ) ;
#4825 = VERTEX_POINT ( 'NONE', #7377 ) ;
#4826 = ORIENTED_EDGE ( 'NONE', *, *, #5729, .T. ) ;
#4827 = CARTESIAN_POINT ( 'NONE',  ( -0.002464838778234940044, 0.05292834581888049977, 0.1159486156862929995 ) ) ;
#4828 = VECTOR ( 'NONE', #2771, 1.000000000000000000 ) ;
#4829 = CARTESIAN_POINT ( 'NONE',  ( 0.002275882013659639731, 0.04010757410786770089, 0.04051077362830800277 ) ) ;
#4830 = CARTESIAN_POINT ( 'NONE',  ( 0.07314359097595829473, 0.04950000073015969893, 0.05542559916705200318 ) ) ;
#4831 = CARTESIAN_POINT ( 'NONE',  ( 0.01854115668808260092, 0.05100484680249320335, 0.1365426748011530078 ) ) ;
#4832 = CARTESIAN_POINT ( 'NONE',  ( 0.07811938264225234962, 0.04812102740775532628, 0.06038395516666506674 ) ) ;
#4833 = VECTOR ( 'NONE', #2273, 1.000000000000000000 ) ;
#4834 = CARTESIAN_POINT ( 'NONE',  ( 0.04052085850788388760, 0.09210757410786771238, 0.1378788241468757725 ) ) ;
#4835 = B_SPLINE_CURVE_WITH_KNOTS ( 'NONE', 3,
 ( #5550, #1967, #663, #1267, #8522, #3479, #7764, #3527, #6206, #8477, #8426, #4753, #7720, #564, #4095, #4182, #4797, #6913 ),
 .UNSPECIFIED., .F., .F.,
 ( 4, 2, 2, 2, 2, 2, 2, 2, 4 ),
 ( 0.000000000000000000, 0.2499999999999954481, 0.3749999999999925060, 0.4374999999999920064, 0.4999999999999915623, 0.6249999999999945599, 0.6874999999999961142, 0.7499999999999976685, 1.000000000000000000 ),
 .UNSPECIFIED. ) ;
#4836 = CARTESIAN_POINT ( 'NONE',  ( -0.01342614163661533418, 0.04177812326695109352, 0.05700784555698853312 ) ) ;
#4837 = EDGE_CURVE ( 'NONE', #5727, #4640, #233, .T. ) ;
#4838 = DIRECTION ( 'NONE',  ( 5.979188663871559846E-17, 1.000000000000000000, -7.523851983841539456E-18 ) ) ;
#4839 = CARTESIAN_POINT ( 'NONE',  ( -0.005824130485128469793, 0.04037124799189970026, 0.1172768546448549887 ) ) ;
#4840 = VERTEX_POINT ( 'NONE', #404 ) ;
#4841 = EDGE_LOOP ( 'NONE', ( #6103, #435, #8963, #3596 ) ) ;
#4842 = VECTOR ( 'NONE', #534, 1.000000000000000000 ) ;
#4843 = CARTESIAN_POINT ( 'NONE',  ( 0.006200629973397781686, 0.05200000073015689783, 0.04230970230217666328 ) ) ;
#4844 = CARTESIAN_POINT ( 'NONE',  ( 0.07928262415367620664, 0.04010757410786770089, 0.1452483584056029897 ) ) ;
#4845 = CARTESIAN_POINT ( 'NONE',  ( 0.06728643707665735163, 0.04157226168888442097, 0.04776086942640965505 ) ) ;
#4846 = AXIS2_PLACEMENT_3D ( 'NONE', #6736, #7965, #4393 ) ;
#4847 = CIRCLE ( 'NONE', #7257, 0.003150000000000011732 ) ;
#4848 = CIRCLE ( 'NONE', #799, 0.04900000000000002270 ) ;
#4849 = CARTESIAN_POINT ( 'NONE',  ( 0.05195442029425489938, 0.03610757410786769733, 0.1059439503428780127 ) ) ;
#4850 = EDGE_LOOP ( 'NONE', ( #2211, #5549 ) ) ;
#4851 = VERTEX_POINT ( 'NONE', #4783 ) ;
#4852 = CARTESIAN_POINT ( 'NONE',  ( 0.007612632897522422087, 0.04785937080045519348, 0.1296248880198319076 ) ) ;
#4853 = CARTESIAN_POINT ( 'NONE',  ( 0.06364067127089240161, 0.05194413682596400045, 0.1362351494244549988 ) ) ;
#4854 = ORIENTED_EDGE ( 'NONE', *, *, #2801, .T. ) ;
#4855 = CARTESIAN_POINT ( 'NONE',  ( 0.08561473265422513135, 0.04725049957092117975, 0.08903504652320395896 ) ) ;
#4856 = CARTESIAN_POINT ( 'NONE',  ( 0.09464215247297291800, 0.04259706566695922736, 0.1292637283414669880 ) ) ;
#4857 = DIRECTION ( 'NONE',  ( -0.005742101684087365203, 0.000000000000000000, 0.9999835139982307108 ) ) ;
#4858 = CARTESIAN_POINT ( 'NONE',  ( -0.002693691873844377294, 0.04990270080192868440, 0.1176255437081195898 ) ) ;
#4859 = CARTESIAN_POINT ( 'NONE',  ( 0.06933948081584460910, 0.04010757410786770089, 0.1084351572332780123 ) ) ;
#4860 = VERTEX_POINT ( 'NONE', #3228 ) ;
#4861 = DIRECTION ( 'NONE',  ( 1.000000000000000000, -5.979188663871559846E-17, 0.000000000000000000 ) ) ;
#4862 = ADVANCED_FACE ( 'NONE', ( #6136 ), #445, .F. ) ;
#4863 = CARTESIAN_POINT ( 'NONE',  ( 0.06410883863774000102, 0.05200019401827084969, 0.1362628775173196916 ) ) ;
#4864 = CARTESIAN_POINT ( 'NONE',  ( 0.004676769754647485018, 0.04011867093073474833, 0.1305841779472560471 ) ) ;
#4865 = CARTESIAN_POINT ( 'NONE',  ( 0.08528319340563866868, 0.04990270069763831640, 0.06577658085799682752 ) ) ;
#4866 = CARTESIAN_POINT ( 'NONE',  ( 0.002978244204144045535, 0.04011026415193418015, 0.05522897130154011403 ) ) ;
#4867 = CARTESIAN_POINT ( 'NONE',  ( 0.04077925308366790041, 0.04010757410786770089, 0.09287956601695539216 ) ) ;
#4868 = ADVANCED_FACE ( 'NONE', ( #5349 ), #7604, .F. ) ;
#4869 = DIRECTION ( 'NONE',  ( -4.027934139806210305E-16, 1.000000000000000000, -1.018010760859769879E-17 ) ) ;
#4870 = CARTESIAN_POINT ( 'NONE',  ( 0.05450031589272309740, 0.06690757410786771220, 0.09795843748510280058 ) ) ;
#4871 = ADVANCED_FACE ( 'NONE', ( #1906 ), #9108, .F. ) ;
#4872 = ORIENTED_EDGE ( 'NONE', *, *, #7045, .F. ) ;
#4873 = ORIENTED_EDGE ( 'NONE', *, *, #7133, .T. ) ;
#4874 = DIRECTION ( 'NONE',  ( -0.7071067834460210699, 8.455849697034631366E-17, 0.7071067789270740755 ) ) ;
#4875 = CARTESIAN_POINT ( 'NONE',  ( 0.08957352589835873569, 0.05162053657964584680, 0.08839333153745107530 ) ) ;
#4876 = B_SPLINE_CURVE_WITH_KNOTS ( 'NONE', 3,
 ( #6380, #8500, #7034, #7745, #7930, #3416, #6467, #2000, #589, #5014, #7884, #2758 ),
 .UNSPECIFIED., .F., .F.,
 ( 4, 2, 1, 1, 2, 2, 4 ),
 ( 0.5049132148691951594, 0.5203846769045356035, 0.5358561389398760477, 0.5667990630105489425, 0.6286849111518969524, 0.7524566074345979683, 1.000000000000000000 ),
 .UNSPECIFIED. ) ;
#4877 = CARTESIAN_POINT ( 'NONE',  ( 0.07811429318413135037, 0.04015768000144807892, 0.05687433913129684437 ) ) ;
#4878 = PLANE ( 'NONE',  #388 ) ;
#4879 = DIRECTION ( 'NONE',  ( 3.911738858581304556E-17, 1.000000000000000000, -7.642569011097939605E-18 ) ) ;
#4880 = CARTESIAN_POINT ( 'NONE',  ( 0.09424109137895292365, 0.04794078568908207577, 0.1298503224082912522 ) ) ;
#4881 = CARTESIAN_POINT ( 'NONE',  ( -0.002828007293923399945, 0.04342147686594589884, 0.06609648894246049344 ) ) ;
#4882 = B_SPLINE_CURVE_WITH_KNOTS ( 'NONE', 3,
 ( #3669, #3569, #7241, #5645 ),
 .UNSPECIFIED., .F., .F.,
 ( 4, 4 ),
 ( 0.000000000000000000, 1.000000000000000000 ),
 .UNSPECIFIED. ) ;
#4883 = CARTESIAN_POINT ( 'NONE',  ( 0.003842323610967264547, 0.04811594320718379919, 0.05992636827966800472 ) ) ;
#4884 = CARTESIAN_POINT ( 'NONE',  ( 0.08958724319392379065, 0.04818069165634192297, 0.08854595655710689739 ) ) ;
#4885 = EDGE_LOOP ( 'NONE', ( #3685, #8339, #8654, #5559 ) ) ;
#4886 = EDGE_LOOP ( 'NONE', ( #7144, #7619, #5323, #3792, #5457 ) ) ;
#4887 = EDGE_CURVE ( 'NONE', #1743, #3544, #4686, .T. ) ;
#4888 = CARTESIAN_POINT ( 'NONE',  ( 0.009661028243999796386, 0.05200000073015689783, 0.04510755339542368847 ) ) ;
#4889 = EDGE_CURVE ( 'NONE', #9079, #3909, #2808, .T. ) ;
#4890 = CYLINDRICAL_SURFACE ( 'NONE', #3656, 0.04950000000000000927 ) ;
#4891 = EDGE_CURVE ( 'NONE', #4451, #6033, #6944, .T. ) ;
#4892 = CARTESIAN_POINT ( 'NONE',  ( -0.003641546549516489883, 0.05130737842113020086, 0.06487204468044939498 ) ) ;
#4893 = COORDINATED_UNIVERSAL_TIME_OFFSET ( 2, 0, .AHEAD. ) ;
#4894 = AXIS2_PLACEMENT_3D ( 'NONE', #8138, #1026, #6724 ) ;
#4895 = CARTESIAN_POINT ( 'NONE',  ( 0.08535453588248011203, 0.04410287011973079707, 0.06570523838161129726 ) ) ;
#4896 = ORIENTED_EDGE ( 'NONE', *, *, #6068, .F. ) ;
#4897 = EDGE_LOOP ( 'NONE', ( #4953, #2126, #166, #6921 ) ) ;
#4898 = CARTESIAN_POINT ( 'NONE',  ( 0.07809323198208445449, 0.04892049150137848385, 0.1254052196938249542 ) ) ;
#4899 = CARTESIAN_POINT ( 'NONE',  ( 0.06249727106851889896, 0.05102534097662259766, 0.1368036789255810126 ) ) ;
#4900 = ORIENTED_EDGE ( 'NONE', *, *, #5750, .T. ) ;
#4901 = CARTESIAN_POINT ( 'NONE',  ( 0.003055645986050979646, 0.04011792791301511951, 0.05678231915107994493 ) ) ;
#4902 = VECTOR ( 'NONE', #513, 1.000000000000000000 ) ;
#4903 = DIRECTION ( 'NONE',  ( -0.6902684921683039931, -0.2169304578186490029, 0.6902684877569650324 ) ) ;
#4904 = DIRECTION ( 'NONE',  ( 0.7071067789270740755, 1.314504061156184145E-15, 0.7071067834460210699 ) ) ;
#4905 = CARTESIAN_POINT ( 'NONE',  ( 0.07928262415367620664, 0.04699070047950899831, 0.1452483584056029897 ) ) ;
#4906 = ORIENTED_EDGE ( 'NONE', *, *, #5617, .T. ) ;
#4907 = EDGE_LOOP ( 'NONE', ( #2919, #660, #5643, #606 ) ) ;
#4908 = CARTESIAN_POINT ( 'NONE',  ( 0.08365300635366210158, 0.04985783708471710346, 0.1183982279279219979 ) ) ;
#4909 = LINE ( 'NONE', #7879, #8896 ) ;
#4910 = CARTESIAN_POINT ( 'NONE',  ( 0.003885307206343225229, 0.04017177488584851991, 0.1292203853773048750 ) ) ;
#4911 = CARTESIAN_POINT ( 'NONE',  ( 0.01801410502042215950, 0.04149488334936435319, 0.04876476121819935117 ) ) ;
#4912 = B_SPLINE_SURFACE_WITH_KNOTS ( 'NONE', 3, 3, ( 
 ( #9171, #1257, #4831, #8984 ),
 ( #7707, #1168, #411, #452 ),
 ( #8374, #3280, #8274, #4696 ),
 ( #4742, #1209, #5589, #4131 ),
 ( #8330, #6903, #1912, #1773 ) ),
 .UNSPECIFIED., .F., .F., .F.,
 ( 4, 1, 4 ),
 ( 4, 4 ),
 ( 0.000000000000000000, 0.5714285714285709528, 1.000000000000000000 ),
 ( 4.933250379836629840, 5.277353295169460168 ),
 .UNSPECIFIED. ) ;
#4913 = CARTESIAN_POINT ( 'NONE',  ( 0.002943714949717594551, 0.04010992192747810797, 0.05524895104553795983 ) ) ;
#4914 = DIRECTION ( 'NONE',  ( 5.979188663871559846E-17, 1.000000000000000000, -7.523851983841548700E-18 ) ) ;
#4915 = CARTESIAN_POINT ( 'NONE',  ( 0.07004342961979090343, 0.04010757410786770089, 0.05869465748025420176 ) ) ;
#4916 = CARTESIAN_POINT ( 'NONE',  ( -0.002693270985478155022, 0.09210757410786771238, 0.1176256102108890061 ) ) ;
#4917 = VERTEX_POINT ( 'NONE', #3983 ) ;
#4918 = ORIENTED_EDGE ( 'NONE', *, *, #5717, .F. ) ;
#4919 = CARTESIAN_POINT ( 'NONE',  ( 0.001665705926261220032, 0.04010757410786770089, 0.1315464824800660071 ) ) ;
#4920 = EDGE_CURVE ( 'NONE', #1493, #1788, #1138, .T. ) ;
#4921 = CARTESIAN_POINT ( 'NONE',  ( 0.08975187334976302000, 0.05472465477420573876, 0.09124173587056748358 ) ) ;
#4922 = ADVANCED_FACE ( 'NONE', ( #9117 ), #7308, .T. ) ;
#4923 = CARTESIAN_POINT ( 'NONE',  ( 0.07704211217898727926, 0.04014064951286839406, 0.05562884255062927608 ) ) ;
#4924 = DIRECTION ( 'NONE',  ( -6.962710631593910593E-15, -1.000000000000000000, 0.000000000000000000 ) ) ;
#4925 = EDGE_CURVE ( 'NONE', #1402, #5519, #2489, .T. ) ;
#4926 = CARTESIAN_POINT ( 'NONE',  ( 0.08447758741080194089, 0.05199534538090349461, 0.06673056975946382863 ) ) ;
#4927 = ORIENTED_EDGE ( 'NONE', *, *, #2505, .F. ) ;
#4928 = CARTESIAN_POINT ( 'NONE',  ( 0.002976163709507939799, 0.05200000073015689783, 0.04000304538852079983 ) ) ;
#4929 = LINE ( 'NONE', #2815, #8286 ) ;
#4930 = CARTESIAN_POINT ( 'NONE',  ( 0.08702342358762620023, 0.04013735275879549980, 0.1166409945989709956 ) ) ;
#4931 = DIRECTION ( 'NONE',  ( -0.9999835139982307108, 0.000000000000000000, -0.005742101684093668321 ) ) ;
#4932 = VERTEX_POINT ( 'NONE', #9306 ) ;
#4933 = VERTEX_POINT ( 'NONE', #6424 ) ;
#4934 = EDGE_CURVE ( 'NONE', #1798, #5471, #3594, .T. ) ;
#4935 = CARTESIAN_POINT ( 'NONE',  ( -0.01122273387009039940, 0.04010757410786770089, 0.05388221542924050145 ) ) ;
#4936 = DIRECTION ( 'NONE',  ( -0.005742101684089277736, 0.000000000000000000, 0.9999835139982307108 ) ) ;
#4937 = DIRECTION ( 'NONE',  ( 0.5655123332096394506, -0.7010108906134546736, -0.4344876663716943366 ) ) ;
#4938 =( BOUNDED_CURVE ( )  B_SPLINE_CURVE ( 3, ( #1783, #326, #3198, #2318 ),
 .UNSPECIFIED., .F., .F. ) 
 B_SPLINE_CURVE_WITH_KNOTS ( ( 4, 4 ),
 ( 4.972956824640090367, 5.368820757945869993 ),
 .UNSPECIFIED. ) 
 CURVE ( )  GEOMETRIC_REPRESENTATION_ITEM ( )  RATIONAL_B_SPLINE_CURVE ( ( 1.000000000000000000, 0.9869835577297028095, 0.9869835577297028095, 1.000000000000000000 ) ) 
 REPRESENTATION_ITEM ( '' )  );
#4939 = CARTESIAN_POINT ( 'NONE',  ( 0.01924698113077119924, 0.04410757410786769750, 0.04886397206714769570 ) ) ;
#4940 = ORIENTED_EDGE ( 'NONE', *, *, #2244, .F. ) ;
#4941 = ORIENTED_EDGE ( 'NONE', *, *, #2823, .F. ) ;
#4942 = B_SPLINE_CURVE_WITH_KNOTS ( 'NONE', 3,
 ( #5905, #4627, #113, #2990, #3789, #5853 ),
 .UNSPECIFIED., .F., .F.,
 ( 4, 2, 4 ),
 ( 0.000000000000000000, 0.2493414161890131209, 0.4986828323780262417 ),
 .UNSPECIFIED. ) ;
#4943 = CARTESIAN_POINT ( 'NONE',  ( 0.07821577919593611372, 0.04938881184148959796, 0.1252643828542021609 ) ) ;
#4944 = CARTESIAN_POINT ( 'NONE',  ( -0.01393466581014928679, 0.04146831686580512016, 0.1279706142536547464 ) ) ;
#4945 = B_SPLINE_CURVE_WITH_KNOTS ( 'NONE', 3,
 ( #2448, #8191, #5513, #6112, #4755, #1740 ),
 .UNSPECIFIED., .F., .F.,
 ( 4, 2, 4 ),
 ( 0.000000000000000000, 0.2499998962304068040, 0.4999997924608136080 ),
 .UNSPECIFIED. ) ;
#4946 = ORIENTED_EDGE ( 'NONE', *, *, #2734, .T. ) ;
#4947 = CARTESIAN_POINT ( 'NONE',  ( 0.01694405933616222742, 0.05200019958543693893, 0.1359819934778280226 ) ) ;
#4948 = FACE_OUTER_BOUND ( 'NONE', #5631, .T. ) ;
#4949 = FACE_OUTER_BOUND ( 'NONE', #5556, .T. ) ;
#4950 = CARTESIAN_POINT ( 'NONE',  ( -0.003031404467815019925, 0.04336150569777760116, 0.1148270444397109930 ) ) ;
#4951 = VERTEX_POINT ( 'NONE', #9261 ) ;
#4952 = EDGE_CURVE ( 'NONE', #8628, #7153, #392, .T. ) ;
#4953 = ORIENTED_EDGE ( 'NONE', *, *, #8433, .F. ) ;
#4954 = CARTESIAN_POINT ( 'NONE',  ( 0.07338109602537556952, 0.04798531133391552295, 0.1301268659748589240 ) ) ;
#4955 = DIRECTION ( 'NONE',  ( 0.7071067834460210699, -1.064033378703290302E-17, -0.7071067789270740755 ) ) ;
#4956 = CARTESIAN_POINT ( 'NONE',  ( 0.003572205275378661452, 0.04016329091213141633, 0.1289692920079511529 ) ) ;
#4957 = CIRCLE ( 'NONE', #7062, 0.04900000000000002270 ) ;
#4958 = CARTESIAN_POINT ( 'NONE',  ( 0.003184883995842409735, 0.04010928290758412895, 0.1307832218355881870 ) ) ;
#4959 = DIRECTION ( 'NONE',  ( 0.9876750122331696691, 0.000000000000000000, -0.1565185938162238499 ) ) ;
#4960 = CARTESIAN_POINT ( 'NONE',  ( 0.003129957278579598243, 0.04874435638592313630, 0.1250164533420544122 ) ) ;
#4961 = CARTESIAN_POINT ( 'NONE',  ( -0.002401316720598447359, 0.04985783719968946148, 0.06758974638628219289 ) ) ;
#4962 = CARTESIAN_POINT ( 'NONE',  ( 0.01746634851196502553, 0.05200018819641061968, 0.04949354230872655969 ) ) ;
#4963 = VERTEX_POINT ( 'NONE', #4259 ) ;
#4964 = EDGE_LOOP ( 'NONE', ( #2284, #5697, #1449, #796 ) ) ;
#4965 = CIRCLE ( 'NONE', #909, 0.003150000000000011732 ) ;
#4966 = DIRECTION ( 'NONE',  ( 0.4999999984023114630, -0.7071067811865469066, 0.5000000015976894252 ) ) ;
#4967 = CARTESIAN_POINT ( 'NONE',  ( 0.08972828977290552011, 0.05443564363693570440, 0.09065170159942405326 ) ) ;
#4968 = CARTESIAN_POINT ( 'NONE',  ( 0.06642755076559790639, 0.04114300201317239863, 0.1384502255397579984 ) ) ;
#4969 = LINE ( 'NONE', #655, #2362 ) ;
#4970 = B_SPLINE_CURVE_WITH_KNOTS ( 'NONE', 3,
 ( #3470, #5590, #8467, #1258, #1961 ),
 .UNSPECIFIED., .F., .F.,
 ( 4, 1, 4 ),
 ( 0.6250484870641622726, 0.7142857142857115260, 1.000000000000000000 ),
 .UNSPECIFIED. ) ;
#4971 = EDGE_CURVE ( 'NONE', #2074, #2543, #354, .T. ) ;
#4972 = CARTESIAN_POINT ( 'NONE',  ( 0.09418077690077052144, 0.04858878408799525983, 0.1299373384746477234 ) ) ;
#4973 = EDGE_CURVE ( 'NONE', #8885, #472, #1255, .T. ) ;
#4975 = B_SPLINE_CURVE_WITH_KNOTS ( 'NONE', 3,
 ( #7237, #1494, #1543, #6438, #7291 ),
 .UNSPECIFIED., .F., .F.,
 ( 4, 1, 4 ),
 ( 0.5000115151353434761, 0.5714285714283497963, 1.000000000000000000 ),
 .UNSPECIFIED. ) ;
#4974 = CARTESIAN_POINT ( 'NONE',  ( 0.004702033362092419844, 0.04010757410786770089, 0.1323850620543569889 ) ) ;
#4976 = CIRCLE ( 'NONE', #3324, 0.001299999999999997555 ) ;
#4977 = CARTESIAN_POINT ( 'NONE',  ( 0.07809658547002687468, 0.04808611669754784407, 0.06035778718777273788 ) ) ;
#4978 = ORIENTED_EDGE ( 'NONE', *, *, #2476, .F. ) ;
#4979 = CARTESIAN_POINT ( 'NONE',  ( 0.0001377116861447640224, 0.04950000073015689561, 0.1274338607389835232 ) ) ;
#4980 = ORIENTED_EDGE ( 'NONE', *, *, #562, .F. ) ;
#4981 = VERTEX_POINT ( 'NONE', #2050 ) ;
#4982 = EDGE_CURVE ( 'NONE', #6510, #992, #733, .T. ) ;
#4983 = DIRECTION ( 'NONE',  ( -0.7071067834460210699, -4.618527782440651366E-16, 0.7071067789270740755 ) ) ;
#4984 = AXIS2_PLACEMENT_3D ( 'NONE', #4163, #4352, #3593 ) ;
#4985 = CARTESIAN_POINT ( 'NONE',  ( 0.06745810091192835922, 0.04990270069763821925, 0.1370743756608721053 ) ) ;
#4986 = CARTESIAN_POINT ( 'NONE',  ( 0.09532608640567613589, 0.04115993879536585659, 0.1282323600271610131 ) ) ;
#4987 = AXIS2_PLACEMENT_3D ( 'NONE', #6585, #127, #3005 ) ;
#4988 = CARTESIAN_POINT ( 'NONE',  ( 0.08564988443527300765, 0.04510757410786760124, 0.06540988983070589180 ) ) ;
#4989 = ORIENTED_EDGE ( 'NONE', *, *, #6561, .F. ) ;
#4990 = ORIENTED_EDGE ( 'NONE', *, *, #3138, .F. ) ;
#4991 = CARTESIAN_POINT ( 'NONE',  ( 0.07814296614785071204, 0.04908340582211979941, 0.1253482445092717890 ) ) ;
#4992 = CARTESIAN_POINT ( 'NONE',  ( -0.01387568527643797019, 0.04157203745077789336, 0.1280624832348397635 ) ) ;
#4993 = DIRECTION ( 'NONE',  ( 5.979188663871559846E-17, 1.000000000000000000, -7.523851983841548700E-18 ) ) ;
#4994 = ORIENTED_EDGE ( 'NONE', *, *, #2277, .F. ) ;
#4995 = VECTOR ( 'NONE', #711, 1.000000000000000000 ) ;
#4996 = CARTESIAN_POINT ( 'NONE',  ( 0.004658085183109944918, 0.04016503112480558635, 0.05571737169464090894 ) ) ;
#4997 = AXIS2_PLACEMENT_3D ( 'NONE', #5391, #6808, #3226 ) ;
#4998 = CARTESIAN_POINT ( 'NONE',  ( 0.008955129192330948951, 0.07410757410786771027, 0.1056970399704629943 ) ) ;
#4999 = CARTESIAN_POINT ( 'NONE',  ( 0.06914564378397958233, 0.04108732051221510029, 0.1351113779711229090 ) ) ;
#5000 = CARTESIAN_POINT ( 'NONE',  ( -0.002408678328510753357, 0.04985783735796302241, 0.06970848862688285019 ) ) ;
#5001 = EDGE_LOOP ( 'NONE', ( #72, #968, #7284, #6460 ) ) ;
#5002 = AXIS2_PLACEMENT_3D ( 'NONE', #3487, #714, #6309 ) ;
#5003 = ORIENTED_EDGE ( 'NONE', *, *, #3803, .F. ) ;
#5004 = LINE ( 'NONE', #4249, #1986 ) ;
#5005 = EDGE_CURVE ( 'NONE', #3707, #8764, #986, .T. ) ;
#5006 = VECTOR ( 'NONE', #3212, 1.000000000000000000 ) ;
#5007 = CARTESIAN_POINT ( 'NONE',  ( 0.06408593125534868540, 0.05200018866485537489, 0.1362666577127664425 ) ) ;
#5008 = EDGE_CURVE ( 'NONE', #2626, #8712, #4054, .T. ) ;
#5009 = CARTESIAN_POINT ( 'NONE',  ( 0.004335925146191002902, 0.04015845960767218392, 0.1297809954165479729 ) ) ;
#5010 = CARTESIAN_POINT ( 'NONE',  ( 0.003132714551961580593, 0.04011019515743276254, 0.1306874557246478774 ) ) ;
#5011 = EDGE_CURVE ( 'NONE', #9119, #2375, #64, .T. ) ;
#5012 = FACE_OUTER_BOUND ( 'NONE', #2968, .T. ) ;
#5013 = AXIS2_PLACEMENT_3D ( 'NONE', #2022, #2728, #3341 ) ;
#5014 = CARTESIAN_POINT ( 'NONE',  ( -0.01312725466947782700, 0.04379495738561724194, 0.1291996016629364807 ) ) ;
#5015 = LINE ( 'NONE', #2002, #5279 ) ;
#5016 = CARTESIAN_POINT ( 'NONE',  ( 0.01767910000760319900, 0.05200244179529863592, 0.04946019871346125918 ) ) ;
#5017 = ORIENTED_EDGE ( 'NONE', *, *, #8098, .F. ) ;
#5018 = ORIENTED_EDGE ( 'NONE', *, *, #5095, .F. ) ;
#5019 = FACE_OUTER_BOUND ( 'NONE', #3788, .T. ) ;
#5020 = CARTESIAN_POINT ( 'NONE',  ( 0.08973314392711002896, 0.05475513108118643113, 0.09500488583745096693 ) ) ;
#5021 = CARTESIAN_POINT ( 'NONE',  ( 0.007107268405142259937, 0.05498850940878750176, 0.1317780125273600167 ) ) ;
#5022 = CARTESIAN_POINT ( 'NONE',  ( 0.07589356978037205270, 0.05200000073015689089, 0.04265924537739688299 ) ) ;
#5023 = ORIENTED_EDGE ( 'NONE', *, *, #4351, .T. ) ;
#5024 = CARTESIAN_POINT ( 'NONE',  ( -0.01576003169842889878, 0.04010757410786770089, 0.1249468277698549956 ) ) ;
#5025 = CIRCLE ( 'NONE', #58, 0.06500000000000002998 ) ;
#5026 = CARTESIAN_POINT ( 'NONE',  ( 0.07254172111683099278, 0.04880346727102054943, 0.1301913454606860865 ) ) ;
#5027 = PLANE ( 'NONE',  #3345 ) ;
#5028 = ORIENTED_EDGE ( 'NONE', *, *, #5637, .F. ) ;
#5029 = CARTESIAN_POINT ( 'NONE',  ( 0.004867317959103840096, 0.04722120145040200473, 0.1269468951698120018 ) ) ;
#5030 = ORIENTED_EDGE ( 'NONE', *, *, #4317, .T. ) ;
#5031 = ORIENTED_EDGE ( 'NONE', *, *, #6646, .T. ) ;
#5032 = DIRECTION ( 'NONE',  ( -0.005742101684087874344, 0.000000000000000000, 0.9999835139982305998 ) ) ;
#5033 = CARTESIAN_POINT ( 'NONE',  ( 0.09166702557836589604, 0.04432088081784599926, 0.1498545852915320054 ) ) ;
#5034 = CARTESIAN_POINT ( 'NONE',  ( 0.08201446107268080266, 0.04950000073015689561, 0.04924632336010700134 ) ) ;
#5035 = CARTESIAN_POINT ( 'NONE',  ( 0.08384393095993815381, 0.05200024334966419498, 0.1169274363891636137 ) ) ;
#5036 = DIRECTION ( 'NONE',  ( 5.979188663871559846E-17, 1.000000000000000000, -7.523851983841539456E-18 ) ) ;
#5037 = ORIENTED_EDGE ( 'NONE', *, *, #8402, .T. ) ;
#5038 = ORIENTED_EDGE ( 'NONE', *, *, #3266, .T. ) ;
#5039 = FACE_OUTER_BOUND ( 'NONE', #1696, .T. ) ;
#5040 = DIRECTION ( 'NONE',  ( -4.027934139806210305E-16, 1.000000000000000000, -1.018010760859769879E-17 ) ) ;
#5041 = ORIENTED_EDGE ( 'NONE', *, *, #3406, .F. ) ;
#5042 = CARTESIAN_POINT ( 'NONE',  ( 0.004934159547529396415, 0.04014212948187231844, 0.05524234428960887733 ) ) ;
#5043 = EDGE_CURVE ( 'NONE', #5651, #6374, #6621, .T. ) ;
#5044 = EDGE_CURVE ( 'NONE', #833, #6532, #4618, .T. ) ;
#5045 = CARTESIAN_POINT ( 'NONE',  ( 0.01906123509881699901, 0.04416030888467410015, 0.04895545310832979946 ) ) ;
#5046 = VECTOR ( 'NONE', #6519, 1.000000000000000000 ) ;
#5047 = CARTESIAN_POINT ( 'NONE',  ( 0.06815488726706846190, 0.04357657770282162557, 0.1341206214478801451 ) ) ;
#5048 = CARTESIAN_POINT ( 'NONE',  ( -0.002241461468514643028, 0.04985783733408802321, 0.06862316004143760584 ) ) ;
#5049 = ORIENTED_EDGE ( 'NONE', *, *, #2831, .T. ) ;
#5050 = EDGE_LOOP ( 'NONE', ( #736, #7662, #6250, #4212, #3310 ) ) ;
#5051 = CARTESIAN_POINT ( 'NONE',  ( 0.09461067007513219995, 0.04708659746632420234, 0.05644910424811290517 ) ) ;
#5052 = CARTESIAN_POINT ( 'NONE',  ( 0.07805037686180907319, 0.04013956952072783579, 0.1291335264111121151 ) ) ;
#5053 = AXIS2_PLACEMENT_3D ( 'NONE', #6959, #3336, #6202 ) ;
#5054 = CARTESIAN_POINT ( 'NONE',  ( 0.002650379041019365004, 0.04011827321067677060, 0.1285430776689283627 ) ) ;
#5055 = DIRECTION ( 'NONE',  ( 0.000000000000000000, 0.000000000000000000, -1.000000000000000000 ) ) ;
#5056 = FACE_OUTER_BOUND ( 'NONE', #4706, .T. ) ;
#5057 = VECTOR ( 'NONE', #4729, 1.000000000000000000 ) ;
#5058 = CARTESIAN_POINT ( 'NONE',  ( 0.002930002151607049958, 0.04950000073015990015, 0.1247807290660030016 ) ) ;
#5059 = ADVANCED_FACE ( 'NONE', ( #8028 ), #5288, .T. ) ;
#5060 = CARTESIAN_POINT ( 'NONE',  ( 0.07455831358172385070, 0.04950000073015689561, 0.04609586911950726285 ) ) ;
#5061 = DIRECTION ( 'NONE',  ( -4.027934139806210305E-16, 1.000000000000000000, -1.018010760859769879E-17 ) ) ;
#5062 = ORIENTED_EDGE ( 'NONE', *, *, #5170, .T. ) ;
#5063 = VERTEX_POINT ( 'NONE', #1575 ) ;
#5064 = CARTESIAN_POINT ( 'NONE',  ( -0.003283874969432276202, 0.05199513741398268524, 0.1197332068922963288 ) ) ;
#5065 = EDGE_CURVE ( 'NONE', #463, #7392, #8361, .T. ) ;
#5066 = CARTESIAN_POINT ( 'NONE',  ( 0.06002893572813389894, 0.04110757410786770177, 0.09299010147437410112 ) ) ;
#5067 = B_SPLINE_CURVE_WITH_KNOTS ( 'NONE', 3,
 ( #155, #3035, #5245, #8786 ),
 .UNSPECIFIED., .F., .F.,
 ( 4, 4 ),
 ( 0.000000000000000000, 1.000000000000000000 ),
 .UNSPECIFIED. ) ;
#5068 = EDGE_CURVE ( 'NONE', #9166, #2347, #5354, .T. ) ;
#5069 = CARTESIAN_POINT ( 'NONE',  ( 0.08958603544363713533, 0.05200164127874727649, 0.08853237942043773456 ) ) ;
#5070 = AXIS2_PLACEMENT_3D ( 'NONE', #4502, #5119, #4315 ) ;
#5071 = CARTESIAN_POINT ( 'NONE',  ( 0.06249727106851889896, 0.04416030888467410015, 0.1368036789255810126 ) ) ;
#5072 = LINE ( 'NONE', #7330, #3558 ) ;
#5073 = VERTEX_POINT ( 'NONE', #2232 ) ;
#5074 = CARTESIAN_POINT ( 'NONE',  ( 0.09732387984593410257, 0.04432088081784599926, 0.1441977310601149920 ) ) ;
#5075 = DIRECTION ( 'NONE',  ( -0.7010108928534555250, 0.1310246636425649314, 0.7010108883734645913 ) ) ;
#5076 = DIRECTION ( 'NONE',  ( -0.7010108928534555250, 0.1310246636425649314, 0.7010108883734645913 ) ) ;
#5077 = EDGE_LOOP ( 'NONE', ( #4990, #580, #2733, #4802 ) ) ;
#5078 = CARTESIAN_POINT ( 'NONE',  ( -0.005027311292076425998, 0.04093773010294512321, 0.1182338991803670164 ) ) ;
#5079 = ORIENTED_EDGE ( 'NONE', *, *, #7712, .F. ) ;
#5080 = EDGE_CURVE ( 'NONE', #5582, #1483, #2190, .T. ) ;
#5081 = CARTESIAN_POINT ( 'NONE',  ( 0.09549316392782256080, 0.04146834058369348180, 0.05778849045858470285 ) ) ;
#5082 = CARTESIAN_POINT ( 'NONE',  ( 0.09314804547231531062, 0.04699070047950899831, 0.05437619494694709982 ) ) ;
#5083 = CARTESIAN_POINT ( 'NONE',  ( 0.1216835219388379963, 0.04223434633125560528, 0.01806254409459040131 ) ) ;
#5084 = CARTESIAN_POINT ( 'NONE',  ( 0.08380519975835111490, 0.05200030689380807231, 0.1178875462795192647 ) ) ;
#5085 = DIRECTION ( 'NONE',  ( 1.000000000000000000, -9.120436474571179495E-17, 0.000000000000000000 ) ) ;
#5086 = ORIENTED_EDGE ( 'NONE', *, *, #4757, .T. ) ;
#5087 = EDGE_LOOP ( 'NONE', ( #2176, #2693, #2317, #5098 ) ) ;
#5088 = CARTESIAN_POINT ( 'NONE',  ( 0.04077925308366800450, 0.04950000073015689561, 0.09287956601695539216 ) ) ;
#5089 = FACE_OUTER_BOUND ( 'NONE', #4771, .T. ) ;
#5090 = ORIENTED_EDGE ( 'NONE', *, *, #9130, .F. ) ;
#5091 = CARTESIAN_POINT ( 'NONE',  ( 0.004993475963737952980, 0.04013511579840593757, 0.05511103295046735490 ) ) ;
#5092 = CARTESIAN_POINT ( 'NONE',  ( 0.06253613772808429283, 0.04111222799600879746, 0.1375992371905799816 ) ) ;
#5093 = CARTESIAN_POINT ( 'NONE',  ( 0.06882207688364230802, 0.04985783708471710346, 0.04829657188629449954 ) ) ;
#5094 = ADVANCED_FACE ( 'NONE', ( #5109 ), #1526, .T. ) ;
#5095 = EDGE_CURVE ( 'NONE', #1875, #8548, #5067, .T. ) ;
#5096 = CARTESIAN_POINT ( 'NONE',  ( 0.08553684784354929904, 0.05098654202812225728, 0.08821502126198867144 ) ) ;
#5097 = ORIENTED_EDGE ( 'NONE', *, *, #5276, .F. ) ;
#5098 = ORIENTED_EDGE ( 'NONE', *, *, #3023, .T. ) ;
#5099 = CARTESIAN_POINT ( 'NONE',  ( -0.008125425183496719911, 0.05200000073015689783, 0.1356969975558169894 ) ) ;
#5100 = EDGE_CURVE ( 'NONE', #6735, #1003, #1241, .T. ) ;
#5101 = CARTESIAN_POINT ( 'NONE',  ( 0.07682310642895666397, 0.04016051601582727032, 0.1301541132289989189 ) ) ;
#5102 = VERTEX_POINT ( 'NONE', #914 ) ;
#5103 = CARTESIAN_POINT ( 'NONE',  ( 0.01854115668808250031, 0.04415657025026400312, 0.1365426748011530078 ) ) ;
#5104 = CARTESIAN_POINT ( 'NONE',  ( 0.06965359922526923042, 0.04108390942436729310, 0.05100058344461702586 ) ) ;
#5105 = CARTESIAN_POINT ( 'NONE',  ( -0.002275467101339062343, 0.05200010251387295751, 0.06752110309615609596 ) ) ;
#5106 = B_SPLINE_CURVE_WITH_KNOTS ( 'NONE', 3,
 ( #2106, #2206, #4985, #7855, #4278, #7950 ),
 .UNSPECIFIED., .F., .F.,
 ( 4, 2, 4 ),
 ( 0.000000000000000000, 0.2499998864497573192, 0.4999997728995146384 ),
 .UNSPECIFIED. ) ;
#5107 = DIRECTION ( 'NONE',  ( -0.005742101684089259521, 7.867059038567463870E-18, 0.9999835139982308219 ) ) ;
#5108 = DIRECTION ( 'NONE',  ( 0.6902684877569650324, 0.2169304578186490029, 0.6902684921683039931 ) ) ;
#5109 = FACE_OUTER_BOUND ( 'NONE', #8855, .T. ) ;
#5110 = VERTEX_POINT ( 'NONE', #6660 ) ;
#5111 = ORIENTED_EDGE ( 'NONE', *, *, #4312, .F. ) ;
#5112 = CARTESIAN_POINT ( 'NONE',  ( 0.07669118820823209171, 0.04722120145040200473, 0.05881223686409840085 ) ) ;
#5113 = PLANE ( 'NONE',  #207 ) ;
#5114 = DIRECTION ( 'NONE',  ( 5.979188663871559846E-17, 1.000000000000000000, -7.523851983841539456E-18 ) ) ;
#5115 = EDGE_LOOP ( 'NONE', ( #3742, #4043 ) ) ;
#5116 = B_SPLINE_CURVE_WITH_KNOTS ( 'NONE', 3,
 ( #2669, #2530, #5545, #7005, #1260, #1962, #1822, #459, #4836, #4134, #9175, #2720, #5594, #5681, #8515 ),
 .UNSPECIFIED., .F., .F.,
 ( 4, 2, 2, 2, 1, 1, 1, 2, 4 ),
 ( 0.000000000000000000, 0.2477422626639057823, 0.3716133939958582988, 0.4335489596618364305, 0.4645167424948244417, 0.4800006339113194187, 0.4877425796195675178, 0.4916135524736912621, 0.4954845253278150619 ),
 .UNSPECIFIED. ) ;
#5117 = AXIS2_PLACEMENT_3D ( 'NONE', #6193, #6240, #6054 ) ;
#5118 = CARTESIAN_POINT ( 'NONE',  ( 0.07401049403431410323, 0.04779294570382449509, 0.05619272076857997900 ) ) ;
#5119 = DIRECTION ( 'NONE',  ( -5.979188663871559846E-17, -1.000000000000000000, 7.523851983841548700E-18 ) ) ;
#5120 = VERTEX_POINT ( 'NONE', #209 ) ;
#5121 = PERSON_AND_ORGANIZATION ( #633, #8323 ) ;
#5122 = VECTOR ( 'NONE', #7912, 1.000000000000000000 ) ;
#5123 = CARTESIAN_POINT ( 'NONE',  ( 0.06497229733669709906, 0.03610757410786769733, 0.1028679982490360023 ) ) ;
#5124 = CARTESIAN_POINT ( 'NONE',  ( 0.07692448944482195572, 0.04722238199066775693, 0.05905817040456788625 ) ) ;
#5125 = ORIENTED_EDGE ( 'NONE', *, *, #5382, .T. ) ;
#5126 = CIRCLE ( 'NONE', #3611, 0.04949999999999999539 ) ;
#5127 = CARTESIAN_POINT ( 'NONE',  ( -0.004696491088963090921, 0.04145044963716529307, 0.1187097383698555164 ) ) ;
#5128 = DIRECTION ( 'NONE',  ( -5.979188663871559846E-17, -1.000000000000000000, 7.523851983841548700E-18 ) ) ;
#5129 = CARTESIAN_POINT ( 'NONE',  ( 0.003973012782657598177, 0.04793298683725467912, 0.05978049158084019349 ) ) ;
#5130 = CARTESIAN_POINT ( 'NONE',  ( 0.005258549669451250026, 0.06690757410786771220, 0.08767551673209487972 ) ) ;
#5131 = CARTESIAN_POINT ( 'NONE',  ( 0.001647618305956338822, 0.04010757410786770089, 0.1346964305491604452 ) ) ;
#5132 = AXIS2_PLACEMENT_3D ( 'NONE', #1633, #7376, #926 ) ;
#5133 = EDGE_CURVE ( 'NONE', #6173, #2783, #8658, .T. ) ;
#5134 = CARTESIAN_POINT ( 'NONE',  ( 0.08388196955396125254, 0.05200020130280970376, 0.1167131746327041419 ) ) ;
#5135 = CARTESIAN_POINT ( 'NONE',  ( 0.06818746536504839695, 0.04492807886515449989, 0.04893118340083280060 ) ) ;
#5136 = VERTEX_POINT ( 'NONE', #7409 ) ;
#5137 = ORIENTED_EDGE ( 'NONE', *, *, #7654, .F. ) ;
#5138 = VECTOR ( 'NONE', #8034, 1.000000000000000000 ) ;
#5139 = CARTESIAN_POINT ( 'NONE',  ( 0.05633484429999059684, 0.04010757410786770089, 0.06431933828477880144 ) ) ;
#5140 = AXIS2_PLACEMENT_3D ( 'NONE', #2136, #63, #7747 ) ;
#5141 = DIRECTION ( 'NONE',  ( 5.979188663871559846E-17, 1.000000000000000000, -7.523851983841539456E-18 ) ) ;
#5142 = ORIENTED_EDGE ( 'NONE', *, *, #4440, .F. ) ;
#5143 = CARTESIAN_POINT ( 'NONE',  ( 0.01577127277310704304, 0.05200030527210219855, 0.1359054976767130885 ) ) ;
#5144 = CARTESIAN_POINT ( 'NONE',  ( 0.002112336620557649786, 0.03865757410786770099, 0.05376601885954650217 ) ) ;
#5145 = CIRCLE ( 'NONE', #1379, 0.05249999999999997030 ) ;
#5146 = CARTESIAN_POINT ( 'NONE',  ( 0.09032739138477539897, 0.04743424316138779989, 0.04234760665899229420 ) ) ;
#5147 = CARTESIAN_POINT ( 'NONE',  ( 0.08576848304352380215, 0.05494933318083194962, 0.09188924294125085102 ) ) ;
#5148 = ORIENTED_EDGE ( 'NONE', *, *, #2072, .F. ) ;
#5149 = CARTESIAN_POINT ( 'NONE',  ( 0.08281066597613899460, 0.04950000073015689561, 0.05693539980886200280 ) ) ;
#5150 = AXIS2_PLACEMENT_3D ( 'NONE', #2670, #1484, #2017 ) ;
#5151 = CARTESIAN_POINT ( 'NONE',  ( 0.07945593111964334432, 0.03610757410786769733, 0.1302931412005650103 ) ) ;
#5152 = ORIENTED_EDGE ( 'NONE', *, *, #1703, .T. ) ;
#5153 = AXIS2_PLACEMENT_3D ( 'NONE', #8549, #8595, #7791 ) ;
#5154 = CARTESIAN_POINT ( 'NONE',  ( 0.07714036357087963869, 0.04015151377252774295, 0.05583510097736616579 ) ) ;
#5155 = CARTESIAN_POINT ( 'NONE',  ( -0.002274414801979884621, 0.05200010594364708888, 0.06753029902392619632 ) ) ;
#5156 = VECTOR ( 'NONE', #6104, 1.000000000000000000 ) ;
#5157 = CARTESIAN_POINT ( 'NONE',  ( -0.0001344161242224871638, 0.04357986816837857574, 0.06497053324597117097 ) ) ;
#5158 = CARTESIAN_POINT ( 'NONE',  ( 0.07860314442971666482, 0.04935163503125553769, 0.06094804947321661587 ) ) ;
#5159 = VECTOR ( 'NONE', #4279, 1.000000000000000000 ) ;
#5161 = CARTESIAN_POINT ( 'NONE',  ( 0.04077925308366790041, 0.04010757410786770089, 0.09287956601695539216 ) ) ;
#5160 = CIRCLE ( 'NONE', #7104, 0.06500000000000002998 ) ;
#5162 = ORIENTED_EDGE ( 'NONE', *, *, #5005, .F. ) ;
#5163 = ORIENTED_EDGE ( 'NONE', *, *, #4655, .T. ) ;
#5164 = CARTESIAN_POINT ( 'NONE',  ( -0.002577247152431043440, 0.05200009163528867412, 0.1177167127607267605 ) ) ;
#5165 = DIRECTION ( 'NONE',  ( 0.6902684921683039931, 0.2169304578186490029, -0.6902684877569650324 ) ) ;
#5166 = FACE_OUTER_BOUND ( 'NONE', #7914, .T. ) ;
#5167 = VERTEX_POINT ( 'NONE', #1938 ) ;
#5168 = CARTESIAN_POINT ( 'NONE',  ( 0.07268041613271521151, 0.04950000073015990015, 0.1307288169490160024 ) ) ;
#5169 = CARTESIAN_POINT ( 'NONE',  ( -0.002853989573180529867, 0.05200000073015689783, 0.05164435802794260094 ) ) ;
#5170 = EDGE_CURVE ( 'NONE', #9002, #4840, #4625, .T. ) ;
#5171 = ORIENTED_EDGE ( 'NONE', *, *, #6614, .F. ) ;
#5172 = EDGE_CURVE ( 'NONE', #5957, #5728, #1694, .T. ) ;
#5173 = DIRECTION ( 'NONE',  ( -0.09264842786830004839, -0.9913791088767974768, -0.09264842846038651158 ) ) ;
#5174 = CARTESIAN_POINT ( 'NONE',  ( 0.08589795735909103169, 0.04157227044279422634, 0.1193867448010459131 ) ) ;
#5175 = VERTEX_POINT ( 'NONE', #2548 ) ;
#5176 = DIRECTION ( 'NONE',  ( -0.005742101684089150233, 0.000000000000000000, 0.9999835139982307108 ) ) ;
#5177 = CARTESIAN_POINT ( 'NONE',  ( 0.09610063196027843202, 0.04066339451041597192, 0.05875723483772659489 ) ) ;
#5178 = FACE_OUTER_BOUND ( 'NONE', #9284, .T. ) ;
#5179 = DIRECTION ( 'NONE',  ( 2.837940853171939582E-17, 1.000000000000000000, -2.837940835035349443E-17 ) ) ;
#5180 = FACE_OUTER_BOUND ( 'NONE', #7072, .T. ) ;
#5181 = EDGE_CURVE ( 'NONE', #9189, #3289, #7003, .T. ) ;
#5182 = CARTESIAN_POINT ( 'NONE',  ( 0.08382793456176204638, 0.05200013297662854639, 0.1181829763276841250 ) ) ;
#5183 = PLANE ( 'NONE',  #4141 ) ;
#5184 = VERTEX_POINT ( 'NONE', #293 ) ;
#5185 = ORIENTED_EDGE ( 'NONE', *, *, #5861, .F. ) ;
#5186 = EDGE_CURVE ( 'NONE', #5728, #6137, #7579, .T. ) ;
#5187 = CARTESIAN_POINT ( 'NONE',  ( 0.05210371493804120263, 0.03610757410786769733, 0.07994437897892439637 ) ) ;
#5188 = ADVANCED_FACE ( 'NONE', ( #3214 ), #3308, .T. ) ;
#5189 = CARTESIAN_POINT ( 'NONE',  ( 0.001665705926261220032, 0.04010757410786770089, 0.1315464824800660071 ) ) ;
#5190 = ORIENTED_EDGE ( 'NONE', *, *, #3435, .T. ) ;
#5191 = DIRECTION ( 'NONE',  ( -4.027934139806210305E-16, 1.000000000000000000, -1.018010760859769879E-17 ) ) ;
#5192 = CARTESIAN_POINT ( 'NONE',  ( 0.04077925308366790041, 0.04950000073015689561, 0.09287956601695539216 ) ) ;
#5193 = B_SPLINE_CURVE_WITH_KNOTS ( 'NONE', 3,
 ( #3547, #9298, #4299, #7171, #1239 ),
 .UNSPECIFIED., .F., .F.,
 ( 4, 1, 4 ),
 ( 0.3689817069804444682, 0.5714285714285727291, 1.000000000000000000 ),
 .UNSPECIFIED. ) ;
#5194 = CARTESIAN_POINT ( 'NONE',  ( 0.06406783041793369382, 0.05089885726130560090, 0.04975103278879770136 ) ) ;
#5195 = CARTESIAN_POINT ( 'NONE',  ( 0.08553192195727371550, 0.05066714511257035952, 0.08816801724762172998 ) ) ;
#5196 = VERTEX_POINT ( 'NONE', #6223 ) ;
#5197 = CARTESIAN_POINT ( 'NONE',  ( 0.005427293536283740207, 0.04177860680515729785, 0.03833376665831285390 ) ) ;
#5198 = DIRECTION ( 'NONE',  ( 0.9867282354188705584, 0.000000000000000000, 0.1623803849827992196 ) ) ;
#5199 = ORIENTED_EDGE ( 'NONE', *, *, #6727, .F. ) ;
#5200 = CARTESIAN_POINT ( 'NONE',  ( 0.07884413446208707321, 0.04012092669379596632, 0.05719717437971792023 ) ) ;
#5201 = DIRECTION ( 'NONE',  ( -0.7071067834460215140, 0.000000000000000000, 0.7071067789270735204 ) ) ;
#5202 = DIRECTION ( 'NONE',  ( -4.027934139806210305E-16, 1.000000000000000000, -1.018010760859769879E-17 ) ) ;
#5203 = VECTOR ( 'NONE', #4731, 1.000000000000000000 ) ;
#5204 = CARTESIAN_POINT ( 'NONE',  ( 0.07842737852579476088, 0.04874123086345415190, 0.06074130822987795081 ) ) ;
#5205 = CARTESIAN_POINT ( 'NONE',  ( 0.01741868677884303093, 0.04010757428123962187, 0.1394514907968456841 ) ) ;
#5206 = ORIENTED_EDGE ( 'NONE', *, *, #5730, .T. ) ;
#5207 = CARTESIAN_POINT ( 'NONE',  ( 0.07129807967449158790, 0.04950000073015689561, 0.1372638138753909942 ) ) ;
#5208 = AXIS2_PLACEMENT_3D ( 'NONE', #417, #8337, #4749 ) ;
#5209 = CARTESIAN_POINT ( 'NONE',  ( 0.01603321240583541196, 0.04452469933974879945, 0.04940684617238425003 ) ) ;
#5210 = CARTESIAN_POINT ( 'NONE',  ( 0.01337104082003428770, 0.04985783727901355045, 0.1368279486214930285 ) ) ;
#5211 = VERTEX_POINT ( 'NONE', #5482 ) ;
#5212 = CARTESIAN_POINT ( 'NONE',  ( 0.06221616397699390039, 0.04410757410786769750, 0.1369415547527309818 ) ) ;
#5213 = CARTESIAN_POINT ( 'NONE',  ( 0.001303556443773110042, 0.04950000073015689561, 0.1445193701877209858 ) ) ;
#5214 = EDGE_LOOP ( 'NONE', ( #5231, #3164, #7052, #2469, #6259 ) ) ;
#5215 = AXIS2_PLACEMENT_3D ( 'NONE', #5626, #6940, #4959 ) ;
#5216 = CARTESIAN_POINT ( 'NONE',  ( 0.06613450238265385084, 0.04093687166840232622, 0.1386849714551774693 ) ) ;
#5217 = DIRECTION ( 'NONE',  ( 0.7071067834460210699, -8.455849697034631366E-17, -0.7071067789270740755 ) ) ;
#5218 = EDGE_CURVE ( 'NONE', #5555, #8532, #536, .T. ) ;
#5219 = CARTESIAN_POINT ( 'NONE',  ( -0.0009252566709767799484, 0.03610757410786769733, 0.1097832302979550034 ) ) ;
#5220 = EDGE_LOOP ( 'NONE', ( #3362, #861, #6725, #703 ) ) ;
#5221 = EDGE_CURVE ( 'NONE', #3146, #2070, #9057, .T. ) ;
#5222 = CARTESIAN_POINT ( 'NONE',  ( 0.008057794366767064703, 0.04845669346333931343, 0.1300220842488877537 ) ) ;
#5223 = EDGE_CURVE ( 'NONE', #7208, #939, #9340, .T. ) ;
#5224 = DIRECTION ( 'NONE',  ( 3.150784374667989960E-17, -1.000000000000000000, 8.048112962411840365E-18 ) ) ;
#5225 = CYLINDRICAL_SURFACE ( 'NONE', #7842, 0.001300000000000000157 ) ;
#5226 = CARTESIAN_POINT ( 'NONE',  ( 0.01595813005759300074, 0.04056116704352160512, 0.04664629962408640279 ) ) ;
#5227 = DIRECTION ( 'NONE',  ( -0.7641095779813997790, 4.083401815464348840E-17, -0.6450864692714358695 ) ) ;
#5228 = FACE_OUTER_BOUND ( 'NONE', #5220, .T. ) ;
#5229 = CARTESIAN_POINT ( 'NONE',  ( 0.08973502585800426090, 0.04569282510321130003, 0.09079061697124281294 ) ) ;
#5230 = ORIENTED_EDGE ( 'NONE', *, *, #8609, .F. ) ;
#5231 = ORIENTED_EDGE ( 'NONE', *, *, #675, .F. ) ;
#5232 = FACE_OUTER_BOUND ( 'NONE', #630, .T. ) ;
#5233 = EDGE_LOOP ( 'NONE', ( #7199, #5662, #9167, #5809 ) ) ;
#5234 = CARTESIAN_POINT ( 'NONE',  ( 0.003270464523158156389, 0.04954730632040472982, 0.1244091405466992845 ) ) ;
#5235 = LINE ( 'NONE', #3731, #8608 ) ;
#5236 = ORIENTED_EDGE ( 'NONE', *, *, #9091, .T. ) ;
#5237 = CARTESIAN_POINT ( 'NONE',  ( 0.009415724483634559799, 0.04157204020193495941, 0.08012727565057424506 ) ) ;
#5238 = CARTESIAN_POINT ( 'NONE',  ( 0.07690042098430624473, 0.04016503112481025622, 0.1300417603391573196 ) ) ;
#5239 = VERTEX_POINT ( 'NONE', #8357 ) ;
#5240 = CARTESIAN_POINT ( 'NONE',  ( 0.01760706351416270118, 0.04320671181744199785, 0.1361135626197639836 ) ) ;
#5241 = FACE_OUTER_BOUND ( 'NONE', #4391, .T. ) ;
#5242 = CARTESIAN_POINT ( 'NONE',  ( 0.04070460576177480083, 0.03610757410786769733, 0.1058793516989320060 ) ) ;
#5243 = ADVANCED_FACE ( 'NONE', ( #2601 ), #3263, .F. ) ;
#5244 = CARTESIAN_POINT ( 'NONE',  ( 0.06606906995689282303, 0.04985783719955722004, 0.04969897805917589118 ) ) ;
#5245 = CARTESIAN_POINT ( 'NONE',  ( -0.006250040661118549772, 0.04010757410786770089, 0.06872254812033000426 ) ) ;
#5246 = VERTEX_POINT ( 'NONE', #3920 ) ;
#5247 = CARTESIAN_POINT ( 'NONE',  ( 0.08529618816344920751, 0.05058444957559470045, 0.1208563307656280034 ) ) ;
#5248 = DIRECTION ( 'NONE',  ( -4.027934139806210305E-16, 1.000000000000000000, -1.018010760859769879E-17 ) ) ;
#5249 = CYLINDRICAL_SURFACE ( 'NONE', #6175, 0.002999999999999999629 ) ;
#5250 = ORIENTED_EDGE ( 'NONE', *, *, #4632, .F. ) ;
#5251 = CARTESIAN_POINT ( 'NONE',  ( 0.01585131157290269738, 0.04035255481984920123, 0.1392325198991420099 ) ) ;
#5252 = FACE_OUTER_BOUND ( 'NONE', #3822, .T. ) ;
#5253 = ORIENTED_EDGE ( 'NONE', *, *, #7816, .F. ) ;
#5254 = CARTESIAN_POINT ( 'NONE',  ( 0.07626949253433219778, 0.04721957596032489574, 0.1273859843146359916 ) ) ;
#5255 = DIRECTION ( 'NONE',  ( 9.132308177296819818E-17, 1.000000000000000000, -7.342793670232129681E-18 ) ) ;
#5256 = ORIENTED_EDGE ( 'NONE', *, *, #2445, .F. ) ;
#5257 = CARTESIAN_POINT ( 'NONE',  ( 0.07833716848076020811, 0.05200000073015689783, 0.06140889727565179701 ) ) ;
#5258 = DIRECTION ( 'NONE',  ( 0.004060279039082321552, 0.7071067811865479058, -0.7070951238229014058 ) ) ;
#5259 = CARTESIAN_POINT ( 'NONE',  ( 0.004009522368693813933, 0.04788844319896058688, 0.05973999239026484692 ) ) ;
#5260 = CARTESIAN_POINT ( 'NONE',  ( 0.01822511266125960080, 0.04346438895872650060, 0.04933452197743169731 ) ) ;
#5261 = CARTESIAN_POINT ( 'NONE',  ( 0.01340361890026730077, 0.04950000073015689561, 0.05163851058603039640 ) ) ;
#5262 = CIRCLE ( 'NONE', #1205, 0.06500000000000002998 ) ;
#5263 = EDGE_CURVE ( 'NONE', #1645, #8979, #7283, .T. ) ;
#5264 = DIRECTION ( 'NONE',  ( 0.005742101684089199673, 0.000000000000000000, -0.9999835139982305998 ) ) ;
#5265 = PRODUCT_DEFINITION_SHAPE ( 'NONE', 'NONE',  #6778 ) ;
#5266 = CARTESIAN_POINT ( 'NONE',  ( 0.08953289380345876014, 0.04821350693696713902, 0.09778696371877243498 ) ) ;
#5267 = ORIENTED_EDGE ( 'NONE', *, *, #4723, .F. ) ;
#5268 = ORIENTED_EDGE ( 'NONE', *, *, #267, .F. ) ;
#5269 = B_SPLINE_CURVE_WITH_KNOTS ( 'NONE', 3,
 ( #8533, #3580, #2974, #1464, #2075, #4337, #7959, #5836, #8716, #812, #7204, #8671, #2265, #4947, #764, #3629, #7815, #9290, #9337, #5143, #2875, #4241, #8013, #7159, #7112, #3536, #6410, #2835, #2116, #1418, #4288, #6014, #6730, #3903, #277, #1650 ),
 .UNSPECIFIED., .F., .F.,
 ( 4, 2, 2, 2, 1, 1, 1, 1, 2, 2, 2, 2, 1, 1, 1, 1, 2, 2, 2, 2, 2, 4 ),
 ( 0.000000000000000000, 0.1250000000007778223, 0.1875000000011684542, 0.2187500000013661017, 0.2343750000014683532, 0.2421875000015195345, 0.2460937500015410451, 0.2480468750015405455, 0.2490234375015402957, 0.2500000000015400459, 0.3750000000012794210, 0.4375000000011491363, 0.4687500000010839663, 0.4843750000010509371, 0.4921875000010350054, 0.4960937500010264012, 0.4980468750010221268, 0.5000000000010178525, 0.6250000000007633894, 0.7500000000005089262, 0.8750000000002544631, 1.000000000000000000 ),
 .UNSPECIFIED. ) ;
#5270 = CIRCLE ( 'NONE', #8577, 0.04950000000000001621 ) ;
#5271 = LINE ( 'NONE', #8994, #3767 ) ;
#5272 = EDGE_LOOP ( 'NONE', ( #9084, #1204, #8030, #5516, #5674, #1538, #4463, #2871 ) ) ;
#5273 = CARTESIAN_POINT ( 'NONE',  ( 0.003221337686575739736, 0.05033613396376760557, 0.1243502347582590012 ) ) ;
#5274 = CARTESIAN_POINT ( 'NONE',  ( 0.003128658368251787444, 0.04011026415193418709, 0.1306805748964782743 ) ) ;
#5275 = EDGE_CURVE ( 'NONE', #1014, #3369, #8962, .T. ) ;
#5276 = EDGE_CURVE ( 'NONE', #1966, #509, #921, .T. ) ;
#5277 = DIRECTION ( 'NONE',  ( 0.000000000000000000, -1.000000000000000000, 7.787266094590629691E-17 ) ) ;
#5278 = ORIENTED_EDGE ( 'NONE', *, *, #9248, .T. ) ;
#5279 = VECTOR ( 'NONE', #2942, 0.9999999999999998890 ) ;
#5280 = FACE_OUTER_BOUND ( 'NONE', #7910, .T. ) ;
#5281 = DIRECTION ( 'NONE',  ( 6.858174562380330924E-15, -1.000000000000000000, 0.000000000000000000 ) ) ;
#5282 = ORIENTED_EDGE ( 'NONE', *, *, #6369, .T. ) ;
#5283 = CARTESIAN_POINT ( 'NONE',  ( 0.08560006443231853168, 0.04679728166557568098, 0.09689776353927420649 ) ) ;
#5284 = DIRECTION ( 'NONE',  ( -6.507034757559909382E-17, -1.000000000000000000, 2.245391013224700114E-18 ) ) ;
#5285 = CARTESIAN_POINT ( 'NONE',  ( 0.08202030851459299332, 0.09210757410786771238, 0.06550393183355479598 ) ) ;
#5286 = EDGE_CURVE ( 'NONE', #4933, #1175, #9009, .T. ) ;
#5287 = CARTESIAN_POINT ( 'NONE',  ( 0.06882207688364230802, 0.04985783708471710346, 0.04829657188629449954 ) ) ;
#5288 = PLANE ( 'NONE',  #7904 ) ;
#5289 = ORIENTED_EDGE ( 'NONE', *, *, #9248, .F. ) ;
#5290 = CARTESIAN_POINT ( 'NONE',  ( -0.002604045025909385025, 0.05200019323602449173, 0.1162091493252259550 ) ) ;
#5291 = EDGE_CURVE ( 'NONE', #3523, #4246, #3620, .T. ) ;
#5292 = CARTESIAN_POINT ( 'NONE',  ( 0.01751816194857755415, 0.04430011208596549427, 0.04950996833521911084 ) ) ;
#5293 = CARTESIAN_POINT ( 'NONE',  ( 0.07944616954678039578, 0.04010757410786770089, 0.1319931131743619923 ) ) ;
#5294 = ADVANCED_FACE ( 'NONE', ( #8663 ), #756, .F. ) ;
#5295 = EDGE_LOOP ( 'NONE', ( #4439, #8475, #41, #6336, #4900, #4581 ) ) ;
#5296 = EDGE_CURVE ( 'NONE', #1529, #8056, #8061, .T. ) ;
#5297 = VECTOR ( 'NONE', #8852, 1.000000000000000000 ) ;
#5298 = CARTESIAN_POINT ( 'NONE',  ( 0.07528567138134870107, 0.04721957596032489574, 0.05738932656629109480 ) ) ;
#5299 = CARTESIAN_POINT ( 'NONE',  ( 0.04077925308366790041, 0.04410757410786769750, 0.09287956601695539216 ) ) ;
#5300 =( BOUNDED_CURVE ( )  B_SPLINE_CURVE ( 3, ( #6750, #2510, #5386, #1800 ),
 .UNSPECIFIED., .F., .F. ) 
 B_SPLINE_CURVE_WITH_KNOTS ( ( 4, 4 ),
 ( 3.115239437020739910, 3.155646990343105251 ),
 .UNSPECIFIED. ) 
 CURVE ( )  GEOMETRIC_REPRESENTATION_ITEM ( )  RATIONAL_B_SPLINE_CURVE ( ( 1.000000000000000000, 0.9998639404311784329, 0.9998639404311784329, 1.000000000000000000 ) ) 
 REPRESENTATION_ITEM ( '' )  );
#5301 = VERTEX_POINT ( 'NONE', #9152 ) ;
#5302 = CARTESIAN_POINT ( 'NONE',  ( 0.06517654171156721243, 0.04037124799189970026, 0.1394829495857519974 ) ) ;
#5303 = CARTESIAN_POINT ( 'NONE',  ( -0.03772575014933919613, 0.03926020900462520030, 0.1695399630060539786 ) ) ;
#5304 = DIRECTION ( 'NONE',  ( -4.027934139806210305E-16, 1.000000000000000000, -1.018010760859769879E-17 ) ) ;
#5305 = ORIENTED_EDGE ( 'NONE', *, *, #5263, .F. ) ;
#5306 = LINE ( 'NONE', #3050, #543 ) ;
#5307 = AXIS2_PLACEMENT_3D ( 'NONE', #6451, #3533, #6406 ) ;
#5308 = CARTESIAN_POINT ( 'NONE',  ( -0.004026722711289909724, 0.05061387553498030573, 0.1202845866469710034 ) ) ;
#5309 = VECTOR ( 'NONE', #6256, 1.000000000000000000 ) ;
#5310 = CARTESIAN_POINT ( 'NONE',  ( 0.09017258613405611245, 0.04950000073015689561, 0.1295536502833611880 ) ) ;
#5311 = CARTESIAN_POINT ( 'NONE',  ( 0.06768486386962321855, 0.04291161199094212925, 0.1376931508855918085 ) ) ;
#5312 = LINE ( 'NONE', #3329, #798 ) ;
#5313 = ORIENTED_EDGE ( 'NONE', *, *, #6300, .F. ) ;
#5314 = CARTESIAN_POINT ( 'NONE',  ( 0.08395986001946201260, 0.04985783719941473680, 0.1181693800072237954 ) ) ;
#5315 = CARTESIAN_POINT ( 'NONE',  ( 0.08972798160411361856, 0.04550761641969956056, 0.09512045457318106523 ) ) ;
#5316 = VERTEX_POINT ( 'NONE', #8006 ) ;
#5317 = ORIENTED_EDGE ( 'NONE', *, *, #3683, .F. ) ;
#5318 = CARTESIAN_POINT ( 'NONE',  ( 0.008257474254504272582, 0.04808611669757649476, 0.05556223363057351955 ) ) ;
#5319 = CARTESIAN_POINT ( 'NONE',  ( 0.08444236186786530096, 0.05057520230111585413, 0.1151176624125410108 ) ) ;
#5320 = CARTESIAN_POINT ( 'NONE',  ( 0.01811597378182838378, 0.04010757419963806303, 0.04629687001848403066 ) ) ;
#5321 = CIRCLE ( 'NONE', #1268, 0.001299999999999997555 ) ;
#5322 = CARTESIAN_POINT ( 'NONE',  ( -0.004091378267937150447, 0.04510757410786769839, 0.1203492422032050035 ) ) ;
#5323 = ORIENTED_EDGE ( 'NONE', *, *, #8143, .F. ) ;
#5324 = ORIENTED_EDGE ( 'NONE', *, *, #270, .F. ) ;
#5325 = EDGE_CURVE ( 'NONE', #8712, #6397, #3827, .T. ) ;
#5326 = EDGE_CURVE ( 'NONE', #8864, #1826, #6752, .T. ) ;
#5327 = ADVANCED_FACE ( 'NONE', ( #5787 ), #1458, .F. ) ;
#5328 = CARTESIAN_POINT ( 'NONE',  ( 0.004990074127918333637, 0.04167385646358034990, 0.1471394624399731121 ) ) ;
#5329 = ORIENTED_EDGE ( 'NONE', *, *, #6128, .T. ) ;
#5330 = CARTESIAN_POINT ( 'NONE',  ( 0.08554733726489231749, 0.04756583753200450959, 0.09744267558760140446 ) ) ;
#5331 = ADVANCED_FACE ( 'NONE', ( #39 ), #5183, .T. ) ;
#5332 = DIRECTION ( 'NONE',  ( 9.132308177296819818E-17, 1.000000000000000000, -7.342793670232118896E-18 ) ) ;
#5333 = CARTESIAN_POINT ( 'NONE',  ( 0.08429170216601410137, 0.04308286378768050318, 0.1154134732964540028 ) ) ;
#5334 = CYLINDRICAL_SURFACE ( 'NONE', #3782, 0.008000000000000003636 ) ;
#5335 = ORIENTED_EDGE ( 'NONE', *, *, #2216, .F. ) ;
#5336 = CARTESIAN_POINT ( 'NONE',  ( 0.02845735510482245642, 0.04157204020193495941, 0.06108564515107685333 ) ) ;
#5337 = CARTESIAN_POINT ( 'NONE',  ( -0.002401316720598447359, 0.04985783719968946148, 0.06758974638628219289 ) ) ;
#5338 = ADVANCED_FACE ( 'NONE', ( #1987 ), #6248, .T. ) ;
#5339 = CARTESIAN_POINT ( 'NONE',  ( 0.005220995410147950301, 0.04728730665580380133, 0.1265932177210290221 ) ) ;
#5340 = DIRECTION ( 'NONE',  ( 1.000000000000000000, 0.000000000000000000, 0.000000000000000000 ) ) ;
#5341 = CARTESIAN_POINT ( 'NONE',  ( 0.07833716848075999994, 0.09210757410786771238, 0.06140889727565160272 ) ) ;
#5342 = CARTESIAN_POINT ( 'NONE',  ( 0.008180240590137674919, 0.04818204933774236642, 0.1294624087775050336 ) ) ;
#5343 = ORIENTED_EDGE ( 'NONE', *, *, #7419, .F. ) ;
#5344 = B_SPLINE_CURVE_WITH_KNOTS ( 'NONE', 3,
 ( #6346, #6528, #4880, #4972, #7138, #7843, #2095, #1398, #5721, #7757, #743, #656 ),
 .UNSPECIFIED., .F., .F.,
 ( 4, 2, 2, 2, 2, 4 ),
 ( 0.000000000000000000, 0.2500000000000052180, 0.3750000000000069389, 0.4375000000000077716, 0.5000000000000086597, 1.000000000000000000 ),
 .UNSPECIFIED. ) ;
#5345 = DIRECTION ( 'NONE',  ( -0.7071067834460215140, 4.013454430943925526E-17, 0.7071067789270735204 ) ) ;
#5346 = EDGE_CURVE ( 'NONE', #222, #8724, #8853, .T. ) ;
#5347 = VECTOR ( 'NONE', #937, 1.000000000000000000 ) ;
#5348 = DIRECTION ( 'NONE',  ( 5.974407671139579846E-17, 1.000000000000000000, 3.622038719475679894E-19 ) ) ;
#5349 = FACE_OUTER_BOUND ( 'NONE', #3649, .T. ) ;
#5350 = EDGE_CURVE ( 'NONE', #6857, #4963, #3379, .T. ) ;
#5351 = ORIENTED_EDGE ( 'NONE', *, *, #5745, .T. ) ;
#5352 = CARTESIAN_POINT ( 'NONE',  ( 0.008410255135108310118, 0.04947613982835373514, 0.1303295060668059613 ) ) ;
#5353 = DIRECTION ( 'NONE',  ( 0.7071067789270735204, -2.949421052240648166E-17, 0.7071067834460215140 ) ) ;
#5354 =( BOUNDED_CURVE ( )  B_SPLINE_CURVE ( 3, ( #8735, #2282, #3833, #6568 ),
 .UNSPECIFIED., .F., .F. ) 
 B_SPLINE_CURVE_WITH_KNOTS ( ( 4, 4 ),
 ( 0.9178117037743630524, 1.315734896670741838 ),
 .UNSPECIFIED. ) 
 CURVE ( )  GEOMETRIC_REPRESENTATION_ITEM ( )  RATIONAL_B_SPLINE_CURVE ( ( 1.000000000000000000, 0.9868482322326027623, 0.9868482322326027623, 1.000000000000000000 ) ) 
 REPRESENTATION_ITEM ( '' )  );
#5355 = CARTESIAN_POINT ( 'NONE',  ( -0.01262226816826701736, 0.04858885316827555451, 0.05582178986169702983 ) ) ;
#5356 = CARTESIAN_POINT ( 'NONE',  ( 0.01038869347236571344, 0.04010757410786770782, 0.1362747620493049705 ) ) ;
#5357 = DIRECTION ( 'NONE',  ( 0.005742101684089277736, 0.000000000000000000, -0.9999835139982307108 ) ) ;
#5358 = CARTESIAN_POINT ( 'NONE',  ( 0.09509493245717305643, 0.04157203046497094656, 0.1285840051553160390 ) ) ;
#5359 = ORIENTED_EDGE ( 'NONE', *, *, #4656, .T. ) ;
#5360 = CARTESIAN_POINT ( 'NONE',  ( 0.07445123776219360334, 0.05498850940878750176, 0.05398111950655100355 ) ) ;
#5361 = EDGE_CURVE ( 'NONE', #3909, #1226, #1288, .T. ) ;
#5362 = LINE ( 'NONE', #3239, #1385 ) ;
#5363 = CARTESIAN_POINT ( 'NONE',  ( 0.08972976810515742585, 0.04549111204046154405, 0.09508117336596147440 ) ) ;
#5364 = ORIENTED_EDGE ( 'NONE', *, *, #4117, .T. ) ;
#5365 = EDGE_LOOP ( 'NONE', ( #2807, #299, #6126, #3622 ) ) ;
#5366 = CARTESIAN_POINT ( 'NONE',  ( 0.09303199907624980225, 0.04871639341844141713, 0.05421684552061818707 ) ) ;
#5367 = FACE_OUTER_BOUND ( 'NONE', #7987, .T. ) ;
#5368 = CARTESIAN_POINT ( 'NONE',  ( 0.07154414375701170781, 0.04010757410786770089, 0.04911003892495670320 ) ) ;
#5369 = CARTESIAN_POINT ( 'NONE',  ( 0.08547491050130941181, 0.05074712794154823819, 0.09810472127354151473 ) ) ;
#5370 = VERTEX_POINT ( 'NONE', #8095 ) ;
#5371 = ORIENTED_EDGE ( 'NONE', *, *, #491, .F. ) ;
#5372 = CARTESIAN_POINT ( 'NONE',  ( 0.08444236186786530096, 0.04985783708471710346, 0.1151176624125409970 ) ) ;
#5373 = CARTESIAN_POINT ( 'NONE',  ( 0.07669118820823209171, 0.04722120145040200473, 0.05881223686409840085 ) ) ;
#5374 = ORIENTED_EDGE ( 'NONE', *, *, #8669, .F. ) ;
#5375 = CARTESIAN_POINT ( 'NONE',  ( 0.08577942677913881486, 0.04510757097366797919, 0.09297851540927015712 ) ) ;
#5376 = EDGE_CURVE ( 'NONE', #8246, #3769, #6304, .T. ) ;
#5377 = CARTESIAN_POINT ( 'NONE',  ( 0.04077925308366790041, 0.04950000073015689561, 0.09287956601695539216 ) ) ;
#5378 = EDGE_CURVE ( 'NONE', #8052, #1646, #1874, .T. ) ;
#5379 = CARTESIAN_POINT ( 'NONE',  ( 0.08536224721432880691, 0.04510757410786769839, 0.1209223898169300010 ) ) ;
#5380 = FACE_OUTER_BOUND ( 'NONE', #8559, .T. ) ;
#5381 = CARTESIAN_POINT ( 'NONE',  ( 0.06976987309960500094, 0.04010757410786770089, 0.07775436717025320521 ) ) ;
#5382 = EDGE_CURVE ( 'NONE', #8252, #4378, #7658, .T. ) ;
#5383 = ORIENTED_EDGE ( 'NONE', *, *, #4952, .T. ) ;
#5384 = CARTESIAN_POINT ( 'NONE',  ( 0.002122098193420601797, 0.03610757410786769733, 0.05206604688574951317 ) ) ;
#5385 = CARTESIAN_POINT ( 'NONE',  ( 0.08447986254421990804, 0.04293636170175490346, 0.1150470680237970084 ) ) ;
#5386 = CARTESIAN_POINT ( 'NONE',  ( 0.005753818567746665606, 0.04721833749059818619, 0.05789509061437404791 ) ) ;
#5387 = CARTESIAN_POINT ( 'NONE',  ( 0.004679603071892834629, 0.04011826831954949657, 0.1305944209988003091 ) ) ;
#5388 = DIRECTION ( 'NONE',  ( -0.7071067834460210699, -4.618527782440651366E-16, 0.7071067789270740755 ) ) ;
#5389 = CARTESIAN_POINT ( 'NONE',  ( 0.06393650356426364145, 0.05200655419693461790, 0.04961648692822277773 ) ) ;
#5390 = ORIENTED_EDGE ( 'NONE', *, *, #5963, .F. ) ;
#5391 = CARTESIAN_POINT ( 'NONE',  ( 0.04077925308366800450, 0.04010757410786770089, 0.09287956601695539216 ) ) ;
#5392 = CC_DESIGN_PERSON_AND_ORGANIZATION_ASSIGNMENT ( #5954, #8747, ( #3197 ) ) ;
#5393 = CARTESIAN_POINT ( 'NONE',  ( 0.08202030851459299332, 0.04410757410786769750, 0.06550393183355479598 ) ) ;
#5394 = CARTESIAN_POINT ( 'NONE',  ( 0.07898546457273981913, 0.04011055638466831663, 0.05565027545175997570 ) ) ;
#5395 = ORIENTED_EDGE ( 'NONE', *, *, #1467, .T. ) ;
#5396 = CARTESIAN_POINT ( 'NONE',  ( 0.002112336620557649786, 0.04010757410786770089, 0.05376601885954650217 ) ) ;
#5397 = CARTESIAN_POINT ( 'NONE',  ( 0.01002086612041320005, 0.04510757410786769839, 0.1062369979050429986 ) ) ;
#5398 = CARTESIAN_POINT ( 'NONE',  ( 0.001683793546566101458, 0.04010757410786770089, 0.1283965344109715689 ) ) ;
#5399 = DIRECTION ( 'NONE',  ( 0.005742101684089223959, 0.000000000000000000, -0.9999835139982307108 ) ) ;
#5400 = CARTESIAN_POINT ( 'NONE',  ( 0.1045942611465830036, 0.04950000073015689561, 0.1627818209423640139 ) ) ;
#5401 = CARTESIAN_POINT ( 'NONE',  ( -0.008768885217439490593, 0.04743424316138779989, 0.1434115253749179975 ) ) ;
#5402 = ORIENTED_EDGE ( 'NONE', *, *, #962, .F. ) ;
#5403 = CARTESIAN_POINT ( 'NONE',  ( 0.07755195702733699847, 0.04950000073015689561, 0.04310222569302580437 ) ) ;
#5404 = CARTESIAN_POINT ( 'NONE',  ( -0.002929830412038670132, 0.04148831730685840352, 0.06875126755914660881 ) ) ;
#5405 = CARTESIAN_POINT ( 'NONE',  ( 0.08176765958486820196, 0.04306205222551103690, 0.1208633360817274044 ) ) ;
#5406 = CARTESIAN_POINT ( 'NONE',  ( 0.08967450698916776264, 0.04603935080890832893, 0.09608554363089559514 ) ) ;
#5407 = ORIENTED_EDGE ( 'NONE', *, *, #7746, .F. ) ;
#5408 = EDGE_LOOP ( 'NONE', ( #8538, #7459, #8604, #358, #8394, #2369, #4236, #6108 ) ) ;
#5409 = CARTESIAN_POINT ( 'NONE',  ( 0.08536224721432880691, 0.04510757410786769839, 0.1209223898169300010 ) ) ;
#5410 = AXIS2_PLACEMENT_3D ( 'NONE', #3624, #1415, #6496 ) ;
#5411 = DIRECTION ( 'NONE',  ( -5.979188663871559846E-17, -1.000000000000000000, 7.523851983841539456E-18 ) ) ;
#5412 = EDGE_CURVE ( 'NONE', #7355, #8246, #559, .T. ) ;
#5413 = CARTESIAN_POINT ( 'NONE',  ( 0.07863091526981653978, 0.04010976706750380566, 0.1305013008424058818 ) ) ;
#5414 = CIRCLE ( 'NONE', #6624, 0.04500000000000002609 ) ;
#5415 = CARTESIAN_POINT ( 'NONE',  ( -0.003037273473506379995, 0.04175141025572470105, 0.1163298315440499942 ) ) ;
#5416 = ORIENTED_EDGE ( 'NONE', *, *, #8229, .F. ) ;
#5417 = ORIENTED_EDGE ( 'NONE', *, *, #4756, .T. ) ;
#5418 = CARTESIAN_POINT ( 'NONE',  ( 0.003531953125594533473, 0.04798531133411297611, 0.1254814089585189474 ) ) ;
#5419 = DIRECTION ( 'NONE',  ( 5.979188663871559846E-17, 1.000000000000000000, -7.523851983841539456E-18 ) ) ;
#5420 = VERTEX_POINT ( 'NONE', #4794 ) ;
#5421 = CARTESIAN_POINT ( 'NONE',  ( 0.01384074377228450108, 0.04362237564470839574, 0.1365964566653899981 ) ) ;
#5422 = DIRECTION ( 'NONE',  ( -5.979188663871559846E-17, -1.000000000000000000, 7.523851983841539456E-18 ) ) ;
#5423 = CIRCLE ( 'NONE', #5132, 0.003149999999999997420 ) ;
#5424 = CARTESIAN_POINT ( 'NONE',  ( 0.08564988443527300765, 0.04510757410786769839, 0.06540988983070579466 ) ) ;
#5425 = CARTESIAN_POINT ( 'NONE',  ( 0.008842939519719430000, 0.09210757410786771238, 0.1300423414238750242 ) ) ;
#5426 = CARTESIAN_POINT ( 'NONE',  ( 0.07292039875186931419, 0.04818718669780464731, 0.1298653302189699821 ) ) ;
#5427 = ORIENTED_EDGE ( 'NONE', *, *, #4066, .F. ) ;
#5428 = DIRECTION ( 'NONE',  ( -0.1623803849827991641, 0.000000000000000000, 0.9867282354188704474 ) ) ;
#5429 = AXIS2_PLACEMENT_3D ( 'NONE', #7030, #4817, #5664 ) ;
#5430 = FACE_OUTER_BOUND ( 'NONE', #8117, .T. ) ;
#5431 = CARTESIAN_POINT ( 'NONE',  ( -0.002593914273980107380, 0.04021099613172070264, 0.1223873121134536751 ) ) ;
#5432 = VECTOR ( 'NONE', #5900, 1.000000000000000000 ) ;
#5433 = B_SPLINE_CURVE_WITH_KNOTS ( 'NONE', 3,
 ( #4779, #8926, #1199, #4071, #4820 ),
 .UNSPECIFIED., .F., .F.,
 ( 4, 1, 4 ),
 ( 0.000000000000000000, 0.4285714285714246063, 0.6250484870641622726 ),
 .UNSPECIFIED. ) ;
#5434 = LINE ( 'NONE', #6278, #7313 ) ;
#5435 = DIRECTION ( 'NONE',  ( -5.979188663871559846E-17, -1.000000000000000000, 7.523851983841548700E-18 ) ) ;
#5436 = CARTESIAN_POINT ( 'NONE',  ( 0.06557981436473245274, 0.05200042126360210348, 0.04986064344095359618 ) ) ;
#5437 = CARTESIAN_POINT ( 'NONE',  ( 0.05195442029425489938, 0.04010757410786770089, 0.1059439503428780127 ) ) ;
#5438 = CARTESIAN_POINT ( 'NONE',  ( 0.07763366505648248983, 0.04799617542396976411, 0.1259250286105574601 ) ) ;
#5439 = CARTESIAN_POINT ( 'NONE',  ( 0.07894317680430376627, 0.04011098857772482651, 0.05562293565482682306 ) ) ;
#5440 = EDGE_LOOP ( 'NONE', ( #5162, #9143 ) ) ;
#5441 = CARTESIAN_POINT ( 'NONE',  ( -0.004026722711289909724, 0.05061387553498030573, 0.1202845866469710034 ) ) ;
#5442 = CARTESIAN_POINT ( 'NONE',  ( 0.07411262660518490308, 0.04026795109743938617, 0.1486821048953923807 ) ) ;
#5443 = AXIS2_PLACEMENT_3D ( 'NONE', #6647, #2323, #5277 ) ;
#5445 = EDGE_CURVE ( 'NONE', #2333, #4379, #2039, .T. ) ;
#5444 = CARTESIAN_POINT ( 'NONE',  ( 0.08484124181944339982, 0.04410757410786769750, 0.07144265512362940607 ) ) ;
#5446 = CARTESIAN_POINT ( 'NONE',  ( 0.07679996004631346740, 0.04010850364464405710, 0.05482121691231862243 ) ) ;
#5447 = CARTESIAN_POINT ( 'NONE',  ( 0.01892031074961090034, 0.05199997858829920327, 0.04902533945998929776 ) ) ;
#5448 = CIRCLE ( 'NONE', #3046, 0.06500000000000002998 ) ;
#5449 = EDGE_CURVE ( 'NONE', #7559, #5991, #5944, .T. ) ;
#5450 = CARTESIAN_POINT ( 'NONE',  ( 0.06824892926991750486, 0.04510757410786769839, 0.1377501973685599790 ) ) ;
#5451 = ORIENTED_EDGE ( 'NONE', *, *, #2157, .T. ) ;
#5452 = DIRECTION ( 'NONE',  ( 1.228122814850837064E-16, 1.762362722975745353E-34, -1.000000000000000000 ) ) ;
#5453 = PLANE ( 'NONE',  #9191 ) ;
#5454 = CIRCLE ( 'NONE', #2747, 0.001700000000000003808 ) ;
#5455 = DIRECTION ( 'NONE',  ( -5.979188663871559846E-17, -1.000000000000000000, 7.523851983841579515E-18 ) ) ;
#5456 = CARTESIAN_POINT ( 'NONE',  ( 0.07720971485251036659, 0.04445042146833184937, 0.1467109830084200872 ) ) ;
#5457 = ORIENTED_EDGE ( 'NONE', *, *, #5501, .F. ) ;
#5458 = ORIENTED_EDGE ( 'NONE', *, *, #7946, .T. ) ;
#5459 = TOROIDAL_SURFACE ( 'NONE', #1396, 0.05249999999999999806, 0.004000000000000000083 ) ;
#5460 = CARTESIAN_POINT ( 'NONE',  ( 0.01880967800718049907, 0.04410757410786769750, 0.1366783990032190144 ) ) ;
#5461 = VECTOR ( 'NONE', #1349, 1.000000000000000000 ) ;
#5462 = CARTESIAN_POINT ( 'NONE',  ( 0.005596335865784458040, 0.04157203745077834439, 0.03822462765684899594 ) ) ;
#5463 = CARTESIAN_POINT ( 'NONE',  ( 0.07887151363537761584, 0.04010780194782988251, 0.1303917356295455632 ) ) ;
#5464 = CALENDAR_DATE ( 2026, 6, 9 ) ;
#5465 = VECTOR ( 'NONE', #1084, 1.000000000000000000 ) ;
#5466 = ADVANCED_FACE ( 'NONE', ( #2625 ), #6869, .F. ) ;
#5467 = B_SPLINE_CURVE_WITH_KNOTS ( 'NONE', 3,
 ( #1746, #2454, #426, #6163, #6972 ),
 .UNSPECIFIED., .F., .F.,
 ( 4, 1, 4 ),
 ( 0.000000000000000000, 0.5714285714285728401, 0.6250525379112864544 ),
 .UNSPECIFIED. ) ;
#5468 = EDGE_CURVE ( 'NONE', #4362, #6574, #7617, .T. ) ;
#5469 = CARTESIAN_POINT ( 'NONE',  ( 0.08549322819921024996, 0.05147655346082691263, 0.09794523521303342972 ) ) ;
#5470 = ORIENTED_EDGE ( 'NONE', *, *, #6476, .F. ) ;
#5471 = VERTEX_POINT ( 'NONE', #4042 ) ;
#5472 = ADVANCED_FACE ( 'NONE', ( #5547 ), #461, .F. ) ;
#5473 = CARTESIAN_POINT ( 'NONE',  ( 0.01494896508633049292, 0.04145024566032987079, 0.04740399518212189828 ) ) ;
#5474 = DIRECTION ( 'NONE',  ( 5.979188663871559846E-17, 1.000000000000000000, -7.523851983841548700E-18 ) ) ;
#5475 = CIRCLE ( 'NONE', #3646, 0.05300000000000001932 ) ;
#5476 = EDGE_LOOP ( 'NONE', ( #8200, #6405, #8580, #5904, #4102, #7834, #6414 ) ) ;
#5477 = CARTESIAN_POINT ( 'NONE',  ( 0.002994926402857497980, 0.04011567850663642215, 0.05679845092825246827 ) ) ;
#5478 = LINE ( 'NONE', #7023, #6977 ) ;
#5479 = EDGE_CURVE ( 'NONE', #185, #7990, #7666, .T. ) ;
#5480 = CARTESIAN_POINT ( 'NONE',  ( 0.08376662918584029671, 0.04355544970065829830, 0.1173420768937809971 ) ) ;
#5481 = CARTESIAN_POINT ( 'NONE',  ( 0.04077925308366790041, 0.04950000073015689561, 0.09287956601695539216 ) ) ;
#5482 = CARTESIAN_POINT ( 'NONE',  ( 0.05325775834136630554, 0.07410757410786771027, 0.08795113761293117671 ) ) ;
#5483 = VERTEX_POINT ( 'NONE', #9134 ) ;
#5484 = DIRECTION ( 'NONE',  ( -0.005742101684087412040, 0.000000000000000000, 0.9999835139982307108 ) ) ;
#5485 = DIRECTION ( 'NONE',  ( 0.005742101684089249113, -7.867059038567468492E-18, -0.9999835139982308219 ) ) ;
#5486 = CARTESIAN_POINT ( 'NONE',  ( -0.0008526642204596488481, 0.04209270483183203543, 0.1206460620710611553 ) ) ;
#5487 = DIRECTION ( 'NONE',  ( 0.004060279039082321552, 0.7071067811865479058, -0.7070951238229014058 ) ) ;
#5488 = CARTESIAN_POINT ( 'NONE',  ( 0.09461067007513219995, 0.04010757410786770089, 0.05644910424811290517 ) ) ;
#5489 = CARTESIAN_POINT ( 'NONE',  ( 0.08001904591515920928, 0.04950000073015689561, 0.05968037756156166496 ) ) ;
#5490 = CARTESIAN_POINT ( 'NONE',  ( -0.003031403902723095716, 0.04336150591666156767, 0.1148270457303830067 ) ) ;
#5491 = CARTESIAN_POINT ( 'NONE',  ( 0.002094249000252768576, 0.04010757410786770089, 0.05691596692864092644 ) ) ;
#5492 = CARTESIAN_POINT ( 'NONE',  ( -0.003121821226642953855, 0.05130730125242795314, 0.1146446660641310122 ) ) ;
#5493 = ORIENTED_EDGE ( 'NONE', *, *, #5847, .T. ) ;
#5494 = DIRECTION ( 'NONE',  ( 5.979188663871559846E-17, 1.000000000000000000, -7.523851983841539456E-18 ) ) ;
#5495 = DIRECTION ( 'NONE',  ( -0.7010108883734651464, -0.1310246636425640432, -0.7010108928534550810 ) ) ;
#5496 = CARTESIAN_POINT ( 'NONE',  ( 0.1034111265896610066, 0.04432088081784599926, 0.04764864778982559612 ) ) ;
#5497 = CARTESIAN_POINT ( 'NONE',  ( 0.06313560966778650196, 0.04299411771161239931, 0.04927677141289669993 ) ) ;
#5498 = CARTESIAN_POINT ( 'NONE',  ( 0.04103764765945192017, 0.03610757410786769733, 0.04788030788703501878 ) ) ;
#5499 = AXIS2_PLACEMENT_3D ( 'NONE', #5161, #2332, #1663 ) ;
#5500 = ORIENTED_EDGE ( 'NONE', *, *, #1440, .F. ) ;
#5501 = EDGE_CURVE ( 'NONE', #8701, #7789, #4136, .T. ) ;
#5502 = FACE_OUTER_BOUND ( 'NONE', #6494, .T. ) ;
#5503 = EDGE_CURVE ( 'NONE', #6109, #6361, #3269, .T. ) ;
#5504 = CARTESIAN_POINT ( 'NONE',  ( -0.003488843858419239923, 0.04271481031491849989, 0.06572600560396839320 ) ) ;
#5505 = CARTESIAN_POINT ( 'NONE',  ( 0.003393337592535643991, 0.04917056937943358602, 0.06043638766007726482 ) ) ;
#5506 = CARTESIAN_POINT ( 'NONE',  ( 0.08960600436904996025, 0.04773273932305716755, 0.08875770808414397417 ) ) ;
#5507 = ORIENTED_EDGE ( 'NONE', *, *, #8318, .T. ) ;
#5508 = ORIENTED_EDGE ( 'NONE', *, *, #4572, .F. ) ;
#5509 = EDGE_CURVE ( 'NONE', #1014, #1226, #2197, .T. ) ;
#5510 = VECTOR ( 'NONE', #9318, 1.000000000000000000 ) ;
#5511 = CARTESIAN_POINT ( 'NONE',  ( 0.01701782450164589927, 0.04013735275879549980, 0.1391237365209100074 ) ) ;
#5512 = CARTESIAN_POINT ( 'NONE',  ( 0.008878090034620740242, 0.04950000073015990015, 0.05503031508489450441 ) ) ;
#5513 = CARTESIAN_POINT ( 'NONE',  ( 0.01410040528862258405, 0.04990270069763821925, 0.04868475639718460729 ) ) ;
#5514 = CARTESIAN_POINT ( 'NONE',  ( -0.004842401086123350289, 0.04048061862987839543, 0.1167523463112200011 ) ) ;
#5515 = ORIENTED_EDGE ( 'NONE', *, *, #7344, .T. ) ;
#5516 = ORIENTED_EDGE ( 'NONE', *, *, #1832, .F. ) ;
#5517 = PLANE ( 'NONE',  #3188 ) ;
#5518 = CARTESIAN_POINT ( 'NONE',  ( 0.006558528237648950099, 0.06690757410786771220, 0.08768298146428420148 ) ) ;
#5519 = VERTEX_POINT ( 'NONE', #125 ) ;
#5520 = AXIS2_PLACEMENT_3D ( 'NONE', #1536, #3705, #2997 ) ;
#5521 = CARTESIAN_POINT ( 'NONE',  ( 0.003877823684397037167, 0.04015845960769054424, 0.05643623807928492553 ) ) ;
#5522 = CARTESIAN_POINT ( 'NONE',  ( 0.06263819541772479293, 0.05199997858829920327, 0.1367337925739220139 ) ) ;
#5523 = CARTESIAN_POINT ( 'NONE',  ( 0.08536224721432880691, 0.04510757410786769839, 0.1209223898169300010 ) ) ;
#5524 = CARTESIAN_POINT ( 'NONE',  ( 0.001665705926261220032, 0.04010757410786770089, 0.1315464824800660071 ) ) ;
#5525 = CARTESIAN_POINT ( 'NONE',  ( 0.09461067007513219995, 0.04510757410786769839, 0.05644910424811290517 ) ) ;
#5526 = ORIENTED_EDGE ( 'NONE', *, *, #210, .T. ) ;
#5527 = DIRECTION ( 'NONE',  ( -0.7071067834460210699, 4.759941537868960834E-17, 0.7071067789270740755 ) ) ;
#5528 = CARTESIAN_POINT ( 'NONE',  ( 0.06562826310352175285, 0.05200008928434057126, 0.1362376260403687922 ) ) ;
#5529 = CARTESIAN_POINT ( 'NONE',  ( 0.08843813885909850014, 0.04010757410786770089, 0.06969270321397019741 ) ) ;
#5530 = DIRECTION ( 'NONE',  ( 0.7030348447838198345, 0.000000000000000000, 0.7111554028619837542 ) ) ;
#5531 = LINE ( 'NONE', #8970, #8755 ) ;
#5532 = EDGE_CURVE ( 'NONE', #9193, #5835, #7763, .T. ) ;
#5533 = DIRECTION ( 'NONE',  ( -0.005742101684087412040, 0.000000000000000000, 0.9999835139982307108 ) ) ;
#5534 = CARTESIAN_POINT ( 'NONE',  ( -0.0001155767876047379992, 0.04410757410786769750, 0.06498937258270930106 ) ) ;
#5535 = CARTESIAN_POINT ( 'NONE',  ( 0.08227968011191584552, 0.04244498763475636205, 0.06524456023788952064 ) ) ;
#5536 = CARTESIAN_POINT ( 'NONE',  ( 0.08918541832990839469, 0.09210757410786771238, 0.06894542374793599659 ) ) ;
#5537 = VERTEX_POINT ( 'NONE', #5029 ) ;
#5538 = ORIENTED_EDGE ( 'NONE', *, *, #3945, .T. ) ;
#5539 = CARTESIAN_POINT ( 'NONE',  ( 0.04077925308366800450, 0.04010757410786770089, 0.09287956601695539216 ) ) ;
#5540 = CARTESIAN_POINT ( 'NONE',  ( -0.005803442845718314626, 0.04010757420870431772, 0.1155428454063115590 ) ) ;
#5541 = DIRECTION ( 'NONE',  ( 1.000000000000000000, 4.027934139806210305E-16, 0.000000000000000000 ) ) ;
#5542 = DIRECTION ( 'NONE',  ( -0.7071067789270740755, 7.391816318331360785E-17, -0.7071067834460210699 ) ) ;
#5543 = LINE ( 'NONE', #6388, #3112 ) ;
#5544 = LINE ( 'NONE', #5403, #943 ) ;
#5545 = CARTESIAN_POINT ( 'NONE',  ( -0.01277900541593604729, 0.04379265824822392572, 0.05604787183243042231 ) ) ;
#5546 = CARTESIAN_POINT ( 'NONE',  ( -0.003406150762836016293, 0.05199629726005779162, 0.1199182357809575605 ) ) ;
#5547 = FACE_OUTER_BOUND ( 'NONE', #1007, .T. ) ;
#5548 = ORIENTED_EDGE ( 'NONE', *, *, #169, .T. ) ;
#5549 = ORIENTED_EDGE ( 'NONE', *, *, #8093, .F. ) ;
#5550 = CARTESIAN_POINT ( 'NONE',  ( 0.01052241514073270004, 0.04010757410786770089, 0.04875730680808269824 ) ) ;
#5551 = CARTESIAN_POINT ( 'NONE',  ( -0.01147349290891381927, 0.04871639341844499760, 0.1315422865132928609 ) ) ;
#5552 = CARTESIAN_POINT ( 'NONE',  ( 0.07943640797391744723, 0.03865757410786770099, 0.1336930851481589744 ) ) ;
#5553 = APPROVAL_DATE_TIME ( #469, #508 ) ;
#5554 = CARTESIAN_POINT ( 'NONE',  ( 0.08651692725986319388, 0.04099854939240760165, 0.06743914036069680040 ) ) ;
#5555 = VERTEX_POINT ( 'NONE', #4273 ) ;
#5556 = EDGE_LOOP ( 'NONE', ( #4500, #6019, #2874, #5079 ) ) ;
#5557 = DIRECTION ( 'NONE',  ( 0.005742101684089199673, 0.000000000000000000, -0.9999835139982305998 ) ) ;
#5558 = DIRECTION ( 'NONE',  ( 5.979188663871559846E-17, 1.000000000000000000, -7.523851983841539456E-18 ) ) ;
#5559 = ORIENTED_EDGE ( 'NONE', *, *, #1552, .F. ) ;
#5560 = CIRCLE ( 'NONE', #3905, 0.001700000000000003808 ) ;
#5561 = CARTESIAN_POINT ( 'NONE',  ( 0.08554026891174182357, 0.04906320539343584503, 0.08824798472112237169 ) ) ;
#5562 = EDGE_CURVE ( 'NONE', #6292, #2783, #746, .T. ) ;
#5563 = EDGE_CURVE ( 'NONE', #4963, #8183, #3524, .T. ) ;
#5564 = CARTESIAN_POINT ( 'NONE',  ( 0.09479683632185674502, 0.04219041510857948069, 0.1290333962931446421 ) ) ;
#5565 = CIRCLE ( 'NONE', #1504, 0.05250000000000001887 ) ;
#5566 = CARTESIAN_POINT ( 'NONE',  ( -0.002693983117253782693, 0.04452476943843503704, 0.1176255860107937867 ) ) ;
#5567 = VECTOR ( 'NONE', #5921, 1.000000000000000000 ) ;
#5568 = CARTESIAN_POINT ( 'NONE',  ( -0.02341060162517730192, 0.04180366319439639960, 0.1566390281312309840 ) ) ;
#5569 = CARTESIAN_POINT ( 'NONE',  ( 0.07464669670269838408, 0.04026698749501739921, 0.03739942766885626796 ) ) ;
#5570 = VERTEX_POINT ( 'NONE', #3612 ) ;
#5571 = FACE_OUTER_BOUND ( 'NONE', #5476, .T. ) ;
#5572 = CARTESIAN_POINT ( 'NONE',  ( 0.06576904279428560929, 0.05199993389420593665, 0.1362575791173440964 ) ) ;
#5573 = CARTESIAN_POINT ( 'NONE',  ( 0.002655238032555327227, 0.04011846466927280336, 0.1285444705802199494 ) ) ;
#5574 = PLANE ( 'NONE',  #7706 ) ;
#5575 = DIRECTION ( 'NONE',  ( 5.979188663871559846E-17, 1.000000000000000000, -7.523851983841548700E-18 ) ) ;
#5576 = CARTESIAN_POINT ( 'NONE',  ( 0.002639642047125802596, 0.04010757410786770782, 0.05538247103184092829 ) ) ;
#5577 = EDGE_CURVE ( 'NONE', #7358, #5120, #7847, .T. ) ;
#5578 = CARTESIAN_POINT ( 'NONE',  ( 0.003131127641503144050, 0.04874123086355461321, 0.1250178238039885703 ) ) ;
#5579 = EDGE_CURVE ( 'NONE', #13, #5211, #6099, .T. ) ;
#5580 = DIRECTION ( 'NONE',  ( 0.6362688849140781810, -3.223931072108890541E-17, 0.7714673720191902451 ) ) ;
#5581 = CARTESIAN_POINT ( 'NONE',  ( 0.01322082745800010062, 0.05200000073014460211, 0.04828620860477420007 ) ) ;
#5582 = VERTEX_POINT ( 'NONE', #7900 ) ;
#5583 = EDGE_LOOP ( 'NONE', ( #6439, #2452, #1849, #5931 ) ) ;
#5584 = ADVANCED_FACE ( 'NONE', ( #4369 ), #2047, .F. ) ;
#5585 = DIRECTION ( 'NONE',  ( 1.000000000000000000, -5.979188663871559846E-17, 0.000000000000000000 ) ) ;
#5586 = ADVANCED_FACE ( 'NONE', ( #8560 ), #4600, .F. ) ;
#5587 = CARTESIAN_POINT ( 'NONE',  ( 0.08953425739413116424, 0.05203445655942390280, 0.09777340134724388232 ) ) ;
#5588 = CARTESIAN_POINT ( 'NONE',  ( 0.07709701230129541172, 0.04014719265766288764, 0.05575150230554753311 ) ) ;
#5589 = CARTESIAN_POINT ( 'NONE',  ( 0.01343963745287160040, 0.05060885093988640171, 0.1367831693620180089 ) ) ;
#5590 = CARTESIAN_POINT ( 'NONE',  ( 0.01438432295767808414, 0.04144029703844559487, 0.1380731912351064739 ) ) ;
#5591 = AXIS2_PLACEMENT_3D ( 'NONE', #2289, #6524, #3791 ) ;
#5592 = ORIENTED_EDGE ( 'NONE', *, *, #5275, .T. ) ;
#5593 = CARTESIAN_POINT ( 'NONE',  ( 0.01871868297195660238, 0.04410757410786769750, 0.1366327557264090109 ) ) ;
#5594 = CARTESIAN_POINT ( 'NONE',  ( -0.01352838044025133669, 0.04158642531852957402, 0.05716288882284525225 ) ) ;
#5595 = CARTESIAN_POINT ( 'NONE',  ( 0.08956324317835230586, 0.04883175492649483723, 0.08827601570428950106 ) ) ;
#5596 = ORIENTED_EDGE ( 'NONE', *, *, #7580, .T. ) ;
#5597 = ORIENTED_EDGE ( 'NONE', *, *, #4192, .T. ) ;
#5598 = AXIS2_PLACEMENT_3D ( 'NONE', #1237, #2550, #5428 ) ;
#5599 = CARTESIAN_POINT ( 'NONE',  ( 0.01741868911267289988, 0.04010757410786770089, 0.1394514927050390096 ) ) ;
#5600 = CARTESIAN_POINT ( 'NONE',  ( 0.08436799395634299314, 0.05199997678118539746, 0.1152632378159520049 ) ) ;
#5601 = DIRECTION ( 'NONE',  ( -0.7030348447838198345, 0.000000000000000000, -0.7111554028619839762 ) ) ;
#5602 = CIRCLE ( 'NONE', #1545, 0.001700000000000003808 ) ;
#5603 = AXIS2_PLACEMENT_3D ( 'NONE', #8114, #344, #6078 ) ;
#5604 = CARTESIAN_POINT ( 'NONE',  ( 0.01677254911610490118, 0.04019622805819820371, 0.04593510090294599529 ) ) ;
#5605 = ORIENTED_EDGE ( 'NONE', *, *, #1162, .F. ) ;
#5606 = VERTEX_POINT ( 'NONE', #1354 ) ;
#5607 = CARTESIAN_POINT ( 'NONE',  ( 0.007813034511104845897, 0.04809821692786252906, 0.1298048744259156506 ) ) ;
#5608 = CC_DESIGN_APPROVAL ( #4013, ( #3197 ) ) ;
#5609 = LINE ( 'NONE', #3534, #8276 ) ;
#5610 = ORIENTED_EDGE ( 'NONE', *, *, #9091, .F. ) ;
#5611 = CARTESIAN_POINT ( 'NONE',  ( 0.002562099388018850097, 0.04010757410786770089, 0.05688374454552439646 ) ) ;
#5612 = VECTOR ( 'NONE', #1497, 1.000000000000000000 ) ;
#5613 = B_SPLINE_CURVE_WITH_KNOTS ( 'NONE', 3,
 ( #5888, #1652, #3068, #5195, #8150, #2928, #5096, #4390, #2219, #8776, #7394, #4524, #3821, #6691, #7962, #241, #3684, #1565, #1513, #3113, #5976, #4438, #8860, #2403, #7311, #4568, #2269, #8063, #815, #5147, #6506, #51, #860, #5797, #903, #8675, #100, #5839, #7354, #2978, #8722, #141, #1611, #4481, #3772, #9092, #3865, #8948, #8241, #3204, #6919, #7482, #8997, #4050, #6875, #471, #4614, #384, #6016, #3346, #2587, #5469, #1786, #1034, #4006, #2494, #5369, #1180, #2635 ),
 .UNSPECIFIED., .F., .F.,
 ( 4, 2, 2, 2, 2, 2, 1, 2, 2, 2, 2, 1, 2, 2, 2, 1, 1, 2, 2, 2, 1, 1, 2, 2, 2, 1, 1, 2, 2, 2, 1, 1, 2, 2, 2, 2, 1, 2, 2, 4 ),
 ( 0.5000000000000000000, 0.5156249999999957812, 0.5234374999999938938, 0.5312499999999921174, 0.5624999999999871214, 0.5781249999999842348, 0.5859374999999829026, 0.5898437499999817923, 0.5937499999999807931, 0.6249999999999757971, 0.6406249999999737987, 0.6484374999999720224, 0.6523437499999711342, 0.6562499999999702460, 0.6874999999999676925, 0.7031249999999662492, 0.7109374999999655831, 0.7148437499999658051, 0.7187499999999660272, 0.7499999999999673594, 0.7656249999999688027, 0.7734374999999695799, 0.7773437499999698019, 0.7812499999999701350, 0.8124999999999711342, 0.8281249999999716893, 0.8359374999999719114, 0.8398437499999720224, 0.8437499999999722444, 0.8749999999999791278, 0.8906249999999825695, 0.8984374999999841238, 0.9023437499999844569, 0.9062499999999849010, 0.9374999999999904521, 0.9531249999999928946, 0.9609374999999942268, 0.9648437499999950040, 0.9687499999999957812, 1.000000000000000000 ),
 .UNSPECIFIED. ) ;
#5614 = LINE ( 'NONE', #9245, #7881 ) ;
#5615 = CARTESIAN_POINT ( 'NONE',  ( 0.04077925308366790041, 0.04410757410786769750, 0.09287956601695539216 ) ) ;
#5616 = ADVANCED_FACE ( 'NONE', ( #26 ), #2203, .F. ) ;
#5617 = EDGE_CURVE ( 'NONE', #6674, #8532, #9211, .T. ) ;
#5618 = DIRECTION ( 'NONE',  ( -0.7071067834460210699, -4.618527782440651366E-16, 0.7071067789270740755 ) ) ;
#5619 = VERTEX_POINT ( 'NONE', #2100 ) ;
#5620 = ORIENTED_EDGE ( 'NONE', *, *, #2015, .T. ) ;
#5621 = CARTESIAN_POINT ( 'NONE',  ( 0.08385317864353829254, 0.05194254130742909786, 0.1162679155229840028 ) ) ;
#5622 = EDGE_CURVE ( 'NONE', #9217, #25, #1403, .T. ) ;
#5623 = CARTESIAN_POINT ( 'NONE',  ( -0.002612316073998470056, 0.04419356769172799737, 0.07010831857995290795 ) ) ;
#5624 = DIRECTION ( 'NONE',  ( -5.979188663871559846E-17, -1.000000000000000000, 7.523851983841548700E-18 ) ) ;
#5625 = DIRECTION ( 'NONE',  ( -1.414202144601789873E-17, -1.000000000000000000, 7.785982473126689140E-18 ) ) ;
#5626 = CARTESIAN_POINT ( 'NONE',  ( -0.007339274964223030211, 0.09210757410786771238, 0.06837227611161640628 ) ) ;
#5627 = DIRECTION ( 'NONE',  ( -0.1793001811598410600, 0.000000000000000000, 0.9837944119764292505 ) ) ;
#5628 = LINE ( 'NONE', #2890, #6482 ) ;
#5629 = CARTESIAN_POINT ( 'NONE',  ( 0.01892031074961090034, 0.05199997858829920327, 0.04902533945998929776 ) ) ;
#5630 = ORIENTED_EDGE ( 'NONE', *, *, #5445, .F. ) ;
#5631 = EDGE_LOOP ( 'NONE', ( #8486, #522, #5892, #2147 ) ) ;
#5632 = CARTESIAN_POINT ( 'NONE',  ( 0.07768174680755253469, 0.05008252091643646681, 0.1463885140898239512 ) ) ;
#5633 = CARTESIAN_POINT ( 'NONE',  ( 0.08960519702491191729, 0.05247529779759499413, 0.08874387851561904572 ) ) ;
#5634 = CARTESIAN_POINT ( 'NONE',  ( 0.07688051474766753601, 0.04011849707274040694, 0.05517055313189894034 ) ) ;
#5635 = CARTESIAN_POINT ( 'NONE',  ( 0.08390151926786110215, 0.05158772285629279614, 0.06790884351014180031 ) ) ;
#5636 = CARTESIAN_POINT ( 'NONE',  ( 0.08432110600784990806, 0.05199730379717446699, 0.06718146464634881798 ) ) ;
#5637 = EDGE_CURVE ( 'NONE', #4981, #1701, #4975, .T. ) ;
#5638 = DIRECTION ( 'NONE',  ( 0.7071067834460215140, -7.105427357600994611E-17, -0.7071067789270735204 ) ) ;
#5639 = CARTESIAN_POINT ( 'NONE',  ( 0.05450031589272309740, 0.06690757410786771220, 0.09795843748510280058 ) ) ;
#5640 = CARTESIAN_POINT ( 'NONE',  ( 0.04077925308366790041, 0.04950000073015689561, 0.09287956601695539216 ) ) ;
#5641 = CARTESIAN_POINT ( 'NONE',  ( 0.001781902495953029868, 0.04010757410786770089, 0.1448815529707139782 ) ) ;
#5642 = ORIENTED_EDGE ( 'NONE', *, *, #2024, .T. ) ;
#5643 = ORIENTED_EDGE ( 'NONE', *, *, #4410, .F. ) ;
#5644 = DIRECTION ( 'NONE',  ( 5.979188663871559846E-17, 1.000000000000000000, -7.523851983841539456E-18 ) ) ;
#5645 = CARTESIAN_POINT ( 'NONE',  ( 0.07975745936208429587, 0.04950000073015689561, 0.1448959041744730114 ) ) ;
#5646 = DIRECTION ( 'NONE',  ( 8.064744300522758734E-17, 1.000000000000000000, -3.893633009083770204E-17 ) ) ;
#5647 = AXIS2_PLACEMENT_3D ( 'NONE', #5910, #8123, #3882 ) ;
#5648 = EDGE_CURVE ( 'NONE', #1514, #2929, #6329, .T. ) ;
#5649 = AXIS2_PLACEMENT_3D ( 'NONE', #4704, #1125, #3996 ) ;
#5650 = CARTESIAN_POINT ( 'NONE',  ( -0.003144859824957670167, 0.04416030888467410015, 0.1145975840018060021 ) ) ;
#5651 = VERTEX_POINT ( 'NONE', #2959 ) ;
#5652 = ORIENTED_EDGE ( 'NONE', *, *, #3602, .F. ) ;
#5653 = DIRECTION ( 'NONE',  ( 1.370066131076401989E-15, 1.000000000000000000, 0.000000000000000000 ) ) ;
#5654 = CARTESIAN_POINT ( 'NONE',  ( 0.06821361376094289830, 0.05132137481406130047, 0.1375933439777730083 ) ) ;
#5655 = EDGE_LOOP ( 'NONE', ( #147, #1615, #8140, #7188 ) ) ;
#5656 = CARTESIAN_POINT ( 'NONE',  ( 0.004140328193982562195, 0.04016925132677722637, 0.05626260161057382303 ) ) ;
#5657 = VECTOR ( 'NONE', #4780, 1.000000000000000000 ) ;
#5658 = FACE_OUTER_BOUND ( 'NONE', #3434, .T. ) ;
#5659 = CARTESIAN_POINT ( 'NONE',  ( 0.01859637467326511612, 0.04990270069763821925, 0.04918530059787569464 ) ) ;
#5660 = CARTESIAN_POINT ( 'NONE',  ( -0.003110922218717979831, 0.04328216427920539983, 0.1146668708095509998 ) ) ;
#5661 = ORIENTED_EDGE ( 'NONE', *, *, #6254, .F. ) ;
#5662 = ORIENTED_EDGE ( 'NONE', *, *, #5717, .T. ) ;
#5663 = DIRECTION ( 'NONE',  ( 0.7111554028619839762, 0.000000000000000000, -0.7030348447838198345 ) ) ;
#5664 = DIRECTION ( 'NONE',  ( -0.005742101684087874344, 0.000000000000000000, 0.9999835139982305998 ) ) ;
#5665 = CARTESIAN_POINT ( 'NONE',  ( 0.004510355037350773262, 0.04014137753256764862, 0.1301165763015093846 ) ) ;
#5666 = EDGE_CURVE ( 'NONE', #1966, #947, #7678, .T. ) ;
#5667 = EDGE_CURVE ( 'NONE', #1664, #3012, #3625, .T. ) ;
#5668 = CARTESIAN_POINT ( 'NONE',  ( 0.07787326690014048647, 0.04880348369391693253, 0.03950319538920135654 ) ) ;
#5669 = CYLINDRICAL_SURFACE ( 'NONE', #3249, 0.002999999999999997027 ) ;
#5670 = CARTESIAN_POINT ( 'NONE',  ( 0.002955361737929320613, 0.04935163502973939631, 0.1248110825610559554 ) ) ;
#5671 = EDGE_CURVE ( 'NONE', #7574, #8370, #7337, .T. ) ;
#5672 = CARTESIAN_POINT ( 'NONE',  ( -0.01270261914276230031, 0.04706118949957149855, 0.05593786406434109876 ) ) ;
#5673 = CARTESIAN_POINT ( 'NONE',  ( 0.07772095503628229096, 0.04510757410786769839, 0.03939769379052519838 ) ) ;
#5674 = ORIENTED_EDGE ( 'NONE', *, *, #669, .F. ) ;
#5675 = ORIENTED_EDGE ( 'NONE', *, *, #3022, .F. ) ;
#5676 = CYLINDRICAL_SURFACE ( 'NONE', #1388, 0.004999999999999996635 ) ;
#5677 = CARTESIAN_POINT ( 'NONE',  ( 0.08965143224122576471, 0.05333675660360805842, 0.08933803670138901198 ) ) ;
#5678 = CARTESIAN_POINT ( 'NONE',  ( 0.08564988443527300765, 0.04990270069763820537, 0.06540988983070579466 ) ) ;
#5679 = CARTESIAN_POINT ( 'NONE',  ( 0.08427328657218456642, 0.05199808135412872095, 0.06734189857181351047 ) ) ;
#5680 = PLANE ( 'NONE',  #1997 ) ;
#5681 = CARTESIAN_POINT ( 'NONE',  ( -0.01353287986089745515, 0.04157836099546029229, 0.05716973217947581704 ) ) ;
#5682 = DIRECTION ( 'NONE',  ( 0.005742101684089199673, 0.000000000000000000, -0.9999835139982305998 ) ) ;
#5683 = ORIENTED_EDGE ( 'NONE', *, *, #4354, .T. ) ;
#5684 = ORIENTED_EDGE ( 'NONE', *, *, #5861, .T. ) ;
#5685 = ORIENTED_EDGE ( 'NONE', *, *, #4085, .F. ) ;
#5686 = CARTESIAN_POINT ( 'NONE',  ( 0.08738263665246438772, 0.04037124799189970026, 0.06848227738905621198 ) ) ;
#5687 = LINE ( 'NONE', #5130, #5612 ) ;
#5688 = CARTESIAN_POINT ( 'NONE',  ( 0.06606913595808809603, 0.09210757410786771238, 0.04969941303023025364 ) ) ;
#5689 = EDGE_CURVE ( 'NONE', #2360, #5570, #6049, .T. ) ;
#5690 = CARTESIAN_POINT ( 'NONE',  ( 0.08564988443527300765, 0.04510757410786760124, 0.06540988983070589180 ) ) ;
#5691 = ORIENTED_EDGE ( 'NONE', *, *, #8355, .T. ) ;
#5692 = ORIENTED_EDGE ( 'NONE', *, *, #5291, .T. ) ;
#5693 = CARTESIAN_POINT ( 'NONE',  ( 0.07807032336881604417, 0.04885194590172099033, 0.1254314535760156779 ) ) ;
#5694 = DIRECTION ( 'NONE',  ( -0.005742101684089324573, 0.000000000000000000, 0.9999835139982307108 ) ) ;
#5695 = EDGE_CURVE ( 'NONE', #833, #546, #8088, .T. ) ;
#5696 = DIRECTION ( 'NONE',  ( 0.005742101684089277736, 0.000000000000000000, -0.9999835139982307108 ) ) ;
#5697 = ORIENTED_EDGE ( 'NONE', *, *, #4973, .F. ) ;
#5698 = CARTESIAN_POINT ( 'NONE',  ( 0.004270425129986431777, 0.04017202982040477682, 0.05615358315076115353 ) ) ;
#5699 = CARTESIAN_POINT ( 'NONE',  ( 0.06465203337793219707, 0.04048061862987839543, 0.1385012201867469872 ) ) ;
#5700 = CARTESIAN_POINT ( 'NONE',  ( -0.003282735652107500110, 0.04320997620684199902, 0.1143164769102810036 ) ) ;
#5701 = EDGE_LOOP ( 'NONE', ( #120, #5712 ) ) ;
#5702 = VERTEX_POINT ( 'NONE', #5257 ) ;
#5703 = CARTESIAN_POINT ( 'NONE',  ( 0.08373470866645089938, 0.05294639108764150059, 0.1164821255381110060 ) ) ;
#5704 = CARTESIAN_POINT ( 'NONE',  ( 0.06631691365373622304, 0.05199808348326323548, 0.1363736120236848925 ) ) ;
#5705 = CARTESIAN_POINT ( 'NONE',  ( 0.003825071698172230732, 0.04017095663442944720, 0.1291653081995282337 ) ) ;
#5706 = AXIS2_PLACEMENT_3D ( 'NONE', #2922, #8666, #4381 ) ;
#5707 = CARTESIAN_POINT ( 'NONE',  ( 0.06896466535195722170, 0.04232327790367781950, 0.05168951731352623702 ) ) ;
#5708 = DIRECTION ( 'NONE',  ( -0.7071067834460215140, -7.105427357600994611E-17, 0.7071067789270735204 ) ) ;
#5709 = CARTESIAN_POINT ( 'NONE',  ( -0.01272969498924432161, 0.05008252091633735859, 0.1297820597407766952 ) ) ;
#5710 = CARTESIAN_POINT ( 'NONE',  ( 0.008638107415467426858, 0.04818718669780573671, 0.05589380181494013611 ) ) ;
#5711 = DIRECTION ( 'NONE',  ( -4.027934139806210305E-16, 1.000000000000000000, -1.018010760859769879E-17 ) ) ;
#5712 = ORIENTED_EDGE ( 'NONE', *, *, #8525, .T. ) ;
#5713 = ORIENTED_EDGE ( 'NONE', *, *, #4488, .T. ) ;
#5714 = VECTOR ( 'NONE', #7011, 1.000000000000000000 ) ;
#5715 = CARTESIAN_POINT ( 'NONE',  ( -0.002973936625785520132, 0.04410757410786769750, 0.07081899590524409760 ) ) ;
#5716 = CARTESIAN_POINT ( 'NONE',  ( 0.08955139042243516478, 0.05041682203011985802, 0.08815954277459346622 ) ) ;
#5717 = EDGE_CURVE ( 'NONE', #7948, #8547, #6813, .T. ) ;
#5718 = CARTESIAN_POINT ( 'NONE',  ( 0.08489899609902150368, 0.05137458848915829601, 0.06607538499809650911 ) ) ;
#5719 = CARTESIAN_POINT ( 'NONE',  ( 0.08410091745760778226, 0.05200043921116731527, 0.06899949367783878018 ) ) ;
#5720 = B_SPLINE_CURVE_WITH_KNOTS ( 'NONE', 3,
 ( #8362, #4115, #1899, #7595 ),
 .UNSPECIFIED., .F., .F.,
 ( 4, 4 ),
 ( -0.03303332443841720117, -1.831867990631508292E-15 ),
 .UNSPECIFIED. ) ;
#5721 = CARTESIAN_POINT ( 'NONE',  ( 0.09403977399421344086, 0.04954660409096500739, 0.1301397080707937803 ) ) ;
#5722 = DIRECTION ( 'NONE',  ( -5.979188663871559846E-17, -1.000000000000000000, 7.523851983841530211E-18 ) ) ;
#5723 = CIRCLE ( 'NONE', #1220, 0.05300000000000001932 ) ;
#5724 = CARTESIAN_POINT ( 'NONE',  ( 0.04077925308366790041, 0.04010757410786770089, 0.09287956601695539216 ) ) ;
#5725 = ORIENTED_EDGE ( 'NONE', *, *, #5068, .F. ) ;
#5726 = CARTESIAN_POINT ( 'NONE',  ( -0.002883855700529440284, 0.05057520230112373671, 0.07064146962137000940 ) ) ;
#5727 = VERTEX_POINT ( 'NONE', #885 ) ;
#5728 = VERTEX_POINT ( 'NONE', #6675 ) ;
#5729 = EDGE_CURVE ( 'NONE', #7097, #6637, #175, .T. ) ;
#5730 = EDGE_CURVE ( 'NONE', #9193, #6982, #5306, .T. ) ;
#5731 = CARTESIAN_POINT ( 'NONE',  ( 0.04077925308366800450, 0.04010757410786770089, 0.09287956601695539216 ) ) ;
#5732 = CIRCLE ( 'NONE', #3480, 0.06500000000000002998 ) ;
#5733 = CARTESIAN_POINT ( 'NONE',  ( -0.003189620921738750212, 0.04412530489793380084, 0.1145070558757909918 ) ) ;
#5734 = CARTESIAN_POINT ( 'NONE',  ( 0.09700477036120040697, 0.04010757410786770089, 0.1254938452037460128 ) ) ;
#5735 = AXIS2_PLACEMENT_3D ( 'NONE', #9123, #6948, #2520 ) ;
#5736 = CARTESIAN_POINT ( 'NONE',  ( 0.01718258914090849826, 0.04010757410786770089, 0.04557751785891150237 ) ) ;
#5737 = DIRECTION ( 'NONE',  ( 0.7010108928534550810, -0.1310246636425636269, -0.7010108883734651464 ) ) ;
#5738 = ORIENTED_EDGE ( 'NONE', *, *, #7371, .F. ) ;
#5739 = ORIENTED_EDGE ( 'NONE', *, *, #7135, .T. ) ;
#5740 = LINE ( 'NONE', #5187, #2254 ) ;
#5741 = CARTESIAN_POINT ( 'NONE',  ( 0.008985332217789365056, 0.04157204020193496635, 0.1052014639958004372 ) ) ;
#5742 = ORIENTED_EDGE ( 'NONE', *, *, #4302, .T. ) ;
#5743 = CARTESIAN_POINT ( 'NONE',  ( 0.004901727289058562496, 0.04014571629124155661, 0.05531010283916520248 ) ) ;
#5744 = B_SPLINE_CURVE_WITH_KNOTS ( 'NONE', 3,
 ( #1498, #845, #180, #3007, #754, #6491 ),
 .UNSPECIFIED., .F., .F.,
 ( 4, 2, 4 ),
 ( 0.000000000000000000, 0.2493374530532360689, 0.4986749061064721378 ),
 .UNSPECIFIED. ) ;
#5745 = EDGE_CURVE ( 'NONE', #7769, #8697, #1444, .T. ) ;
#5746 = AXIS2_PLACEMENT_3D ( 'NONE', #1201, #4682, #4026 ) ;
#5747 = CARTESIAN_POINT ( 'NONE',  ( 0.06517654171156721243, 0.04037124799189970026, 0.1394829495857519974 ) ) ;
#5748 = EDGE_CURVE ( 'NONE', #7667, #3817, #3936, .T. ) ;
#5749 = LINE ( 'NONE', #3682, #2564 ) ;
#5750 = EDGE_CURVE ( 'NONE', #769, #8122, #4150, .T. ) ;
#5751 = FACE_OUTER_BOUND ( 'NONE', #6527, .T. ) ;
#5752 = ORIENTED_EDGE ( 'NONE', *, *, #1831, .T. ) ;
#5753 = VECTOR ( 'NONE', #7568, 1.000000000000000000 ) ;
#5754 = ORIENTED_EDGE ( 'NONE', *, *, #6679, .F. ) ;
#5755 = CARTESIAN_POINT ( 'NONE',  ( 0.08444236186786530096, 0.04985783708471710346, 0.1151176624125409970 ) ) ;
#5756 = AXIS2_PLACEMENT_3D ( 'NONE', #3716, #6768, #3852 ) ;
#5757 = CARTESIAN_POINT ( 'NONE',  ( 0.07741817797395703082, 0.04016925132676615190, 0.1294965304229117875 ) ) ;
#5758 = CARTESIAN_POINT ( 'NONE',  ( 0.003231876551564119744, 0.04014687603397274623, 0.1287681146079701633 ) ) ;
#5759 = CARTESIAN_POINT ( 'NONE',  ( 0.07803939513750857149, 0.04954660409096839357, 0.03961904510641144073 ) ) ;
#5760 = DIRECTION ( 'NONE',  ( -4.027934139806210305E-16, 1.000000000000000000, -1.018010760859769879E-17 ) ) ;
#5761 = DIRECTION ( 'NONE',  ( 5.979188663871559846E-17, 1.000000000000000000, -7.523851983841539456E-18 ) ) ;
#5762 = CARTESIAN_POINT ( 'NONE',  ( 0.05456707735267290332, 0.04510757410786769839, 0.06255157132616369353 ) ) ;
#5763 = CARTESIAN_POINT ( 'NONE',  ( 0.01331435303007235359, 0.05200000073015688395, 0.04836972049098858112 ) ) ;
#5764 = ORIENTED_EDGE ( 'NONE', *, *, #8609, .T. ) ;
#5765 = ORIENTED_EDGE ( 'NONE', *, *, #2851, .F. ) ;
#5766 = CARTESIAN_POINT ( 'NONE',  ( 0.08772371819767769974, 0.04019622805819800249, 0.06887286204939280232 ) ) ;
#5767 = DIRECTION ( 'NONE',  ( 1.370066131076401989E-15, 1.000000000000000000, 0.000000000000000000 ) ) ;
#5768 = CARTESIAN_POINT ( 'NONE',  ( 0.08953951581512463453, 0.05215498102700580341, 0.09772133006989176807 ) ) ;
#5769 = CARTESIAN_POINT ( 'NONE',  ( 0.06618866983912570501, 0.04147921717319440205, 0.1376353072616539885 ) ) ;
#5770 = CARTESIAN_POINT ( 'NONE',  ( 0.08413483325988614647, 0.05200009627857785088, 0.06804978605341407971 ) ) ;
#5771 = ORIENTED_EDGE ( 'NONE', *, *, #4723, .T. ) ;
#5772 = DIRECTION ( 'NONE',  ( 1.000000000000000000, -8.064744300522758734E-17, 0.000000000000000000 ) ) ;
#5773 = VECTOR ( 'NONE', #1751, 1.000000000000000000 ) ;
#5774 = CARTESIAN_POINT ( 'NONE',  ( 0.07224992182497134985, 0.04993505383661835800, 0.1304374814140477346 ) ) ;
#5775 = CARTESIAN_POINT ( 'NONE',  ( 0.08746291559586059916, 0.04018993005514429756, 0.1174308016704089935 ) ) ;
#5776 = EDGE_LOOP ( 'NONE', ( #2399, #2661, #264, #1781, #3677, #667 ) ) ;
#5777 = CARTESIAN_POINT ( 'NONE',  ( -0.002883855700529440284, 0.04985783708471710346, 0.07064146962137000940 ) ) ;
#5778 = ORIENTED_EDGE ( 'NONE', *, *, #3623, .T. ) ;
#5779 = VERTEX_POINT ( 'NONE', #1726 ) ;
#5780 = LINE ( 'NONE', #5870, #8571 ) ;
#5781 = EDGE_CURVE ( 'NONE', #3817, #617, #379, .T. ) ;
#5782 = CARTESIAN_POINT ( 'NONE',  ( -0.03930715843383549013, 0.04013131365941523948, 0.1681213712900291035 ) ) ;
#5783 = DIRECTION ( 'NONE',  ( 1.000000000000000000, 0.000000000000000000, 0.000000000000000000 ) ) ;
#5784 = EDGE_CURVE ( 'NONE', #6574, #6674, #1591, .T. ) ;
#5785 = EDGE_CURVE ( 'NONE', #4825, #8688, #4595, .T. ) ;
#5786 = CARTESIAN_POINT ( 'NONE',  ( 0.08458991063515089448, 0.04336150569777760116, 0.07093208759419999954 ) ) ;
#5787 = FACE_OUTER_BOUND ( 'NONE', #5214, .T. ) ;
#5788 = ORIENTED_EDGE ( 'NONE', *, *, #6441, .F. ) ;
#5789 = ORIENTED_EDGE ( 'NONE', *, *, #1247, .F. ) ;
#5790 = CARTESIAN_POINT ( 'NONE',  ( -0.002609063866080124725, 0.04990270069763819150, 0.1171139141641267672 ) ) ;
#5791 = DIRECTION ( 'NONE',  ( -4.027934139806210305E-16, 1.000000000000000000, -1.018010760859769879E-17 ) ) ;
#5792 = EDGE_LOOP ( 'NONE', ( #2995, #3114, #2944, #1656 ) ) ;
#5793 = CARTESIAN_POINT ( 'NONE',  ( 0.005103820171353919133, 0.04011993602995285457, 0.05479166344807918226 ) ) ;
#5794 = CARTESIAN_POINT ( 'NONE',  ( 0.06221616397699390039, 0.04320997620684199902, 0.1369415547527309818 ) ) ;
#5795 = AXIS2_PLACEMENT_3D ( 'NONE', #7685, #396, #3163 ) ;
#5796 = DIRECTION ( 'NONE',  ( -0.005742101684089325440, 0.000000000000000000, 0.9999835139982307108 ) ) ;
#5797 = CARTESIAN_POINT ( 'NONE',  ( 0.08577879153175964333, 0.05507598614265078046, 0.09249831562720142730 ) ) ;
#5798 = ORIENTED_EDGE ( 'NONE', *, *, #173, .T. ) ;
#5799 = ORIENTED_EDGE ( 'NONE', *, *, #8038, .T. ) ;
#5800 = CARTESIAN_POINT ( 'NONE',  ( 0.07328227110452512072, 0.04811094364647783284, 0.1302132472580043998 ) ) ;
#5801 = CARTESIAN_POINT ( 'NONE',  ( 0.07698476482274975441, 0.04016862934744444558, 0.1299305616978095601 ) ) ;
#5802 = ORIENTED_EDGE ( 'NONE', *, *, #5563, .F. ) ;
#5803 = CARTESIAN_POINT ( 'NONE',  ( 0.01684381505952119856, 0.04430890788213499853, 0.1359225228904450133 ) ) ;
#5804 = CARTESIAN_POINT ( 'NONE',  ( 0.002714002119554835297, 0.04011186289069531424, 0.1302077333864865294 ) ) ;
#5805 = CARTESIAN_POINT ( 'NONE',  ( -0.002239640824753287573, 0.05200041842956767968, 0.06807900636096021751 ) ) ;
#5806 = DIRECTION ( 'NONE',  ( -0.005742101684087900365, 0.000000000000000000, 0.9999835139982307108 ) ) ;
#5807 = LINE ( 'NONE', #6423, #1373 ) ;
#5808 = CARTESIAN_POINT ( 'NONE',  ( 0.09099957372322650673, 0.05200000073015689089, 0.1279938827136592461 ) ) ;
#5809 = ORIENTED_EDGE ( 'NONE', *, *, #205, .F. ) ;
#5810 = ORIENTED_EDGE ( 'NONE', *, *, #3571, .F. ) ;
#5811 = DIRECTION ( 'NONE',  ( -0.005742101684089277736, 0.000000000000000000, 0.9999835139982307108 ) ) ;
#5812 = CARTESIAN_POINT ( 'NONE',  ( 0.07720971485251039435, 0.04708659746632420234, 0.1467109830084199762 ) ) ;
#5813 = CARTESIAN_POINT ( 'NONE',  ( 0.07772095503628229096, 0.04706118949957149855, 0.03939769379052510123 ) ) ;
#5814 = ADVANCED_FACE ( 'NONE', ( #1769 ), #3002, .F. ) ;
#5815 = B_SPLINE_CURVE_WITH_KNOTS ( 'NONE', 3,
 ( #3018, #8946, #8898, #3067, #5884 ),
 .UNSPECIFIED., .F., .F.,
 ( 4, 1, 4 ),
 ( 0.000000000000000000, 0.2857142857141382053, 0.5000115151353434761 ),
 .UNSPECIFIED. ) ;
#5816 = CARTESIAN_POINT ( 'NONE',  ( 0.08713220696585489977, 0.04035255481984920123, 0.1178075075277200123 ) ) ;
#5817 = CARTESIAN_POINT ( 'NONE',  ( 0.08413729808763059648, 0.05200008742799413358, 0.06803055391895769521 ) ) ;
#5818 = EDGE_LOOP ( 'NONE', ( #3378, #1182, #4268, #5998, #4906 ) ) ;
#5819 = APPROVAL_ROLE ( '' ) ;
#5820 = CARTESIAN_POINT ( 'NONE',  ( 0.09365577371210259683, 0.05200000073015689783, 0.05507647664279539945 ) ) ;
#5821 = DIRECTION ( 'NONE',  ( -0.005742101684087365203, 0.000000000000000000, 0.9999835139982307108 ) ) ;
#5822 = EDGE_LOOP ( 'NONE', ( #2514, #2233, #3881, #2020, #8082 ) ) ;
#5823 = DIRECTION ( 'NONE',  ( 2.782067481665859993E-18, 1.000000000000000000, -1.690564126505299978E-17 ) ) ;
#5824 = ORIENTED_EDGE ( 'NONE', *, *, #5350, .T. ) ;
#5825 = CARTESIAN_POINT ( 'NONE',  ( -0.01268258457371398799, 0.04794083770388326421, 0.05590880869887900062 ) ) ;
#5826 = CARTESIAN_POINT ( 'NONE',  ( -0.01053891195949190063, 0.04432088081784599926, 0.1494241927792220037 ) ) ;
#5827 = CARTESIAN_POINT ( 'NONE',  ( 0.08547609786793212983, 0.04083896279278786956, 0.1152995883047532866 ) ) ;
#5828 = LINE ( 'NONE', #2914, #7217 ) ;
#5829 = CARTESIAN_POINT ( 'NONE',  ( 0.08488266430334769075, 0.05199871785531171714, 0.1207932303666812424 ) ) ;
#5830 = CARTESIAN_POINT ( 'NONE',  ( 0.06869515457992358964, 0.04421009789430180303, 0.04842349418920220000 ) ) ;
#5831 = ORIENTED_EDGE ( 'NONE', *, *, #2773, .F. ) ;
#5832 = VERTEX_POINT ( 'NONE', #2563 ) ;
#5833 = CARTESIAN_POINT ( 'NONE',  ( -0.002605112459295627712, 0.04990270069763821231, 0.1165890911983422928 ) ) ;
#5834 = CARTESIAN_POINT ( 'NONE',  ( 0.06815488726706860068, 0.04950000073015689561, 0.1341206214478800063 ) ) ;
#5835 = VERTEX_POINT ( 'NONE', #3421 ) ;
#5836 = CARTESIAN_POINT ( 'NONE',  ( 0.01698077268814251334, 0.05200044161415756649, 0.1359886222228187391 ) ) ;
#5837 = CARTESIAN_POINT ( 'NONE',  ( 0.01924698113077119924, 0.04410757410786769750, 0.04886397206714769570 ) ) ;
#5838 = CARTESIAN_POINT ( 'NONE',  ( 0.06828125287451269898, 0.05208030290971969734, 0.04917795781622490148 ) ) ;
#5839 = CARTESIAN_POINT ( 'NONE',  ( 0.08576959112540322172, 0.05506119260801065063, 0.09381807032399409885 ) ) ;
#5840 = ORIENTED_EDGE ( 'NONE', *, *, #7626, .F. ) ;
#5841 = EDGE_LOOP ( 'NONE', ( #1342, #4663, #7400, #7583, #2973 ) ) ;
#5842 = DIRECTION ( 'NONE',  ( 5.979188663871559846E-17, 1.000000000000000000, -7.523851983841539456E-18 ) ) ;
#5843 = ADVANCED_FACE ( 'NONE', ( #7606 ), #1954, .F. ) ;
#5844 = CARTESIAN_POINT ( 'NONE',  ( 0.07672211631948593069, 0.04015222400872472952, 0.1303236604913058372 ) ) ;
#5845 = ORIENTED_EDGE ( 'NONE', *, *, #950, .F. ) ;
#5846 = CARTESIAN_POINT ( 'NONE',  ( 0.07799537515316858072, 0.04016292511063277587, 0.05679607428766222238 ) ) ;
#5847 = EDGE_CURVE ( 'NONE', #8764, #3707, #2493, .T. ) ;
#5848 = CARTESIAN_POINT ( 'NONE',  ( -0.002809487789006650214, 0.05199997678118530031, 0.07049589421795800226 ) ) ;
#5849 = PLANE ( 'NONE',  #8750 ) ;
#5850 = CARTESIAN_POINT ( 'NONE',  ( 0.004008423769620136391, 0.04846884057253147970, 0.06049151336663939615 ) ) ;
#5851 = ORIENTED_EDGE ( 'NONE', *, *, #203, .T. ) ;
#5852 = ORIENTED_EDGE ( 'NONE', *, *, #3052, .F. ) ;
#5853 = CARTESIAN_POINT ( 'NONE',  ( 0.004196410323163573403, 0.04818204933767356035, 0.06028055352337425427 ) ) ;
#5854 = CARTESIAN_POINT ( 'NONE',  ( 0.08605721760050830116, 0.06510757410786770227, 0.08813947854816929495 ) ) ;
#5855 = CARTESIAN_POINT ( 'NONE',  ( 0.08953392726550146730, 0.05202658079378826017, 0.09777668264392012920 ) ) ;
#5856 = VECTOR ( 'NONE', #6052, 1.000000000000000000 ) ;
#5857 = ORIENTED_EDGE ( 'NONE', *, *, #6125, .F. ) ;
#5858 = VECTOR ( 'NONE', #7704, 1.000000000000000000 ) ;
#5859 = PLANE ( 'NONE',  #6851 ) ;
#5860 = CARTESIAN_POINT ( 'NONE',  ( 0.06316292488266540828, 0.05199997678118530031, 0.04929082514428079903 ) ) ;
#5861 = EDGE_CURVE ( 'NONE', #6510, #4815, #6207, .T. ) ;
#5862 = ORIENTED_EDGE ( 'NONE', *, *, #3217, .F. ) ;
#5863 = CIRCLE ( 'NONE', #4517, 0.001300000000000000157 ) ;
#5864 = ADVANCED_FACE ( 'NONE', ( #1253 ), #4822, .T. ) ;
#5865 = PLANE ( 'NONE',  #466 ) ;
#5866 = CARTESIAN_POINT ( 'NONE',  ( 0.08631321826892561500, 0.04091595711150460002, 0.1187858504512928903 ) ) ;
#5867 = EDGE_CURVE ( 'NONE', #4172, #8864, #1277, .T. ) ;
#5868 = ORIENTED_EDGE ( 'NONE', *, *, #4485, .T. ) ;
#5869 = CARTESIAN_POINT ( 'NONE',  ( 0.002112336620557649786, 0.04010757410786770089, 0.05376601885954650217 ) ) ;
#5870 = CARTESIAN_POINT ( 'NONE',  ( 0.06005764623655430318, 0.03610757410786769733, 0.08799018390438290149 ) ) ;
#5871 = LINE ( 'NONE', #7657, #5886 ) ;
#5872 = DIRECTION ( 'NONE',  ( 0.9876750122331696691, 0.000000000000000000, -0.1565185938162238499 ) ) ;
#5873 = CARTESIAN_POINT ( 'NONE',  ( 0.001675467499124172043, 0.03865757410786770099, 0.1298465105062690250 ) ) ;
#5874 = VECTOR ( 'NONE', #8557, 1.000000000000000000 ) ;
#5875 = CARTESIAN_POINT ( 'NONE',  ( 0.08465602557366171121, 0.05199620839327814825, 0.1204803416991519077 ) ) ;
#5876 = CARTESIAN_POINT ( 'NONE',  ( 0.06862262754922709984, 0.04431266660442360200, 0.04849602121943510230 ) ) ;
#5877 = ORIENTED_EDGE ( 'NONE', *, *, #6389, .F. ) ;
#5878 = ORIENTED_EDGE ( 'NONE', *, *, #1537, .F. ) ;
#5879 = AXIS2_PLACEMENT_3D ( 'NONE', #2420, #7986, #8693 ) ;
#5880 = CARTESIAN_POINT ( 'NONE',  ( 0.04077925308366790041, 0.04010757410786770089, 0.09287956601695539216 ) ) ;
#5881 = AXIS2_PLACEMENT_3D ( 'NONE', #9103, #4724, #3262 ) ;
#5882 = CARTESIAN_POINT ( 'NONE',  ( -0.006522795074375429929, 0.04010757410786770089, 0.1164762299597150025 ) ) ;
#5883 = ORIENTED_EDGE ( 'NONE', *, *, #267, .T. ) ;
#5884 = CARTESIAN_POINT ( 'NONE',  ( 0.08395964022531697546, 0.04451988915590725238, 0.1181694366629134352 ) ) ;
#5885 = CARTESIAN_POINT ( 'NONE',  ( 0.01288905964942180064, 0.04410757410786769750, 0.1337743958882280093 ) ) ;
#5886 = VECTOR ( 'NONE', #2477, 1.000000000000000000 ) ;
#5887 = FACE_OUTER_BOUND ( 'NONE', #287, .T. ) ;
#5888 = CARTESIAN_POINT ( 'NONE',  ( 0.08552858586567152477, 0.05010757410786770283, 0.08813644304095101523 ) ) ;
#5889 = EDGE_LOOP ( 'NONE', ( #8255, #3613, #3029, #2650, #9216 ) ) ;
#5890 = CARTESIAN_POINT ( 'NONE',  ( 0.002112336620557649786, 0.03610757410786769733, 0.05376601885954650217 ) ) ;
#5891 = CARTESIAN_POINT ( 'NONE',  ( 0.07820684850998949056, 0.04013149646609389526, 0.1290706928199333581 ) ) ;
#5892 = ORIENTED_EDGE ( 'NONE', *, *, #5666, .F. ) ;
#5893 = CARTESIAN_POINT ( 'NONE',  ( 0.07704815112993960990, 0.04014137753256222241, 0.05564255573229281299 ) ) ;
#5894 = ADVANCED_FACE ( 'NONE', ( #6190 ), #2615, .F. ) ;
#5895 = B_SPLINE_SURFACE_WITH_KNOTS ( 'NONE', 3, 3, ( 
 ( #9322, #2252, #1408, #8659 ),
 ( #1549, #9235, #7101, #34 ),
 ( #2779, #1454, #83, #3481 ),
 ( #7056, #4229, #8001, #664 ),
 ( #3528, #6400, #2824, #8564 ) ),
 .UNSPECIFIED., .F., .F., .F.,
 ( 4, 1, 4 ),
 ( 4, 4 ),
 ( 0.000000000000000000, 0.5714285714285709528, 1.000000000000000000 ),
 ( 0.000000000000000000, 0.03303332443842000449 ),
 .UNSPECIFIED. ) ;
#5896 = CARTESIAN_POINT ( 'NONE',  ( -0.002974457048296230526, 0.05199502663754498183, 0.06546728440008145466 ) ) ;
#5897 = EDGE_CURVE ( 'NONE', #7990, #4647, #7655, .T. ) ;
#5898 = CIRCLE ( 'NONE', #191, 0.001699999999999989931 ) ;
#5899 = CARTESIAN_POINT ( 'NONE',  ( -0.0002640601287426058122, 0.04281196371074348639, 0.06484088924062252068 ) ) ;
#5900 = DIRECTION ( 'NONE',  ( 5.979188663871559846E-17, 1.000000000000000000, -7.523851983841548700E-18 ) ) ;
#5902 = CARTESIAN_POINT ( 'NONE',  ( 0.07650812162413714312, 0.04160089266253514523, 0.03857995312827087325 ) ) ;
#5901 = AXIS2_PLACEMENT_3D ( 'NONE', #6609, #153, #1619 ) ;
#5903 = EDGE_CURVE ( 'NONE', #6251, #6395, #1206, .T. ) ;
#5904 = ORIENTED_EDGE ( 'NONE', *, *, #4146, .T. ) ;
#5905 = CARTESIAN_POINT ( 'NONE',  ( 0.005642602299434489391, 0.04728566457157939995, 0.05872673638796519630 ) ) ;
#5906 = FACE_BOUND ( 'NONE', #5440, .T. ) ;
#5907 = CYLINDRICAL_SURFACE ( 'NONE', #7835, 0.003000000000000003098 ) ;
#5908 = ORIENTED_EDGE ( 'NONE', *, *, #6535, .T. ) ;
#5909 = VECTOR ( 'NONE', #3860, 1.000000000000000000 ) ;
#5910 = CARTESIAN_POINT ( 'NONE',  ( 0.04077925308366790041, 0.05200000073015689783, 0.09287956601695539216 ) ) ;
#5911 = CARTESIAN_POINT ( 'NONE',  ( 0.007000192585612219007, 0.04950000073015688867, 0.1396632629144029802 ) ) ;
#5912 = ORIENTED_EDGE ( 'NONE', *, *, #4777, .T. ) ;
#5913 = CALENDAR_DATE ( 2026, 6, 9 ) ;
#5914 = LINE ( 'NONE', #8042, #4526 ) ;
#5915 = DIRECTION ( 'NONE',  ( 0.5000000015976900913, -0.7071067811865480168, -0.4999999984023091870 ) ) ;
#5916 = VERTEX_POINT ( 'NONE', #3370 ) ;
#5917 = DIRECTION ( 'NONE',  ( 5.979188663871559846E-17, 1.000000000000000000, -7.523851983841539456E-18 ) ) ;
#5918 = CARTESIAN_POINT ( 'NONE',  ( 0.05995428840624070221, 0.07410757410786771027, 0.1059898871563509926 ) ) ;
#5919 = CARTESIAN_POINT ( 'NONE',  ( 0.08756294998111605055, 0.04950000073015689561, 0.1266586265150109469 ) ) ;
#5920 = CARTESIAN_POINT ( 'NONE',  ( 0.01801410644614880041, 0.04149488281584000349, 0.04876476059716519651 ) ) ;
#5921 = DIRECTION ( 'NONE',  ( -0.9999835139982308219, 5.974769818641938370E-17, -0.005742101684089249113 ) ) ;
#5922 = CARTESIAN_POINT ( 'NONE',  ( 0.08381081682108904030, 0.05200023829782536577, 0.1179930760577473786 ) ) ;
#5923 = CARTESIAN_POINT ( 'NONE',  ( 0.08952282972898586988, 0.04847384184098816468, 0.09788644720218563078 ) ) ;
#5924 = ORIENTED_EDGE ( 'NONE', *, *, #1836, .F. ) ;
#5925 = ORIENTED_EDGE ( 'NONE', *, *, #5044, .T. ) ;
#5926 = CARTESIAN_POINT ( 'NONE',  ( 0.002122098193420601797, 0.04010757410786770089, 0.05206604688574950623 ) ) ;
#5927 = ORIENTED_EDGE ( 'NONE', *, *, #5532, .F. ) ;
#5928 = CYLINDRICAL_SURFACE ( 'NONE', #7416, 0.001299999999999997555 ) ;
#5929 = EDGE_CURVE ( 'NONE', #502, #2187, #7751, .T. ) ;
#5930 = DIRECTION ( 'NONE',  ( -0.7071067789270735204, 2.949421052240647550E-17, -0.7071067834460215140 ) ) ;
#5931 = ORIENTED_EDGE ( 'NONE', *, *, #1008, .T. ) ;
#5932 = DIRECTION ( 'NONE',  ( 1.000000000000000000, 0.000000000000000000, 0.000000000000000000 ) ) ;
#5933 = CARTESIAN_POINT ( 'NONE',  ( 0.07883760218883592574, 0.04010850364464414730, 0.1289002729794939683 ) ) ;
#5934 = ORIENTED_EDGE ( 'NONE', *, *, #8501, .T. ) ;
#5935 = B_SPLINE_CURVE_WITH_KNOTS ( 'NONE', 3,
 ( #3502, #7121, #6375, #5800, #1331, #8630, #3545, #4954, #1378, #7781, #8583, #4344, #724, #7825, #8678, #3586 ),
 .UNSPECIFIED., .F., .F.,
 ( 4, 2, 1, 1, 1, 1, 2, 2, 2, 4 ),
 ( 0.4026414393703787731, 0.4049748712478336565, 0.4073083031252884845, 0.4119751668802030808, 0.4213088943900409333, 0.4399763494097116423, 0.4773112594490582228, 0.5519810795277598769, 0.7013207196851658498, 1.000000000000000000 ),
 .UNSPECIFIED. ) ;
#5936 = CARTESIAN_POINT ( 'NONE',  ( 0.01824534580416940083, 0.04308286378768050318, 0.1363920150993020164 ) ) ;
#5937 = CYLINDRICAL_SURFACE ( 'NONE', #518, 0.005000000000000000104 ) ;
#5938 = CARTESIAN_POINT ( 'NONE',  ( 0.07541020799580480660, 0.04728441346042842192, 0.05820765307688643281 ) ) ;
#5939 = CIRCLE ( 'NONE', #8600, 0.04900000000000002270 ) ;
#5940 = CARTESIAN_POINT ( 'NONE',  ( 0.01534170691634239789, 0.04454410714497550328, 0.1360835246798270948 ) ) ;
#5941 = CARTESIAN_POINT ( 'NONE',  ( 0.04077925308366790041, 0.04010757410786770089, 0.09287956601695539216 ) ) ;
#5942 = ORIENTED_EDGE ( 'NONE', *, *, #7689, .F. ) ;
#5943 = CARTESIAN_POINT ( 'NONE',  ( -0.002576312963701806163, 0.05200009454749845300, 0.1177093477738422184 ) ) ;
#5944 = CIRCLE ( 'NONE', #5649, 0.003150000000000011732 ) ;
#5945 = DIRECTION ( 'NONE',  ( -1.000000000000000000, 5.979188663871559846E-17, 0.000000000000000000 ) ) ;
#5946 = ADVANCED_FACE ( 'NONE', ( #503 ), #6237, .F. ) ;
#5947 = FACE_OUTER_BOUND ( 'NONE', #1681, .T. ) ;
#5948 = ORIENTED_EDGE ( 'NONE', *, *, #3618, .T. ) ;
#5949 = CARTESIAN_POINT ( 'NONE',  ( 0.08780854682845690151, 0.04010757410786770089, 0.1170365839135760061 ) ) ;
#5950 = EDGE_CURVE ( 'NONE', #1040, #4647, #7560, .T. ) ;
#5951 = DIRECTION ( 'NONE',  ( -5.979188663871559846E-17, -1.000000000000000000, 7.523851983841548700E-18 ) ) ;
#5952 = ORIENTED_EDGE ( 'NONE', *, *, #4146, .F. ) ;
#5953 = AXIS2_PLACEMENT_3D ( 'NONE', #8783, #5708, #1477 ) ;
#5954 = PERSON_AND_ORGANIZATION ( #633, #8323 ) ;
#5955 = CARTESIAN_POINT ( 'NONE',  ( 0.07858234245782790006, 0.05200000073015689783, 0.1457560866453899984 ) ) ;
#5956 = CARTESIAN_POINT ( 'NONE',  ( 0.04077925308366790041, 0.09210757410786771238, 0.09287956601695539216 ) ) ;
#5957 = VERTEX_POINT ( 'NONE', #738 ) ;
#5958 = CARTESIAN_POINT ( 'NONE',  ( 0.008207562741964427241, 0.04880183546213216067, 0.1301533397163635031 ) ) ;
#5959 = AXIS2_PLACEMENT_3D ( 'NONE', #5169, #7939, #879 ) ;
#5960 = CARTESIAN_POINT ( 'NONE',  ( 0.08640090725345919709, 0.04048061862987839543, 0.06900678572269110245 ) ) ;
#5961 = DIRECTION ( 'NONE',  ( -0.9999835139982307108, 0.000000000000000000, -0.005742101684093656178 ) ) ;
#5962 = CARTESIAN_POINT ( 'NONE',  ( 0.01330957689741840005, 0.04510757410786769839, 0.04800893466535029880 ) ) ;
#5963 = EDGE_CURVE ( 'NONE', #856, #4932, #1238, .T. ) ;
#5964 = CARTESIAN_POINT ( 'NONE',  ( 0.07277362067093999520, 0.04954144386583705928, 0.05576644546949000719 ) ) ;
#5965 = CARTESIAN_POINT ( 'NONE',  ( 0.08392247269335874338, 0.05200240991823542464, 0.1165060424249509397 ) ) ;
#5966 = CARTESIAN_POINT ( 'NONE',  ( 0.08955448297977915140, 0.04773985041733876805, 0.09757569862202146449 ) ) ;
#5967 = ORIENTED_EDGE ( 'NONE', *, *, #8284, .T. ) ;
#5968 = ORIENTED_EDGE ( 'NONE', *, *, #4410, .T. ) ;
#5969 = CARTESIAN_POINT ( 'NONE',  ( 0.006957857471560708468, 0.04722238199066914471, 0.05673432965553532048 ) ) ;
#5970 = EDGE_LOOP ( 'NONE', ( #7268, #5086, #5789, #331 ) ) ;
#5971 = CARTESIAN_POINT ( 'NONE',  ( 0.08928007514933299082, 0.04010757410786770089, 0.1361539263121080146 ) ) ;
#5972 = CARTESIAN_POINT ( 'NONE',  ( 0.002561027348533995510, 0.04011042991352834625, 0.1301013387099455854 ) ) ;
#5973 = EDGE_CURVE ( 'NONE', #7444, #1757, #1531, .T. ) ;
#5974 = EDGE_CURVE ( 'NONE', #7247, #190, #8507, .T. ) ;
#5975 = ADVANCED_FACE ( 'NONE', ( #7039 ), #5113, .F. ) ;
#5976 = CARTESIAN_POINT ( 'NONE',  ( 0.08568831335956637874, 0.05401617449000296195, 0.09001946284053775893 ) ) ;
#5977 = ORIENTED_EDGE ( 'NONE', *, *, #1557, .F. ) ;
#5978 = EDGE_CURVE ( 'NONE', #1736, #1413, #8353, .T. ) ;
#5979 = CYLINDRICAL_SURFACE ( 'NONE', #36, 0.001700000000000000122 ) ;
#5980 = CARTESIAN_POINT ( 'NONE',  ( 0.05027510273248229911, 0.03610757410786769733, 0.08504784961973550772 ) ) ;
#5981 = ORIENTED_EDGE ( 'NONE', *, *, #4809, .F. ) ;
#5982 = CARTESIAN_POINT ( 'NONE',  ( 0.08548032867527799450, 0.04922860618764191010, 0.09805780002229107228 ) ) ;
#5983 = CYLINDRICAL_SURFACE ( 'NONE', #1714, 0.003000000000000000062 ) ;
#5984 = CARTESIAN_POINT ( 'NONE',  ( -0.001723274860532458992, 0.04050810331605859960, 0.06338167449950718457 ) ) ;
#5985 = CARTESIAN_POINT ( 'NONE',  ( 0.07493208271265809628, 0.04728566457157939995, 0.05774291523272200022 ) ) ;
#5986 = CARTESIAN_POINT ( 'NONE',  ( 0.07652634467476412961, 0.04162265302174933401, 0.03859194603746798902 ) ) ;
#5987 = VERTEX_POINT ( 'NONE', #7936 ) ;
#5988 = DIRECTION ( 'NONE',  ( 0.005742101684089277736, 0.000000000000000000, -0.9999835139982307108 ) ) ;
#5989 = CARTESIAN_POINT ( 'NONE',  ( 0.08444236186786530096, 0.04415657025026400312, 0.1151176624125409970 ) ) ;
#5990 = CARTESIAN_POINT ( 'NONE',  ( 0.08777793826941279742, 0.04432088081784599926, 0.1537436725756310130 ) ) ;
#5991 = VERTEX_POINT ( 'NONE', #7134 ) ;
#5992 = B_SPLINE_CURVE_WITH_KNOTS ( 'NONE', 3,
 ( #1640, #933, #3183, #8091, #269 ),
 .UNSPECIFIED., .F., .F.,
 ( 4, 1, 4 ),
 ( 0.000000000000000000, 0.4285714285714290472, 1.000000000000000000 ),
 .UNSPECIFIED. ) ;
#5993 = FACE_OUTER_BOUND ( 'NONE', #6946, .T. ) ;
#5994 = CARTESIAN_POINT ( 'NONE',  ( 0.06819151666861378303, 0.05199502837448041759, 0.04912585900579814757 ) ) ;
#5995 = ORIENTED_EDGE ( 'NONE', *, *, #4520, .F. ) ;
#5996 = CARTESIAN_POINT ( 'NONE',  ( 0.04077925308366800450, 0.04010757410786770089, 0.09287956601695539216 ) ) ;
#5997 = CARTESIAN_POINT ( 'NONE',  ( 0.005642602299434489391, 0.04728566457157939995, 0.05872673638796519630 ) ) ;
#5998 = ORIENTED_EDGE ( 'NONE', *, *, #5784, .T. ) ;
#5999 = CARTESIAN_POINT ( 'NONE',  ( 0.008191069728804028019, 0.04876234270563160195, 0.1301389033207653589 ) ) ;
#6000 = CARTESIAN_POINT ( 'NONE',  ( 0.08528656861694210167, 0.04117969342213190220, 0.07076510950299540192 ) ) ;
#6001 = PLANE ( 'NONE',  #3787 ) ;
#6002 = CARTESIAN_POINT ( 'NONE',  ( 0.01393819036725089944, 0.04492977536839400099, 0.04863754813920019571 ) ) ;
#6003 = CARTESIAN_POINT ( 'NONE',  ( 0.004196410323163573403, 0.04818204933767356035, 0.06028055352337425427 ) ) ;
#6004 = AXIS2_PLACEMENT_3D ( 'NONE', #4740, #7608, #5694 ) ;
#6005 = CIRCLE ( 'NONE', #2711, 0.04900000000000002270 ) ;
#6006 = EDGE_CURVE ( 'NONE', #8777, #3252, #8156, .T. ) ;
#6007 = ADVANCED_FACE ( 'NONE', ( #2053 ), #2948, .F. ) ;
#6008 = CARTESIAN_POINT ( 'NONE',  ( 0.03095735511281090188, 0.04510757410786769839, 0.05858564515906530129 ) ) ;
#6009 = CARTESIAN_POINT ( 'NONE',  ( 0.08960753846811041201, 0.04687839161172614733, 0.09698211058305665488 ) ) ;
#6010 = VERTEX_POINT ( 'NONE', #1343 ) ;
#6011 = ORIENTED_EDGE ( 'NONE', *, *, #5622, .F. ) ;
#6012 = EDGE_CURVE ( 'NONE', #8979, #757, #3556, .T. ) ;
#6013 = CARTESIAN_POINT ( 'NONE',  ( 0.01580582456910750028, 0.04990270069763820537, 0.04970614164539750163 ) ) ;
#6014 = CARTESIAN_POINT ( 'NONE',  ( 0.01336699951340638778, 0.05199502933918989656, 0.1366332712951141282 ) ) ;
#6015 = CARTESIAN_POINT ( 'NONE',  ( 0.07801672032943306190, 0.04011069090081201965, 0.1310728658359903709 ) ) ;
#6016 = CARTESIAN_POINT ( 'NONE',  ( 0.08552800147111049023, 0.05232529796970854935, 0.09762988342605152803 ) ) ;
#6017 = EDGE_LOOP ( 'NONE', ( #7238, #8155, #7687, #8277, #1225 ) ) ;
#6019 = ORIENTED_EDGE ( 'NONE', *, *, #3458, .T. ) ;
#6018 = AXIS2_PLACEMENT_3D ( 'NONE', #8841, #5173, #2999 ) ;
#6020 = DIRECTION ( 'NONE',  ( 5.979188663871559846E-17, 1.000000000000000000, -7.523851983841548700E-18 ) ) ;
#6021 = CARTESIAN_POINT ( 'NONE',  ( 0.05995428840624070221, 0.04010757410786770089, 0.1059898871563509926 ) ) ;
#6022 = EDGE_CURVE ( 'NONE', #7726, #1635, #1439, .T. ) ;
#6023 = ORIENTED_EDGE ( 'NONE', *, *, #6300, .T. ) ;
#6024 = CARTESIAN_POINT ( 'NONE',  ( 0.01539102675010649984, 0.04223541416498330370, 0.1363172588414820197 ) ) ;
#6025 = AXIS2_PLACEMENT_3D ( 'NONE', #4484, #4443, #5198 ) ;
#6026 = EDGE_CURVE ( 'NONE', #6395, #3686, #8646, .T. ) ;
#6027 = EDGE_CURVE ( 'NONE', #7262, #5301, #3291, .T. ) ;
#6028 = CARTESIAN_POINT ( 'NONE',  ( -0.004091378267937140038, 0.04510757410786769839, 0.1203492422032050035 ) ) ;
#6029 = CARTESIAN_POINT ( 'NONE',  ( 0.08602266305352479492, 0.04066549790769059813, 0.1179209374823419892 ) ) ;
#6030 = DIRECTION ( 'NONE',  ( -0.9999835139982308219, 5.974769818641938370E-17, -0.005742101684089249113 ) ) ;
#6031 = CIRCLE ( 'NONE', #6949, 0.001699999999999989931 ) ;
#6032 = CARTESIAN_POINT ( 'NONE',  ( 0.06552529727760139644, 0.09210757410786771238, 0.1363520900861016349 ) ) ;
#6033 = VERTEX_POINT ( 'NONE', #8691 ) ;
#6034 = CARTESIAN_POINT ( 'NONE',  ( -0.002767391776087172947, 0.05200604797320583506, 0.1154879430078100261 ) ) ;
#6035 = FACE_BOUND ( 'NONE', #4434, .T. ) ;
#6036 = DIRECTION ( 'NONE',  ( 0.005742101684089277736, 0.000000000000000000, -0.9999835139982307108 ) ) ;
#6037 = CARTESIAN_POINT ( 'NONE',  ( -0.001181064857626239238, 0.04145169905674173788, 0.1209744627061289796 ) ) ;
#6038 = TOROIDAL_SURFACE ( 'NONE', #7406, 0.05249999999999999806, 0.004000000000000000083 ) ;
#6039 = CARTESIAN_POINT ( 'NONE',  ( -0.002809487789006650214, 0.05199997678118530031, 0.07049589421795800226 ) ) ;
#6040 = ADVANCED_FACE ( 'NONE', ( #2191 ), #5676, .F. ) ;
#6041 = LINE ( 'NONE', #2381, #6417 ) ;
#6042 = ORIENTED_EDGE ( 'NONE', *, *, #8813, .F. ) ;
#6043 = VECTOR ( 'NONE', #8565, 1.000000000000000000 ) ;
#6044 = PLANE ( 'NONE',  #2137 ) ;
#6045 = AXIS2_PLACEMENT_3D ( 'NONE', #2098, #8653, #4271 ) ;
#6046 = CARTESIAN_POINT ( 'NONE',  ( 0.07743682473453633586, 0.04776183260471765502, 0.1261430328805266399 ) ) ;
#6047 = CARTESIAN_POINT ( 'NONE',  ( 0.01273642928369359863, 0.04985783708471710346, 0.1374625601476159864 ) ) ;
#6048 = ORIENTED_EDGE ( 'NONE', *, *, #8404, .T. ) ;
#6049 = LINE ( 'NONE', #4641, #3851 ) ;
#6050 = APPROVAL_PERSON_ORGANIZATION ( #6756, #9313, #5819 ) ;
#6051 = CARTESIAN_POINT ( 'NONE',  ( -0.003282735652107500110, 0.04410757410786769750, 0.1143164769102810036 ) ) ;
#6052 = DIRECTION ( 'NONE',  ( -6.150929329265279126E-17, -1.000000000000000000, 3.066091756601370156E-16 ) ) ;
#6053 = VECTOR ( 'NONE', #2390, 1.000000000000000000 ) ;
#6054 = DIRECTION ( 'NONE',  ( -0.005742101684089277736, 0.000000000000000000, 0.9999835139982307108 ) ) ;
#6055 = CARTESIAN_POINT ( 'NONE',  ( 0.06528654298900699038, 0.09210757410786771238, 0.04476103796906440169 ) ) ;
#6056 = CARTESIAN_POINT ( 'NONE',  ( 0.04077925308366790041, 0.05200000073015689783, 0.09287956601695539216 ) ) ;
#6057 = VERTEX_POINT ( 'NONE', #2236 ) ;
#6058 = CARTESIAN_POINT ( 'NONE',  ( 0.01800800564666540232, 0.04419356769172799737, 0.1362711351746219990 ) ) ;
#6059 = LINE ( 'NONE', #8941, #5297 ) ;
#6060 = CARTESIAN_POINT ( 'NONE',  ( 0.08975432294065786853, 0.04546001713452512555, 0.09131657351720767757 ) ) ;
#6061 = ORIENTED_EDGE ( 'NONE', *, *, #8256, .T. ) ;
#6062 = EDGE_LOOP ( 'NONE', ( #102, #7374, #4127, #5163, #1876, #4422 ) ) ;
#6063 = ADVANCED_FACE ( 'NONE', ( #5019 ), #7889, .F. ) ;
#6064 = CARTESIAN_POINT ( 'NONE',  ( 0.01384800469561900046, 0.05208060573872559662, 0.04887369605760990415 ) ) ;
#6065 = EDGE_CURVE ( 'NONE', #3952, #4795, #7837, .T. ) ;
#6066 = FACE_OUTER_BOUND ( 'NONE', #3921, .T. ) ;
#6067 = CARTESIAN_POINT ( 'NONE',  ( 0.009104423836117259139, 0.03610757410786769733, 0.07969746860650860076 ) ) ;
#6068 = EDGE_CURVE ( 'NONE', #3066, #6786, #875, .T. ) ;
#6069 = CARTESIAN_POINT ( 'NONE',  ( -0.003673118898390300043, 0.04283852358160060436, 0.1194344492677369973 ) ) ;
#6070 = ORIENTED_EDGE ( 'NONE', *, *, #5897, .T. ) ;
#6071 = ORIENTED_EDGE ( 'NONE', *, *, #8554, .T. ) ;
#6072 = CARTESIAN_POINT ( 'NONE',  ( 0.06882207688364230802, 0.04510757410786769839, 0.04829657188629449954 ) ) ;
#6073 = DIRECTION ( 'NONE',  ( -0.7714673720191902451, 5.091468256525670572E-17, 0.6362688849140781810 ) ) ;
#6074 = ORIENTED_EDGE ( 'NONE', *, *, #3435, .F. ) ;
#6075 = CARTESIAN_POINT ( 'NONE',  ( 0.08569495130044572917, 0.04577132582247439574, 0.09564700697733649615 ) ) ;
#6076 = B_SPLINE_CURVE_WITH_KNOTS ( 'NONE', 3,
 ( #6051, #1956, #4690, #5540, #1909 ),
 .UNSPECIFIED., .F., .F.,
 ( 4, 1, 4 ),
 ( 0.000000000000000000, 0.4285714285714290472, 1.000000000000000000 ),
 .UNSPECIFIED. ) ;
#6077 = CARTESIAN_POINT ( 'NONE',  ( 0.05060115105452499956, 0.04510757410786769839, 0.1271734868748460034 ) ) ;
#6078 = DIRECTION ( 'NONE',  ( 0.005742101684089199673, 0.000000000000000000, -0.9999835139982305998 ) ) ;
#6079 = FACE_OUTER_BOUND ( 'NONE', #4503, .T. ) ;
#6080 = CARTESIAN_POINT ( 'NONE',  ( 0.01026042649284429967, 0.04950000073015689561, 0.04849531815851999828 ) ) ;
#6081 = EDGE_LOOP ( 'NONE', ( #8376, #1028, #90, #1194 ) ) ;
#6082 = CARTESIAN_POINT ( 'NONE',  ( 0.07794202849058760874, 0.05032954500249260665, 0.1248158795809040100 ) ) ;
#6083 = CARTESIAN_POINT ( 'NONE',  ( 0.08481400340707009877, 0.04121964245840509938, 0.1163259681740059920 ) ) ;
#6084 = CARTESIAN_POINT ( 'NONE',  ( 0.04077925308366790041, 0.09210757410786771238, 0.09287956601695539216 ) ) ;
#6085 = DIRECTION ( 'NONE',  ( 5.898059818321139191E-17, 1.000000000000000000, -7.523851983841539456E-18 ) ) ;
#6086 = CARTESIAN_POINT ( 'NONE',  ( 0.002021564928171565214, 0.07410757410786771027, 0.07965679743994021067 ) ) ;
#6087 = FACE_OUTER_BOUND ( 'NONE', #7524, .T. ) ;
#6088 = VERTEX_POINT ( 'NONE', #5337 ) ;
#6089 = CARTESIAN_POINT ( 'NONE',  ( 0.01662223518704120107, 0.04010757410786770089, 0.1399088597617410001 ) ) ;
#6090 = VECTOR ( 'NONE', #6249, 1.000000000000000000 ) ;
#6091 = DIRECTION ( 'NONE',  ( -0.004060279039082150682, 0.7071067811865479058, 0.7070951238229014058 ) ) ;
#6092 = CARTESIAN_POINT ( 'NONE',  ( 0.002112336620557649786, 0.04010757410786770089, 0.05376601885954650217 ) ) ;
#6093 = ORIENTED_EDGE ( 'NONE', *, *, #4196, .T. ) ;
#6094 = CARTESIAN_POINT ( 'NONE',  ( -0.003934524877136890038, 0.05132137481413519969, 0.1203139266942439972 ) ) ;
#6095 = EDGE_CURVE ( 'NONE', #4917, #965, #3412, .T. ) ;
#6096 = CARTESIAN_POINT ( 'NONE',  ( 0.07514390462206711752, 0.04082056427208036187, 0.1480511005547968384 ) ) ;
#6097 = DIRECTION ( 'NONE',  ( -0.7071067789270740755, 4.622231866529370974E-32, -0.7071067834460210699 ) ) ;
#6098 = CARTESIAN_POINT ( 'NONE',  ( 0.006501107220808060097, 0.06690757410786771220, 0.09768281660426650359 ) ) ;
#6099 = CIRCLE ( 'NONE', #7316, 0.001299999999999997555 ) ;
#6100 = VECTOR ( 'NONE', #7319, 1.000000000000000000 ) ;
#6101 = CARTESIAN_POINT ( 'NONE',  ( 0.06493417941483729805, 0.04024622836390250036, 0.04695763017462690342 ) ) ;
#6102 = DIRECTION ( 'NONE',  ( 2.826069150446299875E-17, 1.000000000000000000, -7.704910297450960016E-18 ) ) ;
#6103 = ORIENTED_EDGE ( 'NONE', *, *, #7366, .F. ) ;
#6104 = DIRECTION ( 'NONE',  ( -0.7071067789270735204, 3.695908159165667450E-17, -0.7071067834460215140 ) ) ;
#6105 = CARTESIAN_POINT ( 'NONE',  ( -0.003803741046992940161, 0.04510757410786769839, 0.06483674221698100537 ) ) ;
#6106 = CARTESIAN_POINT ( 'NONE',  ( 0.08398321728669791431, 0.04985783731134303676, 0.1183169730239048284 ) ) ;
#6107 = CARTESIAN_POINT ( 'NONE',  ( 0.08425250230495938408, 0.04452477093236839600, 0.06813354847978263240 ) ) ;
#6108 = ORIENTED_EDGE ( 'NONE', *, *, #1666, .F. ) ;
#6109 = VERTEX_POINT ( 'NONE', #6749 ) ;
#6110 = FACE_OUTER_BOUND ( 'NONE', #706, .T. ) ;
#6111 = DIRECTION ( 'NONE',  ( -5.979188663871559846E-17, -1.000000000000000000, 7.523851983841579515E-18 ) ) ;
#6112 = CARTESIAN_POINT ( 'NONE',  ( 0.01502309838694979895, 0.04990270069763821231, 0.04915839760641357858 ) ) ;
#6113 = B_SPLINE_CURVE_WITH_KNOTS ( 'NONE', 3,
 ( #7460, #922, #1535, #1672, #4457, #8792 ),
 .UNSPECIFIED., .F., .F.,
 ( 4, 2, 4 ),
 ( 0.4999997771357180265, 0.7499998885678589300, 1.000000000000000000 ),
 .UNSPECIFIED. ) ;
#6114 = CARTESIAN_POINT ( 'NONE',  ( -0.003572522702219799954, 0.04441895676768399526, 0.1198303866408040042 ) ) ;
#6115 = VERTEX_POINT ( 'NONE', #8740 ) ;
#6116 = ORIENTED_EDGE ( 'NONE', *, *, #5479, .F. ) ;
#6117 = CARTESIAN_POINT ( 'NONE',  ( 0.003450462246150044418, 0.04810346070780919386, 0.1253881990299051397 ) ) ;
#6118 = CARTESIAN_POINT ( 'NONE',  ( 0.004264464295756329945, 0.04288611700366252305, 0.1466538654283421894 ) ) ;
#6119 = ORIENTED_EDGE ( 'NONE', *, *, #7425, .T. ) ;
#6120 = CARTESIAN_POINT ( 'NONE',  ( 0.01476743171910950038, 0.04136253318529770073, 0.1375622402455969895 ) ) ;
#6121 = CARTESIAN_POINT ( 'NONE',  ( 0.01906123509881689840, 0.04990270069763820537, 0.04895545310832979946 ) ) ;
#6122 = CARTESIAN_POINT ( 'NONE',  ( -0.005573700798518889908, 0.04035255481984920123, 0.06795162450619039729 ) ) ;
#6123 = CARTESIAN_POINT ( 'NONE',  ( 0.04077925308366790041, 0.04010757410786770089, 0.09287956601695539216 ) ) ;
#6124 = CARTESIAN_POINT ( 'NONE',  ( -0.002853989573180529867, 0.04950000073015689561, 0.05164435802794260094 ) ) ;
#6125 = EDGE_CURVE ( 'NONE', #8993, #1715, #6780, .T. ) ;
#6126 = ORIENTED_EDGE ( 'NONE', *, *, #3660, .F. ) ;
#6127 = FACE_OUTER_BOUND ( 'NONE', #7954, .T. ) ;
#6128 = EDGE_CURVE ( 'NONE', #8816, #9166, #3819, .T. ) ;
#6129 = CARTESIAN_POINT ( 'NONE',  ( -0.007721568981997130147, 0.05200000073015689783, 0.04960520572180260324 ) ) ;
#6130 = B_SPLINE_CURVE_WITH_KNOTS ( 'NONE', 3,
 ( #3363, #3506, #4911, #8498, #6181 ),
 .UNSPECIFIED., .F., .F.,
 ( 4, 1, 4 ),
 ( 0.000000000000000000, 0.4285714285714290472, 1.000000000000000000 ),
 .UNSPECIFIED. ) ;
#6131 = CARTESIAN_POINT ( 'NONE',  ( -0.001381280552294089723, 0.04117636887388922279, 0.1211746783995172883 ) ) ;
#6132 = CARTESIAN_POINT ( 'NONE',  ( 0.008391200433339006740, 0.04846884057260877898, 0.1296503953309911528 ) ) ;
#6133 = CARTESIAN_POINT ( 'NONE',  ( 0.06460518465058209814, 0.05200022494867617001, 0.04977549608631225836 ) ) ;
#6134 = CARTESIAN_POINT ( 'NONE',  ( 0.07862850401572890613, 0.04950000073015990015, 0.06097840296790819903 ) ) ;
#6135 = CARTESIAN_POINT ( 'NONE',  ( 0.08547116484883063303, 0.05010757410786770283, 0.09813627818093333122 ) ) ;
#6136 = FACE_OUTER_BOUND ( 'NONE', #593, .T. ) ;
#6137 = VERTEX_POINT ( 'NONE', #3166 ) ;
#6138 = CARTESIAN_POINT ( 'NONE',  ( -0.003418827585189019788, 0.05063850073176880129, 0.1196536033764129953 ) ) ;
#6139 = CARTESIAN_POINT ( 'NONE',  ( 0.06818427371368131207, 0.05061387553500390490, 0.1376855418119110053 ) ) ;
#6140 = CARTESIAN_POINT ( 'NONE',  ( 0.08475505919907860841, 0.04322991009745380531, 0.07126470716499520852 ) ) ;
#6141 = CARTESIAN_POINT ( 'NONE',  ( 0.04077925308366790041, 0.04010757410786770089, 0.09287956601695539216 ) ) ;
#6142 = ADVANCED_FACE ( 'NONE', ( #5906, #6035, #4454 ), #7367, .F. ) ;
#6143 = CARTESIAN_POINT ( 'NONE',  ( 0.06301734947925340113, 0.04415657025026400312, 0.04921645723275799855 ) ) ;
#6144 = CARTESIAN_POINT ( 'NONE',  ( 0.008878090034620740242, 0.04950000073015990015, 0.05503031508489450441 ) ) ;
#6145 = EDGE_CURVE ( 'NONE', #3192, #2151, #2175, .T. ) ;
#6146 = VERTEX_POINT ( 'NONE', #158 ) ;
#6147 = DIRECTION ( 'NONE',  ( 5.979188663871559846E-17, 1.000000000000000000, -7.523851983841539456E-18 ) ) ;
#6148 = EDGE_CURVE ( 'NONE', #1664, #1743, #4697, .T. ) ;
#6149 = CARTESIAN_POINT ( 'NONE',  ( 0.04077925308366790041, 0.03610757410786769733, 0.09287956601695539216 ) ) ;
#6150 = CARTESIAN_POINT ( 'NONE',  ( 0.08167408295494059389, 0.04410757410786769750, 0.1207697594512019967 ) ) ;
#6151 = CARTESIAN_POINT ( 'NONE',  ( 0.08958846493854703830, 0.04814813551781645801, 0.08855965838934697076 ) ) ;
#6152 = ORIENTED_EDGE ( 'NONE', *, *, #7139, .T. ) ;
#6153 = ORIENTED_EDGE ( 'NONE', *, *, #6645, .F. ) ;
#6154 = CARTESIAN_POINT ( 'NONE',  ( 0.01330957689741830118, 0.04990270069763820537, 0.04800893466535029880 ) ) ;
#6155 = AXIS2_PLACEMENT_3D ( 'NONE', #5088, #7956, #4475 ) ;
#6156 = CARTESIAN_POINT ( 'NONE',  ( -0.0004559549053448820220, 0.05200000073015689783, 0.1365128086738039981 ) ) ;
#6157 = CARTESIAN_POINT ( 'NONE',  ( 0.07800310204240494538, 0.04011046516494483349, 0.1310944572807016817 ) ) ;
#6158 = DATE_AND_TIME ( #2678, #4708 ) ;
#6159 = AXIS2_PLACEMENT_3D ( 'NONE', #8055, #5141, #3016 ) ;
#6160 = CARTESIAN_POINT ( 'NONE',  ( -0.003253226969470660122, 0.04487050912190279628, 0.1195110909100949997 ) ) ;
#6161 = ORIENTED_EDGE ( 'NONE', *, *, #7001, .T. ) ;
#6162 = VERTEX_POINT ( 'NONE', #3081 ) ;
#6163 = CARTESIAN_POINT ( 'NONE',  ( -0.004294590904672230397, 0.04165185588447257309, 0.06630501678425324008 ) ) ;
#6164 = CARTESIAN_POINT ( 'NONE',  ( 0.07662434661976533223, 0.04014212948186937635, 0.1305167877443907387 ) ) ;
#6165 = ORIENTED_EDGE ( 'NONE', *, *, #7047, .F. ) ;
#6166 = CARTESIAN_POINT ( 'NONE',  ( 0.08554214354206589321, 0.04898124013063646226, 0.08826613767455619708 ) ) ;
#6167 = CARTESIAN_POINT ( 'NONE',  ( 0.04077925308366790041, 0.04010757410786770089, 0.09287956601695539216 ) ) ;
#6168 = VECTOR ( 'NONE', #3562, 1.000000000000000000 ) ;
#6169 = DIRECTION ( 'NONE',  ( 5.979188663871559846E-17, 1.000000000000000000, -7.523851983841539456E-18 ) ) ;
#6170 = B_SPLINE_CURVE_WITH_KNOTS ( 'NONE', 3,
 ( #3549, #3589, #7125, #7828, #4567, #4958, #5, #8682, #4303, #7438, #5010, #5274, #7971, #6419, #3641, #727, #5804, #8586, #1699, #239, #2132, #989, #8148, #5972, #683, #7882, #7215 ),
 .UNSPECIFIED., .F., .F.,
 ( 4, 2, 2, 2, 1, 2, 2, 2, 2, 2, 1, 1, 2, 2, 4 ),
 ( 0.000000000000000000, 0.1250000000000469347, 0.1875000000000939804, 0.2187500000001173228, 0.2343750000001289802, 0.2421875000001197653, 0.2500000000001105782, 0.5000000000002547962, 0.6250000000003269607, 0.6875000000003467227, 0.7187500000003436140, 0.7343750000003420597, 0.7421875000003412826, 0.7500000000003406164, 1.000000000000000000 ),
 .UNSPECIFIED. ) ;
#6171 = DIRECTION ( 'NONE',  ( 0.6362688849140781810, -3.223931072108890541E-17, 0.7714673720191902451 ) ) ;
#6172 = CARTESIAN_POINT ( 'NONE',  ( 0.09540244938820049980, 0.04163003156913576419, 0.05764737717218604979 ) ) ;
#6173 = VERTEX_POINT ( 'NONE', #8119 ) ;
#6174 = DIRECTION ( 'NONE',  ( -0.6902684921683039931, 0.2169304578186495025, 0.6902684877569650324 ) ) ;
#6175 = AXIS2_PLACEMENT_3D ( 'NONE', #2994, #3745, #876 ) ;
#6176 = DIRECTION ( 'NONE',  ( -0.005742101684087874344, 0.000000000000000000, 0.9999835139982305998 ) ) ;
#6177 = LINE ( 'NONE', #4069, #1448 ) ;
#6178 = CIRCLE ( 'NONE', #4984, 0.003150000000000011732 ) ;
#6179 = EDGE_CURVE ( 'NONE', #617, #218, #2777, .T. ) ;
#6180 = ADVANCED_FACE ( 'NONE', ( #7412 ), #8077, .T. ) ;
#6181 = CARTESIAN_POINT ( 'NONE',  ( 0.01638196445576880003, 0.04037124799189970026, 0.04627618244815889792 ) ) ;
#6182 = DIRECTION ( 'NONE',  ( 1.000000000000000000, 0.000000000000000000, 0.000000000000000000 ) ) ;
#6183 = CARTESIAN_POINT ( 'NONE',  ( 0.08142079448119114715, 0.04950000073015689561, 0.05832527129492740686 ) ) ;
#6184 = CARTESIAN_POINT ( 'NONE',  ( 0.09328481081273530540, 0.05200000073015689783, 0.1311962256777289837 ) ) ;
#6185 = EDGE_CURVE ( 'NONE', #222, #5483, #4242, .T. ) ;
#6186 = VECTOR ( 'NONE', #1944, 1.000000000000000000 ) ;
#6187 = CARTESIAN_POINT ( 'NONE',  ( 0.08315726638621327715, 0.04092215427553268225, 0.06436697396920057490 ) ) ;
#6188 = DIRECTION ( 'NONE',  ( -0.9867282354188704474, 0.000000000000000000, -0.1623803849827991641 ) ) ;
#6189 = EDGE_LOOP ( 'NONE', ( #6235, #2079, #3257 ) ) ;
#6190 = FACE_OUTER_BOUND ( 'NONE', #1931, .T. ) ;
#6191 = CARTESIAN_POINT ( 'NONE',  ( 0.08589795735909103169, 0.04157227044279422634, 0.1193867448010459131 ) ) ;
#6192 = CIRCLE ( 'NONE', #8153, 0.05350000000000000588 ) ;
#6193 = CARTESIAN_POINT ( 'NONE',  ( 0.002112336620557649786, 0.04010757410786770089, 0.05376601885954650217 ) ) ;
#6194 = CARTESIAN_POINT ( 'NONE',  ( 0.06454226286027689441, 0.04010757410786770089, 0.04550531809303810099 ) ) ;
#6195 = VECTOR ( 'NONE', #6853, 1.000000000000000000 ) ;
#6196 = DIRECTION ( 'NONE',  ( 5.979188663871559846E-17, 1.000000000000000000, -7.523851983841548700E-18 ) ) ;
#6197 = ORIENTED_EDGE ( 'NONE', *, *, #1101, .T. ) ;
#6198 = CARTESIAN_POINT ( 'NONE',  ( 0.003545904198023379708, 0.04944205810526104000, 0.1461588179294686651 ) ) ;
#6199 = CARTESIAN_POINT ( 'NONE',  ( 0.001781902495953059792, 0.04697071701381140552, 0.1448815529707139782 ) ) ;
#6200 = VECTOR ( 'NONE', #8152, 1.000000000000000000 ) ;
#6201 = CARTESIAN_POINT ( 'NONE',  ( -0.002653623192643955395, 0.05199909924420185320, 0.1181613570495074483 ) ) ;
#6202 = DIRECTION ( 'NONE',  ( 0.6084652276582226404, 0.6902684899626357895, 0.3915347730349503785 ) ) ;
#6203 = ORIENTED_EDGE ( 'NONE', *, *, #8720, .T. ) ;
#6204 = ORIENTED_EDGE ( 'NONE', *, *, #4081, .T. ) ;
#6205 = B_SPLINE_CURVE_WITH_KNOTS ( 'NONE', 3,
 ( #4660, #8386, #5463, #3904, #1131, #2537, #422, #5413, #1222, #468, #8288, #6782, #4710, #1179, #7578, #4097, #4003, #327, #6874, #3293, #6015, #3199, #6157, #8899, #9087, #9041, #2583 ),
 .UNSPECIFIED., .F., .F.,
 ( 4, 2, 2, 2, 1, 2, 2, 2, 2, 2, 1, 1, 2, 2, 4 ),
 ( 0.000000000000000000, 0.1250000000002057521, 0.1875000000003085587, 0.2187500000003602396, 0.2343750000003774481, 0.2421875000003775869, 0.2500000000003776979, 0.5000000000002270406, 0.6250000000001516565, 0.6875000000000943690, 0.7187500000000537348, 0.7343750000000456302, 0.7421875000000358602, 0.7500000000000259792, 1.000000000000000000 ),
 .UNSPECIFIED. ) ;
#6206 = CARTESIAN_POINT ( 'NONE',  ( 0.01248414070109973156, 0.04117636887388000100, 0.05071903238098666999 ) ) ;
#6207 = B_SPLINE_CURVE_WITH_KNOTS ( 'NONE', 3,
 ( #8980, #6900, #1810, #6994, #448, #8371 ),
 .UNSPECIFIED., .F., .F.,
 ( 4, 1, 1, 4 ),
 ( 0.4999566561658773667, 0.5714285714289590867, 0.7142857142859729835, 1.000000000000000000 ),
 .UNSPECIFIED. ) ;
#6208 = CARTESIAN_POINT ( 'NONE',  ( 0.001855043979332850071, 0.03610757410786769733, 0.1086563193458884025 ) ) ;
#6209 = CARTESIAN_POINT ( 'NONE',  ( 0.01902249032481513266, 0.04111185586608184089, 0.04816014736629502246 ) ) ;
#6210 = CIRCLE ( 'NONE', #2155, 0.003000000000000000062 ) ;
#6211 = CARTESIAN_POINT ( 'NONE',  ( -0.003796029715144200178, 0.04410287011973089422, 0.1200538936523000005 ) ) ;
#6212 = VERTEX_POINT ( 'NONE', #6704 ) ;
#6213 = ORIENTED_EDGE ( 'NONE', *, *, #5617, .F. ) ;
#6214 = CARTESIAN_POINT ( 'NONE',  ( 0.01484521820501612591, 0.04157222905316874939, 0.04747323994904788930 ) ) ;
#6215 = ADVANCED_FACE ( 'NONE', ( #3125 ), #3399, .T. ) ;
#6216 = DIRECTION ( 'NONE',  ( -0.6902684921683039931, -0.2169304578186490029, 0.6902684877569650324 ) ) ;
#6217 = ORIENTED_EDGE ( 'NONE', *, *, #2881, .T. ) ;
#6218 = CARTESIAN_POINT ( 'NONE',  ( 0.08575995113174661455, 0.04536273311570222788, 0.09152714048057861151 ) ) ;
#6219 = CARTESIAN_POINT ( 'NONE',  ( 0.09507886597235878923, 0.04160089266252622181, 0.1286084345574183274 ) ) ;
#6220 = AXIS2_PLACEMENT_3D ( 'NONE', #3260, #8113, #4576 ) ;
#6221 = CARTESIAN_POINT ( 'NONE',  ( 0.08536224721432880691, 0.04510757410786769839, 0.1209223898169300010 ) ) ;
#6222 = DIRECTION ( 'NONE',  ( 3.383892771557089861E-17, 1.000000000000000000, -3.377658624785199531E-17 ) ) ;
#6223 = CARTESIAN_POINT ( 'NONE',  ( 0.004783431612239419199, 0.04010757410786770089, 0.1310967197126070016 ) ) ;
#6224 = ORIENTED_EDGE ( 'NONE', *, *, #2407, .T. ) ;
#6225 = CARTESIAN_POINT ( 'NONE',  ( 0.07899640677931910049, 0.04010757410786770089, 0.1288753874883840078 ) ) ;
#6226 = CARTESIAN_POINT ( 'NONE',  ( 0.08429170157627464965, 0.04308286404998062924, 0.1154134746482839424 ) ) ;
#6227 = DIRECTION ( 'NONE',  ( -0.005742101684087412040, 0.000000000000000000, 0.9999835139982307108 ) ) ;
#6228 = VECTOR ( 'NONE', #6378, 1.000000000000000000 ) ;
#6229 = CARTESIAN_POINT ( 'NONE',  ( 0.04077925308366800450, 0.09210757410786771238, 0.09287956601695539216 ) ) ;
#6230 = DIRECTION ( 'NONE',  ( -0.4999999984023114630, -0.7071067811865469066, -0.5000000015976894252 ) ) ;
#6231 = FACE_OUTER_BOUND ( 'NONE', #7016, .T. ) ;
#6232 = CARTESIAN_POINT ( 'NONE',  ( 0.07322243144394199876, 0.04917056936766651259, 0.05549365052881377602 ) ) ;
#6233 = CARTESIAN_POINT ( 'NONE',  ( 0.08202030851459302108, 0.04357657770293986432, 0.06550393183355483762 ) ) ;
#6234 = CARTESIAN_POINT ( 'NONE',  ( 0.006485332225777809545, 0.04510757410786769839, 0.1027014639878119917 ) ) ;
#6235 = ORIENTED_EDGE ( 'NONE', *, *, #2223, .F. ) ;
#6236 = ORIENTED_EDGE ( 'NONE', *, *, #2991, .F. ) ;
#6237 = CYLINDRICAL_SURFACE ( 'NONE', #4265, 0.001699999999999993183 ) ;
#6238 = DIRECTION ( 'NONE',  ( 5.979188663871559846E-17, 1.000000000000000000, -7.523851983841539456E-18 ) ) ;
#6239 = EDGE_CURVE ( 'NONE', #8519, #5073, #1992, .T. ) ;
#6240 = DIRECTION ( 'NONE',  ( 5.979188663871559846E-17, 1.000000000000000000, -7.523851983841539456E-18 ) ) ;
#6241 = CARTESIAN_POINT ( 'NONE',  ( 0.06413981705466299810, 0.04010757410786770089, 0.04630763932887160123 ) ) ;
#6242 = PLANE ( 'NONE',  #7168 ) ;
#6243 = AXIS2_PLACEMENT_3D ( 'NONE', #7082, #5711, #3511 ) ;
#6244 = EDGE_LOOP ( 'NONE', ( #3275, #3123, #8506, #984 ) ) ;
#6245 = DIRECTION ( 'NONE',  ( 0.005742101684089277736, 0.000000000000000000, -0.9999835139982307108 ) ) ;
#6246 = CARTESIAN_POINT ( 'NONE',  ( -0.01187402662463320040, 0.04743424316138779989, 0.04545274805262920076 ) ) ;
#6247 = CARTESIAN_POINT ( 'NONE',  ( 0.003491321737572078421, 0.04884280503633522952, 0.06032408397498324748 ) ) ;
#6248 = B_SPLINE_SURFACE_WITH_KNOTS ( 'NONE', 3, 3, ( 
 ( #7953, #5135, #8763, #8051, #1501, #4377 ),
 ( #4111, #4429, #3011, #532, #2692, #1284 ),
 ( #850, #3722, #6589, #806, #4154, #7026 ),
 ( #8616, #5876, #7246, #3573, #3672, #6448 ),
 ( #2966, #5830, #8710, #320, #7475, #3144 ) ),
 .UNSPECIFIED., .F., .F., .F.,
 ( 4, 1, 4 ),
 ( 4, 1, 1, 4 ),
 ( 0.000000000000000000, 0.5714285714285709528, 1.000000000000000000 ),
 ( -1.570796326794899889, -1.032310598655340028, -0.6733201132289750035, -0.3143296278026059820 ),
 .UNSPECIFIED. ) ;
#6249 = DIRECTION ( 'NONE',  ( -0.7010108883734651464, 0.1310246636425640432, -0.7010108928534550810 ) ) ;
#6250 = ORIENTED_EDGE ( 'NONE', *, *, #6239, .T. ) ;
#6251 = VERTEX_POINT ( 'NONE', #9272 ) ;
#6252 = EDGE_CURVE ( 'NONE', #3984, #1355, #31, .T. ) ;
#6253 = AXIS2_PLACEMENT_3D ( 'NONE', #7801, #1450, #6485 ) ;
#6254 = EDGE_CURVE ( 'NONE', #927, #7848, #6531, .T. ) ;
#6255 = CARTESIAN_POINT ( 'NONE',  ( 0.01625330394629210043, 0.04042953285945580233, 0.1384956745904170061 ) ) ;
#6256 = DIRECTION ( 'NONE',  ( 5.700981915704969687E-17, 1.000000000000000000, 9.381789281211478816E-18 ) ) ;
#6257 = CARTESIAN_POINT ( 'NONE',  ( -0.0008217673919934000279, 0.04950000073015689561, 0.05650500735590129747 ) ) ;
#6258 = DIRECTION ( 'NONE',  ( -0.7071067834460215140, 4.013454430943925526E-17, 0.7071067789270735204 ) ) ;
#6259 = ORIENTED_EDGE ( 'NONE', *, *, #5479, .T. ) ;
#6260 = VERTEX_POINT ( 'NONE', #2860 ) ;
#6261 = CARTESIAN_POINT ( 'NONE',  ( 0.08380003484918645273, 0.04985783733349213875, 0.1171359627055502672 ) ) ;
#6262 = CARTESIAN_POINT ( 'NONE',  ( 0.06569987936119960070, 0.05074299046963189758, 0.1360528726032290137 ) ) ;
#6263 = EDGE_CURVE ( 'NONE', #1079, #3146, #5475, .T. ) ;
#6264 = VERTEX_POINT ( 'NONE', #7945 ) ;
#6265 = B_SPLINE_CURVE_WITH_KNOTS ( 'NONE', 3,
 ( #7817, #6504, #5837, #2217 ),
 .UNSPECIFIED., .F., .F.,
 ( 4, 4 ),
 ( 5.997966787734200394E-18, 0.03441153907662249795 ),
 .UNSPECIFIED. ) ;
#6266 = CARTESIAN_POINT ( 'NONE',  ( 0.08577496020332023297, 0.04518702033841975191, 0.09225670178960737600 ) ) ;
#6267 = ADVANCED_FACE ( 'NONE', ( #75 ), #5027, .F. ) ;
#6268 = CARTESIAN_POINT ( 'NONE',  ( 0.06249727106851889896, 0.04416030888467410015, 0.1368036789255810126 ) ) ;
#6269 = EDGE_CURVE ( 'NONE', #927, #3773, #594, .T. ) ;
#6270 = DIRECTION ( 'NONE',  ( 5.979188663871559846E-17, 1.000000000000000000, 0.000000000000000000 ) ) ;
#6271 = EDGE_CURVE ( 'NONE', #5196, #856, #8911, .T. ) ;
#6272 = DIRECTION ( 'NONE',  ( 5.979188663871559846E-17, 1.000000000000000000, -7.523851983841539456E-18 ) ) ;
#6273 = CARTESIAN_POINT ( 'NONE',  ( 0.07648369222202859585, 0.04157203046497098126, 0.03856388664345028472 ) ) ;
#6274 = ORIENTED_EDGE ( 'NONE', *, *, #1357, .T. ) ;
#6275 = DIRECTION ( 'NONE',  ( 5.979188663871559846E-17, 1.000000000000000000, -7.523851983841539456E-18 ) ) ;
#6276 = CARTESIAN_POINT ( 'NONE',  ( 0.06781790791815946184, 0.05199629819281382376, 0.1370649635772009656 ) ) ;
#6277 = CARTESIAN_POINT ( 'NONE',  ( 0.004588126280294877249, 0.04013149646615243871, 0.1303071614422023627 ) ) ;
#6278 = CARTESIAN_POINT ( 'NONE',  ( -0.002038178455193750179, 0.04010757410786770089, 0.04397488774979069898 ) ) ;
#6279 = CARTESIAN_POINT ( 'NONE',  ( -0.009838884031497640431, 0.04760757410786779775, 0.05526606527667710100 ) ) ;
#6280 = DIRECTION ( 'NONE',  ( 5.979188663871559846E-17, 1.000000000000000000, -7.523851983841539456E-18 ) ) ;
#6281 = CARTESIAN_POINT ( 'NONE',  ( -0.01270602042787508795, 0.05018530988711068785, 0.1298163692702014593 ) ) ;
#6282 = DIRECTION ( 'NONE',  ( 5.979188663871559846E-17, 1.000000000000000000, -7.523851983841539456E-18 ) ) ;
#6283 = DIRECTION ( 'NONE',  ( -0.005742101684087900365, 0.000000000000000000, 0.9999835139982307108 ) ) ;
#6284 = ORIENTED_EDGE ( 'NONE', *, *, #3956, .T. ) ;
#6285 = ORIENTED_EDGE ( 'NONE', *, *, #9006, .F. ) ;
#6286 = B_SPLINE_CURVE_WITH_KNOTS ( 'NONE', 3,
 ( #5686, #2865, #8563, #801, #6584 ),
 .UNSPECIFIED., .F., .F.,
 ( 4, 1, 4 ),
 ( 0.000000000000000000, 0.2857142857142839776, 0.3689874131407389624 ),
 .UNSPECIFIED. ) ;
#6287 = CARTESIAN_POINT ( 'NONE',  ( 0.07271556664761649746, 0.09210757410786771238, 0.05571679061003570466 ) ) ;
#6288 = CARTESIAN_POINT ( 'NONE',  ( 0.08953466538198098790, 0.05204415776932633936, 0.09776934812543267017 ) ) ;
#6289 = CARTESIAN_POINT ( 'NONE',  ( 0.07890326813491629898, 0.04011846466926711346, 0.05721466145372693796 ) ) ;
#6290 = DIRECTION ( 'NONE',  ( 0.005742101684089199673, 0.000000000000000000, -0.9999835139982305998 ) ) ;
#6291 = DIRECTION ( 'NONE',  ( -0.005742101684089150233, 0.000000000000000000, 0.9999835139982307108 ) ) ;
#6292 = VERTEX_POINT ( 'NONE', #3609 ) ;
#6293 = LINE ( 'NONE', #4039, #5753 ) ;
#6294 = CARTESIAN_POINT ( 'NONE',  ( 0.04052085850788388760, 0.03610757410786769733, 0.1378788241468757725 ) ) ;
#6295 = CARTESIAN_POINT ( 'NONE',  ( 0.08843813885909850014, 0.04010757410786770089, 0.06969270321397019741 ) ) ;
#6296 = CARTESIAN_POINT ( 'NONE',  ( 0.07664835395974406440, 0.04259867804515771877, 0.1470868332551086288 ) ) ;
#6297 = ORIENTED_EDGE ( 'NONE', *, *, #205, .T. ) ;
#6298 = ORIENTED_EDGE ( 'NONE', *, *, #5503, .F. ) ;
#6299 = CARTESIAN_POINT ( 'NONE',  ( 0.01824534580416940083, 0.04308286378768050318, 0.1363920150993020164 ) ) ;
#6300 = EDGE_CURVE ( 'NONE', #6547, #8338, #2957, .T. ) ;
#6301 = FACE_OUTER_BOUND ( 'NONE', #7810, .T. ) ;
#6302 = DIRECTION ( 'NONE',  ( 0.7010108883734640361, 0.1310246636425654032, 0.7010108928534559691 ) ) ;
#6303 = EDGE_CURVE ( 'NONE', #1645, #7849, #5448, .T. ) ;
#6304 = B_SPLINE_CURVE_WITH_KNOTS ( 'NONE', 3,
 ( #3813, #7433, #3062, #8810, #8186, #4652, #5923, #273, #983, #6823, #5266, #6775, #1601, #2355, #5966, #7386, #3856, #6009, #7523, #6685, #5406, #1078, #8991, #2486, #8893, #2438, #1690, #5315, #1734, #4561, #5363, #4608, #230, #8942, #2394, #3951, #8235, #2532, #4471, #3899, #3191, #6060, #3240, #891, #3764, #6635, #183, #5229, #1644, #4514, #4177, #3384, #3287, #5506, #7572, #3475, #7760, #2018, #6151, #9231, #4884, #6350, #2774, #5595, #1216, #7007 ),
 .UNSPECIFIED., .F., .F.,
 ( 4, 2, 2, 1, 1, 1, 1, 2, 2, 2, 2, 2, 2, 2, 2, 1, 1, 1, 2, 2, 2, 2, 2, 1, 1, 1, 1, 2, 2, 2, 2, 2, 2, 2, 1, 1, 1, 2, 2, 4 ),
 ( 0.000000000000000000, 0.06250000000018854363, 0.09375000000028348157, 0.1093750000003319428, 0.1171875000003562151, 0.1210937500003684414, 0.1230468750003740758, 0.1240234375003763240, 0.1250000000003785583, 0.1875000000005116740, 0.2187500000005782042, 0.2500000000006447620, 0.3125000000007765455, 0.3437500000008417156, 0.3593750000008732459, 0.3671875000008886780, 0.3710937500008960055, 0.3730468750008991696, 0.3740234375008985590, 0.3750000000008979484, 0.5000000000007243095, 0.5625000000006388223, 0.5937500000005947465, 0.6093750000005725420, 0.6171875000005602185, 0.6210937500005528911, 0.6230468750005505596, 0.6240234375005492273, 0.6250000000005477840, 0.6875000000004887202, 0.7500000000004295453, 0.8125000000003703704, 0.8437500000003408385, 0.8593750000003261835, 0.8671875000003188561, 0.8710937500003151923, 0.8730468750003134160, 0.8740234375003117506, 0.8750000000003099743, 1.000000000000000000 ),
 .UNSPECIFIED. ) ;
#6305 = EDGE_CURVE ( 'NONE', #8519, #3825, #4848, .T. ) ;
#6306 = FACE_OUTER_BOUND ( 'NONE', #2365, .T. ) ;
#6307 = ORIENTED_EDGE ( 'NONE', *, *, #4228, .F. ) ;
#6308 = ORIENTED_EDGE ( 'NONE', *, *, #5378, .T. ) ;
#6309 = DIRECTION ( 'NONE',  ( -0.9999835139982307108, 0.000000000000000000, -0.005742101684093656178 ) ) ;
#6310 = AXIS2_PLACEMENT_3D ( 'NONE', #4550, #5255, #2473 ) ;
#6311 = CARTESIAN_POINT ( 'NONE',  ( 0.06274882816015539544, 0.04410757410786769750, 0.04908073303069220017 ) ) ;
#6312 = ORIENTED_EDGE ( 'NONE', *, *, #2042, .T. ) ;
#6313 = CIRCLE ( 'NONE', #5117, 0.003149999999999997420 ) ;
#6314 = CARTESIAN_POINT ( 'NONE',  ( 0.003988325993587248965, 0.04016326020794004636, 0.05636546176649098738 ) ) ;
#6315 =( BOUNDED_CURVE ( )  B_SPLINE_CURVE ( 3, ( #4830, #2618, #1069, #1208 ),
 .UNSPECIFIED., .F., .F. ) 
 B_SPLINE_CURVE_WITH_KNOTS ( ( 4, 4 ),
 ( 1.316133059729784005, 1.570796326794889897 ),
 .UNSPECIFIED. ) 
 CURVE ( )  GEOMETRIC_REPRESENTATION_ITEM ( )  RATIONAL_B_SPLINE_CURVE ( ( 1.000000000000000000, 0.9946028497708049310, 0.9946028497708049310, 1.000000000000000000 ) ) 
 REPRESENTATION_ITEM ( '' )  );
#6316 = CARTESIAN_POINT ( 'NONE',  ( 0.07794202849058760874, 0.05032954500249260665, 0.1248158795809040100 ) ) ;
#6317 = VECTOR ( 'NONE', #760, 1.000000000000000000 ) ;
#6318 = CARTESIAN_POINT ( 'NONE',  ( 0.01706972794933304255, 0.04990270069763821925, 0.04949520047067315631 ) ) ;
#6319 = AXIS2_PLACEMENT_3D ( 'NONE', #3895, #6102, #8181 ) ;
#6320 = CARTESIAN_POINT ( 'NONE',  ( 0.06478595705123051107, 0.04019622805819800249, 0.1398240311309649209 ) ) ;
#6321 = ORIENTED_EDGE ( 'NONE', *, *, #8798, .T. ) ;
#6322 = VERTEX_POINT ( 'NONE', #8558 ) ;
#6323 = CARTESIAN_POINT ( 'NONE',  ( 0.08359929077751729332, 0.05157659657317160279, 0.1183960448764980050 ) ) ;
#6324 = CARTESIAN_POINT ( 'NONE',  ( 0.06263819541772479293, 0.05199997858829920327, 0.1367337925739220139 ) ) ;
#6325 = ADVANCED_FACE ( 'NONE', ( #6348 ), #9230, .F. ) ;
#6326 = CARTESIAN_POINT ( 'NONE',  ( 0.003335158608158386457, 0.04015222400867270169, 0.1288224292521222558 ) ) ;
#6327 = EDGE_CURVE ( 'NONE', #4687, #4451, #7549, .T. ) ;
#6328 = CARTESIAN_POINT ( 'NONE',  ( 0.005201128652610360024, 0.06690757410786771220, 0.09767535187207718184 ) ) ;
#6329 = B_SPLINE_CURVE_WITH_KNOTS ( 'NONE', 3,
 ( #5777, #5726, #8655, #77 ),
 .UNSPECIFIED., .F., .F.,
 ( 4, 4 ),
 ( 0.000000000000000000, 1.000000000000000000 ),
 .UNSPECIFIED. ) ;
#6330 = AXIS2_PLACEMENT_3D ( 'NONE', #2471, #6580, #220 ) ;
#6331 = CARTESIAN_POINT ( 'NONE',  ( 0.003506105882325408294, 0.04011121596806817985, 0.05473955124456924420 ) ) ;
#6332 = CARTESIAN_POINT ( 'NONE',  ( 0.03199354420683568623, 0.04410757410786769750, 0.1410854922038004555 ) ) ;
#6333 = DIRECTION ( 'NONE',  ( -0.6902684921683039931, 0.2169304578186490029, 0.6902684877569650324 ) ) ;
#6334 = CARTESIAN_POINT ( 'NONE',  ( 0.01744967286372534759, 0.05200019216070617123, 0.04949628631704557080 ) ) ;
#6335 = ORIENTED_EDGE ( 'NONE', *, *, #8387, .T. ) ;
#6336 = ORIENTED_EDGE ( 'NONE', *, *, #169, .F. ) ;
#6337 = DIRECTION ( 'NONE',  ( 0.9999835139982308219, -5.974769818641938370E-17, 0.005742101684089249113 ) ) ;
#6338 = AXIS2_PLACEMENT_3D ( 'NONE', #5568, #677, #579 ) ;
#6339 = CARTESIAN_POINT ( 'NONE',  ( 0.08975960708769138707, 0.05498551835933184612, 0.09427099718456051491 ) ) ;
#6340 = EDGE_CURVE ( 'NONE', #9079, #3909, #9214, .T. ) ;
#6341 = CARTESIAN_POINT ( 'NONE',  ( 0.07705168485537976231, 0.04014180039790656712, 0.05565049611794005424 ) ) ;
#6342 = CARTESIAN_POINT ( 'NONE',  ( 0.06824892926991750486, 0.04510757410786760124, 0.1377501973685599790 ) ) ;
#6343 = DIRECTION ( 'NONE',  ( 0.9999835139982308219, -5.974769818641938370E-17, 0.005742101684089249113 ) ) ;
#6344 = AXIS2_PLACEMENT_3D ( 'NONE', #441, #4680, #6182 ) ;
#6345 = ORIENTED_EDGE ( 'NONE', *, *, #8754, .T. ) ;
#6346 = CARTESIAN_POINT ( 'NONE',  ( 0.09426112531009819828, 0.04706118949957149855, 0.1298212679695699978 ) ) ;
#6347 = CARTESIAN_POINT ( 'NONE',  ( 0.07633751075718800405, 0.04728730665580380133, 0.05916591431288219932 ) ) ;
#6348 = FACE_OUTER_BOUND ( 'NONE', #9188, .T. ) ;
#6349 = B_SPLINE_CURVE_WITH_KNOTS ( 'NONE', 3,
 ( #7024, #4109, #6318, #6457, #5659, #530 ),
 .UNSPECIFIED., .F., .F.,
 ( 4, 2, 4 ),
 ( 0.4999997924608136080, 0.7499998962304068595, 1.000000000000000000 ),
 .UNSPECIFIED. ) ;
#6350 = CARTESIAN_POINT ( 'NONE',  ( 0.08958700387441549673, 0.04818713821728523583, 0.08854326811700503896 ) ) ;
#6351 = VERTEX_POINT ( 'NONE', #6134 ) ;
#6352 = VERTEX_POINT ( 'NONE', #1159 ) ;
#6353 = VECTOR ( 'NONE', #4539, 1.000000000000000000 ) ;
#6354 = CARTESIAN_POINT ( 'NONE',  ( 0.01835926712356400134, 0.04083890500189460426, 0.1375763440475819832 ) ) ;
#6355 = DIRECTION ( 'NONE',  ( 0.7010108928534550810, 0.1310246636425644318, -0.7010108883734651464 ) ) ;
#6356 = CYLINDRICAL_SURFACE ( 'NONE', #3645, 0.04950000000000001621 ) ;
#6357 = CIRCLE ( 'NONE', #5002, 0.001300000000000000157 ) ;
#6358 = AXIS2_PLACEMENT_3D ( 'NONE', #3111, #3862, #6731 ) ;
#6359 = CIRCLE ( 'NONE', #5603, 0.04900000000000002270 ) ;
#6360 = CARTESIAN_POINT ( 'NONE',  ( 0.01759239028068269872, 0.04010757410786770089, 0.04522068024152479937 ) ) ;
#6361 = VERTEX_POINT ( 'NONE', #1765 ) ;
#6362 = ORIENTED_EDGE ( 'NONE', *, *, #6544, .F. ) ;
#6363 = ADVANCED_FACE ( 'NONE', ( #3981 ), #7501, .T. ) ;
#6364 = DIRECTION ( 'NONE',  ( -5.979188663871559846E-17, -1.000000000000000000, 7.523851983841539456E-18 ) ) ;
#6365 = ADVANCED_FACE ( 'NONE', ( #7648 ), #8308, .F. ) ;
#6366 = CARTESIAN_POINT ( 'NONE',  ( 0.06285718580749251327, 0.05323148438807159821, 0.1366238786374809888 ) ) ;
#6367 = ORIENTED_EDGE ( 'NONE', *, *, #9006, .T. ) ;
#6368 = CARTESIAN_POINT ( 'NONE',  ( 0.08553197278542842841, 0.04946782817318946118, 0.08816807857338548882 ) ) ;
#6369 = EDGE_CURVE ( 'NONE', #5110, #8670, #9060, .T. ) ;
#6370 = DIRECTION ( 'NONE',  ( 0.7071067834460210699, -4.934020221094701898E-15, -0.7071067789270740755 ) ) ;
#6371 = CARTESIAN_POINT ( 'NONE',  ( 0.08602850709208791080, 0.04110757410786770177, 0.09313939611816039743 ) ) ;
#6372 = CARTESIAN_POINT ( 'NONE',  ( -0.002883855700529440284, 0.04985783708471710346, 0.07064146962137000940 ) ) ;
#6373 = ORIENTED_EDGE ( 'NONE', *, *, #2445, .T. ) ;
#6374 = VERTEX_POINT ( 'NONE', #6184 ) ;
#6375 = CARTESIAN_POINT ( 'NONE',  ( 0.07327853202075838845, 0.04811594333175435445, 0.1302165029635008187 ) ) ;
#6376 = CARTESIAN_POINT ( 'NONE',  ( 0.06427620662182158273, 0.05200026240898236729, 0.1362379095249948713 ) ) ;
#6377 = CARTESIAN_POINT ( 'NONE',  ( 0.003563131014168217578, 0.04016292511063434406, 0.1289630577462437533 ) ) ;
#6378 = DIRECTION ( 'NONE',  ( 5.979188663871559846E-17, 1.000000000000000000, -7.523851983841510182E-18 ) ) ;
#6379 = CARTESIAN_POINT ( 'NONE',  ( 0.06331316169206710476, 0.04308286404553154231, 0.04936711751434573470 ) ) ;
#6380 = CARTESIAN_POINT ( 'NONE',  ( -0.01387568527643797019, 0.04157203745077789336, 0.1280624832348397635 ) ) ;
#6381 = CARTESIAN_POINT ( 'NONE',  ( 0.009308584342364289652, 0.05033613396376760557, 0.05532165061986320242 ) ) ;
#6382 = DIRECTION ( 'NONE',  ( 5.979188663871559846E-17, 1.000000000000000000, -7.523851983841539456E-18 ) ) ;
#6383 = ORIENTED_EDGE ( 'NONE', *, *, #8388, .F. ) ;
#6384 = ORIENTED_EDGE ( 'NONE', *, *, #2338, .F. ) ;
#6385 = CARTESIAN_POINT ( 'NONE',  ( 0.07732581325313495069, 0.04882521000075496637, 0.1466329584899766225 ) ) ;
#6386 = CARTESIAN_POINT ( 'NONE',  ( 0.08974638496704988311, 0.05487384463183721250, 0.09467395651322640937 ) ) ;
#6387 = CARTESIAN_POINT ( 'NONE',  ( 0.06824892926991750486, 0.04510757410786760124, 0.1377501973685599790 ) ) ;
#6388 = CARTESIAN_POINT ( 'NONE',  ( 0.02699142881466300159, 0.04510757410786769839, 0.1232075607077469936 ) ) ;
#6389 = EDGE_CURVE ( 'NONE', #2686, #6735, #7776, .T. ) ;
#6390 = ORIENTED_EDGE ( 'NONE', *, *, #378, .T. ) ;
#6391 = CARTESIAN_POINT ( 'NONE',  ( 0.003398782044616730814, 0.05127361800508384998, 0.03970303023157495392 ) ) ;
#6392 = LINE ( 'NONE', #7993, #6168 ) ;
#6393 = DIRECTION ( 'NONE',  ( 5.979188663871559846E-17, 1.000000000000000000, -7.523851983841548700E-18 ) ) ;
#6394 = EDGE_CURVE ( 'NONE', #6701, #8425, #1147, .T. ) ;
#6395 = VERTEX_POINT ( 'NONE', #5437 ) ;
#6396 = DIRECTION ( 'NONE',  ( 0.7071067811865475727, 0.000000000000000000, 0.7071067811865475727 ) ) ;
#6397 = VERTEX_POINT ( 'NONE', #4073 ) ;
#6398 = ORIENTED_EDGE ( 'NONE', *, *, #6185, .F. ) ;
#6399 = FACE_OUTER_BOUND ( 'NONE', #6899, .T. ) ;
#6400 = CARTESIAN_POINT ( 'NONE',  ( -0.005904409428523050597, 0.04018993005514540084, 0.06832833036349870992 ) ) ;
#6401 = CARTESIAN_POINT ( 'NONE',  ( 0.02522366186734530114, 0.04010757410786770089, 0.1214397937491320106 ) ) ;
#6402 = VECTOR ( 'NONE', #6863, 1.000000000000000000 ) ;
#6403 = CARTESIAN_POINT ( 'NONE',  ( 0.003596144853976799768, 0.04760757410786779775, 0.04183103647706270384 ) ) ;
#6404 = VERTEX_POINT ( 'NONE', #5534 ) ;
#6405 = ORIENTED_EDGE ( 'NONE', *, *, #7054, .T. ) ;
#6406 = DIRECTION ( 'NONE',  ( 0.7115140508626741633, 0.000000000000000000, -0.7026718689580420119 ) ) ;
#6407 = FACE_OUTER_BOUND ( 'NONE', #5233, .T. ) ;
#6408 = DIRECTION ( 'NONE',  ( -5.979188663871559846E-17, -1.000000000000000000, 7.523851983841548700E-18 ) ) ;
#6409 = ORIENTED_EDGE ( 'NONE', *, *, #5666, .T. ) ;
#6410 = CARTESIAN_POINT ( 'NONE',  ( 0.01541755273949301647, 0.05200010763961485094, 0.1359347104337746137 ) ) ;
#6411 = CARTESIAN_POINT ( 'NONE',  ( -0.003019579902595309791, 0.04410757410786769750, 0.07090999094046790407 ) ) ;
#6412 = PLANE ( 'NONE',  #1841 ) ;
#6413 = CARTESIAN_POINT ( 'NONE',  ( 0.03052696270929830188, 0.04510757410786769839, 0.1267430946249769874 ) ) ;
#6414 = ORIENTED_EDGE ( 'NONE', *, *, #8327, .F. ) ;
#6415 = ORIENTED_EDGE ( 'NONE', *, *, #6303, .F. ) ;
#6416 = CARTESIAN_POINT ( 'NONE',  ( 0.004835086875574539679, 0.04950000073015689561, 0.05084815312448440205 ) ) ;
#6417 = VECTOR ( 'NONE', #4545, 1.000000000000000000 ) ;
#6418 = CARTESIAN_POINT ( 'NONE',  ( 0.002647168357827160354, 0.04011814735597359072, 0.1285421593389805550 ) ) ;
#6419 = CARTESIAN_POINT ( 'NONE',  ( 0.002952700301358652385, 0.04011245883451906857, 0.1304305081287568946 ) ) ;
#6420 = CARTESIAN_POINT ( 'NONE',  ( -0.002252246249149823017, 0.05200023104253379685, 0.06776605379849207078 ) ) ;
#6421 = CARTESIAN_POINT ( 'NONE',  ( -0.002038178455193810027, 0.05200000073015689783, 0.04397488774979069898 ) ) ;
#6422 = EDGE_CURVE ( 'NONE', #5916, #7582, #135, .T. ) ;
#6423 = CARTESIAN_POINT ( 'NONE',  ( 0.08820833084272890201, 0.04432088081784599926, 0.03244585194573620240 ) ) ;
#6424 = CARTESIAN_POINT ( 'NONE',  ( 0.09278124003742629911, 0.04010757410786770089, 0.1318769166046699914 ) ) ;
#6425 = EDGE_CURVE ( 'NONE', #3984, #6992, #4636, .T. ) ;
#6426 = ORIENTED_EDGE ( 'NONE', *, *, #6878, .T. ) ;
#6427 = ORIENTED_EDGE ( 'NONE', *, *, #3136, .T. ) ;
#6428 = CARTESIAN_POINT ( 'NONE',  ( 0.07835784084944291683, 0.05164547145572954273, 0.1459165899134862721 ) ) ;
#6429 = CARTESIAN_POINT ( 'NONE',  ( 0.08974732758204519156, 0.05466887085564710314, 0.09111241373625132700 ) ) ;
#6430 = CARTESIAN_POINT ( 'NONE',  ( 0.08417800051997070820, 0.04990270069763820537, 0.07009901035759390220 ) ) ;
#6431 = DIRECTION ( 'NONE',  ( 0.005742101684089277736, 0.000000000000000000, -0.9999835139982307108 ) ) ;
#6432 = ORIENTED_EDGE ( 'NONE', *, *, #6394, .T. ) ;
#6433 = EDGE_CURVE ( 'NONE', #472, #8712, #8929, .T. ) ;
#6434 = CARTESIAN_POINT ( 'NONE',  ( 0.05202906761614799896, 0.06510757410786770227, 0.09294416466090139883 ) ) ;
#6435 = DIRECTION ( 'NONE',  ( -4.027934139806210305E-16, 1.000000000000000000, -1.018010760859769879E-17 ) ) ;
#6436 = CARTESIAN_POINT ( 'NONE',  ( 0.07811619003021386121, 0.04811594333175520100, 0.06038028707986535515 ) ) ;
#6437 = ORIENTED_EDGE ( 'NONE', *, *, #7771, .F. ) ;
#6438 = CARTESIAN_POINT ( 'NONE',  ( 0.08472763569979049891, 0.04492807886515449989, 0.1202877782983360067 ) ) ;
#6439 = ORIENTED_EDGE ( 'NONE', *, *, #3189, .F. ) ;
#6440 = ORIENTED_EDGE ( 'NONE', *, *, #1559, .F. ) ;
#6441 = EDGE_CURVE ( 'NONE', #4815, #6109, #6565, .T. ) ;
#6442 = CARTESIAN_POINT ( 'NONE',  ( 0.01330957689741840005, 0.04510757410786769839, 0.04800893466535029880 ) ) ;
#6443 = ADVANCED_FACE ( 'NONE', ( #7696 ), #6044, .F. ) ;
#6444 = CARTESIAN_POINT ( 'NONE',  ( 0.04077925308366790041, 0.04010757410786770089, 0.09287956601695539216 ) ) ;
#6445 = EDGE_CURVE ( 'NONE', #4620, #5063, #4876, .T. ) ;
#6446 = DIRECTION ( 'NONE',  ( -5.979188663871559846E-17, -1.000000000000000000, 7.523851983841568730E-18 ) ) ;
#6447 = DIRECTION ( 'NONE',  ( 5.979188663871559846E-17, 1.000000000000000000, -6.712563528337389905E-18 ) ) ;
#6448 = CARTESIAN_POINT ( 'NONE',  ( 0.06530520222104380101, 0.04042953285945569825, 0.04726345744349429862 ) ) ;
#6449 = EDGE_LOOP ( 'NONE', ( #4615, #2782, #8237, #418, #3025, #5236, #8236, #6061, #1576, #3532, #1471, #8944, #8787, #1113, #5752, #4308, #5329, #1840, #2672, #7131, #5003, #6971, #7410, #622, #8796, #2027, #9250, #5692, #4282, #7653, #5597, #2761, #1860, #9085, #1425, #5883, #822, #1768, #7911, #3157, #1584, #3657, #8168, #5037 ) ) ;
#6450 = ORIENTED_EDGE ( 'NONE', *, *, #7976, .F. ) ;
#6451 = CARTESIAN_POINT ( 'NONE',  ( 0.04077925308366800450, 0.04410757410786769750, 0.09287956601695539216 ) ) ;
#6452 = DIRECTION ( 'NONE',  ( 8.064744300522758734E-17, 1.000000000000000000, -3.893633009083770204E-17 ) ) ;
#6453 = CARTESIAN_POINT ( 'NONE',  ( 0.04106061606618827131, 0.04410757410786769750, 0.04388037383104206879 ) ) ;
#6454 = EDGE_LOOP ( 'NONE', ( #8029, #7236, #3087, #8801 ) ) ;
#6455 = CARTESIAN_POINT ( 'NONE',  ( 0.004493510901057407546, 0.04017095663442018377, 0.05592538463148565009 ) ) ;
#6456 = CARTESIAN_POINT ( 'NONE',  ( 0.06240674294250399962, 0.04412530489793370370, 0.1368484400223619890 ) ) ;
#6457 = CARTESIAN_POINT ( 'NONE',  ( 0.01809554254212930244, 0.04990270069763821231, 0.04934221434063149059 ) ) ;
#6458 = CARTESIAN_POINT ( 'NONE',  ( -0.003282735652107500110, 0.04410757410786769750, 0.1143164769102810036 ) ) ;
#6459 = ORIENTED_EDGE ( 'NONE', *, *, #4920, .T. ) ;
#6460 = ORIENTED_EDGE ( 'NONE', *, *, #7916, .F. ) ;
#6461 = DIRECTION ( 'NONE',  ( -6.282495654802469645E-17, -1.000000000000000000, 0.000000000000000000 ) ) ;
#6462 = DIRECTION ( 'NONE',  ( -1.892395883912509897E-33, 1.000000000000000000, -7.523851983841568730E-18 ) ) ;
#6463 = CARTESIAN_POINT ( 'NONE',  ( 0.004276397538291455171, 0.04016257840392639666, 0.1296873270192302474 ) ) ;
#6464 = CIRCLE ( 'NONE', #626, 0.001300000000000000157 ) ;
#6465 = CARTESIAN_POINT ( 'NONE',  ( 0.07772095503628229096, 0.04750358731502413862, 0.03939769379052514287 ) ) ;
#6466 = CARTESIAN_POINT ( 'NONE',  ( -0.002883855700529409927, 0.04415657025026400312, 0.07064146962137000940 ) ) ;
#6467 = CARTESIAN_POINT ( 'NONE',  ( -0.01358088148545095672, 0.04219152141703439579, 0.1285162949995136417 ) ) ;
#6468 = FACE_OUTER_BOUND ( 'NONE', #9154, .T. ) ;
#6469 = CARTESIAN_POINT ( 'NONE',  ( 0.07761100697103730239, 0.04379297068845287855, 0.03932136714720439741 ) ) ;
#6470 = ORIENTED_EDGE ( 'NONE', *, *, #7404, .T. ) ;
#6471 = ORIENTED_EDGE ( 'NONE', *, *, #4302, .F. ) ;
#6472 = CARTESIAN_POINT ( 'NONE',  ( -0.003604994774767470052, 0.04950000073015689561, 0.1233983926077790033 ) ) ;
#6473 = DIRECTION ( 'NONE',  ( -1.000000000000000000, 0.000000000000000000, 0.000000000000000000 ) ) ;
#6474 = ADVANCED_FACE ( 'NONE', ( #2045 ), #6989, .T. ) ;
#6475 = CARTESIAN_POINT ( 'NONE',  ( 0.08965430400523548282, 0.05394887844192096382, 0.09639003373049329082 ) ) ;
#6476 = EDGE_CURVE ( 'NONE', #2982, #8622, #8610, .T. ) ;
#6477 = CARTESIAN_POINT ( 'NONE',  ( 0.08502127096142320095, 0.04990270069763820537, 0.06603850330053839812 ) ) ;
#6478 = ADVANCED_FACE ( 'NONE', ( #4208 ), #3551, .T. ) ;
#6479 = CARTESIAN_POINT ( 'NONE',  ( 0.009830034024846948798, 0.04950000073015689561, 0.1368334214932529769 ) ) ;
#6480 = DIRECTION ( 'NONE',  ( -0.9999835139982308219, 5.974769818641938370E-17, -0.005742101684089259521 ) ) ;
#6481 = DIRECTION ( 'NONE',  ( -5.979188663871559846E-17, -1.000000000000000000, 7.523851983841548700E-18 ) ) ;
#6482 = VECTOR ( 'NONE', #2846, 1.000000000000000000 ) ;
#6483 = DIRECTION ( 'NONE',  ( 0.005742101684089277736, 0.000000000000000000, -0.9999835139982307108 ) ) ;
#6484 = ORIENTED_EDGE ( 'NONE', *, *, #340, .T. ) ;
#6485 = DIRECTION ( 'NONE',  ( -0.1793001811598410600, 0.000000000000000000, 0.9837944119764292505 ) ) ;
#6486 = ORIENTED_EDGE ( 'NONE', *, *, #5577, .F. ) ;
#6487 = ORIENTED_EDGE ( 'NONE', *, *, #1750, .F. ) ;
#6488 = AXIS2_PLACEMENT_3D ( 'NONE', #5293, #8968, #6176 ) ;
#6489 = CARTESIAN_POINT ( 'NONE',  ( 0.09595065454798715199, 0.04082073926725845320, 0.05851464929412782817 ) ) ;
#6490 = CARTESIAN_POINT ( 'NONE',  ( 0.07736209670230445590, 0.04818205056853405721, 0.1254785781056963478 ) ) ;
#6491 = CARTESIAN_POINT ( 'NONE',  ( 0.07736209670230445590, 0.04818205056853405721, 0.1254785781056963478 ) ) ;
#6492 = CARTESIAN_POINT ( 'NONE',  ( 0.08428964846703730640, 0.05199452885482678394, 0.1198406988203411933 ) ) ;
#6493 = CARTESIAN_POINT ( 'NONE',  ( 0.07404350966724868033, 0.04010757410786768007, 0.03703107584936286140 ) ) ;
#6494 = EDGE_LOOP ( 'NONE', ( #3974, #4294, #8349 ) ) ;
#6495 = EDGE_LOOP ( 'NONE', ( #6450, #3567, #2030, #5840 ) ) ;
#6496 = DIRECTION ( 'NONE',  ( -0.9999835139982307108, 0.000000000000000000, -0.005742101684093656178 ) ) ;
#6497 = DIRECTION ( 'NONE',  ( -0.005742101684089251715, 0.000000000000000000, 0.9999835139982305998 ) ) ;
#6498 = ORIENTED_EDGE ( 'NONE', *, *, #1524, .T. ) ;
#6499 = AXIS2_PLACEMENT_3D ( 'NONE', #6522, #4838, #5811 ) ;
#6500 = CARTESIAN_POINT ( 'NONE',  ( 0.004689527092667306746, 0.04016329091212939018, 0.05567251820866761514 ) ) ;
#6501 = VECTOR ( 'NONE', #2401, 1.000000000000000000 ) ;
#6502 = B_SPLINE_CURVE_WITH_KNOTS ( 'NONE', 3,
 ( #6792, #3872, #3119, #6121 ),
 .UNSPECIFIED., .F., .F.,
 ( 4, 4 ),
 ( 0.000000000000000000, 1.000000000000000000 ),
 .UNSPECIFIED. ) ;
#6503 = VECTOR ( 'NONE', #2896, 1.000000000000000000 ) ;
#6504 = CARTESIAN_POINT ( 'NONE',  ( 0.01915176322483180121, 0.04412530489793380084, 0.04891069201154869817 ) ) ;
#6505 = DIRECTION ( 'NONE',  ( -0.7071067789270740755, -4.849461724124351184E-15, -0.7071067834460210699 ) ) ;
#6506 = CARTESIAN_POINT ( 'NONE',  ( 0.08577089943199829591, 0.05497797188185389594, 0.09201155713814715420 ) ) ;
#6507 = VERTEX_POINT ( 'NONE', #6421 ) ;
#6508 = CIRCLE ( 'NONE', #9222, 0.04900000000000002270 ) ;
#6509 = ADVANCED_FACE ( 'NONE', ( #8544 ), #654, .F. ) ;
#6510 = VERTEX_POINT ( 'NONE', #9303 ) ;
#6511 = LINE ( 'NONE', #2222, #6656 ) ;
#6512 = CARTESIAN_POINT ( 'NONE',  ( 0.07782371812387758880, 0.04015151377250412296, 0.1292406765038264516 ) ) ;
#6513 = ORIENTED_EDGE ( 'NONE', *, *, #3907, .T. ) ;
#6514 = CARTESIAN_POINT ( 'NONE',  ( 0.07875933097604015387, 0.04012474280255567266, 0.05717034324591790256 ) ) ;
#6515 = CARTESIAN_POINT ( 'NONE',  ( 0.07772095503628229096, 0.04706118949957149855, 0.03939769379052510123 ) ) ;
#6516 = CARTESIAN_POINT ( 'NONE',  ( -0.002336191728243318128, 0.05200079441369447053, 0.06911543118561690180 ) ) ;
#6517 = CARTESIAN_POINT ( 'NONE',  ( 0.003342486602000741772, 0.04827734896869408099, 0.1252637722413522392 ) ) ;
#6518 = DIRECTION ( 'NONE',  ( 0.005742101684089199673, 0.000000000000000000, -0.9999835139982305998 ) ) ;
#6519 = DIRECTION ( 'NONE',  ( -5.979188663871559846E-17, -1.000000000000000000, 7.523851983841539456E-18 ) ) ;
#6520 = ORIENTED_EDGE ( 'NONE', *, *, #4655, .F. ) ;
#6521 = VERTEX_POINT ( 'NONE', #6332 ) ;
#6522 = CARTESIAN_POINT ( 'NONE',  ( 0.002112336620557649786, 0.04010757410786770089, 0.05376601885954650217 ) ) ;
#6523 = CARTESIAN_POINT ( 'NONE',  ( 0.07761654693258553117, 0.04987476502836307030, 0.1464334206755584789 ) ) ;
#6524 = DIRECTION ( 'NONE',  ( 0.005742101684089259521, -1.275031608300709241E-16, -0.9999835139982308219 ) ) ;
#6525 = DIRECTION ( 'NONE',  ( -0.7071067834460215140, -7.105427357600994611E-17, 0.7071067789270735204 ) ) ;
#6526 = CARTESIAN_POINT ( 'NONE',  ( 0.08405361337882079342, 0.05200000073015689783, 0.04437874395129040583 ) ) ;
#6527 = EDGE_LOOP ( 'NONE', ( #5845, #5683, #76, #5548, #5877 ) ) ;
#6528 = CARTESIAN_POINT ( 'NONE',  ( 0.09426112531009805950, 0.04750358731504229770, 0.1298212679695699423 ) ) ;
#6529 = VECTOR ( 'NONE', #1281, 1.000000000000000000 ) ;
#6530 = CARTESIAN_POINT ( 'NONE',  ( 0.09418980930072212709, 0.05049040987988094586, 0.05583472625108282239 ) ) ;
#6531 = LINE ( 'NONE', #2061, #644 ) ;
#6532 = VERTEX_POINT ( 'NONE', #2800 ) ;
#6533 = CARTESIAN_POINT ( 'NONE',  ( 0.04077925308366790041, 0.09210757410786771238, 0.09287956601695539216 ) ) ;
#6534 = VERTEX_POINT ( 'NONE', #7176 ) ;
#6535 = EDGE_CURVE ( 'NONE', #6292, #7472, #1337, .T. ) ;
#6536 = FACE_OUTER_BOUND ( 'NONE', #8505, .T. ) ;
#6537 = CARTESIAN_POINT ( 'NONE',  ( 0.002112336620557649786, 0.04010757410786770089, 0.05376601885954650217 ) ) ;
#6538 = CARTESIAN_POINT ( 'NONE',  ( 0.06000022521971339756, 0.03610757410786769733, 0.09799001904436530075 ) ) ;
#6539 = EDGE_CURVE ( 'NONE', #9166, #5167, #1509, .T. ) ;
#6540 = CARTESIAN_POINT ( 'NONE',  ( 0.08389472113411974852, 0.05200079599112391454, 0.1166437273698344435 ) ) ;
#6541 = CARTESIAN_POINT ( 'NONE',  ( 0.09032739138477539897, 0.04743424316138779989, 0.04234760665899229420 ) ) ;
#6542 = ORIENTED_EDGE ( 'NONE', *, *, #9089, .F. ) ;
#6543 = VERTEX_POINT ( 'NONE', #8640 ) ;
#6544 = EDGE_CURVE ( 'NONE', #8532, #3998, #729, .T. ) ;
#6545 = LINE ( 'NONE', #5139, #7505 ) ;
#6546 = DIRECTION ( 'NONE',  ( -0.5000000015976890921, -0.7071067811865477948, 0.4999999984023104083 ) ) ;
#6547 = VERTEX_POINT ( 'NONE', #2985 ) ;
#6548 = CARTESIAN_POINT ( 'NONE',  ( 0.005070030312684492557, 0.04012474280256350667, 0.05489948812446984044 ) ) ;
#6549 = DIRECTION ( 'NONE',  ( -0.005742101684089249113, 7.867059038567468492E-18, 0.9999835139982308219 ) ) ;
#6550 = AXIS2_PLACEMENT_3D ( 'NONE', #6092, #1859, #1249 ) ;
#6551 = DIRECTION ( 'NONE',  ( -0.7071067789270730763, 3.695908159165670532E-17, -0.7071067834460220691 ) ) ;
#6552 = CYLINDRICAL_SURFACE ( 'NONE', #3938, 0.007999999999999998432 ) ;
#6553 = ORIENTED_EDGE ( 'NONE', *, *, #4004, .T. ) ;
#6554 = ORIENTED_EDGE ( 'NONE', *, *, #2411, .T. ) ;
#6555 = CARTESIAN_POINT ( 'NONE',  ( 0.01548938113070784384, 0.04451988829584654223, 0.1360599457700552017 ) ) ;
#6556 = CARTESIAN_POINT ( 'NONE',  ( 0.07685862671174875649, 0.04016267788485752138, 0.1301017311024078582 ) ) ;
#6557 = ADVANCED_FACE ( 'NONE', ( #7407 ), #338, .F. ) ;
#6558 = AXIS2_PLACEMENT_3D ( 'NONE', #5869, #8753, #5176 ) ;
#6559 = ORIENTED_EDGE ( 'NONE', *, *, #8002, .F. ) ;
#6560 = CARTESIAN_POINT ( 'NONE',  ( 0.07800141816911908277, 0.04016267788485735485, 0.05680019238887160093 ) ) ;
#6561 = EDGE_CURVE ( 'NONE', #8413, #7823, #7859, .T. ) ;
#6562 = ADVANCED_FACE ( 'NONE', ( #2330 ), #6809, .F. ) ;
#6563 = DIRECTION ( 'NONE',  ( -0.7071067789270735204, 2.949421052240647550E-17, -0.7071067834460215140 ) ) ;
#6564 = VECTOR ( 'NONE', #2753, 1.000000000000000000 ) ;
#6565 = B_SPLINE_CURVE_WITH_KNOTS ( 'NONE', 3,
 ( #6896, #5490, #3173, #443, #8367 ),
 .UNSPECIFIED., .F., .F.,
 ( 4, 1, 4 ),
 ( 0.000000000000000000, 0.4285714285714290472, 1.000000000000000000 ),
 .UNSPECIFIED. ) ;
#6566 = CARTESIAN_POINT ( 'NONE',  ( -0.0001155767876047379992, 0.04410757410786769750, 0.06498937258270930106 ) ) ;
#6567 = LINE ( 'NONE', #4536, #473 ) ;
#6568 = CARTESIAN_POINT ( 'NONE',  ( -0.003814104328513220118, 0.05200000073014460211, 0.1204379916426230046 ) ) ;
#6569 = ORIENTED_EDGE ( 'NONE', *, *, #7001, .F. ) ;
#6570 = ORIENTED_EDGE ( 'NONE', *, *, #2851, .T. ) ;
#6571 = LINE ( 'NONE', #960, #6353 ) ;
#6572 = CARTESIAN_POINT ( 'NONE',  ( 0.005757467048691925979, 0.04139320041428441732, 0.03812134270915394640 ) ) ;
#6573 = CARTESIAN_POINT ( 'NONE',  ( 0.006558528237648950099, 0.06690757410786771220, 0.08768298146428420148 ) ) ;
#6574 = VERTEX_POINT ( 'NONE', #61 ) ;
#6575 = B_SPLINE_CURVE_WITH_KNOTS ( 'NONE', 3,
 ( #2307, #7430, #5311, #7470, #844 ),
 .UNSPECIFIED., .F., .F.,
 ( 4, 1, 4 ),
 ( 0.3689849669976561497, 0.5714285714285723961, 1.000000000000000000 ),
 .UNSPECIFIED. ) ;
#6576 = CARTESIAN_POINT ( 'NONE',  ( -0.002401586602380424013, 0.04451994121933380844, 0.06758977977137031745 ) ) ;
#6577 = CARTESIAN_POINT ( 'NONE',  ( 0.01322082745800010062, 0.05200000073014460211, 0.04828620860477420007 ) ) ;
#6578 = VERTEX_POINT ( 'NONE', #912 ) ;
#6579 = COORDINATED_UNIVERSAL_TIME_OFFSET ( 2, 0, .AHEAD. ) ;
#6580 = DIRECTION ( 'NONE',  ( 5.979188663871559846E-17, 1.000000000000000000, -7.523851983841539456E-18 ) ) ;
#6581 = DIRECTION ( 'NONE',  ( 5.979188663871559846E-17, 1.000000000000000000, -7.523851983841539456E-18 ) ) ;
#6582 = ORIENTED_EDGE ( 'NONE', *, *, #1038, .T. ) ;
#6583 = CARTESIAN_POINT ( 'NONE',  ( 0.001539460252176765021, 0.04950000073015689561, 0.1260787544723492026 ) ) ;
#6584 = CARTESIAN_POINT ( 'NONE',  ( 0.08618559653631918671, 0.04157231821423756218, 0.06694552330299610721 ) ) ;
#6585 = CARTESIAN_POINT ( 'NONE',  ( 0.1290186672533260026, 0.03770436142691599435, 0.1872062272051970011 ) ) ;
#6586 = FACE_OUTER_BOUND ( 'NONE', #8036, .T. ) ;
#6587 = FACE_OUTER_BOUND ( 'NONE', #6454, .T. ) ;
#6588 = CARTESIAN_POINT ( 'NONE',  ( 0.08442478529810440446, 0.04226992894348440000, 0.06847470818721830554 ) ) ;
#6589 = CARTESIAN_POINT ( 'NONE',  ( 0.06771778281385730514, 0.04362238015895919530, 0.04916269979941519791 ) ) ;
#6590 = ORIENTED_EDGE ( 'NONE', *, *, #6389, .T. ) ;
#6591 = ORIENTED_EDGE ( 'NONE', *, *, #980, .F. ) ;
#6592 = CARTESIAN_POINT ( 'NONE',  ( 0.04070460576177480083, 0.07410757410786771027, 0.1058793516989320060 ) ) ;
#6593 = EDGE_CURVE ( 'NONE', #742, #7064, #3033, .T. ) ;
#6594 = CARTESIAN_POINT ( 'NONE',  ( -0.006165212030341759263, 0.04019622805819800249, 0.1168862699845180098 ) ) ;
#6595 = EDGE_CURVE ( 'NONE', #6404, #6033, #6796, .T. ) ;
#6596 = ORIENTED_EDGE ( 'NONE', *, *, #1133, .T. ) ;
#6597 = CARTESIAN_POINT ( 'NONE',  ( 0.005114348520448735655, 0.04011846466926823063, 0.05475555096568922309 ) ) ;
#6598 = ADVANCED_FACE ( 'NONE', ( #2941 ), #2230, .T. ) ;
#6599 = CARTESIAN_POINT ( 'NONE',  ( 0.06426974741392969814, 0.04027594807459339982, 0.1388060851073439905 ) ) ;
#6600 = LINE ( 'NONE', #8062, #2727 ) ;
#6601 = DIRECTION ( 'NONE',  ( 0.6902684921683039931, 0.2169304578186495025, -0.6902684877569650324 ) ) ;
#6602 = ORIENTED_EDGE ( 'NONE', *, *, #6535, .F. ) ;
#6603 = FACE_OUTER_BOUND ( 'NONE', #7750, .T. ) ;
#6604 = CARTESIAN_POINT ( 'NONE',  ( 0.07666780167508759070, 0.04014687603400723948, 0.1304269425482721678 ) ) ;
#6605 = ORIENTED_EDGE ( 'NONE', *, *, #1067, .T. ) ;
#6606 = EDGE_CURVE ( 'NONE', #5832, #1875, #6683, .T. ) ;
#6607 = CARTESIAN_POINT ( 'NONE',  ( 0.07890812712639487525, 0.04011827321067335667, 0.05721605436500189906 ) ) ;
#6608 = CARTESIAN_POINT ( 'NONE',  ( 0.08644056389541120156, 0.04432088081784599926, 0.03067808498712109797 ) ) ;
#6609 = CARTESIAN_POINT ( 'NONE',  ( -0.01160665099011269977, 0.04760757410786779775, 0.05703383222399480146 ) ) ;
#6610 = CARTESIAN_POINT ( 'NONE',  ( 0.07292140586546197456, 0.04873237644588031270, 0.1305243647287266939 ) ) ;
#6611 = DIRECTION ( 'NONE',  ( 0.7026718689580420119, 0.000000000000000000, 0.7115140508626741633 ) ) ;
#6612 = ORIENTED_EDGE ( 'NONE', *, *, #1301, .F. ) ;
#6613 = CARTESIAN_POINT ( 'NONE',  ( -0.002607341195684108673, 0.05200018851613819049, 0.1161891465178618715 ) ) ;
#6614 = EDGE_CURVE ( 'NONE', #7370, #2979, #2745, .T. ) ;
#6615 = CARTESIAN_POINT ( 'NONE',  ( 0.005620597117309352082, 0.04154384523402618323, 0.03820901329755466841 ) ) ;
#6616 = CARTESIAN_POINT ( 'NONE',  ( 0.09775427235824439565, 0.04432088081784599926, 0.04199179352225750061 ) ) ;
#6617 = AXIS2_PLACEMENT_3D ( 'NONE', #8935, #8132, #365 ) ;
#6618 = ORIENTED_EDGE ( 'NONE', *, *, #4934, .T. ) ;
#6619 = CARTESIAN_POINT ( 'NONE',  ( 0.07377833683873527559, 0.04805487387508315666, 0.05598362488982967788 ) ) ;
#6620 = CARTESIAN_POINT ( 'NONE',  ( 0.08416447439539523345, 0.05200019073592378888, 0.06956166290340234926 ) ) ;
#6621 =( BOUNDED_CURVE ( )  B_SPLINE_CURVE ( 3, ( #8162, #2943, #5808, #6700 ),
 .UNSPECIFIED., .F., .F. ) 
 B_SPLINE_CURVE_WITH_KNOTS ( ( 4, 4 ),
 ( 4.972956824640100137, 5.368820757945869993 ),
 .UNSPECIFIED. ) 
 CURVE ( )  GEOMETRIC_REPRESENTATION_ITEM ( )  RATIONAL_B_SPLINE_CURVE ( ( 1.000000000000000000, 0.9869835577297033646, 0.9869835577297033646, 1.000000000000000000 ) ) 
 REPRESENTATION_ITEM ( '' )  );
#6622 = ORIENTED_EDGE ( 'NONE', *, *, #4520, .T. ) ;
#6623 = APPLICATION_PROTOCOL_DEFINITION ( 'international standard', 'config_control_design', 1994, #1674 ) ;
#6624 = AXIS2_PLACEMENT_3D ( 'NONE', #1695, #1782, #7526 ) ;
#6625 = CARTESIAN_POINT ( 'NONE',  ( 0.002275882013659639731, 0.04010757410786770089, 0.04051077362830800277 ) ) ;
#6626 = ORIENTED_EDGE ( 'NONE', *, *, #2554, .F. ) ;
#6627 = DIRECTION ( 'NONE',  ( 0.7010108883734651464, -0.1310246636425636269, 0.7010108928534550810 ) ) ;
#6628 = ADVANCED_FACE ( 'NONE', ( #4401 ), #8026, .F. ) ;
#6629 = CARTESIAN_POINT ( 'NONE',  ( 0.09558347429001975981, 0.04131997386125788735, 0.05793008087284433338 ) ) ;
#6630 = DIRECTION ( 'NONE',  ( -5.979188663871569707E-17, -1.000000000000000000, 7.523851983841510182E-18 ) ) ;
#6631 = CARTESIAN_POINT ( 'NONE',  ( 0.01446679865083849888, 0.04372744793179530326, 0.04893217948887729901 ) ) ;
#6632 = CARTESIAN_POINT ( 'NONE',  ( 0.08599979658366740942, 0.06510757410786770227, 0.09813931368815159706 ) ) ;
#6633 = AXIS2_PLACEMENT_3D ( 'NONE', #3187, #8018, #5796 ) ;
#6634 = CARTESIAN_POINT ( 'NONE',  ( 0.08415766883448069779, 0.04457559488713459805, 0.06767933537670400845 ) ) ;
#6635 = CARTESIAN_POINT ( 'NONE',  ( 0.08975214707110998336, 0.04548709244376834132, 0.09124994524618935954 ) ) ;
#6636 = ORIENTED_EDGE ( 'NONE', *, *, #8633, .F. ) ;
#6637 = VERTEX_POINT ( 'NONE', #4491 ) ;
#6638 = VECTOR ( 'NONE', #2604, 1.000000000000000000 ) ;
#6639 = AXIS2_PLACEMENT_3D ( 'NONE', #4813, #1146, #7491 ) ;
#6640 = DIRECTION ( 'NONE',  ( 0.7030348447838198345, 0.000000000000000000, 0.7111554028619837542 ) ) ;
#6641 = ORIENTED_EDGE ( 'NONE', *, *, #6645, .T. ) ;
#6642 = DIRECTION ( 'NONE',  ( 0.7111554028619839762, 0.000000000000000000, -0.7030348447838198345 ) ) ;
#6643 = DIRECTION ( 'NONE',  ( 0.4344876699857385116, -0.7010108906134643325, -0.5655123304329284784 ) ) ;
#6644 = VECTOR ( 'NONE', #1055, 1.000000000000000000 ) ;
#6645 = EDGE_CURVE ( 'NONE', #2627, #4396, #3071, .T. ) ;
#6646 = EDGE_CURVE ( 'NONE', #4647, #572, #6359, .T. ) ;
#6647 = CARTESIAN_POINT ( 'NONE',  ( 0.07619459435474400244, 0.04760757410786779775, 0.1456958625041659960 ) ) ;
#6648 = ORIENTED_EDGE ( 'NONE', *, *, #2696, .T. ) ;
#6649 = CARTESIAN_POINT ( 'NONE',  ( 0.06882207688364230802, 0.04985783708471710346, 0.04829657188629449954 ) ) ;
#6650 = ADVANCED_FACE ( 'NONE', ( #1753 ), #1142, .T. ) ;
#6651 = CARTESIAN_POINT ( 'NONE',  ( 0.07843594386713245714, 0.04012057233951329266, 0.1289953931596452275 ) ) ;
#6652 = EDGE_LOOP ( 'NONE', ( #8431, #2441, #1489, #4699, #6308 ) ) ;
#6653 = AXIS2_PLACEMENT_3D ( 'NONE', #304, #2558, #359 ) ;
#6654 = LINE ( 'NONE', #6837, #3460 ) ;
#6655 = DIRECTION ( 'NONE',  ( 0.4344876663716958354, -0.7010108906134552287, 0.5655123332096375632 ) ) ;
#6656 = VECTOR ( 'NONE', #9203, 1.000000000000000000 ) ;
#6657 = CARTESIAN_POINT ( 'NONE',  ( 0.07633751075718800405, 0.04728730665580380133, 0.05916591431288219932 ) ) ;
#6658 = CARTESIAN_POINT ( 'NONE',  ( 0.01548938113070784384, 0.04451988829584654223, 0.1360599457700552017 ) ) ;
#6660 = CARTESIAN_POINT ( 'NONE',  ( 0.07685647280524469938, 0.04010757410786770089, 0.05337406997955480153 ) ) ;
#6659 = AXIS2_PLACEMENT_3D ( 'NONE', #4256, #1293, #4162 ) ;
#6661 = VERTEX_POINT ( 'NONE', #1100 ) ;
#6662 = CARTESIAN_POINT ( 'NONE',  ( 0.06552522820646874968, 0.04990270080178522971, 0.1363525272118690790 ) ) ;
#6663 = DIRECTION ( 'NONE',  ( -3.911738858581304556E-17, -1.000000000000000000, 7.642569011097939605E-18 ) ) ;
#6664 = PLANE ( 'NONE',  #8290 ) ;
#6665 = ORIENTED_EDGE ( 'NONE', *, *, #7654, .T. ) ;
#6666 = AXIS2_PLACEMENT_3D ( 'NONE', #7231, #5638, #601 ) ;
#6667 = VECTOR ( 'NONE', #5191, 1.000000000000000000 ) ;
#6668 = DIRECTION ( 'NONE',  ( 0.000000000000000000, 0.000000000000000000, -1.000000000000000000 ) ) ;
#6669 = CARTESIAN_POINT ( 'NONE',  ( 0.01337423245365420080, 0.05061387553500010239, 0.04807359022199940435 ) ) ;
#6670 = EDGE_LOOP ( 'NONE', ( #8242, #3394, #4927, #6345 ) ) ;
#6671 = PERSON_AND_ORGANIZATION_ROLE ( 'design_supplier' ) ;
#6672 = CARTESIAN_POINT ( 'NONE',  ( 0.08736194898336248349, 0.04010757421260087441, 0.07021628658998649297 ) ) ;
#6673 = CARTESIAN_POINT ( 'NONE',  ( 0.06293068413766929325, 0.04412404529732330549, 0.04917231763129659844 ) ) ;
#6674 = VERTEX_POINT ( 'NONE', #4623 ) ;
#6675 = CARTESIAN_POINT ( 'NONE',  ( 0.07449290478774110713, 0.04728730665580380133, 0.1284378236904749893 ) ) ;
#6676 = AXIS2_PLACEMENT_3D ( 'NONE', #961, #3837, #4583 ) ;
#6677 = CARTESIAN_POINT ( 'NONE',  ( -0.01255174407780305056, 0.04912365686022841099, 0.05572037546589717755 ) ) ;
#6678 = DIRECTION ( 'NONE',  ( -4.027934139806210305E-16, 1.000000000000000000, -1.018010760859769879E-17 ) ) ;
#6679 = EDGE_CURVE ( 'NONE', #1875, #1413, #9274, .T. ) ;
#6680 = CARTESIAN_POINT ( 'NONE',  ( 0.01408990594138509987, 0.04309920372943019939, 0.04840853628464249908 ) ) ;
#6681 = CARTESIAN_POINT ( 'NONE',  ( 0.09316515715744860815, 0.04760757410786779775, 0.1287252998099160106 ) ) ;
#6682 = EDGE_CURVE ( 'NONE', #111, #6857, #4206, .T. ) ;
#6683 = B_SPLINE_CURVE_WITH_KNOTS ( 'NONE', 3,
 ( #8784, #7977, #108, #8072, #1523 ),
 .UNSPECIFIED., .F., .F.,
 ( 4, 1, 4 ),
 ( 0.6250525379112864544, 0.7142857142857150787, 1.000000000000000000 ),
 .UNSPECIFIED. ) ;
#6684 = CARTESIAN_POINT ( 'NONE',  ( 0.08388333750614226925, 0.05200022582737694188, 0.1167055029772224306 ) ) ;
#6685 = CARTESIAN_POINT ( 'NONE',  ( 0.08965420849601198061, 0.04626749307307320008, 0.09639125649808667762 ) ) ;
#6686 = ORIENTED_EDGE ( 'NONE', *, *, #5445, .T. ) ;
#6687 = VERTEX_POINT ( 'NONE', #6743 ) ;
#6688 = EDGE_LOOP ( 'NONE', ( #712, #7718, #5190, #4750, #4626, #8079, #4332, #6217, #6484, #4166, #5620, #7331, #215, #4586, #2488, #1825, #5364, #723, #3451, #561, #419, #1, #668, #8825, #705, #4635, #2102, #101, #1482, #6648, #8096, #745, #2935, #6470, #5995, #7317, #7300, #3476, #1312, #4472, #2496, #1048, #4807, #8664 ) ) ;
#6689 = CARTESIAN_POINT ( 'NONE',  ( -0.005792671831429217245, 0.04010757426895515676, 0.06951899987749599052 ) ) ;
#6690 = CARTESIAN_POINT ( 'NONE',  ( 0.06866944651791409560, 0.04410757410786769750, 0.05198473614568269868 ) ) ;
#6691 = CARTESIAN_POINT ( 'NONE',  ( 0.08560269400311161514, 0.05275600313119531426, 0.08889714739978950286 ) ) ;
#6692 = ORIENTED_EDGE ( 'NONE', *, *, #376, .F. ) ;
#6693 = CARTESIAN_POINT ( 'NONE',  ( 0.004910152207847208287, 0.04259867804454958717, 0.03867229877854700543 ) ) ;
#6694 = CARTESIAN_POINT ( 'NONE',  ( 0.09426112531009819828, 0.04010757410786770089, 0.1298212679695699978 ) ) ;
#6695 = EDGE_LOOP ( 'NONE', ( #7060, #2238, #8811, #8876, #4343 ) ) ;
#6696 = CARTESIAN_POINT ( 'NONE',  ( 0.01327433809469220037, 0.04479132058499209895, 0.1369246513400549925 ) ) ;
#6697 = FACE_OUTER_BOUND ( 'NONE', #8791, .T. ) ;
#6698 = CARTESIAN_POINT ( 'NONE',  ( -0.0002091534175283151257, 0.04306205222553956963, 0.06489579595218769592 ) ) ;
#6699 = CARTESIAN_POINT ( 'NONE',  ( 0.07436767013345337018, 0.04736486025386955900, 0.05720108374200509604 ) ) ;
#6700 = CARTESIAN_POINT ( 'NONE',  ( 0.09328481081273530540, 0.05200000073015689783, 0.1311962256777289837 ) ) ;
#6701 = VERTEX_POINT ( 'NONE', #290 ) ;
#6702 = CARTESIAN_POINT ( 'NONE',  ( 0.08470336599229359720, 0.04990270069763830252, 0.07116154803210440749 ) ) ;
#6703 = VECTOR ( 'NONE', #8223, 1.000000000000000000 ) ;
#6704 = CARTESIAN_POINT ( 'NONE',  ( 0.005201128652610360024, 0.06690757410786771220, 0.09767535187207718184 ) ) ;
#6705 = CARTESIAN_POINT ( 'NONE',  ( 0.001647618305956338822, 0.04010757410786770089, 0.1346964305491604452 ) ) ;
#6706 = ORIENTED_EDGE ( 'NONE', *, *, #165, .T. ) ;
#6707 = DIRECTION ( 'NONE',  ( 5.979188663871559846E-17, 1.000000000000000000, -7.523851983841559485E-18 ) ) ;
#6708 = CARTESIAN_POINT ( 'NONE',  ( 0.06451389607598105591, 0.05200114138396346591, 0.04975846176495243856 ) ) ;
#6709 = EDGE_CURVE ( 'NONE', #2534, #5246, #3918, .T. ) ;
#6710 = EDGE_LOOP ( 'NONE', ( #7364, #8606, #3930, #1436, #2101 ) ) ;
#6711 = MECHANICAL_CONTEXT ( 'NONE', #1674, 'mechanical' ) ;
#6712 = EDGE_CURVE ( 'NONE', #2882, #5301, #6793, .T. ) ;
#6713 = CARTESIAN_POINT ( 'NONE',  ( 0.1106815080090770009, 0.05200000073015689783, 0.02906455795404009820 ) ) ;
#6714 = LINE ( 'NONE', #1588, #1043 ) ;
#6715 = ORIENTED_EDGE ( 'NONE', *, *, #316, .T. ) ;
#6716 = CARTESIAN_POINT ( 'NONE',  ( 0.007801085789005760170, 0.06690757410786771220, 0.09769028133645582535 ) ) ;
#6717 = B_SPLINE_CURVE_WITH_KNOTS ( 'NONE', 3,
 ( #2665, #1959, #5446, #6767, #3182, #4035, #311, #8272, #8509, #5634, #4216, #597, #4169, #6999, #2765, #4130, #7041, #3030, #4923, #5893, #6341, #5588, #5154, #8070, #866, #823, #3468, #550, #8782, #2055, #2275, #7089, #148, #3640, #3690, #8024, #1570, #2983, #652, #4397, #5846, #6560, #2009, #4877, #7753, #106, #7969, #1519, #7318, #3423, #2226, #7794, #6514, #2328, #5200, #57, #8463, #6289, #6607, #7269, #8730, #9170, #1345, #4445 ),
 .UNSPECIFIED., .F., .F.,
 ( 4, 2, 1, 1, 1, 1, 2, 2, 2, 2, 1, 1, 2, 2, 2, 2, 1, 1, 2, 2, 2, 2, 1, 1, 1, 2, 2, 2, 2, 2, 2, 2, 2, 1, 1, 1, 2, 2, 4 ),
 ( 0.000000000000000000, 0.06250000000005179190, 0.09375000000007664702, 0.1093750000000889983, 0.1171875000000928840, 0.1210937500000914130, 0.1230468750000894840, 0.1250000000000875688, 0.1875000000000387745, 0.2187500000000119627, 0.2343749999999989730, 0.2421874999999942824, 0.2460937499999918121, 0.2499999999999893696, 0.3125000000000359157, 0.3437500000000618394, 0.3593750000000749401, 0.3671875000000753286, 0.3710937500000792144, 0.3750000000000830447, 0.5000000000001053602, 0.5625000000001184608, 0.5937500000001267875, 0.6093750000001283418, 0.6171875000001347811, 0.6210937500001378897, 0.6250000000001409983, 0.6875000000001598721, 0.7187500000001695311, 0.7343750000001740830, 0.7500000000001787459, 0.8125000000001804112, 0.8437500000001815215, 0.8593750000001828537, 0.8671875000001767475, 0.8710937500001808553, 0.8730468750001840750, 0.8750000000001874056, 1.000000000000000000 ),
 .UNSPECIFIED. ) ;
#6718 = CARTESIAN_POINT ( 'NONE',  ( -0.01229700164275096021, 0.05050585661677442495, 0.05535633729567684957 ) ) ;
#6719 = CARTESIAN_POINT ( 'NONE',  ( 0.004775743437892071390, 0.04728765166029010730, 0.05890835420053554261 ) ) ;
#6720 = CARTESIAN_POINT ( 'NONE',  ( 0.01330957689741840005, 0.04510757410786769839, 0.04800893466535029880 ) ) ;
#6721 = LINE ( 'NONE', #6904, #7519 ) ;
#6722 = ADVANCED_FACE ( 'NONE', ( #9007 ), #945, .F. ) ;
#6723 = CARTESIAN_POINT ( 'NONE',  ( 0.08454878017566669346, 0.04010757410786770089, 0.1236444566902989983 ) ) ;
#6724 = DIRECTION ( 'NONE',  ( 1.000000000000000000, 0.000000000000000000, 0.000000000000000000 ) ) ;
#6725 = ORIENTED_EDGE ( 'NONE', *, *, #2341, .T. ) ;
#6726 = ORIENTED_EDGE ( 'NONE', *, *, #7567, .F. ) ;
#6727 = EDGE_CURVE ( 'NONE', #5175, #4052, #7556, .T. ) ;
#6728 = EDGE_CURVE ( 'NONE', #3369, #1264, #8772, .T. ) ;
#6729 = CARTESIAN_POINT ( 'NONE',  ( 0.01771020341433079959, 0.05292834581888049977, 0.04963547415505249749 ) ) ;
#6730 = CARTESIAN_POINT ( 'NONE',  ( 0.01317846966618788779, 0.05199620786513979576, 0.1367563415375737113 ) ) ;
#6731 = DIRECTION ( 'NONE',  ( 0.005742101684089199673, 0.000000000000000000, -0.9999835139982305998 ) ) ;
#6732 = B_SPLINE_CURVE_WITH_KNOTS ( 'NONE', 3,
 ( #6779, #2490, #5366, #8238 ),
 .UNSPECIFIED., .F., .F.,
 ( 4, 4 ),
 ( 0.000000000000000000, 1.000000000000000000 ),
 .UNSPECIFIED. ) ;
#6733 = CARTESIAN_POINT ( 'NONE',  ( -0.003349015689295400163, 0.04473504341563720038, 0.1196068796293069947 ) ) ;
#6734 = ORIENTED_EDGE ( 'NONE', *, *, #1750, .T. ) ;
#6735 = VERTEX_POINT ( 'NONE', #4812 ) ;
#6736 = CARTESIAN_POINT ( 'NONE',  ( 0.04077925308366790041, 0.04010757410786770089, 0.09287956601695539216 ) ) ;
#6737 = ADVANCED_FACE ( 'NONE', ( #3497 ), #2878, .F. ) ;
#6738 = CARTESIAN_POINT ( 'NONE',  ( 0.07644174271546755328, 0.04011813303270668485, 0.1310120114268260583 ) ) ;
#6739 = ORIENTED_EDGE ( 'NONE', *, *, #7816, .T. ) ;
#6740 = CARTESIAN_POINT ( 'NONE',  ( 0.08562862924217837235, 0.04645942984986459190, 0.09656008480000226324 ) ) ;
#6741 = B_SPLINE_CURVE_WITH_KNOTS ( 'NONE', 3,
 ( #7207, #4197, #8444, #3541 ),
 .UNSPECIFIED., .F., .F.,
 ( 4, 4 ),
 ( 0.000000000000000000, 1.000000000000000000 ),
 .UNSPECIFIED. ) ;
#6742 = CARTESIAN_POINT ( 'NONE',  ( 0.01627196317832890066, 0.09210757410786771238, 0.1409980940648459802 ) ) ;
#6743 = CARTESIAN_POINT ( 'NONE',  ( 0.05210371493804120263, 0.07410757410786771027, 0.07994437897892439637 ) ) ;
#6744 = CARTESIAN_POINT ( 'NONE',  ( 0.07296845548116989710, 0.04862956370312867399, 0.1304841178050001049 ) ) ;
#6745 = DIRECTION ( 'NONE',  ( -5.979188663871559846E-17, -1.000000000000000000, 7.523851983841539456E-18 ) ) ;
#6746 = ORIENTED_EDGE ( 'NONE', *, *, #7252, .F. ) ;
#6747 = CARTESIAN_POINT ( 'NONE',  ( -0.002539385705866551747, 0.05200018932057506871, 0.1174148516571251605 ) ) ;
#6748 = B_SPLINE_CURVE_WITH_KNOTS ( 'NONE', 3,
 ( #8849, #7469, #6719, #7339, #268, #8179, #2251, #7381, #932, #5259, #5129, #1017, #887, #4598, #7429, #8133, #1685, #4556 ),
 .UNSPECIFIED., .F., .F.,
 ( 4, 2, 2, 2, 2, 1, 1, 1, 1, 2, 4 ),
 ( 0.000000000000000000, 0.2982211237639980639, 0.4473316856459988444, 0.4846093261165003718, 0.5032481463517498588, 0.5218869665869994012, 0.5591646070574948224, 0.5778034272927438098, 0.5871228374103683034, 0.5917825424691804947, 0.5964422475279926861 ),
 .UNSPECIFIED. ) ;
#6749 = CARTESIAN_POINT ( 'NONE',  ( -0.005824130485128469793, 0.04037124799189970026, 0.1172768546448549887 ) ) ;
#6750 = CARTESIAN_POINT ( 'NONE',  ( 0.006711923930810929917, 0.04722120145040190065, 0.05696763089239130495 ) ) ;
#6751 = ORIENTED_EDGE ( 'NONE', *, *, #2853, .T. ) ;
#6752 = B_SPLINE_CURVE_WITH_KNOTS ( 'NONE', 3,
 ( #2917, #2257, #2209, #582 ),
 .UNSPECIFIED., .F., .F.,
 ( 4, 4 ),
 ( 0.000000000000000000, 1.000000000000000000 ),
 .UNSPECIFIED. ) ;
#6753 = CARTESIAN_POINT ( 'NONE',  ( 0.04077925308366790041, 0.04010757410786770089, 0.09287956601695539216 ) ) ;
#6754 = CARTESIAN_POINT ( 'NONE',  ( 0.06652868545350186513, 0.05199997245607351770, 0.04977900715170233137 ) ) ;
#6755 = ORIENTED_EDGE ( 'NONE', *, *, #2241, .T. ) ;
#6756 = PERSON_AND_ORGANIZATION ( #633, #8323 ) ;
#6757 = CARTESIAN_POINT ( 'NONE',  ( 0.08516350094210339838, 0.04950000073015689561, 0.06236073942613179488 ) ) ;
#6758 = EDGE_CURVE ( 'NONE', #6057, #9263, #5160, .T. ) ;
#6759 = DIRECTION ( 'NONE',  ( -2.826069150446299875E-17, -1.000000000000000000, 7.704910297450960016E-18 ) ) ;
#6760 = ORIENTED_EDGE ( 'NONE', *, *, #8868, .T. ) ;
#6761 = ADVANCED_FACE ( 'NONE', ( #9150 ), #2690, .F. ) ;
#6762 = CARTESIAN_POINT ( 'NONE',  ( 0.04077925308366790041, 0.04010757410786770089, 0.09287956601695539216 ) ) ;
#6763 = FACE_OUTER_BOUND ( 'NONE', #7200, .T. ) ;
#6764 = AXIS2_PLACEMENT_3D ( 'NONE', #1563, #194, #6643 ) ;
#6765 = EDGE_CURVE ( 'NONE', #7097, #6510, #8487, .T. ) ;
#6766 = CARTESIAN_POINT ( 'NONE',  ( 0.07720971485251039435, 0.04510757410786769839, 0.1467109830084199762 ) ) ;
#6767 = CARTESIAN_POINT ( 'NONE',  ( 0.07682614785559480075, 0.04011129225497306328, 0.05494987118714111246 ) ) ;
#6768 = DIRECTION ( 'NONE',  ( 5.700981915704969687E-17, 1.000000000000000000, 9.381789281211429512E-18 ) ) ;
#6769 = CARTESIAN_POINT ( 'NONE',  ( 0.008777017619721196040, 0.04909723371615944132, 0.05511542542548422685 ) ) ;
#6770 = TOROIDAL_SURFACE ( 'NONE', #1952, 0.05349999999999999895, 0.004000000000000000083 ) ;
#6771 = VERTEX_POINT ( 'NONE', #4292 ) ;
#6772 = AXIS2_PLACEMENT_3D ( 'NONE', #1071, #2435, #3235 ) ;
#6773 = CARTESIAN_POINT ( 'NONE',  ( 0.01698931665055300466, 0.04429449256096727044, 0.1359660927685741594 ) ) ;
#6774 = CARTESIAN_POINT ( 'NONE',  ( 0.06010358305002700546, 0.04010757410786770089, 0.07999031579239709866 ) ) ;
#6775 = CARTESIAN_POINT ( 'NONE',  ( 0.08953330555820662728, 0.04820352823278375304, 0.09778286897505000796 ) ) ;
#6776 = ORIENTED_EDGE ( 'NONE', *, *, #5376, .F. ) ;
#6777 = ORIENTED_EDGE ( 'NONE', *, *, #8820, .T. ) ;
#6778 = PRODUCT_DEFINITION ( 'UNKNOWN', '', #3197, #8193 ) ;
#6779 = CARTESIAN_POINT ( 'NONE',  ( 0.09314804547231531062, 0.04699070047950899831, 0.05437619494694709982 ) ) ;
#6780 = B_SPLINE_CURVE_WITH_KNOTS ( 'NONE', 3,
 ( #5209, #296, #5292, #8921, #8211 ),
 .UNSPECIFIED., .F., .F.,
 ( 4, 1, 4 ),
 ( 0.4999907232291716519, 0.7142857142858465291, 1.000000000000000000 ),
 .UNSPECIFIED. ) ;
#6781 = CARTESIAN_POINT ( 'NONE',  ( -0.003019579371258256876, 0.04291077704490055961, 0.07090998986978855334 ) ) ;
#6782 = CARTESIAN_POINT ( 'NONE',  ( 0.07858026196319292667, 0.04011026415193417322, 0.1305301607323698099 ) ) ;
#6783 = CARTESIAN_POINT ( 'NONE',  ( 0.009103377915059648884, 0.05200000073015689783, 0.1403265574970965490 ) ) ;
#6784 = ORIENTED_EDGE ( 'NONE', *, *, #1593, .T. ) ;
#6786 = VERTEX_POINT ( 'NONE', #4195 ) ;
#6785 = AXIS2_PLACEMENT_3D ( 'NONE', #3752, #5348, #837 ) ;
#6787 = DIRECTION ( 'NONE',  ( 0.5655123332096394506, -0.7010108906134546736, -0.4344876663716943366 ) ) ;
#6788 = CARTESIAN_POINT ( 'NONE',  ( 0.005032173276343111616, 0.04162263655638747534, 0.1471671969359977794 ) ) ;
#6789 = ORIENTED_EDGE ( 'NONE', *, *, #2688, .T. ) ;
#6790 = CARTESIAN_POINT ( 'NONE',  ( 0.01273642928369349975, 0.04510757410786769839, 0.1374625601476159864 ) ) ;
#6791 = VECTOR ( 'NONE', #1006, 1.000000000000000000 ) ;
#6792 = CARTESIAN_POINT ( 'NONE',  ( 0.01892031074961090034, 0.05199997858829920327, 0.04902533945998929776 ) ) ;
#6793 = LINE ( 'NONE', #8302, #5006 ) ;
#6794 = ADVANCED_FACE ( 'NONE', ( #4949 ), #6412, .T. ) ;
#6795 = LINE ( 'NONE', #432, #7390 ) ;
#6796 = B_SPLINE_CURVE_WITH_KNOTS ( 'NONE', 3,
 ( #6566, #2372, #5157, #6698, #5899, #4447, #4350, #4535, #3120, #8160, #955, #248, #5984, #776, #8867, #7218 ),
 .UNSPECIFIED., .F., .F.,
 ( 4, 2, 2, 2, 2, 2, 2, 4 ),
 ( 0.000000000000000000, 0.1250000000000000000, 0.2500000000000000000, 0.3750000000000000000, 0.5000000000000000000, 0.6250000000000000000, 0.7500000000000000000, 1.000000000000000000 ),
 .UNSPECIFIED. ) ;
#6797 = CARTESIAN_POINT ( 'NONE',  ( 0.001801046805251540085, 0.04950000073015689561, 0.04086322785943780067 ) ) ;
#6798 = EDGE_LOOP ( 'NONE', ( #1502, #5371, #6784, #7762 ) ) ;
#6799 = CARTESIAN_POINT ( 'NONE',  ( 0.07794202849058756710, 0.04992850094462340793, 0.1248158795809040517 ) ) ;
#6800 = CARTESIAN_POINT ( 'NONE',  ( 0.08457808606993119649, 0.04410757410786769750, 0.1148491410934430051 ) ) ;
#6801 = LINE ( 'NONE', #352, #6791 ) ;
#6802 = ORIENTED_EDGE ( 'NONE', *, *, #8638, .F. ) ;
#6803 = VECTOR ( 'NONE', #8862, 1.000000000000000000 ) ;
#6804 = LINE ( 'NONE', #6939, #5203 ) ;
#6805 = CARTESIAN_POINT ( 'NONE',  ( 0.06457772819935288233, 0.05200044116559681545, 0.04977051681402855365 ) ) ;
#6806 = ORIENTED_EDGE ( 'NONE', *, *, #4982, .T. ) ;
#6807 = AXIS2_PLACEMENT_3D ( 'NONE', #1409, #1362, #709 ) ;
#6808 = DIRECTION ( 'NONE',  ( 5.979188663871559846E-17, 1.000000000000000000, -7.523851983841530211E-18 ) ) ;
#6809 = CONICAL_SURFACE ( 'NONE', #4404, 0.003149999999999997420, 0.7853981633974476129 ) ;
#6810 = CARTESIAN_POINT ( 'NONE',  ( 0.08293978671963840588, 0.04117636887387681605, 0.06458445363438555797 ) ) ;
#6811 = CARTESIAN_POINT ( 'NONE',  ( 0.07842984779908357407, 0.04011026415193418709, 0.05507855713743196185 ) ) ;
#6812 = ORIENTED_EDGE ( 'NONE', *, *, #5275, .F. ) ;
#6813 = LINE ( 'NONE', #6716, #3401 ) ;
#6814 = CARTESIAN_POINT ( 'NONE',  ( 0.07580103911849753184, 0.04139320041414660395, 0.1476377893248238260 ) ) ;
#6815 = CARTESIAN_POINT ( 'NONE',  ( 0.07493208271265809628, 0.04728566457157939995, 0.05774291523272200022 ) ) ;
#6816 = CARTESIAN_POINT ( 'NONE',  ( 0.01175850681001960885, 0.04091810034286306325, 0.1349049487204053155 ) ) ;
#6817 = FACE_OUTER_BOUND ( 'NONE', #5970, .T. ) ;
#6818 = CARTESIAN_POINT ( 'NONE',  ( 0.09241905725443330666, 0.04950000073015689561, 0.1323552626568499924 ) ) ;
#6819 = ORIENTED_EDGE ( 'NONE', *, *, #455, .T. ) ;
#6820 = CARTESIAN_POINT ( 'NONE',  ( 0.06502885329812499449, 0.03610757410786769733, 0.09301881198279449148 ) ) ;
#6821 = DIRECTION ( 'NONE',  ( 5.979188663871559846E-17, 1.000000000000000000, -7.523851983841548700E-18 ) ) ;
#6822 = DIRECTION ( 'NONE',  ( 0.7071067789270740755, 3.907985046680551042E-16, 0.7071067834460210699 ) ) ;
#6823 = CARTESIAN_POINT ( 'NONE',  ( 0.08953227861756153649, 0.04822847880196533266, 0.09779307910986682895 ) ) ;
#6824 = EDGE_LOOP ( 'NONE', ( #2863, #8676, #3117, #1452, #2723, #5852, #2154 ) ) ;
#6825 = EDGE_LOOP ( 'NONE', ( #877, #6905, #8736, #2718 ) ) ;
#6826 = CARTESIAN_POINT ( 'NONE',  ( 0.01400521572421170070, 0.05063850073178939593, 0.04868148534809969841 ) ) ;
#6827 = CARTESIAN_POINT ( 'NONE',  ( 0.06866944651791409560, 0.04950000073015689561, 0.05198473614568269868 ) ) ;
#6828 = CARTESIAN_POINT ( 'NONE',  ( 0.01934234219034190044, 0.04410757410786769750, 0.04881757728117999684 ) ) ;
#6829 = EDGE_CURVE ( 'NONE', #1508, #190, #8443, .T. ) ;
#6830 = EDGE_CURVE ( 'NONE', #816, #7803, #6349, .T. ) ;
#6831 = CARTESIAN_POINT ( 'NONE',  ( -0.004100393357601520364, 0.04129146142190579655, 0.1180400961757560041 ) ) ;
#6832 = EDGE_LOOP ( 'NONE', ( #1356, #2327, #3152, #7869, #996, #8618 ) ) ;
#6833 = ORIENTED_EDGE ( 'NONE', *, *, #2306, .F. ) ;
#6834 = CARTESIAN_POINT ( 'NONE',  ( -0.03615908918903509850, 0.04223434633125560528, 0.01409661749856709959 ) ) ;
#6835 = DIRECTION ( 'NONE',  ( 6.599719497144229821E-17, 1.000000000000000000, 0.000000000000000000 ) ) ;
#6836 = VERTEX_POINT ( 'NONE', #8397 ) ;
#6837 = CARTESIAN_POINT ( 'NONE',  ( 0.07464278169168979404, 0.04010757410786770089, 0.1031318563913250080 ) ) ;
#6838 = CYLINDRICAL_SURFACE ( 'NONE', #4126, 0.004999999999999996635 ) ;
#6839 = CARTESIAN_POINT ( 'NONE',  ( 0.08481401815781289266, 0.04121965240077989784, 0.1163259722370180022 ) ) ;
#6840 = CARTESIAN_POINT ( 'NONE',  ( 0.001872270284385085023, 0.07410757410786771027, 0.1056563688038937993 ) ) ;
#6841 = CARTESIAN_POINT ( 'NONE',  ( 0.05060115105452499956, 0.04010757410786770089, 0.1271734868748460034 ) ) ;
#6842 = APPLICATION_CONTEXT ( 'configuration controlled 3d designs of mechanical parts and assemblies' ) ;
#6843 = VERTEX_POINT ( 'NONE', #9199 ) ;
#6844 = FACE_OUTER_BOUND ( 'NONE', #245, .T. ) ;
#6845 = ADVANCED_FACE ( 'NONE', ( #9341 ), #1936, .F. ) ;
#6846 = FACE_BOUND ( 'NONE', #2026, .T. ) ;
#6847 = ADVANCED_FACE ( 'NONE', ( #8535 ), #5459, .T. ) ;
#6848 = ORIENTED_EDGE ( 'NONE', *, *, #7924, .T. ) ;
#6849 = ADVANCED_FACE ( 'NONE', ( #8490 ), #3449, .T. ) ;
#6851 = AXIS2_PLACEMENT_3D ( 'NONE', #6753, #7988, #3840 ) ;
#6850 = CARTESIAN_POINT ( 'NONE',  ( -0.01544626419386450032, 0.04010757410786770089, 0.06026528683016509763 ) ) ;
#6852 = CARTESIAN_POINT ( 'NONE',  ( 0.06881738967596415235, 0.05200000073015690477, 0.04867250789428350516 ) ) ;
#6853 = DIRECTION ( 'NONE',  ( 0.7071067834460215140, -7.105427357600994611E-17, -0.7071067789270735204 ) ) ;
#6854 = VECTOR ( 'NONE', #8380, 1.000000000000000000 ) ;
#6855 = DIRECTION ( 'NONE',  ( 0.005742101684089223959, 0.000000000000000000, -0.9999835139982307108 ) ) ;
#6856 = DIRECTION ( 'NONE',  ( -1.000000000000000000, 0.000000000000000000, 0.000000000000000000 ) ) ;
#6857 = VERTEX_POINT ( 'NONE', #4244 ) ;
#6858 = CARTESIAN_POINT ( 'NONE',  ( -0.003144859824957650218, 0.05102534097658509987, 0.1145975840018060021 ) ) ;
#6859 = CARTESIAN_POINT ( 'NONE',  ( 0.06833767870933570021, 0.05200000073014460211, 0.1374729234291370006 ) ) ;
#6860 = CARTESIAN_POINT ( 'NONE',  ( 0.08484124181944339982, 0.04320997620684199902, 0.07144265512362940607 ) ) ;
#6861 = CARTESIAN_POINT ( 'NONE',  ( -0.003803741046992950136, 0.04985783708471710346, 0.06483674221698110252 ) ) ;
#6862 = AXIS2_PLACEMENT_3D ( 'NONE', #4304, #7175, #728 ) ;
#6863 = DIRECTION ( 'NONE',  ( 5.979188663871559846E-17, 1.000000000000000000, -7.523851983841539456E-18 ) ) ;
#6864 = CYLINDRICAL_SURFACE ( 'NONE', #7975, 0.002999999999999997027 ) ;
#6865 = VERTEX_POINT ( 'NONE', #7777 ) ;
#6866 = CARTESIAN_POINT ( 'NONE',  ( 0.07826723919927129625, 0.04010757410786770089, 0.05471019482752750157 ) ) ;
#6867 = CARTESIAN_POINT ( 'NONE',  ( -0.004692742547907679911, 0.04097108343280489451, 0.06689571995113659242 ) ) ;
#6868 = DIRECTION ( 'NONE',  ( -5.979188663871559846E-17, -1.000000000000000000, 7.523851983841539456E-18 ) ) ;
#6869 = CYLINDRICAL_SURFACE ( 'NONE', #5208, 0.002999999999999997894 ) ;
#6870 = VERTEX_POINT ( 'NONE', #1326 ) ;
#6871 = ORIENTED_EDGE ( 'NONE', *, *, #8795, .F. ) ;
#6872 = CARTESIAN_POINT ( 'NONE',  ( 0.01334489240639219997, 0.05132137481406520013, 0.04816578805613810216 ) ) ;
#6873 = CYLINDRICAL_SURFACE ( 'NONE', #347, 0.001699999999999989931 ) ;
#6874 = CARTESIAN_POINT ( 'NONE',  ( 0.07805240028501268801, 0.04011121596806816597, 0.1310195807893381192 ) ) ;
#6875 = CARTESIAN_POINT ( 'NONE',  ( 0.08557217924980081714, 0.05303120970983044719, 0.09719167964429119289 ) ) ;
#6876 = ORIENTED_EDGE ( 'NONE', *, *, #2645, .F. ) ;
#6877 = ORIENTED_EDGE ( 'NONE', *, *, #2554, .T. ) ;
#6878 = EDGE_CURVE ( 'NONE', #3910, #5582, #1628, .T. ) ;
#6879 = CARTESIAN_POINT ( 'NONE',  ( 0.003657379056339069793, 0.04782797403358417937, 0.1256236021016364501 ) ) ;
#6880 = ADVANCED_FACE ( 'NONE', ( #3632 ), #2172, .F. ) ;
#6881 = CARTESIAN_POINT ( 'NONE',  ( 0.07644751716985775936, 0.04011893014178214562, 0.1309919430329556100 ) ) ;
#6882 = VERTEX_POINT ( 'NONE', #2927 ) ;
#6883 = CARTESIAN_POINT ( 'NONE',  ( 0.003461729534276248438, 0.04013713380090701971, 0.05664527973926124227 ) ) ;
#6884 = EDGE_CURVE ( 'NONE', #6836, #3544, #6600, .T. ) ;
#6885 = DIRECTION ( 'NONE',  ( 1.000000000000000000, -5.979188663871559846E-17, 0.000000000000000000 ) ) ;
#6886 = DIRECTION ( 'NONE',  ( 0.005742101684089199673, 0.000000000000000000, -0.9999835139982305998 ) ) ;
#6887 = CARTESIAN_POINT ( 'NONE',  ( 0.07811938264225234962, 0.04812102740775532628, 0.06038395516666506674 ) ) ;
#6888 = CARTESIAN_POINT ( 'NONE',  ( 0.06240674294250399962, 0.04412530489793370370, 0.1368484400223619890 ) ) ;
#6889 = ORIENTED_EDGE ( 'NONE', *, *, #2805, .F. ) ;
#6890 = CARTESIAN_POINT ( 'NONE',  ( 0.04107631455900782880, 0.04410757410786769750, 0.04388046648972051406 ) ) ;
#6891 = FACE_OUTER_BOUND ( 'NONE', #3554, .T. ) ;
#6892 = CARTESIAN_POINT ( 'NONE',  ( 0.08238027355932930895, 0.04950000073015689561, 0.1292541246780099795 ) ) ;
#6893 = CYLINDRICAL_SURFACE ( 'NONE', #846, 0.04950000000000001621 ) ;
#6894 = CYLINDRICAL_SURFACE ( 'NONE', #9204, 0.004999999999999996635 ) ;
#6895 = CARTESIAN_POINT ( 'NONE',  ( 0.06461048214397119294, 0.05200020516602110038, 0.04977644161805136469 ) ) ;
#6896 = CARTESIAN_POINT ( 'NONE',  ( -0.003144859824957670167, 0.04416030888467410015, 0.1145975840018060021 ) ) ;
#6897 = CARTESIAN_POINT ( 'NONE',  ( 0.08363406188180746992, 0.04050662615237971692, 0.06389017847665343086 ) ) ;
#6898 = CARTESIAN_POINT ( 'NONE',  ( 0.07937661981142681011, 0.04010757410786770089, 0.05583238958361720627 ) ) ;
#6899 = EDGE_LOOP ( 'NONE', ( #4224, #5278, #5250, #6590 ) ) ;
#6900 = CARTESIAN_POINT ( 'NONE',  ( -0.002670219083347190846, 0.04450072403882261024, 0.1174793233933128789 ) ) ;
#6901 = CARTESIAN_POINT ( 'NONE',  ( -0.003144859824957650218, 0.09210757410786771238, 0.1145975840018060021 ) ) ;
#6902 = LINE ( 'NONE', #7563, #5858 ) ;
#6903 = CARTESIAN_POINT ( 'NONE',  ( 0.01277173174716170027, 0.05130737842113160252, 0.1373003656501400049 ) ) ;
#6904 = CARTESIAN_POINT ( 'NONE',  ( 0.1155962750060329919, 0.04223434633125560528, 0.1737838348721250092 ) ) ;
#6905 = ORIENTED_EDGE ( 'NONE', *, *, #48, .F. ) ;
#6906 = CARTESIAN_POINT ( 'NONE',  ( 0.06824892926991750486, 0.04510757410786769839, 0.1377501973685599790 ) ) ;
#6907 = LINE ( 'NONE', #6246, #920 ) ;
#6908 = EDGE_CURVE ( 'NONE', #8482, #8752, #3761, .T. ) ;
#6909 = FACE_OUTER_BOUND ( 'NONE', #3610, .T. ) ;
#6910 = DIRECTION ( 'NONE',  ( -5.979188663871559846E-17, -1.000000000000000000, 7.523851983841548700E-18 ) ) ;
#6911 = ORIENTED_EDGE ( 'NONE', *, *, #6829, .T. ) ;
#6912 = ORIENTED_EDGE ( 'NONE', *, *, #3253, .F. ) ;
#6913 = CARTESIAN_POINT ( 'NONE',  ( 0.01340361890026730077, 0.04410757410786769750, 0.05163851058603039640 ) ) ;
#6914 = AXIS2_PLACEMENT_3D ( 'NONE', #5956, #6581, #8043 ) ;
#6915 = CARTESIAN_POINT ( 'NONE',  ( -0.03588114390543020032, 0.03926020900462520030, 0.01437456278394820021 ) ) ;
#6916 = CARTESIAN_POINT ( 'NONE',  ( 0.06882207688364230802, 0.04510757410786769839, 0.04829657188629449954 ) ) ;
#6917 = SHAPE_DEFINITION_REPRESENTATION ( #5265, #2767 ) ;
#6918 = CIRCLE ( 'NONE', #2552, 0.05349999999999999895 ) ;
#6919 = CARTESIAN_POINT ( 'NONE',  ( 0.08563815916362400860, 0.05386841638945434607, 0.09644742688717494739 ) ) ;
#6920 = ORIENTED_EDGE ( 'NONE', *, *, #210, .F. ) ;
#6921 = ORIENTED_EDGE ( 'NONE', *, *, #3945, .F. ) ;
#6922 = DIRECTION ( 'NONE',  ( -0.6902684921683039931, -0.2169304578186490029, 0.6902684877569650324 ) ) ;
#6923 = CARTESIAN_POINT ( 'NONE',  ( 0.09209741812682779860, 0.04432088081784599926, 0.03633493925468930102 ) ) ;
#6924 = ORIENTED_EDGE ( 'NONE', *, *, #2823, .T. ) ;
#6925 = CARTESIAN_POINT ( 'NONE',  ( 0.003070240198623919517, 0.04011849707274046939, 0.05677830435295268957 ) ) ;
#6926 = DIRECTION ( 'NONE',  ( -1.296989514749014424E-16, 0.000000000000000000, 1.000000000000000000 ) ) ;
#6927 = AXIS2_PLACEMENT_3D ( 'NONE', #7885, #3552, #6518 ) ;
#6928 = CARTESIAN_POINT ( 'NONE',  ( 0.08382222077444140274, 0.04430890886829389613, 0.1168150001970149898 ) ) ;
#6929 = CARTESIAN_POINT ( 'NONE',  ( 0.05027510273248229911, 0.03610757410786769733, 0.08504784961973550772 ) ) ;
#6930 = CARTESIAN_POINT ( 'NONE',  ( 0.07545116602373685977, 0.04728441346042842192, 0.1275105209290922914 ) ) ;
#6931 = ADVANCED_FACE ( 'NONE', ( #317 ), #7918, .F. ) ;
#6932 = ORIENTED_EDGE ( 'NONE', *, *, #1947, .F. ) ;
#6933 = CARTESIAN_POINT ( 'NONE',  ( 0.07736209670230445590, 0.04818205056853405721, 0.1254785781056963478 ) ) ;
#6934 = AXIS2_PLACEMENT_3D ( 'NONE', #4629, #297, #4067 ) ;
#6935 = CARTESIAN_POINT ( 'NONE',  ( 0.001880806573263530020, 0.05498850940878750176, 0.05920758133842969617 ) ) ;
#6936 = DIRECTION ( 'NONE',  ( 5.979188663871559846E-17, 1.000000000000000000, -7.523851983841548700E-18 ) ) ;
#6937 = AXIS2_PLACEMENT_3D ( 'NONE', #4061, #9008, #1192 ) ;
#6938 = DIRECTION ( 'NONE',  ( -0.6084652276582217523, 0.6902684899626362336, -0.3915347730349506006 ) ) ;
#6939 = CARTESIAN_POINT ( 'NONE',  ( 0.04040601647420210413, 0.04010757410786770089, 0.1578784944268404322 ) ) ;
#6940 = DIRECTION ( 'NONE',  ( -3.016772900569130268E-19, -1.000000000000000000, -1.903665972729600208E-18 ) ) ;
#6941 = CARTESIAN_POINT ( 'NONE',  ( 0.07362715523062954293, 0.04825895660926664277, 0.05584869789754047520 ) ) ;
#6942 = VECTOR ( 'NONE', #4642, 1.000000000000000000 ) ;
#6943 = CARTESIAN_POINT ( 'NONE',  ( 0.08209674213324136272, 0.04305165084419314281, 0.06542749821539496635 ) ) ;
#6944 = LINE ( 'NONE', #361, #81 ) ;
#6945 = ADVANCED_FACE ( 'NONE', ( #99 ), #8940, .F. ) ;
#6946 = EDGE_LOOP ( 'NONE', ( #4030, #3703, #7500, #3420, #527, #5390, #515 ) ) ;
#6947 = CARTESIAN_POINT ( 'NONE',  ( 0.06508540925955300094, 0.03610757410786769733, 0.08316962571655299452 ) ) ;
#6948 = DIRECTION ( 'NONE',  ( 2.826069150446299875E-17, 1.000000000000000000, -7.704910297450960016E-18 ) ) ;
#6949 = AXIS2_PLACEMENT_3D ( 'NONE', #8307, #6275, #5484 ) ;
#6950 = CARTESIAN_POINT ( 'NONE',  ( -0.002821159800400270101, 0.05215222490883870271, 0.07051705851652159684 ) ) ;
#6951 = CARTESIAN_POINT ( 'NONE',  ( 0.01906123509881699901, 0.04416030888467399607, 0.04895545310832969538 ) ) ;
#6952 = VECTOR ( 'NONE', #8268, 1.000000000000000000 ) ;
#6953 = CARTESIAN_POINT ( 'NONE',  ( -0.002693691873844377294, 0.04990270080192868440, 0.1176255437081195898 ) ) ;
#6954 = ORIENTED_EDGE ( 'NONE', *, *, #491, .T. ) ;
#6955 = DIRECTION ( 'NONE',  ( -0.005742101684089325440, 0.000000000000000000, 0.9999835139982307108 ) ) ;
#6956 = CARTESIAN_POINT ( 'NONE',  ( -0.005573700798518880367, 0.04035255481984920123, 0.06795162450619039729 ) ) ;
#6957 = ADVANCED_FACE ( 'NONE', ( #5887 ), #982, .T. ) ;
#6958 = LINE ( 'NONE', #14, #2436 ) ;
#6959 = CARTESIAN_POINT ( 'NONE',  ( 0.09775427235824439565, 0.04432088081784599926, 0.04199179352225750061 ) ) ;
#6960 = EDGE_LOOP ( 'NONE', ( #2989, #7223, #5451, #3935 ) ) ;
#6961 = EDGE_LOOP ( 'NONE', ( #8844, #3185 ) ) ;
#6962 = AXIS2_PLACEMENT_3D ( 'NONE', #6444, #2963, #1361 ) ;
#6963 = EDGE_CURVE ( 'NONE', #4378, #9094, #5749, .T. ) ;
#6964 = LINE ( 'NONE', #4935, #5714 ) ;
#6965 = EDGE_CURVE ( 'NONE', #4951, #6507, #7961, .T. ) ;
#6966 = CARTESIAN_POINT ( 'NONE',  ( -0.01123708507384959913, 0.04950000073015689561, 0.1318577722953719888 ) ) ;
#6967 = ADVANCED_FACE ( 'NONE', ( #3948, #8626, #4340, #2322, #4480, #7713, #7570 ), #1872, .F. ) ;
#6968 = DIRECTION ( 'NONE',  ( 0.6902684877569650324, -0.2169304578186490029, 0.6902684921683039931 ) ) ;
#6969 = CARTESIAN_POINT ( 'NONE',  ( 0.01906123509881699901, 0.04416030888467410015, 0.04895545310832979946 ) ) ;
#6970 = ORIENTED_EDGE ( 'NONE', *, *, #5346, .T. ) ;
#6971 = ORIENTED_EDGE ( 'NONE', *, *, #6758, .F. ) ;
#6972 = CARTESIAN_POINT ( 'NONE',  ( -0.004339412086646723607, 0.04157229238568060231, 0.06637234192032989699 ) ) ;
#6973 = CARTESIAN_POINT ( 'NONE',  ( -0.01619576619090849767, 0.04432088081784599926, 0.1437673385116530200 ) ) ;
#6974 = ORIENTED_EDGE ( 'NONE', *, *, #5785, .F. ) ;
#6975 = CARTESIAN_POINT ( 'NONE',  ( 0.08577953266048966852, 0.04511941175837842072, 0.09273869679461416160 ) ) ;
#6976 = FACE_OUTER_BOUND ( 'NONE', #3797, .T. ) ;
#6977 = VECTOR ( 'NONE', #4810, 1.000000000000000000 ) ;
#6978 = CARTESIAN_POINT ( 'NONE',  ( 0.06960334491193809203, 0.04062835912482675588, 0.1355690791020064956 ) ) ;
#6979 = B_SPLINE_CURVE_WITH_KNOTS ( 'NONE', 3,
 ( #4257, #7129, #2048, #7177, #4961 ),
 .UNSPECIFIED., .F., .F.,
 ( 4, 1, 4 ),
 ( 0.000000000000000000, 0.4285714285714254390, 0.5000178584637680057 ),
 .UNSPECIFIED. ) ;
#6980 = CARTESIAN_POINT ( 'NONE',  ( 0.07794202849058760874, 0.05200000073015689783, 0.1248158795809040100 ) ) ;
#6981 = CARTESIAN_POINT ( 'NONE',  ( 0.08441249574051640225, 0.05200000073015689783, 0.1341147740059679960 ) ) ;
#6982 = VERTEX_POINT ( 'NONE', #6294 ) ;
#6983 = CARTESIAN_POINT ( 'NONE',  ( 0.05580029446092079487, 0.06690757410786771220, 0.09796590221729212233 ) ) ;
#6984 = CARTESIAN_POINT ( 'NONE',  ( 0.06403192320576657492, 0.05200017761237984981, 0.1362756782321172810 ) ) ;
#6985 = CARTESIAN_POINT ( 'NONE',  ( -0.0004618023472568560635, 0.04357657770294792732, 0.1202552002003562243 ) ) ;
#6986 = CARTESIAN_POINT ( 'NONE',  ( -0.0007283846132364120603, 0.03610757410786769733, 0.07549808124658759223 ) ) ;
#6987 = DIRECTION ( 'NONE',  ( 5.979188663871559846E-17, 1.000000000000000000, -7.523851983841539456E-18 ) ) ;
#6988 = CARTESIAN_POINT ( 'NONE',  ( 0.06422562327597602927, 0.04121956132452748306, 0.04884493757364339467 ) ) ;
#6989 = PLANE ( 'NONE',  #7402 ) ;
#6990 = CARTESIAN_POINT ( 'NONE',  ( 0.07769577993129811455, 0.04808508420849322978, 0.1258556185070212607 ) ) ;
#6991 = CARTESIAN_POINT ( 'NONE',  ( 0.07871994474067926795, 0.04011256449496646698, 0.05544445647612086109 ) ) ;
#6992 = VERTEX_POINT ( 'NONE', #557 ) ;
#6993 = ORIENTED_EDGE ( 'NONE', *, *, #5346, .F. ) ;
#6994 = CARTESIAN_POINT ( 'NONE',  ( -0.002633984521786579894, 0.04428576707108219934, 0.1159955826547219987 ) ) ;
#6995 = ADVANCED_FACE ( 'NONE', ( #4792 ), #2409, .T. ) ;
#6996 = CARTESIAN_POINT ( 'NONE',  ( 0.08970780802459879522, 0.05452232311213520144, 0.09553058609271605772 ) ) ;
#6997 = EDGE_CURVE ( 'NONE', #4482, #6292, #3307, .T. ) ;
#6998 = ADVANCED_FACE ( 'NONE', ( #3382 ), #5453, .T. ) ;
#6999 = CARTESIAN_POINT ( 'NONE',  ( 0.07695448651034741960, 0.04012929058150479372, 0.05540759749000924439 ) ) ;
#7000 = CARTESIAN_POINT ( 'NONE',  ( 0.001675467499124172043, 0.04010757410786770089, 0.1298465105062690250 ) ) ;
#7001 = EDGE_CURVE ( 'NONE', #3385, #6532, #6907, .T. ) ;
#7002 = CARTESIAN_POINT ( 'NONE',  ( 0.08518797272676807697, 0.05199875336139664350, 0.06553532981349104169 ) ) ;
#7003 = CIRCLE ( 'NONE', #7446, 0.04500000000000001915 ) ;
#7004 = DIRECTION ( 'NONE',  ( 5.979188663871559846E-17, 1.000000000000000000, -7.523851983841539456E-18 ) ) ;
#7005 = CARTESIAN_POINT ( 'NONE',  ( -0.01299504632753851335, 0.04288611700417861716, 0.05636477722886346076 ) ) ;
#7006 = CARTESIAN_POINT ( 'NONE',  ( 0.08738263665246438772, 0.04037124799189970026, 0.06848227738905621198 ) ) ;
#7007 = CARTESIAN_POINT ( 'NONE',  ( 0.08955139042243509540, 0.05010757410786770283, 0.08815954277459339683 ) ) ;
#7008 = EDGE_LOOP ( 'NONE', ( #7958, #4609, #6789, #8208, #8677 ) ) ;
#7009 = ORIENTED_EDGE ( 'NONE', *, *, #4518, .F. ) ;
#7010 = VECTOR ( 'NONE', #8846, 1.000000000000000000 ) ;
#7011 = DIRECTION ( 'NONE',  ( -5.979188663871559846E-17, -1.000000000000000000, 7.523851983841548700E-18 ) ) ;
#7012 = CARTESIAN_POINT ( 'NONE',  ( 0.002021564928171580393, 0.03610757410786769733, 0.07965679743994021067 ) ) ;
#7013 = FACE_OUTER_BOUND ( 'NONE', #2165, .T. ) ;
#7014 = EDGE_CURVE ( 'NONE', #3621, #6260, #5116, .T. ) ;
#7015 = DIRECTION ( 'NONE',  ( 5.979188663871559846E-17, 1.000000000000000000, -7.523851983841539456E-18 ) ) ;
#7016 = EDGE_LOOP ( 'NONE', ( #758, #1566, #7632, #7920 ) ) ;
#7017 = ORIENTED_EDGE ( 'NONE', *, *, #3220, .T. ) ;
#7018 = EDGE_CURVE ( 'NONE', #2051, #6010, #4420, .T. ) ;
#7019 = CARTESIAN_POINT ( 'NONE',  ( 0.01603321240583541196, 0.04452469933974879945, 0.04940684617238425003 ) ) ;
#7020 = CARTESIAN_POINT ( 'NONE',  ( -0.01389129963599877726, 0.04154384523354723996, 0.1280382219829021562 ) ) ;
#7021 = ORIENTED_EDGE ( 'NONE', *, *, #3605, .F. ) ;
#7022 = CARTESIAN_POINT ( 'NONE',  ( 0.003542242799120648260, 0.04014137753256762087, 0.05661066797063283446 ) ) ;
#7023 = CARTESIAN_POINT ( 'NONE',  ( 0.09103326715802609326, 0.04446010583475739492, 0.1421497590326819827 ) ) ;
#7024 = CARTESIAN_POINT ( 'NONE',  ( 0.01603327186178918340, 0.04990270080212091952, 0.04940664338302707542 ) ) ;
#7025 = LINE ( 'NONE', #7778, #4679 ) ;
#7026 = CARTESIAN_POINT ( 'NONE',  ( 0.06422562185612379348, 0.04121956076478629910, 0.04884493689614310269 ) ) ;
#7027 = EDGE_CURVE ( 'NONE', #8742, #6521, #8587, .T. ) ;
#7028 = ORIENTED_EDGE ( 'NONE', *, *, #7723, .T. ) ;
#7029 = CARTESIAN_POINT ( 'NONE',  ( 0.08425100719451270037, 0.05325747252578399982, 0.1154894442679819944 ) ) ;
#7030 = CARTESIAN_POINT ( 'NONE',  ( 0.07944616954678039578, 0.04010757410786770089, 0.1319931131743619923 ) ) ;
#7031 = CARTESIAN_POINT ( 'NONE',  ( 0.002151243040354530213, 0.04010757410786770089, 0.1284341274696529922 ) ) ;
#7032 = CARTESIAN_POINT ( 'NONE',  ( 0.08425220591253647362, 0.04990270080185961465, 0.06813358957082354950 ) ) ;
#7033 = CARTESIAN_POINT ( 'NONE',  ( 0.08968393135083260748, 0.04950000073015689561, 0.05006213447809369776 ) ) ;
#7034 = CARTESIAN_POINT ( 'NONE',  ( -0.01384395701768965405, 0.04163001078974010172, 0.1281117399940404356 ) ) ;
#7035 = FACE_OUTER_BOUND ( 'NONE', #446, .T. ) ;
#7036 = CARTESIAN_POINT ( 'NONE',  ( 0.01508112400690559199, 0.05199729632097503662, 0.04933775299801269887 ) ) ;
#7037 = ORIENTED_EDGE ( 'NONE', *, *, #6394, .F. ) ;
#7038 = ORIENTED_EDGE ( 'NONE', *, *, #8847, .F. ) ;
#7039 = FACE_OUTER_BOUND ( 'NONE', #2221, .T. ) ;
#7040 = CARTESIAN_POINT ( 'NONE',  ( 0.08977666947448210977, 0.05510757410786771421, 0.09347040273109252784 ) ) ;
#7041 = CARTESIAN_POINT ( 'NONE',  ( 0.07701353936106218601, 0.04013713380087480243, 0.05556204246685250703 ) ) ;
#7042 = CARTESIAN_POINT ( 'NONE',  ( 0.08464448469100480099, 0.05214833578922709739, 0.07104121722641811021 ) ) ;
#7043 = CARTESIAN_POINT ( 'NONE',  ( 0.06517654171156721243, 0.04037124799189970026, 0.1394829495857519974 ) ) ;
#7044 = VERTEX_POINT ( 'NONE', #4974 ) ;
#7045 = EDGE_CURVE ( 'NONE', #4112, #5957, #7793, .T. ) ;
#7046 = CARTESIAN_POINT ( 'NONE',  ( 0.01880967800718049907, 0.04410757410786769750, 0.1366783990032190144 ) ) ;
#7047 = EDGE_CURVE ( 'NONE', #3750, #8715, #152, .T. ) ;
#7048 = CARTESIAN_POINT ( 'NONE',  ( -0.003634511309782730275, 0.04391093915644649764, 0.06500597195527270389 ) ) ;
#7049 = CARTESIAN_POINT ( 'NONE',  ( 0.04077925308366790041, 0.04010757410786770089, 0.09287956601695539216 ) ) ;
#7050 = FACE_OUTER_BOUND ( 'NONE', #6652, .T. ) ;
#7051 = CARTESIAN_POINT ( 'NONE',  ( 0.07678011598554672357, 0.04288824002106950140, 0.1469992404307409184 ) ) ;
#7052 = ORIENTED_EDGE ( 'NONE', *, *, #6422, .T. ) ;
#7053 = ORIENTED_EDGE ( 'NONE', *, *, #9334, .T. ) ;
#7054 = EDGE_CURVE ( 'NONE', #5987, #5779, #7384, .T. ) ;
#7055 = CARTESIAN_POINT ( 'NONE',  ( 0.04077925308366790041, 0.04950000073015689561, 0.09287956601695539216 ) ) ;
#7056 = CARTESIAN_POINT ( 'NONE',  ( -0.004836855489793279866, 0.04042953285945569825, 0.06835361687957960952 ) ) ;
#7057 = CARTESIAN_POINT ( 'NONE',  ( 0.0005563123813098979319, 0.04950000073015689561, 0.05788308713801158800 ) ) ;
#7058 = CARTESIAN_POINT ( 'NONE',  ( 0.01728875875340580084, 0.04027594807459360104, 0.04695304692656760565 ) ) ;
#7059 = ORIENTED_EDGE ( 'NONE', *, *, #2559, .T. ) ;
#7060 = ORIENTED_EDGE ( 'NONE', *, *, #2104, .F. ) ;
#7061 = CARTESIAN_POINT ( 'NONE',  ( 0.04070460576177480083, 0.03610757410786769733, 0.1058793516989320060 ) ) ;
#7062 = AXIS2_PLACEMENT_3D ( 'NONE', #7147, #33, #8705 ) ;
#7063 = CARTESIAN_POINT ( 'NONE',  ( -0.01418536033154654472, 0.04108375891490176346, 0.1275751746147244237 ) ) ;
#7064 = VERTEX_POINT ( 'NONE', #7799 ) ;
#7065 = AXIS2_PLACEMENT_3D ( 'NONE', #6098, #1772, #5541 ) ;
#7066 = CARTESIAN_POINT ( 'NONE',  ( 0.08562479399902199473, 0.04708519321994734941, 0.08915376993618412405 ) ) ;
#7067 = CARTESIAN_POINT ( 'NONE',  ( 0.09455345183626902295, 0.04288640525381565843, 0.1293944557556190866 ) ) ;
#7068 = VECTOR ( 'NONE', #4335, 1.000000000000000000 ) ;
#7069 = CARTESIAN_POINT ( 'NONE',  ( -0.0004559549053448820220, 0.04950000073015689561, 0.1365128086738039981 ) ) ;
#7070 = PLANE ( 'NONE',  #6338 ) ;
#7071 = VERTEX_POINT ( 'NONE', #5123 ) ;
#7072 = EDGE_LOOP ( 'NONE', ( #4431, #3531, #4178, #5878 ) ) ;
#7073 = DIRECTION ( 'NONE',  ( 3.383892771557089861E-17, 1.000000000000000000, -3.377658624785199531E-17 ) ) ;
#7074 = CARTESIAN_POINT ( 'NONE',  ( 0.005794777681086619482, 0.04721833749059819313, 0.1279050005328767337 ) ) ;
#7075 = CARTESIAN_POINT ( 'NONE',  ( 0.002666876067802897293, 0.04011893014178596895, 0.1285478301031843240 ) ) ;
#7076 = FACE_OUTER_BOUND ( 'NONE', #8687, .T. ) ;
#7077 = VECTOR ( 'NONE', #3090, 1.000000000000000000 ) ;
#7078 = EDGE_CURVE ( 'NONE', #9119, #742, #6392, .T. ) ;
#7079 = CYLINDRICAL_SURFACE ( 'NONE', #5215, 0.005000000000000001839 ) ;
#7080 = CARTESIAN_POINT ( 'NONE',  ( -0.01239731660674700357, 0.05127351860920606463, 0.1302599888855977828 ) ) ;
#7081 = CARTESIAN_POINT ( 'NONE',  ( 0.07172847214248899428, 0.04950000073015689561, 0.04892571054065729397 ) ) ;
#7082 = CARTESIAN_POINT ( 'NONE',  ( 0.006558528237648959640, 0.07410757410786771027, 0.08768298146428420148 ) ) ;
#7083 = ORIENTED_EDGE ( 'NONE', *, *, #7650, .T. ) ;
#7084 = AXIS2_PLACEMENT_3D ( 'NONE', #6923, #3397, #2833 ) ;
#7085 = VERTEX_POINT ( 'NONE', #657 ) ;
#7086 = CARTESIAN_POINT ( 'NONE',  ( 0.07790292850674347680, 0.05068945398198179686, 0.1462353868573440241 ) ) ;
#7087 = CIRCLE ( 'NONE', #3031, 0.04950000000000000927 ) ;
#7088 = CARTESIAN_POINT ( 'NONE',  ( 0.08973020304105237821, 0.05472805577197033255, 0.09507148472698638553 ) ) ;
#7089 = CARTESIAN_POINT ( 'NONE',  ( 0.07739621748984311378, 0.04016925132677732352, 0.05624064112698341777 ) ) ;
#7090 = CARTESIAN_POINT ( 'NONE',  ( 0.06762701882016719512, 0.04273914042525760182, 0.1377022136093710158 ) ) ;
#7091 = DIRECTION ( 'NONE',  ( -0.005742101684089259521, 0.000000000000000000, 0.9999835139982308219 ) ) ;
#7092 = CIRCLE ( 'NONE', #3483, 0.04500000000000002609 ) ;
#7093 = CARTESIAN_POINT ( 'NONE',  ( 0.07337826557727773757, 0.04818204933763432785, 0.05629672325647658987 ) ) ;
#7094 = CARTESIAN_POINT ( 'NONE',  ( 0.1195622016020559952, 0.04223434633125560528, 0.01594122374425240019 ) ) ;
#7095 = CARTESIAN_POINT ( 'NONE',  ( 0.08713220696585489977, 0.04035255481984920123, 0.1178075075277200123 ) ) ;
#7096 = VERTEX_POINT ( 'NONE', #7233 ) ;
#7097 = VERTEX_POINT ( 'NONE', #9271 ) ;
#7098 = VECTOR ( 'NONE', #8019, 1.000000000000000000 ) ;
#7099 = AXIS2_PLACEMENT_3D ( 'NONE', #4496, #3039, #2335 ) ;
#7100 = CARTESIAN_POINT ( 'NONE',  ( 0.002976163709507939799, 0.05200000073015689783, 0.04000304538852079983 ) ) ;
#7101 = CARTESIAN_POINT ( 'NONE',  ( -0.002921356376883230306, 0.04293636170175490346, 0.07071206401011261022 ) ) ;
#7102 = CARTESIAN_POINT ( 'NONE',  ( -0.003737681996111459886, 0.05058444957561490651, 0.06490280126828469609 ) ) ;
#7103 = VECTOR ( 'NONE', #6020, 1.000000000000000000 ) ;
#7104 = AXIS2_PLACEMENT_3D ( 'NONE', #628, #3582, #1232 ) ;
#7105 = CARTESIAN_POINT ( 'NONE',  ( 0.01638196445576880003, 0.04037124799189959617, 0.04627618244815889792 ) ) ;
#7106 = ORIENTED_EDGE ( 'NONE', *, *, #3509, .T. ) ;
#7107 = ORIENTED_EDGE ( 'NONE', *, *, #4777, .F. ) ;
#7108 = PLANE ( 'NONE',  #3949 ) ;
#7109 = CARTESIAN_POINT ( 'NONE',  ( 0.07794202849058770588, 0.09210757410786771238, 0.1248158795809040100 ) ) ;
#7110 = ORIENTED_EDGE ( 'NONE', *, *, #6026, .T. ) ;
#7111 = CIRCLE ( 'NONE', #37, 0.04500000000000002609 ) ;
#7112 = CARTESIAN_POINT ( 'NONE',  ( 0.01542999168747697519, 0.05200011221701307529, 0.1359332844014727038 ) ) ;
#7113 = ADVANCED_FACE ( 'NONE', ( #7140 ), #1352, .F. ) ;
#7114 = EDGE_CURVE ( 'NONE', #8260, #4860, #2113, .T. ) ;
#7115 = CARTESIAN_POINT ( 'NONE',  ( -0.003144859824957650218, 0.04990270069763820537, 0.1145975840018060021 ) ) ;
#7116 = CARTESIAN_POINT ( 'NONE',  ( 0.06976864062397911126, 0.04050662615237467928, 0.1357343748151038643 ) ) ;
#7117 = B_SPLINE_CURVE_WITH_KNOTS ( 'NONE', 3,
 ( #7694, #2512, #1244, #8258, #7553, #6850 ),
 .UNSPECIFIED., .F., .F.,
 ( 4, 2, 4 ),
 ( 0.4954845253278150619, 0.7477422626639075309, 1.000000000000000000 ),
 .UNSPECIFIED. ) ;
#7118 = CARTESIAN_POINT ( 'NONE',  ( 0.06517654171156721243, 0.04037124799189970026, 0.1394829495857519974 ) ) ;
#7119 = ORIENTED_EDGE ( 'NONE', *, *, #3626, .T. ) ;
#7120 = ORIENTED_EDGE ( 'NONE', *, *, #2227, .T. ) ;
#7122 = AXIS2_PLACEMENT_3D ( 'NONE', #4310, #692, #7181 ) ;
#7121 = CARTESIAN_POINT ( 'NONE',  ( 0.07327602263207415312, 0.04811931288723451938, 0.1302186872110530635 ) ) ;
#7123 = CARTESIAN_POINT ( 'NONE',  ( 0.06606103384359968134, 0.05199910333116942313, 0.1363124695648184337 ) ) ;
#7124 = CARTESIAN_POINT ( 'NONE',  ( 0.004516393988257158022, 0.04014064951287858035, 0.1301302894830684842 ) ) ;
#7125 = CARTESIAN_POINT ( 'NONE',  ( 0.003267083471050480793, 0.04010780194782988251, 0.1309718265685903271 ) ) ;
#7126 = CARTESIAN_POINT ( 'NONE',  ( -0.002323338157974542181, 0.05200019792229479410, 0.06904542552822671986 ) ) ;
#7127 = CARTESIAN_POINT ( 'NONE',  ( -0.006649824675393000567, 0.04432088081784599926, 0.1533132800881749913 ) ) ;
#7128 = EDGE_CURVE ( 'NONE', #7848, #2627, #1958, .T. ) ;
#7129 = CARTESIAN_POINT ( 'NONE',  ( -0.003169129520848798249, 0.04985783727936469317, 0.06547135375335386143 ) ) ;
#7130 = CARTESIAN_POINT ( 'NONE',  ( 0.008955129192330938542, 0.03610757410786769733, 0.1056970399704629943 ) ) ;
#7131 = ORIENTED_EDGE ( 'NONE', *, *, #6445, .F. ) ;
#7132 = ORIENTED_EDGE ( 'NONE', *, *, #9160, .T. ) ;
#7133 = EDGE_CURVE ( 'NONE', #7153, #8628, #4976, .T. ) ;
#7134 = CARTESIAN_POINT ( 'NONE',  ( 0.08028474912107010086, 0.04010757410786770089, 0.1289567857385300054 ) ) ;
#7135 = EDGE_CURVE ( 'NONE', #2333, #3984, #4929, .T. ) ;
#7136 = CARTESIAN_POINT ( 'NONE',  ( 0.08966088955685502793, 0.05349082707869295961, 0.08947237875541480534 ) ) ;
#7137 = CARTESIAN_POINT ( 'NONE',  ( 0.06517654171156721243, 0.04037124799189970026, 0.1394829495857519974 ) ) ;
#7138 = CARTESIAN_POINT ( 'NONE',  ( 0.09415562371142192910, 0.04880348369394190561, 0.1299735798334280268 ) ) ;
#7139 = EDGE_CURVE ( 'NONE', #3289, #196, #7844, .T. ) ;
#7140 = FACE_OUTER_BOUND ( 'NONE', #9202, .T. ) ;
#7141 = CARTESIAN_POINT ( 'NONE',  ( 0.04077925308366790041, 0.04010757410786770089, 0.09287956601695539216 ) ) ;
#7142 = ORIENTED_EDGE ( 'NONE', *, *, #976, .T. ) ;
#7143 = DIRECTION ( 'NONE',  ( -0.6902684877569650324, -0.2169304578186490029, -0.6902684921683039931 ) ) ;
#7144 = ORIENTED_EDGE ( 'NONE', *, *, #2696, .F. ) ;
#7145 = ORIENTED_EDGE ( 'NONE', *, *, #434, .T. ) ;
#7146 = B_SPLINE_CURVE_WITH_KNOTS ( 'NONE', 3,
 ( #4928, #3520, #6391, #9270, #1585, #8840, #8041, #1676, #7463, #1632, #881, #121 ),
 .UNSPECIFIED., .F., .F.,
 ( 4, 2, 2, 2, 2, 4 ),
 ( 0.000000000000000000, 0.2499999999999971689, 0.3749999999999975020, 0.4374999999999995559, 0.5000000000000014433, 1.000000000000000000 ),
 .UNSPECIFIED. ) ;
#7147 = CARTESIAN_POINT ( 'NONE',  ( 0.04077925308366790041, 0.09210757410786771238, 0.09287956601695539216 ) ) ;
#7148 = CARTESIAN_POINT ( 'NONE',  ( -0.003144859824957670167, 0.04416030888467410015, 0.1145975840018060021 ) ) ;
#7149 = CARTESIAN_POINT ( 'NONE',  ( 0.003325286233764530083, 0.04950000073015969893, 0.06051522812466510193 ) ) ;
#7150 = VECTOR ( 'NONE', #1395, 1.000000000000000000 ) ;
#7151 = VECTOR ( 'NONE', #8251, 1.000000000000000000 ) ;
#7152 = CARTESIAN_POINT ( 'NONE',  ( 0.08523164540648109355, 0.04283856553231209924, 0.06632468404834689080 ) ) ;
#7153 = VERTEX_POINT ( 'NONE', #1399 ) ;
#7154 = ORIENTED_EDGE ( 'NONE', *, *, #7128, .T. ) ;
#7155 = CARTESIAN_POINT ( 'NONE',  ( 0.006808041267155283925, 0.04728765166025358790, 0.1288830756626347107 ) ) ;
#7156 = LINE ( 'NONE', #8572, #5122 ) ;
#7157 = DIRECTION ( 'NONE',  ( 1.000000000000000000, -2.837940853171939582E-17, 0.000000000000000000 ) ) ;
#7158 = ORIENTED_EDGE ( 'NONE', *, *, #5218, .F. ) ;
#7159 = CARTESIAN_POINT ( 'NONE',  ( 0.01544377287044047288, 0.05200011750414940820, 0.1359317262076902288 ) ) ;
#7160 = CARTESIAN_POINT ( 'NONE',  ( 0.06272673150642339712, 0.04336150569777760116, 0.1366902235684380185 ) ) ;
#7161 = CARTESIAN_POINT ( 'NONE',  ( -0.003358059456988621468, 0.04490016022693309183, 0.1196159233969429914 ) ) ;
#7162 = ADVANCED_FACE ( 'NONE', ( #7186 ), #2271, .F. ) ;
#7163 = ADVANCED_FACE ( 'NONE', ( #4504 ), #3845, .F. ) ;
#7164 = FACE_OUTER_BOUND ( 'NONE', #8861, .T. ) ;
#7165 = EDGE_LOOP ( 'NONE', ( #1835, #6636, #3177, #1135, #1649 ) ) ;
#7166 = EDGE_LOOP ( 'NONE', ( #9320, #5470, #8949, #2188 ) ) ;
#7167 = CARTESIAN_POINT ( 'NONE',  ( 0.08507311997118179037, 0.05200000073015689783, 0.1210151699203919906 ) ) ;
#7168 = AXIS2_PLACEMENT_3D ( 'NONE', #9126, #2667, #7091 ) ;
#7169 = B_SPLINE_CURVE_WITH_KNOTS ( 'NONE', 3,
 ( #1245, #5576, #4120, #9257, #8453, #8499, #1999, #2044, #4913, #7785, #9066, #4866, #588, #3459, #1200, #7744, #8543, #496, #6331, #1335, #7830, #4205, #2799, #3365, #2085, #640, #2608 ),
 .UNSPECIFIED., .F., .F.,
 ( 4, 2, 2, 2, 1, 2, 2, 2, 2, 2, 1, 1, 2, 2, 4 ),
 ( 0.000000000000000000, 0.1250000000000227873, 0.1875000000000341116, 0.2187500000000422717, 0.2343750000000462963, 0.2421875000000483225, 0.2500000000000503486, 0.5000000000000082157, 0.6249999999999871214, 0.6874999999999716893, 0.7187499999999639178, 0.7343749999999645839, 0.7421874999999694689, 0.7499999999999742428, 1.000000000000000000 ),
 .UNSPECIFIED. ) ;
#7170 = ADVANCED_FACE ( 'NONE', ( #8883 ), #4461, .F. ) ;
#7171 = CARTESIAN_POINT ( 'NONE',  ( 0.01343529959138489889, 0.04421858041049939875, 0.04813465736012029900 ) ) ;
#7172 = CARTESIAN_POINT ( 'NONE',  ( 0.002299317695020296464, 0.04010757410786759680, 0.1284572275788175566 ) ) ;
#7173 = CARTESIAN_POINT ( 'NONE',  ( 0.08468032739398899389, 0.05130730125241218798, 0.07111446596979956181 ) ) ;
#7174 = B_SPLINE_SURFACE_WITH_KNOTS ( 'NONE', 3, 3, ( 
 ( #5747, #7259, #2836, #3020 ),
 ( #5699, #6599, #8576, #2926 ),
 ( #8534, #1371, #8673, #5092 ),
 ( #7160, #719, #1511, #5794 ),
 ( #813, #6456, #9338, #3680 ) ),
 .UNSPECIFIED., .F., .F., .F.,
 ( 4, 1, 4 ),
 ( 4, 4 ),
 ( 0.000000000000000000, 0.5714285714285709528, 1.000000000000000000 ),
 ( 0.000000000000000000, 0.03441153907667309636 ),
 .UNSPECIFIED. ) ;
#7175 = DIRECTION ( 'NONE',  ( 0.9999835139982308219, -5.974769818641948231E-17, 0.005742101684089249113 ) ) ;
#7176 = CARTESIAN_POINT ( 'NONE',  ( 0.06000022521971339756, 0.06510757410786770227, 0.09799001904436530075 ) ) ;
#7177 = CARTESIAN_POINT ( 'NONE',  ( -0.002424635593996472306, 0.04985783731188590112, 0.06744214909368928534 ) ) ;
#7178 = CARTESIAN_POINT ( 'NONE',  ( 0.01374056279283461697, 0.05199629597775737994, 0.04869415352618269160 ) ) ;
#7179 = ORIENTED_EDGE ( 'NONE', *, *, #2279, .F. ) ;
#7180 = ORIENTED_EDGE ( 'NONE', *, *, #4180, .T. ) ;
#7181 = DIRECTION ( 'NONE',  ( -0.7071067834460210699, 0.000000000000000000, 0.7071067789270740755 ) ) ;
#7182 = CARTESIAN_POINT ( 'NONE',  ( 0.08975182342836240945, 0.05472403617527371589, 0.09124025225131437988 ) ) ;
#7183 = CARTESIAN_POINT ( 'NONE',  ( 0.06333339350607630758, 0.04346438895872650060, 0.1364246100564789899 ) ) ;
#7184 = CARTESIAN_POINT ( 'NONE',  ( 0.08416255768464306342, 0.05200019361522154743, 0.06954998161998605932 ) ) ;
#7185 = CARTESIAN_POINT ( 'NONE',  ( 0.04077925308366790041, 0.04410757410786769750, 0.09287956601695539216 ) ) ;
#7186 = FACE_OUTER_BOUND ( 'NONE', #5050, .T. ) ;
#7187 = DIRECTION ( 'NONE',  ( 5.979188663871559846E-17, 1.000000000000000000, -7.523851983841539456E-18 ) ) ;
#7188 = ORIENTED_EDGE ( 'NONE', *, *, #5172, .F. ) ;
#7189 = DIRECTION ( 'NONE',  ( -3.365786931127854277E-17, -1.000000000000000000, 3.365786931127854277E-17 ) ) ;
#7190 = EDGE_LOOP ( 'NONE', ( #7982, #4521, #9047, #7675, #5778, #898, #477 ) ) ;
#7191 = ORIENTED_EDGE ( 'NONE', *, *, #4720, .F. ) ;
#7192 = DIRECTION ( 'NONE',  ( -5.979188663871559846E-17, -1.000000000000000000, 7.523851983841548700E-18 ) ) ;
#7193 = CARTESIAN_POINT ( 'NONE',  ( -0.003236340866139649896, 0.04410757410786769750, 0.1144118379698519927 ) ) ;
#7194 = CARTESIAN_POINT ( 'NONE',  ( 0.001855043979332850071, 0.04010757410786770089, 0.1086563193458884025 ) ) ;
#7195 = EDGE_CURVE ( 'NONE', #1701, #2998, #5914, .T. ) ;
#7196 = B_SPLINE_CURVE_WITH_KNOTS ( 'NONE', 3,
 ( #8047, #178, #2305, #4508 ),
 .UNSPECIFIED., .F., .F.,
 ( 4, 4 ),
 ( 0.000000000000000000, 1.000000000000000000 ),
 .UNSPECIFIED. ) ;
#7197 = CARTESIAN_POINT ( 'NONE',  ( 0.08388831546907563053, 0.05200044200997810950, 0.1166780510695127060 ) ) ;
#7198 = DIRECTION ( 'NONE',  ( -0.7071067789270730763, 3.695908159165670532E-17, -0.7071067834460220691 ) ) ;
#7199 = ORIENTED_EDGE ( 'NONE', *, *, #4766, .F. ) ;
#7200 = EDGE_LOOP ( 'NONE', ( #6802, #6559, #28, #2602, #2775 ) ) ;
#7201 = PLANE ( 'NONE',  #8121 ) ;
#7202 = LINE ( 'NONE', #2359, #7818 ) ;
#7203 = ORIENTED_EDGE ( 'NONE', *, *, #7980, .F. ) ;
#7204 = CARTESIAN_POINT ( 'NONE',  ( 0.01694802187894628789, 0.05200020563675294277, 0.1359826982910997961 ) ) ;
#7205 = CARTESIAN_POINT ( 'NONE',  ( 0.08855126570519961104, 0.05200000073015689783, 0.06176134117728730027 ) ) ;
#7206 = CARTESIAN_POINT ( 'NONE',  ( 0.06815488726706860068, 0.04410757410786769750, 0.1341206214478800063 ) ) ;
#7207 = CARTESIAN_POINT ( 'NONE',  ( 0.01264364918023119962, 0.05200000073015659946, 0.1371734329044690115 ) ) ;
#7208 = VERTEX_POINT ( 'NONE', #2384 ) ;
#7209 = EDGE_LOOP ( 'NONE', ( #5948, #4444, #4570, #1907, #8068 ) ) ;
#7210 = FACE_OUTER_BOUND ( 'NONE', #462, .T. ) ;
#7211 = B_SPLINE_CURVE_WITH_KNOTS ( 'NONE', 3,
 ( #5450, #3184, #1866, #9078, #3990 ),
 .UNSPECIFIED., .F., .F.,
 ( 4, 1, 4 ),
 ( 0.000000000000000000, 0.4285714285716288874, 0.4999881816811939106 ),
 .UNSPECIFIED. ) ;
#7212 = CARTESIAN_POINT ( 'NONE',  ( 0.07891920295184100265, 0.04010757410786781885, 0.1288865249041167838 ) ) ;
#7213 = CARTESIAN_POINT ( 'NONE',  ( 0.002464351723604626346, 0.04011105746451565368, 0.1284901015832004278 ) ) ;
#7214 = AXIS2_PLACEMENT_3D ( 'NONE', #2167, #715, #2112 ) ;
#7215 = CARTESIAN_POINT ( 'NONE',  ( 0.002181886355909070079, 0.04010757410786770089, 0.1299267424502939805 ) ) ;
#7216 = CARTESIAN_POINT ( 'NONE',  ( -0.002341840712001756145, 0.05200114064106858836, 0.06914493789133739632 ) ) ;
#7217 = VECTOR ( 'NONE', #3809, 1.000000000000000000 ) ;
#7218 = CARTESIAN_POINT ( 'NONE',  ( -0.002990274008330809797, 0.04010757410786770089, 0.06211467534361169579 ) ) ;
#7219 =( BOUNDED_CURVE ( )  B_SPLINE_CURVE ( 3, ( #3044, #2240, #5022, #164 ),
 .UNSPECIFIED., .F., .F. ) 
 B_SPLINE_CURVE_WITH_KNOTS ( ( 4, 4 ),
 ( 4.972956824640100137, 5.368820757945869993 ),
 .UNSPECIFIED. ) 
 CURVE ( )  GEOMETRIC_REPRESENTATION_ITEM ( )  RATIONAL_B_SPLINE_CURVE ( ( 1.000000000000000000, 0.9869835577297033646, 0.9869835577297033646, 1.000000000000000000 ) ) 
 REPRESENTATION_ITEM ( '' )  );
#7220 = CARTESIAN_POINT ( 'NONE',  ( -0.02912300184174059989, 0.04950000073015689561, 0.1566945740798710018 ) ) ;
#7221 = CARTESIAN_POINT ( 'NONE',  ( 0.01558527887767291974, 0.05199940868950119616, 0.04946532640867676300 ) ) ;
#7222 = ORIENTED_EDGE ( 'NONE', *, *, #5286, .T. ) ;
#7223 = ORIENTED_EDGE ( 'NONE', *, *, #7686, .T. ) ;
#7224 = CARTESIAN_POINT ( 'NONE',  ( 0.003748384965882711056, 0.04825895660676197962, 0.06003166386814068334 ) ) ;
#7225 = DIRECTION ( 'NONE',  ( 0.005742101684089249113, -9.460323283740776158E-17, -0.9999835139982308219 ) ) ;
#7226 = FACE_OUTER_BOUND ( 'NONE', #7248, .T. ) ;
#7227 = CARTESIAN_POINT ( 'NONE',  ( 0.07507317394155810231, 0.04510757410786769839, 0.08305766804609830689 ) ) ;
#7228 = CARTESIAN_POINT ( 'NONE',  ( 0.08413962230036657608, 0.05200007694431508370, 0.06801278149958174535 ) ) ;
#7229 = ADVANCED_FACE ( 'NONE', ( #3175, #1012 ), #8930, .F. ) ;
#7230 = EDGE_LOOP ( 'NONE', ( #242, #2202, #8895, #4784, #1561, #7875, #8146, #294, #6023, #2339, #1412, #5942 ) ) ;
#7231 = CARTESIAN_POINT ( 'NONE',  ( 0.05103154345803759956, 0.04510757410786769839, 0.05901603740893359568 ) ) ;
#7232 = EDGE_CURVE ( 'NONE', #1297, #53, #3186, .T. ) ;
#7233 = CARTESIAN_POINT ( 'NONE',  ( 0.008878090034620740242, 0.04950000073015990015, 0.05503031508489450441 ) ) ;
#7234 = VECTOR ( 'NONE', #1466, 1.000000000000000000 ) ;
#7235 = CARTESIAN_POINT ( 'NONE',  ( 0.07810804392116600658, 0.04810346070778460936, 0.06037093300398923418 ) ) ;
#7236 = ORIENTED_EDGE ( 'NONE', *, *, #7018, .F. ) ;
#7237 = CARTESIAN_POINT ( 'NONE',  ( 0.08395964022531697546, 0.04451988915590725238, 0.1181694366629134352 ) ) ;
#7238 = ORIENTED_EDGE ( 'NONE', *, *, #4775, .F. ) ;
#7239 = VECTOR ( 'NONE', #5419, 1.000000000000000000 ) ;
#7240 = CARTESIAN_POINT ( 'NONE',  ( 0.08444236186786530096, 0.04985783708471710346, 0.1151176624125409970 ) ) ;
#7241 = CARTESIAN_POINT ( 'NONE',  ( 0.07944197358000507081, 0.04871639341843865545, 0.1451323120095373287 ) ) ;
#7242 = CARTESIAN_POINT ( 'NONE',  ( 0.06717418889125031933, 0.04144028966449524176, 0.04768594856606518662 ) ) ;
#7243 = AXIS2_PLACEMENT_3D ( 'NONE', #8401, #4019, #1940 ) ;
#7244 = EDGE_CURVE ( 'NONE', #3724, #9119, #3679, .T. ) ;
#7245 = CARTESIAN_POINT ( 'NONE',  ( 0.08390036826840953366, 0.05200114216072038165, 0.1166142245465943417 ) ) ;
#7246 = CARTESIAN_POINT ( 'NONE',  ( 0.06807175771455470370, 0.04298696756063179886, 0.04861226665838560418 ) ) ;
#7247 = VERTEX_POINT ( 'NONE', #3047 ) ;
#7248 = EDGE_LOOP ( 'NONE', ( #3499, #4384, #5493, #8432 ) ) ;
#7249 = EDGE_CURVE ( 'NONE', #5702, #7725, #7464, .T. ) ;
#7250 = CARTESIAN_POINT ( 'NONE',  ( 0.01824534446345569411, 0.04308286404782370183, 0.1363920145144120466 ) ) ;
#7251 = B_SPLINE_SURFACE_WITH_KNOTS ( 'NONE', 3, 3, ( 
 ( #2714, #1302, #2936, #5803, #8681, #5103 ),
 ( #3737, #6696, #3871, #2370, #5240, #5936 ),
 ( #6790, #7488, #5421, #6024, #391, #3118 ),
 ( #4575, #8865, #4621, #6120, #1792, #8201 ),
 ( #7445, #3074, #7540, #3258, #3968, #997 ) ),
 .UNSPECIFIED., .F., .F., .F.,
 ( 4, 1, 4 ),
 ( 4, 1, 1, 4 ),
 ( 0.000000000000000000, 0.5714285714285709528, 1.000000000000000000 ),
 ( -1.570796326794889897, -1.032310598655340028, -0.6733201132289700075, -0.3143296278026009860 ),
 .UNSPECIFIED. ) ;
#7252 = EDGE_CURVE ( 'NONE', #3964, #3952, #3801, .T. ) ;
#7253 = DIRECTION ( 'NONE',  ( 8.604462090272609437E-17, 1.000000000000000000, -3.347681090698619925E-17 ) ) ;
#7254 = ORIENTED_EDGE ( 'NONE', *, *, #5361, .F. ) ;
#7255 = VECTOR ( 'NONE', #6922, 1.000000000000000000 ) ;
#7256 = CARTESIAN_POINT ( 'NONE',  ( 0.005110988997527957274, 0.04011893014177739941, 0.05476718900079463603 ) ) ;
#7257 = AXIS2_PLACEMENT_3D ( 'NONE', #3961, #1085, #3149 ) ;
#7258 = VECTOR ( 'NONE', #595, 1.000000000000000000 ) ;
#7259 = CARTESIAN_POINT ( 'NONE',  ( 0.06478595705123051107, 0.04019622805819800249, 0.1398240311309650041 ) ) ;
#7260 = CARTESIAN_POINT ( 'NONE',  ( 0.06624389210888639856, 0.05071479238334389988, 0.05000578254467150097 ) ) ;
#7261 = FACE_OUTER_BOUND ( 'NONE', #9035, .T. ) ;
#7262 = VERTEX_POINT ( 'NONE', #5955 ) ;
#7263 = LOCAL_TIME ( 12, 20, 46.00000000000000000, #2426 ) ;
#7264 = EDGE_LOOP ( 'NONE', ( #3069, #2153, #7551, #7700, #307 ) ) ;
#7265 = CARTESIAN_POINT ( 'NONE',  ( 0.004348791314825419495, 0.04510757410786769839, 0.03904814902549119671 ) ) ;
#7266 = AXIS2_PLACEMENT_3D ( 'NONE', #4601, #3006, #5872 ) ;
#7267 = CARTESIAN_POINT ( 'NONE',  ( 0.07678447996938969622, 0.04015768000145273492, 0.1302146061173133917 ) ) ;
#7268 = ORIENTED_EDGE ( 'NONE', *, *, #9324, .T. ) ;
#7269 = CARTESIAN_POINT ( 'NONE',  ( 0.07891133780954813493, 0.04011814735597172416, 0.05721697269493853516 ) ) ;
#7270 = CARTESIAN_POINT ( 'NONE',  ( 0.07027714460112062522, 0.04050810331605794040, 0.05037703807275059620 ) ) ;
#7271 = CARTESIAN_POINT ( 'NONE',  ( -0.002483827234995004008, 0.05200655382741392607, 0.06972233528436874717 ) ) ;
#7272 = DIRECTION ( 'NONE',  ( 0.006062479088569891830, -3.114853802599971215E-33, -0.9999816230047933185 ) ) ;
#7273 = CARTESIAN_POINT ( 'NONE',  ( 0.07307102428502706970, 0.04843315612335447051, 0.1303960092172570528 ) ) ;
#7274 = CARTESIAN_POINT ( 'NONE',  ( 0.07665101557537620791, 0.04177818828579408367, 0.03867421257625698605 ) ) ;
#7275 = ORIENTED_EDGE ( 'NONE', *, *, #847, .F. ) ;
#7276 = ORIENTED_EDGE ( 'NONE', *, *, #4498, .T. ) ;
#7277 = DIRECTION ( 'NONE',  ( -0.7071067789270725212, -7.460698725481044773E-16, -0.7071067834460225132 ) ) ;
#7278 = CARTESIAN_POINT ( 'NONE',  ( 0.07993716901884269366, 0.04871058195480781200, 0.04099683655050030684 ) ) ;
#7279 = CARTESIAN_POINT ( 'NONE',  ( -0.009752706274295129887, 0.04743424316138779989, 0.04333142771584800462 ) ) ;
#7280 = ORIENTED_EDGE ( 'NONE', *, *, #8149, .T. ) ;
#7281 = CARTESIAN_POINT ( 'NONE',  ( 0.09278124003742629911, 0.04697071701381140552, 0.1318769166046699914 ) ) ;
#7282 = PLANE ( 'NONE',  #7620 ) ;
#7283 =( BOUNDED_CURVE ( )  B_SPLINE_CURVE ( 3, ( #6797, #346, #4674, #6080 ),
 .UNSPECIFIED., .F., .F. ) 
 B_SPLINE_CURVE_WITH_KNOTS ( ( 4, 4 ),
 ( 1.105390792472700001, 1.570796326794895004 ),
 .UNSPECIFIED. ) 
 CURVE ( )  GEOMETRIC_REPRESENTATION_ITEM ( )  RATIONAL_B_SPLINE_CURVE ( ( 1.000000000000000000, 0.9820311128675445200, 0.9820311128675445200, 1.000000000000000000 ) ) 
 REPRESENTATION_ITEM ( '' )  );
#7284 = ORIENTED_EDGE ( 'NONE', *, *, #1433, .T. ) ;
#7285 = APPROVAL_ROLE ( '' ) ;
#7286 = CARTESIAN_POINT ( 'NONE',  ( 0.08549887357677636579, 0.04111215406604504241, 0.07112270492111939790 ) ) ;
#7287 = ADVANCED_FACE ( 'NONE', ( #4549 ), #5865, .T. ) ;
#7288 = CYLINDRICAL_SURFACE ( 'NONE', #8819, 0.004999999999999998369 ) ;
#7289 = ORIENTED_EDGE ( 'NONE', *, *, #696, .T. ) ;
#7290 = EDGE_CURVE ( 'NONE', #5370, #8697, #5423, .T. ) ;
#7291 = CARTESIAN_POINT ( 'NONE',  ( 0.08536224721432880691, 0.04510757410786769839, 0.1209223898169300010 ) ) ;
#7292 = EDGE_CURVE ( 'NONE', #5073, #8629, #1065, .T. ) ;
#7293 = LINE ( 'NONE', #707, #8721 ) ;
#7294 = CARTESIAN_POINT ( 'NONE',  ( 0.06005764623655430318, 0.06510757410786770227, 0.08799018390438290149 ) ) ;
#7295 = CARTESIAN_POINT ( 'NONE',  ( 0.04077925308366790041, 0.05200000073015689783, 0.09287956601695539216 ) ) ;
#7296 = CARTESIAN_POINT ( 'NONE',  ( 0.04077925308366790041, 0.04410757410786769750, 0.09287956601695539216 ) ) ;
#7297 = CARTESIAN_POINT ( 'NONE',  ( 0.04040601647420210413, 0.04010757410786770089, 0.1578784944268404322 ) ) ;
#7298 = DIRECTION ( 'NONE',  ( 9.120436474571179495E-17, 1.000000000000000000, 1.333170438267040011E-17 ) ) ;
#7299 = EDGE_LOOP ( 'NONE', ( #3884, #7811, #4826, #6739 ) ) ;
#7300 = ORIENTED_EDGE ( 'NONE', *, *, #2336, .T. ) ;
#7301 = EDGE_CURVE ( 'NONE', #5537, #3433, #1678, .T. ) ;
#7302 = CARTESIAN_POINT ( 'NONE',  ( -0.002915012330201004805, 0.04990270069763821925, 0.1150624444378967881 ) ) ;
#7303 = FACE_OUTER_BOUND ( 'NONE', #8617, .T. ) ;
#7304 = ORIENTED_EDGE ( 'NONE', *, *, #8402, .F. ) ;
#7305 = CARTESIAN_POINT ( 'NONE',  ( 0.004573741344750698566, 0.04016862934743547359, 0.05582857033589116308 ) ) ;
#7306 = CYLINDRICAL_SURFACE ( 'NONE', #144, 0.005000000000000003574 ) ;
#7307 = EDGE_CURVE ( 'NONE', #4179, #5570, #1022, .T. ) ;
#7308 = TOROIDAL_SURFACE ( 'NONE', #4300, 0.05249999999999999806, 0.004000000000000000083 ) ;
#7309 = CARTESIAN_POINT ( 'NONE',  ( 0.06854574913776532996, 0.04209270483184906347, 0.1345114833210749039 ) ) ;
#7310 = EDGE_CURVE ( 'NONE', #6735, #1079, #5723, .T. ) ;
#7311 = CARTESIAN_POINT ( 'NONE',  ( 0.08570601913982631159, 0.05423200870435108956, 0.09031306625188262327 ) ) ;
#7312 = EDGE_LOOP ( 'NONE', ( #231, #8643, #7275, #4940, #3566 ) ) ;
#7313 = VECTOR ( 'NONE', #4730, 1.000000000000000000 ) ;
#7314 = CARTESIAN_POINT ( 'NONE',  ( 0.006626423454677790419, 0.04728566457157939995, 0.1280162168011889923 ) ) ;
#7315 = CARTESIAN_POINT ( 'NONE',  ( 0.07813444065432882668, 0.04013519048980902781, 0.1290987597509649365 ) ) ;
#7316 = AXIS2_PLACEMENT_3D ( 'NONE', #2062, #840, #4931 ) ;
#7317 = ORIENTED_EDGE ( 'NONE', *, *, #2975, .T. ) ;
#7318 = CARTESIAN_POINT ( 'NONE',  ( 0.07839450706375636346, 0.04014329664139905385, 0.05702415994359175122 ) ) ;
#7319 = DIRECTION ( 'NONE',  ( -0.6902684921683039931, 0.2169304578186490029, 0.6902684877569650324 ) ) ;
#7320 = CARTESIAN_POINT ( 'NONE',  ( 0.06606906995689282303, 0.04985783719955722004, 0.04969897805917589118 ) ) ;
#7321 = EDGE_CURVE ( 'NONE', #3634, #5136, #1202, .T. ) ;
#7322 = CARTESIAN_POINT ( 'NONE',  ( 0.01431507012050362015, 0.04471899654074169839, 0.1362935426584180043 ) ) ;
#7323 = DIRECTION ( 'NONE',  ( 5.979188663871559846E-17, 1.000000000000000000, -7.523851983841539456E-18 ) ) ;
#7324 = EDGE_LOOP ( 'NONE', ( #2954, #6686 ) ) ;
#7325 = CARTESIAN_POINT ( 'NONE',  ( 0.04077925308366790041, 0.03610757410786769733, 0.09287956601695539216 ) ) ;
#7326 = CARTESIAN_POINT ( 'NONE',  ( 0.006083644485741658732, 0.04108375891502456106, 0.03791495260181726445 ) ) ;
#7327 = FACE_OUTER_BOUND ( 'NONE', #2499, .T. ) ;
#7328 = ORIENTED_EDGE ( 'NONE', *, *, #7656, .F. ) ;
#7329 = CARTESIAN_POINT ( 'NONE',  ( 0.07434077694821319970, 0.04751593375354501436, 0.05649496214595827598 ) ) ;
#7330 = CARTESIAN_POINT ( 'NONE',  ( -0.001193698283404529860, 0.05200000073015689783, 0.05613307646211319890 ) ) ;
#7331 = ORIENTED_EDGE ( 'NONE', *, *, #9130, .T. ) ;
#7332 = DIRECTION ( 'NONE',  ( 0.000000000000000000, 0.000000000000000000, 1.000000000000000000 ) ) ;
#7333 = CARTESIAN_POINT ( 'NONE',  ( 0.08484124181944339982, 0.04410757410786769750, 0.07144265512362940607 ) ) ;
#7334 = B_SPLINE_SURFACE_WITH_KNOTS ( 'NONE', 3, 3, ( 
 ( #1911, #6950, #3279, #1256 ),
 ( #3940, #505, #7609, #9124 ),
 ( #366, #8983, #1864, #8417 ),
 ( #3988, #1815, #3374, #7511 ),
 ( #2522, #4695, #410, #6861 ) ),
 .UNSPECIFIED., .F., .F., .F.,
 ( 4, 1, 4 ),
 ( 4, 4 ),
 ( 0.000000000000000000, 0.5714285714285709528, 1.000000000000000000 ),
 ( 4.933249394238409913, 5.277352309570880529 ),
 .UNSPECIFIED. ) ;
#7335 = DIRECTION ( 'NONE',  ( 0.005742101684089277736, 0.000000000000000000, -0.9999835139982307108 ) ) ;
#7336 = VERTEX_POINT ( 'NONE', #4782 ) ;
#7337 = LINE ( 'NONE', #8886, #3248 ) ;
#7338 = LINE ( 'NONE', #2304, #1651 ) ;
#7339 = CARTESIAN_POINT ( 'NONE',  ( 0.004394649212647264852, 0.04751593375356055748, 0.05931804215243202671 ) ) ;
#7340 = EDGE_CURVE ( 'NONE', #1014, #7064, #3608, .T. ) ;
#7341 = CARTESIAN_POINT ( 'NONE',  ( 0.01393143255380709968, 0.04273911232059569854, 0.04805698116709959666 ) ) ;
#7342 = DIRECTION ( 'NONE',  ( 8.064744300522758734E-17, 1.000000000000000000, -3.893633009083770204E-17 ) ) ;
#7343 = EDGE_CURVE ( 'NONE', #8724, #717, #3927, .T. ) ;
#7344 = EDGE_CURVE ( 'NONE', #3773, #2627, #403, .T. ) ;
#7345 = DIRECTION ( 'NONE',  ( 5.979188663871559846E-17, 1.000000000000000000, -7.523851983841539456E-18 ) ) ;
#7346 = CARTESIAN_POINT ( 'NONE',  ( 0.08442430142074495991, 0.04469361461129099655, 0.06711144248935808909 ) ) ;
#7347 = ORIENTED_EDGE ( 'NONE', *, *, #82, .F. ) ;
#7348 = ORIENTED_EDGE ( 'NONE', *, *, #6369, .F. ) ;
#7349 = CARTESIAN_POINT ( 'NONE',  ( -0.0004559549053448820220, 0.04950000073015689561, 0.1365128086738039981 ) ) ;
#7350 = CARTESIAN_POINT ( 'NONE',  ( 0.05580029446092079487, 0.06690757410786771220, 0.09796590221729212233 ) ) ;
#7351 = ORIENTED_EDGE ( 'NONE', *, *, #5223, .T. ) ;
#7352 = CYLINDRICAL_SURFACE ( 'NONE', #2600, 0.04950000000000001621 ) ;
#7353 = CARTESIAN_POINT ( 'NONE',  ( 0.01274057630734484053, 0.04281196371075324941, 0.1339228792293561954 ) ) ;
#7354 = CARTESIAN_POINT ( 'NONE',  ( 0.08576680600800069831, 0.05504194604389416046, 0.09393866984736837233 ) ) ;
#7355 = VERTEX_POINT ( 'NONE', #6135 ) ;
#7356 = CARTESIAN_POINT ( 'NONE',  ( 0.005142524101143036534, 0.04219152141696894814, 0.03851943144780337752 ) ) ;
#7357 = CARTESIAN_POINT ( 'NONE',  ( 0.07864306089350844853, 0.04011303513642873464, 0.1289409489760706407 ) ) ;
#7358 = VERTEX_POINT ( 'NONE', #2659 ) ;
#7359 = CARTESIAN_POINT ( 'NONE',  ( 0.08567132624091118587, 0.04600569925047365977, 0.09599451070958919807 ) ) ;
#7360 = FACE_OUTER_BOUND ( 'NONE', #6495, .T. ) ;
#7361 = EDGE_CURVE ( 'NONE', #8999, #4860, #1670, .T. ) ;
#7362 = CARTESIAN_POINT ( 'NONE',  ( 0.07268041613271521151, 0.04950000073015990015, 0.1307288169490160024 ) ) ;
#7363 = CARTESIAN_POINT ( 'NONE',  ( 0.004196410323163573403, 0.04818204933767356035, 0.06028055352337425427 ) ) ;
#7364 = ORIENTED_EDGE ( 'NONE', *, *, #3376, .T. ) ;
#7365 = CARTESIAN_POINT ( 'NONE',  ( -0.003074973473296279715, 0.05199997858829870367, 0.1147385083510149978 ) ) ;
#7366 = EDGE_CURVE ( 'NONE', #6395, #6865, #2560, .T. ) ;
#7367 = PLANE ( 'NONE',  #2296 ) ;
#7368 = DIRECTION ( 'NONE',  ( -4.027934139806210305E-16, 1.000000000000000000, -1.018010760859769879E-17 ) ) ;
#7369 = VECTOR ( 'NONE', #3091, 1.000000000000000000 ) ;
#7370 = VERTEX_POINT ( 'NONE', #4638 ) ;
#7371 = EDGE_CURVE ( 'NONE', #8769, #8885, #1059, .T. ) ;
#7372 = CARTESIAN_POINT ( 'NONE',  ( 0.07404271994738929885, 0.04776183260455824781, 0.05622199436626190011 ) ) ;
#7373 = CARTESIAN_POINT ( 'NONE',  ( 0.08432589753409684696, 0.05200604811854814963, 0.07027118101437841713 ) ) ;
#7374 = ORIENTED_EDGE ( 'NONE', *, *, #9195, .F. ) ;
#7375 = AXIS2_PLACEMENT_3D ( 'NONE', #476, #526, #571 ) ;
#7376 = DIRECTION ( 'NONE',  ( 5.979188663871559846E-17, 1.000000000000000000, -7.523851983841539456E-18 ) ) ;
#7377 = CARTESIAN_POINT ( 'NONE',  ( 0.009308584342364289652, 0.05033613396376760557, 0.05532165061986320242 ) ) ;
#7378 = ORIENTED_EDGE ( 'NONE', *, *, #8523, .F. ) ;
#7379 = CARTESIAN_POINT ( 'NONE',  ( 0.008310574595412647397, 0.04908340583457772993, 0.1302432790847208866 ) ) ;
#7380 = DIRECTION ( 'NONE',  ( -3.365786931127859207E-17, -1.000000000000000000, 3.365786931127859207E-17 ) ) ;
#7381 = CARTESIAN_POINT ( 'NONE',  ( 0.004049168102906904043, 0.04784165586262272701, 0.05969608340852671641 ) ) ;
#7382 = CARTESIAN_POINT ( 'NONE',  ( 0.01638196445576880003, 0.04037124799189970026, 0.04627618244815889792 ) ) ;
#7383 = PLANE ( 'NONE',  #9185 ) ;
#7384 = CIRCLE ( 'NONE', #1811, 0.05349999999999999895 ) ;
#7385 = CARTESIAN_POINT ( 'NONE',  ( 0.08460917984883600806, 0.04354234901574790401, 0.06673027690722689587 ) ) ;
#7386 = CARTESIAN_POINT ( 'NONE',  ( 0.08957859527223636931, 0.04732344428820352972, 0.09731621568392545552 ) ) ;
#7387 = ORIENTED_EDGE ( 'NONE', *, *, #9260, .T. ) ;
#7388 = ORIENTED_EDGE ( 'NONE', *, *, #1304, .T. ) ;
#7389 = CIRCLE ( 'NONE', #1072, 0.06500000000000002998 ) ;
#7390 = VECTOR ( 'NONE', #6030, 1.000000000000000000 ) ;
#7391 = CARTESIAN_POINT ( 'NONE',  ( 0.01906123509881689840, 0.04990270069763820537, 0.04895545310832979946 ) ) ;
#7392 = VERTEX_POINT ( 'NONE', #8456 ) ;
#7393 = CARTESIAN_POINT ( 'NONE',  ( 0.08444236186786530096, 0.04985783708471710346, 0.1151176624125409970 ) ) ;
#7394 = CARTESIAN_POINT ( 'NONE',  ( 0.08558022348529813195, 0.05232216620954381614, 0.08865117678267651902 ) ) ;
#7395 = EDGE_LOOP ( 'NONE', ( #8939, #8294, #6437, #4137, #3857 ) ) ;
#7396 = CARTESIAN_POINT ( 'NONE',  ( 0.08738263665246438772, 0.04037124799189970026, 0.06848227738905621198 ) ) ;
#7397 = AXIS2_PLACEMENT_3D ( 'NONE', #6008, #6822, #2437 ) ;
#7398 = ADVANCED_FACE ( 'NONE', ( #1111 ), #7502, .F. ) ;
#7399 = CARTESIAN_POINT ( 'NONE',  ( 0.07848826596874756978, 0.04011849707274040000, 0.1289808276809452647 ) ) ;
#7400 = ORIENTED_EDGE ( 'NONE', *, *, #5781, .T. ) ;
#7401 = B_SPLINE_CURVE_WITH_KNOTS ( 'NONE', 3,
 ( #5611, #4719, #3492, #7774, #2031, #5477, #7587, #4901, #4808, #6925, #528, #2740, #1980, #3353, #4191, #8488, #6883, #8350, #7730, #7022, #4107, #573, #1888, #4765, #5521, #8395, #1932, #7633, #3447, #6314, #9194, #5656, #5698, #4435, #6455, #7305, #7871, #4996, #674, #6500, #1370, #2215, #8575, #138, #857, #718, #3678, #5743, #1562, #5042, #5091, #96, #6548, #4385, #2170, #5793, #7256, #6597, #8624, #7915, #3728, #1510, #45, #2925 ),
 .UNSPECIFIED., .F., .F.,
 ( 4, 2, 1, 1, 1, 1, 2, 2, 2, 2, 1, 1, 2, 2, 2, 2, 1, 1, 2, 2, 2, 2, 1, 1, 1, 2, 2, 2, 2, 2, 2, 2, 2, 1, 1, 1, 2, 2, 4 ),
 ( 0.000000000000000000, 0.06249999999998334665, 0.09374999999997461753, 0.1093749999999707179, 0.1171874999999687750, 0.1210937499999669986, 0.1230468749999653055, 0.1249999999999635986, 0.1874999999999167888, 0.2187499999998924194, 0.2343749999998803457, 0.2421874999998742950, 0.2460937499998721023, 0.2499999999998698819, 0.3124999999998388511, 0.3437499999998233635, 0.3593749999998158695, 0.3671874999998124833, 0.3710937499998110956, 0.3749999999998097078, 0.4999999999997891686, 0.5624999999997789546, 0.5937499999997758460, 0.6093749999997722933, 0.6171874999997686295, 0.6210937499997687405, 0.6249999999997689626, 0.6874999999997630784, 0.7187499999997624123, 0.7343749999997640776, 0.7499999999997656319, 0.8124999999997689626, 0.8437499999997682965, 0.8593749999997650768, 0.8671874999997631894, 0.8710937499997620792, 0.8730468749997614131, 0.8749999999997606359, 1.000000000000000000 ),
 .UNSPECIFIED. ) ;
#7402 = AXIS2_PLACEMENT_3D ( 'NONE', #4867, #4914, #3461 ) ;
#7403 = CARTESIAN_POINT ( 'NONE',  ( 0.08552871027281229444, 0.04789298200619560020, 0.09762217138966437779 ) ) ;
#7404 = EDGE_CURVE ( 'NONE', #2682, #4933, #7557, .T. ) ;
#7405 = DIRECTION ( 'NONE',  ( -3.016772900569130268E-19, -1.000000000000000000, -1.903665972729600208E-18 ) ) ;
#7406 = AXIS2_PLACEMENT_3D ( 'NONE', #1870, #4133, #5452 ) ;
#7407 = FACE_OUTER_BOUND ( 'NONE', #4796, .T. ) ;
#7408 = CARTESIAN_POINT ( 'NONE',  ( 0.05450031589272309740, 0.06690757410786771220, 0.09795843748510280058 ) ) ;
#7409 = CARTESIAN_POINT ( 'NONE',  ( 0.002094249000252768576, 0.04010757410786770089, 0.05691596692864092644 ) ) ;
#7410 = ORIENTED_EDGE ( 'NONE', *, *, #2970, .F. ) ;
#7411 = CARTESIAN_POINT ( 'NONE',  ( 0.06448877829919884286, 0.04990270069763821925, 0.1362639315575109034 ) ) ;
#7412 = FACE_OUTER_BOUND ( 'NONE', #2918, .T. ) ;
#7413 = ADVANCED_FACE ( 'NONE', ( #3320 ), #2611, .T. ) ;
#7414 = CARTESIAN_POINT ( 'NONE',  ( 0.01534184370089292440, 0.04985783731147612474, 0.1360835121255361824 ) ) ;
#7415 = ORIENTED_EDGE ( 'NONE', *, *, #4554, .F. ) ;
#7416 = AXIS2_PLACEMENT_3D ( 'NONE', #8239, #4659, #2400 ) ;
#7417 = LINE ( 'NONE', #3704, #3994 ) ;
#7418 = CYLINDRICAL_SURFACE ( 'NONE', #8521, 0.005500000000000000548 ) ;
#7419 = EDGE_CURVE ( 'NONE', #3910, #2314, #5628, .T. ) ;
#7420 = ORIENTED_EDGE ( 'NONE', *, *, #5897, .F. ) ;
#7421 =( NAMED_UNIT ( * ) PLANE_ANGLE_UNIT ( ) SI_UNIT ( $, .RADIAN. ) );
#7422 = ADVANCED_FACE ( 'NONE', ( #6468 ), #1434, .F. ) ;
#7423 = CARTESIAN_POINT ( 'NONE',  ( 0.07746609833216533403, 0.04779294570394019420, 0.1261108069674978793 ) ) ;
#7424 = CARTESIAN_POINT ( 'NONE',  ( 0.07327486393395635234, 0.04812102740775294624, 0.1302196955755414720 ) ) ;
#7425 = EDGE_CURVE ( 'NONE', #4456, #6088, #6979, .T. ) ;
#7426 = ORIENTED_EDGE ( 'NONE', *, *, #7340, .F. ) ;
#7427 = CARTESIAN_POINT ( 'NONE',  ( -0.01105616928425235020, 0.04533121048954739940, 0.04502796470714678229 ) ) ;
#7428 = CARTESIAN_POINT ( 'NONE',  ( 0.08489424150762649168, 0.04149507625278270329, 0.07011439804433379497 ) ) ;
#7429 = CARTESIAN_POINT ( 'NONE',  ( 0.003853944674530616465, 0.04809821692812329269, 0.05991334744458485378 ) ) ;
#7430 = CARTESIAN_POINT ( 'NONE',  ( 0.06696511651678849208, 0.04186947649269914112, 0.1381181378036793472 ) ) ;
#7431 = LINE ( 'NONE', #4602, #4764 ) ;
#7432 = LINE ( 'NONE', #7522, #786 ) ;
#7433 = CARTESIAN_POINT ( 'NONE',  ( 0.08949396940559428693, 0.04979832618524986793, 0.09815937791457580996 ) ) ;
#7434 = ORIENTED_EDGE ( 'NONE', *, *, #8920, .F. ) ;
#7435 = ORIENTED_EDGE ( 'NONE', *, *, #5509, .T. ) ;
#7436 = CYLINDRICAL_SURFACE ( 'NONE', #8731, 0.005000000000000000971 ) ;
#7437 = LINE ( 'NONE', #988, #5909 ) ;
#7438 = CARTESIAN_POINT ( 'NONE',  ( 0.003139165299614434142, 0.04011008479745106770, 0.1306985681273858391 ) ) ;
#7439 = CARTESIAN_POINT ( 'NONE',  ( -0.003335698035728439960, 0.04149503682154710021, 0.1156447296405139907 ) ) ;
#7440 = ORIENTED_EDGE ( 'NONE', *, *, #9036, .F. ) ;
#7441 = VERTEX_POINT ( 'NONE', #5672 ) ;
#7442 = DIRECTION ( 'NONE',  ( 0.000000000000000000, -1.000000000000000000, 5.495119927732861143E-15 ) ) ;
#7443 = CARTESIAN_POINT ( 'NONE',  ( 0.07644184640568943423, 0.04011814735597277887, 0.1310116507428156218 ) ) ;
#7444 = VERTEX_POINT ( 'NONE', #9 ) ;
#7445 = CARTESIAN_POINT ( 'NONE',  ( 0.01273642928369349975, 0.04510757410786769839, 0.1374625601476159864 ) ) ;
#7446 = AXIS2_PLACEMENT_3D ( 'NONE', #1235, #6745, #484 ) ;
#7447 = EDGE_CURVE ( 'NONE', #1297, #2474, #8891, .T. ) ;
#7448 = DIRECTION ( 'NONE',  ( -0.7010108928534555250, 0.1310246636425649314, 0.7010108883734645913 ) ) ;
#7449 = EDGE_CURVE ( 'NONE', #673, #7574, #5015, .T. ) ;
#7450 = CARTESIAN_POINT ( 'NONE',  ( 0.08564133924473532611, 0.04261958701876449040, 0.06610505365924593257 ) ) ;
#7451 = CARTESIAN_POINT ( 'NONE',  ( 0.07294094320041798196, 0.04868873045040239544, 0.1305076661798904303 ) ) ;
#7452 = CARTESIAN_POINT ( 'NONE',  ( 0.07648908550068549139, 0.04157835917304035511, 0.03856743191562538031 ) ) ;
#7453 = ADVANCED_FACE ( 'NONE', ( #7035 ), #8590, .F. ) ;
#7454 = EDGE_LOOP ( 'NONE', ( #184, #2115, #6486, #4064 ) ) ;
#7455 = CARTESIAN_POINT ( 'NONE',  ( 0.06249727106851889896, 0.04990270069763820537, 0.1368036789255810126 ) ) ;
#7456 = VECTOR ( 'NONE', #5823, 1.000000000000000000 ) ;
#7457 = CARTESIAN_POINT ( 'NONE',  ( -0.004882057728075320062, 0.04432088081784599926, 0.1550810470467899882 ) ) ;
#7458 = CARTESIAN_POINT ( 'NONE',  ( 0.08444236186786530096, 0.04415657025026400312, 0.1151176624125409970 ) ) ;
#7459 = ORIENTED_EDGE ( 'NONE', *, *, #8000, .F. ) ;
#7460 = CARTESIAN_POINT ( 'NONE',  ( 0.08425220591253647362, 0.04990270080185961465, 0.06813358957082354950 ) ) ;
#7461 = DIRECTION ( 'NONE',  ( -0.9867282354188704474, 0.000000000000000000, -0.1623803849827991641 ) ) ;
#7462 = ORIENTED_EDGE ( 'NONE', *, *, #2741, .F. ) ;
#7463 = CARTESIAN_POINT ( 'NONE',  ( 0.003973130931013276954, 0.04976891672363722291, 0.03930428631329365569 ) ) ;
#7464 = LINE ( 'NONE', #6713, #4078 ) ;
#7465 = DIRECTION ( 'NONE',  ( -0.7071067834460210699, 4.759941537868960834E-17, 0.7071067789270740755 ) ) ;
#7466 = ORIENTED_EDGE ( 'NONE', *, *, #5745, .F. ) ;
#7467 = DIRECTION ( 'NONE',  ( -0.7010108928534550810, -0.1310246636425640432, 0.7010108883734651464 ) ) ;
#7468 = CARTESIAN_POINT ( 'NONE',  ( -0.003814104328513220118, 0.05200000073014460211, 0.1204379916426230046 ) ) ;
#7469 = CARTESIAN_POINT ( 'NONE',  ( 0.005038372977486798264, 0.04722024379072198991, 0.05863093445343025428 ) ) ;
#7470 = CARTESIAN_POINT ( 'NONE',  ( 0.06812320657595100082, 0.04421858041049939875, 0.1376244746737909919 ) ) ;
#7471 = CARTESIAN_POINT ( 'NONE',  ( 0.008637100301855576978, 0.04873237644583591766, 0.05523476730520258254 ) ) ;
#7472 = VERTEX_POINT ( 'NONE', #3510 ) ;
#7473 = CARTESIAN_POINT ( 'NONE',  ( 0.06629792171892959218, 0.04985783708471699938, 0.05000589063817519747 ) ) ;
#7474 = CARTESIAN_POINT ( 'NONE',  ( 0.05205777812456850034, 0.04110757410786770177, 0.08794424709091019920 ) ) ;
#7475 = CARTESIAN_POINT ( 'NONE',  ( 0.06613570106853280950, 0.04053754202716920024, 0.04690279632794819992 ) ) ;
#7476 = ORIENTED_EDGE ( 'NONE', *, *, #7321, .F. ) ;
#7477 = ORIENTED_EDGE ( 'NONE', *, *, #785, .F. ) ;
#7478 = CARTESIAN_POINT ( 'NONE',  ( -0.006411627292611051313, 0.04950000073015689561, 0.1262050251076859697 ) ) ;
#7479 = CARTESIAN_POINT ( 'NONE',  ( 0.05585771547776170048, 0.06690757410786771220, 0.08796606707730982022 ) ) ;
#7480 = EDGE_CURVE ( 'NONE', #8880, #4917, #4034, .T. ) ;
#7481 = CARTESIAN_POINT ( 'NONE',  ( 0.07116981269496544527, 0.04010757410786771476, 0.04948436998461065023 ) ) ;
#7482 = CARTESIAN_POINT ( 'NONE',  ( 0.08560958187652567553, 0.05353044344622339551, 0.09678525312605186504 ) ) ;
#7483 = ORIENTED_EDGE ( 'NONE', *, *, #6606, .F. ) ;
#7484 = ORIENTED_EDGE ( 'NONE', *, *, #7647, .F. ) ;
#7485 = CARTESIAN_POINT ( 'NONE',  ( 0.07484658223652500275, 0.04722120145040190065, 0.1287915011415200206 ) ) ;
#7486 = CARTESIAN_POINT ( 'NONE',  ( 0.004839678658583475117, 0.04187055130515331125, 0.1470399588819905068 ) ) ;
#7487 = ORIENTED_EDGE ( 'NONE', *, *, #8925, .F. ) ;
#7488 = CARTESIAN_POINT ( 'NONE',  ( 0.01310510835640050012, 0.04455199359470789905, 0.1370938810772659999 ) ) ;
#7489 = CARTESIAN_POINT ( 'NONE',  ( 0.01273642928369359863, 0.09210757410786771238, 0.1374625601476159864 ) ) ;
#7490 = CARTESIAN_POINT ( 'NONE',  ( 0.08618559653631918671, 0.04157231821423756218, 0.06694552330299610721 ) ) ;
#7491 = DIRECTION ( 'NONE',  ( 1.000000000000000000, -5.979188663871559846E-17, 0.000000000000000000 ) ) ;
#7492 = DIRECTION ( 'NONE',  ( 0.7071067789270730763, -3.695908159165670532E-17, 0.7071067834460220691 ) ) ;
#7493 = VERTEX_POINT ( 'NONE', #732 ) ;
#7494 = LINE ( 'NONE', #3038, #7850 ) ;
#7495 = CARTESIAN_POINT ( 'NONE',  ( 0.08547609924530989722, 0.04083896239774929826, 0.1152995861517010084 ) ) ;
#7496 = CARTESIAN_POINT ( 'NONE',  ( 0.02742182119558080056, 0.04510757410786769839, 0.06212117905370069526 ) ) ;
#7497 = CARTESIAN_POINT ( 'NONE',  ( 0.004698137994965726795, 0.04011567850663648460, 0.1306638926977610471 ) ) ;
#7498 = CARTESIAN_POINT ( 'NONE',  ( 0.04077925308366790041, 0.03610757410786769733, 0.09287956601695539216 ) ) ;
#7499 = CARTESIAN_POINT ( 'NONE',  ( 0.006626423454677790419, 0.04728566457157939995, 0.1280162168011889923 ) ) ;
#7500 = ORIENTED_EDGE ( 'NONE', *, *, #8093, .T. ) ;
#7501 = CYLINDRICAL_SURFACE ( 'NONE', #6653, 0.06500000000000002998 ) ;
#7502 = CYLINDRICAL_SURFACE ( 'NONE', #1968, 0.001700000000000000122 ) ;
#7503 = CARTESIAN_POINT ( 'NONE',  ( -0.003074973473296279715, 0.05199997858829870367, 0.1147385083510149978 ) ) ;
#7504 = ORIENTED_EDGE ( 'NONE', *, *, #6433, .T. ) ;
#7505 = VECTOR ( 'NONE', #8009, 1.000000000000000000 ) ;
#7506 = CARTESIAN_POINT ( 'NONE',  ( 0.007931350933881101128, 0.04825895660546943022, 0.1299104341339192281 ) ) ;
#7507 = CARTESIAN_POINT ( 'NONE',  ( 0.07350391340580363086, 0.04010757410786780497, 0.1490459954989379610 ) ) ;
#7508 = VECTOR ( 'NONE', #2567, 1.000000000000000000 ) ;
#7510 = EDGE_CURVE ( 'NONE', #8885, #2626, #1480, .T. ) ;
#7509 = CARTESIAN_POINT ( 'NONE',  ( -0.01172630464539940048, 0.05200000073015689783, 0.05456290635618149532 ) ) ;
#7511 = CARTESIAN_POINT ( 'NONE',  ( -0.003169129532454680303, 0.04985783708471710346, 0.06547135373557499971 ) ) ;
#7512 = CARTESIAN_POINT ( 'NONE',  ( 0.06422561464320208913, 0.04121954311443960101, 0.04884496308261580128 ) ) ;
#7513 = EDGE_CURVE ( 'NONE', #6786, #8175, #3462, .T. ) ;
#7514 = CARTESIAN_POINT ( 'NONE',  ( 0.008283642233379413800, 0.04812102740775289766, 0.05553943645836941639 ) ) ;
#7515 = AXIS2_PLACEMENT_3D ( 'NONE', #810, #3676, #6546 ) ;
#7516 = B_SPLINE_CURVE_WITH_KNOTS ( 'NONE', 3,
 ( #5409, #1031, #377, #4657, #325 ),
 .UNSPECIFIED., .F., .F.,
 ( 4, 1, 4 ),
 ( 0.000000000000000000, 0.4285714285714298799, 0.6250477106496691304 ),
 .UNSPECIFIED. ) ;
#7517 = ORIENTED_EDGE ( 'NONE', *, *, #5468, .T. ) ;
#7518 = FACE_OUTER_BOUND ( 'NONE', #1318, .T. ) ;
#7519 = VECTOR ( 'NONE', #271, 1.000000000000000000 ) ;
#7520 = CARTESIAN_POINT ( 'NONE',  ( 0.06891485698710479724, 0.05200000073015689783, 0.04858569912944159935 ) ) ;
#7521 =( BOUNDED_CURVE ( )  B_SPLINE_CURVE ( 3, ( #7100, #4843, #4888, #9234 ),
 .UNSPECIFIED., .F., .F. ) 
 B_SPLINE_CURVE_WITH_KNOTS ( ( 4, 4 ),
 ( 0.9178117037743530604, 1.315734896670745835 ),
 .UNSPECIFIED. ) 
 CURVE ( )  GEOMETRIC_REPRESENTATION_ITEM ( )  RATIONAL_B_SPLINE_CURVE ( ( 1.000000000000000000, 0.9868482322326018741, 0.9868482322326018741, 1.000000000000000000 ) ) 
 REPRESENTATION_ITEM ( '' )  );
#7522 = CARTESIAN_POINT ( 'NONE',  ( 0.01288905964942180064, 0.09210757410786771238, 0.1337743958882280093 ) ) ;
#7523 = CARTESIAN_POINT ( 'NONE',  ( 0.08961853794609686563, 0.04672432113704595713, 0.09684788599630646255 ) ) ;
#7524 = EDGE_LOOP ( 'NONE', ( #2817, #2456, #919, #6692 ) ) ;
#7525 = ORIENTED_EDGE ( 'NONE', *, *, #5286, .F. ) ;
#7526 = DIRECTION ( 'NONE',  ( -0.005742101684089324573, 0.000000000000000000, 0.9999835139982307108 ) ) ;
#7527 = AXIS2_PLACEMENT_3D ( 'NONE', #2097, #1491, #603 ) ;
#7528 = LINE ( 'NONE', #5971, #5465 ) ;
#7529 = CARTESIAN_POINT ( 'NONE',  ( 0.003977878400193680074, 0.04790159859963314531, 0.1252328941682224750 ) ) ;
#7530 = EDGE_CURVE ( 'NONE', #6352, #8607, #6178, .T. ) ;
#7531 = CONICAL_SURFACE ( 'NONE', #8593, 0.003150000000000011732, 0.7853981633974476129 ) ;
#7532 = EDGE_CURVE ( 'NONE', #965, #8880, #5807, .T. ) ;
#7533 = CARTESIAN_POINT ( 'NONE',  ( 0.01264364918023119962, 0.05200000073015659946, 0.1371734329044690115 ) ) ;
#7534 = ORIENTED_EDGE ( 'NONE', *, *, #2592, .T. ) ;
#7535 = VERTEX_POINT ( 'NONE', #9305 ) ;
#7536 = EDGE_CURVE ( 'NONE', #4825, #25, #910, .T. ) ;
#7537 = CARTESIAN_POINT ( 'NONE',  ( 0.003461920697269015371, 0.04808611669759747104, 0.1254013448461047953 ) ) ;
#7538 = CARTESIAN_POINT ( 'NONE',  ( 0.07663465915704741060, 0.04014329664140053183, 0.1304948199970083766 ) ) ;
#7539 = ORIENTED_EDGE ( 'NONE', *, *, #6269, .T. ) ;
#7540 = CARTESIAN_POINT ( 'NONE',  ( 0.01336715572384929857, 0.04271662012483239818, 0.1374170226796779803 ) ) ;
#7541 = VECTOR ( 'NONE', #5495, 1.000000000000000000 ) ;
#7542 = CARTESIAN_POINT ( 'NONE',  ( -0.004577753835546224601, 0.04165988999708437890, 0.1188877143037216783 ) ) ;
#7543 = DIRECTION ( 'NONE',  ( -2.613401732743704953E-17, -1.000000000000000000, -2.613401732743704953E-17 ) ) ;
#7544 = DIRECTION ( 'NONE',  ( 0.7111554028619839762, 0.000000000000000000, -0.7030348447838198345 ) ) ;
#7545 = VECTOR ( 'NONE', #8234, 1.000000000000000000 ) ;
#7546 = DIRECTION ( 'NONE',  ( 0.7071067834460215140, -4.759941537868956520E-17, -0.7071067789270735204 ) ) ;
#7547 = ORIENTED_EDGE ( 'NONE', *, *, #7946, .F. ) ;
#7548 = DIRECTION ( 'NONE',  ( 6.731573862255708554E-17, 1.000000000000000000, -6.712563528337389905E-18 ) ) ;
#7549 = CIRCLE ( 'NONE', #2609, 0.06500000000000002998 ) ;
#7550 = DIRECTION ( 'NONE',  ( -2.826069150446299875E-17, -1.000000000000000000, 7.704910297450960016E-18 ) ) ;
#7551 = ORIENTED_EDGE ( 'NONE', *, *, #8957, .F. ) ;
#7552 = CIRCLE ( 'NONE', #2446, 0.05250000000000001887 ) ;
#7553 = CARTESIAN_POINT ( 'NONE',  ( -0.01506936053653265550, 0.04010757410786767313, 0.05961552225999307980 ) ) ;
#7554 = CARTESIAN_POINT ( 'NONE',  ( 0.06687195037544267640, 0.05199791742115955628, 0.04969466368984459120 ) ) ;
#7555 = CARTESIAN_POINT ( 'NONE',  ( 0.07697610106651185669, 0.04950000073015689561, 0.1426610263314457006 ) ) ;
#7556 = CIRCLE ( 'NONE', #3955, 0.04900000000000002270 ) ;
#7557 = LINE ( 'NONE', #9018, #4382 ) ;
#7558 = CARTESIAN_POINT ( 'NONE',  ( 0.07827634806878533413, 0.04010757410786769395, 0.05473995498042247276 ) ) ;
#7559 = VERTEX_POINT ( 'NONE', #9213 ) ;
#7560 = LINE ( 'NONE', #4128, #7878 ) ;
#7561 = DIRECTION ( 'NONE',  ( -6.282495654802469645E-17, -1.000000000000000000, 0.000000000000000000 ) ) ;
#7562 = CARTESIAN_POINT ( 'NONE',  ( 0.08968393135083270462, 0.04010757410786770089, 0.05006213447809369776 ) ) ;
#7563 = CARTESIAN_POINT ( 'NONE',  ( 0.004032763528825759197, 0.04950000073015689561, 0.1348525173840280089 ) ) ;
#7564 = CARTESIAN_POINT ( 'NONE',  ( 0.06570719459443299937, 0.04035255481984920123, 0.04652661213476860097 ) ) ;
#7565 = CARTESIAN_POINT ( 'NONE',  ( 0.006912120701828697485, 0.04026688669693623962, 0.1483598814678658007 ) ) ;
#7566 = ORIENTED_EDGE ( 'NONE', *, *, #3803, .T. ) ;
#7567 = EDGE_CURVE ( 'NONE', #7085, #6674, #2185, .T. ) ;
#7568 = DIRECTION ( 'NONE',  ( -5.979188663871559846E-17, -1.000000000000000000, 7.523851983841548700E-18 ) ) ;
#7569 = ADVANCED_FACE ( 'NONE', ( #2087 ), #7832, .T. ) ;
#7570 = FACE_OUTER_BOUND ( 'NONE', #282, .T. ) ;
#7571 = CARTESIAN_POINT ( 'NONE',  ( 0.08169292229155414309, 0.04357986816840710154, 0.1207885987879356721 ) ) ;
#7572 = CARTESIAN_POINT ( 'NONE',  ( 0.08959786574438254048, 0.04791653928612705365, 0.08866492358318758815 ) ) ;
#7573 = ORIENTED_EDGE ( 'NONE', *, *, #8552, .T. ) ;
#7574 = VERTEX_POINT ( 'NONE', #4915 ) ;
#7575 = EDGE_CURVE ( 'NONE', #3012, #1966, #249, .T. ) ;
#7576 = CARTESIAN_POINT ( 'NONE',  ( 0.01894090429309020288, 0.05214833578940979847, 0.04901433440963899602 ) ) ;
#7577 = DIRECTION ( 'NONE',  ( 9.132308177296819818E-17, 1.000000000000000000, -7.342793670232118896E-18 ) ) ;
#7578 = CARTESIAN_POINT ( 'NONE',  ( 0.07821436262450993937, 0.04011256449496647392, 0.1308202576739591061 ) ) ;
#7579 =( BOUNDED_CURVE ( )  B_SPLINE_CURVE ( 3, ( #8399, #1193, #6930, #2504 ),
 .UNSPECIFIED., .F., .F. ) 
 B_SPLINE_CURVE_WITH_KNOTS ( ( 4, 4 ),
 ( 3.114970463421504743, 3.155790411530844608 ),
 .UNSPECIFIED. ) 
 CURVE ( )  GEOMETRIC_REPRESENTATION_ITEM ( )  RATIONAL_B_SPLINE_CURVE ( ( 1.000000000000000000, 0.9998611491398540219, 0.9998611491398540219, 1.000000000000000000 ) ) 
 REPRESENTATION_ITEM ( '' )  );
#7580 = EDGE_CURVE ( 'NONE', #7441, #4456, #6567, .T. ) ;
#7581 = CARTESIAN_POINT ( 'NONE',  ( -0.003031404467815029900, 0.04336150569777760116, 0.1148270444397109930 ) ) ;
#7582 = VERTEX_POINT ( 'NONE', #1525 ) ;
#7583 = ORIENTED_EDGE ( 'NONE', *, *, #6179, .T. ) ;
#7584 = CARTESIAN_POINT ( 'NONE',  ( 0.06882207688364230802, 0.04985783708471710346, 0.04829657188629449954 ) ) ;
#7585 = LINE ( 'NONE', #1747, #7239 ) ;
#7586 = EDGE_LOOP ( 'NONE', ( #9045, #4211 ) ) ;
#7587 = CARTESIAN_POINT ( 'NONE',  ( 0.003035301911535461059, 0.04011715269386765398, 0.05678782696909656647 ) ) ;
#7588 = CARTESIAN_POINT ( 'NONE',  ( 0.001801046805251540085, 0.04950000073015689561, 0.04086322785943780067 ) ) ;
#7589 = CARTESIAN_POINT ( 'NONE',  ( 0.08536224721432880691, 0.04510757410786769839, 0.1209223898169300010 ) ) ;
#7590 = FACE_OUTER_BOUND ( 'NONE', #9317, .T. ) ;
#7591 = CARTESIAN_POINT ( 'NONE',  ( 0.07420325600295185620, 0.04728871086912427024, 0.1287124467706204367 ) ) ;
#7592 = ORIENTED_EDGE ( 'NONE', *, *, #2821, .F. ) ;
#7593 = DIRECTION ( 'NONE',  ( -3.911738858581304556E-17, -1.000000000000000000, 7.642569011097939605E-18 ) ) ;
#7594 = FACE_OUTER_BOUND ( 'NONE', #1612, .T. ) ;
#7595 = CARTESIAN_POINT ( 'NONE',  ( 0.08444236186786530096, 0.04415657025026400312, 0.1151176624125409970 ) ) ;
#7596 = DIRECTION ( 'NONE',  ( -0.6902684877569650324, -0.2169304578186490029, -0.6902684921683039931 ) ) ;
#7598 = CIRCLE ( 'NONE', #5647, 0.06500000000000002998 ) ;
#7597 = DIRECTION ( 'NONE',  ( -0.005742101684089324573, 0.000000000000000000, 0.9999835139982307108 ) ) ;
#7599 = EDGE_CURVE ( 'NONE', #8769, #7370, #1803, .T. ) ;
#7600 = CARTESIAN_POINT ( 'NONE',  ( 0.06869292715580553599, 0.05199871763397578145, 0.04877614763728969210 ) ) ;
#7601 = CARTESIAN_POINT ( 'NONE',  ( 0.07129807967449158790, 0.04950000073015689561, 0.1372638138753909942 ) ) ;
#7602 = VECTOR ( 'NONE', #8086, 1.000000000000000000 ) ;
#7603 = CARTESIAN_POINT ( 'NONE',  ( 0.08452391628979458171, 0.04010757410786769395, 0.06300032407435315895 ) ) ;
#7604 = CYLINDRICAL_SURFACE ( 'NONE', #1889, 0.005000000000000003574 ) ;
#7605 = ORIENTED_EDGE ( 'NONE', *, *, #7976, .T. ) ;
#7606 = FACE_OUTER_BOUND ( 'NONE', #6824, .T. ) ;
#7607 = CARTESIAN_POINT ( 'NONE',  ( 0.07626949253433219778, 0.04721957596032489574, 0.1273859843146359916 ) ) ;
#7608 = DIRECTION ( 'NONE',  ( 5.979188663871559846E-17, 1.000000000000000000, -7.523851983841539456E-18 ) ) ;
#7609 = CARTESIAN_POINT ( 'NONE',  ( -0.002349280144489750057, 0.05089885726130450455, 0.06959098868268970284 ) ) ;
#7610 = AXIS2_PLACEMENT_3D ( 'NONE', #1009, #1763, #4634 ) ;
#7611 = CARTESIAN_POINT ( 'NONE',  ( 0.03127634348219632959, 0.04410757410786769750, 0.1450206698517061410 ) ) ;
#7612 = CARTESIAN_POINT ( 'NONE',  ( 0.06497229733669709906, 0.04010757410786770089, 0.1028679982490360023 ) ) ;
#7613 = ORIENTED_EDGE ( 'NONE', *, *, #5181, .F. ) ;
#7614 = DIRECTION ( 'NONE',  ( 0.005742101684089277736, 0.000000000000000000, -0.9999835139982307108 ) ) ;
#7615 = CARTESIAN_POINT ( 'NONE',  ( -0.003803741046992940161, 0.04510757410786769839, 0.06483674221698100537 ) ) ;
#7616 = CARTESIAN_POINT ( 'NONE',  ( 0.05210371493804120263, 0.03610757410786769733, 0.07994437897892439637 ) ) ;
#7617 = LINE ( 'NONE', #1174, #9269 ) ;
#7618 = ORIENTED_EDGE ( 'NONE', *, *, #7045, .T. ) ;
#7619 = ORIENTED_EDGE ( 'NONE', *, *, #5043, .F. ) ;
#7620 = AXIS2_PLACEMENT_3D ( 'NONE', #8081, #3655, #1443 ) ;
#7621 = B_SPLINE_CURVE_WITH_KNOTS ( 'NONE', 3,
 ( #2458, #7542, #3075, #289, #6028 ),
 .UNSPECIFIED., .F., .F.,
 ( 4, 1, 4 ),
 ( 0.3689861546880944809, 0.4285714285714249949, 1.000000000000000000 ),
 .UNSPECIFIED. ) ;
#7622 = EDGE_CURVE ( 'NONE', #8482, #8864, #3162, .T. ) ;
#7623 = DIRECTION ( 'NONE',  ( -0.9999835139982307108, 0.000000000000000000, -0.005742101684093668321 ) ) ;
#7624 = DIRECTION ( 'NONE',  ( 0.6362688849140781810, -3.223931072108890541E-17, 0.7714673720191902451 ) ) ;
#7625 = LINE ( 'NONE', #2632, #2302 ) ;
#7626 = EDGE_CURVE ( 'NONE', #8752, #9058, #8099, .T. ) ;
#7627 = CARTESIAN_POINT ( 'NONE',  ( -0.004958405843365400016, 0.04099853892394019622, 0.1183200039614459992 ) ) ;
#7628 = VERTEX_POINT ( 'NONE', #3832 ) ;
#7629 = ORIENTED_EDGE ( 'NONE', *, *, #1316, .F. ) ;
#7630 = LINE ( 'NONE', #4716, #3051 ) ;
#7631 = DIRECTION ( 'NONE',  ( -1.000000000000000000, 0.000000000000000000, 0.000000000000000000 ) ) ;
#7632 = ORIENTED_EDGE ( 'NONE', *, *, #8760, .T. ) ;
#7633 = CARTESIAN_POINT ( 'NONE',  ( 0.003971492081489716094, 0.04016257840393168410, 0.05637671047151448372 ) ) ;
#7634 = ADVANCED_FACE ( 'NONE', ( #109 ), #5849, .T. ) ;
#7635 = FACE_OUTER_BOUND ( 'NONE', #4296, .T. ) ;
#7636 = B_SPLINE_CURVE_WITH_KNOTS ( 'NONE', 3,
 ( #1605, #1505, #2969, #7250, #7865 ),
 .UNSPECIFIED., .F., .F.,
 ( 4, 1, 4 ),
 ( 0.000000000000000000, 0.4285714285714290472, 1.000000000000000000 ),
 .UNSPECIFIED. ) ;
#7637 = CARTESIAN_POINT ( 'NONE',  ( 0.08412281599075858984, 0.04426544881182470359, 0.1192949395775350085 ) ) ;
#7638 = CARTESIAN_POINT ( 'NONE',  ( -0.005147266006720060440, 0.04027594807459349696, 0.1163700603472169887 ) ) ;
#7639 = CARTESIAN_POINT ( 'NONE',  ( 0.09541882556991904130, 0.04159978635371572309, 0.05767277756796915233 ) ) ;
#7640 = ORIENTED_EDGE ( 'NONE', *, *, #5903, .F. ) ;
#7641 = CARTESIAN_POINT ( 'NONE',  ( 0.06301734947925330399, 0.04985783708471710346, 0.04921645723275799855 ) ) ;
#7642 = DIRECTION ( 'NONE',  ( -0.7071067789270730763, -1.065814103640150239E-15, -0.7071067834460220691 ) ) ;
#7643 = CARTESIAN_POINT ( 'NONE',  ( -0.0005382359659106471196, 0.04305165084414731141, 0.1203316338185215773 ) ) ;
#7644 = LINE ( 'NONE', #7742, #6501 ) ;
#7645 = CARTESIAN_POINT ( 'NONE',  ( 0.002021564928171595138, 0.07410757410786771027, 0.07965679743994021067 ) ) ;
#7646 = DIRECTION ( 'NONE',  ( -5.979188663871559846E-17, -1.000000000000000000, 7.523851983841539456E-18 ) ) ;
#7647 = EDGE_CURVE ( 'NONE', #1809, #4744, #9121, .T. ) ;
#7648 = FACE_OUTER_BOUND ( 'NONE', #5408, .T. ) ;
#7649 = B_SPLINE_CURVE_WITH_KNOTS ( 'NONE', 3,
 ( #3824, #7212, #5933, #1517, #7357, #8022, #2368, #3688, #8107, #7399, #951, #6651, #1568, #8067, #5891, #7315, #4528, #5052, #4345, #2933, #8780, #3, #6512, #3072, #55, #906, #863, #1614, #7925, #2884, #821, #5757, #3777, #2326, #200, #5801, #8679, #5238, #8824, #7967, #2224, #6556, #5101, #7267, #5844, #3735, #6604, #146, #7538, #6164, #2455, #995, #3869, #8245, #4573, #2406, #6881, #1839, #9001, #7443, #6738, #2498, #1140, #4717 ),
 .UNSPECIFIED., .F., .F.,
 ( 4, 2, 1, 1, 1, 1, 2, 2, 2, 2, 1, 1, 2, 2, 2, 2, 1, 1, 2, 2, 2, 2, 1, 1, 1, 2, 2, 2, 2, 2, 2, 2, 2, 1, 1, 1, 2, 2, 4 ),
 ( 0.000000000000000000, 0.06250000000060863814, 0.09375000000091301966, 0.1093750000010718648, 0.1171875000011534246, 0.1210937500011942114, 0.1230468750012102680, 0.1250000000012263524, 0.1875000000012449486, 0.2187500000012589929, 0.2343750000012728152, 0.2421875000012863044, 0.2460937500012868318, 0.2500000000012873591, 0.3125000000014226398, 0.3437500000014852564, 0.3593750000015215607, 0.3671875000015344392, 0.3710937500015407120, 0.3750000000015469848, 0.5000000000016550095, 0.5625000000017050805, 0.5937500000017333912, 0.6093750000017507107, 0.6171875000017593704, 0.6210937500017666979, 0.6250000000017739143, 0.6875000000015263346, 0.7187500000013934409, 0.7343750000013350432, 0.7500000000012765344, 0.8125000000010200729, 0.8437500000008901768, 0.8593750000008271162, 0.8671875000007956968, 0.8710937500007673862, 0.8730468750007508438, 0.8750000000007344125, 1.000000000000000000 ),
 .UNSPECIFIED. ) ;
#7650 = EDGE_CURVE ( 'NONE', #4396, #9262, #4277, .T. ) ;
#7651 = CARTESIAN_POINT ( 'NONE',  ( 0.07770456149309551419, 0.04809821692855525965, 0.1258457845890054161 ) ) ;
#7652 = CARTESIAN_POINT ( 'NONE',  ( 0.07838397268017427422, 0.04010946802755342711, 0.05499623979817393898 ) ) ;
#7653 = ORIENTED_EDGE ( 'NONE', *, *, #7927, .T. ) ;
#7654 = EDGE_CURVE ( 'NONE', #6351, #927, #1360, .T. ) ;
#7655 = LINE ( 'NONE', #6287, #6952 ) ;
#7656 = EDGE_CURVE ( 'NONE', #7071, #865, #4769, .T. ) ;
#7657 = CARTESIAN_POINT ( 'NONE',  ( 0.1174396500727660081, 0.03926020900462520030, 0.1713845692499630091 ) ) ;
#7658 = B_SPLINE_CURVE_WITH_KNOTS ( 'NONE', 3,
 ( #1310, #8281, #605, #8473, #3432, #2671, #1262, #6296, #7051, #9033, #5456, #1824 ),
 .UNSPECIFIED., .F., .F.,
 ( 4, 2, 1, 1, 2, 2, 4 ),
 ( 0.5049132148690875788, 0.5203846769044297993, 0.5358561389397719088, 0.5667990630104562388, 0.6286849111518184596, 0.7524566074345462319, 1.000000000000000000 ),
 .UNSPECIFIED. ) ;
#7659 = FACE_OUTER_BOUND ( 'NONE', #386, .T. ) ;
#7660 = LINE ( 'NONE', #1303, #7150 ) ;
#7661 = CARTESIAN_POINT ( 'NONE',  ( 0.08415725123393341667, 0.05199993192816928372, 0.06788977310561153389 ) ) ;
#7662 = ORIENTED_EDGE ( 'NONE', *, *, #1183, .T. ) ;
#7663 = CARTESIAN_POINT ( 'NONE',  ( 0.005201128652610360024, 0.07410757410786771027, 0.09767535187207718184 ) ) ;
#7664 = CARTESIAN_POINT ( 'NONE',  ( -0.004836855489793229559, 0.04042953285945569825, 0.06835361687957960952 ) ) ;
#7665 = CARTESIAN_POINT ( 'NONE',  ( 0.06454226286027689441, 0.04010757410786770089, 0.04550531809303810099 ) ) ;
#7666 = LINE ( 'NONE', #9083, #4902 ) ;
#7667 = VERTEX_POINT ( 'NONE', #1754 ) ;
#7668 = ORIENTED_EDGE ( 'NONE', *, *, #3203, .F. ) ;
#7669 = CARTESIAN_POINT ( 'NONE',  ( 0.04077925308366790041, 0.04010757410786770089, 0.09287956601695539216 ) ) ;
#7670 = AXIS2_PLACEMENT_3D ( 'NONE', #79, #8756, #4276 ) ;
#7671 = DIRECTION ( 'NONE',  ( -0.005742101684089324573, 0.000000000000000000, 0.9999835139982307108 ) ) ;
#7672 = CARTESIAN_POINT ( 'NONE',  ( 0.004946465796225736969, 0.04728871039120918079, 0.1263036675163654587 ) ) ;
#7673 = CIRCLE ( 'NONE', #6772, 0.003149999999999997420 ) ;
#7674 = CARTESIAN_POINT ( 'NONE',  ( -0.002633984521786579894, 0.04428576707108219934, 0.1159955826547219987 ) ) ;
#7675 = ORIENTED_EDGE ( 'NONE', *, *, #3681, .T. ) ;
#7676 = ORIENTED_EDGE ( 'NONE', *, *, #7249, .T. ) ;
#7677 = CARTESIAN_POINT ( 'NONE',  ( 0.08395986001946201260, 0.04985783719941473680, 0.1181693800072237954 ) ) ;
#7678 = B_SPLINE_CURVE_WITH_KNOTS ( 'NONE', 3,
 ( #2862, #8702, #4423, #8045, #3178 ),
 .UNSPECIFIED., .F., .F.,
 ( 4, 1, 4 ),
 ( 0.000000000000000000, 0.4285714285714290472, 1.000000000000000000 ),
 .UNSPECIFIED. ) ;
#7679 = CARTESIAN_POINT ( 'NONE',  ( -0.01402500563668900371, 0.04131989642635405802, 0.1278289624216449871 ) ) ;
#7680 = ORIENTED_EDGE ( 'NONE', *, *, #7532, .F. ) ;
#7681 = CARTESIAN_POINT ( 'NONE',  ( 0.08571190719445465067, 0.04591300825681254860, 0.09041829594529082748 ) ) ;
#7682 = CARTESIAN_POINT ( 'NONE',  ( 0.09426112531009819828, 0.04510757410786769839, 0.1298212679695699978 ) ) ;
#7683 = DIRECTION ( 'NONE',  ( -0.5000000015976892032, -0.7071067811865466846, 0.4999999984023119626 ) ) ;
#7684 = FACE_BOUND ( 'NONE', #7941, .T. ) ;
#7685 = CARTESIAN_POINT ( 'NONE',  ( 0.04077925308366790041, 0.04950000073015689561, 0.09287956601695539216 ) ) ;
#7686 = EDGE_CURVE ( 'NONE', #7071, #6547, #2599, .T. ) ;
#7687 = ORIENTED_EDGE ( 'NONE', *, *, #1329, .F. ) ;
#7688 = CYLINDRICAL_SURFACE ( 'NONE', #5598, 0.005000000000000003574 ) ;
#7689 = EDGE_CURVE ( 'NONE', #6982, #6661, #2572, .T. ) ;
#7690 = VECTOR ( 'NONE', #8874, 1.000000000000000000 ) ;
#7691 = CARTESIAN_POINT ( 'NONE',  ( 0.06647734677803657233, 0.05199730586863663545, 0.1364214299979281675 ) ) ;
#7692 = CARTESIAN_POINT ( 'NONE',  ( -0.002965410122460697320, 0.04010757410786770782, 0.1227588079595601511 ) ) ;
#7693 = DIRECTION ( 'NONE',  ( 0.7071067834460210699, -4.759941537868960834E-17, -0.7071067789270740755 ) ) ;
#7694 = CARTESIAN_POINT ( 'NONE',  ( -0.01353642684812851778, 0.04157203187793789834, 0.05717512828365411970 ) ) ;
#7695 = CARTESIAN_POINT ( 'NONE',  ( 0.08484124181944339982, 0.04410757410786769750, 0.07144265512362940607 ) ) ;
#7696 = FACE_OUTER_BOUND ( 'NONE', #7454, .T. ) ;
#7697 = CARTESIAN_POINT ( 'NONE',  ( 0.04077925308366790041, 0.04010757410786770089, 0.09287956601695539216 ) ) ;
#7698 = CARTESIAN_POINT ( 'NONE',  ( 0.07834520207642543810, 0.04010877026766920816, 0.05491750074013553723 ) ) ;
#7699 = ORIENTED_EDGE ( 'NONE', *, *, #1814, .F. ) ;
#7700 = ORIENTED_EDGE ( 'NONE', *, *, #3979, .F. ) ;
#7701 = CARTESIAN_POINT ( 'NONE',  ( 0.01760817684777180731, 0.04985783735747009726, 0.1360674980169686854 ) ) ;
#7702 = LINE ( 'NONE', #5397, #6942 ) ;
#7703 = AXIS2_PLACEMENT_3D ( 'NONE', #3484, #1363, #3392 ) ;
#7704 = DIRECTION ( 'NONE',  ( -0.7071067834460210699, 1.064033378703280288E-17, 0.7071067789270740755 ) ) ;
#7705 = ADVANCED_FACE ( 'NONE', ( #2547 ), #2122, .F. ) ;
#7706 = AXIS2_PLACEMENT_3D ( 'NONE', #2043, #8451, #1996 ) ;
#7707 = CARTESIAN_POINT ( 'NONE',  ( 0.01717669356251210269, 0.05294639108764150059, 0.1358350215997380095 ) ) ;
#7708 = AXIS2_PLACEMENT_3D ( 'NONE', #2288, #6663, #1713 ) ;
#7709 = CARTESIAN_POINT ( 'NONE',  ( 0.07809092096542401273, 0.04880318075610579065, 0.06111696648251496028 ) ) ;
#7710 = ADVANCED_FACE ( 'NONE', ( #1937, #7684 ), #3972, .T. ) ;
#7711 = CARTESIAN_POINT ( 'NONE',  ( -0.01576537367859819766, 0.04432088081784599926, 0.04156140097379550091 ) ) ;
#7712 = EDGE_CURVE ( 'NONE', #7444, #1731, #6795, .T. ) ;
#7713 = FACE_BOUND ( 'NONE', #1460, .T. ) ;
#7714 = AXIS2_PLACEMENT_3D ( 'NONE', #699, #7942, #2814 ) ;
#7715 = CARTESIAN_POINT ( 'NONE',  ( 0.003485408760337071251, 0.04886007634462451871, 0.06033085536165216228 ) ) ;
#7716 = CARTESIAN_POINT ( 'NONE',  ( -0.005454013309201040383, 0.04056116704352170227, 0.1177006890430299935 ) ) ;
#7717 = ORIENTED_EDGE ( 'NONE', *, *, #4973, .T. ) ;
#7718 = ORIENTED_EDGE ( 'NONE', *, *, #2825, .T. ) ;
#7719 = AXIS2_PLACEMENT_3D ( 'NONE', #6537, #8707, #4936 ) ;
#7720 = CARTESIAN_POINT ( 'NONE',  ( 0.01301275702957224029, 0.04209270483185881262, 0.05124764871283742085 ) ) ;
#7721 = DIRECTION ( 'NONE',  ( 0.005742101684089277736, 0.000000000000000000, -0.9999835139982307108 ) ) ;
#7722 = FACE_OUTER_BOUND ( 'NONE', #3037, .T. ) ;
#7723 = EDGE_CURVE ( 'NONE', #8569, #7749, #8215, .T. ) ;
#7724 = CARTESIAN_POINT ( 'NONE',  ( 0.01811597466768469916, 0.04010757410786770089, 0.04629686931919139992 ) ) ;
#7725 = VERTEX_POINT ( 'NONE', #4110 ) ;
#7726 = VERTEX_POINT ( 'NONE', #2460 ) ;
#7727 = CARTESIAN_POINT ( 'NONE',  ( 0.007680178646722086652, 0.04793298683632068319, 0.1296858063172146858 ) ) ;
#7728 = CARTESIAN_POINT ( 'NONE',  ( -0.01397897022415844209, 0.04139320041423298624, 0.1279013520518764158 ) ) ;
#7729 = VERTEX_POINT ( 'NONE', #6840 ) ;
#7730 = CARTESIAN_POINT ( 'NONE',  ( 0.003528529617564991634, 0.04014064951287865668, 0.05661670692153766143 ) ) ;
#7731 = DIRECTION ( 'NONE',  ( 5.979188663871559846E-17, 1.000000000000000000, -7.523851983841548700E-18 ) ) ;
#7732 = VECTOR ( 'NONE', #5284, 1.000000000000000000 ) ;
#7733 = DIRECTION ( 'NONE',  ( 0.9999835139982308219, -5.974769818641945766E-17, 0.005742101684089259521 ) ) ;
#7734 = CARTESIAN_POINT ( 'NONE',  ( 0.07776501783631095677, 0.04818718632935999058, 0.06073841988368867961 ) ) ;
#7735 = CARTESIAN_POINT ( 'NONE',  ( 0.07569074205288149615, 0.04079381398109817314, 0.03805003272847615886 ) ) ;
#7736 = EDGE_LOOP ( 'NONE', ( #8390, #3727, #375, #6734 ) ) ;
#7737 = CARTESIAN_POINT ( 'NONE',  ( 0.08448086128439839804, 0.05208030290971969734, 0.1203815658078000034 ) ) ;
#7738 = CARTESIAN_POINT ( 'NONE',  ( 0.06812348475486805499, 0.05199875345482447148, 0.1372882822652480017 ) ) ;
#7739 = CARTESIAN_POINT ( 'NONE',  ( 0.004525292689377162329, 0.04013956952074559936, 0.1301506897947813657 ) ) ;
#7740 = ADVANCED_FACE ( 'NONE', ( #6079 ), #5334, .T. ) ;
#7741 = ADVANCED_FACE ( 'NONE', ( #5380 ), #1795, .T. ) ;
#7742 = CARTESIAN_POINT ( 'NONE',  ( 0.06815488726706860068, 0.09210757410786771238, 0.1341206214478800063 ) ) ;
#7743 = CARTESIAN_POINT ( 'NONE',  ( 0.07928262415367620664, 0.04010757410786770089, 0.1452483584056029897 ) ) ;
#7744 = CARTESIAN_POINT ( 'NONE',  ( 0.003386093773110547545, 0.04011240230145458885, 0.05489395453771005878 ) ) ;
#7745 = CARTESIAN_POINT ( 'NONE',  ( -0.01381277245863578827, 0.04168903244704625505, 0.1281600401186327454 ) ) ;
#7746 = EDGE_CURVE ( 'NONE', #7535, #1508, #1074, .T. ) ;
#7747 = DIRECTION ( 'NONE',  ( -0.1623803849827991641, 0.000000000000000000, 0.9867282354188704474 ) ) ;
#7748 = CARTESIAN_POINT ( 'NONE',  ( 0.01624396633190284753, 0.05200018509407838135, 0.04956096668710104763 ) ) ;
#7749 = VERTEX_POINT ( 'NONE', #8250 ) ;
#7750 = EDGE_LOOP ( 'NONE', ( #5713, #1748, #1035, #5041 ) ) ;
#7751 = LINE ( 'NONE', #6947, #8335 ) ;
#7752 = CARTESIAN_POINT ( 'NONE',  ( 0.08958640014713802058, 0.05201161998294109856, 0.08853647862274019453 ) ) ;
#7753 = CARTESIAN_POINT ( 'NONE',  ( 0.07822334755812565543, 0.04015222400872012903, 0.05693670278119628003 ) ) ;
#7754 = DIRECTION ( 'NONE',  ( -0.4999999984023119626, -0.7071067811865466846, -0.5000000015976892032 ) ) ;
#7755 = CARTESIAN_POINT ( 'NONE',  ( 0.01880967800718049907, 0.04410757410786769750, 0.1366783990032190144 ) ) ;
#7756 = VECTOR ( 'NONE', #7492, 1.000000000000000000 ) ;
#7757 = CARTESIAN_POINT ( 'NONE',  ( 0.09385551884014224633, 0.05050581512929808170, 0.1304027790933964537 ) ) ;
#7758 = CARTESIAN_POINT ( 'NONE',  ( -0.002719319658975280149, 0.04204464083856839646, 0.06780434934404550029 ) ) ;
#7759 = CARTESIAN_POINT ( 'NONE',  ( 0.003342726966728771544, 0.04938881186478605995, 0.06049474918505381299 ) ) ;
#7760 = CARTESIAN_POINT ( 'NONE',  ( 0.08959190328087386634, 0.04806016718900280038, 0.08859808478836950218 ) ) ;
#7761 = ORIENTED_EDGE ( 'NONE', *, *, #7321, .T. ) ;
#7762 = ORIENTED_EDGE ( 'NONE', *, *, #3406, .T. ) ;
#7763 = CIRCLE ( 'NONE', #9115, 0.04500000000000002609 ) ;
#7764 = CARTESIAN_POINT ( 'NONE',  ( 0.01226666103590435229, 0.04092215427552207269, 0.05050155271440142507 ) ) ;
#7765 = DIRECTION ( 'NONE',  ( -1.000000000000000000, 0.000000000000000000, 0.000000000000000000 ) ) ;
#7766 = LINE ( 'NONE', #665, #3913 ) ;
#7767 = CARTESIAN_POINT ( 'NONE',  ( 0.08640090725345930811, 0.04048061862987829829, 0.06900678572269129674 ) ) ;
#7768 = VERTEX_POINT ( 'NONE', #1846 ) ;
#7769 = VERTEX_POINT ( 'NONE', #482 ) ;
#7770 = CARTESIAN_POINT ( 'NONE',  ( 0.07822919313115329898, 0.04947613981433818253, 0.1252485639682520968 ) ) ;
#7771 = EDGE_CURVE ( 'NONE', #6115, #5246, #3356, .T. ) ;
#7772 = CARTESIAN_POINT ( 'NONE',  ( -0.01576003169842889878, 0.04010757410786770089, 0.1249468277698549956 ) ) ;
#7773 = ORIENTED_EDGE ( 'NONE', *, *, #1933, .F. ) ;
#7774 = CARTESIAN_POINT ( 'NONE',  ( 0.002849558254132003501, 0.04011129225497305634, 0.05683267124496221845 ) ) ;
#7775 = CARTESIAN_POINT ( 'NONE',  ( 0.07989280024107690836, 0.04010757410786770089, 0.05421264955384290374 ) ) ;
#7776 = B_SPLINE_CURVE_WITH_KNOTS ( 'NONE', 3,
 ( #1058, #1806, #6089, #9017 ),
 .UNSPECIFIED., .F., .F.,
 ( 4, 4 ),
 ( 0.000000000000000000, 1.000000000000000000 ),
 .UNSPECIFIED. ) ;
#7777 = CARTESIAN_POINT ( 'NONE',  ( 0.06964891986905639987, 0.04010757410786770089, 0.1273982904965859919 ) ) ;
#7778 = CARTESIAN_POINT ( 'NONE',  ( 0.05320033732452539993, 0.06690757410786771220, 0.09795097275291347882 ) ) ;
#7779 = ORIENTED_EDGE ( 'NONE', *, *, #7249, .F. ) ;
#7780 = ORIENTED_EDGE ( 'NONE', *, *, #669, .T. ) ;
#7781 = CARTESIAN_POINT ( 'NONE',  ( 0.07352328916867212349, 0.04782797403321555063, 0.1300014400439153672 ) ) ;
#7782 = CARTESIAN_POINT ( 'NONE',  ( 0.004867317959103840096, 0.04722120145040200473, 0.1269468951698120018 ) ) ;
#7783 = CARTESIAN_POINT ( 'NONE',  ( 0.003728257402575982545, 0.04016862934744477170, 0.1290850777558357754 ) ) ;
#7784 = DIRECTION ( 'NONE',  ( -0.6902684921683039931, -0.2169304578186490029, 0.6902684877569650324 ) ) ;
#7785 = CARTESIAN_POINT ( 'NONE',  ( 0.002960250973231983492, 0.04011008479745106770, 0.05523947823290527304 ) ) ;
#7786 = DIRECTION ( 'NONE',  ( 5.654249765337459873E-17, 1.000000000000000000, 1.030507995274408067E-17 ) ) ;
#7787 = DIRECTION ( 'NONE',  ( 0.7071067834460215140, -4.759941537868956520E-17, -0.7071067789270735204 ) ) ;
#7788 = CARTESIAN_POINT ( 'NONE',  ( 0.01392558875742794591, 0.05199513534187230612, 0.04881643298968518091 ) ) ;
#7789 = VERTEX_POINT ( 'NONE', #6980 ) ;
#7790 = ORIENTED_EDGE ( 'NONE', *, *, #6997, .F. ) ;
#7791 = DIRECTION ( 'NONE',  ( 0.000000000000000000, -1.000000000000000000, 8.002070158142689421E-17 ) ) ;
#7792 = CARTESIAN_POINT ( 'NONE',  ( 0.08973094828299765791, 0.05473493450139069877, 0.09505477429804272405 ) ) ;
#7793 = B_SPLINE_CURVE_WITH_KNOTS ( 'NONE', 3,
 ( #3659, #5774, #7944, #5026, #7897, #1446 ),
 .UNSPECIFIED., .F., .F.,
 ( 4, 2, 4 ),
 ( 0.000000000000000000, 0.2506359902940602513, 0.5012719805881205026 ),
 .UNSPECIFIED. ) ;
#7794 = CARTESIAN_POINT ( 'NONE',  ( 0.07864074429176690084, 0.04013041844439754757, 0.05712920319211071268 ) ) ;
#7795 = CARTESIAN_POINT ( 'NONE',  ( 0.06746857256654011092, 0.04309954059752910127, 0.1373508018206049952 ) ) ;
#7796 = CARTESIAN_POINT ( 'NONE',  ( 0.04077925308366790041, 0.04950000073015689561, 0.09287956601695539216 ) ) ;
#7797 = ORIENTED_EDGE ( 'NONE', *, *, #5218, .T. ) ;
#7798 = LINE ( 'NONE', #6434, #5461 ) ;
#7799 = CARTESIAN_POINT ( 'NONE',  ( 0.08202030851459299332, 0.04410757410786769750, 0.06550393183355479598 ) ) ;
#7800 = CARTESIAN_POINT ( 'NONE',  ( 0.07802655304158280514, 0.04798531133392893583, 0.06027772307525749301 ) ) ;
#7801 = CARTESIAN_POINT ( 'NONE',  ( 0.04077925308366790041, 0.04410757410786769750, 0.09287956601695539216 ) ) ;
#7802 = EDGE_LOOP ( 'NONE', ( #5810, #8910, #2069, #1218 ) ) ;
#7803 = VERTEX_POINT ( 'NONE', #1102 ) ;
#7804 = EDGE_CURVE ( 'NONE', #6397, #2945, #4533, .T. ) ;
#7805 = ADVANCED_FACE ( 'NONE', ( #7590 ), #3763, .T. ) ;
#7806 = DIRECTION ( 'NONE',  ( 3.353915237470515186E-17, 1.000000000000000000, 1.842910693930310185E-17 ) ) ;
#7807 = CARTESIAN_POINT ( 'NONE',  ( 0.08815350100758528873, 0.04010757410786770089, 0.1166425757935640045 ) ) ;
#7808 = CARTESIAN_POINT ( 'NONE',  ( -0.003514613803846009920, 0.05200000073015659946, 0.06474396211351869657 ) ) ;
#7809 = FACE_OUTER_BOUND ( 'NONE', #7736, .T. ) ;
#7810 = EDGE_LOOP ( 'NONE', ( #8905, #2270, #3242, #1533, #6520, #8665, #3877, #3501, #1819, #7484 ) ) ;
#7811 = ORIENTED_EDGE ( 'NONE', *, *, #6765, .F. ) ;
#7812 = CARTESIAN_POINT ( 'NONE',  ( 0.07823321993357139348, 0.04950000073015969893, 0.1252439039092460016 ) ) ;
#7813 = CYLINDRICAL_SURFACE ( 'NONE', #7084, 0.007999999999999998432 ) ;
#7814 = ORIENTED_EDGE ( 'NONE', *, *, #551, .F. ) ;
#7815 = CARTESIAN_POINT ( 'NONE',  ( 0.01649645400731513875, 0.05200046933055943454, 0.1359157512116278554 ) ) ;
#7816 = EDGE_CURVE ( 'NONE', #6637, #992, #3944, .T. ) ;
#7817 = CARTESIAN_POINT ( 'NONE',  ( 0.01906123509881699901, 0.04416030888467410015, 0.04895545310832979946 ) ) ;
#7818 = VECTOR ( 'NONE', #3578, 1.000000000000000000 ) ;
#7819 = EDGE_CURVE ( 'NONE', #2945, #3192, #5732, .T. ) ;
#7820 = DIRECTION ( 'NONE',  ( -0.7071067789270735204, 0.000000000000000000, -0.7071067834460215140 ) ) ;
#7821 = EDGE_CURVE ( 'NONE', #6088, #1514, #1242, .T. ) ;
#7822 = CARTESIAN_POINT ( 'NONE',  ( -0.003144859824957660192, 0.04416030888467410015, 0.1145975840018060021 ) ) ;
#7823 = VERTEX_POINT ( 'NONE', #7874 ) ;
#7824 = EDGE_LOOP ( 'NONE', ( #1437, #3368, #1170, #3847, #923 ) ) ;
#7825 = CARTESIAN_POINT ( 'NONE',  ( 0.07433026700004967402, 0.04728286633180229376, 0.1292740872464959168 ) ) ;
#7826 = CARTESIAN_POINT ( 'NONE',  ( 0.005326208318779961440, 0.04721887939435507470, 0.1274306325579720456 ) ) ;
#7827 = CARTESIAN_POINT ( 'NONE',  ( 0.003209789904816697913, 0.04014571629119727258, 0.1287570918110295948 ) ) ;
#7828 = CARTESIAN_POINT ( 'NONE',  ( 0.003228751915602432170, 0.04010848546771646206, 0.1308771192755301405 ) ) ;
#7829 = AXIS2_PLACEMENT_3D ( 'NONE', #5360, #6505, #8674 ) ;
#7830 = CARTESIAN_POINT ( 'NONE',  ( 0.003541785837903635350, 0.04011069090081202659, 0.05468626619791902566 ) ) ;
#7831 = CARTESIAN_POINT ( 'NONE',  ( 0.003134454371854468718, 0.04873237644599414525, 0.1250217187986982503 ) ) ;
#7832 = PLANE ( 'NONE',  #1679 ) ;
#7833 = CARTESIAN_POINT ( 'NONE',  ( 0.01747257979058303851, 0.05200018688048278770, 0.04949250541746393756 ) ) ;
#7834 = ORIENTED_EDGE ( 'NONE', *, *, #9128, .F. ) ;
#7835 = AXIS2_PLACEMENT_3D ( 'NONE', #7279, #832, #3702 ) ;
#7836 = ORIENTED_EDGE ( 'NONE', *, *, #5648, .F. ) ;
#7837 = LINE ( 'NONE', #7457, #488 ) ;
#7838 = VECTOR ( 'NONE', #4673, 1.000000000000000000 ) ;
#7839 = CARTESIAN_POINT ( 'NONE',  ( 0.08973614498241869186, 0.05478254977018542221, 0.09493492582688631276 ) ) ;
#7840 = CARTESIAN_POINT ( 'NONE',  ( 0.06824892926991750486, 0.04510757410786760124, 0.1377501973685599790 ) ) ;
#7841 = DIRECTION ( 'NONE',  ( 0.6902684877569650324, 0.2169304578186495025, 0.6902684921683039931 ) ) ;
#7842 = AXIS2_PLACEMENT_3D ( 'NONE', #1548, #6678, #5961 ) ;
#7843 = CARTESIAN_POINT ( 'NONE',  ( 0.09411025506865251800, 0.04912358331232524744, 0.1300387496446883395 ) ) ;
#7844 = LINE ( 'NONE', #9229, #4828 ) ;
#7845 = CARTESIAN_POINT ( 'NONE',  ( 0.04077925308366790041, 0.04410757410786769750, 0.09287956601695539216 ) ) ;
#7846 = ORIENTED_EDGE ( 'NONE', *, *, #284, .F. ) ;
#7847 = LINE ( 'NONE', #8517, #7907 ) ;
#7848 = VERTEX_POINT ( 'NONE', #7734 ) ;
#7849 = VERTEX_POINT ( 'NONE', #9342 ) ;
#7850 = VECTOR ( 'NONE', #916, 1.000000000000000000 ) ;
#7851 = B_SPLINE_CURVE_WITH_KNOTS ( 'NONE', 3,
 ( #7682, #3302, #4721, #7067, #4856, #5564, #2742, #8441, #480, #3354, #4151, #6219, #1935, #4058, #1890 ),
 .UNSPECIFIED., .F., .F.,
 ( 4, 2, 2, 2, 1, 1, 1, 2, 4 ),
 ( 0.000000000000000000, 0.2477575231081176887, 0.3716362846621760196, 0.4335756654392061704, 0.4645453558277231054, 0.4800302010219824611, 0.4877726236191091691, 0.4916438349176734390, 0.4955150462162378200 ),
 .UNSPECIFIED. ) ;
#7852 = AXIS2_PLACEMENT_3D ( 'NONE', #2377, #5248, #4540 ) ;
#7853 = CARTESIAN_POINT ( 'NONE',  ( 0.003221337686575749711, 0.05200000073015689783, 0.1243502347582590012 ) ) ;
#7854 = EDGE_CURVE ( 'NONE', #3146, #947, #2142, .T. ) ;
#7855 = CARTESIAN_POINT ( 'NONE',  ( 0.06653540785546492586, 0.04990270069763821231, 0.1366007344589414141 ) ) ;
#7856 = LINE ( 'NONE', #6401, #2440 ) ;
#7857 = EDGE_CURVE ( 'NONE', #6771, #4795, #6741, .T. ) ;
#7858 = VECTOR ( 'NONE', #905, 1.000000000000000000 ) ;
#7859 = CIRCLE ( 'NONE', #1096, 0.001299999999999997555 ) ;
#7860 = ADVANCED_FACE ( 'NONE', ( #8491 ), #7070, .F. ) ;
#7861 = CARTESIAN_POINT ( 'NONE',  ( 0.001665705926259000019, 0.04010757410786770089, 0.1315464824800660071 ) ) ;
#7862 = ORIENTED_EDGE ( 'NONE', *, *, #1993, .F. ) ;
#7863 = ORIENTED_EDGE ( 'NONE', *, *, #50, .F. ) ;
#7864 = CARTESIAN_POINT ( 'NONE',  ( 0.006272834785987229864, 0.04721957596032489574, 0.1283698054676200018 ) ) ;
#7865 = CARTESIAN_POINT ( 'NONE',  ( 0.01854115668808250031, 0.04415657025026400312, 0.1365426748011530078 ) ) ;
#7866 = CC_DESIGN_APPROVAL ( #9313, ( #6778 ) ) ;
#7867 = CARTESIAN_POINT ( 'NONE',  ( 0.06261760187424431079, 0.05214833578940349795, 0.1367447976242729957 ) ) ;
#7868 = B_SPLINE_CURVE_WITH_KNOTS ( 'NONE', 3,
 ( #2492, #7529, #1830, #1880, #7672, #3247 ),
 .UNSPECIFIED., .F., .F.,
 ( 4, 2, 4 ),
 ( 0.5012645726634931131, 0.7506322863317465011, 1.000000000000000000 ),
 .UNSPECIFIED. ) ;
#7869 = ORIENTED_EDGE ( 'NONE', *, *, #165, .F. ) ;
#7870 = CIRCLE ( 'NONE', #4559, 0.04949999999999999539 ) ;
#7871 = CARTESIAN_POINT ( 'NONE',  ( 0.004613258863677999200, 0.04016719072648020777, 0.05577854983331956285 ) ) ;
#7872 = DIRECTION ( 'NONE',  ( 5.979188663871559846E-17, 1.000000000000000000, -7.523851983841539456E-18 ) ) ;
#7873 = CARTESIAN_POINT ( 'NONE',  ( 0.06907436546622533480, 0.04117636887389761191, 0.1350400996529132203 ) ) ;
#7874 = CARTESIAN_POINT ( 'NONE',  ( 0.05580029446092079487, 0.07410757410786771027, 0.09796590221729212233 ) ) ;
#7875 = ORIENTED_EDGE ( 'NONE', *, *, #2277, .T. ) ;
#7876 = VERTEX_POINT ( 'NONE', #2744 ) ;
#7878 = VECTOR ( 'NONE', #4874, 1.000000000000000000 ) ;
#7877 = CARTESIAN_POINT ( 'NONE',  ( 0.08928007514933299082, 0.05200000073015689783, 0.1361539263121080146 ) ) ;
#7879 = CARTESIAN_POINT ( 'NONE',  ( -0.009428479659615499400, 0.04950000073015689561, 0.1292218774554109995 ) ) ;
#7880 = CARTESIAN_POINT ( 'NONE',  ( 0.004292492874327677281, 0.04016155378422878869, 0.1297118218821931013 ) ) ;
#7881 = VECTOR ( 'NONE', #4903, 1.000000000000000000 ) ;
#7882 = CARTESIAN_POINT ( 'NONE',  ( 0.002248482411098714530, 0.04010757410786771476, 0.1299479653501104948 ) ) ;
#7883 = CYLINDRICAL_SURFACE ( 'NONE', #6862, 0.005000000000000004441 ) ;
#7884 = CARTESIAN_POINT ( 'NONE',  ( -0.01305216390779656913, 0.04445042146789828647, 0.1293100277857977543 ) ) ;
#7885 = CARTESIAN_POINT ( 'NONE',  ( 0.04077925308366790041, 0.04410757410786769750, 0.09287956601695539216 ) ) ;
#7886 = DIRECTION ( 'NONE',  ( 0.005742101684089277736, 0.000000000000000000, -0.9999835139982307108 ) ) ;
#7887 = EDGE_LOOP ( 'NONE', ( #1950, #1834 ) ) ;
#7888 = ORIENTED_EDGE ( 'NONE', *, *, #7343, .F. ) ;
#7889 = PLANE ( 'NONE',  #7122 ) ;
#7891 = VECTOR ( 'NONE', #5624, 1.000000000000000000 ) ;
#7890 = CARTESIAN_POINT ( 'NONE',  ( 0.08973418639947881859, 0.05450860737578650667, 0.09078369184307652495 ) ) ;
#7892 = ADVANCED_FACE ( 'NONE', ( #5751 ), #2078, .F. ) ;
#7893 = FACE_OUTER_BOUND ( 'NONE', #3104, .T. ) ;
#7894 = CARTESIAN_POINT ( 'NONE',  ( 0.004105168817262100193, 0.04950000073015688867, 0.1422728990673430005 ) ) ;
#7895 = B_SPLINE_CURVE_WITH_KNOTS ( 'NONE', 3,
 ( #4613, #8996, #1785, #1923, #6916 ),
 .UNSPECIFIED., .F., .F.,
 ( 4, 1, 4 ),
 ( 0.5000102733400182409, 0.5714285714283484641, 1.000000000000000000 ),
 .UNSPECIFIED. ) ;
#7896 = FACE_OUTER_BOUND ( 'NONE', #1163, .T. ) ;
#7897 = CARTESIAN_POINT ( 'NONE',  ( 0.07270729843622536492, 0.04847408017398451702, 0.1300505173893415356 ) ) ;
#7898 = CARTESIAN_POINT ( 'NONE',  ( 0.07811938264225234962, 0.04812102740775532628, 0.06038395516666506674 ) ) ;
#7899 = ORIENTED_EDGE ( 'NONE', *, *, #2555, .F. ) ;
#7900 = CARTESIAN_POINT ( 'NONE',  ( 0.06815488726706860068, 0.04410757410786769750, 0.1341206214478800063 ) ) ;
#7901 = VERTEX_POINT ( 'NONE', #4905 ) ;
#7902 = ORIENTED_EDGE ( 'NONE', *, *, #145, .F. ) ;
#7903 = CARTESIAN_POINT ( 'NONE',  ( 0.04077925308366790041, 0.04410757410786769750, 0.09287956601695539216 ) ) ;
#7904 = AXIS2_PLACEMENT_3D ( 'NONE', #3696, #872, #2374 ) ;
#7905 = DIRECTION ( 'NONE',  ( -0.3915347730349510447, 0.6902684899626365667, 0.6084652276582213082 ) ) ;
#7906 = DIRECTION ( 'NONE',  ( -0.3915347730349503230, 0.6902684899626356785, 0.6084652276582225294 ) ) ;
#7907 = VECTOR ( 'NONE', #7143, 1.000000000000000000 ) ;
#7908 = CARTESIAN_POINT ( 'NONE',  ( 0.05455773690956400301, 0.06690757410786771220, 0.08795860234512049847 ) ) ;
#7909 = CARTESIAN_POINT ( 'NONE',  ( 0.06221616397699390039, 0.04410757410786769750, 0.1369415547527309818 ) ) ;
#7910 = EDGE_LOOP ( 'NONE', ( #904, #4994, #7968, #9232, #5324, #1556, #3131, #4274, #1463, #3063 ) ) ;
#7911 = ORIENTED_EDGE ( 'NONE', *, *, #3514, .T. ) ;
#7912 = DIRECTION ( 'NONE',  ( -0.7071067789270735204, 3.695908159165667450E-17, -0.7071067834460215140 ) ) ;
#7913 = CARTESIAN_POINT ( 'NONE',  ( 0.01638196445576880003, 0.04037124799189970026, 0.04627618244815889792 ) ) ;
#7914 = EDGE_LOOP ( 'NONE', ( #8139, #661, #1275, #4529 ) ) ;
#7915 = CARTESIAN_POINT ( 'NONE',  ( 0.005116659761655754056, 0.04011814735597207110, 0.05474748129106873917 ) ) ;
#7916 = EDGE_CURVE ( 'NONE', #7153, #8413, #7025, .T. ) ;
#7917 = DIRECTION ( 'NONE',  ( 5.700981915704969687E-17, 1.000000000000000000, 9.381789281211429512E-18 ) ) ;
#7918 = CYLINDRICAL_SURFACE ( 'NONE', #3774, 0.003000000000000003098 ) ;
#7919 = CARTESIAN_POINT ( 'NONE',  ( 0.09359554957087840021, 0.04760757410786779775, 0.05746422474587929707 ) ) ;
#7920 = ORIENTED_EDGE ( 'NONE', *, *, #3715, .F. ) ;
#7921 = ORIENTED_EDGE ( 'NONE', *, *, #817, .T. ) ;
#7922 = CARTESIAN_POINT ( 'NONE',  ( 0.04077925308366790041, 0.04010757410786770089, 0.09287956601695539216 ) ) ;
#7923 = VECTOR ( 'NONE', #507, 1.000000000000000000 ) ;
#7924 = EDGE_CURVE ( 'NONE', #3954, #1809, #7087, .T. ) ;
#7925 = CARTESIAN_POINT ( 'NONE',  ( 0.07757686719649398155, 0.04016299102048809938, 0.1293891887344226777 ) ) ;
#7926 = CARTESIAN_POINT ( 'NONE',  ( 0.004053270217517353398, 0.04017202982039368153, 0.1293883939706947928 ) ) ;
#7927 = EDGE_CURVE ( 'NONE', #9238, #7247, #4512, .T. ) ;
#7928 = CARTESIAN_POINT ( 'NONE',  ( 0.08470336599229350005, 0.05060493161550420893, 0.07116154803210440749 ) ) ;
#7929 = CARTESIAN_POINT ( 'NONE',  ( -0.002272856654988801659, 0.05200011127246886855, 0.06754408045145160466 ) ) ;
#7930 = CARTESIAN_POINT ( 'NONE',  ( -0.01376654627495905309, 0.04177860680518213216, 0.1282315255643553253 ) ) ;
#7931 = CARTESIAN_POINT ( 'NONE',  ( 0.05205777812456850034, 0.03610757410786769733, 0.08794424709091019920 ) ) ;
#7932 = CARTESIAN_POINT ( 'NONE',  ( 0.01437034176134680506, 0.05199462982975366215, 0.04905993211064058751 ) ) ;
#7933 = ORIENTED_EDGE ( 'NONE', *, *, #8229, .T. ) ;
#7934 = VERTEX_POINT ( 'NONE', #3498 ) ;
#7935 = CARTESIAN_POINT ( 'NONE',  ( -0.003040388604233746576, 0.05199463362889647500, 0.1192884516027379188 ) ) ;
#7936 = CARTESIAN_POINT ( 'NONE',  ( 0.001273757046267829990, 0.04010757410786770089, 0.05680234629537810054 ) ) ;
#7937 = DIRECTION ( 'NONE',  ( -0.7071067789270740755, 4.442395266090710154E-17, -0.7071067834460210699 ) ) ;
#7938 = CARTESIAN_POINT ( 'NONE',  ( 0.08537261049584470018, 0.05200000073015689783, 0.06532114039128310290 ) ) ;
#7939 = DIRECTION ( 'NONE',  ( 2.837940853171939582E-17, 1.000000000000000000, -2.837940835035349443E-17 ) ) ;
#7940 = ADVANCED_FACE ( 'NONE', ( #7164 ), #3583, .F. ) ;
#7941 = EDGE_LOOP ( 'NONE', ( #8382, #5927 ) ) ;
#7942 = DIRECTION ( 'NONE',  ( 5.979188663871559846E-17, 1.000000000000000000, -7.523851983841539456E-18 ) ) ;
#7943 = ADVANCED_FACE ( 'NONE', ( #7261 ), #6552, .T. ) ;
#7944 = CARTESIAN_POINT ( 'NONE',  ( 0.07230883836047220792, 0.04954740596314829298, 0.1303883451638170043 ) ) ;
#7945 = CARTESIAN_POINT ( 'NONE',  ( -0.01158953930497940051, 0.04699070047950899831, 0.1313829370869639968 ) ) ;
#7946 = EDGE_CURVE ( 'NONE', #6397, #260, #5235, .T. ) ;
#7947 = EDGE_LOOP ( 'NONE', ( #8414, #7415, #8097, #4430, #2204, #5851 ) ) ;
#7948 = VERTEX_POINT ( 'NONE', #3633 ) ;
#7949 = DIRECTION ( 'NONE',  ( -0.7010108928534550810, -0.1310246636425640432, 0.7010108883734651464 ) ) ;
#7950 = CARTESIAN_POINT ( 'NONE',  ( 0.06552522820646874968, 0.04990270080178522971, 0.1363525272118690790 ) ) ;
#7951 = CARTESIAN_POINT ( 'NONE',  ( 0.08444236186786530096, 0.04415657025026400312, 0.1151176624125409970 ) ) ;
#7952 = CARTESIAN_POINT ( 'NONE',  ( 0.08481173313680649695, 0.04487050912190279628, 0.06624804112381600663 ) ) ;
#7953 = CARTESIAN_POINT ( 'NONE',  ( 0.06882207688364230802, 0.04510757410786769839, 0.04829657188629449954 ) ) ;
#7954 = EDGE_LOOP ( 'NONE', ( #7179, #7107, #2164, #713 ) ) ;
#7955 = ORIENTED_EDGE ( 'NONE', *, *, #1983, .F. ) ;
#7956 = DIRECTION ( 'NONE',  ( 8.574484556186029215E-17, 1.000000000000000000, 1.872888228016889791E-17 ) ) ;
#7957 = DIRECTION ( 'NONE',  ( -3.016772900569130268E-19, -1.000000000000000000, -1.903665972729600208E-18 ) ) ;
#7958 = ORIENTED_EDGE ( 'NONE', *, *, #6679, .T. ) ;
#7959 = CARTESIAN_POINT ( 'NONE',  ( 0.01701509808260629614, 0.05200079561316030968, 0.1359950284992871572 ) ) ;
#7960 = FACE_OUTER_BOUND ( 'NONE', #3338, .T. ) ;
#7961 = LINE ( 'NONE', #371, #7234 ) ;
#7962 = CARTESIAN_POINT ( 'NONE',  ( 0.08560668365156544335, 0.05282676901248678503, 0.08894231029989364823 ) ) ;
#7963 = ORIENTED_EDGE ( 'NONE', *, *, #2363, .T. ) ;
#7964 = ORIENTED_EDGE ( 'NONE', *, *, #383, .F. ) ;
#7965 = DIRECTION ( 'NONE',  ( 5.979188663871559846E-17, 1.000000000000000000, -7.523851983841548700E-18 ) ) ;
#7966 = VECTOR ( 'NONE', #4387, 1.000000000000000000 ) ;
#7967 = CARTESIAN_POINT ( 'NONE',  ( 0.07686897907469529556, 0.04016329091213094449, 0.1300866138252050330 ) ) ;
#7968 = ORIENTED_EDGE ( 'NONE', *, *, #7449, .F. ) ;
#7969 = CARTESIAN_POINT ( 'NONE',  ( 0.07832662961505795773, 0.04014687603400420024, 0.05699101742557202699 ) ) ;
#7970 = VECTOR ( 'NONE', #8174, 1.000000000000000000 ) ;
#7971 = CARTESIAN_POINT ( 'NONE',  ( 0.003042865357177782209, 0.04011171732276840735, 0.1305366103447721804 ) ) ;
#7972 = B_SPLINE_CURVE_WITH_KNOTS ( 'NONE', 3,
 ( #177, #5308, #224, #7468 ),
 .UNSPECIFIED., .F., .F.,
 ( 4, 4 ),
 ( 0.000000000000000000, 1.000000000000000000 ),
 .UNSPECIFIED. ) ;
#7973 = ADVANCED_FACE ( 'NONE', ( #3024 ), #8821, .F. ) ;
#7974 = CARTESIAN_POINT ( 'NONE',  ( 0.006915724475646110002, 0.04010757410786770089, 0.08262727564258579016 ) ) ;
#7975 = AXIS2_PLACEMENT_3D ( 'NONE', #5401, #4743, #4646 ) ;
#7976 = EDGE_CURVE ( 'NONE', #4172, #8752, #8104, .T. ) ;
#7977 = CARTESIAN_POINT ( 'NONE',  ( -0.004414450019218054549, 0.04144041113282976446, 0.06648468150493513917 ) ) ;
#7978 = CARTESIAN_POINT ( 'NONE',  ( 0.07278148854955172886, 0.04909723370997293862, 0.1306437066067459851 ) ) ;
#7979 = CARTESIAN_POINT ( 'NONE',  ( 0.003616477676748299647, 0.05032954500249260665, 0.06094325245300670491 ) ) ;
#7980 = EDGE_CURVE ( 'NONE', #4664, #7355, #5613, .T. ) ;
#7981 = ORIENTED_EDGE ( 'NONE', *, *, #4887, .F. ) ;
#7982 = ORIENTED_EDGE ( 'NONE', *, *, #8760, .F. ) ;
#7983 = CARTESIAN_POINT ( 'NONE',  ( 0.003453220812334492108, 0.04895897248587804257, 0.06036771704473318373 ) ) ;
#7984 = DIRECTION ( 'NONE',  ( 5.979188663871559846E-17, 1.000000000000000000, -7.523851983841539456E-18 ) ) ;
#7985 = B_SPLINE_CURVE_WITH_KNOTS ( 'NONE', 3,
 ( #6295, #9133, #5766, #7006 ),
 .UNSPECIFIED., .F., .F.,
 ( 4, 4 ),
 ( 0.000000000000000000, 1.000000000000000000 ),
 .UNSPECIFIED. ) ;
#7986 = DIRECTION ( 'NONE',  ( -0.005742101684089259521, 7.867059038567463870E-18, 0.9999835139982308219 ) ) ;
#7987 = EDGE_LOOP ( 'NONE', ( #6307, #6312, #8529, #2594 ) ) ;
#7988 = DIRECTION ( 'NONE',  ( 5.979188663871559846E-17, 1.000000000000000000, -7.523851983841579515E-18 ) ) ;
#7989 = PLANE ( 'NONE',  #5959 ) ;
#7990 = VERTEX_POINT ( 'NONE', #4758 ) ;
#7991 = APPROVAL_STATUS ( 'not_yet_approved' ) ;
#7992 = AXIS2_PLACEMENT_3D ( 'NONE', #2029, #5558, #5696 ) ;
#7993 = CARTESIAN_POINT ( 'NONE',  ( 0.09098698582695140258, 0.04950000073015689561, 0.05653725457850020120 ) ) ;
#7994 = DIRECTION ( 'NONE',  ( -0.9999835139982307108, 0.000000000000000000, -0.005742101684093656178 ) ) ;
#7995 = ORIENTED_EDGE ( 'NONE', *, *, #6068, .T. ) ;
#7996 = DIRECTION ( 'NONE',  ( 0.000000000000000000, 0.000000000000000000, -1.000000000000000000 ) ) ;
#7997 = AXIS2_PLACEMENT_3D ( 'NONE', #3116, #8863, #5281 ) ;
#7998 = CARTESIAN_POINT ( 'NONE',  ( -0.01305216390779630024, 0.04010757410786770089, 0.1293100277857980041 ) ) ;
#7999 = LINE ( 'NONE', #1638, #479 ) ;
#8000 = EDGE_CURVE ( 'NONE', #5991, #8777, #6192, .T. ) ;
#8001 = CARTESIAN_POINT ( 'NONE',  ( -0.005464917420287799914, 0.04013735275879549980, 0.06911813743493469553 ) ) ;
#8002 = EDGE_CURVE ( 'NONE', #6771, #3442, #3317, .T. ) ;
#8003 = CARTESIAN_POINT ( 'NONE',  ( 0.008414915191377580692, 0.04950000073015969893, 0.1303335328668590032 ) ) ;
#8004 = CIRCLE ( 'NONE', #4691, 0.04900000000000002270 ) ;
#8005 = CARTESIAN_POINT ( 'NONE',  ( 0.08381544886338347655, 0.05200047013856676920, 0.1171623670993980626 ) ) ;
#8006 = CARTESIAN_POINT ( 'NONE',  ( 0.07833716848076020811, 0.05033613396376760557, 0.06140889727565179701 ) ) ;
#8007 = ORIENTED_EDGE ( 'NONE', *, *, #3894, .T. ) ;
#8008 = ORIENTED_EDGE ( 'NONE', *, *, #30, .T. ) ;
#8009 = DIRECTION ( 'NONE',  ( -0.7071067834460215140, 4.759941537868956520E-17, 0.7071067789270735204 ) ) ;
#8010 = FACE_OUTER_BOUND ( 'NONE', #8458, .T. ) ;
#8011 = ORIENTED_EDGE ( 'NONE', *, *, #6185, .T. ) ;
#8012 = AXIS2_PLACEMENT_3D ( 'NONE', #7922, #2931, #3453 ) ;
#8013 = CARTESIAN_POINT ( 'NONE',  ( 0.01547584126332654346, 0.05200013104417861021, 0.1359282316406361102 ) ) ;
#8014 = EDGE_CURVE ( 'NONE', #3369, #2375, #330, .T. ) ;
#8015 = CIRCLE ( 'NONE', #6807, 0.05349999999999999895 ) ;
#8016 = AXIS2_PLACEMENT_3D ( 'NONE', #4672, #7543, #4722 ) ;
#8017 = CYLINDRICAL_SURFACE ( 'NONE', #6764, 0.003000000000000010904 ) ;
#8018 = DIRECTION ( 'NONE',  ( 5.979188663871559846E-17, 1.000000000000000000, -7.523851983841539456E-18 ) ) ;
#8019 = DIRECTION ( 'NONE',  ( -5.949020934865869497E-17, -1.000000000000000000, 9.427517956570969026E-18 ) ) ;
#8020 = ORIENTED_EDGE ( 'NONE', *, *, #8719, .F. ) ;
#8021 = PLANE ( 'NONE',  #4846 ) ;
#8022 = CARTESIAN_POINT ( 'NONE',  ( 0.07856357976488588524, 0.04011567850663640133, 0.1289606811055366287 ) ) ;
#8023 = ORIENTED_EDGE ( 'NONE', *, *, #1133, .F. ) ;
#8024 = CARTESIAN_POINT ( 'NONE',  ( 0.07783024876473780551, 0.04016862934743516134, 0.05667405427804021040 ) ) ;
#8025 = LINE ( 'NONE', #7974, #8826 ) ;
#8026 = PLANE ( 'NONE',  #5901 ) ;
#8027 = CARTESIAN_POINT ( 'NONE',  ( 0.07842854888874570274, 0.04874435638589563052, 0.06074267869184404867 ) ) ;
#8028 = FACE_OUTER_BOUND ( 'NONE', #1495, .T. ) ;
#8029 = ORIENTED_EDGE ( 'NONE', *, *, #1134, .F. ) ;
#8030 = ORIENTED_EDGE ( 'NONE', *, *, #2698, .T. ) ;
#8031 = CARTESIAN_POINT ( 'NONE',  ( -0.002550949982112872202, 0.05200039501541598580, 0.1166375390975212811 ) ) ;
#8032 = CARTESIAN_POINT ( 'NONE',  ( 0.005978797234772919959, 0.04117602563785709158, 0.03798093708271382818 ) ) ;
#8033 = ADVANCED_FACE ( 'NONE', ( #2451 ), #8881, .T. ) ;
#8034 = DIRECTION ( 'NONE',  ( -0.004060279039082150682, 0.7071067811865479058, 0.7070951238229014058 ) ) ;
#8035 = ADVANCED_FACE ( 'NONE', ( #6306 ), #935, .F. ) ;
#8036 = EDGE_LOOP ( 'NONE', ( #1080, #1919, #7119, #5912, #3835 ) ) ;
#8037 = CARTESIAN_POINT ( 'NONE',  ( 0.06221616441820589788, 0.04320997625626703253, 0.1369415545390459954 ) ) ;
#8038 = EDGE_CURVE ( 'NONE', #3765, #8218, #2681, .T. ) ;
#8039 = CARTESIAN_POINT ( 'NONE',  ( 0.08410946556327947299, 0.05200039573012213423, 0.06912159151284741343 ) ) ;
#8040 = ORIENTED_EDGE ( 'NONE', *, *, #8038, .F. ) ;
#8041 = CARTESIAN_POINT ( 'NONE',  ( 0.003876696607541194224, 0.05008281603944340910, 0.03937066121994712425 ) ) ;
#8042 = CARTESIAN_POINT ( 'NONE',  ( 0.07110724777445970313, 0.04510757410786769839, 0.1066673902859600065 ) ) ;
#8043 = DIRECTION ( 'NONE',  ( -0.005742101684089324573, 0.000000000000000000, 0.9999835139982307108 ) ) ;
#8044 = ORIENTED_EDGE ( 'NONE', *, *, #1008, .F. ) ;
#8045 = CARTESIAN_POINT ( 'NONE',  ( 0.06465203454118953474, 0.04048061919068190323, 0.1385012194086710224 ) ) ;
#8046 = FACE_OUTER_BOUND ( 'NONE', #5818, .T. ) ;
#8047 = CARTESIAN_POINT ( 'NONE',  ( 0.002275882013659629756, 0.04699070047950899831, 0.04051077362830800277 ) ) ;
#8048 = CYLINDRICAL_SURFACE ( 'NONE', #8817, 0.005000000000000000971 ) ;
#8049 = PLANE ( 'NONE',  #2263 ) ;
#8050 = CARTESIAN_POINT ( 'NONE',  ( 0.08490752185663129337, 0.04473504341563710324, 0.06615225240460340106 ) ) ;
#8051 = CARTESIAN_POINT ( 'NONE',  ( 0.06471469513729770362, 0.04430890683599869595, 0.04983662057024959569 ) ) ;
#8052 = VERTEX_POINT ( 'NONE', #1411 ) ;
#8053 = ORIENTED_EDGE ( 'NONE', *, *, #7536, .T. ) ;
#8054 = CARTESIAN_POINT ( 'NONE',  ( 0.08201446107268080266, 0.05200000073015689783, 0.04924632336010700134 ) ) ;
#8055 = CARTESIAN_POINT ( 'NONE',  ( 0.07989280024107690836, 0.04010757410786770089, 0.05421264955384290374 ) ) ;
#8056 = VERTEX_POINT ( 'NONE', #4185 ) ;
#8057 = VECTOR ( 'NONE', #4544, 1.000000000000000000 ) ;
#8058 = DIRECTION ( 'NONE',  ( -5.979188663871559846E-17, -1.000000000000000000, 7.523851983841548700E-18 ) ) ;
#8059 = CARTESIAN_POINT ( 'NONE',  ( 0.01288905964942183881, 0.04384278880977415110, 0.1337743958882280648 ) ) ;
#8060 = ADVANCED_FACE ( 'NONE', ( #7809 ), #9032, .T. ) ;
#8061 = CIRCLE ( 'NONE', #2947, 0.04900000000000002270 ) ;
#8062 = CARTESIAN_POINT ( 'NONE',  ( 0.08359668462252960175, 0.04010757410786770089, 0.1417842442841199813 ) ) ;
#8063 = CARTESIAN_POINT ( 'NONE',  ( 0.08575436503637919039, 0.05478957723345800196, 0.09137544259807148239 ) ) ;
#8064 = EDGE_LOOP ( 'NONE', ( #1927, #5267, #8008, #6876, #7021, #6760 ) ) ;
#8065 = ADVANCED_FACE ( 'NONE', ( #8481 ), #521, .T. ) ;
#8066 = LINE ( 'NONE', #5237, #6803 ) ;
#8067 = CARTESIAN_POINT ( 'NONE',  ( 0.07825122161042288860, 0.04012929058150246919, 0.1290547994437128143 ) ) ;
#8068 = ORIENTED_EDGE ( 'NONE', *, *, #3189, .T. ) ;
#8069 = CIRCLE ( 'NONE', #4005, 0.001299999999999997555 ) ;
#8070 = CARTESIAN_POINT ( 'NONE',  ( 0.07720239296683698016, 0.04015686451511334826, 0.05594438834030102808 ) ) ;
#8071 = CARTESIAN_POINT ( 'NONE',  ( -0.002363951100897002978, 0.05200240858544107753, 0.06925312914096161399 ) ) ;
#8072 = CARTESIAN_POINT ( 'NONE',  ( -0.005197516605339340401, 0.04053754202716920024, 0.06752311803209058716 ) ) ;
#8073 = CARTESIAN_POINT ( 'NONE',  ( 0.01337104080228749929, 0.04492807886515449989, 0.1368279486330780115 ) ) ;
#8074 = CARTESIAN_POINT ( 'NONE',  ( 0.01835926501321790902, 0.04083890538909749901, 0.1375763426975247505 ) ) ;
#8075 = ORIENTED_EDGE ( 'NONE', *, *, #5503, .T. ) ;
#8076 = CARTESIAN_POINT ( 'NONE',  ( 0.09209741812682779860, 0.04432088081784599926, 0.03633493925468930102 ) ) ;
#8077 = PLANE ( 'NONE',  #7852 ) ;
#8078 = CARTESIAN_POINT ( 'NONE',  ( 0.01431584934047954588, 0.04985783729271823367, 0.1362905958417676422 ) ) ;
#8079 = ORIENTED_EDGE ( 'NONE', *, *, #5325, .F. ) ;
#8080 = CARTESIAN_POINT ( 'NONE',  ( 0.07396273569210162768, 0.04784165586261739794, 0.05614948103619921138 ) ) ;
#8081 = CARTESIAN_POINT ( 'NONE',  ( 0.04077925308366790041, 0.04010757410786770089, 0.09287956601695539216 ) ) ;
#8082 = ORIENTED_EDGE ( 'NONE', *, *, #950, .T. ) ;
#8083 = DATE_AND_TIME ( #2243, #4414 ) ;
#8084 = CARTESIAN_POINT ( 'NONE',  ( 0.003837551131053620022, 0.04010757410786770089, 0.1463614382433859884 ) ) ;
#8085 = B_SPLINE_SURFACE_WITH_KNOTS ( 'NONE', 3, 3, ( 
 ( #8089, #1637, #1727, #3095 ),
 ( #5960, #8848, #1684, #266 ),
 ( #7428, #3139, #6000, #8887 ),
 ( #2432, #2566, #6140, #6860 ),
 ( #1166, #8328, #3278, #5444 ) ),
 .UNSPECIFIED., .F., .F., .F.,
 ( 4, 1, 4 ),
 ( 4, 4 ),
 ( 0.000000000000000000, 0.5714285714285709528, 1.000000000000000000 ),
 ( 7.594958575497059994E-16, 0.03441153907666479744 ),
 .UNSPECIFIED. ) ;
#8086 = DIRECTION ( 'NONE',  ( -0.7071067834460210699, 1.064033378703290302E-17, 0.7071067789270740755 ) ) ;
#8087 = ORIENTED_EDGE ( 'NONE', *, *, #2024, .F. ) ;
#8088 = LINE ( 'NONE', #7427, #7010 ) ;
#8089 = CARTESIAN_POINT ( 'NONE',  ( 0.08738263665246429057, 0.04037124799189970026, 0.06848227738905610096 ) ) ;
#8090 = CARTESIAN_POINT ( 'NONE',  ( 0.08473310855996600555, 0.04950000073015689561, 0.1238287850757759934 ) ) ;
#8091 = CARTESIAN_POINT ( 'NONE',  ( 0.08640090648154394315, 0.04048061918624152461, 0.06900678456864431376 ) ) ;
#8092 = DIRECTION ( 'NONE',  ( -0.6450864692714358695, 0.000000000000000000, 0.7641095779813997790 ) ) ;
#8093 = EDGE_CURVE ( 'NONE', #6578, #8260, #2291, .T. ) ;
#8094 = CARTESIAN_POINT ( 'NONE',  ( 0.08425600602222489688, 0.04426421202743949929, 0.06736745329039039998 ) ) ;
#8095 = CARTESIAN_POINT ( 'NONE',  ( 0.005224691630969550103, 0.04010757410786770089, 0.05425155597364229865 ) ) ;
#8096 = ORIENTED_EDGE ( 'NONE', *, *, #2104, .T. ) ;
#8097 = ORIENTED_EDGE ( 'NONE', *, *, #4194, .T. ) ;
#8098 = EDGE_CURVE ( 'NONE', #7849, #8688, #9326, .T. ) ;
#8099 = B_SPLINE_CURVE_WITH_KNOTS ( 'NONE', 3,
 ( #6658, #5940, #7322, #8073, #8115 ),
 .UNSPECIFIED., .F., .F.,
 ( 4, 1, 4 ),
 ( 0.5000109124796713322, 0.5714285714283543482, 1.000000000000000000 ),
 .UNSPECIFIED. ) ;
#8100 = CARTESIAN_POINT ( 'NONE',  ( 0.008231009122499776884, 0.04805189380785699488, 0.05558533732192044025 ) ) ;
#8101 = ORIENTED_EDGE ( 'NONE', *, *, #5044, .F. ) ;
#8102 = DIRECTION ( 'NONE',  ( -5.979188663871559846E-17, -1.000000000000000000, 7.523851983841510182E-18 ) ) ;
#8103 = ADVANCED_FACE ( 'NONE', ( #2731 ), #3530, .T. ) ;
#8104 = LINE ( 'NONE', #767, #7098 ) ;
#8105 = ORIENTED_EDGE ( 'NONE', *, *, #9040, .T. ) ;
#8106 = CARTESIAN_POINT ( 'NONE',  ( 0.08470336599229359720, 0.04416030888467410015, 0.07116154803210450464 ) ) ;
#8107 = CARTESIAN_POINT ( 'NONE',  ( 0.07849410806557860498, 0.04011826831954935085, 0.1289792160287103195 ) ) ;
#8108 = ADVANCED_FACE ( 'NONE', ( #4280 ), #3843, .T. ) ;
#8109 = EDGE_LOOP ( 'NONE', ( #5090, #1341, #2198, #6553, #405, #4418 ) ) ;
#8110 = CARTESIAN_POINT ( 'NONE',  ( 0.08547116484883063303, 0.05010757410786770283, 0.09813627818093333122 ) ) ;
#8111 = EDGE_CURVE ( 'NONE', #4640, #1226, #8761, .T. ) ;
#8112 = EDGE_CURVE ( 'NONE', #1787, #1057, #9056, .T. ) ;
#8113 = DIRECTION ( 'NONE',  ( 5.979188663871559846E-17, 1.000000000000000000, -7.523851983841548700E-18 ) ) ;
#8114 = CARTESIAN_POINT ( 'NONE',  ( 0.04077925308366790041, 0.05200000073015689783, 0.09287956601695539216 ) ) ;
#8115 = CARTESIAN_POINT ( 'NONE',  ( 0.01273642928369349975, 0.04510757410786769839, 0.1374625601476159864 ) ) ;
#8116 = CARTESIAN_POINT ( 'NONE',  ( 0.003866075051654838893, 0.04879727095444888474, 0.06065472215919399945 ) ) ;
#8117 = EDGE_LOOP ( 'NONE', ( #8857, #8528 ) ) ;
#8118 = CARTESIAN_POINT ( 'NONE',  ( -0.002578777788954769550, 0.05200008568143794918, 0.1177285800701784874 ) ) ;
#8119 = CARTESIAN_POINT ( 'NONE',  ( -0.01158953930497940051, 0.04010757410786770089, 0.1313829370869639968 ) ) ;
#8120 = CARTESIAN_POINT ( 'NONE',  ( 0.08949396940559420366, 0.05010757410786770283, 0.09815937791457569894 ) ) ;
#8121 = AXIS2_PLACEMENT_3D ( 'NONE', #7349, #8620, #894 ) ;
#8122 = VERTEX_POINT ( 'NONE', #7297 ) ;
#8123 = DIRECTION ( 'NONE',  ( -9.132308177296819818E-17, -1.000000000000000000, 7.342793670232118896E-18 ) ) ;
#8124 = CARTESIAN_POINT ( 'NONE',  ( 0.06612851647837771074, 0.05200010997695827392, 0.04982586566399718059 ) ) ;
#8125 = ORIENTED_EDGE ( 'NONE', *, *, #8435, .F. ) ;
#8126 =( NAMED_UNIT ( * ) SI_UNIT ( $, .STERADIAN. ) SOLID_ANGLE_UNIT ( ) );
#8127 = AXIS2_PLACEMENT_3D ( 'NONE', #1560, #8815, #7157 ) ;
#8128 = DIRECTION ( 'NONE',  ( 0.005742101684089325440, 0.000000000000000000, -0.9999835139982305998 ) ) ;
#8129 = CARTESIAN_POINT ( 'NONE',  ( 0.01330957689741840005, 0.04510757410786769839, 0.04800893466535029880 ) ) ;
#8130 = VERTEX_POINT ( 'NONE', #805 ) ;
#8131 = DIRECTION ( 'NONE',  ( 6.507034757559909382E-17, 1.000000000000000000, -2.245391013224700114E-18 ) ) ;
#8132 = DIRECTION ( 'NONE',  ( -5.979188663871559846E-17, -1.000000000000000000, 7.523851983841539456E-18 ) ) ;
#8133 = CARTESIAN_POINT ( 'NONE',  ( 0.003848099675195411525, 0.04810701337897060892, 0.05991989494471026273 ) ) ;
#8134 = CARTESIAN_POINT ( 'NONE',  ( 0.01330957689741840005, 0.04510757410786769839, 0.04800893466535029880 ) ) ;
#8135 = DIRECTION ( 'NONE',  ( 5.717934499259798880E-17, 1.000000000000000000, -4.943777115351770091E-18 ) ) ;
#8136 = AXIS2_PLACEMENT_3D ( 'NONE', #5996, #8749, #3885 ) ;
#8137 = LINE ( 'NONE', #2485, #4098 ) ;
#8138 = CARTESIAN_POINT ( 'NONE',  ( 0.04077925308366800450, 0.04010757410786770089, 0.09287956601695539216 ) ) ;
#8139 = ORIENTED_EDGE ( 'NONE', *, *, #9218, .T. ) ;
#8140 = ORIENTED_EDGE ( 'NONE', *, *, #3098, .T. ) ;
#8141 = AXIS2_PLACEMENT_3D ( 'NONE', #8540, #6462, #535 ) ;
#8142 = AXIS2_PLACEMENT_3D ( 'NONE', #5524, #3213, #8303 ) ;
#8143 = EDGE_CURVE ( 'NONE', #2258, #5651, #8317, .T. ) ;
#8144 = CARTESIAN_POINT ( 'NONE',  ( 0.008282483535266593408, 0.04811931288724145134, 0.05554044482285315498 ) ) ;
#8145 = ADVANCED_FACE ( 'NONE', ( #5228 ), #2311, .F. ) ;
#8146 = ORIENTED_EDGE ( 'NONE', *, *, #6022, .F. ) ;
#8147 = CARTESIAN_POINT ( 'NONE',  ( 0.003467585201902670389, 0.04880318075605914047, 0.1246421655513850341 ) ) ;
#8148 = CARTESIAN_POINT ( 'NONE',  ( 0.002564361819920303771, 0.04011046516494490982, 0.1301034149756920277 ) ) ;
#8149 = EDGE_CURVE ( 'NONE', #1483, #1175, #4712, .T. ) ;
#8150 = CARTESIAN_POINT ( 'NONE',  ( 0.08553296174587042555, 0.05074741220948656567, 0.08817789577082278674 ) ) ;
#8151 = EDGE_LOOP ( 'NONE', ( #8282, #8650, #5754, #3842 ) ) ;
#8152 = DIRECTION ( 'NONE',  ( -0.6902684877569650324, 0.2169304578186490029, -0.6902684921683039931 ) ) ;
#8153 = AXIS2_PLACEMENT_3D ( 'NONE', #4662, #8389, #2538 ) ;
#8154 = LINE ( 'NONE', #3489, #9043 ) ;
#8155 = ORIENTED_EDGE ( 'NONE', *, *, #2041, .F. ) ;
#8156 = CIRCLE ( 'NONE', #3494, 0.001699999999999993183 ) ;
#8157 = CARTESIAN_POINT ( 'NONE',  ( 0.08574422396759021070, 0.04534262204535043084, 0.09466724350155260315 ) ) ;
#8158 = CARTESIAN_POINT ( 'NONE',  ( 0.08564988443527300765, 0.04990270069763830252, 0.06540988983070589180 ) ) ;
#8159 = AXIS2_PLACEMENT_3D ( 'NONE', #6820, #370, #2199 ) ;
#8160 = CARTESIAN_POINT ( 'NONE',  ( -0.001099729488660013956, 0.04108390942437990107, 0.06400521987536454682 ) ) ;
#8161 = CARTESIAN_POINT ( 'NONE',  ( 0.07358811665925314716, 0.04789676487234940938, 0.05648372179149131755 ) ) ;
#8162 = CARTESIAN_POINT ( 'NONE',  ( 0.08507311997118188751, 0.05200000073015659946, 0.1210151699203919906 ) ) ;
#8163 = AXIS2_PLACEMENT_3D ( 'NONE', #5033, #802, #7905 ) ;
#8164 = ORIENTED_EDGE ( 'NONE', *, *, #2970, .T. ) ;
#8165 = CARTESIAN_POINT ( 'NONE',  ( 0.002038791233223865001, 0.07410757410786771027, 0.07665684689794539930 ) ) ;
#8166 = CARTESIAN_POINT ( 'NONE',  ( 0.004404694422613819604, 0.04950000073015689561, 0.1344805864926169880 ) ) ;
#8167 = CARTESIAN_POINT ( 'NONE',  ( 0.006915724475646110002, 0.04510757410786769839, 0.08262727564258579016 ) ) ;
#8168 = ORIENTED_EDGE ( 'NONE', *, *, #624, .T. ) ;
#8169 = CARTESIAN_POINT ( 'NONE',  ( 0.07502788464721414641, 0.04722024379072192746, 0.05713868591079465653 ) ) ;
#8170 = CYLINDRICAL_SURFACE ( 'NONE', #7610, 0.002999999999999996159 ) ;
#8171 = ORIENTED_EDGE ( 'NONE', *, *, #1067, .F. ) ;
#8172 = PERSON_AND_ORGANIZATION_ROLE ( 'design_owner' ) ;
#8173 = DIRECTION ( 'NONE',  ( 0.7010108928534550810, 0.1310246636425640432, -0.7010108883734651464 ) ) ;
#8174 = DIRECTION ( 'NONE',  ( 0.9999835139982308219, -5.974769818641938370E-17, 0.005742101684089259521 ) ) ;
#8175 = VERTEX_POINT ( 'NONE', #7474 ) ;
#8176 = CARTESIAN_POINT ( 'NONE',  ( 0.007826055346379416633, 0.04811594320719170259, 0.1298164954896549594 ) ) ;
#8177 = EDGE_CURVE ( 'NONE', #7044, #6578, #2739, .T. ) ;
#8178 = CARTESIAN_POINT ( 'NONE',  ( -0.01205429944627973635, 0.05128810640777985846, 0.05501235967765887719 ) ) ;
#8179 = CARTESIAN_POINT ( 'NONE',  ( 0.004121681432964683506, 0.04776183260456754592, 0.05961609915324325021 ) ) ;
#8180 = CYLINDRICAL_SURFACE ( 'NONE', #5756, 0.005000000000000003574 ) ;
#8181 = DIRECTION ( 'NONE',  ( 0.005742101684089199673, 0.000000000000000000, -0.9999835139982305998 ) ) ;
#8182 = AXIS2_PLACEMENT_3D ( 'NONE', #7775, #625, #3448 ) ;
#8183 = VERTEX_POINT ( 'NONE', #3898 ) ;
#8184 =( BOUNDED_CURVE ( )  B_SPLINE_CURVE ( 3, ( #7782, #7826, #7074, #3587 ),
 .UNSPECIFIED., .F., .F. ) 
 B_SPLINE_CURVE_WITH_KNOTS ( ( 4, 4 ),
 ( 3.115239437020735025, 3.155646990343110136 ),
 .UNSPECIFIED. ) 
 CURVE ( )  GEOMETRIC_REPRESENTATION_ITEM ( )  RATIONAL_B_SPLINE_CURVE ( ( 1.000000000000000000, 0.9998639404311783219, 0.9998639404311783219, 1.000000000000000000 ) ) 
 REPRESENTATION_ITEM ( '' )  );
#8185 = DIRECTION ( 'NONE',  ( 0.9999835139982308219, -5.974769818641948231E-17, 0.005742101684089249113 ) ) ;
#8186 = CARTESIAN_POINT ( 'NONE',  ( 0.08951133006188199959, 0.04883634652880632088, 0.09799809808393612764 ) ) ;
#8187 = VERTEX_POINT ( 'NONE', #6774 ) ;
#8188 = VERTEX_POINT ( 'NONE', #3950 ) ;
#8189 = B_SPLINE_CURVE_WITH_KNOTS ( 'NONE', 3,
 ( #1032, #6689, #3148, #6781, #2447 ),
 .UNSPECIFIED., .F., .F.,
 ( 4, 1, 4 ),
 ( 0.000000000000000000, 0.4285714285714290472, 1.000000000000000000 ),
 .UNSPECIFIED. ) ;
#8190 = CARTESIAN_POINT ( 'NONE',  ( 0.008035216998856979306, 0.04782797403343620746, 0.05575769198977504476 ) ) ;
#8191 = CARTESIAN_POINT ( 'NONE',  ( 0.01367626793594842356, 0.04990270069763820537, 0.04837562570622373770 ) ) ;
#8192 = B_SPLINE_CURVE_WITH_KNOTS ( 'NONE', 3,
 ( #4883, #7224, #9176, #781, #558, #6247, #2895, #7715, #1261, #2946, #7983, #8422, #5505, #7759, #2721, #3431 ),
 .UNSPECIFIED., .F., .F.,
 ( 4, 2, 1, 2, 2, 1, 2, 2, 4 ),
 ( 0.5964422475279926861, 0.7982211237639919021, 0.8234434832934869331, 0.8265962782346742976, 0.8297490731758615512, 0.8360546630582350591, 0.8486658428229847395, 0.8991105618819912326, 1.000000000000000000 ),
 .UNSPECIFIED. ) ;
#8193 = DESIGN_CONTEXT ( 'detailed design', #6842, 'design' ) ;
#8194 = CARTESIAN_POINT ( 'NONE',  ( -0.004482059743911439437, 0.04074033695263960114, 0.1172910721700160114 ) ) ;
#8195 = ORIENTED_EDGE ( 'NONE', *, *, #2645, .T. ) ;
#8196 = ORIENTED_EDGE ( 'NONE', *, *, #8002, .T. ) ;
#8197 = CARTESIAN_POINT ( 'NONE',  ( 0.003442316137116704661, 0.04811594333176144600, 0.1253788449540410022 ) ) ;
#8198 = CARTESIAN_POINT ( 'NONE',  ( 0.005050391527724108764, 0.04160088324901829726, 0.1471791850324233319 ) ) ;
#8199 = EDGE_CURVE ( 'NONE', #4148, #9251, #7432, .T. ) ;
#8200 = ORIENTED_EDGE ( 'NONE', *, *, #9160, .F. ) ;
#8201 = CARTESIAN_POINT ( 'NONE',  ( 0.01625330394629220104, 0.04042953285945569825, 0.1384956745904170061 ) ) ;
#8202 = CARTESIAN_POINT ( 'NONE',  ( 0.07988303866821395982, 0.04010757410786770089, 0.05591262152763989968 ) ) ;
#8203 = B_SPLINE_CURVE_WITH_KNOTS ( 'NONE', 3,
 ( #3065, #8714, #2213, #2971 ),
 .UNSPECIFIED., .F., .F.,
 ( 4, 4 ),
 ( 0.000000000000000000, 1.000000000000000000 ),
 .UNSPECIFIED. ) ;
#8204 = CARTESIAN_POINT ( 'NONE',  ( 0.08639536165712909110, 0.04042953285945569825, 0.1174055151543309944 ) ) ;
#8205 = CARTESIAN_POINT ( 'NONE',  ( 0.07816512398962942310, 0.04819162549563665854, 0.06043651593195415589 ) ) ;
#8206 = CARTESIAN_POINT ( 'NONE',  ( 0.09537125174596911004, 0.04168907363451055531, 0.05759906400950494387 ) ) ;
#8207 = EDGE_CURVE ( 'NONE', #3765, #6661, #460, .T. ) ;
#8208 = ORIENTED_EDGE ( 'NONE', *, *, #8925, .T. ) ;
#8209 = CARTESIAN_POINT ( 'NONE',  ( 0.08507311997118188751, 0.05200000073015659946, 0.1210151699203919906 ) ) ;
#8210 = VECTOR ( 'NONE', #973, 1.000000000000000000 ) ;
#8211 = CARTESIAN_POINT ( 'NONE',  ( 0.01906123509881699901, 0.04416030888467410015, 0.04895545310832979946 ) ) ;
#8212 = EDGE_CURVE ( 'NONE', #6521, #1003, #8004, .T. ) ;
#8213 = CARTESIAN_POINT ( 'NONE',  ( 0.08815350100758528873, 0.04010757410786770089, 0.1166425757935640045 ) ) ;
#8214 = CARTESIAN_POINT ( 'NONE',  ( 0.004783431612239419199, 0.04010757410786770089, 0.1310967197126070016 ) ) ;
#8215 = B_SPLINE_CURVE_WITH_KNOTS ( 'NONE', 3,
 ( #1233, #4624, #1045, #345, #3919 ),
 .UNSPECIFIED., .F., .F.,
 ( 4, 1, 4 ),
 ( 0.000000000000000000, 0.2857142857141393155, 0.5000102733400182409 ),
 .UNSPECIFIED. ) ;
#8216 = DIRECTION ( 'NONE',  ( 5.979188663871559846E-17, 1.000000000000000000, -7.523851983841539456E-18 ) ) ;
#8217 = CARTESIAN_POINT ( 'NONE',  ( -0.01010851941103000154, 0.04432088081784599926, 0.03590454674237889693 ) ) ;
#8218 = VERTEX_POINT ( 'NONE', #7616 ) ;
#8219 = DIRECTION ( 'NONE',  ( 5.675881670070700119E-17, 1.000000000000000000, 0.000000000000000000 ) ) ;
#8220 = CARTESIAN_POINT ( 'NONE',  ( 0.09056071339815811860, 0.04950000073015689561, 0.05668271803411154691 ) ) ;
#8221 = CARTESIAN_POINT ( 'NONE',  ( 0.07832975425172293560, 0.04010848546771646206, 0.05488201275835638548 ) ) ;
#8222 = EDGE_LOOP ( 'NONE', ( #5427, #3236, #1883, #3943 ) ) ;
#8223 = DIRECTION ( 'NONE',  ( -0.7010108883734651464, -0.1310246636425640432, -0.7010108928534550810 ) ) ;
#8224 = CARTESIAN_POINT ( 'NONE',  ( -0.01253534725296275368, 0.04923003156417692094, 0.05569685034685781938 ) ) ;
#8225 = CARTESIAN_POINT ( 'NONE',  ( 0.01229242538715967156, 0.04165494273801600283, 0.1343710301466773394 ) ) ;
#8226 = ADVANCED_FACE ( 'NONE', ( #8892 ), #1173, .F. ) ;
#8227 = CARTESIAN_POINT ( 'NONE',  ( 0.1106815080090770009, 0.04950000073015689561, 0.02906455795404019882 ) ) ;
#8228 = CARTESIAN_POINT ( 'NONE',  ( 0.09278124003742629911, 0.04697071701381140552, 0.1318769166046699914 ) ) ;
#8229 = EDGE_CURVE ( 'NONE', #6010, #3347, #9100, .T. ) ;
#8230 = ORIENTED_EDGE ( 'NONE', *, *, #6646, .F. ) ;
#8231 = LINE ( 'NONE', #2622, #1697 ) ;
#8232 = ADVANCED_FACE ( 'NONE', ( #6909 ), #372, .F. ) ;
#8233 = CARTESIAN_POINT ( 'NONE',  ( 0.06301734947925330399, 0.05100484680249310621, 0.04921645723275799855 ) ) ;
#8234 = DIRECTION ( 'NONE',  ( 0.6362688849140781810, -3.223931072108890541E-17, 0.7714673720191902451 ) ) ;
#8235 = CARTESIAN_POINT ( 'NONE',  ( 0.08977235636860170231, 0.04522962985630256394, 0.09205071767863062804 ) ) ;
#8236 = ORIENTED_EDGE ( 'NONE', *, *, #8638, .T. ) ;
#8237 = ORIENTED_EDGE ( 'NONE', *, *, #783, .F. ) ;
#8238 = CARTESIAN_POINT ( 'NONE',  ( 0.09279559124118549884, 0.04950000073015689561, 0.05390135973853899670 ) ) ;
#8239 = CARTESIAN_POINT ( 'NONE',  ( 0.05455773690956400301, 0.06690757410786771220, 0.08795860234512049847 ) ) ;
#8240 = DIRECTION ( 'NONE',  ( 0.004060279039082321552, 0.7071067811865479058, -0.7070951238229014058 ) ) ;
#8241 = CARTESIAN_POINT ( 'NONE',  ( 0.08567826470003848949, 0.05427841588286414637, 0.09589285610126428716 ) ) ;
#8242 = ORIENTED_EDGE ( 'NONE', *, *, #7232, .T. ) ;
#8243 = ORIENTED_EDGE ( 'NONE', *, *, #376, .T. ) ;
#8244 = CARTESIAN_POINT ( 'NONE',  ( 0.003485024388598618756, 0.04805189380789858661, 0.1254278099780948286 ) ) ;
#8245 = CARTESIAN_POINT ( 'NONE',  ( 0.07647677554323600857, 0.04012307932015857920, 0.1308957173577492417 ) ) ;
#8246 = VERTEX_POINT ( 'NONE', #319 ) ;
#8247 = CARTESIAN_POINT ( 'NONE',  ( 0.08575414341377297911, 0.04526581503493178060, 0.09438648073587277421 ) ) ;
#8248 = CARTESIAN_POINT ( 'NONE',  ( 0.08889778113155889783, 0.09210757410786771238, 0.1173868559222940033 ) ) ;
#8249 = DIRECTION ( 'NONE',  ( 0.7071067834460210699, -1.064033378703280288E-17, -0.7071067789270740755 ) ) ;
#8250 = CARTESIAN_POINT ( 'NONE',  ( 0.06606912642155197968, 0.04451988738448820621, 0.04969919409305608576 ) ) ;
#8251 = DIRECTION ( 'NONE',  ( 5.700981915704969687E-17, 1.000000000000000000, 9.381789281211429512E-18 ) ) ;
#8252 = VERTEX_POINT ( 'NONE', #3190 ) ;
#8253 = CARTESIAN_POINT ( 'NONE',  ( 0.07989280024107690836, 0.03865757410786770099, 0.05421264955384290374 ) ) ;
#8254 = CARTESIAN_POINT ( 'NONE',  ( 0.05995428840624070221, 0.07410757410786771027, 0.1059898871563509926 ) ) ;
#8255 = ORIENTED_EDGE ( 'NONE', *, *, #4264, .T. ) ;
#8256 = EDGE_CURVE ( 'NONE', #2534, #6146, #6059, .T. ) ;
#8257 = EDGE_CURVE ( 'NONE', #6865, #6661, #8137, .T. ) ;
#8258 = CARTESIAN_POINT ( 'NONE',  ( -0.01470106236693066205, 0.04026688669711389612, 0.05901243363456729757 ) ) ;
#8259 = CARTESIAN_POINT ( 'NONE',  ( 0.06454340088325470626, 0.05200079518483595453, 0.04976410984440264584 ) ) ;
#8260 = VERTEX_POINT ( 'NONE', #4560 ) ;
#8261 = B_SPLINE_CURVE_WITH_KNOTS ( 'NONE', 3,
 ( #7677, #6261, #4103, #5372 ),
 .UNSPECIFIED., .F., .F.,
 ( 4, 4 ),
 ( 0.5000186718825287979, 1.000000000000000000 ),
 .UNSPECIFIED. ) ;
#8262 = CARTESIAN_POINT ( 'NONE',  ( 0.07333473512561458629, 0.04884280503640132942, 0.05559163467083633875 ) ) ;
#8263 = EDGE_CURVE ( 'NONE', #5102, #4125, #5362, .T. ) ;
#8264 = CARTESIAN_POINT ( 'NONE',  ( 0.08261957856088146535, 0.04165288175578793495, 0.06490466179109616318 ) ) ;
#8265 = DIRECTION ( 'NONE',  ( 0.000000000000000000, 1.000000000000000000, -7.523851983841510182E-18 ) ) ;
#8266 = ORIENTED_EDGE ( 'NONE', *, *, #7078, .F. ) ;
#8267 = VECTOR ( 'NONE', #5224, 1.000000000000000000 ) ;
#8268 = DIRECTION ( 'NONE',  ( 5.979188663871559846E-17, 1.000000000000000000, -7.523851983841548700E-18 ) ) ;
#8269 = DIRECTION ( 'NONE',  ( 5.979188663871559846E-17, 1.000000000000000000, -7.523851983841548700E-18 ) ) ;
#8270 = AXIS2_PLACEMENT_3D ( 'NONE', #3496, #7731, #9053 ) ;
#8271 = CARTESIAN_POINT ( 'NONE',  ( -0.003803741046992940161, 0.04985783708471710346, 0.06483674221698110252 ) ) ;
#8272 = CARTESIAN_POINT ( 'NONE',  ( 0.07687649994953175969, 0.04011792791301505706, 0.05515595891929871847 ) ) ;
#8273 = EDGE_CURVE ( 'NONE', #160, #260, #9227, .T. ) ;
#8274 = CARTESIAN_POINT ( 'NONE',  ( 0.01531461763070959999, 0.05071479238334429540, 0.1357533908686920088 ) ) ;
#8275 = CARTESIAN_POINT ( 'NONE',  ( 0.008487481882035940658, 0.04843315612285002680, 0.05536312281691693760 ) ) ;
#8276 = VECTOR ( 'NONE', #6408, 1.000000000000000000 ) ;
#8277 = ORIENTED_EDGE ( 'NONE', *, *, #2592, .F. ) ;
#8278 = CARTESIAN_POINT ( 'NONE',  ( 0.003837551131053649946, 0.04706118949957149855, 0.1463614382433859884 ) ) ;
#8279 = CARTESIAN_POINT ( 'NONE',  ( 0.001781902495953259502, 0.04786748738269428621, 0.1448815529707139504 ) ) ;
#8280 = CARTESIAN_POINT ( 'NONE',  ( 0.08380331002626276171, 0.04020948574333150366, 0.1228989865361313633 ) ) ;
#8281 = CARTESIAN_POINT ( 'NONE',  ( 0.07598595552008734211, 0.04159968522686972175, 0.1475191955036810332 ) ) ;
#8282 = ORIENTED_EDGE ( 'NONE', *, *, #2003, .T. ) ;
#8283 = EDGE_LOOP ( 'NONE', ( #5500, #1073, #6746, #6591 ) ) ;
#8284 = EDGE_CURVE ( 'NONE', #25, #1027, #4497, .T. ) ;
#8285 = CARTESIAN_POINT ( 'NONE',  ( 0.007772039310693441144, 0.04759169850133430218, 0.05599231007772288021 ) ) ;
#8286 = VECTOR ( 'NONE', #2956, 1.000000000000000000 ) ;
#8287 = CARTESIAN_POINT ( 'NONE',  ( 0.04077925308366800450, 0.09210757410786771238, 0.09287956601695539216 ) ) ;
#8288 = CARTESIAN_POINT ( 'NONE',  ( 0.07858714279136576331, 0.04011019515743275560, 0.1305261045486581506 ) ) ;
#8289 = COORDINATED_UNIVERSAL_TIME_OFFSET ( 2, 0, .AHEAD. ) ;
#8290 = AXIS2_PLACEMENT_3D ( 'NONE', #3652, #7937, #4411 ) ;
#8291 = CARTESIAN_POINT ( 'NONE',  ( -0.002697499429887259808, 0.04426424407582969789, 0.1183916843794479978 ) ) ;
#8292 = ORIENTED_EDGE ( 'NONE', *, *, #7078, .T. ) ;
#8294 = ORIENTED_EDGE ( 'NONE', *, *, #6709, .T. ) ;
#8293 = AXIS2_PLACEMENT_3D ( 'NONE', #7919, #5930, #1700 ) ;
#8295 = CARTESIAN_POINT ( 'NONE',  ( -0.02008485347500740120, 0.04432088081784599926, 0.1398782512027000047 ) ) ;
#8296 = ADVANCED_FACE ( 'NONE', ( #7050 ), #737, .F. ) ;
#8297 = CARTESIAN_POINT ( 'NONE',  ( 0.002038791233223859797, 0.03610757410786769733, 0.07665684689794539930 ) ) ;
#8298 = VERTEX_POINT ( 'NONE', #512 ) ;
#8299 = CARTESIAN_POINT ( 'NONE',  ( 0.08557960329547582845, 0.04788985024584917205, 0.08864345711500574987 ) ) ;
#8300 = VECTOR ( 'NONE', #8216, 1.000000000000000000 ) ;
#8301 = LINE ( 'NONE', #7489, #7732 ) ;
#8302 = CARTESIAN_POINT ( 'NONE',  ( 0.08601017131079768951, 0.04432088081784599926, 0.1555114395229479918 ) ) ;
#8303 = DIRECTION ( 'NONE',  ( -0.005742101684089251715, 0.000000000000000000, 0.9999835139982305998 ) ) ;
#8304 = AXIS2_PLACEMENT_3D ( 'NONE', #7908, #1600, #4470 ) ;
#8305 = CARTESIAN_POINT ( 'NONE',  ( 0.04077925308366790041, 0.04010757410786770089, 0.09287956601695539216 ) ) ;
#8306 = ORIENTED_EDGE ( 'NONE', *, *, #1814, .T. ) ;
#8307 = CARTESIAN_POINT ( 'NONE',  ( 0.07944616954678039578, 0.03610757410786769733, 0.1319931131743619923 ) ) ;
#8308 = TOROIDAL_SURFACE ( 'NONE', #3799, 0.05349999999999999895, 0.004000000000000000083 ) ;
#8309 = B_SPLINE_CURVE_WITH_KNOTS ( 'NONE', 3,
 ( #4593, #123, #6673, #4505 ),
 .UNSPECIFIED., .F., .F.,
 ( 4, 4 ),
 ( -0.03303332443841840160, -4.857225732735059864E-17 ),
 .UNSPECIFIED. ) ;
#8310 = CARTESIAN_POINT ( 'NONE',  ( -0.002075555714478470072, 0.04050662615237400621, 0.1218689535572647364 ) ) ;
#8311 = FACE_OUTER_BOUND ( 'NONE', #6062, .T. ) ;
#8312 = CARTESIAN_POINT ( 'NONE',  ( 0.008554409225916921253, 0.04879727095456842800, 0.1297927440489775319 ) ) ;
#8313 = CARTESIAN_POINT ( 'NONE',  ( 0.06601888386484167093, 0.05200016016748157388, 0.04983734946218108114 ) ) ;
#8314 = CARTESIAN_POINT ( 'NONE',  ( 0.07332011497260074173, 0.04888038836984231333, 0.05557886786572045074 ) ) ;
#8315 = AXIS2_PLACEMENT_3D ( 'NONE', #5242, #5107, #3784 ) ;
#8316 = CARTESIAN_POINT ( 'NONE',  ( 0.07771040649228692920, 0.04810701337919057879, 0.1258392370890389911 ) ) ;
#8317 = B_SPLINE_CURVE_WITH_KNOTS ( 'NONE', 3,
 ( #1553, #3671, #2208, #8662, #5965, #7245, #6540, #7197, #936, #6684, #182, #5134, #1457, #3061, #2162, #5035, #8005, #849, #4330, #5084, #5922, #4513, #5182, #2965, #229, #755, #8809, #3721, #1500, #4376, #6492, #130, #5875, #5829, #2354, #8762 ),
 .UNSPECIFIED., .F., .F.,
 ( 4, 2, 2, 2, 1, 1, 1, 1, 2, 2, 2, 2, 1, 1, 1, 1, 2, 2, 2, 2, 2, 4 ),
 ( 0.000000000000000000, 0.1249999999978840259, 0.1874999999968302022, 0.2187499999963020969, 0.2343749999960380304, 0.2421874999959084118, 0.2460937499958273378, 0.2480468749958054664, 0.2490234374958146812, 0.2499999999958238961, 0.3749999999964230835, 0.4374999999967228437, 0.4687499999968758324, 0.4843749999969526043, 0.4921874999969876874, 0.4960937499970026199, 0.4980468749970130560, 0.4999999999970233810, 0.6249999999977675635, 0.7499999999985117460, 0.8749999999992559285, 1.000000000000000000 ),
 .UNSPECIFIED. ) ;
#8318 = EDGE_CURVE ( 'NONE', #546, #7535, #8192, .T. ) ;
#8319 = CARTESIAN_POINT ( 'NONE',  ( 0.07899747881880170297, 0.04011042991352833237, 0.05565779332396544182 ) ) ;
#8320 = ORIENTED_EDGE ( 'NONE', *, *, #3602, .T. ) ;
#8321 = EDGE_CURVE ( 'NONE', #3773, #8711, #381, .T. ) ;
#8322 = CARTESIAN_POINT ( 'NONE',  ( 0.01652285417003823351, 0.04985783733363820247, 0.1359003316794480665 ) ) ;
#8323 = ORGANIZATION ( 'UNSPECIFIED', 'UNSPECIFIED', '' ) ;
#8324 = CARTESIAN_POINT ( 'NONE',  ( 0.07284651483656699733, 0.04010757410786770089, 0.1494188507990519832 ) ) ;
#8325 = B_SPLINE_CURVE_WITH_KNOTS ( 'NONE', 3,
 ( #6690, #2181, #9301, #4253, #2844, #5707, #4347, #773, #59, #5104, #1520, #4398, #7270, #3691, #7481, #5368 ),
 .UNSPECIFIED., .F., .F.,
 ( 4, 2, 2, 2, 2, 2, 2, 4 ),
 ( 0.000000000000000000, 0.1250000000000001110, 0.2500000000000002220, 0.3750000000000003331, 0.5000000000000004441, 0.6250000000000005551, 0.7500000000000006661, 1.000000000000000000 ),
 .UNSPECIFIED. ) ;
#8326 = AXIS2_PLACEMENT_3D ( 'NONE', #1829, #1270, #4183 ) ;
#8327 = EDGE_CURVE ( 'NONE', #5136, #6162, #3344, .T. ) ;
#8328 = CARTESIAN_POINT ( 'NONE',  ( 0.08474812708907460135, 0.04412530489793370370, 0.07125207615811930684 ) ) ;
#8329 = LINE ( 'NONE', #5496, #2255 ) ;
#8330 = CARTESIAN_POINT ( 'NONE',  ( 0.01264364918023109900, 0.05200000073015689783, 0.1371734329044690115 ) ) ;
#8331 = DIRECTION ( 'NONE',  ( 3.911738858581304556E-17, 1.000000000000000000, -7.642569011097939605E-18 ) ) ;
#8332 = ORIENTED_EDGE ( 'NONE', *, *, #8207, .F. ) ;
#8333 = CARTESIAN_POINT ( 'NONE',  ( 0.002112336620557649786, 0.04010757410786770089, 0.05376601885954650217 ) ) ;
#8334 = DIRECTION ( 'NONE',  ( -4.171111266555729594E-17, -1.000000000000000000, 0.000000000000000000 ) ) ;
#8335 = VECTOR ( 'NONE', #2709, 1.000000000000000000 ) ;
#8336 = CARTESIAN_POINT ( 'NONE',  ( 0.04077925308366790041, 0.04410757410786769750, 0.09287956601695539216 ) ) ;
#8337 = DIRECTION ( 'NONE',  ( -0.7010108883734640361, 0.1310246636425654032, -0.7010108928534559691 ) ) ;
#8338 = VERTEX_POINT ( 'NONE', #1530 ) ;
#8339 = ORIENTED_EDGE ( 'NONE', *, *, #6445, .T. ) ;
#8340 = CARTESIAN_POINT ( 'NONE',  ( 0.01842289649954539921, 0.04299411771161380097, 0.1364823606210119888 ) ) ;
#8341 = CARTESIAN_POINT ( 'NONE',  ( 0.007580064628274324999, 0.04950000073015689561, 0.05363977318546419432 ) ) ;
#8342 = CARTESIAN_POINT ( 'NONE',  ( 0.07633381453636850500, 0.04010757410786770089, 0.1315075760602659738 ) ) ;
#8343 = CARTESIAN_POINT ( 'NONE',  ( 0.09314804547231531062, 0.04010757410786770089, 0.05437619494694709982 ) ) ;
#8344 = ORIENTED_EDGE ( 'NONE', *, *, #2698, .F. ) ;
#8345 = VERTEX_POINT ( 'NONE', #6472 ) ;
#8346 = CARTESIAN_POINT ( 'NONE',  ( 0.004634016722046031822, 0.04722238199067005371, 0.1267009616288499174 ) ) ;
#8347 = CARTESIAN_POINT ( 'NONE',  ( 0.08419251186014389821, 0.04428576916477569569, 0.06976355574556139527 ) ) ;
#8348 = EDGE_CURVE ( 'NONE', #53, #8738, #7985, .T. ) ;
#8349 = ORIENTED_EDGE ( 'NONE', *, *, #5974, .F. ) ;
#8350 = CARTESIAN_POINT ( 'NONE',  ( 0.003508129305857100519, 0.04013956952074586998, 0.05662560562265552683 ) ) ;
#8351 = EDGE_CURVE ( 'NONE', #8056, #4052, #6958, .T. ) ;
#8352 = CARTESIAN_POINT ( 'NONE',  ( 0.06508662361161196563, 0.04445251076969695958, 0.1362805057361856642 ) ) ;
#8353 = B_SPLINE_CURVE_WITH_KNOTS ( 'NONE', 3,
 ( #2141, #5715, #4262, #3598 ),
 .UNSPECIFIED., .F., .F.,
 ( 4, 4 ),
 ( -0.03303332443842000449, 0.000000000000000000 ),
 .UNSPECIFIED. ) ;
#8354 = CARTESIAN_POINT ( 'NONE',  ( 0.08448860883519590526, 0.04148850081418579971, 0.1170079394661509981 ) ) ;
#8355 = EDGE_CURVE ( 'NONE', #8252, #523, #8472, .T. ) ;
#8356 = CARTESIAN_POINT ( 'NONE',  ( -0.006879632691762640334, 0.04010757410786770089, 0.1160664288199409894 ) ) ;
#8357 = CARTESIAN_POINT ( 'NONE',  ( 0.007858506805846649304, 0.06690757410786771220, 0.08769044619647352323 ) ) ;
#8358 = ORIENTED_EDGE ( 'NONE', *, *, #5412, .F. ) ;
#8359 = DIRECTION ( 'NONE',  ( -0.004060279039082150682, 0.7071067811865479058, 0.7070951238229014058 ) ) ;
#8360 = DIRECTION ( 'NONE',  ( 5.979188663871559846E-17, 1.000000000000000000, -7.523851983841539456E-18 ) ) ;
#8361 = CIRCLE ( 'NONE', #4291, 0.001699999999999989931 ) ;
#8362 = CARTESIAN_POINT ( 'NONE',  ( 0.08457808606993119649, 0.04410757410786769750, 0.1148491410934430051 ) ) ;
#8363 = LINE ( 'NONE', #1198, #2750 ) ;
#8365 = CIRCLE ( 'NONE', #1592, 0.003999999999999995746 ) ;
#8364 = FACE_OUTER_BOUND ( 'NONE', #6244, .T. ) ;
#8366 = CARTESIAN_POINT ( 'NONE',  ( 0.07862850401572890613, 0.04950000073015990015, 0.06097840296790819903 ) ) ;
#8367 = CARTESIAN_POINT ( 'NONE',  ( -0.005824130485128469793, 0.04037124799189970026, 0.1172768546448549887 ) ) ;
#8368 = DIRECTION ( 'NONE',  ( 5.226803465487409907E-17, 1.000000000000000000, -8.335140439345690547E-18 ) ) ;
#8369 = CARTESIAN_POINT ( 'NONE',  ( -0.003144859824957650218, 0.05060493161544021845, 0.1145975840018060021 ) ) ;
#8370 = VERTEX_POINT ( 'NONE', #3383 ) ;
#8371 = CARTESIAN_POINT ( 'NONE',  ( -0.003144859824957670167, 0.04416030888467410015, 0.1145975840018060021 ) ) ;
#8372 = FACE_OUTER_BOUND ( 'NONE', #8064, .T. ) ;
#8373 = FACE_OUTER_BOUND ( 'NONE', #2290, .T. ) ;
#8374 = CARTESIAN_POINT ( 'NONE',  ( 0.01510574786340519900, 0.05240412742636930271, 0.1355897978366789880 ) ) ;
#8375 = CARTESIAN_POINT ( 'NONE',  ( 0.08419354482067986645, 0.05199941619182017749, 0.06768560878038909490 ) ) ;
#8376 = ORIENTED_EDGE ( 'NONE', *, *, #5689, .F. ) ;
#8377 = CARTESIAN_POINT ( 'NONE',  ( 0.003721480625975779558, 0.04858878408799411491, 0.1462810898340582144 ) ) ;
#8378 = CARTESIAN_POINT ( 'NONE',  ( -0.003255239734655680089, 0.04121946889345250165, 0.06943323478827960471 ) ) ;
#8379 = CARTESIAN_POINT ( 'NONE',  ( -0.002610301493244710468, 0.05199977683420486246, 0.1179380403994967907 ) ) ;
#8380 = DIRECTION ( 'NONE',  ( 0.9999835139982308219, -5.974769818641948231E-17, 0.005742101684089249113 ) ) ;
#8381 = ORIENTED_EDGE ( 'NONE', *, *, #3285, .F. ) ;
#8382 = ORIENTED_EDGE ( 'NONE', *, *, #4692, .F. ) ;
#8383 = AXIS2_PLACEMENT_3D ( 'NONE', #2856, #9312, #6291 ) ;
#8384 = CARTESIAN_POINT ( 'NONE',  ( 0.01585131157290289861, 0.04035255481984920123, 0.1392325198991420099 ) ) ;
#8385 = DIRECTION ( 'NONE',  ( 5.979188663871559846E-17, 1.000000000000000000, -7.523851983841548700E-18 ) ) ;
#8386 = CARTESIAN_POINT ( 'NONE',  ( 0.07891886412023449426, 0.04010757410786770089, 0.1303766610020621053 ) ) ;
#8387 = EDGE_CURVE ( 'NONE', #2347, #1493, #1128, .T. ) ;
#8388 = EDGE_CURVE ( 'NONE', #2151, #4763, #4495, .T. ) ;
#8389 = DIRECTION ( 'NONE',  ( -5.979188663871559846E-17, -1.000000000000000000, 7.523851983841548700E-18 ) ) ;
#8390 = ORIENTED_EDGE ( 'NONE', *, *, #356, .T. ) ;
#8391 = ORIENTED_EDGE ( 'NONE', *, *, #3861, .F. ) ;
#8392 = CARTESIAN_POINT ( 'NONE',  ( 0.003715151624990548768, 0.04776469373019898157, 0.1256886437756090102 ) ) ;
#8393 = CARTESIAN_POINT ( 'NONE',  ( 0.06590252183167760736, 0.05239985805043510109, 0.1358981345812430019 ) ) ;
#8394 = ORIENTED_EDGE ( 'NONE', *, *, #5080, .F. ) ;
#8395 = CARTESIAN_POINT ( 'NONE',  ( 0.003924583133267810567, 0.04016056951412742826, 0.05640709420255696910 ) ) ;
#8396 = FACE_OUTER_BOUND ( 'NONE', #6695, .T. ) ;
#8397 = CARTESIAN_POINT ( 'NONE',  ( 0.08359668462252969889, 0.04950000073015689561, 0.1417842442841199813 ) ) ;
#8398 = DIRECTION ( 'NONE',  ( -0.6902684877569650324, -0.2169304578186490029, -0.6902684921683039931 ) ) ;
#8399 = CARTESIAN_POINT ( 'NONE',  ( 0.07449290478774110713, 0.04728730665580380133, 0.1284378236904749893 ) ) ;
#8400 = ORIENTED_EDGE ( 'NONE', *, *, #8212, .F. ) ;
#8401 = CARTESIAN_POINT ( 'NONE',  ( 0.07944616954678039578, 0.04010757410786770089, 0.1319931131743619923 ) ) ;
#8402 = EDGE_CURVE ( 'NONE', #4668, #8474, #29, .T. ) ;
#8403 = CARTESIAN_POINT ( 'NONE',  ( 0.06531453791387145658, 0.05200019239493651468, 0.1361982335079809925 ) ) ;
#8404 = EDGE_CURVE ( 'NONE', #2864, #3289, #1234, .T. ) ;
#8405 = ORIENTED_EDGE ( 'NONE', *, *, #8098, .T. ) ;
#8406 = EDGE_CURVE ( 'NONE', #5651, #6010, #8775, .T. ) ;
#8407 = LINE ( 'NONE', #9110, #1024 ) ;
#8408 = CARTESIAN_POINT ( 'NONE',  ( 0.008784885496445116876, 0.04954144386591004950, 0.1299926865644634444 ) ) ;
#8409 = LINE ( 'NONE', #9112, #5657 ) ;
#8410 = CARTESIAN_POINT ( 'NONE',  ( 0.07329110205751651619, 0.04895897248129785911, 0.05555353374705706421 ) ) ;
#8411 = CARTESIAN_POINT ( 'NONE',  ( 0.04077925308366790041, 0.04010757410786770089, 0.09287956601695539216 ) ) ;
#8412 = CARTESIAN_POINT ( 'NONE',  ( 0.07842579161537317767, 0.04011019515743276254, 0.05507167630926124852 ) ) ;
#8413 = VERTEX_POINT ( 'NONE', #1712 ) ;
#8414 = ORIENTED_EDGE ( 'NONE', *, *, #3161, .F. ) ;
#8415 = CARTESIAN_POINT ( 'NONE',  ( 0.05195442029425489938, 0.07410757410786771027, 0.1059439503428780127 ) ) ;
#8416 = CARTESIAN_POINT ( 'NONE',  ( 0.001665705926261220032, 0.03610757410786769733, 0.1315464824800660071 ) ) ;
#8417 = CARTESIAN_POINT ( 'NONE',  ( -0.002094347788088650204, 0.04985783708471710346, 0.06736089094955319267 ) ) ;
#8418 = CARTESIAN_POINT ( 'NONE',  ( 0.04077925308366790041, 0.03610757410786769733, 0.09287956601695539216 ) ) ;
#8419 = FACE_BOUND ( 'NONE', #9144, .T. ) ;
#8420 = CARTESIAN_POINT ( 'NONE',  ( 0.04077925308366790041, 0.04950000073015689561, 0.09287956601695539216 ) ) ;
#8421 = CARTESIAN_POINT ( 'NONE',  ( -0.003803741046992940161, 0.04510757410786769839, 0.06483674221698100537 ) ) ;
#8422 = CARTESIAN_POINT ( 'NONE',  ( 0.003415540015235613448, 0.04908340583689517478, 0.06041088752945594081 ) ) ;
#8423 = CARTESIAN_POINT ( 'NONE',  ( 0.08275220445074039921, 0.05200000073015689783, 0.1296260555717980156 ) ) ;
#8424 = ORIENTED_EDGE ( 'NONE', *, *, #46, .F. ) ;
#8425 = VERTEX_POINT ( 'NONE', #5207 ) ;
#8426 = CARTESIAN_POINT ( 'NONE',  ( 0.01280434885781441164, 0.04165288175580022373, 0.05103924053974771141 ) ) ;
#8427 = CIRCLE ( 'NONE', #4811, 0.04900000000000002270 ) ;
#8428 = LINE ( 'NONE', #1969, #2902 ) ;
#8429 = CARTESIAN_POINT ( 'NONE',  ( 0.06508540925955300094, 0.03610757410786769733, 0.08316962571655310554 ) ) ;
#8430 = CARTESIAN_POINT ( 'NONE',  ( 0.08565891881985990275, 0.04129150033583099677, 0.06771903777667979962 ) ) ;
#8431 = ORIENTED_EDGE ( 'NONE', *, *, #8550, .F. ) ;
#8432 = ORIENTED_EDGE ( 'NONE', *, *, #2341, .F. ) ;
#8433 = EDGE_CURVE ( 'NONE', #4456, #8644, #7494, .T. ) ;
#8434 = CARTESIAN_POINT ( 'NONE',  ( 0.07816516857004425500, 0.04917056936072108225, 0.1253227443792340190 ) ) ;
#8435 = EDGE_CURVE ( 'NONE', #5110, #8562, #3793, .T. ) ;
#8436 = CARTESIAN_POINT ( 'NONE',  ( -0.01390551384986351245, 0.04151877128023426233, 0.1280160944213573349 ) ) ;
#8437 = ORIENTED_EDGE ( 'NONE', *, *, #7686, .F. ) ;
#8438 = CARTESIAN_POINT ( 'NONE',  ( 0.08552858586567152477, 0.05010757410786770283, 0.08813644304095101523 ) ) ;
#8439 = EDGE_CURVE ( 'NONE', #4744, #5957, #6571, .T. ) ;
#8440 = B_SPLINE_CURVE_WITH_KNOTS ( 'NONE', 3,
 ( #8324, #7507, #5442, #1115, #6096, #1207, #1066, #3937, #6814, #4786, #4739, #3371, #8981 ),
 .UNSPECIFIED., .F., .F.,
 ( 4, 2, 2, 2, 1, 2, 4 ),
 ( 0.000000000000000000, 0.2524566074345408473, 0.3786849111518107991, 0.4417990630104481897, 0.4733561389397697439, 0.4891346769044286336, 0.5049132148690875788 ),
 .UNSPECIFIED. ) ;
#8441 = CARTESIAN_POINT ( 'NONE',  ( 0.09493959104426370754, 0.04187064281687489370, 0.1288191960490243093 ) ) ;
#8442 = VECTOR ( 'NONE', #1858, 1.000000000000000000 ) ;
#8443 = LINE ( 'NONE', #3403, #4250 ) ;
#8444 = CARTESIAN_POINT ( 'NONE',  ( 0.01280248833499729975, 0.05058444957561630123, 0.1373965010967350131 ) ) ;
#8445 = CARTESIAN_POINT ( 'NONE',  ( 0.07613204709402475456, 0.04115993879552079515, 0.03833273269501533131 ) ) ;
#8446 = ORIENTED_EDGE ( 'NONE', *, *, #1869, .T. ) ;
#8447 = CARTESIAN_POINT ( 'NONE',  ( 0.07789236310118373419, 0.04954154770387424189, 0.1248739453470574801 ) ) ;
#8448 = CIRCLE ( 'NONE', #2570, 0.003000000000000000062 ) ;
#8449 = CARTESIAN_POINT ( 'NONE',  ( 0.06568730472245326579, 0.05200004376442978610, 0.1362455695206144235 ) ) ;
#8450 = CARTESIAN_POINT ( 'NONE',  ( 0.07720971485251039435, 0.04010757410786770089, 0.1467109830084199762 ) ) ;
#8451 = DIRECTION ( 'NONE',  ( 9.120436474571179495E-17, 1.000000000000000000, 1.333170438267040011E-17 ) ) ;
#8452 = DIRECTION ( 'NONE',  ( 0.7071067834460215140, -4.013454430943929224E-17, -0.7071067789270735204 ) ) ;
#8453 = CARTESIAN_POINT ( 'NONE',  ( 0.002817187806836042932, 0.04010877026766920816, 0.05531361702420350968 ) ) ;
#8454 = AXIS2_PLACEMENT_3D ( 'NONE', #398, #2694, #2507 ) ;
#8455 = CARTESIAN_POINT ( 'NONE',  ( 0.003174701295342351095, 0.04862956370382862104, 0.1250687684141202904 ) ) ;
#8456 = CARTESIAN_POINT ( 'NONE',  ( 0.07945593111964334432, 0.03865757410786770099, 0.1302931412005650103 ) ) ;
#8457 = CARTESIAN_POINT ( 'NONE',  ( 0.06882207688364230802, 0.04510757410786769839, 0.04829657188629449954 ) ) ;
#8458 = EDGE_LOOP ( 'NONE', ( #6415, #9098, #514, #1121, #5335, #5017 ) ) ;
#8459 = ORIENTED_EDGE ( 'NONE', *, *, #9247, .F. ) ;
#8460 = DIRECTION ( 'NONE',  ( -1.000000000000000000, 0.000000000000000000, 0.000000000000000000 ) ) ;
#8461 = CARTESIAN_POINT ( 'NONE',  ( 0.08956321116381726899, 0.05121739195389565791, 0.08828159101609198145 ) ) ;
#8462 = CIRCLE ( 'NONE', #7714, 0.001700000000000003808 ) ;
#8463 = CARTESIAN_POINT ( 'NONE',  ( 0.07889163009979589802, 0.04011893014177524835, 0.05721130193079999871 ) ) ;
#8464 = VECTOR ( 'NONE', #8240, 1.000000000000000000 ) ;
#8465 = CARTESIAN_POINT ( 'NONE',  ( 0.08395252532250059574, 0.05074299046963109960, 0.06795893654357869351 ) ) ;
#8466 = AXIS2_PLACEMENT_3D ( 'NONE', #9210, #7786, #5627 ) ;
#8467 = CARTESIAN_POINT ( 'NONE',  ( 0.01487296543529468933, 0.04091595309250398854, 0.1384135268514323225 ) ) ;
#8468 = EDGE_LOOP ( 'NONE', ( #7483, #6777, #8164, #2834, #5018 ) ) ;
#8469 = CARTESIAN_POINT ( 'NONE',  ( 0.06413981932057796764, 0.04010757427619443538, 0.04630764118153612302 ) ) ;
#8470 = CARTESIAN_POINT ( 'NONE',  ( -0.002883855700529399952, 0.04415657025026400312, 0.07064146962137000940 ) ) ;
#8471 = EDGE_CURVE ( 'NONE', #4840, #3012, #1339, .T. ) ;
#8472 = LINE ( 'NONE', #8645, #2585 ) ;
#8473 = CARTESIAN_POINT ( 'NONE',  ( 0.07605972718539519284, 0.04168903244712155592, 0.1474715915592089144 ) ) ;
#8474 = VERTEX_POINT ( 'NONE', #1758 ) ;
#8475 = ORIENTED_EDGE ( 'NONE', *, *, #6263, .F. ) ;
#8476 = AXIS2_PLACEMENT_3D ( 'NONE', #1019, #5179, #4426 ) ;
#8477 = CARTESIAN_POINT ( 'NONE',  ( 0.01268435639450813529, 0.04145169905676015371, 0.05091924807567460576 ) ) ;
#8478 = DIRECTION ( 'NONE',  ( -0.7026718689580420119, 0.000000000000000000, -0.7115140508626741633 ) ) ;
#8479 = CARTESIAN_POINT ( 'NONE',  ( 0.09560878637228555077, 0.04079381398092651878, 0.1277910549859060385 ) ) ;
#8480 = B_SPLINE_CURVE_WITH_KNOTS ( 'NONE', 3,
 ( #5816, #2423, #5949, #163 ),
 .UNSPECIFIED., .F., .F.,
 ( 4, 4 ),
 ( 0.000000000000000000, 1.000000000000000000 ),
 .UNSPECIFIED. ) ;
#8481 = FACE_OUTER_BOUND ( 'NONE', #8928, .T. ) ;
#8482 = VERTEX_POINT ( 'NONE', #3699 ) ;
#8483 = EDGE_LOOP ( 'NONE', ( #5171, #2139, #2109, #1094 ) ) ;
#8484 = CARTESIAN_POINT ( 'NONE',  ( 0.07803859038816589322, 0.04876234270748364824, 0.1254677493710497360 ) ) ;
#8485 = CARTESIAN_POINT ( 'NONE',  ( 0.06833767870934030764, 0.05200000073015689783, 0.1374729234291320046 ) ) ;
#8486 = ORIENTED_EDGE ( 'NONE', *, *, #2805, .T. ) ;
#8487 = B_SPLINE_CURVE_WITH_KNOTS ( 'NONE', 3,
 ( #2743, #7161, #720, #5566 ),
 .UNSPECIFIED., .F., .F.,
 ( 4, 4 ),
 ( 0.000000000000000000, 0.4999566561658773667 ),
 .UNSPECIFIED. ) ;
#8488 = CARTESIAN_POINT ( 'NONE',  ( 0.003424065513815482357, 0.04013519048985259713, 0.05666037228262509745 ) ) ;
#8489 = PLANE ( 'NONE',  #2613 ) ;
#8490 = FACE_OUTER_BOUND ( 'NONE', #1424, .T. ) ;
#8491 = FACE_OUTER_BOUND ( 'NONE', #9050, .T. ) ;
#8492 = VERTEX_POINT ( 'NONE', #6702 ) ;
#8493 =( BOUNDED_CURVE ( )  B_SPLINE_CURVE ( 3, ( #3134, #2385, #3846, #5997 ),
 .UNSPECIFIED., .F., .F. ) 
 B_SPLINE_CURVE_WITH_KNOTS ( ( 4, 4 ),
 ( 6.256563117011290309, 6.297383065120639500 ),
 .UNSPECIFIED. ) 
 CURVE ( )  GEOMETRIC_REPRESENTATION_ITEM ( )  RATIONAL_B_SPLINE_CURVE ( ( 1.000000000000000000, 0.9998611491398539108, 0.9998611491398539108, 1.000000000000000000 ) ) 
 REPRESENTATION_ITEM ( '' )  );
#8494 = ORIENTED_EDGE ( 'NONE', *, *, #1153, .F. ) ;
#8495 = CARTESIAN_POINT ( 'NONE',  ( 0.08472763569979049891, 0.04985783708471710346, 0.1202877782983360067 ) ) ;
#8496 = CARTESIAN_POINT ( 'NONE',  ( 0.06338764670604526974, 0.05200604827471307090, 0.1364262099998050648 ) ) ;
#8497 = CARTESIAN_POINT ( 'NONE',  ( 0.004644975542582073860, 0.04012344332144789083, 0.1304722890731017104 ) ) ;
#8498 = CARTESIAN_POINT ( 'NONE',  ( 0.01690647166829203560, 0.04048061917036353125, 0.04725791259704987396 ) ) ;
#8499 = CARTESIAN_POINT ( 'NONE',  ( 0.002875597265010882732, 0.04010928290758414283, 0.05528519692914228567 ) ) ;
#8500 = CARTESIAN_POINT ( 'NONE',  ( -0.01386037640278926786, 0.04159968522735960766, 0.1280862684537993346 ) ) ;
#8501 = EDGE_CURVE ( 'NONE', #7336, #833, #4942, .T. ) ;
#8502 = DIRECTION ( 'NONE',  ( 7.787266044824089634E-17, 1.000000000000000000, 0.000000000000000000 ) ) ;
#8503 = CARTESIAN_POINT ( 'NONE',  ( 0.06728643707665735163, 0.04157226168888442097, 0.04776086942640965505 ) ) ;
#8504 = ADVANCED_FACE ( 'NONE', ( #8739 ), #2334, .F. ) ;
#8505 = EDGE_LOOP ( 'NONE', ( #2724, #4186, #6071, #8871, #7573 ) ) ;
#8506 = ORIENTED_EDGE ( 'NONE', *, *, #980, .T. ) ;
#8507 = LINE ( 'NONE', #2809, #7258 ) ;
#8508 = CARTESIAN_POINT ( 'NONE',  ( 0.08977172445893133457, 0.05507876238784509271, 0.09378895426017647141 ) ) ;
#8509 = CARTESIAN_POINT ( 'NONE',  ( 0.07687890309543916889, 0.04011826831954935085, 0.05516471103508871487 ) ) ;
#8510 = CARTESIAN_POINT ( 'NONE',  ( 0.08452356570419360116, 0.05323148438807159821, 0.07080163329313091114 ) ) ;
#8511 = CARTESIAN_POINT ( 'NONE',  ( 0.08421214258031604893, 0.05199910122541412383, 0.06759777996420547608 ) ) ;
#8512 = AXIS2_PLACEMENT_3D ( 'NONE', #4092, #1918, #2722 ) ;
#8513 = VERTEX_POINT ( 'NONE', #4065 ) ;
#8514 = CARTESIAN_POINT ( 'NONE',  ( 0.05325775834136630554, 0.06690757410786771220, 0.08795113761293117671 ) ) ;
#8515 = CARTESIAN_POINT ( 'NONE',  ( -0.01353642684812851778, 0.04157203187793789834, 0.05717512828365411970 ) ) ;
#8516 = CARTESIAN_POINT ( 'NONE',  ( 0.08815350100758528873, 0.04010757410786770089, 0.1166425757935640045 ) ) ;
#8517 = CARTESIAN_POINT ( 'NONE',  ( -0.004451665143461829705, 0.04432088081784599926, 0.03024769251096240050 ) ) ;
#8518 = ORIENTED_EDGE ( 'NONE', *, *, #9040, .F. ) ;
#8519 = VERTEX_POINT ( 'NONE', #6890 ) ;
#8520 = EDGE_CURVE ( 'NONE', #5471, #385, #1850, .T. ) ;
#8521 = AXIS2_PLACEMENT_3D ( 'NONE', #8217, #1109, #3224 ) ;
#8522 = CARTESIAN_POINT ( 'NONE',  ( 0.01195516125538688065, 0.04062835912481693040, 0.05019005293189324202 ) ) ;
#8523 = EDGE_CURVE ( 'NONE', #4714, #9263, #8964, .T. ) ;
#8524 = FACE_OUTER_BOUND ( 'NONE', #8151, .T. ) ;
#8525 = EDGE_CURVE ( 'NONE', #3674, #5420, #6031, .T. ) ;
#8526 = DIRECTION ( 'NONE',  ( 1.000000000000000000, -8.064744300522758734E-17, 0.000000000000000000 ) ) ;
#8527 = CARTESIAN_POINT ( 'NONE',  ( 0.01934234219034190044, 0.04320997620684199902, 0.04881757728117999684 ) ) ;
#8528 = ORIENTED_EDGE ( 'NONE', *, *, #6271, .T. ) ;
#8529 = ORIENTED_EDGE ( 'NONE', *, *, #5579, .T. ) ;
#8530 = CARTESIAN_POINT ( 'NONE',  ( 0.07771618255636117412, 0.04811594320717967749, 0.1258327637542510646 ) ) ;
#8531 = CARTESIAN_POINT ( 'NONE',  ( -0.01538717639813323192, 0.04010757410786780497, 0.1256042263394099578 ) ) ;
#8532 = VERTEX_POINT ( 'NONE', #1049 ) ;
#8533 = CARTESIAN_POINT ( 'NONE',  ( 0.01839558128467050011, 0.05199997678118530031, 0.1364683068896299922 ) ) ;
#8534 = CARTESIAN_POINT ( 'NONE',  ( 0.06354442676330940287, 0.04149512799607719959, 0.1369946033935000029 ) ) ;
#8535 = FACE_OUTER_BOUND ( 'NONE', #6961, .T. ) ;
#8536 = CARTESIAN_POINT ( 'NONE',  ( -0.004091378267937140038, 0.04990270069763820537, 0.1203492422032050035 ) ) ;
#8537 = ORIENTED_EDGE ( 'NONE', *, *, #2505, .T. ) ;
#8538 = ORIENTED_EDGE ( 'NONE', *, *, #451, .F. ) ;
#8539 = CARTESIAN_POINT ( 'NONE',  ( 0.08348951719354659462, 0.05240413192759569433, 0.1185530697822659990 ) ) ;
#8540 = CARTESIAN_POINT ( 'NONE',  ( 0.04077925308366790041, 0.04410757410786769750, 0.09287956601695539216 ) ) ;
#8541 = CARTESIAN_POINT ( 'NONE',  ( 0.003585766592109070755, 0.04016383102133126021, 0.1289786699526961899 ) ) ;
#8542 = CARTESIAN_POINT ( 'NONE',  ( 0.07793843671140082696, 0.04912358331230706754, 0.03954856403197075376 ) ) ;
#8543 = CARTESIAN_POINT ( 'NONE',  ( 0.003451085714130970941, 0.04011186289069526567, 0.05481431505285023348 ) ) ;
#8544 = FACE_OUTER_BOUND ( 'NONE', #5077, .T. ) ;
#8545 = CARTESIAN_POINT ( 'NONE',  ( 0.008851207731120025457, 0.04847408017400980929, 0.05570861464456097756 ) ) ;
#8546 = CARTESIAN_POINT ( 'NONE',  ( 0.01594210105409532563, 0.05200008670902411811, 0.04952310585207161248 ) ) ;
#8547 = VERTEX_POINT ( 'NONE', #4727 ) ;
#8548 = VERTEX_POINT ( 'NONE', #436 ) ;
#8549 = CARTESIAN_POINT ( 'NONE',  ( 0.05195442029425489938, 0.1166543397324600051, 0.1059439503428780127 ) ) ;
#8550 = EDGE_CURVE ( 'NONE', #2360, #1646, #2472, .T. ) ;
#8551 = CARTESIAN_POINT ( 'NONE',  ( 0.08958423403188162104, 0.05195170911974398426, 0.08851215964115392854 ) ) ;
#8552 = EDGE_CURVE ( 'NONE', #5991, #6352, #1979, .T. ) ;
#8553 = DIRECTION ( 'NONE',  ( 0.7071067789270740755, -4.923379887307663448E-15, 0.7071067834460210699 ) ) ;
#8554 = EDGE_CURVE ( 'NONE', #463, #7559, #4113, .T. ) ;
#8555 = LINE ( 'NONE', #4083, #7923 ) ;
#8556 = LINE ( 'NONE', #2014, #4104 ) ;
#8557 = DIRECTION ( 'NONE',  ( -0.6902684877569650324, 0.2169304578186490029, -0.6902684921683039931 ) ) ;
#8558 = CARTESIAN_POINT ( 'NONE',  ( 0.07823321993357139348, 0.04950000073015969893, 0.1252439039092460016 ) ) ;
#8559 = EDGE_LOOP ( 'NONE', ( #2264, #5908, #5981, #993, #3662, #2636 ) ) ;
#8560 = FACE_OUTER_BOUND ( 'NONE', #5792, .T. ) ;
#8561 = EDGE_LOOP ( 'NONE', ( #7862, #7779, #3486, #2036, #3628 ) ) ;
#8562 = VERTEX_POINT ( 'NONE', #1895 ) ;
#8563 = CARTESIAN_POINT ( 'NONE',  ( 0.08658582913319631813, 0.04093774040028230754, 0.06752524161480077947 ) ) ;
#8564 = CARTESIAN_POINT ( 'NONE',  ( -0.006594994840249519992, 0.04010757410786770089, 0.06911655624034659939 ) ) ;
#8565 = DIRECTION ( 'NONE',  ( 5.979188663871559846E-17, 1.000000000000000000, -7.523851983841548700E-18 ) ) ;
#8566 = B_SPLINE_CURVE_WITH_KNOTS ( 'NONE', 3,
 ( #4375, #7242, #227, #803, #4328 ),
 .UNSPECIFIED., .F., .F.,
 ( 4, 1, 4 ),
 ( 0.6250493075172619539, 0.7142857142857144126, 1.000000000000000000 ),
 .UNSPECIFIED. ) ;
#8567 = CARTESIAN_POINT ( 'NONE',  ( 0.08566233329701149202, 0.04244767800420240489, 0.06617467092378920279 ) ) ;
#8568 = ORIENTED_EDGE ( 'NONE', *, *, #4196, .F. ) ;
#8569 = VERTEX_POINT ( 'NONE', #3360 ) ;
#8570 = DIRECTION ( 'NONE',  ( -0.005742101684089259521, 7.867059038567463870E-18, 0.9999835139982308219 ) ) ;
#8571 = VECTOR ( 'NONE', #2822, 1.000000000000000000 ) ;
#8572 = CARTESIAN_POINT ( 'NONE',  ( 0.02565405423696570306, 0.04010757410786770089, 0.06388894600101829857 ) ) ;
#8573 = CARTESIAN_POINT ( 'NONE',  ( 0.007826055346379416633, 0.04811594320719170259, 0.1298164954896549594 ) ) ;
#8574 = ORIENTED_EDGE ( 'NONE', *, *, #3098, .F. ) ;
#8575 = CARTESIAN_POINT ( 'NONE',  ( 0.004735399738084146264, 0.04016051601584523512, 0.05560501880534757246 ) ) ;
#8576 = CARTESIAN_POINT ( 'NONE',  ( 0.06386292804537399559, 0.04015112506430630612, 0.1391304027928569886 ) ) ;
#8577 = AXIS2_PLACEMENT_3D ( 'NONE', #4383, #7253, #6640 ) ;
#8578 = DIRECTION ( 'NONE',  ( 0.000000000000000000, -1.000000000000000000, -1.040519682052546037E-14 ) ) ;
#8579 = CARTESIAN_POINT ( 'NONE',  ( 0.04077925308366790041, 0.04010757410786770089, 0.09287956601695539216 ) ) ;
#8580 = ORIENTED_EDGE ( 'NONE', *, *, #82, .T. ) ;
#8581 = ADVANCED_FACE ( 'NONE', ( #6844 ), #9155, .T. ) ;
#8582 = ORIENTED_EDGE ( 'NONE', *, *, #7647, .T. ) ;
#8583 = CARTESIAN_POINT ( 'NONE',  ( 0.07358833084271873548, 0.04776469372978464634, 0.1299436674751855703 ) ) ;
#8584 = CARTESIAN_POINT ( 'NONE',  ( 0.06560903114111046874, 0.05200009811847468993, 0.1362351612099754472 ) ) ;
#8585 = CARTESIAN_POINT ( 'NONE',  ( 0.004461493866209281789, 0.04014719265765004375, 0.1300076297287169613 ) ) ;
#8586 = CARTESIAN_POINT ( 'NONE',  ( 0.002685412302420973549, 0.04011163373369363433, 0.1301857359403455483 ) ) ;
#8587 = CIRCLE ( 'NONE', #1521, 0.04900000000000002270 ) ;
#8588 = CARTESIAN_POINT ( 'NONE',  ( -0.002323151905622812714, 0.05200019825858293726, 0.06904437648950852158 ) ) ;
#8589 = CARTESIAN_POINT ( 'NONE',  ( 0.003195043486956819327, 0.04858169489057692636, 0.1250924847302897214 ) ) ;
#8590 = CYLINDRICAL_SURFACE ( 'NONE', #620, 0.005000000000000001839 ) ;
#8591 = CARTESIAN_POINT ( 'NONE',  ( 0.01702128404413007223, 0.05200039298864112675, 0.04954938964877417251 ) ) ;
#8592 = ORIENTED_EDGE ( 'NONE', *, *, #7292, .F. ) ;
#8593 = AXIS2_PLACEMENT_3D ( 'NONE', #1106, #8360, #438 ) ;
#8594 = ORIENTED_EDGE ( 'NONE', *, *, #4181, .T. ) ;
#8595 = DIRECTION ( 'NONE',  ( 0.7714673720191902451, -5.091468256525669956E-17, -0.6362688849140781810 ) ) ;
#8596 = AXIS2_PLACEMENT_3D ( 'NONE', #5481, #6222, #7544 ) ;
#8597 = CARTESIAN_POINT ( 'NONE',  ( 0.07782642951700620426, 0.04010757410786770089, 0.1314769327447140035 ) ) ;
#8598 = CARTESIAN_POINT ( 'NONE',  ( 0.06824892926991750486, 0.04510757410786760124, 0.1377501973685599790 ) ) ;
#8599 = CARTESIAN_POINT ( 'NONE',  ( 0.08409790578670020555, 0.05200019081091394185, 0.06834428076969463473 ) ) ;
#8600 = AXIS2_PLACEMENT_3D ( 'NONE', #3315, #4633, #3270 ) ;
#8601 = CARTESIAN_POINT ( 'NONE',  ( 0.01854115668808250031, 0.04415657025026400312, 0.1365426748011530078 ) ) ;
#8602 = CARTESIAN_POINT ( 'NONE',  ( 0.07758062776721819098, 0.04790159859968979444, 0.06052623786577585735 ) ) ;
#8603 = CARTESIAN_POINT ( 'NONE',  ( 0.04110056447536210300, 0.04410757410786769750, 0.03988053999770135860 ) ) ;
#8604 = ORIENTED_EDGE ( 'NONE', *, *, #329, .T. ) ;
#8605 = DIRECTION ( 'NONE',  ( -0.005742101684089324573, 0.000000000000000000, 0.9999835139982307108 ) ) ;
#8606 = ORIENTED_EDGE ( 'NONE', *, *, #5867, .T. ) ;
#8607 = VERTEX_POINT ( 'NONE', #6225 ) ;
#8608 = VECTOR ( 'NONE', #946, 1.000000000000000000 ) ;
#8609 = EDGE_CURVE ( 'NONE', #2979, #572, #4380, .T. ) ;
#8610 = CIRCLE ( 'NONE', #3195, 0.001700000000000003808 ) ;
#8611 = DIRECTION ( 'NONE',  ( 5.979188663871559846E-17, 1.000000000000000000, -7.523851983841539456E-18 ) ) ;
#8612 = LINE ( 'NONE', #5782, #8917 ) ;
#8613 = CARTESIAN_POINT ( 'NONE',  ( 0.06671327746370256384, 0.04157224668755683805, 0.1382859075712385699 ) ) ;
#8614 = CIRCLE ( 'NONE', #3500, 0.06500000000000002998 ) ;
#8615 = CARTESIAN_POINT ( 'NONE',  ( 0.01801410807856719878, 0.04149486801534749830, 0.04876477459941199605 ) ) ;
#8616 = CARTESIAN_POINT ( 'NONE',  ( 0.06882207688364230802, 0.04510757410786769839, 0.04829657188629449954 ) ) ;
#8617 = EDGE_LOOP ( 'NONE', ( #7434, #2894, #8087, #1744 ) ) ;
#8618 = ORIENTED_EDGE ( 'NONE', *, *, #4656, .F. ) ;
#8619 = ADVANCED_FACE ( 'NONE', ( #6127 ), #7688, .F. ) ;
#8620 = DIRECTION ( 'NONE',  ( 3.893633027220359727E-17, 1.000000000000000000, 2.388862612315459540E-17 ) ) ;
#8621 = CARTESIAN_POINT ( 'NONE',  ( -0.005824130485128469793, 0.04037124799189970026, 0.1172768546448549887 ) ) ;
#8622 = VERTEX_POINT ( 'NONE', #5384 ) ;
#8623 = CIRCLE ( 'NONE', #5013, 0.04500000000000002609 ) ;
#8624 = CARTESIAN_POINT ( 'NONE',  ( 0.005115741431720967174, 0.04011827321067400198, 0.05475069197421743999 ) ) ;
#8625 = CARTESIAN_POINT ( 'NONE',  ( 0.06502885329812499449, 0.03610757410786769733, 0.09301881198279449148 ) ) ;
#8626 = FACE_BOUND ( 'NONE', #6960, .T. ) ;
#8627 = CARTESIAN_POINT ( 'NONE',  ( -0.002941915345095284188, 0.04990270069763819843, 0.1186357207571808875 ) ) ;
#8628 = VERTEX_POINT ( 'NONE', #6983 ) ;
#8629 = VERTEX_POINT ( 'NONE', #9012 ) ;
#8630 = CARTESIAN_POINT ( 'NONE',  ( 0.07330103191285311515, 0.04808611669754390278, 0.1301968984033114174 ) ) ;
#8631 = ADVANCED_FACE ( 'NONE', ( #5571 ), #4772, .F. ) ;
#8632 = CARTESIAN_POINT ( 'NONE',  ( -0.002401586602380424013, 0.04451994121933380844, 0.06758977977137031745 ) ) ;
#8633 = EDGE_CURVE ( 'NONE', #1355, #3984, #5454, .T. ) ;
#8634 = CARTESIAN_POINT ( 'NONE',  ( 0.003678236900007431955, 0.04016719072648840261, 0.1290455602369138255 ) ) ;
#8635 = AXIS2_PLACEMENT_3D ( 'NONE', #6742, #3211, #2545 ) ;
#8636 = CARTESIAN_POINT ( 'NONE',  ( 0.08470336599229359720, 0.04990270069763830252, 0.07116154803210440749 ) ) ;
#8637 = ADVANCED_FACE ( 'NONE', ( #3216 ), #1799, .F. ) ;
#8638 = EDGE_CURVE ( 'NONE', #3442, #2534, #2144, .T. ) ;
#8639 = CARTESIAN_POINT ( 'NONE',  ( -0.002246630919214905476, 0.05200030012519840650, 0.06787158555970650153 ) ) ;
#8640 = CARTESIAN_POINT ( 'NONE',  ( 0.08564988443527300765, 0.04990270069763830252, 0.06540988983070589180 ) ) ;
#8641 = CARTESIAN_POINT ( 'NONE',  ( 0.009016785050427841841, 0.04880346727093084341, 0.05556778657328978466 ) ) ;
#8642 = CARTESIAN_POINT ( 'NONE',  ( 0.01578944862027369458, 0.05199992483248901121, 0.04950162182494498297 ) ) ;
#8643 = ORIENTED_EDGE ( 'NONE', *, *, #2629, .T. ) ;
#8644 = VERTEX_POINT ( 'NONE', #2841 ) ;
#8645 = CARTESIAN_POINT ( 'NONE',  ( 0.05310115106251345196, 0.04157204020193495941, 0.1246734868828344583 ) ) ;
#8646 = LINE ( 'NONE', #4214, #1410 ) ;
#8647 = CARTESIAN_POINT ( 'NONE',  ( 0.08962632782161733536, 0.05289170392677739613, 0.08900362124834097777 ) ) ;
#8648 = CARTESIAN_POINT ( 'NONE',  ( 0.06418485012263450140, 0.04431465968892860097, 0.1362075248824630158 ) ) ;
#8649 = CARTESIAN_POINT ( 'NONE',  ( 0.08417535986584692709, 0.05200017726106852256, 0.06962690243276774271 ) ) ;
#8650 = ORIENTED_EDGE ( 'NONE', *, *, #5978, .T. ) ;
#8651 = DIRECTION ( 'NONE',  ( 0.6084652301604284164, 0.6902684899626323478, -0.3915347691463994528 ) ) ;
#8652 = CARTESIAN_POINT ( 'NONE',  ( 0.04077925308366790041, 0.04410757410786769750, 0.09287956601695539216 ) ) ;
#8653 = DIRECTION ( 'NONE',  ( 0.7071067789270740755, 1.314504061156184145E-15, 0.7071067834460210699 ) ) ;
#8654 = ORIENTED_EDGE ( 'NONE', *, *, #3133, .T. ) ;
#8655 = CARTESIAN_POINT ( 'NONE',  ( -0.002859332024130768150, 0.05129271161374900079, 0.07059280587032061571 ) ) ;
#8656 = ORIENTED_EDGE ( 'NONE', *, *, #8321, .F. ) ;
#8657 = CYLINDRICAL_SURFACE ( 'NONE', #7670, 0.002999999999999996159 ) ;
#8658 = CIRCLE ( 'NONE', #8958, 0.06500000000000002998 ) ;
#8659 = CARTESIAN_POINT ( 'NONE',  ( -0.003019579902595330174, 0.04410757410786769750, 0.07090999094046790407 ) ) ;
#8660 = CARTESIAN_POINT ( 'NONE',  ( 0.07316730573402205340, 0.04846884057251365369, 0.05610873670294132948 ) ) ;
#8661 = VECTOR ( 'NONE', #1964, 1.000000000000000000 ) ;
#8662 = CARTESIAN_POINT ( 'NONE',  ( 0.08394394047862896446, 0.05200358502745108802, 0.1164076195632581662 ) ) ;
#8663 = FACE_OUTER_BOUND ( 'NONE', #3635, .T. ) ;
#8664 = ORIENTED_EDGE ( 'NONE', *, *, #3107, .F. ) ;
#8665 = ORIENTED_EDGE ( 'NONE', *, *, #9010, .F. ) ;
#8666 = DIRECTION ( 'NONE',  ( -5.949020934865869497E-17, -1.000000000000000000, 9.427517956570969026E-18 ) ) ;
#8667 = CIRCLE ( 'NONE', #4606, 0.001699999999999989931 ) ;
#8668 = CARTESIAN_POINT ( 'NONE',  ( 0.05455773690956400301, 0.06690757410786771220, 0.08795860234512049847 ) ) ;
#8669 = EDGE_CURVE ( 'NONE', #757, #7096, #797, .T. ) ;
#8670 = VERTEX_POINT ( 'NONE', #4156 ) ;
#8671 = CARTESIAN_POINT ( 'NONE',  ( 0.01694564603350433990, 0.05200020088581543132, 0.1359822754615369056 ) ) ;
#8672 = EDGE_CURVE ( 'NONE', #1675, #8187, #5004, .T. ) ;
#8673 = CARTESIAN_POINT ( 'NONE',  ( 0.06289373400616871113, 0.04117976751451729589, 0.1373869317201859841 ) ) ;
#8674 = DIRECTION ( 'NONE',  ( -0.7071067834460210699, 0.000000000000000000, 0.7071067789270740755 ) ) ;
#8675 = CARTESIAN_POINT ( 'NONE',  ( 0.08577759564803749681, 0.05510757724206744035, 0.09329740577624699716 ) ) ;
#8676 = ORIENTED_EDGE ( 'NONE', *, *, #8000, .T. ) ;
#8677 = ORIENTED_EDGE ( 'NONE', *, *, #6606, .T. ) ;
#8678 = CARTESIAN_POINT ( 'NONE',  ( 0.07460064869609057958, 0.04722238199066760428, 0.1290248023780760922 ) ) ;
#8679 = CARTESIAN_POINT ( 'NONE',  ( 0.07694524730379763422, 0.04016719072648806954, 0.1299805822004036215 ) ) ;
#8680 = ORIENTED_EDGE ( 'NONE', *, *, #8406, .F. ) ;
#8681 = CARTESIAN_POINT ( 'NONE',  ( 0.01800800564666540232, 0.04419356769172799737, 0.1362711351746219990 ) ) ;
#8682 = CARTESIAN_POINT ( 'NONE',  ( 0.003157518258202803973, 0.04010976706750379872, 0.1307312282030781148 ) ) ;
#8683 = CARTESIAN_POINT ( 'NONE',  ( 0.09182778262356069976, 0.04760757410786779775, 0.05569645778726430019 ) ) ;
#8684 = DIRECTION ( 'NONE',  ( 5.974407671139579846E-17, 1.000000000000000000, 3.622038719475679894E-19 ) ) ;
#8685 = CARTESIAN_POINT ( 'NONE',  ( 0.07322230316824132612, 0.04819162549621335695, 0.1302654369232907894 ) ) ;
#8686 = CARTESIAN_POINT ( 'NONE',  ( 0.07716341540828072776, 0.04259706566719980575, 0.03901666662775172406 ) ) ;
#8687 = EDGE_LOOP ( 'NONE', ( #839, #4367, #4574, #6706, #2967, #4759, #7592, #8656, #413, #5137 ) ) ;
#8688 = VERTEX_POINT ( 'NONE', #6416 ) ;
#8689 = DIRECTION ( 'NONE',  ( -5.979188663871559846E-17, -1.000000000000000000, 7.523851983841539456E-18 ) ) ;
#8690 = ADVANCED_FACE ( 'NONE', ( #4297 ), #9113, .T. ) ;
#8691 = CARTESIAN_POINT ( 'NONE',  ( -0.002990274008330809797, 0.04010757410786770089, 0.06211467534361169579 ) ) ;
#8692 = EDGE_CURVE ( 'NONE', #4744, #8972, #5935, .T. ) ;
#8693 = DIRECTION ( 'NONE',  ( 1.370066131076401989E-15, 1.000000000000000000, 0.000000000000000000 ) ) ;
#8694 = EDGE_LOOP ( 'NONE', ( #2404, #1296, #1390, #6993 ) ) ;
#8695 = CARTESIAN_POINT ( 'NONE',  ( 0.07672341929176140773, 0.04950000073015689561, 0.1349109789094259937 ) ) ;
#8696 = FACE_OUTER_BOUND ( 'NONE', #6017, .T. ) ;
#8697 = VERTEX_POINT ( 'NONE', #2128 ) ;
#8698 = PERSON_AND_ORGANIZATION_ROLE ( 'creator' ) ;
#8699 = CARTESIAN_POINT ( 'NONE',  ( 0.04077925308366790041, 0.04010757410786770089, 0.09287956601695539216 ) ) ;
#8700 = CARTESIAN_POINT ( 'NONE',  ( 0.07811837427777419685, 0.04811931288724794614, 0.06038279646855900656 ) ) ;
#8701 = VERTEX_POINT ( 'NONE', #7877 ) ;
#8702 = CARTESIAN_POINT ( 'NONE',  ( 0.06272673281637365650, 0.04336150591993094550, 0.1366902229949055469 ) ) ;
#8703 = ORIENTED_EDGE ( 'NONE', *, *, #7135, .F. ) ;
#8704 = ADVANCED_FACE ( 'NONE', ( #7210 ), #4200, .F. ) ;
#8705 = DIRECTION ( 'NONE',  ( -0.005742101684089199673, 0.000000000000000000, 0.9999835139982305998 ) ) ;
#8706 = FACE_OUTER_BOUND ( 'NONE', #4675, .T. ) ;
#8707 = DIRECTION ( 'NONE',  ( 5.979188663871559846E-17, 1.000000000000000000, -7.523851983841539456E-18 ) ) ;
#8708 = LINE ( 'NONE', #3670, #1957 ) ;
#8709 = CARTESIAN_POINT ( 'NONE',  ( 0.006558528237648950099, 0.06690757410786771220, 0.08768298146428420148 ) ) ;
#8710 = CARTESIAN_POINT ( 'NONE',  ( 0.06819136417026509800, 0.04271661299614770008, 0.04834212509730769630 ) ) ;
#8711 = VERTEX_POINT ( 'NONE', #2178 ) ;
#8712 = VERTEX_POINT ( 'NONE', #2 ) ;
#8713 = FACE_OUTER_BOUND ( 'NONE', #8561, .T. ) ;
#8714 = CARTESIAN_POINT ( 'NONE',  ( 0.01718258914090849826, 0.04010757410786770089, 0.04557751785891150237 ) ) ;
#8715 = VERTEX_POINT ( 'NONE', #5051 ) ;
#8716 = CARTESIAN_POINT ( 'NONE',  ( 0.01696609162620087152, 0.05200030552414851986, 0.1359859389749668579 ) ) ;
#8717 = CARTESIAN_POINT ( 'NONE',  ( 0.09365577371210259683, 0.05200000073015689783, 0.05507647664279539945 ) ) ;
#8718 = CARTESIAN_POINT ( 'NONE',  ( 0.06629573504709598830, 0.05157658697067189768, 0.05005959720829720322 ) ) ;
#8719 = EDGE_CURVE ( 'NONE', #8548, #4714, #1394, .T. ) ;
#8720 = EDGE_CURVE ( 'NONE', #1731, #8175, #6511, .T. ) ;
#8721 = VECTOR ( 'NONE', #1453, 1.000000000000000000 ) ;
#8722 = CARTESIAN_POINT ( 'NONE',  ( 0.08576383277372538749, 0.05502094433006124441, 0.09405825376525081549 ) ) ;
#8723 = ORIENTED_EDGE ( 'NONE', *, *, #3719, .F. ) ;
#8724 = VERTEX_POINT ( 'NONE', #1286 ) ;
#8725 = CARTESIAN_POINT ( 'NONE',  ( 0.01854115668808260092, 0.04985783708471710346, 0.1365426748011530078 ) ) ;
#8726 = VECTOR ( 'NONE', #2119, 1.000000000000000000 ) ;
#8727 = EDGE_CURVE ( 'NONE', #4932, #4860, #1838, .T. ) ;
#8728 = LINE ( 'NONE', #2179, #4833 ) ;
#8729 = ORIENTED_EDGE ( 'NONE', *, *, #1784, .F. ) ;
#8730 = CARTESIAN_POINT ( 'NONE',  ( 0.07891169849353249499, 0.04011813303270669179, 0.05721707638515301231 ) ) ;
#8731 = AXIS2_PLACEMENT_3D ( 'NONE', #1648, #3147, #4519 ) ;
#8732 = CARTESIAN_POINT ( 'NONE',  ( -0.002385423485340027513, 0.05200358383610452495, 0.06935155472085648143 ) ) ;
#8733 = DIRECTION ( 'NONE',  ( -5.979188663871559846E-17, -1.000000000000000000, 7.523851983841510182E-18 ) ) ;
#8734 = CARTESIAN_POINT ( 'NONE',  ( 0.07269142956998307648, 0.04944471856778665658, 0.1307195342961402496 ) ) ;
#8735 = CARTESIAN_POINT ( 'NONE',  ( -0.01209726754476669885, 0.05200000073015689783, 0.1306826553911150102 ) ) ;
#8736 = ORIENTED_EDGE ( 'NONE', *, *, #3715, .T. ) ;
#8737 = PRODUCT_RELATED_PRODUCT_CATEGORY ( 'detail', '', ( #3318 ) ) ;
#8738 = VERTEX_POINT ( 'NONE', #7396 ) ;
#8739 = FACE_OUTER_BOUND ( 'NONE', #332, .T. ) ;
#8740 = CARTESIAN_POINT ( 'NONE',  ( 0.008842939519719270405, 0.05032954500249260665, 0.1300423414238750242 ) ) ;
#8741 = FACE_OUTER_BOUND ( 'NONE', #3639, .T. ) ;
#8742 = VERTEX_POINT ( 'NONE', #2325 ) ;
#8743 = VECTOR ( 'NONE', #8173, 1.000000000000000000 ) ;
#8744 = DIRECTION ( 'NONE',  ( -0.9999835139982307108, 0.000000000000000000, -0.005742101684093668321 ) ) ;
#8745 = CARTESIAN_POINT ( 'NONE',  ( 0.06358575047244448275, 0.05200847479985552108, 0.04950791122805958677 ) ) ;
#8746 = ORIENTED_EDGE ( 'NONE', *, *, #8550, .T. ) ;
#8747 = PERSON_AND_ORGANIZATION_ROLE ( 'creator' ) ;
#8748 = CIRCLE ( 'NONE', #5429, 0.003150000000000011732 ) ;
#8749 = DIRECTION ( 'NONE',  ( 5.979188663871559846E-17, 1.000000000000000000, -7.523851983841510182E-18 ) ) ;
#8750 = AXIS2_PLACEMENT_3D ( 'NONE', #7408, #2415, #871 ) ;
#8751 = DIRECTION ( 'NONE',  ( -5.979188663871559846E-17, -1.000000000000000000, 7.523851983841539456E-18 ) ) ;
#8752 = VERTEX_POINT ( 'NONE', #6555 ) ;
#8753 = DIRECTION ( 'NONE',  ( 5.979188663871559846E-17, 1.000000000000000000, -7.523851983841539456E-18 ) ) ;
#8754 = EDGE_CURVE ( 'NONE', #4261, #1297, #2118, .T. ) ;
#8755 = VECTOR ( 'NONE', #2467, 1.000000000000000000 ) ;
#8756 = DIRECTION ( 'NONE',  ( 0.7010108928534550810, 0.1310246636425644318, -0.7010108883734651464 ) ) ;
#8757 = CYLINDRICAL_SURFACE ( 'NONE', #1683, 0.005500000000000003150 ) ;
#8758 = CARTESIAN_POINT ( 'NONE',  ( 0.01330957689741840005, 0.04510757410786769839, 0.04800893466535029880 ) ) ;
#8759 = LINE ( 'NONE', #6538, #1054 ) ;
#8760 = EDGE_CURVE ( 'NONE', #7392, #463, #9064, .T. ) ;
#8761 = CIRCLE ( 'NONE', #1534, 0.003149999999999997420 ) ;
#8762 = CARTESIAN_POINT ( 'NONE',  ( 0.08507311997118188751, 0.05200000073015659946, 0.1210151699203919906 ) ) ;
#8763 = CARTESIAN_POINT ( 'NONE',  ( 0.06683883231342280240, 0.04462938188552369873, 0.04969465694550630197 ) ) ;
#8764 = VERTEX_POINT ( 'NONE', #948 ) ;
#8765 = ORIENTED_EDGE ( 'NONE', *, *, #7513, .F. ) ;
#8766 = VECTOR ( 'NONE', #1392, 1.000000000000000000 ) ;
#8767 = FACE_OUTER_BOUND ( 'NONE', #9020, .T. ) ;
#8768 = LINE ( 'NONE', #7350, #610 ) ;
#8769 = VERTEX_POINT ( 'NONE', #6649 ) ;
#8770 = AXIS2_PLACEMENT_3D ( 'NONE', #4676, #7548, #1105 ) ;
#8771 = DIRECTION ( 'NONE',  ( 0.005742101684089277736, 0.000000000000000000, -0.9999835139982307108 ) ) ;
#8772 = CIRCLE ( 'NONE', #9225, 0.06500000000000002998 ) ;
#8773 = DIRECTION ( 'NONE',  ( 3.911738858581304556E-17, 1.000000000000000000, -7.642569011097939605E-18 ) ) ;
#8774 = CARTESIAN_POINT ( 'NONE',  ( 0.06438181260482379875, 0.05294639108764150059, 0.04992411043417240013 ) ) ;
#8775 = B_SPLINE_CURVE_WITH_KNOTS ( 'NONE', 3,
 ( #8209, #2376, #5247, #157 ),
 .UNSPECIFIED., .F., .F.,
 ( 4, 4 ),
 ( 0.000000000000000000, 1.000000000000000000 ),
 .UNSPECIFIED. ) ;
#8776 = CARTESIAN_POINT ( 'NONE',  ( 0.08557346772589435879, 0.05217338610664511156, 0.08858045832299497879 ) ) ;
#8777 = VERTEX_POINT ( 'NONE', #3775 ) ;
#8778 = CARTESIAN_POINT ( 'NONE',  ( 0.05995428840624070221, 0.07410757410786771027, 0.1059898871563509926 ) ) ;
#8779 = VECTOR ( 'NONE', #7624, 1.000000000000000000 ) ;
#8780 = CARTESIAN_POINT ( 'NONE',  ( 0.07800832298265809872, 0.04014180039790751081, 0.1291519977886766146 ) ) ;
#8781 = ORIENTED_EDGE ( 'NONE', *, *, #4688, .F. ) ;
#8782 = CARTESIAN_POINT ( 'NONE',  ( 0.07728887580120143153, 0.04016299102049169373, 0.05608195190422445714 ) ) ;
#8783 = CARTESIAN_POINT ( 'NONE',  ( 0.07507317394155810231, 0.04510757410786769839, 0.08305766804609830689 ) ) ;
#8784 = CARTESIAN_POINT ( 'NONE',  ( -0.004339412086646723607, 0.04157229238568060231, 0.06637234192032989699 ) ) ;
#8785 = CARTESIAN_POINT ( 'NONE',  ( 0.07861922136331922495, 0.04944471857056519787, 0.06096738953119361371 ) ) ;
#8786 = CARTESIAN_POINT ( 'NONE',  ( -0.006594994840249539941, 0.04010757410786770089, 0.06911655624034659939 ) ) ;
#8787 = ORIENTED_EDGE ( 'NONE', *, *, #1299, .T. ) ;
#8788 = DIRECTION ( 'NONE',  ( 0.7071067789270740755, 3.907985046680551042E-16, 0.7071067834460210699 ) ) ;
#8789 = CARTESIAN_POINT ( 'NONE',  ( 0.006414601544658655660, 0.04082056427248462877, 0.03770803147942562022 ) ) ;
#8790 = CARTESIAN_POINT ( 'NONE',  ( 0.01273642928369359863, 0.04985783708471710346, 0.1374625601476159864 ) ) ;
#8791 = EDGE_LOOP ( 'NONE', ( #6665, #4562, #5402, #7289, #3526 ) ) ;
#8792 = CARTESIAN_POINT ( 'NONE',  ( 0.08470336599229359720, 0.04990270069763830252, 0.07116154803210440749 ) ) ;
#8793 = B_SPLINE_CURVE_WITH_KNOTS ( 'NONE', 3,
 ( #7499, #4024, #402, #2424, #1673, #5342 ),
 .UNSPECIFIED., .F., .F.,
 ( 4, 2, 4 ),
 ( 0.000000000000000000, 0.2493414161990155087, 0.4986828323980310174 ),
 .UNSPECIFIED. ) ;
#8794 = CARTESIAN_POINT ( 'NONE',  ( 0.03127634348219632265, 0.04010757410786770089, 0.1450206698517061410 ) ) ;
#8795 = EDGE_CURVE ( 'NONE', #678, #4281, #3154, .T. ) ;
#8796 = ORIENTED_EDGE ( 'NONE', *, *, #895, .T. ) ;
#8797 =( LENGTH_UNIT ( ) NAMED_UNIT ( * ) SI_UNIT ( $, .METRE. ) );
#8798 = EDGE_CURVE ( 'NONE', #2151, #6870, #4258, .T. ) ;
#8799 = CARTESIAN_POINT ( 'NONE',  ( 0.08843813885909850014, 0.04010757410786770089, 0.06969270321397019741 ) ) ;
#8800 = LINE ( 'NONE', #2346, #7602 ) ;
#8801 = ORIENTED_EDGE ( 'NONE', *, *, #7195, .F. ) ;
#8802 = CARTESIAN_POINT ( 'NONE',  ( 0.06249727106851889896, 0.05060493161547816032, 0.1368036789255810126 ) ) ;
#8803 = CARTESIAN_POINT ( 'NONE',  ( 0.002122098193420601797, 0.03865757410786770099, 0.05206604688574951317 ) ) ;
#8804 = DIRECTION ( 'NONE',  ( 0.7071067834460215140, -7.105427357600994611E-17, -0.7071067789270735204 ) ) ;
#8805 = B_SPLINE_CURVE_WITH_KNOTS ( 'NONE', 3,
 ( #6818, #412, #2620, #8228 ),
 .UNSPECIFIED., .F., .F.,
 ( 4, 4 ),
 ( 0.000000000000000000, 1.000000000000000000 ),
 .UNSPECIFIED. ) ;
#8806 = CARTESIAN_POINT ( 'NONE',  ( 0.01500814057661969958, 0.04436098230215699406, 0.04928103754822320270 ) ) ;
#8807 = FACE_OUTER_BOUND ( 'NONE', #4333, .T. ) ;
#8808 = ADVANCED_FACE ( 'NONE', ( #862, #6603 ), #3687, .T. ) ;
#8809 = CARTESIAN_POINT ( 'NONE',  ( 0.08383441342493937187, 0.05200010962797141367, 0.1182412645430678949 ) ) ;
#8810 = CARTESIAN_POINT ( 'NONE',  ( 0.08950719097119526346, 0.04899775626130456474, 0.09803747347079920516 ) ) ;
#8811 = ORIENTED_EDGE ( 'NONE', *, *, #3830, .F. ) ;
#8812 = ORIENTED_EDGE ( 'NONE', *, *, #1185, .F. ) ;
#8813 = EDGE_CURVE ( 'NONE', #2682, #4125, #143, .T. ) ;
#8814 = ADVANCED_FACE ( 'NONE', ( #3026 ), #5979, .F. ) ;
#8815 = DIRECTION ( 'NONE',  ( 2.837940853171939582E-17, 1.000000000000000000, -2.837940835035349443E-17 ) ) ;
#8816 = VERTEX_POINT ( 'NONE', #5099 ) ;
#8817 = AXIS2_PLACEMENT_3D ( 'NONE', #6055, #8850, #128 ) ;
#8818 = CARTESIAN_POINT ( 'NONE',  ( 0.002275882013659629756, 0.04699070047950899831, 0.04051077362830800277 ) ) ;
#8819 = AXIS2_PLACEMENT_3D ( 'NONE', #838, #3753, #5915 ) ;
#8820 = EDGE_CURVE ( 'NONE', #5832, #6260, #8066, .T. ) ;
#8821 = PLANE ( 'NONE',  #5443 ) ;
#8822 = ORIENTED_EDGE ( 'NONE', *, *, #1732, .T. ) ;
#8823 = DIRECTION ( 'NONE',  ( 5.979188663871559846E-17, 1.000000000000000000, -7.523851983841539456E-18 ) ) ;
#8824 = CARTESIAN_POINT ( 'NONE',  ( 0.07687835701946149625, 0.04016383102133082306, 0.1300730525084465572 ) ) ;
#8825 = ORIENTED_EDGE ( 'NONE', *, *, #4264, .F. ) ;
#8826 = VECTOR ( 'NONE', #1522, 1.000000000000000000 ) ;
#8827 = CARTESIAN_POINT ( 'NONE',  ( 0.08550060317164953627, 0.04849680042615992642, 0.09788124731634778586 ) ) ;
#8828 = CYLINDRICAL_SURFACE ( 'NONE', #8635, 0.004999999999999994033 ) ;
#8829 = CARTESIAN_POINT ( 'NONE',  ( 0.07493208271265809628, 0.04728566457157939995, 0.05774291523272200022 ) ) ;
#8830 = CARTESIAN_POINT ( 'NONE',  ( 0.07821601956413883061, 0.04827734896653897850, 0.06049535979115656242 ) ) ;
#8831 = CIRCLE ( 'NONE', #8383, 0.001700000000000003808 ) ;
#8832 = DIRECTION ( 'NONE',  ( 5.979188663871559846E-17, 1.000000000000000000, -7.523851983841539456E-18 ) ) ;
#8833 = VERTEX_POINT ( 'NONE', #5149 ) ;
#8834 = CARTESIAN_POINT ( 'NONE',  ( -0.002568851974046862299, 0.05200030881469380750, 0.1164622215114487491 ) ) ;
#8835 = CARTESIAN_POINT ( 'NONE',  ( -0.0008217673919934000279, 0.04950000073015689561, 0.05650500735590129747 ) ) ;
#8836 = EDGE_LOOP ( 'NONE', ( #3574, #959, #7420, #6116, #4076 ) ) ;
#8837 = CARTESIAN_POINT ( 'NONE',  ( 0.04049789010114753646, 0.09210757410786771238, 0.1418787582028687155 ) ) ;
#8838 = CARTESIAN_POINT ( 'NONE',  ( 0.06838004526952012885, 0.05199620726656062342, 0.04900278706024888825 ) ) ;
#8839 = ORIENTED_EDGE ( 'NONE', *, *, #2449, .F. ) ;
#8840 = CARTESIAN_POINT ( 'NONE',  ( 0.003842386251475240957, 0.05018558706995215196, 0.03939433641271293529 ) ) ;
#8841 = CARTESIAN_POINT ( 'NONE',  ( 0.1045387151979429996, 0.04180366319439639960, 0.1570694207258009900 ) ) ;
#8842 = ADVANCED_FACE ( 'NONE', ( #5280 ), #8021, .T. ) ;
#8843 = CARTESIAN_POINT ( 'NONE',  ( -0.006879632691762640334, 0.04010757410786770089, 0.1160664288199409894 ) ) ;
#8844 = ORIENTED_EDGE ( 'NONE', *, *, #1984, .F. ) ;
#8845 = EDGE_CURVE ( 'NONE', #7876, #385, #819, .T. ) ;
#8846 = DIRECTION ( 'NONE',  ( -0.7010108883734651464, -0.1310246636425636269, -0.7010108928534550810 ) ) ;
#8847 = EDGE_CURVE ( 'NONE', #3433, #7768, #2310, .T. ) ;
#8848 = CARTESIAN_POINT ( 'NONE',  ( 0.08670577217405589510, 0.04027594807459339982, 0.06938907168669360137 ) ) ;
#8849 = CARTESIAN_POINT ( 'NONE',  ( 0.005289013633003649892, 0.04721957596032489574, 0.05837314771927470253 ) ) ;
#8850 = DIRECTION ( 'NONE',  ( -5.949020934865869497E-17, -1.000000000000000000, 9.427517956571029115E-18 ) ) ;
#8851 = CARTESIAN_POINT ( 'NONE',  ( 0.08202030851459299332, 0.04950000073015689561, 0.06550393183355479598 ) ) ;
#8852 = DIRECTION ( 'NONE',  ( -5.979188663871559846E-17, -1.000000000000000000, 7.523851983841548700E-18 ) ) ;
#8853 = LINE ( 'NONE', #3103, #5347 ) ;
#8854 = ORIENTED_EDGE ( 'NONE', *, *, #3253, .T. ) ;
#8855 = EDGE_LOOP ( 'NONE', ( #7378, #8020, #2848, #2708 ) ) ;
#8856 = CARTESIAN_POINT ( 'NONE',  ( 0.006711923930810929917, 0.04722120145040190065, 0.05696763089239130495 ) ) ;
#8857 = ORIENTED_EDGE ( 'NONE', *, *, #86, .F. ) ;
#8858 = CARTESIAN_POINT ( 'NONE',  ( 0.06891485698710470009, 0.05200000073015659946, 0.04858569912944149527 ) ) ;
#8859 = DIRECTION ( 'NONE',  ( 5.979188663871559846E-17, 1.000000000000000000, -7.523851983841548700E-18 ) ) ;
#8860 = CARTESIAN_POINT ( 'NONE',  ( 0.08570023502003898397, 0.05416236591609258771, 0.09021376507433499781 ) ) ;
#8861 = EDGE_LOOP ( 'NONE', ( #8812, #112, #4494, #8381 ) ) ;
#8862 = DIRECTION ( 'NONE',  ( -0.7071067789270730763, -1.065814103640150239E-15, -0.7071067834460220691 ) ) ;
#8863 = DIRECTION ( 'NONE',  ( 0.7071067789270740755, 4.849461724124351973E-15, 0.7071067834460210699 ) ) ;
#8864 = VERTEX_POINT ( 'NONE', #8725 ) ;
#8865 = CARTESIAN_POINT ( 'NONE',  ( 0.01293587861810879987, 0.04431266660442360200, 0.1372631108144760081 ) ) ;
#8866 = CARTESIAN_POINT ( 'NONE',  ( 0.05450031589272309740, 0.07410757410786771027, 0.09795843748510280058 ) ) ;
#8867 = CARTESIAN_POINT ( 'NONE',  ( -0.002615942948673273625, 0.04010757410786769395, 0.06248900640566152492 ) ) ;
#8868 = EDGE_CURVE ( 'NONE', #8345, #6264, #3733, .T. ) ;
#8869 = DIRECTION ( 'NONE',  ( -5.979188663871559846E-17, -1.000000000000000000, 7.523851983841548700E-18 ) ) ;
#8870 = CARTESIAN_POINT ( 'NONE',  ( 0.07685061074567800521, 0.04205941433004777019, 0.03880682756994485033 ) ) ;
#8871 = ORIENTED_EDGE ( 'NONE', *, *, #5449, .T. ) ;
#8872 = DIRECTION ( 'NONE',  ( -0.005742101684087900365, 0.000000000000000000, 0.9999835139982307108 ) ) ;
#8873 = CARTESIAN_POINT ( 'NONE',  ( 0.08448650146932679128, 0.04412404529732330549, 0.1150309970709570001 ) ) ;
#8874 = DIRECTION ( 'NONE',  ( 5.451342570183209078E-17, 1.000000000000000000, -1.280231295445839883E-17 ) ) ;
#8875 = AXIS2_PLACEMENT_3D ( 'NONE', #517, #3340, #7623 ) ;
#8876 = ORIENTED_EDGE ( 'NONE', *, *, #5378, .F. ) ;
#8877 = CIRCLE ( 'NONE', #6319, 0.04900000000000002270 ) ;
#8878 = LINE ( 'NONE', #8837, #8057 ) ;
#8879 = CARTESIAN_POINT ( 'NONE',  ( 0.06891485698710470009, 0.05200000073015659946, 0.04858569912944149527 ) ) ;
#8880 = VERTEX_POINT ( 'NONE', #3207 ) ;
#8881 = B_SPLINE_SURFACE_WITH_KNOTS ( 'NONE', 3, 3, ( 
 ( #1742, #8904, #3250, #7627, #1881, #423 ),
 ( #5322, #6211, #6069, #6831, #8194, #5514 ),
 ( #1926, #6114, #9044, #3294, #5415, #7439 ),
 ( #991, #6733, #8291, #1833, #4713, #7581 ),
 ( #281, #6160, #3151, #7674, #9283, #5650 ) ),
 .UNSPECIFIED., .F., .F., .F.,
 ( 4, 1, 4 ),
 ( 4, 1, 1, 4 ),
 ( 0.000000000000000000, 0.5714285714285709528, 1.000000000000000000 ),
 ( -1.570796326794889897, -0.8596013689002859337, -0.6818026294266349430, -0.3262051504793340162 ),
 .UNSPECIFIED. ) ;
#8882 = APPROVAL_STATUS ( 'not_yet_approved' ) ;
#8883 = FACE_OUTER_BOUND ( 'NONE', #4272, .T. ) ;
#8884 = CARTESIAN_POINT ( 'NONE',  ( 0.04070460576177475226, 0.03610757410786769733, 0.1058793516989320060 ) ) ;
#8885 = VERTEX_POINT ( 'NONE', #6072 ) ;
#8886 = CARTESIAN_POINT ( 'NONE',  ( 0.07004342961979090343, 0.1166543397324600051, 0.05869465748025420176 ) ) ;
#8887 = CARTESIAN_POINT ( 'NONE',  ( 0.08549887408733669591, 0.04111215390362329969, 0.07112270578108059738 ) ) ;
#8888 = DIRECTION ( 'NONE',  ( -1.000000000000000000, 5.979188663871559846E-17, 0.000000000000000000 ) ) ;
#8889 = CARTESIAN_POINT ( 'NONE',  ( 0.01527123686213490046, 0.04463388175041320405, 0.04939678548398979824 ) ) ;
#8890 = CARTESIAN_POINT ( 'NONE',  ( 0.008336202998878827763, 0.04819162549591413797, 0.05549369511082223594 ) ) ;
#8891 = CIRCLE ( 'NONE', #6927, 0.04900000000000002270 ) ;
#8892 = FACE_OUTER_BOUND ( 'NONE', #7264, .T. ) ;
#8893 = CARTESIAN_POINT ( 'NONE',  ( 0.08971963350297558482, 0.04558513233751827071, 0.09529402987797160052 ) ) ;
#8894 = ORIENTED_EDGE ( 'NONE', *, *, #574, .T. ) ;
#8895 = ORIENTED_EDGE ( 'NONE', *, *, #1301, .T. ) ;
#8896 = VECTOR ( 'NONE', #4955, 1.000000000000000000 ) ;
#8897 = CARTESIAN_POINT ( 'NONE',  ( 0.008130408228304365423, 0.04793144250392027822, 0.05567363943267209653 ) ) ;
#8898 = CARTESIAN_POINT ( 'NONE',  ( 0.08386578893296499360, 0.04429449354551941165, 0.1166695003142272230 ) ) ;
#8899 = CARTESIAN_POINT ( 'NONE',  ( 0.07800102577665811443, 0.04011042991352826992, 0.1310977917520885494 ) ) ;
#8900 = AXIS2_PLACEMENT_3D ( 'NONE', #8076, #6174, #9059 ) ;
#8901 = B_SPLINE_CURVE_WITH_KNOTS ( 'NONE', 3,
 ( #3142, #3942, #1687, #7565, #1730, #1020 ),
 .UNSPECIFIED., .F., .F.,
 ( 4, 2, 4 ),
 ( 0.4954845253278042372, 0.7477422626639020908, 1.000000000000000000 ),
 .UNSPECIFIED. ) ;
#8902 = EDGE_CURVE ( 'NONE', #3998, #5537, #2320, .T. ) ;
#8903 = ADVANCED_FACE ( 'NONE', ( #1837 ), #5517, .T. ) ;
#8904 = CARTESIAN_POINT ( 'NONE',  ( -0.003923748008243850387, 0.04392224917804339601, 0.1201816119445830028 ) ) ;
#8905 = ORIENTED_EDGE ( 'NONE', *, *, #7924, .F. ) ;
#8906 = ORIENTED_EDGE ( 'NONE', *, *, #341, .F. ) ;
#8907 = DIRECTION ( 'NONE',  ( 5.898059818321139191E-17, 1.000000000000000000, 0.000000000000000000 ) ) ;
#8908 = AXIS2_PLACEMENT_3D ( 'NONE', #1665, #212, #8872 ) ;
#8909 = CARTESIAN_POINT ( 'NONE',  ( 0.004707974243803677954, 0.04205927197200273054, 0.1469523826793685539 ) ) ;
#8910 = ORIENTED_EDGE ( 'NONE', *, *, #7425, .F. ) ;
#8911 = CIRCLE ( 'NONE', #1087, 0.05250000000000001887 ) ;
#8912 = CARTESIAN_POINT ( 'NONE',  ( 0.08558109531667633385, 0.04704616521759182046, 0.09710196756347660996 ) ) ;
#8913 = LINE ( 'NONE', #8202, #5773 ) ;
#8914 = CARTESIAN_POINT ( 'NONE',  ( 0.08482433840676779913, 0.04479132058499209895, 0.1203844810059310072 ) ) ;
#8915 = DIRECTION ( 'NONE',  ( 0.005742101684089277736, 0.000000000000000000, -0.9999835139982307108 ) ) ;
#8916 = CARTESIAN_POINT ( 'NONE',  ( 0.07392127876653215024, 0.04736785106798237915, 0.1289730851949035806 ) ) ;
#8917 = VECTOR ( 'NONE', #6355, 1.000000000000000000 ) ;
#8918 = EDGE_LOOP ( 'NONE', ( #9201, #7640, #6954, #1603, #3241, #8040 ) ) ;
#8919 = CARTESIAN_POINT ( 'NONE',  ( -0.002581102000125695944, 0.05200007518369707815, 0.1177463526258949317 ) ) ;
#8920 = EDGE_CURVE ( 'NONE', #3347, #4281, #8261, .T. ) ;
#8921 = CARTESIAN_POINT ( 'NONE',  ( 0.01852996626156179841, 0.04419829269499839924, 0.04921813584449120232 ) ) ;
#8922 = DIRECTION ( 'NONE',  ( -6.843126814249700401E-15, 1.000000000000000000, 0.000000000000000000 ) ) ;
#8923 = EDGE_CURVE ( 'NONE', #4664, #3769, #7630, .T. ) ;
#8924 = CARTESIAN_POINT ( 'NONE',  ( -0.0004618023472570880286, 0.04410757410786769750, 0.1202552002003560022 ) ) ;
#8925 = EDGE_CURVE ( 'NONE', #8644, #5832, #5467, .T. ) ;
#8926 = CARTESIAN_POINT ( 'NONE',  ( 0.01286335158741229966, 0.04421009789430180303, 0.1373356378447089798 ) ) ;
#8927 = CARTESIAN_POINT ( 'NONE',  ( 0.06613771230081295915, 0.05200010656497978945, 0.04982481334592684524 ) ) ;
#8928 = EDGE_LOOP ( 'NONE', ( #8680, #3168, #3001, #1951 ) ) ;
#8929 = LINE ( 'NONE', #2658, #6195 ) ;
#8930 = CYLINDRICAL_SURFACE ( 'NONE', #3169, 0.04500000000000001915 ) ;
#8931 = LINE ( 'NONE', #8884, #7970 ) ;
#8932 = ORIENTED_EDGE ( 'NONE', *, *, #788, .T. ) ;
#8933 = DIRECTION ( 'NONE',  ( -4.027934139806210305E-16, 1.000000000000000000, -1.018010760859769879E-17 ) ) ;
#8934 = CARTESIAN_POINT ( 'NONE',  ( 0.06833767870933570021, 0.05200000073014460211, 0.1374729234291370006 ) ) ;
#8935 = CARTESIAN_POINT ( 'NONE',  ( 0.04077925308366790041, 0.04010757410786770089, 0.09287956601695539216 ) ) ;
#8936 = DIRECTION ( 'NONE',  ( 0.6902684921683039931, -0.2169304578186490029, -0.6902684877569650324 ) ) ;
#8937 = CARTESIAN_POINT ( 'NONE',  ( 0.01343529959138489889, 0.04421858041049939875, 0.04813465736012029900 ) ) ;
#8938 = DIRECTION ( 'NONE',  ( 0.005742101684089199673, 0.000000000000000000, -0.9999835139982305998 ) ) ;
#8939 = ORIENTED_EDGE ( 'NONE', *, *, #8256, .F. ) ;
#8940 = CYLINDRICAL_SURFACE ( 'NONE', #6633, 0.001699999999999989931 ) ;
#8941 = CARTESIAN_POINT ( 'NONE',  ( -0.002495107211484879836, 0.04010757410786770089, 0.1413803880826199899 ) ) ;
#8942 = CARTESIAN_POINT ( 'NONE',  ( 0.08977488862417414006, 0.04510757410786768451, 0.09377987643307461596 ) ) ;
#8943 = ORIENTED_EDGE ( 'NONE', *, *, #696, .F. ) ;
#8944 = ORIENTED_EDGE ( 'NONE', *, *, #5133, .F. ) ;
#8945 = DIRECTION ( 'NONE',  ( 0.7071067834460215140, -4.759941537868956520E-17, -0.7071067789270735204 ) ) ;
#8946 = CARTESIAN_POINT ( 'NONE',  ( 0.08417082224133438928, 0.04419356769172799737, 0.1156508134539580013 ) ) ;
#8947 = CARTESIAN_POINT ( 'NONE',  ( 0.08537261049584911332, 0.05200000073014460211, 0.06532114039128759930 ) ) ;
#8948 = CARTESIAN_POINT ( 'NONE',  ( 0.08568067891956118731, 0.05430213995893924672, 0.09585668101457467394 ) ) ;
#8949 = ORIENTED_EDGE ( 'NONE', *, *, #117, .T. ) ;
#8950 = ORIENTED_EDGE ( 'NONE', *, *, #4891, .T. ) ;
#8951 = ADVANCED_FACE ( 'NONE', ( #8952 ), #387, .F. ) ;
#8952 = FACE_OUTER_BOUND ( 'NONE', #5087, .T. ) ;
#8953 = EDGE_CURVE ( 'NONE', #2052, #8769, #3875, .T. ) ;
#8954 = CARTESIAN_POINT ( 'NONE',  ( 0.05195442029425489938, 0.03610757410786769733, 0.1059439503428780127 ) ) ;
#8955 = ORIENTED_EDGE ( 'NONE', *, *, #1467, .F. ) ;
#8956 = CARTESIAN_POINT ( 'NONE',  ( 0.08571212378541202825, 0.04561428799831556552, 0.09535534067812401204 ) ) ;
#8957 = EDGE_CURVE ( 'NONE', #3896, #4763, #2194, .T. ) ;
#8958 = AXIS2_PLACEMENT_3D ( 'NONE', #5941, #8832, #4537 ) ;
#8959 = CARTESIAN_POINT ( 'NONE',  ( 0.08558522887862370088, 0.05061387553500309999, 0.06547454538694190418 ) ) ;
#8960 = CARTESIAN_POINT ( 'NONE',  ( 0.08548225417557969719, 0.04392224917804329887, 0.06557752008932790644 ) ) ;
#8961 = CARTESIAN_POINT ( 'NONE',  ( -0.01010851941103000154, 0.04432088081784599926, 0.03590454674237889693 ) ) ;
#8962 = LINE ( 'NONE', #5381, #4752 ) ;
#8963 = ORIENTED_EDGE ( 'NONE', *, *, #8207, .T. ) ;
#8964 = LINE ( 'NONE', #2603, #1688 ) ;
#8965 = AXIS2_PLACEMENT_3D ( 'NONE', #2663, #2007, #1114 ) ;
#8966 = CARTESIAN_POINT ( 'NONE',  ( 0.08453244279312140119, 0.04410757410786769750, 0.1149401361286670059 ) ) ;
#8967 = EDGE_CURVE ( 'NONE', #190, #9238, #1336, .T. ) ;
#8968 = DIRECTION ( 'NONE',  ( 5.979188663871559846E-17, 1.000000000000000000, -7.523851983841539456E-18 ) ) ;
#8969 = CARTESIAN_POINT ( 'NONE',  ( 0.004732358311673905311, 0.04011129225497310491, 0.1308092608464789530 ) ) ;
#8970 = CARTESIAN_POINT ( 'NONE',  ( 0.07712156452212309832, 0.04950000073015689561, 0.1430872987602390123 ) ) ;
#8971 = CARTESIAN_POINT ( 'NONE',  ( 0.06570719459443299937, 0.04035255481984920123, 0.04652661213476860097 ) ) ;
#8972 = VERTEX_POINT ( 'NONE', #7485 ) ;
#8973 = B_SPLINE_CURVE_WITH_KNOTS ( 'NONE', 3,
 ( #8158, #8959, #954, #204 ),
 .UNSPECIFIED., .F., .F.,
 ( 4, 4 ),
 ( 0.000000000000000000, 1.000000000000000000 ),
 .UNSPECIFIED. ) ;
#8974 = CARTESIAN_POINT ( 'NONE',  ( 0.07975745936208429587, 0.04950000073015689561, 0.1448959041744730114 ) ) ;
#8975 = ADVANCED_FACE ( 'NONE', ( #1037 ), #1789, .F. ) ;
#8976 = CARTESIAN_POINT ( 'NONE',  ( 0.08273957102494547411, 0.04145169905676650973, 0.06478466932779899934 ) ) ;
#8977 = CARTESIAN_POINT ( 'NONE',  ( 0.07899414434741540425, 0.04011046516494490982, 0.05565571705821895782 ) ) ;
#8978 = ADVANCED_FACE ( 'NONE', ( #3254 ), #333, .F. ) ;
#8979 = VERTEX_POINT ( 'NONE', #4188 ) ;
#8980 = CARTESIAN_POINT ( 'NONE',  ( -0.002693983117253782693, 0.04452476943843503704, 0.1176255860107937867 ) ) ;
#8981 = CARTESIAN_POINT ( 'NONE',  ( 0.07596217030154944760, 0.04157203745078008605, 0.1475345043770630860 ) ) ;
#8982 = PLANE ( 'NONE',  #2858 ) ;
#8983 = CARTESIAN_POINT ( 'NONE',  ( -0.002040649832705440040, 0.05157657778532900167, 0.06736308108450750343 ) ) ;
#8984 = CARTESIAN_POINT ( 'NONE',  ( 0.01854115668808260092, 0.04985783708471699938, 0.1365426748011530078 ) ) ;
#8985 = CARTESIAN_POINT ( 'NONE',  ( 0.01603327186178918340, 0.04990270080212091952, 0.04940664338302707542 ) ) ;
#8986 = ORIENTED_EDGE ( 'NONE', *, *, #5350, .F. ) ;
#8987 = CARTESIAN_POINT ( 'NONE',  ( 0.007823682817046710009, 0.04811256254797009746, 0.1298143788561389178 ) ) ;
#8988 = CARTESIAN_POINT ( 'NONE',  ( -0.005197516605339340401, 0.04053754202716920024, 0.06752311803209058716 ) ) ;
#8989 = EDGE_CURVE ( 'NONE', #8298, #1736, #6508, .T. ) ;
#8990 = DIRECTION ( 'NONE',  ( 0.7071067789270730763, -7.391816318331350924E-17, 0.7071067834460220691 ) ) ;
#8991 = CARTESIAN_POINT ( 'NONE',  ( 0.08970688909318400017, 0.04570654083994241113, 0.09553750112312563159 ) ) ;
#8992 = ORIENTED_EDGE ( 'NONE', *, *, #4412, .F. ) ;
#8993 = VERTEX_POINT ( 'NONE', #7019 ) ;
#8994 = CARTESIAN_POINT ( 'NONE',  ( 0.07507317394155810231, 0.04010757410786770089, 0.08305766804609830689 ) ) ;
#8995 = LINE ( 'NONE', #519, #8779 ) ;
#8996 = CARTESIAN_POINT ( 'NONE',  ( 0.06621680346533968808, 0.04454410553329727490, 0.04967562296471625394 ) ) ;
#8997 = CARTESIAN_POINT ( 'NONE',  ( 0.08559532606025264945, 0.05335268648220159449, 0.09694621884449594607 ) ) ;
#8998 = ORIENTED_EDGE ( 'NONE', *, *, #785, .T. ) ;
#8999 = VERTEX_POINT ( 'NONE', #3444 ) ;
#9000 = CARTESIAN_POINT ( 'NONE',  ( 0.004014535451113095295, 0.04749890412947628537, 0.1260228366592810734 ) ) ;
#9001 = CARTESIAN_POINT ( 'NONE',  ( 0.07644276473563114960, 0.04011827321067542446, 0.1310084400596435994 ) ) ;
#9002 = VERTEX_POINT ( 'NONE', #4284 ) ;
#9003 = CARTESIAN_POINT ( 'NONE',  ( 0.08547486661377463879, 0.04954785920141632077, 0.09810471618549157502 ) ) ;
#9004 = ADVANCED_FACE ( 'NONE', ( #2784 ), #7108, .T. ) ;
#9005 = LINE ( 'NONE', #3829, #3820 ) ;
#9006 = EDGE_CURVE ( 'NONE', #9135, #8547, #6357, .T. ) ;
#9007 = FACE_OUTER_BOUND ( 'NONE', #646, .T. ) ;
#9008 = DIRECTION ( 'NONE',  ( 5.979188663871559846E-17, 1.000000000000000000, -7.523851983841539456E-18 ) ) ;
#9009 = LINE ( 'NONE', #4859, #3700 ) ;
#9010 = EDGE_CURVE ( 'NONE', #5570, #6322, #4329, .T. ) ;
#9011 = ORIENTED_EDGE ( 'NONE', *, *, #5291, .F. ) ;
#9012 = CARTESIAN_POINT ( 'NONE',  ( 0.01759239028068269872, 0.04010757410786770089, 0.04522068024152479937 ) ) ;
#9013 = FACE_OUTER_BOUND ( 'NONE', #7190, .T. ) ;
#9014 = CARTESIAN_POINT ( 'NONE',  ( 0.05210371493804120263, 0.1166543397324600051, 0.07994437897892439637 ) ) ;
#9015 = CARTESIAN_POINT ( 'NONE',  ( 0.07373892415587428306, 0.04810701337902398289, 0.05594841260844683056 ) ) ;
#9016 = CARTESIAN_POINT ( 'NONE',  ( 0.06461339608009522562, 0.05200019877372136223, 0.04977696030780252162 ) ) ;
#9017 = CARTESIAN_POINT ( 'NONE',  ( 0.01701624330705900009, 0.04010757410786770089, 0.1402538139408729956 ) ) ;
#9018 = CARTESIAN_POINT ( 'NONE',  ( 0.09278124003742629911, 0.04010757410786770089, 0.1318769166046699914 ) ) ;
#9019 = CARTESIAN_POINT ( 'NONE',  ( 0.07829142269627634154, 0.04010780194782987557, 0.05478730546529554657 ) ) ;
#9020 = EDGE_LOOP ( 'NONE', ( #2828, #20, #2806, #5862 ) ) ;
#9021 = CIRCLE ( 'NONE', #6004, 0.04500000000000002609 ) ;
#9022 = CARTESIAN_POINT ( 'NONE',  ( -0.004091378267937130497, 0.04990270069763820537, 0.1203492422032050035 ) ) ;
#9023 = CARTESIAN_POINT ( 'NONE',  ( 0.008711991330768820846, 0.04010757410786770089, 0.03634028123485849582 ) ) ;
#9024 = CARTESIAN_POINT ( 'NONE',  ( 0.04085390040556109714, 0.07410757410786771027, 0.07987978033497838970 ) ) ;
#9025 = LINE ( 'NONE', #1167, #7508 ) ;
#9026 = DIRECTION ( 'NONE',  ( 5.979188663871559846E-17, 1.000000000000000000, -7.523851983841539456E-18 ) ) ;
#9027 = CARTESIAN_POINT ( 'NONE',  ( 0.008631251420590742296, 0.04871915554135444054, 0.05523976401057217878 ) ) ;
#9028 = VERTEX_POINT ( 'NONE', #1366 ) ;
#9029 = CARTESIAN_POINT ( 'NONE',  ( 0.003620069455934957388, 0.04912358331232447028, 0.1462105680019399889 ) ) ;
#9030 = CARTESIAN_POINT ( 'NONE',  ( -0.002454743519140420004, 0.04320671181744199785, 0.06970737644745010619 ) ) ;
#9031 = CARTESIAN_POINT ( 'NONE',  ( 0.08311774404505296865, 0.04062938631827158614, 0.1222134205505402693 ) ) ;
#9032 = B_SPLINE_SURFACE_WITH_KNOTS ( 'NONE', 3, 3, ( 
 ( #7105, #5604, #5736, #6360 ),
 ( #4800, #7058, #9187, #7724 ),
 ( #8615, #1224, #616, #9237 ),
 ( #1317, #666, #4100, #8527 ),
 ( #6969, #2827, #4939, #1273 ) ),
 .UNSPECIFIED., .F., .F., .F.,
 ( 4, 1, 4 ),
 ( 4, 4 ),
 ( 0.000000000000000000, 0.5714285714285709528, 1.000000000000000000 ),
 ( 5.997966787734200394E-18, 0.03441153907662249795 ),
 .UNSPECIFIED. ) ;
#9033 = CARTESIAN_POINT ( 'NONE',  ( 0.07709928872976977432, 0.04379495738625042295, 0.1467860737699806517 ) ) ;
#9034 = EDGE_LOOP ( 'NONE', ( #1764, #5125, #1627, #4978 ) ) ;
#9035 = EDGE_LOOP ( 'NONE', ( #4407, #8196, #5610, #3295 ) ) ;
#9036 = EDGE_CURVE ( 'NONE', #7064, #9296, #4702, .T. ) ;
#9037 = CARTESIAN_POINT ( 'NONE',  ( 0.01799869742430640004, 0.04990270069763820537, 0.04948081858065260519 ) ) ;
#9038 = AXIS2_PLACEMENT_3D ( 'NONE', #7094, #5075, #2905 ) ;
#9039 = PLANE ( 'NONE',  #8326 ) ;
#9040 = EDGE_CURVE ( 'NONE', #7493, #3817, #1971, .T. ) ;
#9041 = CARTESIAN_POINT ( 'NONE',  ( 0.07784765241681676495, 0.04010757410786770089, 0.1314103366895431335 ) ) ;
#9042 = B_SPLINE_CURVE_WITH_KNOTS ( 'NONE', 3,
 ( #7807, #2066, #5827, #2913, #3616 ),
 .UNSPECIFIED., .F., .F.,
 ( 4, 1, 4 ),
 ( 0.000000000000000000, 0.4285714285714290472, 1.000000000000000000 ),
 .UNSPECIFIED. ) ;
#9043 = VECTOR ( 'NONE', #4189, 1.000000000000000000 ) ;
#9044 = CARTESIAN_POINT ( 'NONE',  ( -0.003050711891447910069, 0.04354237493262939906, 0.1190288700717809928 ) ) ;
#9045 = ORIENTED_EDGE ( 'NONE', *, *, #4232, .T. ) ;
#9047 = ORIENTED_EDGE ( 'NONE', *, *, #7530, .T. ) ;
#9046 = VECTOR ( 'NONE', #8869, 1.000000000000000000 ) ;
#9048 = CARTESIAN_POINT ( 'NONE',  ( 0.01595813005759300074, 0.04056116704352160512, 0.04664629962408640279 ) ) ;
#9049 = CARTESIAN_POINT ( 'NONE',  ( 0.08417508881579985336, 0.04443069476513861193, 0.06872135394998983571 ) ) ;
#9050 = EDGE_LOOP ( 'NONE', ( #7038, #116, #8320, #2662 ) ) ;
#9051 = CARTESIAN_POINT ( 'NONE',  ( 0.08567617437631382116, 0.04634673182626508625, 0.08982710073107214033 ) ) ;
#9052 = VECTOR ( 'NONE', #5575, 1.000000000000000000 ) ;
#9053 = DIRECTION ( 'NONE',  ( 1.000000000000000000, -5.979188663871559846E-17, 0.000000000000000000 ) ) ;
#9054 = DIRECTION ( 'NONE',  ( 0.005742101684089277736, 0.000000000000000000, -0.9999835139982307108 ) ) ;
#9055 = CARTESIAN_POINT ( 'NONE',  ( -0.006522795074375429929, 0.04010757410786770089, 0.1164762299597150025 ) ) ;
#9056 = CIRCLE ( 'NONE', #8304, 0.001299999999999997555 ) ;
#9057 = LINE ( 'NONE', #6841, #7756 ) ;
#9058 = VERTEX_POINT ( 'NONE', #3380 ) ;
#9059 = DIRECTION ( 'NONE',  ( -0.3915347691463997304, 0.6902684899626329029, -0.6084652301604276392 ) ) ;
#9060 = CIRCLE ( 'NONE', #4997, 0.05349999999999999895 ) ;
#9061 = DIRECTION ( 'NONE',  ( 0.005742101684089277736, 0.000000000000000000, -0.9999835139982307108 ) ) ;
#9062 = CARTESIAN_POINT ( 'NONE',  ( 0.08100219378602607767, 0.04950000073015689561, 0.1278760448958995433 ) ) ;
#9063 = FACE_OUTER_BOUND ( 'NONE', #4907, .T. ) ;
#9064 = CIRCLE ( 'NONE', #1092, 0.001699999999999989931 ) ;
#9065 = CARTESIAN_POINT ( 'NONE',  ( 0.07772095503628229096, 0.04010757410786770089, 0.03939769379052519838 ) ) ;
#9066 = CARTESIAN_POINT ( 'NONE',  ( 0.002971363375972761907, 0.04011019515743274866, 0.05523302748525084349 ) ) ;
#9067 = CARTESIAN_POINT ( 'NONE',  ( 0.07373245082096083203, 0.04811594320718425716, 0.05594263654425959964 ) ) ;
#9068 = VECTOR ( 'NONE', #730, 1.000000000000000000 ) ;
#9069 = DIRECTION ( 'NONE',  ( 0.000000000000000000, 0.000000000000000000, -1.000000000000000000 ) ) ;
#9070 = CARTESIAN_POINT ( 'NONE',  ( 0.07840098790912825022, 0.04010976706750380566, 0.05502790383082413472 ) ) ;
#9071 = EDGE_LOOP ( 'NONE', ( #2578, #6373, #8943, #4941, #7676 ) ) ;
#9072 = CARTESIAN_POINT ( 'NONE',  ( -0.003226616875677539888, 0.05208060573872559662, 0.1198108144050040041 ) ) ;
#9073 = CARTESIAN_POINT ( 'NONE',  ( 0.07662498687662860908, 0.04760757410786779775, 0.04049366194317479545 ) ) ;
#9074 = VECTOR ( 'NONE', #8058, 1.000000000000000000 ) ;
#9075 = EDGE_CURVE ( 'NONE', #3544, #7262, #3350, .T. ) ;
#9076 = CARTESIAN_POINT ( 'NONE',  ( 0.06356166851396780060, 0.04090532952244919918, 0.04841477500670100104 ) ) ;
#9077 = EDGE_CURVE ( 'NONE', #2019, #8880, #5544, .T. ) ;
#9078 = CARTESIAN_POINT ( 'NONE',  ( 0.06567142301391354353, 0.04454879582147602823, 0.1363765444658445736 ) ) ;
#9079 = VERTEX_POINT ( 'NONE', #6866 ) ;
#9080 = CARTESIAN_POINT ( 'NONE',  ( -0.0009252566709767799484, 0.07410757410786771027, 0.1097832302979550034 ) ) ;
#9081 = CARTESIAN_POINT ( 'NONE',  ( -0.002612316073998470056, 0.04419356769172799737, 0.07010831857995290795 ) ) ;
#9082 = CARTESIAN_POINT ( 'NONE',  ( -0.003730586553502414186, 0.05200000073015689089, 0.1203444594756449965 ) ) ;
#9083 = CARTESIAN_POINT ( 'NONE',  ( 0.08820607104799420284, 0.04743424316138779989, 0.04022628630865429655 ) ) ;
#9084 = ORIENTED_EDGE ( 'NONE', *, *, #318, .F. ) ;
#9085 = ORIENTED_EDGE ( 'NONE', *, *, #3022, .T. ) ;
#9086 = DIRECTION ( 'NONE',  ( 5.721181177022580291E-17, 1.000000000000000000, -1.013639362995907824E-17 ) ) ;
#9087 = CARTESIAN_POINT ( 'NONE',  ( 0.07789046535063955112, 0.04010850661583850035, 0.1312777579278734952 ) ) ;
#9088 = DATE_TIME_ROLE ( 'classification_date' ) ;
#9089 = EDGE_CURVE ( 'NONE', #8629, #3192, #1212, .T. ) ;
#9090 = B_SPLINE_CURVE_WITH_KNOTS ( 'NONE', 3,
 ( #8971, #1292, #6988, #6379, #1945 ),
 .UNSPECIFIED., .F., .F.,
 ( 4, 1, 4 ),
 ( 0.000000000000000000, 0.4285714285714290472, 1.000000000000000000 ),
 .UNSPECIFIED. ) ;
#9091 = EDGE_CURVE ( 'NONE', #3952, #3442, #1647, .T. ) ;
#9092 = CARTESIAN_POINT ( 'NONE',  ( 0.08569217213253711718, 0.05441349594625093794, 0.09567932436322336420 ) ) ;
#9093 = ORIENTED_EDGE ( 'NONE', *, *, #2117, .T. ) ;
#9094 = VERTEX_POINT ( 'NONE', #6906 ) ;
#9095 = ADVANCED_FACE ( 'NONE', ( #1821 ), #6038, .T. ) ;
#9096 = CARTESIAN_POINT ( 'NONE',  ( -0.003174602392630150073, 0.04950000073015689561, 0.06193034695813440238 ) ) ;
#9097 = DIRECTION ( 'NONE',  ( -0.6084652276582217523, 0.6902684899626361226, -0.3915347730349507671 ) ) ;
#9098 = ORIENTED_EDGE ( 'NONE', *, *, #5263, .T. ) ;
#9099 = CARTESIAN_POINT ( 'NONE',  ( 0.08577740210332739090, 0.04515395560772478972, 0.09245779327190847829 ) ) ;
#9100 = B_SPLINE_CURVE_WITH_KNOTS ( 'NONE', 3,
 ( #4703, #3335, #4607, #6106, #5314 ),
 .UNSPECIFIED., .F., .F.,
 ( 4, 1, 4 ),
 ( 0.000000000000000000, 0.4285714285714313232, 0.5000186718825287979 ),
 .UNSPECIFIED. ) ;
#9101 = DIRECTION ( 'NONE',  ( 5.979188663871559846E-17, 1.000000000000000000, -7.523851983841548700E-18 ) ) ;
#9102 = CARTESIAN_POINT ( 'NONE',  ( 0.08449616802820829331, 0.04362237207092960201, 0.1198180561649890008 ) ) ;
#9103 = CARTESIAN_POINT ( 'NONE',  ( 0.003165752343389630075, 0.04760757410786779775, 0.1434977031321210128 ) ) ;
#9104 = CARTESIAN_POINT ( 'NONE',  ( 0.09522109297018316321, 0.04199486426347807250, 0.05736760651157047503 ) ) ;
#9105 = ORIENTED_EDGE ( 'NONE', *, *, #7139, .F. ) ;
#9106 = CARTESIAN_POINT ( 'NONE',  ( 0.06306601323030286421, 0.05129271161374959059, 0.04924098090915676740 ) ) ;
#9107 = LINE ( 'NONE', #2465, #6638 ) ;
#9108 = CONICAL_SURFACE ( 'NONE', #6550, 0.003149999999999997420, 0.7853981633974476129 ) ;
#9109 = CARTESIAN_POINT ( 'NONE',  ( 0.002112336620557649786, 0.04010757410786770089, 0.05376601885954650217 ) ) ;
#9110 = CARTESIAN_POINT ( 'NONE',  ( 0.002130424240862531429, 0.04010757410786770089, 0.05061607079045207791 ) ) ;
#9111 = DIRECTION ( 'NONE',  ( -5.979188663871559846E-17, -1.000000000000000000, 7.523851983841548700E-18 ) ) ;
#9112 = CARTESIAN_POINT ( 'NONE',  ( -0.01158953930497940051, 0.04010757410786770089, 0.1313829370869639968 ) ) ;
#9113 = B_SPLINE_SURFACE_WITH_KNOTS ( 'NONE', 3, 3, ( 
 ( #7029, #3636, #9297, #5755 ),
 ( #5703, #5621, #54, #584 ),
 ( #8539, #6323, #2081, #4908 ),
 ( #7737, #680, #770, #8495 ),
 ( #7167, #9252, #2794, #1472 ) ),
 .UNSPECIFIED., .F., .F., .F.,
 ( 4, 1, 4 ),
 ( 4, 4 ),
 ( 0.000000000000000000, 0.5714285714285709528, 1.000000000000000000 ),
 ( 4.933250379840659505, 5.277353295163309532 ),
 .UNSPECIFIED. ) ;
#9114 = CARTESIAN_POINT ( 'NONE',  ( 0.07316406991893084633, 0.04938881185013562630, 0.05544303990295366275 ) ) ;
#9115 = AXIS2_PLACEMENT_3D ( 'NONE', #6533, #795, #8605 ) ;
#9116 = DIRECTION ( 'NONE',  ( 5.979188663871559846E-17, 1.000000000000000000, -7.523851983841539456E-18 ) ) ;
#9117 = FACE_OUTER_BOUND ( 'NONE', #1010, .T. ) ;
#9118 = ORIENTED_EDGE ( 'NONE', *, *, #7128, .F. ) ;
#9119 = VERTEX_POINT ( 'NONE', #4700 ) ;
#9120 = CARTESIAN_POINT ( 'NONE',  ( 0.07944616954677830023, 0.03610757410786769733, 0.1319931131743639907 ) ) ;
#9121 = B_SPLINE_CURVE_WITH_KNOTS ( 'NONE', 3,
 ( #7362, #8734, #3874, #7978, #3740, #154, #4449, #6610, #4402, #7451, #6744, #956, #2331, #7273, #3121, #8685, #2231 ),
 .UNSPECIFIED., .F., .F.,
 ( 4, 2, 2, 2, 1, 1, 1, 2, 2, 4 ),
 ( 0.000000000000000000, 0.1006603598427037866, 0.2013207196854075731, 0.2044663559304916167, 0.2076119921755756881, 0.2139032646657348657, 0.2264858096460461157, 0.2516508996066662007, 0.3019810795278994875, 0.4026414393703787731 ),
 .UNSPECIFIED. ) ;
#9122 = VECTOR ( 'NONE', #4021, 1.000000000000000000 ) ;
#9123 = CARTESIAN_POINT ( 'NONE',  ( 0.04077925308366790041, 0.04950000073015689561, 0.09287956601695539216 ) ) ;
#9124 = CARTESIAN_POINT ( 'NONE',  ( -0.002340776447467560108, 0.04985783708471699938, 0.06957516753853580649 ) ) ;
#9125 = DIRECTION ( 'NONE',  ( -0.1793001811598410877, 0.000000000000000000, 0.9837944119764293616 ) ) ;
#9126 = CARTESIAN_POINT ( 'NONE',  ( 0.05195442029425489938, 0.1166543397324600051, 0.1059439503428780127 ) ) ;
#9127 = ORIENTED_EDGE ( 'NONE', *, *, #7054, .F. ) ;
#9128 = EDGE_CURVE ( 'NONE', #6162, #5370, #7552, .T. ) ;
#9129 = CARTESIAN_POINT ( 'NONE',  ( 0.04077925308366790041, 0.04010757410786770089, 0.09287956601695539216 ) ) ;
#9130 = EDGE_CURVE ( 'NONE', #1126, #4917, #8614, .T. ) ;
#9131 = DIRECTION ( 'NONE',  ( 0.7010108883734651464, 0.1310246636425640432, 0.7010108928534550810 ) ) ;
#9132 = B_SPLINE_SURFACE_WITH_KNOTS ( 'NONE', 3, 3, ( 
 ( #6143, #506, #2524, #1816 ),
 ( #3375, #5497, #4788, #4645 ),
 ( #7512, #1070, #9076, #3941 ),
 ( #3328, #6101, #367, #6241 ),
 ( #7564, #1118, #3989, #6194 ) ),
 .UNSPECIFIED., .F., .F., .F.,
 ( 4, 1, 4 ),
 ( 4, 4 ),
 ( 0.000000000000000000, 0.5714285714285709528, 1.000000000000000000 ),
 ( 5.071162204702709458E-17, 0.03303332443841840160 ),
 .UNSPECIFIED. ) ;
#9133 = CARTESIAN_POINT ( 'NONE',  ( 0.08808130124171059672, 0.04010757410786770089, 0.06928290207419458835 ) ) ;
#9134 = CARTESIAN_POINT ( 'NONE',  ( 0.001675467499124172043, 0.03610757410786769733, 0.1298465105062690250 ) ) ;
#9135 = VERTEX_POINT ( 'NONE', #7663 ) ;
#9136 = ORIENTED_EDGE ( 'NONE', *, *, #2741, .T. ) ;
#9137 = VECTOR ( 'NONE', #2901, 1.000000000000000000 ) ;
#9138 = EDGE_CURVE ( 'NONE', #717, #8724, #5898, .T. ) ;
#9139 = CARTESIAN_POINT ( 'NONE',  ( 0.01662223518704120107, 0.04010757410786770089, 0.1399088597617410001 ) ) ;
#9140 = CARTESIAN_POINT ( 'NONE',  ( 0.07944616954678039578, 0.04010757410786770089, 0.1319931131743619923 ) ) ;
#9141 = CARTESIAN_POINT ( 'NONE',  ( -0.03615908918903509850, 0.04223434633125560528, 0.01409661749856709959 ) ) ;
#9142 = CARTESIAN_POINT ( 'NONE',  ( 0.08548225417557969719, 0.04392224917804329887, 0.06557752008932790644 ) ) ;
#9143 = ORIENTED_EDGE ( 'NONE', *, *, #5847, .F. ) ;
#9144 = EDGE_LOOP ( 'NONE', ( #5968, #6203, #8765, #7387 ) ) ;
#9145 = CARTESIAN_POINT ( 'NONE',  ( 0.007548012133018633212, 0.04779294570382017909, 0.1295664112653250599 ) ) ;
#9146 = CARTESIAN_POINT ( 'NONE',  ( -0.01387568527643797019, 0.04157203745077789336, 0.1280624832348397635 ) ) ;
#9147 = ORIENTED_EDGE ( 'NONE', *, *, #7510, .F. ) ;
#9148 = CARTESIAN_POINT ( 'NONE',  ( 0.08559439616842293153, 0.04759820468937259880, 0.08880050646897923172 ) ) ;
#9149 = CARTESIAN_POINT ( 'NONE',  ( 0.04077925308366790041, 0.04010757410786770089, 0.09287956601695539216 ) ) ;
#9150 = FACE_OUTER_BOUND ( 'NONE', #275, .T. ) ;
#9151 = CARTESIAN_POINT ( 'NONE',  ( -0.003940307524573060001, 0.04111206470997710166, 0.1146363968694219942 ) ) ;
#9152 = CARTESIAN_POINT ( 'NONE',  ( 0.07720971485251039435, 0.04708659746632420234, 0.1467109830084199762 ) ) ;
#9153 =( BOUNDED_CURVE ( )  B_SPLINE_CURVE ( 3, ( #353, #537, #9062, #6892 ),
 .UNSPECIFIED., .F., .F. ) 
 B_SPLINE_CURVE_WITH_KNOTS ( ( 4, 4 ),
 ( 1.316133059729791999, 1.570796326794899889 ),
 .UNSPECIFIED. ) 
 CURVE ( )  GEOMETRIC_REPRESENTATION_ITEM ( )  RATIONAL_B_SPLINE_CURVE ( ( 1.000000000000000000, 0.9946028497708048199, 0.9946028497708048199, 1.000000000000000000 ) ) 
 REPRESENTATION_ITEM ( '' )  );
#9154 = EDGE_LOOP ( 'NONE', ( #5857, #2786, #1405, #1279 ) ) ;
#9155 = PLANE ( 'NONE',  #8454 ) ;
#9156 = CARTESIAN_POINT ( 'NONE',  ( 0.06763287690274340236, 0.05199513892123692332, 0.1369426904535134271 ) ) ;
#9157 = CARTESIAN_POINT ( 'NONE',  ( 0.004506821311949810865, 0.04014180039790779531, 0.1301086359159493167 ) ) ;
#9158 = DIRECTION ( 'NONE',  ( 0.005742101684089249113, -7.867059038567468492E-18, -0.9999835139982308219 ) ) ;
#9159 = DIRECTION ( 'NONE',  ( 0.000000000000000000, -1.000000000000000000, 5.675881706343889024E-17 ) ) ;
#9160 = EDGE_CURVE ( 'NONE', #5987, #5136, #4553, .T. ) ;
#9161 = DIRECTION ( 'NONE',  ( 0.5655123304329264800, -0.7010108906134675522, 0.4344876699857359026 ) ) ;
#9162 = B_SPLINE_CURVE_WITH_KNOTS ( 'NONE', 3,
 ( #1130, #4002, #5551, #6966 ),
 .UNSPECIFIED., .F., .F.,
 ( 4, 4 ),
 ( 0.000000000000000000, 1.000000000000000000 ),
 .UNSPECIFIED. ) ;
#9163 = CARTESIAN_POINT ( 'NONE',  ( -0.01277460157495935791, 0.04987476502830802405, 0.1297168598658378635 ) ) ;
#9164 = CARTESIAN_POINT ( 'NONE',  ( 0.08301106503781863211, 0.04108732051223309284, 0.06451317531666087013 ) ) ;
#9165 = DIRECTION ( 'NONE',  ( 0.4999999984023114630, -0.7071067811865469066, 0.5000000015976894252 ) ) ;
#9166 = VERTEX_POINT ( 'NONE', #3428 ) ;
#9167 = ORIENTED_EDGE ( 'NONE', *, *, #1266, .T. ) ;
#9168 = CARTESIAN_POINT ( 'NONE',  ( -0.003462764794087270018, 0.04990270069763820537, 0.1197206287333719976 ) ) ;
#9169 = DIRECTION ( 'NONE',  ( 3.893633027220359727E-17, 1.000000000000000000, 2.388862612315459540E-17 ) ) ;
#9170 = CARTESIAN_POINT ( 'NONE',  ( 0.07909415444376384496, 0.04011105746451561205, 0.05726903045071845416 ) ) ;
#9171 = CARTESIAN_POINT ( 'NONE',  ( 0.01816937483264120107, 0.05325747252578399982, 0.1363513201278000186 ) ) ;
#9172 = CARTESIAN_POINT ( 'NONE',  ( 0.08496465388275944997, 0.05199629771221517260, 0.06584090349025903399 ) ) ;
#9173 = ORIENTED_EDGE ( 'NONE', *, *, #1639, .F. ) ;
#9174 = CARTESIAN_POINT ( 'NONE',  ( 0.003596545084613571829, 0.04922995822002960292, 0.1461941717029607568 ) ) ;
#9175 = CARTESIAN_POINT ( 'NONE',  ( -0.01350837783535439700, 0.04162263655641689625, 0.05713248620961017959 ) ) ;
#9176 = CARTESIAN_POINT ( 'NONE',  ( 0.003636734851030176425, 0.04845669346507042868, 0.06015810730087792213 ) ) ;
#9177 = CARTESIAN_POINT ( 'NONE',  ( -0.01987445794440924687, 0.05010757410786770283, 0.09753136293024695924 ) ) ;
#9178 = ORIENTED_EDGE ( 'NONE', *, *, #3285, .T. ) ;
#9179 = EDGE_LOOP ( 'NONE', ( #5359, #7348, #4018, #27, #583, #5592, #2893 ) ) ;
#9180 = VECTOR ( 'NONE', #6549, 1.000000000000000000 ) ;
#9181 = CARTESIAN_POINT ( 'NONE',  ( 0.01861175107682470214, 0.04293636170175490346, 0.1365801754775060051 ) ) ;
#9182 = CIRCLE ( 'NONE', #902, 0.06500000000000002998 ) ;
#9183 = CARTESIAN_POINT ( 'NONE',  ( 0.06508540925955300094, 0.04010757410786770089, 0.08316962571655310554 ) ) ;
#9184 = CARTESIAN_POINT ( 'NONE',  ( 0.09662774325137397924, 0.04010757410786779109, 0.1261438226003398222 ) ) ;
#9185 = AXIS2_PLACEMENT_3D ( 'NONE', #6681, #3100, #4510 ) ;
#9186 = EDGE_CURVE ( 'NONE', #7803, #1715, #6293, .T. ) ;
#9187 = CARTESIAN_POINT ( 'NONE',  ( 0.01769557812196239852, 0.04015112506430620204, 0.04662872924105380262 ) ) ;
#9188 = EDGE_LOOP ( 'NONE', ( #7191, #1285, #4801, #4051, #1894 ) ) ;
#9189 = VERTEX_POINT ( 'NONE', #9080 ) ;
#9190 = CARTESIAN_POINT ( 'NONE',  ( 0.007780169327755278620, 0.04805487387397786719, 0.1297755071433052410 ) ) ;
#9191 = AXIS2_PLACEMENT_3D ( 'NONE', #4040, #3284, #8334 ) ;
#9192 = CARTESIAN_POINT ( 'NONE',  ( 0.06818427371368131207, 0.05061387553500390490, 0.1376855418119110053 ) ) ;
#9193 = VERTEX_POINT ( 'NONE', #4834 ) ;
#9194 = CARTESIAN_POINT ( 'NONE',  ( 0.003990352136025449546, 0.04016334147353784606, 0.05636410126954989608 ) ) ;
#9195 = EDGE_CURVE ( 'NONE', #8052, #7934, #8231, .T. ) ;
#9196 = ADVANCED_FACE ( 'NONE', ( #5502 ), #1915, .F. ) ;
#9197 = LINE ( 'NONE', #4767, #6529 ) ;
#9198 = AXIS2_PLACEMENT_3D ( 'NONE', #8411, #1248, #9069 ) ;
#9199 = CARTESIAN_POINT ( 'NONE',  ( 0.08713220696585489977, 0.04035255481984920123, 0.1178075075277200123 ) ) ;
#9200 = CARTESIAN_POINT ( 'NONE',  ( 0.06396611588665319925, 0.04010757410786770089, 0.1405384517923859988 ) ) ;
#9201 = ORIENTED_EDGE ( 'NONE', *, *, #4773, .F. ) ;
#9202 = EDGE_LOOP ( 'NONE', ( #5661, #7539, #5515, #9118 ) ) ;
#9203 = DIRECTION ( 'NONE',  ( 0.005742101684089249113, -9.460323283740776158E-17, -0.9999835139982308219 ) ) ;
#9204 = AXIS2_PLACEMENT_3D ( 'NONE', #401, #5388, #6230 ) ;
#9205 = DIRECTION ( 'NONE',  ( -5.979188663871559846E-17, -1.000000000000000000, 7.523851983841548700E-18 ) ) ;
#9206 = CARTESIAN_POINT ( 'NONE',  ( 0.003142031356153899765, 0.04014212948186778734, 0.1287246595530125437 ) ) ;
#9207 = DIRECTION ( 'NONE',  ( -5.979188663871559846E-17, -1.000000000000000000, 7.523851983841530211E-18 ) ) ;
#9208 = CARTESIAN_POINT ( 'NONE',  ( 0.07944616954678039578, 0.04010757410786770089, 0.1319931131743619923 ) ) ;
#9209 = AXIS2_PLACEMENT_3D ( 'NONE', #7325, #874, #5988 ) ;
#9210 = CARTESIAN_POINT ( 'NONE',  ( 0.04077925308366790041, 0.04410757410786769750, 0.09287956601695539216 ) ) ;
#9211 =( BOUNDED_CURVE ( )  B_SPLINE_CURVE ( 3, ( #2818, #4979, #6583, #2908 ),
 .UNSPECIFIED., .F., .F. ) 
 B_SPLINE_CURVE_WITH_KNOTS ( ( 4, 4 ),
 ( 4.712388980384679904, 4.969219391341780145 ),
 .UNSPECIFIED. ) 
 CURVE ( )  GEOMETRIC_REPRESENTATION_ITEM ( )  RATIONAL_B_SPLINE_CURVE ( ( 1.000000000000000000, 0.9945107279451284032, 0.9945107279451284032, 1.000000000000000000 ) ) 
 REPRESENTATION_ITEM ( '' )  );
#9212 = ADVANCED_FACE ( 'NONE', ( #7518 ), #3946, .F. ) ;
#9213 = CARTESIAN_POINT ( 'NONE',  ( 0.07942808192647551890, 0.04010757410786770089, 0.1351430612434564305 ) ) ;
#9215 = CARTESIAN_POINT ( 'NONE',  ( 0.01817089903361784886, 0.05200604755756835923, 0.04933291992735240605 ) ) ;
#9214 = CIRCLE ( 'NONE', #5746, 0.001700000000000000122 ) ;
#9216 = ORIENTED_EDGE ( 'NONE', *, *, #4066, .T. ) ;
#9217 = VERTEX_POINT ( 'NONE', #4269 ) ;
#9218 = EDGE_CURVE ( 'NONE', #385, #2294, #8556, .T. ) ;
#9219 = CARTESIAN_POINT ( 'NONE',  ( 0.07858234245782790006, 0.05200000073015689783, 0.1457560866453899984 ) ) ;
#9220 = EDGE_CURVE ( 'NONE', #2051, #6374, #5344, .T. ) ;
#9221 = CARTESIAN_POINT ( 'NONE',  ( 0.08974884792174897541, 0.05468739640606903873, 0.09115405092387049435 ) ) ;
#9222 = AXIS2_PLACEMENT_3D ( 'NONE', #1321, #619, #5557 ) ;
#9223 = FACE_OUTER_BOUND ( 'NONE', #5822, .T. ) ;
#9224 = CARTESIAN_POINT ( 'NONE',  ( 0.06802741785673840913, 0.04435404611676500158, 0.1375286859539660012 ) ) ;
#9225 = AXIS2_PLACEMENT_3D ( 'NONE', #3305, #6169, #9054 ) ;
#9226 = DIRECTION ( 'NONE',  ( -0.7071067834460210699, 4.759941537868960834E-17, 0.7071067789270740755 ) ) ;
#9227 = B_SPLINE_CURVE_WITH_KNOTS ( 'NONE', 3,
 ( #1823, #3995, #1309, #7665 ),
 .UNSPECIFIED., .F., .F.,
 ( 4, 4 ),
 ( 0.000000000000000000, 1.000000000000000000 ),
 .UNSPECIFIED. ) ;
#9228 = LINE ( 'NONE', #8514, #3959 ) ;
#9229 = CARTESIAN_POINT ( 'NONE',  ( -0.0007283846132364189992, 0.04010757410786770089, 0.07549808124658759223 ) ) ;
#9230 = CYLINDRICAL_SURFACE ( 'NONE', #6045, 0.004999999999999998369 ) ;
#9231 = CARTESIAN_POINT ( 'NONE',  ( 0.08958760460761286404, 0.04817099044646196149, 0.08855001419696334475 ) ) ;
#9232 = ORIENTED_EDGE ( 'NONE', *, *, #4688, .T. ) ;
#9233 = ORIENTED_EDGE ( 'NONE', *, *, #2881, .F. ) ;
#9234 = CARTESIAN_POINT ( 'NONE',  ( 0.01322082745800010062, 0.05200000073014460211, 0.04828620860477420007 ) ) ;
#9235 = CARTESIAN_POINT ( 'NONE',  ( -0.002823541520389949606, 0.04299411771161300300, 0.07052320943283529875 ) ) ;
#9236 = CARTESIAN_POINT ( 'NONE',  ( 0.06221616397699390039, 0.04410757410786769750, 0.1369415547527309818 ) ) ;
#9237 = CARTESIAN_POINT ( 'NONE',  ( 0.01902249107833920219, 0.04111185572376299668, 0.04816014691892660238 ) ) ;
#9238 = VERTEX_POINT ( 'NONE', #4219 ) ;
#9239 = ORIENTED_EDGE ( 'NONE', *, *, #8199, .T. ) ;
#9240 = DIRECTION ( 'NONE',  ( 0.005742101684089325440, 0.000000000000000000, -0.9999835139982305998 ) ) ;
#9241 = CARTESIAN_POINT ( 'NONE',  ( 0.06384830275300509839, 0.05292834581888049977, 0.1361236578788579954 ) ) ;
#9242 = ORIENTED_EDGE ( 'NONE', *, *, #1468, .F. ) ;
#9243 = CARTESIAN_POINT ( 'NONE',  ( 0.08571572794522486216, 0.04586787900323126277, 0.09048906757061932205 ) ) ;
#9244 = B_SPLINE_CURVE_WITH_KNOTS ( 'NONE', 3,
 ( #599, #2769, #7002, #9172, #3377, #2812, #4926, #5636, #5679, #8511, #8375, #4789, #7661, #1210, #7228, #5817, #2196, #5770, #8599, #4361, #5719, #8039, #741, #4417, #1583, #4458, #7184, #6620, #217, #2342, #2293, #8649, #2146, #7373, #789, #3749 ),
 .UNSPECIFIED., .F., .F.,
 ( 4, 2, 2, 2, 2, 2, 1, 1, 1, 2, 2, 2, 2, 1, 1, 1, 1, 1, 2, 2, 2, 4 ),
 ( 0.000000000000000000, 0.1250000000000540679, 0.2500000000001081357, 0.3750000000001622036, 0.4375000000001917910, 0.4687500000002060574, 0.4843750000002127187, 0.4921875000002160494, 0.4960937500002180478, 0.4980468750002164935, 0.5000000000002149392, 0.6250000000001778577, 0.6875000000001592060, 0.7187500000001532108, 0.7343750000001507683, 0.7421875000001495470, 0.7460937500001449951, 0.7480468750001472156, 0.7490234375001437739, 0.7500000000001403322, 0.8750000000000701661, 1.000000000000000000 ),
 .UNSPECIFIED. ) ;
#9245 = CARTESIAN_POINT ( 'NONE',  ( -0.02185262042232510166, 0.04432088081784599926, 0.1381104842440850078 ) ) ;
#9246 = DIRECTION ( 'NONE',  ( 6.028993456835738980E-17, 1.000000000000000000, -9.425859584996718897E-17 ) ) ;
#9247 = EDGE_CURVE ( 'NONE', #3634, #4406, #8462, .T. ) ;
#9248 = EDGE_CURVE ( 'NONE', #1003, #8482, #9291, .T. ) ;
#9249 = CARTESIAN_POINT ( 'NONE',  ( -0.003196553031742849649, 0.04322991009745380531, 0.1144944248689149929 ) ) ;
#9250 = ORIENTED_EDGE ( 'NONE', *, *, #4775, .T. ) ;
#9251 = VERTEX_POINT ( 'NONE', #3561 ) ;
#9252 = CARTESIAN_POINT ( 'NONE',  ( 0.08520005271685969495, 0.05130737842109010100, 0.1208870873534540064 ) ) ;
#9253 = ADVANCED_FACE ( 'NONE', ( #2148 ), #9314, .F. ) ;
#9254 = CARTESIAN_POINT ( 'NONE',  ( 0.06408883573681453671, 0.05200018927144769293, 0.1362661734157717686 ) ) ;
#9255 = CARTESIAN_POINT ( 'NONE',  ( 0.003504705870886732407, 0.04016051601579276320, 0.1289234193617472546 ) ) ;
#9256 = CARTESIAN_POINT ( 'NONE',  ( 0.03052696270929830188, 0.04010757410786770089, 0.1267430946249769874 ) ) ;
#9257 = CARTESIAN_POINT ( 'NONE',  ( 0.002781699825055622237, 0.04010848546771646206, 0.05532906484890615789 ) ) ;
#9258 = CARTESIAN_POINT ( 'NONE',  ( -0.01305216390779630024, 0.04708659746632420234, 0.1293100277857980041 ) ) ;
#9259 = CARTESIAN_POINT ( 'NONE',  ( 0.08025494972356279899, 0.04950000073015689561, 0.04123976184618999979 ) ) ;
#9260 = EDGE_CURVE ( 'NONE', #6786, #2909, #7798, .T. ) ;
#9261 = CARTESIAN_POINT ( 'NONE',  ( 0.009308584342364280978, 0.05200000073015689783, 0.05532165061986320242 ) ) ;
#9262 = VERTEX_POINT ( 'NONE', #7093 ) ;
#9263 = VERTEX_POINT ( 'NONE', #5024 ) ;
#9264 = CARTESIAN_POINT ( 'NONE',  ( 0.006485332225777809545, 0.04510757410786769839, 0.1027014639878119917 ) ) ;
#9265 = CARTESIAN_POINT ( 'NONE',  ( 0.08975160498037135226, 0.05472132853808102382, 0.09123375518965634590 ) ) ;
#9266 = VECTOR ( 'NONE', #5435, 1.000000000000000000 ) ;
#9267 = CARTESIAN_POINT ( 'NONE',  ( 0.06769215733949439373, 0.04482817608869479886, 0.1371934254345790194 ) ) ;
#9268 = CARTESIAN_POINT ( 'NONE',  ( 0.07977660367138289521, 0.04697071701381140552, 0.04087757906319709755 ) ) ;
#9269 = VECTOR ( 'NONE', #6910, 1.000000000000000000 ) ;
#9270 = CARTESIAN_POINT ( 'NONE',  ( 0.003655515619601370451, 0.05068964597623486223, 0.03952378835410183533 ) ) ;
#9271 = CARTESIAN_POINT ( 'NONE',  ( -0.004091378267937140038, 0.04510757410786769839, 0.1203492422032050035 ) ) ;
#9272 = CARTESIAN_POINT ( 'NONE',  ( 0.05195442029425489938, 0.07410757410786771027, 0.1059439503428780127 ) ) ;
#9273 = ORIENTED_EDGE ( 'NONE', *, *, #1162, .T. ) ;
#9274 = B_SPLINE_CURVE_WITH_KNOTS ( 'NONE', 3,
 ( #6122, #1191, #1044, #2546, #4060 ),
 .UNSPECIFIED., .F., .F.,
 ( 4, 1, 4 ),
 ( 0.000000000000000000, 0.4285714285714290472, 1.000000000000000000 ),
 .UNSPECIFIED. ) ;
#9275 = DIRECTION ( 'NONE',  ( -4.027934139806210305E-16, 1.000000000000000000, -1.018010760859769879E-17 ) ) ;
#9276 = ORIENTED_EDGE ( 'NONE', *, *, #8351, .T. ) ;
#9277 = ORIENTED_EDGE ( 'NONE', *, *, #1703, .F. ) ;
#9278 = CIRCLE ( 'NONE', #4460, 0.001300000000000000157 ) ;
#9279 = CARTESIAN_POINT ( 'NONE',  ( 0.01548943774197079556, 0.04985783719948207876, 0.1360601640567495330 ) ) ;
#9280 = FACE_OUTER_BOUND ( 'NONE', #3564, .T. ) ;
#9281 = LINE ( 'NONE', #3529, #4403 ) ;
#9282 = ADVANCED_FACE ( 'NONE', ( #7896 ), #1445, .F. ) ;
#9283 = CARTESIAN_POINT ( 'NONE',  ( -0.002882177088796270339, 0.04419829269499850333, 0.1151288528390620042 ) ) ;
#9284 = EDGE_LOOP ( 'NONE', ( #7790, #8171, #6602 ) ) ;
#9285 = ORIENTED_EDGE ( 'NONE', *, *, #9334, .F. ) ;
#9286 = CARTESIAN_POINT ( 'NONE',  ( 0.04077925308366790041, 0.04010757410786770089, 0.09287956601695539216 ) ) ;
#9287 = CARTESIAN_POINT ( 'NONE',  ( 0.06502885329812499449, 0.04010757410786770089, 0.09301881198279449148 ) ) ;
#9288 = CARTESIAN_POINT ( 'NONE',  ( 0.06574997397535059518, 0.05158772699526750077, 0.1360018626423819821 ) ) ;
#9289 = ORIENTED_EDGE ( 'NONE', *, *, #7771, .T. ) ;
#9290 = CARTESIAN_POINT ( 'NONE',  ( 0.01611210219547196121, 0.05200047103712628765, 0.1358994894962684830 ) ) ;
#9291 = B_SPLINE_CURVE_WITH_KNOTS ( 'NONE', 3,
 ( #7046, #5593, #2857, #8601 ),
 .UNSPECIFIED., .F., .F.,
 ( 4, 4 ),
 ( -0.03303332443842050409, 0.000000000000000000 ),
 .UNSPECIFIED. ) ;
#9292 = LINE ( 'NONE', #4436, #7966 ) ;
#9293 = DIRECTION ( 'NONE',  ( 1.000000000000000000, -3.893633027220359727E-17, 0.000000000000000000 ) ) ;
#9294 = CARTESIAN_POINT ( 'NONE',  ( -0.01086055108709740001, 0.04950000073015689561, 0.05340386937706059767 ) ) ;
#9295 = ORIENTED_EDGE ( 'NONE', *, *, #8923, .F. ) ;
#9296 = VERTEX_POINT ( 'NONE', #4363 ) ;
#9297 = CARTESIAN_POINT ( 'NONE',  ( 0.08444236186786530096, 0.05100484680245929991, 0.1151176624125409970 ) ) ;
#9298 = CARTESIAN_POINT ( 'NONE',  ( 0.01459335808079805126, 0.04186944214475853132, 0.04764103551504496326 ) ) ;
#9299 = CARTESIAN_POINT ( 'NONE',  ( 0.002102575047694698208, 0.04010757410786770089, 0.05546599083334349811 ) ) ;
#9300 = ADVANCED_FACE ( 'NONE', ( #791 ), #3810, .F. ) ;
#9301 = CARTESIAN_POINT ( 'NONE',  ( 0.06868828585464867298, 0.04357986816840327821, 0.05196589680906854580 ) ) ;
#9302 = CARTESIAN_POINT ( 'NONE',  ( -0.002269362218709692746, 0.05200012491088678440, 0.06757614940663377034 ) ) ;
#9303 = CARTESIAN_POINT ( 'NONE',  ( -0.002693983117253782693, 0.04452476943843503704, 0.1176255860107937867 ) ) ;
#9304 = ADVANCED_FACE ( 'NONE', ( #3604 ), #5680, .T. ) ;
#9305 = CARTESIAN_POINT ( 'NONE',  ( 0.003325286233764530083, 0.04950000073015969893, 0.06051522812466510193 ) ) ;
#9306 = CARTESIAN_POINT ( 'NONE',  ( 0.001683793546566101458, 0.04010757410786770089, 0.1283965344109715689 ) ) ;
#9307 = ORIENTED_EDGE ( 'NONE', *, *, #1877, .T. ) ;
#9308 = ORIENTED_EDGE ( 'NONE', *, *, #4518, .T. ) ;
#9309 = DIRECTION ( 'NONE',  ( -0.005742101684089259521, 7.867059038567463870E-18, 0.9999835139982308219 ) ) ;
#9310 = CARTESIAN_POINT ( 'NONE',  ( 0.08975478482474760766, 0.05494611389941590068, 0.09443235137007544022 ) ) ;
#9311 = CARTESIAN_POINT ( 'NONE',  ( 0.06824892926991750486, 0.04510757410786760124, 0.1377501973685599790 ) ) ;
#9312 = DIRECTION ( 'NONE',  ( 5.979188663871559846E-17, 1.000000000000000000, -7.523851983841539456E-18 ) ) ;
#9313 = APPROVAL ( #8882, 'UNSPECIFIED' ) ;
#9314 = CYLINDRICAL_SURFACE ( 'NONE', #6666, 0.004999999999999998369 ) ;
#9315 = DIRECTION ( 'NONE',  ( -0.9999835139982307108, 0.000000000000000000, -0.005742101684093668321 ) ) ;
#9316 = DIRECTION ( 'NONE',  ( 5.979188663871559846E-17, 1.000000000000000000, -7.523851983841539456E-18 ) ) ;
#9317 = EDGE_LOOP ( 'NONE', ( #794, #568, #5788, #6554 ) ) ;
#9318 = DIRECTION ( 'NONE',  ( -5.979188663871559846E-17, -1.000000000000000000, 7.523851983841548700E-18 ) ) ;
#9319 = ORIENTED_EDGE ( 'NONE', *, *, #6095, .F. ) ;
#9320 = ORIENTED_EDGE ( 'NONE', *, *, #3999, .F. ) ;
#9321 = CARTESIAN_POINT ( 'NONE',  ( 0.006501107220808060097, 0.06690757410786771220, 0.09768281660426650359 ) ) ;
#9322 = CARTESIAN_POINT ( 'NONE',  ( -0.002883855700529429876, 0.04415657025026400312, 0.07064146962137000940 ) ) ;
#9323 = CARTESIAN_POINT ( 'NONE',  ( 0.07989280024107690836, 0.03610757410786769733, 0.05421264955384290374 ) ) ;
#9324 = EDGE_CURVE ( 'NONE', #260, #3825, #516, .T. ) ;
#9325 = EDGE_CURVE ( 'NONE', #1787, #5211, #9228, .T. ) ;
#9326 = LINE ( 'NONE', #2108, #483 ) ;
#9327 = DIRECTION ( 'NONE',  ( -5.979188663871559846E-17, -1.000000000000000000, 7.523851983841548700E-18 ) ) ;
#9328 = ORIENTED_EDGE ( 'NONE', *, *, #2042, .F. ) ;
#9329 = EDGE_LOOP ( 'NONE', ( #3698, #5765, #5282, #8906, #7440, #7426, #7435, #7254 ) ) ;
#9330 = CARTESIAN_POINT ( 'NONE',  ( 0.007515786219938925573, 0.04776183260454949092, 0.1295371376676381636 ) ) ;
#9331 = VECTOR ( 'NONE', #8751, 1.000000000000000000 ) ;
#9332 = EDGE_CURVE ( 'NONE', #8513, #5120, #7146, .T. ) ;
#9333 = CARTESIAN_POINT ( 'NONE',  ( 0.04077925308366790041, 0.04010757410786770089, 0.09287956601695539216 ) ) ;
#9334 = EDGE_CURVE ( 'NONE', #947, #523, #3327, .T. ) ;
#9335 = CARTESIAN_POINT ( 'NONE',  ( 0.04077925308366790041, 0.04410757410786769750, 0.09287956601695539216 ) ) ;
#9336 = EDGE_LOOP ( 'NONE', ( #2417, #7902, #772, #7462 ) ) ;
#9337 = CARTESIAN_POINT ( 'NONE',  ( 0.01597869090031996467, 0.05200042283761496104, 0.1358985045142813153 ) ) ;
#9338 = CARTESIAN_POINT ( 'NONE',  ( 0.06231152503656479935, 0.04410757410786769750, 0.1368951599667630192 ) ) ;
#9339 = AXIS2_PLACEMENT_3D ( 'NONE', #8668, #5791, #136 ) ;
#9340 = B_SPLINE_CURVE_WITH_KNOTS ( 'NONE', 3,
 ( #3358, #7639, #6172, #8206, #1047, #9104, #1797, #4770, #1848, #2649, #1103, #5525 ),
 .UNSPECIFIED., .F., .F.,
 ( 4, 2, 1, 1, 2, 2, 4 ),
 ( 0.5048827141680042319, 0.5203551293502536312, 0.5358275445325031416, 0.5667723748970004971, 0.6286620356259990938, 0.7524413570839997289, 1.000000000000000000 ),
 .UNSPECIFIED. ) ;
#9341 = FACE_OUTER_BOUND ( 'NONE', #4459, .T. ) ;
#9342 = CARTESIAN_POINT ( 'NONE',  ( -0.002038178455193810027, 0.04950000073015689561, 0.04397488774979069898 ) ) ;
#9343 = EDGE_LOOP ( 'NONE', ( #6409, #7053, #1311, #8998, #5152 ) ) ;
ENDSEC;
END-ISO-10303-21;
