ISO-10303-21;
HEADER;
FILE_DESCRIPTION (( 'STEP AP203' ),
    '1' );
FILE_NAME ('Claw Holder.STEP',
    '2026-09-06T09:30:52',
    ( '' ),
    ( '' ),
    'SwSTEP 2.0',
    'SolidWorks 2025',
    '' );
FILE_SCHEMA (( 'CONFIG_CONTROL_DESIGN' ));
ENDSEC;

DATA;
#1 = ORIENTED_EDGE ( 'NONE', *, *, #1939, .T. ) ;
#2 = FACE_OUTER_BOUND ( 'NONE', #839, .T. ) ;
#3 = EDGE_CURVE ( 'NONE', #1776, #17, #850, .T. ) ;
#4 = DIRECTION ( 'NONE',  ( 0.8493881131629330561, -0.5277628146696661249, -0.002498933665447309726 ) ) ;
#5 = DIRECTION ( 'NONE',  ( 0.3918254855541749571, 0.6274226462001200044, 0.6729142678718249559 ) ) ;
#6 = ORIENTED_EDGE ( 'NONE', *, *, #1229, .F. ) ;
#7 = EDGE_LOOP ( 'NONE', ( #283, #1873, #2286, #1700 ) ) ;
#8 = COORDINATED_UNIVERSAL_TIME_OFFSET ( 2, 0, .AHEAD. ) ;
#9 = CARTESIAN_POINT ( 'NONE',  ( -0.1054479957754686087, 0.2535027312473859817, 0.1141520698866018008 ) ) ;
#10 = LINE ( 'NONE', #1410, #2159 ) ;
#11 = LINE ( 'NONE', #1618, #1391 ) ;
#12 = CIRCLE ( 'NONE', #2039, 0.004000000000000001818 ) ;
#13 = EDGE_CURVE ( 'NONE', #619, #994, #12, .T. ) ;
#14 = DIRECTION ( 'NONE',  ( -0.5277636339855709124, -0.8493495799786879852, -0.008416509512304840013 ) ) ;
#15 = AXIS2_PLACEMENT_3D ( 'NONE', #1496, #971, #1850 ) ;
#16 = EDGE_LOOP ( 'NONE', ( #640, #1877 ) ) ;
#17 = VERTEX_POINT ( 'NONE', #2091 ) ;
#18 = AXIS2_PLACEMENT_3D ( 'NONE', #919, #1992, #588 ) ;
#19 = CARTESIAN_POINT ( 'NONE',  ( -0.1177195648713943998, 0.2538062906950669939, 0.08072488867750340913 ) ) ;
#20 = ORIENTED_EDGE ( 'NONE', *, *, #1146, .F. ) ;
#21 = CARTESIAN_POINT ( 'NONE',  ( -0.1147654940404990026, 0.2518905322352075205, 0.08881583022033939789 ) ) ;
#22 = DIRECTION ( 'NONE',  ( -0.5277636339855692471, -0.8493495799786889844, -0.008416509512304545110 ) ) ;
#23 = EDGE_CURVE ( 'NONE', #429, #375, #192, .T. ) ;
#24 = FACE_OUTER_BOUND ( 'NONE', #2154, .T. ) ;
#25 = CARTESIAN_POINT ( 'NONE',  ( -0.1035256727958180079, 0.2567498092113770225, 0.08178277642724560148 ) ) ;
#26 = ORIENTED_EDGE ( 'NONE', *, *, #250, .T. ) ;
#27 = EDGE_LOOP ( 'NONE', ( #2241, #1728, #134, #20 ) ) ;
#28 = EDGE_CURVE ( 'NONE', #1046, #1301, #1715, .T. ) ;
#29 = DIRECTION ( 'NONE',  ( 0.002319452490764230962, 0.008467729446445790287, -0.9999614581063436258 ) ) ;
#30 = CARTESIAN_POINT ( 'NONE',  ( -0.1300250663240309912, 0.2338975345403979944, 0.1027160784162717971 ) ) ;
#31 = CARTESIAN_POINT ( 'NONE',  ( -0.1230885876393861961, 0.2449791663550900112, 0.1200392050317739961 ) ) ;
#32 = DIRECTION ( 'NONE',  ( -0.002319452490765744508, -0.008467729446439838450, 0.9999614581063438479 ) ) ;
#33 = DIRECTION ( 'NONE',  ( 0.5277636339855718006, 0.8493495799786874301, 0.008416509512304529497 ) ) ;
#34 = VERTEX_POINT ( 'NONE', #2104 ) ;
#35 = ORIENTED_EDGE ( 'NONE', *, *, #1359, .T. ) ;
#36 = LINE ( 'NONE', #743, #238 ) ;
#37 = EDGE_CURVE ( 'NONE', #323, #1167, #2060, .T. ) ;
#38 = DIRECTION ( 'NONE',  ( 0.8493881131629329451, -0.5277628146696660139, -0.002498933665447310160 ) ) ;
#39 = CARTESIAN_POINT ( 'NONE',  ( -0.1082197060328554811, 0.2595707330629709597, 0.09145300261844760414 ) ) ;
#40 = DIRECTION ( 'NONE',  ( -0.5277636339855718006, -0.8493495799786874301, -0.008416509512304529497 ) ) ;
#41 = CARTESIAN_POINT ( 'NONE',  ( -0.1138596228180748099, 0.2600419132695210300, 0.07578645285793560171 ) ) ;
#42 = LINE ( 'NONE', #883, #1424 ) ;
#43 = AXIS2_PLACEMENT_3D ( 'NONE', #1964, #584, #33 ) ;
#44 = EDGE_CURVE ( 'NONE', #894, #1455, #1706, .T. ) ;
#45 = VERTEX_POINT ( 'NONE', #514 ) ;
#46 = VECTOR ( 'NONE', #1190, 1.000000000000000000 ) ;
#47 = ORIENTED_EDGE ( 'NONE', *, *, #97, .F. ) ;
#48 = DIRECTION ( 'NONE',  ( 0.002319452490765379349, 0.008467729446440058760, -0.9999614581063438479 ) ) ;
#49 = AXIS2_PLACEMENT_3D ( 'NONE', #1651, #73, #781 ) ;
#50 = AXIS2_PLACEMENT_3D ( 'NONE', #1974, #944, #1649 ) ;
#51 = DIRECTION ( 'NONE',  ( 0.8493881131629331671, -0.5277628146696661249, -0.002498933665447310593 ) ) ;
#52 = CARTESIAN_POINT ( 'NONE',  ( -0.1153572745632297780, 0.2508074733225068020, 0.1164063499545620883 ) ) ;
#53 = AXIS2_PLACEMENT_3D ( 'NONE', #1833, #2146, #413 ) ;
#54 = CYLINDRICAL_SURFACE ( 'NONE', #1492, 0.004000000000000008757 ) ;
#55 = AXIS2_PLACEMENT_3D ( 'NONE', #1002, #1709, #964 ) ;
#56 = DIRECTION ( 'NONE',  ( -0.5277636339855772407, -0.8493495799786839884, -0.008416509512308519361 ) ) ;
#57 = EDGE_CURVE ( 'NONE', #279, #45, #1744, .T. ) ;
#58 = APPROVAL_PERSON_ORGANIZATION ( #172, #331, #853 ) ;
#59 = DIRECTION ( 'NONE',  ( 0.8493881131629330561, -0.5277628146696661249, -0.002498933665447310593 ) ) ;
#60 = ORIENTED_EDGE ( 'NONE', *, *, #1589, .T. ) ;
#61 = EDGE_CURVE ( 'NONE', #1106, #2174, #169, .T. ) ;
#62 = ORIENTED_EDGE ( 'NONE', *, *, #1622, .F. ) ;
#63 = LINE ( 'NONE', #1634, #206 ) ;
#64 = CARTESIAN_POINT ( 'NONE',  ( -0.1266968680375989975, 0.2298236566394474822, 0.09350148022675100479 ) ) ;
#65 = CARTESIAN_POINT ( 'NONE',  ( -0.09307252711883250151, 0.2581696538802885077, 0.1050204404861133922 ) ) ;
#66 = LINE ( 'NONE', #922, #197 ) ;
#67 = EDGE_CURVE ( 'NONE', #1152, #1966, #1536, .T. ) ;
#68 = DIRECTION ( 'NONE',  ( -0.5277636339855715786, -0.8493495799786875411, -0.008416509512308555790 ) ) ;
#69 = ORIENTED_EDGE ( 'NONE', *, *, #13, .T. ) ;
#70 = CARTESIAN_POINT ( 'NONE',  ( -0.08180284984493228773, 0.2926186311422440123, 0.09013721095844590137 ) ) ;
#71 = ORIENTED_EDGE ( 'NONE', *, *, #1224, .F. ) ;
#72 = DIRECTION ( 'NONE',  ( -0.8493881131629331671, 0.5277628146696661249, 0.002498933665447310593 ) ) ;
#73 = DIRECTION ( 'NONE',  ( 0.8493881131629329451, -0.5277628146696661249, -0.002498933665447735600 ) ) ;
#74 = CARTESIAN_POINT ( 'NONE',  ( -0.1125240371497120001, 0.2620000288724494975, 0.1162076893895945956 ) ) ;
#75 = DIRECTION ( 'NONE',  ( -0.8493881131629331671, 0.5277628146696661249, 0.002498933665447310593 ) ) ;
#76 = EDGE_CURVE ( 'NONE', #1247, #2027, #2280, .T. ) ;
#77 = ORIENTED_EDGE ( 'NONE', *, *, #1161, .F. ) ;
#78 = LINE ( 'NONE', #2051, #1356 ) ;
#79 = EDGE_CURVE ( 'NONE', #2055, #1735, #161, .T. ) ;
#80 = VECTOR ( 'NONE', #2275, 1.000000000000000222 ) ;
#81 = ORIENTED_EDGE ( 'NONE', *, *, #1161, .T. ) ;
#82 = DIRECTION ( 'NONE',  ( 0.5277636339855779068, 0.8493495799786835443, 0.008416509512304628376 ) ) ;
#83 = AXIS2_PLACEMENT_3D ( 'NONE', #856, #298, #1007 ) ;
#84 = DIRECTION ( 'NONE',  ( 0.8493881131629329451, -0.5277628146696660139, -0.002498933665447310160 ) ) ;
#85 = ORIENTED_EDGE ( 'NONE', *, *, #818, .T. ) ;
#86 = CIRCLE ( 'NONE', #1394, 0.005400000000000001153 ) ;
#87 = EDGE_LOOP ( 'NONE', ( #219, #1243, #1038, #820, #344, #402, #2156, #1650, #1602, #1116, #564, #1895, #778, #137, #733, #657, #877, #2270, #1047, #459, #1425, #264, #1436, #756 ) ) ;
#88 = DIRECTION ( 'NONE',  ( -0.002319452490765744508, -0.008467729446439838450, 0.9999614581063438479 ) ) ;
#89 = DIRECTION ( 'NONE',  ( 0.002319452490765529402, 0.008467729446439968555, -0.9999614581063438479 ) ) ;
#90 = VECTOR ( 'NONE', #1415, 1.000000000000000000 ) ;
#91 = AXIS2_PLACEMENT_3D ( 'NONE', #2038, #1908, #1919 ) ;
#92 = DIRECTION ( 'NONE',  ( -0.8493881131629340553, 0.5277628146696641265, 0.002498933665447126713 ) ) ;
#93 = LOCAL_TIME ( 12, 30, 52.00000000000000000, #1029 ) ;
#94 = ORIENTED_EDGE ( 'NONE', *, *, #568, .F. ) ;
#95 = CARTESIAN_POINT ( 'NONE',  ( -0.08342758043818480906, 0.2824076234114210049, 0.09372407192876859583 ) ) ;
#96 = ORIENTED_EDGE ( 'NONE', *, *, #2277, .T. ) ;
#97 = EDGE_CURVE ( 'NONE', #1226, #1121, #2231, .T. ) ;
#98 = CARTESIAN_POINT ( 'NONE',  ( -0.1142377304065134436, 0.2527398818151861959, 0.08882424672985170244 ) ) ;
#99 = DIRECTION ( 'NONE',  ( 0.8493881131629329451, -0.5277628146696660139, -0.002498933665447310160 ) ) ;
#100 = ORIENTED_EDGE ( 'NONE', *, *, #592, .F. ) ;
#101 = CARTESIAN_POINT ( 'NONE',  ( -0.1057165164974434024, 0.2530611209985034749, 0.1161477845480582000 ) ) ;
#102 = DIRECTION ( 'NONE',  ( 0.002319452490765534607, 0.008467729446439968555, -0.9999614581063438479 ) ) ;
#103 = DIRECTION ( 'NONE',  ( -0.8493881131629331671, 0.5277628146696661249, 0.002498933665447310593 ) ) ;
#104 = EDGE_LOOP ( 'NONE', ( #1756, #1095, #519, #1172 ) ) ;
#105 = DIRECTION ( 'NONE',  ( -0.8493881131629358316, 0.5277628146696613509, 0.002498933665448119408 ) ) ;
#106 = ORIENTED_EDGE ( 'NONE', *, *, #978, .F. ) ;
#107 = DIRECTION ( 'NONE',  ( -0.002319452490765469554, -0.008467729446440088251, 0.9999614581063438479 ) ) ;
#108 = CARTESIAN_POINT ( 'NONE',  ( -0.08025290894461380165, 0.2800215810373500314, 0.07603359398051040552 ) ) ;
#109 = VERTEX_POINT ( 'NONE', #532 ) ;
#110 = FACE_OUTER_BOUND ( 'NONE', #143, .T. ) ;
#111 = LINE ( 'NONE', #650, #1162 ) ;
#112 = PLANE ( 'NONE',  #1315 ) ;
#113 = ORIENTED_EDGE ( 'NONE', *, *, #1548, .F. ) ;
#114 = EDGE_LOOP ( 'NONE', ( #755, #1824 ) ) ;
#115 = EDGE_CURVE ( 'NONE', #2242, #1885, #303, .T. ) ;
#116 = DIRECTION ( 'NONE',  ( 0.8493881131629329451, -0.5277628146696660139, -0.002498933665447429855 ) ) ;
#117 = EDGE_LOOP ( 'NONE', ( #841, #2040, #1923, #1998 ) ) ;
#118 =( LENGTH_UNIT ( ) NAMED_UNIT ( * ) SI_UNIT ( $, .METRE. ) );
#119 = DIRECTION ( 'NONE',  ( 0.5277636339855712455, 0.8493495799786875411, 0.008416509512305575536 ) ) ;
#120 = AXIS2_PLACEMENT_3D ( 'NONE', #553, #1077, #2201 ) ;
#121 = ORIENTED_EDGE ( 'NONE', *, *, #768, .F. ) ;
#122 = VERTEX_POINT ( 'NONE', #721 ) ;
#123 = VECTOR ( 'NONE', #1764, 1.000000000000000222 ) ;
#124 = FACE_OUTER_BOUND ( 'NONE', #1760, .T. ) ;
#125 = CARTESIAN_POINT ( 'NONE',  ( -0.1240464526052171973, 0.2341127431865730191, 0.08854375548378079497 ) ) ;
#126 = EDGE_CURVE ( 'NONE', #1777, #350, #1312, .T. ) ;
#127 = CARTESIAN_POINT ( 'NONE',  ( -0.1283165876959395935, 0.2366668799654569888, 0.09855586473317148877 ) ) ;
#128 = AXIS2_PLACEMENT_3D ( 'NONE', #897, #706, #1960 ) ;
#129 = CIRCLE ( 'NONE', #545, 0.002500000000000001787 ) ;
#130 = ORIENTED_EDGE ( 'NONE', *, *, #843, .T. ) ;
#131 = ORIENTED_EDGE ( 'NONE', *, *, #2213, .T. ) ;
#132 = AXIS2_PLACEMENT_3D ( 'NONE', #918, #1309, #955 ) ;
#133 = CARTESIAN_POINT ( 'NONE',  ( -0.1209381835417980000, 0.2389959557240930177, 0.1137340206032703971 ) ) ;
#134 = ORIENTED_EDGE ( 'NONE', *, *, #1671, .T. ) ;
#135 = PERSON_AND_ORGANIZATION_ROLE ( 'design_supplier' ) ;
#136 = CARTESIAN_POINT ( 'NONE',  ( -0.09555581169649120243, 0.2894705053247255133, 0.08207834353512649672 ) ) ;
#137 = ORIENTED_EDGE ( 'NONE', *, *, #1326, .T. ) ;
#138 = ORIENTED_EDGE ( 'NONE', *, *, #722, .F. ) ;
#139 = DIRECTION ( 'NONE',  ( 0.002319452490765744508, 0.008467729446439838450, -0.9999614581063438479 ) ) ;
#140 = CARTESIAN_POINT ( 'NONE',  ( -0.1029475045082481888, 0.2680443877384884876, 0.09388022315480469560 ) ) ;
#141 = CARTESIAN_POINT ( 'NONE',  ( -0.1199000686284600048, 0.2474058098169585052, 0.09106603212948490012 ) ) ;
#142 = EDGE_CURVE ( 'NONE', #1723, #660, #178, .T. ) ;
#143 = EDGE_LOOP ( 'NONE', ( #2063, #2022, #503, #2188, #790, #1105, #1808, #2108, #1957 ) ) ;
#144 = ORIENTED_EDGE ( 'NONE', *, *, #952, .T. ) ;
#145 = ORIENTED_EDGE ( 'NONE', *, *, #346, .F. ) ;
#146 = CARTESIAN_POINT ( 'NONE',  ( -0.1138596228180748099, 0.2600419132695210300, 0.07578645285793560171 ) ) ;
#147 = ORIENTED_EDGE ( 'NONE', *, *, #1612, .T. ) ;
#148 = DIRECTION ( 'NONE',  ( 0.8493881131629330561, -0.5277628146696661249, -0.002498933665447309726 ) ) ;
#149 = DIRECTION ( 'NONE',  ( -0.8493881131629329451, 0.5277628146696660139, 0.002498933665447524832 ) ) ;
#150 = EDGE_CURVE ( 'NONE', #1106, #619, #1444, .T. ) ;
#151 = CARTESIAN_POINT ( 'NONE',  ( -0.1292401740554143530, 0.2351805182004942929, 0.09854113584152494887 ) ) ;
#152 = CC_DESIGN_PERSON_AND_ORGANIZATION_ASSIGNMENT ( #1769, #864, ( #2177 ) ) ;
#153 = EDGE_LOOP ( 'NONE', ( #1516, #106, #2203, #2080 ) ) ;
#154 = CARTESIAN_POINT ( 'NONE',  ( -0.08074492630568380624, 0.2602542036543369908, 0.08186529273078479996 ) ) ;
#155 = EDGE_CURVE ( 'NONE', #938, #1966, #1611, .T. ) ;
#156 = EDGE_LOOP ( 'NONE', ( #1896, #2093 ) ) ;
#157 = DATE_AND_TIME ( #1039, #1610 ) ;
#158 = EDGE_CURVE ( 'NONE', #1723, #524, #42, .T. ) ;
#159 = LINE ( 'NONE', #146, #2009 ) ;
#160 = ORIENTED_EDGE ( 'NONE', *, *, #562, .F. ) ;
#161 = CIRCLE ( 'NONE', #1012, 0.001300000000000004060 ) ;
#162 = CARTESIAN_POINT ( 'NONE',  ( -0.08076348192560990624, 0.2601864618187654798, 0.08986498439563560259 ) ) ;
#163 = VECTOR ( 'NONE', #1475, 1.000000000000000000 ) ;
#164 = ORIENTED_EDGE ( 'NONE', *, *, #2002, .F. ) ;
#165 = FACE_OUTER_BOUND ( 'NONE', #2180, .T. ) ;
#166 = VECTOR ( 'NONE', #1363, 1.000000000000000222 ) ;
#167 = ORIENTED_EDGE ( 'NONE', *, *, #2205, .T. ) ;
#168 = VECTOR ( 'NONE', #581, 1.000000000000000000 ) ;
#169 = LINE ( 'NONE', #154, #2000 ) ;
#170 = AXIS2_PLACEMENT_3D ( 'NONE', #1117, #212, #1999 ) ;
#171 = ORIENTED_EDGE ( 'NONE', *, *, #1798, .T. ) ;
#172 = PERSON_AND_ORGANIZATION ( #1166, #548 ) ;
#173 = CYLINDRICAL_SURFACE ( 'NONE', #723, 0.004000000000000001818 ) ;
#174 = EDGE_CURVE ( 'NONE', #1130, #179, #400, .T. ) ;
#175 = ORIENTED_EDGE ( 'NONE', *, *, #1794, .T. ) ;
#176 = DIRECTION ( 'NONE',  ( -0.5277636339855692471, -0.8493495799786889844, -0.008416509512304545110 ) ) ;
#177 = DIRECTION ( 'NONE',  ( -0.002319452490765744508, -0.008467729446439838450, 0.9999614581063438479 ) ) ;
#178 = LINE ( 'NONE', #561, #896 ) ;
#179 = VERTEX_POINT ( 'NONE', #1104 ) ;
#180 = ORIENTED_EDGE ( 'NONE', *, *, #2002, .T. ) ;
#181 = APPROVAL_DATE_TIME ( #325, #331 ) ;
#182 = DIRECTION ( 'NONE',  ( -0.3918254855541749571, -0.6274226462001200044, -0.6729142678718249559 ) ) ;
#183 = ORIENTED_EDGE ( 'NONE', *, *, #948, .F. ) ;
#184 = DIRECTION ( 'NONE',  ( 0.8493881131629331671, -0.5277628146696661249, -0.002498933665447310593 ) ) ;
#185 = EDGE_CURVE ( 'NONE', #477, #210, #1781, .T. ) ;
#186 = LINE ( 'NONE', #1793, #785 ) ;
#187 = DIRECTION ( 'NONE',  ( -0.5277636339855709124, -0.8493495799786879852, -0.008416509512304840013 ) ) ;
#188 = ORIENTED_EDGE ( 'NONE', *, *, #1594, .F. ) ;
#189 = ORIENTED_EDGE ( 'NONE', *, *, #2088, .T. ) ;
#190 = DIRECTION ( 'NONE',  ( 0.8493881131629329451, -0.5277628146696660139, -0.002498933665447310160 ) ) ;
#191 = DIRECTION ( 'NONE',  ( 0.8493881131629331671, -0.5277628146696661249, -0.002498933665447310593 ) ) ;
#192 = CIRCLE ( 'NONE', #1899, 0.004000000000000008757 ) ;
#193 = CARTESIAN_POINT ( 'NONE',  ( -0.1056114511822046076, 0.2533959297050540349, 0.08114951441200299320 ) ) ;
#194 = EDGE_CURVE ( 'NONE', #1918, #1614, #642, .T. ) ;
#195 = CARTESIAN_POINT ( 'NONE',  ( -0.08578239100562469466, 0.2786590244110959680, 0.08500957680008010275 ) ) ;
#196 = VECTOR ( 'NONE', #1451, 1.000000000000000000 ) ;
#197 = VECTOR ( 'NONE', #947, 1.000000000000000000 ) ;
#198 = VERTEX_POINT ( 'NONE', #1629 ) ;
#199 = ORIENTED_EDGE ( 'NONE', *, *, #1939, .F. ) ;
#200 = AXIS2_PLACEMENT_3D ( 'NONE', #415, #223, #2148 ) ;
#201 = CARTESIAN_POINT ( 'NONE',  ( -0.1050833905381206024, 0.2740806001317515062, 0.09392638386118119798 ) ) ;
#202 = EDGE_CURVE ( 'NONE', #179, #1389, #1751, .T. ) ;
#203 = AXIS2_PLACEMENT_3D ( 'NONE', #1603, #190, #1595 ) ;
#204 = DIRECTION ( 'NONE',  ( -0.002319452490765529402, -0.008467729446439968555, 0.9999614581063438479 ) ) ;
#205 = CARTESIAN_POINT ( 'NONE',  ( -0.1098239854340277988, 0.2664703248297289884, 0.08985078944314510430 ) ) ;
#206 = VECTOR ( 'NONE', #770, 1.000000000000000000 ) ;
#207 = CYLINDRICAL_SURFACE ( 'NONE', #2234, 0.001749999999999998735 ) ;
#208 = DIRECTION ( 'NONE',  ( -0.5277636339855692471, -0.8493495799786889844, -0.008416509512304545110 ) ) ;
#209 = EDGE_CURVE ( 'NONE', #34, #1834, #602, .T. ) ;
#210 = VERTEX_POINT ( 'NONE', #1796 ) ;
#211 = ORIENTED_EDGE ( 'NONE', *, *, #1561, .F. ) ;
#212 = DIRECTION ( 'NONE',  ( 0.002319452490765639557, 0.008467729446439899166, -0.9999614581063438479 ) ) ;
#213 = CARTESIAN_POINT ( 'NONE',  ( -0.08817745314405489587, 0.2747634771916129814, 0.09364832334315779938 ) ) ;
#214 = CARTESIAN_POINT ( 'NONE',  ( -0.1059341233136812943, 0.2601175852551700363, 0.08980601678794489229 ) ) ;
#215 = LINE ( 'NONE', #1443, #603 ) ;
#216 = CARTESIAN_POINT ( 'NONE',  ( -0.1300250663240309912, 0.2338975345403979944, 0.1027160784162717971 ) ) ;
#217 = CARTESIAN_POINT ( 'NONE',  ( -0.1072091576992731943, 0.2706294897697820168, 0.1002356190967906013 ) ) ;
#218 = ORIENTED_EDGE ( 'NONE', *, *, #702, .F. ) ;
#219 = ORIENTED_EDGE ( 'NONE', *, *, #2018, .T. ) ;
#220 = CARTESIAN_POINT ( 'NONE',  ( -0.08706472007390181345, 0.2741085209948891377, 0.08996826118404131767 ) ) ;
#221 = EDGE_CURVE ( 'NONE', #1768, #1614, #1283, .T. ) ;
#222 = CARTESIAN_POINT ( 'NONE',  ( -0.08817745314405489587, 0.2747634771916129814, 0.09364832334315779938 ) ) ;
#223 = DIRECTION ( 'NONE',  ( -0.8493881131629331671, 0.5277628146696661249, 0.002498933665447310593 ) ) ;
#224 = ORIENTED_EDGE ( 'NONE', *, *, #2179, .T. ) ;
#225 = LINE ( 'NONE', #1313, #163 ) ;
#226 = EDGE_CURVE ( 'NONE', #1834, #34, #680, .T. ) ;
#227 = FACE_OUTER_BOUND ( 'NONE', #984, .T. ) ;
#228 = VECTOR ( 'NONE', #2178, 1.000000000000000000 ) ;
#229 = AXIS2_PLACEMENT_3D ( 'NONE', #730, #32, #718 ) ;
#230 = ORIENTED_EDGE ( 'NONE', *, *, #226, .F. ) ;
#231 = LINE ( 'NONE', #940, #389 ) ;
#232 = AXIS2_PLACEMENT_3D ( 'NONE', #1173, #590, #1805 ) ;
#233 = VERTEX_POINT ( 'NONE', #1468 ) ;
#234 = VECTOR ( 'NONE', #1248, 1.000000000000000222 ) ;
#235 = DIRECTION ( 'NONE',  ( -0.8493881131629331671, 0.5277628146696661249, 0.002498933665447310593 ) ) ;
#236 = LINE ( 'NONE', #31, #1318 ) ;
#237 = ADVANCED_FACE ( 'NONE', ( #1620 ), #2168, .T. ) ;
#238 = VECTOR ( 'NONE', #1817, 1.000000000000000222 ) ;
#239 = VERTEX_POINT ( 'NONE', #543 ) ;
#240 = DIRECTION ( 'NONE',  ( 0.002319452490765529402, 0.008467729446439968555, -0.9999614581063438479 ) ) ;
#241 = LINE ( 'NONE', #1303, #900 ) ;
#242 = CARTESIAN_POINT ( 'NONE',  ( -0.1372769722112404112, 0.2222702757530514994, 0.09341297678093059276 ) ) ;
#243 = ORIENTED_EDGE ( 'NONE', *, *, #2047, .F. ) ;
#244 = VERTEX_POINT ( 'NONE', #740 ) ;
#245 = DIRECTION ( 'NONE',  ( -0.5277636339855709124, -0.8493495799786879852, -0.008416509512304840013 ) ) ;
#246 = VERTEX_POINT ( 'NONE', #1262 ) ;
#247 = DIRECTION ( 'NONE',  ( 0.8493881131629329451, -0.5277628146696660139, -0.002498933665447310160 ) ) ;
#248 = CARTESIAN_POINT ( 'NONE',  ( -0.1230793098294231946, 0.2450130372728759887, 0.1160393591993486018 ) ) ;
#249 = DIRECTION ( 'NONE',  ( -0.8493881131629329451, 0.5277628146696661249, 0.002498933665447309292 ) ) ;
#250 = EDGE_CURVE ( 'NONE', #705, #1727, #1933, .T. ) ;
#251 = CARTESIAN_POINT ( 'NONE',  ( -0.1122198560416356045, 0.2427863475184065256, 0.07564413527165450568 ) ) ;
#252 = ADVANCED_FACE ( 'NONE', ( #1061 ), #1252, .T. ) ;
#253 = DIRECTION ( 'NONE',  ( -0.8493881131629331671, 0.5277628146696661249, 0.002498933665447310593 ) ) ;
#254 = VERTEX_POINT ( 'NONE', #892 ) ;
#255 = DIRECTION ( 'NONE',  ( 0.002319452490765534607, 0.008467729446439968555, -0.9999614581063438479 ) ) ;
#256 = ADVANCED_FACE ( 'NONE', ( #1599 ), #1435, .T. ) ;
#257 = VERTEX_POINT ( 'NONE', #1678 ) ;
#258 = PERSON_AND_ORGANIZATION_ROLE ( 'design_owner' ) ;
#259 = DIRECTION ( 'NONE',  ( 0.002319452490765534607, 0.008467729446439968555, -0.9999614581063438479 ) ) ;
#260 = LINE ( 'NONE', #1985, #1638 ) ;
#261 = CARTESIAN_POINT ( 'NONE',  ( -0.1188271290058558055, 0.2423933540440079970, 0.1137676866413196014 ) ) ;
#262 = CARTESIAN_POINT ( 'NONE',  ( -0.1076458600271911897, 0.2604034683003115247, 0.1106336971392282015 ) ) ;
#263 = EDGE_CURVE ( 'NONE', #2089, #2195, #1204, .T. ) ;
#264 = ORIENTED_EDGE ( 'NONE', *, *, #294, .T. ) ;
#265 = VECTOR ( 'NONE', #5, 1.000000000000000000 ) ;
#266 = CYLINDRICAL_SURFACE ( 'NONE', #1131, 0.001300000000000004060 ) ;
#267 = AXIS2_PLACEMENT_3D ( 'NONE', #1507, #794, #1302 ) ;
#268 = ORIENTED_EDGE ( 'NONE', *, *, #263, .T. ) ;
#269 = AXIS2_PLACEMENT_3D ( 'NONE', #1137, #1838, #1996 ) ;
#270 = DIRECTION ( 'NONE',  ( -0.8493881131629293924, 0.5277628146696718980, 0.002498933665444446131 ) ) ;
#271 = AXIS2_PLACEMENT_3D ( 'NONE', #2017, #956, #1660 ) ;
#272 = ORIENTED_EDGE ( 'NONE', *, *, #1023, .F. ) ;
#273 = FACE_BOUND ( 'NONE', #16, .T. ) ;
#274 = LINE ( 'NONE', #2211, #870 ) ;
#275 = VECTOR ( 'NONE', #48, 1.000000000000000000 ) ;
#276 = VECTOR ( 'NONE', #2189, 1.000000000000000000 ) ;
#277 = DIRECTION ( 'NONE',  ( 0.4378392862467417324, 0.7020045168314685835, 0.5616817762462656960 ) ) ;
#278 = CC_DESIGN_SECURITY_CLASSIFICATION ( #983, ( #1909 ) ) ;
#279 = VERTEX_POINT ( 'NONE', #410 ) ;
#280 = DIRECTION ( 'NONE',  ( 0.8493881131629329451, -0.5277628146696660139, -0.002498933665447310160 ) ) ;
#281 = ORIENTED_EDGE ( 'NONE', *, *, #666, .T. ) ;
#282 = CARTESIAN_POINT ( 'NONE',  ( -0.1229856039487962072, 0.2453551335425120106, 0.07564091629184860333 ) ) ;
#283 = ORIENTED_EDGE ( 'NONE', *, *, #1503, .F. ) ;
#284 = CARTESIAN_POINT ( 'NONE',  ( -0.1080018494496996079, 0.2598273814633785261, 0.1112995918312987970 ) ) ;
#285 = CARTESIAN_POINT ( 'NONE',  ( -0.1140981094239617993, 0.2397001564138984964, 0.08901416102699009902 ) ) ;
#286 = EDGE_CURVE ( 'NONE', #798, #2151, #1478, .T. ) ;
#287 = DIRECTION ( 'NONE',  ( -0.8493881131629331671, 0.5277628146696661249, 0.002498933665447310593 ) ) ;
#288 = ORIENTED_EDGE ( 'NONE', *, *, #583, .T. ) ;
#289 = VERTEX_POINT ( 'NONE', #774 ) ;
#290 = CARTESIAN_POINT ( 'NONE',  ( -0.1309020584585799951, 0.2326148898428319900, 0.07551466864916410449 ) ) ;
#291 = CC_DESIGN_DATE_AND_TIME_ASSIGNMENT ( #157, #1724, ( #2177 ) ) ;
#292 = ORIENTED_EDGE ( 'NONE', *, *, #2139, .T. ) ;
#293 = CYLINDRICAL_SURFACE ( 'NONE', #1498, 0.004000000000000001818 ) ;
#294 = EDGE_CURVE ( 'NONE', #951, #1566, #1082, .T. ) ;
#295 = ORIENTED_EDGE ( 'NONE', *, *, #1256, .F. ) ;
#296 = EDGE_LOOP ( 'NONE', ( #1471, #1479 ) ) ;
#297 = UNCERTAINTY_MEASURE_WITH_UNIT (LENGTH_MEASURE( 1.000000000000000082E-05 ), #118, 'distance_accuracy_value', 'NONE');
#298 = DIRECTION ( 'NONE',  ( -0.8493881131629329451, 0.5277628146696660139, 0.002498933665447310160 ) ) ;
#299 = CARTESIAN_POINT ( 'NONE',  ( -0.08452325646225535005, 0.2831248505328383125, 0.09005050699718228358 ) ) ;
#300 = LINE ( 'NONE', #1900, #46 ) ;
#301 = EDGE_CURVE ( 'NONE', #210, #2151, #2272, .T. ) ;
#302 = ORIENTED_EDGE ( 'NONE', *, *, #1090, .T. ) ;
#303 = LINE ( 'NONE', #1093, #1275 ) ;
#304 = DIRECTION ( 'NONE',  ( 0.5277636339855718006, 0.8493495799786874301, 0.008416509512304529497 ) ) ;
#305 = ORIENTED_EDGE ( 'NONE', *, *, #562, .T. ) ;
#306 = CARTESIAN_POINT ( 'NONE',  ( -0.09712450835692650053, 0.2850512290472985155, 0.08203728219930229992 ) ) ;
#307 = LINE ( 'NONE', #658, #512 ) ;
#308 = VECTOR ( 'NONE', #1366, 1.000000000000000222 ) ;
#309 = ORIENTED_EDGE ( 'NONE', *, *, #1148, .T. ) ;
#310 = EDGE_LOOP ( 'NONE', ( #340, #77, #1575, #369 ) ) ;
#311 = AXIS2_PLACEMENT_3D ( 'NONE', #570, #1962, #530 ) ;
#312 = PLANE ( 'NONE',  #1755 ) ;
#313 = FACE_OUTER_BOUND ( 'NONE', #645, .T. ) ;
#314 = EDGE_CURVE ( 'NONE', #1455, #1666, #419, .T. ) ;
#315 = CIRCLE ( 'NONE', #423, 0.004000000000000001818 ) ;
#316 = DIRECTION ( 'NONE',  ( -0.002319452490765744508, -0.008467729446439838450, 0.9999614581063438479 ) ) ;
#317 = CIRCLE ( 'NONE', #200, 0.004000000000000001818 ) ;
#318 = AXIS2_PLACEMENT_3D ( 'NONE', #1052, #1929, #1577 ) ;
#319 = EDGE_LOOP ( 'NONE', ( #2249, #224, #1342, #1101 ) ) ;
#320 = ORIENTED_EDGE ( 'NONE', *, *, #479, .T. ) ;
#321 =( GEOMETRIC_REPRESENTATION_CONTEXT ( 3 ) GLOBAL_UNCERTAINTY_ASSIGNED_CONTEXT ( ( #297 ) ) GLOBAL_UNIT_ASSIGNED_CONTEXT ( ( #118, #1871, #1540 ) ) REPRESENTATION_CONTEXT ( 'NONE', 'WORKASPACE' ) );
#322 = DIRECTION ( 'NONE',  ( -0.8493881131629331671, 0.5277628146696661249, 0.002498933665447310593 ) ) ;
#323 = VERTEX_POINT ( 'NONE', #2010 ) ;
#324 = EDGE_CURVE ( 'NONE', #941, #429, #765, .T. ) ;
#325 = DATE_AND_TIME ( #681, #1362 ) ;
#326 = LINE ( 'NONE', #854, #904 ) ;
#327 = ORIENTED_EDGE ( 'NONE', *, *, #2018, .F. ) ;
#328 = ORIENTED_EDGE ( 'NONE', *, *, #1503, .T. ) ;
#329 = LINE ( 'NONE', #1033, #935 ) ;
#330 = PLANE ( 'NONE',  #1055 ) ;
#331 = APPROVAL ( #2076, 'UNSPECIFIED' ) ;
#332 = EDGE_CURVE ( 'NONE', #45, #1455, #808, .T. ) ;
#333 = DIRECTION ( 'NONE',  ( 0.002319452490765747110, 0.008467729446439840185, -0.9999614581063438479 ) ) ;
#334 = EDGE_CURVE ( 'NONE', #617, #1534, #1529, .T. ) ;
#335 = ORIENTED_EDGE ( 'NONE', *, *, #13, .F. ) ;
#336 = CARTESIAN_POINT ( 'NONE',  ( -0.1186833451072566020, 0.2428849166198319975, 0.05882420568094499924 ) ) ;
#337 = ORIENTED_EDGE ( 'NONE', *, *, #1819, .F. ) ;
#338 = DIRECTION ( 'NONE',  ( 0.8493881131629329451, -0.5277628146696660139, -0.002498933665447310160 ) ) ;
#339 = EDGE_CURVE ( 'NONE', #244, #1005, #930, .T. ) ;
#340 = ORIENTED_EDGE ( 'NONE', *, *, #1043, .F. ) ;
#341 = CARTESIAN_POINT ( 'NONE',  ( -0.1093202122352155969, 0.2672320914498674815, 0.1002019530587413970 ) ) ;
#342 = LINE ( 'NONE', #1581, #902 ) ;
#343 = DIRECTION ( 'NONE',  ( -0.002319452490765529402, -0.008467729446439968555, 0.9999614581063438479 ) ) ;
#344 = ORIENTED_EDGE ( 'NONE', *, *, #1548, .T. ) ;
#345 = DIRECTION ( 'NONE',  ( -0.5277636339855692471, -0.8493495799786889844, -0.008416509512304545110 ) ) ;
#346 = EDGE_CURVE ( 'NONE', #350, #1777, #536, .T. ) ;
#347 = EDGE_LOOP ( 'NONE', ( #2025, #1373 ) ) ;
#348 = APPROVAL_ROLE ( '' ) ;
#349 = PLANE ( 'NONE',  #2094 ) ;
#350 = VERTEX_POINT ( 'NONE', #1138 ) ;
#351 = AXIS2_PLACEMENT_3D ( 'NONE', #1927, #2265, #876 ) ;
#352 = CARTESIAN_POINT ( 'NONE',  ( -0.1181087653095378026, 0.2437110979943199751, 0.07963846071208699473 ) ) ;
#353 = CIRCLE ( 'NONE', #458, 0.02700000000000002398 ) ;
#354 = CYLINDRICAL_SURFACE ( 'NONE', #229, 0.009999999999999991535 ) ;
#355 = VECTOR ( 'NONE', #139, 1.000000000000000000 ) ;
#356 = AXIS2_PLACEMENT_3D ( 'NONE', #352, #184, #176 ) ;
#357 = DIRECTION ( 'NONE',  ( 0.5277636339855779068, 0.8493495799786835443, 0.008416509512304628376 ) ) ;
#358 = AXIS2_PLACEMENT_3D ( 'NONE', #2107, #1236, #2077 ) ;
#359 = ORIENTED_EDGE ( 'NONE', *, *, #1229, .T. ) ;
#360 = EDGE_CURVE ( 'NONE', #1776, #1768, #1997, .T. ) ;
#361 = CIRCLE ( 'NONE', #1795, 0.0009999999999999904798 ) ;
#362 = COORDINATED_UNIVERSAL_TIME_OFFSET ( 2, 0, .AHEAD. ) ;
#363 = FACE_BOUND ( 'NONE', #2049, .T. ) ;
#364 = VERTEX_POINT ( 'NONE', #418 ) ;
#365 = CARTESIAN_POINT ( 'NONE',  ( -0.1078340316597356102, 0.2696104644846195053, 0.1030540766543504017 ) ) ;
#366 = DIRECTION ( 'NONE',  ( -0.4404124877502674229, -0.7113986192025139044, 0.5476758578122439269 ) ) ;
#367 = CARTESIAN_POINT ( 'NONE',  ( -0.08453178498529662077, 0.2830937150704915806, 0.09372732054253367362 ) ) ;
#368 = ORIENTED_EDGE ( 'NONE', *, *, #1849, .T. ) ;
#369 = ORIENTED_EDGE ( 'NONE', *, *, #2277, .F. ) ;
#370 = FACE_OUTER_BOUND ( 'NONE', #1562, .T. ) ;
#371 = LINE ( 'NONE', #1228, #1057 ) ;
#372 = EDGE_CURVE ( 'NONE', #2151, #210, #2274, .T. ) ;
#373 = CARTESIAN_POINT ( 'NONE',  ( -0.08095540153313270093, 0.2798099812780169837, 0.08203040394122500245 ) ) ;
#374 = CARTESIAN_POINT ( 'NONE',  ( -0.1229302856730711963, 0.2455237306931805086, 0.05883670034927220016 ) ) ;
#375 = VERTEX_POINT ( 'NONE', #784 ) ;
#376 = VERTEX_POINT ( 'NONE', #2212 ) ;
#377 = LINE ( 'NONE', #909, #1609 ) ;
#378 = CARTESIAN_POINT ( 'NONE',  ( -0.1014331738798025934, 0.2600794656957189921, 0.08981613413014559455 ) ) ;
#379 = CARTESIAN_POINT ( 'NONE',  ( -0.1050732716694010027, 0.2645932773765189983, 0.1001894583904140018 ) ) ;
#380 = AXIS2_PLACEMENT_3D ( 'NONE', #1069, #1775, #187 ) ;
#381 = CARTESIAN_POINT ( 'NONE',  ( -0.1296279762888354059, 0.2318232456208275116, 0.07551092024866590258 ) ) ;
#382 = EDGE_CURVE ( 'NONE', #2027, #954, #383, .T. ) ;
#383 = CIRCLE ( 'NONE', #15, 0.004000000000000001818 ) ;
#384 = CARTESIAN_POINT ( 'NONE',  ( -0.1088837941371035983, 0.2479624831997980228, 0.1163972739284163949 ) ) ;
#385 = AXIS2_PLACEMENT_3D ( 'NONE', #251, #1328, #544 ) ;
#386 = CIRCLE ( 'NONE', #1576, 0.001300000000000004060 ) ;
#387 = ORIENTED_EDGE ( 'NONE', *, *, #653, .T. ) ;
#388 = VERTEX_POINT ( 'NONE', #262 ) ;
#389 = VECTOR ( 'NONE', #594, 1.000000000000000000 ) ;
#390 = CARTESIAN_POINT ( 'NONE',  ( -0.07498918931970269264, 0.2884642704604580277, 0.08211752782427150787 ) ) ;
#391 = EDGE_CURVE ( 'NONE', #990, #2258, #1643, .T. ) ;
#392 = CIRCLE ( 'NONE', #1977, 0.001749999999999998735 ) ;
#393 = FACE_OUTER_BOUND ( 'NONE', #1550, .T. ) ;
#394 = CARTESIAN_POINT ( 'NONE',  ( -0.1010279366404948503, 0.2570691520974520139, 0.08979158259130769204 ) ) ;
#395 = AXIS2_PLACEMENT_3D ( 'NONE', #1959, #1835, #1482 ) ;
#396 = ORIENTED_EDGE ( 'NONE', *, *, #209, .F. ) ;
#397 = CARTESIAN_POINT ( 'NONE',  ( -0.1152932576744845755, 0.2510411826552288450, 0.08880741371082709334 ) ) ;
#398 = DIRECTION ( 'NONE',  ( 0.5277636339855692471, 0.8493495799786889844, 0.008416509512304545110 ) ) ;
#399 = EDGE_CURVE ( 'NONE', #1437, #1736, #353, .T. ) ;
#400 = LINE ( 'NONE', #367, #1601 ) ;
#401 = ADVANCED_FACE ( 'NONE', ( #227 ), #1124, .T. ) ;
#402 = ORIENTED_EDGE ( 'NONE', *, *, #2209, .T. ) ;
#403 = EDGE_LOOP ( 'NONE', ( #1902, #2282, #1696, #875, #268, #62, #685, #724, #1668, #1690, #2216 ) ) ;
#404 = CARTESIAN_POINT ( 'NONE',  ( -0.08365892072271745306, 0.2773396173744219206, 0.08500332946591648842 ) ) ;
#405 = LINE ( 'NONE', #1524, #515 ) ;
#406 = LINE ( 'NONE', #1812, #1906 ) ;
#407 = EDGE_CURVE ( 'NONE', #376, #1285, #1635, .T. ) ;
#408 = DIRECTION ( 'NONE',  ( -0.002319452490765744508, -0.008467729446439838450, 0.9999614581063438479 ) ) ;
#409 = DIRECTION ( 'NONE',  ( 0.002319452490765529402, 0.008467729446439968555, -0.9999614581063438479 ) ) ;
#410 = CARTESIAN_POINT ( 'NONE',  ( -0.07419102930152730868, 0.2708016330512174608, 0.08196981099033519291 ) ) ;
#411 = EDGE_LOOP ( 'NONE', ( #1006, #1179, #183, #1070 ) ) ;
#412 = ADVANCED_FACE ( 'NONE', ( #1862 ), #112, .F. ) ;
#413 = DIRECTION ( 'NONE',  ( 0.5277636339855772407, 0.8493495799786839884, 0.008416509512308519361 ) ) ;
#414 = DIRECTION ( 'NONE',  ( -0.8493881131629329451, 0.5277628146696661249, 0.002498933665447561261 ) ) ;
#415 = CARTESIAN_POINT ( 'NONE',  ( -0.1061596794517112030, 0.2627818413350634930, 0.1134858207348372061 ) ) ;
#416 = CARTESIAN_POINT ( 'NONE',  ( -0.08602256264553950760, 0.2517607078545499588, 0.08178112763566180998 ) ) ;
#417 = CARTESIAN_POINT ( 'NONE',  ( -0.1053946483681810070, 0.2536974890246544989, 0.09115295635015589759 ) ) ;
#418 = CARTESIAN_POINT ( 'NONE',  ( -0.1027072560495470022, 0.2608711099177234982, 0.08981988253064369931 ) ) ;
#419 = CIRCLE ( 'NONE', #1856, 0.009999999999999984596 ) ;
#420 = VECTOR ( 'NONE', #1509, 1.000000000000000000 ) ;
#421 = ORIENTED_EDGE ( 'NONE', *, *, #1065, .F. ) ;
#422 = CARTESIAN_POINT ( 'NONE',  ( -0.1266832777508794250, 0.2298732713099349845, 0.08764244108787019871 ) ) ;
#423 = AXIS2_PLACEMENT_3D ( 'NONE', #1676, #1314, #398 ) ;
#424 = EDGE_CURVE ( 'NONE', #17, #1369, #539, .T. ) ;
#425 = VERTEX_POINT ( 'NONE', #859 ) ;
#426 = DIRECTION ( 'NONE',  ( -0.8493881131629293924, 0.5277628146696718980, 0.002498933665444446131 ) ) ;
#427 = CARTESIAN_POINT ( 'NONE',  ( -0.1071944450740630050, 0.2706832018118369709, 0.09389271782313189652 ) ) ;
#428 = AXIS2_PLACEMENT_3D ( 'NONE', #1855, #1143, #1169 ) ;
#429 = VERTEX_POINT ( 'NONE', #469 ) ;
#430 = LINE ( 'NONE', #65, #1717 ) ;
#431 = VECTOR ( 'NONE', #2003, 1.000000000000000222 ) ;
#432 = CARTESIAN_POINT ( 'NONE',  ( -0.1186431512308691455, 0.2523199289301042980, 0.08071015978585686923 ) ) ;
#433 = CARTESIAN_POINT ( 'NONE',  ( -0.1273930013364648339, 0.2381532417304196847, 0.09857059362481802867 ) ) ;
#434 = EDGE_CURVE ( 'NONE', #246, #1254, #300, .T. ) ;
#435 = ORIENTED_EDGE ( 'NONE', *, *, #1036, .T. ) ;
#436 = FACE_BOUND ( 'NONE', #1489, .T. ) ;
#437 = ORIENTED_EDGE ( 'NONE', *, *, #79, .T. ) ;
#438 = PERSON_AND_ORGANIZATION ( #1166, #548 ) ;
#439 = CARTESIAN_POINT ( 'NONE',  ( -0.1096126822522602018, 0.2574030991961725467, 0.07577395818960830365 ) ) ;
#440 = CARTESIAN_POINT ( 'NONE',  ( -0.07911518717165549885, 0.2827573016196029965, 0.08505974609883720783 ) ) ;
#441 = FACE_OUTER_BOUND ( 'NONE', #1920, .T. ) ;
#442 = EDGE_CURVE ( 'NONE', #246, #576, #997, .T. ) ;
#443 = DIRECTION ( 'NONE',  ( 0.8493881131629329451, -0.5277628146696660139, -0.002498933665447310160 ) ) ;
#444 = ORIENTED_EDGE ( 'NONE', *, *, #1118, .F. ) ;
#445 = ADVANCED_FACE ( 'NONE', ( #165 ), #1569, .T. ) ;
#446 = CARTESIAN_POINT ( 'NONE',  ( -0.1146443694956171960, 0.2585687596347489570, 0.1201738691839709938 ) ) ;
#447 = ORIENTED_EDGE ( 'NONE', *, *, #1402, .T. ) ;
#448 = FACE_OUTER_BOUND ( 'NONE', #1910, .T. ) ;
#449 = CARTESIAN_POINT ( 'NONE',  ( -0.1330300316454259835, 0.2196314616797034880, 0.09340048211260329469 ) ) ;
#450 = VERTEX_POINT ( 'NONE', #2289 ) ;
#451 = LINE ( 'NONE', #958, #1535 ) ;
#452 = CARTESIAN_POINT ( 'NONE',  ( -0.1088197772483585901, 0.2481961925325195106, 0.08879833768468130273 ) ) ;
#453 = EDGE_CURVE ( 'NONE', #1369, #1918, #1364, .T. ) ;
#454 = CARTESIAN_POINT ( 'NONE',  ( -0.08028538127948460501, 0.2799030328250999844, 0.09003305439399919563 ) ) ;
#455 = EDGE_LOOP ( 'NONE', ( #1397, #665 ) ) ;
#456 = VECTOR ( 'NONE', #1806, 1.000000000000000222 ) ;
#457 = FACE_OUTER_BOUND ( 'NONE', #87, .T. ) ;
#458 = AXIS2_PLACEMENT_3D ( 'NONE', #627, #1339, #1316 ) ;
#459 = ORIENTED_EDGE ( 'NONE', *, *, #1338, .T. ) ;
#460 = CARTESIAN_POINT ( 'NONE',  ( -0.1220192028387269978, 0.2269429772553250013, 0.09088783630051819329 ) ) ;
#461 = VECTOR ( 'NONE', #2263, 1.000000000000000000 ) ;
#462 = CARTESIAN_POINT ( 'NONE',  ( -0.1235189886361712092, 0.2444935568600694886, 0.07630420792032670263 ) ) ;
#463 = CIRCLE ( 'NONE', #1972, 0.004000000000000001818 ) ;
#464 = EDGE_LOOP ( 'NONE', ( #1135, #1487, #787, #607 ) ) ;
#465 = CYLINDRICAL_SURFACE ( 'NONE', #232, 0.02700000000000002398 ) ;
#466 = LINE ( 'NONE', #807, #686 ) ;
#467 = AXIS2_PLACEMENT_3D ( 'NONE', #643, #2014, #2062 ) ;
#468 = AXIS2_PLACEMENT_3D ( 'NONE', #1790, #1290, #566 ) ;
#469 = CARTESIAN_POINT ( 'NONE',  ( -0.1240064021377727949, 0.2435474896192665051, 0.1104371169273342113 ) ) ;
#470 = ORIENTED_EDGE ( 'NONE', *, *, #424, .F. ) ;
#471 = VERTEX_POINT ( 'NONE', #1404 ) ;
#472 = DIRECTION ( 'NONE',  ( -0.002319452490765564531, -0.008467729446439947738, 0.9999614581063438479 ) ) ;
#473 = ADVANCED_FACE ( 'NONE', ( #848 ), #677, .F. ) ;
#474 = ORIENTED_EDGE ( 'NONE', *, *, #1148, .F. ) ;
#475 = MECHANICAL_CONTEXT ( 'NONE', #1288, 'mechanical' ) ;
#476 = DIRECTION ( 'NONE',  ( -0.002319452490765744508, -0.008467729446439838450, 0.9999614581063438479 ) ) ;
#477 = VERTEX_POINT ( 'NONE', #151 ) ;
#478 = DIRECTION ( 'NONE',  ( 0.8493881131629329451, -0.5277628146696660139, -0.002498933665447524832 ) ) ;
#479 = EDGE_CURVE ( 'NONE', #1152, #1384, #1876, .T. ) ;
#480 = CARTESIAN_POINT ( 'NONE',  ( -0.1292169795305067870, 0.2352651954949588065, 0.08854152126046145599 ) ) ;
#481 = FACE_OUTER_BOUND ( 'NONE', #1171, .T. ) ;
#482 = ORIENTED_EDGE ( 'NONE', *, *, #1830, .F. ) ;
#483 = DIRECTION ( 'NONE',  ( -0.002319452490765279602, -0.008467729446439907839, 0.9999614581063438479 ) ) ;
#484 = CARTESIAN_POINT ( 'NONE',  ( -0.1188271290058558055, 0.2423933540440079970, 0.1137676866413196014 ) ) ;
#485 = EDGE_LOOP ( 'NONE', ( #189, #1273 ) ) ;
#486 = ADVANCED_FACE ( 'NONE', ( #481 ), #493, .F. ) ;
#487 = DIRECTION ( 'NONE',  ( 0.8493881131629331671, -0.5277628146696661249, -0.002498933665447310593 ) ) ;
#488 = PLANE ( 'NONE',  #2048 ) ;
#489 = EDGE_LOOP ( 'NONE', ( #1330, #1127, #1892, #805 ) ) ;
#490 = VERTEX_POINT ( 'NONE', #2071 ) ;
#491 = LINE ( 'NONE', #1374, #1789 ) ;
#492 = LINE ( 'NONE', #1337, #461 ) ;
#493 = CYLINDRICAL_SURFACE ( 'NONE', #1821, 0.0009999999999999904798 ) ;
#494 = VERTEX_POINT ( 'NONE', #1558 ) ;
#495 = CARTESIAN_POINT ( 'NONE',  ( -0.07424484175903929561, 0.2706051774941954924, 0.1051694167991332057 ) ) ;
#496 = CARTESIAN_POINT ( 'NONE',  ( -0.1288191637807519774, 0.2359094837031980030, 0.08768860179424668722 ) ) ;
#497 = ORIENTED_EDGE ( 'NONE', *, *, #1466, .T. ) ;
#498 = VECTOR ( 'NONE', #913, 1.000000000000000222 ) ;
#499 = APPROVAL_STATUS ( 'not_yet_approved' ) ;
#500 = LINE ( 'NONE', #2292, #90 ) ;
#501 = AXIS2_PLACEMENT_3D ( 'NONE', #381, #4, #552 ) ;
#502 = EDGE_CURVE ( 'NONE', #1989, #595, #572, .T. ) ;
#503 = ORIENTED_EDGE ( 'NONE', *, *, #1261, .F. ) ;
#504 = EDGE_LOOP ( 'NONE', ( #1853, #961, #470, #526 ) ) ;
#505 = AXIS2_PLACEMENT_3D ( 'NONE', #2210, #1327, #1464 ) ;
#506 = DIRECTION ( 'NONE',  ( -0.5277636339855772407, -0.8493495799786839884, -0.008416509512308519361 ) ) ;
#507 = CYLINDRICAL_SURFACE ( 'NONE', #1467, 0.004000000000000001818 ) ;
#508 = ADVANCED_FACE ( 'NONE', ( #1009 ), #523, .F. ) ;
#509 = AXIS2_PLACEMENT_3D ( 'NONE', #1114, #1814, #56 ) ;
#510 = CARTESIAN_POINT ( 'NONE',  ( -0.1130924887939349921, 0.2582525965794130185, 0.1141745602895907902 ) ) ;
#511 = AXIS2_PLACEMENT_3D ( 'NONE', #1429, #149, #889 ) ;
#512 = VECTOR ( 'NONE', #99, 1.000000000000000222 ) ;
#513 = ORIENTED_EDGE ( 'NONE', *, *, #1969, .T. ) ;
#514 = CARTESIAN_POINT ( 'NONE',  ( -0.07420958492145350582, 0.2707338912156460053, 0.08996950265518589840 ) ) ;
#515 = VECTOR ( 'NONE', #1195, 1.000000000000000222 ) ;
#516 = EDGE_LOOP ( 'NONE', ( #1019, #1091, #2170, #1748, #1705, #2105, #2072, #1383, #1771, #138, #1139 ) ) ;
#517 = PERSON_AND_ORGANIZATION ( #1166, #548 ) ;
#518 = DIRECTION ( 'NONE',  ( 0.8493881131629330561, -0.5277628146696661249, -0.002498933665447555623 ) ) ;
#519 = ORIENTED_EDGE ( 'NONE', *, *, #1203, .T. ) ;
#520 = CYLINDRICAL_SURFACE ( 'NONE', #83, 0.004000000000000001818 ) ;
#521 = DIRECTION ( 'NONE',  ( -0.5277636339855692471, -0.8493495799786889844, -0.008416509512304545110 ) ) ;
#522 = ADVANCED_FACE ( 'NONE', ( #1716 ), #2086, .F. ) ;
#523 = CYLINDRICAL_SURFACE ( 'NONE', #2041, 0.003499999999999992267 ) ;
#524 = VERTEX_POINT ( 'NONE', #510 ) ;
#525 = CARTESIAN_POINT ( 'NONE',  ( -0.1146443694956171960, 0.2585687596347489570, 0.1201738691839709938 ) ) ;
#526 = ORIENTED_EDGE ( 'NONE', *, *, #1242, .F. ) ;
#527 = DIRECTION ( 'NONE',  ( 0.3715451438699919895, 0.5945932586880459114, 0.7130308989022547950 ) ) ;
#528 = EDGE_LOOP ( 'NONE', ( #147, #2079, #1846, #292 ) ) ;
#529 = CARTESIAN_POINT ( 'NONE',  ( -0.1257781257582162027, 0.2312587204670495111, 0.1027035837479444019 ) ) ;
#530 = DIRECTION ( 'NONE',  ( 0.5511504283509907065, -0.8343858301393137777, -0.005787209279742603837 ) ) ;
#531 = EDGE_CURVE ( 'NONE', #673, #624, #1220, .T. ) ;
#532 = CARTESIAN_POINT ( 'NONE',  ( -0.1152932576744845616, 0.2510411826552288450, 0.08880741371082709334 ) ) ;
#533 = EDGE_LOOP ( 'NONE', ( #1993, #634, #60, #766 ) ) ;
#534 = FACE_OUTER_BOUND ( 'NONE', #1079, .T. ) ;
#535 = ORIENTED_EDGE ( 'NONE', *, *, #221, .T. ) ;
#536 = CIRCLE ( 'NONE', #1818, 0.0009999999999999904798 ) ;
#537 = DIRECTION ( 'NONE',  ( 0.9883675531111479895, 0.1520419781777015145, 0.003580059900853869818 ) ) ;
#538 = EDGE_CURVE ( 'NONE', #994, #494, #1915, .T. ) ;
#539 = CIRCLE ( 'NONE', #1674, 0.004000000000000001818 ) ;
#540 = DIRECTION ( 'NONE',  ( -0.8493881131629331671, 0.5277628146696661249, 0.002498933665447310593 ) ) ;
#541 = CIRCLE ( 'NONE', #1823, 0.004000000000000001818 ) ;
#542 = CIRCLE ( 'NONE', #1249, 0.004000000000000001818 ) ;
#543 = CARTESIAN_POINT ( 'NONE',  ( -0.08927312916812543686, 0.2754807043130302890, 0.08997475841157147325 ) ) ;
#544 = DIRECTION ( 'NONE',  ( -0.002319452490765744508, -0.008467729446439838450, 0.9999614581063438479 ) ) ;
#545 = AXIS2_PLACEMENT_3D ( 'NONE', #2247, #1541, #2218 ) ;
#546 = EDGE_LOOP ( 'NONE', ( #2255, #679 ) ) ;
#547 = ORIENTED_EDGE ( 'NONE', *, *, #1268, .T. ) ;
#548 = ORGANIZATION ( 'UNSPECIFIED', 'UNSPECIFIED', '' ) ;
#549 = EDGE_CURVE ( 'NONE', #2075, #879, #690, .T. ) ;
#550 = DIRECTION ( 'NONE',  ( -0.8493881131629331671, 0.5277628146696661249, 0.002498933665447310593 ) ) ;
#551 = CARTESIAN_POINT ( 'NONE',  ( -0.1165078759736516006, 0.2527868645509530054, 0.1076201035000659972 ) ) ;
#552 = DIRECTION ( 'NONE',  ( 0.5277636339855709124, 0.8493495799786879852, 0.008416509512304840013 ) ) ;
#553 = CARTESIAN_POINT ( 'NONE',  ( -0.1147654940404990026, 0.2518905322352075205, 0.08881583022033939789 ) ) ;
#554 = ORIENTED_EDGE ( 'NONE', *, *, #1080, .T. ) ;
#555 = ORIENTED_EDGE ( 'NONE', *, *, #809, .T. ) ;
#556 = FACE_OUTER_BOUND ( 'NONE', #2182, .T. ) ;
#557 = ORIENTED_EDGE ( 'NONE', *, *, #1237, .T. ) ;
#558 = DIRECTION ( 'NONE',  ( 0.5277636339855779068, 0.8493495799786835443, 0.008416509512304628376 ) ) ;
#559 = DIRECTION ( 'NONE',  ( -0.002319452490765744508, -0.008467729446439838450, 0.9999614581063438479 ) ) ;
#560 = CARTESIAN_POINT ( 'NONE',  ( -0.1036054619615004030, 0.2564585193184195089, 0.1161814505861074043 ) ) ;
#561 = CARTESIAN_POINT ( 'NONE',  ( -0.1220725502460144052, 0.2267482194780570115, 0.1138869498369641936 ) ) ;
#562 = EDGE_CURVE ( 'NONE', #1885, #323, #1774, .T. ) ;
#563 = ORIENTED_EDGE ( 'NONE', *, *, #1280, .F. ) ;
#564 = ORIENTED_EDGE ( 'NONE', *, *, #684, .F. ) ;
#565 = FACE_OUTER_BOUND ( 'NONE', #1423, .T. ) ;
#566 = DIRECTION ( 'NONE',  ( -0.5277636339855692471, -0.8493495799786889844, -0.008416509512304545110 ) ) ;
#567 = CARTESIAN_POINT ( 'NONE',  ( -0.1147654940404990026, 0.2518905322352075205, 0.08881583022033939789 ) ) ;
#568 = EDGE_CURVE ( 'NONE', #1720, #668, #2111, .T. ) ;
#569 = AXIS2_PLACEMENT_3D ( 'NONE', #1115, #253, #1654 ) ;
#570 = CARTESIAN_POINT ( 'NONE',  ( -0.09714306397685260053, 0.2849834872117270046, 0.09003697386415300541 ) ) ;
#571 = ADVANCED_FACE ( 'NONE', ( #1269, #1597 ), #1608, .T. ) ;
#572 = CIRCLE ( 'NONE', #933, 0.001749999999999991363 ) ;
#573 = DIRECTION ( 'NONE',  ( 0.002319452490765534607, 0.008467729446439968555, -0.9999614581063438479 ) ) ;
#574 = AXIS2_PLACEMENT_3D ( 'NONE', #1546, #2236, #1158 ) ;
#575 = CIRCLE ( 'NONE', #1792, 0.004000000000000001818 ) ;
#576 = VERTEX_POINT ( 'NONE', #739 ) ;
#577 = ORIENTED_EDGE ( 'NONE', *, *, #126, .T. ) ;
#578 = AXIS2_PLACEMENT_3D ( 'NONE', #630, #255, #105 ) ;
#579 = CARTESIAN_POINT ( 'NONE',  ( -0.1142377304065134297, 0.2527398818151861959, 0.08882424672985170244 ) ) ;
#580 = DIRECTION ( 'NONE',  ( 0.5277636339855715786, 0.8493495799786875411, 0.008416509512308555790 ) ) ;
#581 = DIRECTION ( 'NONE',  ( 0.5277636339855709124, 0.8493495799786879852, 0.008416509512304840013 ) ) ;
#582 = PLANE ( 'NONE',  #505 ) ;
#583 = EDGE_CURVE ( 'NONE', #45, #1437, #2084, .T. ) ;
#584 = DIRECTION ( 'NONE',  ( 0.8493881131629329451, -0.5277628146696660139, -0.002498933665447310160 ) ) ;
#585 = ORIENTED_EDGE ( 'NONE', *, *, #599, .T. ) ;
#586 = DIRECTION ( 'NONE',  ( 0.8493881131629329451, -0.5277628146696660139, -0.002498933665447310160 ) ) ;
#587 = DIRECTION ( 'NONE',  ( 0.8493881131629293924, -0.5277628146696718980, -0.002498933665444446131 ) ) ;
#588 = DIRECTION ( 'NONE',  ( -0.8493881131629349435, 0.5277628146696630163, 0.002498933665445733296 ) ) ;
#589 = DIRECTION ( 'NONE',  ( -0.8493881131629329451, 0.5277628146696660139, 0.002498933665447310160 ) ) ;
#590 = DIRECTION ( 'NONE',  ( -0.002319452490765254449, -0.008467729446439939064, 0.9999614581063438479 ) ) ;
#591 = DIRECTION ( 'NONE',  ( -0.002319452490765564531, -0.008467729446439947738, 0.9999614581063438479 ) ) ;
#592 = EDGE_CURVE ( 'NONE', #1566, #924, #707, .T. ) ;
#593 = VERTEX_POINT ( 'NONE', #1088 ) ;
#594 = DIRECTION ( 'NONE',  ( -0.002319452490765744508, -0.008467729446439838450, 0.9999614581063438479 ) ) ;
#595 = VERTEX_POINT ( 'NONE', #1102 ) ;
#596 = DIRECTION ( 'NONE',  ( 0.8493881131629329451, -0.5277628146696660139, -0.002498933665447429855 ) ) ;
#597 = DIRECTION ( 'NONE',  ( 0.8493881131629330561, -0.5277628146696661249, -0.002498933665447430289 ) ) ;
#598 = CYLINDRICAL_SURFACE ( 'NONE', #717, 0.0009999999999999904798 ) ;
#599 = EDGE_CURVE ( 'NONE', #2089, #1666, #186, .T. ) ;
#600 = CARTESIAN_POINT ( 'NONE',  ( -0.1177195648713943998, 0.2538062906950669939, 0.08072488867750340913 ) ) ;
#601 = CARTESIAN_POINT ( 'NONE',  ( -0.1187386633829815991, 0.2427163194691640269, 0.07562842162352138853 ) ) ;
#602 = CIRCLE ( 'NONE', #1050, 0.002500000000000001787 ) ;
#603 = VECTOR ( 'NONE', #177, 1.000000000000000000 ) ;
#604 = ORIENTED_EDGE ( 'NONE', *, *, #158, .F. ) ;
#605 = DIRECTION ( 'NONE',  ( -0.002319452490765744508, -0.008467729446439838450, 0.9999614581063438479 ) ) ;
#606 = AXIS2_PLACEMENT_3D ( 'NONE', #1713, #102, #1188 ) ;
#607 = ORIENTED_EDGE ( 'NONE', *, *, #97, .T. ) ;
#608 = EDGE_CURVE ( 'NONE', #1005, #1409, #1932, .T. ) ;
#609 = CIRCLE ( 'NONE', #50, 0.004000000000000008757 ) ;
#610 = FACE_BOUND ( 'NONE', #2135, .T. ) ;
#611 = VECTOR ( 'NONE', #1439, 1.000000000000000222 ) ;
#612 = DIRECTION ( 'NONE',  ( -0.3748253450397126540, -0.6065684365137061773, 0.7011281570021122844 ) ) ;
#613 = AXIS2_PLACEMENT_3D ( 'NONE', #1551, #414, #204 ) ;
#614 = LINE ( 'NONE', #932, #2044 ) ;
#615 = ADVANCED_FACE ( 'NONE', ( #2150 ), #207, .F. ) ;
#616 = CARTESIAN_POINT ( 'NONE',  ( -0.1223557058753524107, 0.2463499120676680143, 0.07965095538041430667 ) ) ;
#617 = VERTEX_POINT ( 'NONE', #373 ) ;
#618 = LINE ( 'NONE', #1331, #1944 ) ;
#619 = VERTEX_POINT ( 'NONE', #1260 ) ;
#620 = DIRECTION ( 'NONE',  ( 0.8493881131629293924, -0.5277628146696718980, -0.002498933665444446131 ) ) ;
#621 = CARTESIAN_POINT ( 'NONE',  ( -0.08815732735855980051, 0.2748369513011920118, 0.08497170250727469065 ) ) ;
#622 = EDGE_CURVE ( 'NONE', #34, #1226, #1954, .T. ) ;
#623 = ORIENTED_EDGE ( 'NONE', *, *, #1075, .T. ) ;
#624 = VERTEX_POINT ( 'NONE', #560 ) ;
#625 = PLANE ( 'NONE',  #1460 ) ;
#626 = CARTESIAN_POINT ( 'NONE',  ( -0.08083399560078169399, 0.2599290343758640098, 0.1202648126835302034 ) ) ;
#627 = CARTESIAN_POINT ( 'NONE',  ( -0.09714306397685260053, 0.2849834872117270046, 0.09003697386415300541 ) ) ;
#628 = EDGE_LOOP ( 'NONE', ( #1520, #555, #164, #1552 ) ) ;
#629 = EDGE_CURVE ( 'NONE', #494, #1106, #1085, .T. ) ;
#630 = CARTESIAN_POINT ( 'NONE',  ( -0.08393521828667518947, 0.2816317479410214708, 0.08503903458337309929 ) ) ;
#631 = ORIENTED_EDGE ( 'NONE', *, *, #1961, .F. ) ;
#632 = FACE_OUTER_BOUND ( 'NONE', #1205, .T. ) ;
#633 = PLANE ( 'NONE',  #428 ) ;
#634 = ORIENTED_EDGE ( 'NONE', *, *, #1180, .T. ) ;
#635 = VERTEX_POINT ( 'NONE', #912 ) ;
#636 = DIRECTION ( 'NONE',  ( 0.5277636339855692471, 0.8493495799786889844, 0.008416509512304545110 ) ) ;
#637 = CARTESIAN_POINT ( 'NONE',  ( -0.08791745855098595519, 0.2799360928005380500, 0.09001563142477542190 ) ) ;
#638 = EDGE_CURVE ( 'NONE', #289, #954, #11, .T. ) ;
#639 = CARTESIAN_POINT ( 'NONE',  ( -0.1240696471301249992, 0.2340280658921090051, 0.09854337006484420458 ) ) ;
#640 = ORIENTED_EDGE ( 'NONE', *, *, #1961, .T. ) ;
#641 = ORIENTED_EDGE ( 'NONE', *, *, #1738, .F. ) ;
#642 = CIRCLE ( 'NONE', #783, 0.004000000000000001818 ) ;
#643 = CARTESIAN_POINT ( 'NONE',  ( -0.1134726243055798056, 0.2511674766217185106, 0.08071239400917620821 ) ) ;
#644 = ADVANCED_FACE ( 'NONE', ( #24 ), #354, .T. ) ;
#645 = EDGE_LOOP ( 'NONE', ( #915, #474, #295, #1185 ) ) ;
#646 = VECTOR ( 'NONE', #2262, 1.000000000000000000 ) ;
#647 = DIRECTION ( 'NONE',  ( 0.8493881131629329451, -0.5277628146696660139, -0.002498933665447310160 ) ) ;
#648 = ORIENTED_EDGE ( 'NONE', *, *, #2032, .T. ) ;
#649 = LINE ( 'NONE', #995, #646 ) ;
#650 = CARTESIAN_POINT ( 'NONE',  ( -0.1223464280653893954, 0.2463837829854539918, 0.07565110954798889842 ) ) ;
#651 = VECTOR ( 'NONE', #1990, 1.000000000000000222 ) ;
#652 = DIRECTION ( 'NONE',  ( 0.8493881131629329451, -0.5277628146696660139, -0.002498933665447310160 ) ) ;
#653 = EDGE_CURVE ( 'NONE', #109, #198, #1945, .T. ) ;
#654 = ORIENTED_EDGE ( 'NONE', *, *, #2123, .F. ) ;
#655 = ORIENTED_EDGE ( 'NONE', *, *, #1090, .F. ) ;
#656 = DIRECTION ( 'NONE',  ( 0.002319452490764231396, 0.008467729446438854862, -0.9999614581063438479 ) ) ;
#657 = ORIENTED_EDGE ( 'NONE', *, *, #1224, .T. ) ;
#658 = CARTESIAN_POINT ( 'NONE',  ( -0.1186431512308691455, 0.2523199289301042980, 0.08071015978585686923 ) ) ;
#659 = ORIENTED_EDGE ( 'NONE', *, *, #142, .F. ) ;
#660 = VERTEX_POINT ( 'NONE', #1432 ) ;
#661 = PLANE ( 'NONE',  #1278 ) ;
#662 = DIRECTION ( 'NONE',  ( -0.5277636339855709124, -0.8493495799786879852, -0.008416509512304840013 ) ) ;
#663 = DIRECTION ( 'NONE',  ( 0.5277636339855772407, 0.8493495799786839884, 0.008416509512308519361 ) ) ;
#664 = VERTEX_POINT ( 'NONE', #1804 ) ;
#665 = ORIENTED_EDGE ( 'NONE', *, *, #1231, .T. ) ;
#666 = EDGE_CURVE ( 'NONE', #664, #660, #215, .T. ) ;
#667 = PLANE ( 'NONE',  #613 ) ;
#668 = VERTEX_POINT ( 'NONE', #1627 ) ;
#669 = CALENDAR_DATE ( 2026, 6, 9 ) ;
#670 = EDGE_CURVE ( 'NONE', #1928, #450, #1412, .T. ) ;
#671 = CARTESIAN_POINT ( 'NONE',  ( -0.1138689006280380056, 0.2600080423517349693, 0.07978629869036089894 ) ) ;
#672 = ORIENTED_EDGE ( 'NONE', *, *, #1894, .T. ) ;
#673 = VERTEX_POINT ( 'NONE', #882 ) ;
#674 = CARTESIAN_POINT ( 'NONE',  ( -0.1209775331034440016, 0.2483765646750049905, 0.1200728710698232005 ) ) ;
#675 = FACE_OUTER_BOUND ( 'NONE', #1209, .T. ) ;
#676 = ADVANCED_FACE ( 'NONE', ( #1590 ), #1336, .F. ) ;
#677 = CYLINDRICAL_SURFACE ( 'NONE', #1573, 0.003499999999999992267 ) ;
#678 = CARTESIAN_POINT ( 'NONE',  ( -0.07179150014785520839, 0.2746254046784030178, 0.09000806505734479379 ) ) ;
#679 = ORIENTED_EDGE ( 'NONE', *, *, #2179, .F. ) ;
#680 = CIRCLE ( 'NONE', #1570, 0.002500000000000001787 ) ;
#681 = CALENDAR_DATE ( 2026, 6, 9 ) ;
#682 = FACE_BOUND ( 'NONE', #1481, .T. ) ;
#683 = VECTOR ( 'NONE', #1547, 1.000000000000000000 ) ;
#684 = EDGE_CURVE ( 'NONE', #254, #1685, #1994, .T. ) ;
#685 = ORIENTED_EDGE ( 'NONE', *, *, #2101, .T. ) ;
#686 = VECTOR ( 'NONE', #662, 1.000000000000000000 ) ;
#687 = CARTESIAN_POINT ( 'NONE',  ( -0.1283165876959395935, 0.2366668799654569888, 0.09855586473317148877 ) ) ;
#688 = CYLINDRICAL_SURFACE ( 'NONE', #511, 0.004000000000000006155 ) ;
#689 = AXIS2_PLACEMENT_3D ( 'NONE', #379, #191, #22 ) ;
#690 = LINE ( 'NONE', #1230, #824 ) ;
#691 = VECTOR ( 'NONE', #1958, 1.000000000000000000 ) ;
#692 = VECTOR ( 'NONE', #596, 1.000000000000000222 ) ;
#693 = ORIENTED_EDGE ( 'NONE', *, *, #2248, .T. ) ;
#694 = EDGE_LOOP ( 'NONE', ( #1904, #2052, #1937, #945 ) ) ;
#695 = CARTESIAN_POINT ( 'NONE',  ( -0.1273698068115572679, 0.2382379190248841982, 0.08857097904375453579 ) ) ;
#696 = ORIENTED_EDGE ( 'NONE', *, *, #1477, .F. ) ;
#697 = CYLINDRICAL_SURFACE ( 'NONE', #128, 0.0009999999999999904798 ) ;
#698 = ADVANCED_FACE ( 'NONE', ( #1157 ), #582, .F. ) ;
#699 = DIRECTION ( 'NONE',  ( -0.002319452490765744508, -0.008467729446439838450, 0.9999614581063438479 ) ) ;
#700 = DIRECTION ( 'NONE',  ( 0.002319452490765534607, 0.008467729446439968555, -0.9999614581063438479 ) ) ;
#701 = ORIENTED_EDGE ( 'NONE', *, *, #1809, .T. ) ;
#702 = EDGE_CURVE ( 'NONE', #1736, #2174, #430, .T. ) ;
#703 = SHAPE_DEFINITION_REPRESENTATION ( #2085, #2133 ) ;
#704 = LINE ( 'NONE', #695, #1094 ) ;
#705 = VERTEX_POINT ( 'NONE', #2185 ) ;
#706 = DIRECTION ( 'NONE',  ( 0.8493881131629329451, -0.5277628146696660139, -0.002498933665447310160 ) ) ;
#707 = LINE ( 'NONE', #1076, #196 ) ;
#708 = ADVANCED_FACE ( 'NONE', ( #1112 ), #54, .F. ) ;
#709 = CARTESIAN_POINT ( 'NONE',  ( -0.08340745465268969983, 0.2824810975210000352, 0.08504745109288550098 ) ) ;
#710 = CARTESIAN_POINT ( 'NONE',  ( -0.1096219600622232032, 0.2573692282783869856, 0.07977380402203369802 ) ) ;
#711 = ORIENTED_EDGE ( 'NONE', *, *, #2139, .F. ) ;
#712 = ORIENTED_EDGE ( 'NONE', *, *, #978, .T. ) ;
#713 = PERSON_AND_ORGANIZATION_ROLE ( 'classification_officer' ) ;
#714 = FACE_OUTER_BOUND ( 'NONE', #1926, .T. ) ;
#715 = CLOSED_SHELL ( 'NONE', ( #927, #2165, #2030, #1521, #486, #1619, #1733, #1004, #1842, #1295, #1197, #857, #676, #905, #1430, #1515, #1217, #237, #1988, #708, #1637, #1306, #1917, #1914, #1788, #473, #508, #2061, #734, #1745, #256, #1604, #644, #1598, #1271, #571, #863, #936, #851, #412, #2257, #736, #2238, #1925, #1963, #2112, #1682, #835, #252, #445, #1665, #401, #1624, #1731, #775, #698, #615, #2199, #522, #1438, #1289, #747, #2267, #2070, #1189, #1578, #800, #1448, #2285 ) ) ;
#716 = CARTESIAN_POINT ( 'NONE',  ( -0.1135350175775814013, 0.2509396946996094724, 0.1076113572322367901 ) ) ;
#717 = AXIS2_PLACEMENT_3D ( 'NONE', #1813, #2007, #1145 ) ;
#718 = DIRECTION ( 'NONE',  ( 0.5277636339855720227, 0.8493495799786872080, 0.008416509512304555518 ) ) ;
#719 = AXIS2_PLACEMENT_3D ( 'NONE', #1476, #2043, #817 ) ;
#720 = CIRCLE ( 'NONE', #689, 0.004000000000000001818 ) ;
#721 = CARTESIAN_POINT ( 'NONE',  ( -0.1053946483681810070, 0.2536974890246544989, 0.09115295635015589759 ) ) ;
#722 = EDGE_CURVE ( 'NONE', #279, #894, #2019, .T. ) ;
#723 = AXIS2_PLACEMENT_3D ( 'NONE', #1737, #338, #865 ) ;
#724 = ORIENTED_EDGE ( 'NONE', *, *, #1113, .T. ) ;
#725 = ORIENTED_EDGE ( 'NONE', *, *, #608, .T. ) ;
#726 = AXIS2_PLACEMENT_3D ( 'NONE', #21, #51, #558 ) ;
#727 = DIRECTION ( 'NONE',  ( -0.8493881131629331671, 0.5277628146696661249, 0.002498933665447310593 ) ) ;
#728 = CARTESIAN_POINT ( 'NONE',  ( -0.08341905191514349671, 0.2824387588737680144, 0.09004725838341720578 ) ) ;
#729 = PLANE ( 'NONE',  #1165 ) ;
#730 = CARTESIAN_POINT ( 'NONE',  ( -0.08704801384991731061, 0.2842436835547075269, 0.07605358544983399638 ) ) ;
#731 = DIRECTION ( 'NONE',  ( 0.8493881131629329451, -0.5277628146696660139, -0.002498933665447310160 ) ) ;
#732 = ORIENTED_EDGE ( 'NONE', *, *, #1326, .F. ) ;
#733 = ORIENTED_EDGE ( 'NONE', *, *, #1622, .T. ) ;
#734 = ADVANCED_FACE ( 'NONE', ( #1123 ), #625, .F. ) ;
#735 = LINE ( 'NONE', #1447, #1680 ) ;
#736 = ADVANCED_FACE ( 'NONE', ( #1483 ), #1662, .T. ) ;
#737 = CYLINDRICAL_SURFACE ( 'NONE', #874, 0.001749999999999991363 ) ;
#738 = DIRECTION ( 'NONE',  ( 0.5277636339855709124, 0.8493495799786879852, 0.008416509512304840013 ) ) ;
#739 = CARTESIAN_POINT ( 'NONE',  ( -0.1199534160357473983, 0.2472110520396904876, 0.1140651456659305951 ) ) ;
#740 = CARTESIAN_POINT ( 'NONE',  ( -0.1120589579152332094, 0.2428350551209735031, 0.1200466322663360091 ) ) ;
#741 = EDGE_LOOP ( 'NONE', ( #1630, #387, #302, #2028 ) ) ;
#742 = EDGE_LOOP ( 'NONE', ( #1031, #1232, #2245, #1446 ) ) ;
#743 = CARTESIAN_POINT ( 'NONE',  ( -0.1143017472952586322, 0.2525061724824641529, 0.1164231829735866974 ) ) ;
#744 = ORIENTED_EDGE ( 'NONE', *, *, #2088, .F. ) ;
#745 = DIRECTION ( 'NONE',  ( 0.8493881131629331671, -0.5277628146696661249, -0.002498933665447310593 ) ) ;
#746 = FACE_OUTER_BOUND ( 'NONE', #504, .T. ) ;
#747 = ADVANCED_FACE ( 'NONE', ( #1292 ), #598, .F. ) ;
#748 = AXIS2_PLACEMENT_3D ( 'NONE', #709, #923, #1591 ) ;
#749 = DIRECTION ( 'NONE',  ( -0.002319452490765744508, -0.008467729446439838450, 0.9999614581063438479 ) ) ;
#750 = DIRECTION ( 'NONE',  ( -0.8493881131629293924, 0.5277628146696718980, 0.002498933665444446131 ) ) ;
#751 = VECTOR ( 'NONE', #1044, 1.000000000000000222 ) ;
#752 = DIRECTION ( 'NONE',  ( -0.8493881131629349435, 0.5277628146696630163, 0.002498933665445733296 ) ) ;
#753 = AXIS2_PLACEMENT_3D ( 'NONE', #687, #1399, #506 ) ;
#754 = CIRCLE ( 'NONE', #1607, 0.0009999999999999904798 ) ;
#755 = ORIENTED_EDGE ( 'NONE', *, *, #1036, .F. ) ;
#756 = ORIENTED_EDGE ( 'NONE', *, *, #2047, .T. ) ;
#757 = VECTOR ( 'NONE', #1667, 1.000000000000000222 ) ;
#758 = CARTESIAN_POINT ( 'NONE',  ( -0.1299824465415705954, 0.2340531284955995051, 0.08434185433415911093 ) ) ;
#759 = EDGE_LOOP ( 'NONE', ( #659, #976, #849, #281 ) ) ;
#760 = AXIS2_PLACEMENT_3D ( 'NONE', #1854, #2246, #1370 ) ;
#761 = FACE_OUTER_BOUND ( 'NONE', #528, .T. ) ;
#762 = CARTESIAN_POINT ( 'NONE',  ( -0.1035480714104646954, 0.2566680375822880111, 0.09143925848328976480 ) ) ;
#763 = CARTESIAN_POINT ( 'NONE',  ( -0.1053589287998232121, 0.2538278920581295006, 0.07575354989531450645 ) ) ;
#764 = LINE ( 'NONE', #1663, #1463 ) ;
#765 = LINE ( 'NONE', #242, #2153 ) ;
#766 = ORIENTED_EDGE ( 'NONE', *, *, #622, .F. ) ;
#767 = CARTESIAN_POINT ( 'NONE',  ( -0.09742961970969120367, 0.2693646057175104747, 0.08990404762576680031 ) ) ;
#768 = EDGE_CURVE ( 'NONE', #635, #1645, #225, .T. ) ;
#769 = ORIENTED_EDGE ( 'NONE', *, *, #1075, .F. ) ;
#770 = DIRECTION ( 'NONE',  ( 0.002319452490765529402, 0.008467729446439968555, -0.9999614581063438479 ) ) ;
#771 = CYLINDRICAL_SURFACE ( 'NONE', #271, 0.004000000000000008757 ) ;
#772 = DIRECTION ( 'NONE',  ( -0.002319452490765744508, -0.008467729446439838450, 0.9999614581063438479 ) ) ;
#773 = DIRECTION ( 'NONE',  ( 0.002319452490765534607, 0.008467729446439968555, -0.9999614581063438479 ) ) ;
#774 = CARTESIAN_POINT ( 'NONE',  ( -0.1125176745534681999, 0.2620232570884969969, 0.1134646493651152027 ) ) ;
#775 = ADVANCED_FACE ( 'NONE', ( #273, #985, #1847, #946 ), #1837, .F. ) ;
#776 = ORIENTED_EDGE ( 'NONE', *, *, #3, .F. ) ;
#777 = CARTESIAN_POINT ( 'NONE',  ( -0.1309020584585799951, 0.2326148898428319900, 0.07551466864916410449 ) ) ;
#778 = ORIENTED_EDGE ( 'NONE', *, *, #1794, .F. ) ;
#779 = DIRECTION ( 'NONE',  ( -0.5277636339855712455, -0.8493495799786875411, -0.008416509512305575536 ) ) ;
#780 = EDGE_CURVE ( 'NONE', #122, #1723, #260, .T. ) ;
#781 = DIRECTION ( 'NONE',  ( 0.002319452490765379349, 0.008467729446440058760, -0.9999614581063438479 ) ) ;
#782 = DIRECTION ( 'NONE',  ( -0.5277636339855709124, -0.8493495799786879852, -0.008416509512304840013 ) ) ;
#783 = AXIS2_PLACEMENT_3D ( 'NONE', #2134, #2152, #208 ) ;
#784 = CARTESIAN_POINT ( 'NONE',  ( -0.1230740695716703997, 0.2450321681173565080, 0.1137801813096470105 ) ) ;
#785 = VECTOR ( 'NONE', #1976, 1.000000000000000222 ) ;
#786 = CIRCLE ( 'NONE', #2006, 0.004000000000000009624 ) ;
#787 = ORIENTED_EDGE ( 'NONE', *, *, #622, .T. ) ;
#788 = EDGE_CURVE ( 'NONE', #1213, #1054, #451, .T. ) ;
#789 = CARTESIAN_POINT ( 'NONE',  ( -0.1266690346077100071, 0.2299252693928049984, 0.08150194272947489105 ) ) ;
#790 = ORIENTED_EDGE ( 'NONE', *, *, #1869, .T. ) ;
#791 = VECTOR ( 'NONE', #537, 1.000000000000000000 ) ;
#792 = DIRECTION ( 'NONE',  ( -0.002319452490765674252, -0.008467729446439878349, 0.9999614581063438479 ) ) ;
#793 = ORIENTED_EDGE ( 'NONE', *, *, #1714, .F. ) ;
#794 = DIRECTION ( 'NONE',  ( -0.8493881131629329451, 0.5277628146696660139, 0.002498933665447310160 ) ) ;
#795 = CIRCLE ( 'NONE', #1060, 0.02700000000000002398 ) ;
#796 = DIRECTION ( 'NONE',  ( -0.5277636339855692471, -0.8493495799786889844, -0.008416509512304545110 ) ) ;
#797 = DIRECTION ( 'NONE',  ( 0.8493881131629331671, -0.5277628146696661249, -0.002498933665447310593 ) ) ;
#798 = VERTEX_POINT ( 'NONE', #931 ) ;
#799 = PLANE ( 'NONE',  #2281 ) ;
#800 = ADVANCED_FACE ( 'NONE', ( #2175 ), #1825, .T. ) ;
#801 = ORIENTED_EDGE ( 'NONE', *, *, #67, .T. ) ;
#802 = CARTESIAN_POINT ( 'NONE',  ( -0.1166494117004525932, 0.2460341211322819854, 0.08506172536777389936 ) ) ;
#803 = FACE_OUTER_BOUND ( 'NONE', #117, .T. ) ;
#804 = EDGE_CURVE ( 'NONE', #1005, #2098, #1493, .T. ) ;
#805 = ORIENTED_EDGE ( 'NONE', *, *, #332, .F. ) ;
#806 = DIRECTION ( 'NONE',  ( 0.8493881131629331671, -0.5277628146696661249, -0.002498933665447310593 ) ) ;
#807 = CARTESIAN_POINT ( 'NONE',  ( -0.1021794924155614015, 0.2617204594977020071, 0.08982829904015600386 ) ) ;
#808 = LINE ( 'NONE', #934, #228 ) ;
#809 = EDGE_CURVE ( 'NONE', #1254, #524, #649, .T. ) ;
#810 = ORIENTED_EDGE ( 'NONE', *, *, #1256, .T. ) ;
#811 = CARTESIAN_POINT ( 'NONE',  ( -0.1232993155849472083, 0.2277126053807690120, 0.09349148449208920242 ) ) ;
#812 = EDGE_LOOP ( 'NONE', ( #2036, #1981, #801, #359, #85, #988 ) ) ;
#813 = CARTESIAN_POINT ( 'NONE',  ( -0.1166494117004525932, 0.2460341211322819854, 0.08506172536777389936 ) ) ;
#814 = FACE_OUTER_BOUND ( 'NONE', #1182, .T. ) ;
#815 = ORIENTED_EDGE ( 'NONE', *, *, #1486, .T. ) ;
#816 = PLANE ( 'NONE',  #1016 ) ;
#817 = DIRECTION ( 'NONE',  ( -0.8493881131629293924, 0.5277628146696718980, 0.002498933665444446131 ) ) ;
#818 = EDGE_CURVE ( 'NONE', #233, #388, #1701, .T. ) ;
#819 = DIRECTION ( 'NONE',  ( -0.8493881131629331671, 0.5277628146696661249, 0.002498933665447310593 ) ) ;
#820 = ORIENTED_EDGE ( 'NONE', *, *, #23, .T. ) ;
#821 = ORIENTED_EDGE ( 'NONE', *, *, #44, .F. ) ;
#822 = VECTOR ( 'NONE', #1149, 1.000000000000000222 ) ;
#823 = DIRECTION ( 'NONE',  ( 0.8493881131629330561, -0.5277628146696661249, -0.002498933665447310593 ) ) ;
#824 = VECTOR ( 'NONE', #1583, 1.000000000000000000 ) ;
#825 = ORIENTED_EDGE ( 'NONE', *, *, #115, .T. ) ;
#826 = CYLINDRICAL_SURFACE ( 'NONE', #2097, 0.001300000000000004060 ) ;
#827 = VECTOR ( 'NONE', #2197, 1.000000000000000222 ) ;
#828 = FACE_OUTER_BOUND ( 'NONE', #516, .T. ) ;
#829 = VERTEX_POINT ( 'NONE', #2235 ) ;
#830 = CIRCLE ( 'NONE', #1758, 0.004000000000000001818 ) ;
#831 = ORIENTED_EDGE ( 'NONE', *, *, #2223, .T. ) ;
#832 = DIRECTION ( 'NONE',  ( 0.5277636339855709124, 0.8493495799786879852, 0.008416509512304840013 ) ) ;
#833 = CARTESIAN_POINT ( 'NONE',  ( -0.1245994037883761951, 0.2331714402888750148, 0.09939418540368100130 ) ) ;
#834 = VECTOR ( 'NONE', #1334, 1.000000000000000000 ) ;
#835 = ADVANCED_FACE ( 'NONE', ( #124 ), #312, .F. ) ;
#836 = VECTOR ( 'NONE', #943, 1.000000000000000222 ) ;
#837 = DIRECTION ( 'NONE',  ( 0.8493881131629330561, -0.5277628146696661249, -0.002498933665447310593 ) ) ;
#838 = ORIENTED_EDGE ( 'NONE', *, *, #1411, .F. ) ;
#839 = EDGE_LOOP ( 'NONE', ( #1272, #145, #1041, #26 ) ) ;
#840 = CARTESIAN_POINT ( 'NONE',  ( -0.08926153190567161222, 0.2755230429602624764, 0.08497495112103976844 ) ) ;
#841 = ORIENTED_EDGE ( 'NONE', *, *, #1857, .F. ) ;
#842 = DIRECTION ( 'NONE',  ( 0.5277636339855692471, 0.8493495799786889844, 0.008416509512304545110 ) ) ;
#843 = EDGE_CURVE ( 'NONE', #1301, #595, #1020, .T. ) ;
#844 = ORIENTED_EDGE ( 'NONE', *, *, #1396, .T. ) ;
#845 = ORIENTED_EDGE ( 'NONE', *, *, #1652, .F. ) ;
#846 = DIRECTION ( 'NONE',  ( 0.8493881131629329451, -0.5277628146696660139, -0.002498933665447310160 ) ) ;
#847 = CARTESIAN_POINT ( 'NONE',  ( -0.1035256727958180079, 0.2567498092113770225, 0.08178277642724560148 ) ) ;
#848 = FACE_OUTER_BOUND ( 'NONE', #2214, .T. ) ;
#849 = ORIENTED_EDGE ( 'NONE', *, *, #966, .T. ) ;
#850 = LINE ( 'NONE', #336, #1965 ) ;
#851 = ADVANCED_FACE ( 'NONE', ( #1385 ), #816, .T. ) ;
#852 = ORIENTED_EDGE ( 'NONE', *, *, #424, .T. ) ;
#853 = APPROVAL_ROLE ( '' ) ;
#854 = CARTESIAN_POINT ( 'NONE',  ( -0.1036054619615009997, 0.2564585193184180101, 0.1161814505861074043 ) ) ;
#855 = ORIENTED_EDGE ( 'NONE', *, *, #314, .F. ) ;
#856 = CARTESIAN_POINT ( 'NONE',  ( -0.1209682552934810001, 0.2484104355927905239, 0.1160730252373977922 ) ) ;
#857 = ADVANCED_FACE ( 'NONE', ( #1556 ), #520, .T. ) ;
#858 = DIRECTION ( 'NONE',  ( -0.5277636339855692471, -0.8493495799786889844, -0.008416509512304545110 ) ) ;
#859 = CARTESIAN_POINT ( 'NONE',  ( -0.1050741127281576009, 0.2741144710495375114, 0.08992653802875580360 ) ) ;
#860 = ORIENTED_EDGE ( 'NONE', *, *, #346, .T. ) ;
#861 = DIRECTION ( 'NONE',  ( 0.9883675531111479895, 0.1520419781777015145, 0.003580059900853780046 ) ) ;
#862 = VERTEX_POINT ( 'NONE', #674 ) ;
#863 = ADVANCED_FACE ( 'NONE', ( #2271, #1361, #2056, #110 ), #661, .T. ) ;
#864 = PERSON_AND_ORGANIZATION_ROLE ( 'creator' ) ;
#865 = DIRECTION ( 'NONE',  ( 0.5277636339855692471, 0.8493495799786889844, 0.008416509512304545110 ) ) ;
#866 = VECTOR ( 'NONE', #1675, 1.000000000000000000 ) ;
#867 = ORIENTED_EDGE ( 'NONE', *, *, #804, .F. ) ;
#868 = CIRCLE ( 'NONE', #2158, 0.001749999999999991363 ) ;
#869 = LINE ( 'NONE', #365, #234 ) ;
#870 = VECTOR ( 'NONE', #986, 1.000000000000000000 ) ;
#871 = CARTESIAN_POINT ( 'NONE',  ( -0.1035117560808734016, 0.2568006155880555030, 0.07578300767860748910 ) ) ;
#872 = CIRCLE ( 'NONE', #2163, 0.003499999999999992267 ) ;
#873 = EDGE_CURVE ( 'NONE', #994, #2261, #329, .T. ) ;
#874 = AXIS2_PLACEMENT_3D ( 'NONE', #1266, #38, #580 ) ;
#875 = ORIENTED_EDGE ( 'NONE', *, *, #599, .F. ) ;
#876 = DIRECTION ( 'NONE',  ( -0.5277636339855715786, -0.8493495799786875411, -0.008416509512308555790 ) ) ;
#877 = ORIENTED_EDGE ( 'NONE', *, *, #1531, .F. ) ;
#878 = CARTESIAN_POINT ( 'NONE',  ( -0.08690807668274549980, 0.2834789177923650039, 0.08504778085120219544 ) ) ;
#879 = VERTEX_POINT ( 'NONE', #2251 ) ;
#880 = CARTESIAN_POINT ( 'NONE',  ( -0.1076458600271911897, 0.2604034683003115247, 0.1106336971392282015 ) ) ;
#881 = EDGE_CURVE ( 'NONE', #239, #2055, #2099, .T. ) ;
#882 = CARTESIAN_POINT ( 'NONE',  ( -0.1035535062257118000, 0.2566481964580210051, 0.09378231392452170134 ) ) ;
#883 = CARTESIAN_POINT ( 'NONE',  ( -0.1054479957754686087, 0.2535027312473859817, 0.1141520698866018008 ) ) ;
#884 = EDGE_CURVE ( 'NONE', #2260, #1841, #491, .T. ) ;
#885 = ORIENTED_EDGE ( 'NONE', *, *, #952, .F. ) ;
#886 = ORIENTED_EDGE ( 'NONE', *, *, #250, .F. ) ;
#887 = DATE_AND_TIME ( #2283, #1542 ) ;
#888 = PLANE ( 'NONE',  #1251 ) ;
#889 = DIRECTION ( 'NONE',  ( 0.002319452490764230962, 0.008467729446445790287, -0.9999614581063436258 ) ) ;
#890 = EDGE_CURVE ( 'NONE', #798, #477, #1352, .T. ) ;
#891 = DIRECTION ( 'NONE',  ( 0.8493881131629329451, -0.5277628146696660139, -0.002498933665447310160 ) ) ;
#892 = CARTESIAN_POINT ( 'NONE',  ( -0.1078340316597356102, 0.2696104644846195053, 0.1030540766543504017 ) ) ;
#893 = ORIENTED_EDGE ( 'NONE', *, *, #155, .T. ) ;
#894 = VERTEX_POINT ( 'NONE', #1921 ) ;
#895 = CARTESIAN_POINT ( 'NONE',  ( -0.08705312281144798880, 0.2741508596421213251, 0.08496845389350961286 ) ) ;
#896 = VECTOR ( 'NONE', #14, 1.000000000000000000 ) ;
#897 = CARTESIAN_POINT ( 'NONE',  ( -0.1148295109292442051, 0.2516568229024854775, 0.1164147664640743929 ) ) ;
#898 = AXIS2_PLACEMENT_3D ( 'NONE', #193, #540, #921 ) ;
#899 = CARTESIAN_POINT ( 'NONE',  ( -0.1242353434839218035, 0.2338375280116789801, 0.08246382950393750522 ) ) ;
#900 = VECTOR ( 'NONE', #1293, 1.000000000000000222 ) ;
#901 = EDGE_CURVE ( 'NONE', #951, #998, #1712, .T. ) ;
#902 = VECTOR ( 'NONE', #2287, 1.000000000000000222 ) ;
#903 = DIRECTION ( 'NONE',  ( 0.002319452490765534607, 0.008467729446439968555, -0.9999614581063438479 ) ) ;
#904 = VECTOR ( 'NONE', #2116, 1.000000000000000222 ) ;
#905 = ADVANCED_FACE ( 'NONE', ( #1912 ), #1545, .T. ) ;
#906 = ORIENTED_EDGE ( 'NONE', *, *, #843, .F. ) ;
#907 = ORIENTED_EDGE ( 'NONE', *, *, #1952, .T. ) ;
#908 = APPROVAL_PERSON_ORGANIZATION ( #438, #2110, #1407 ) ;
#909 = CARTESIAN_POINT ( 'NONE',  ( -0.1240064021377727949, 0.2435474896192665051, 0.1104371169273342113 ) ) ;
#910 = LINE ( 'NONE', #1616, #692 ) ;
#911 = FACE_BOUND ( 'NONE', #485, .T. ) ;
#912 = CARTESIAN_POINT ( 'NONE',  ( -0.09060242212064449630, 0.2775334707325144978, 0.08498886528461610523 ) ) ;
#913 = DIRECTION ( 'NONE',  ( -0.8493881131629329451, 0.5277628146696660139, 0.002498933665447625012 ) ) ;
#914 = ORIENTED_EDGE ( 'NONE', *, *, #23, .F. ) ;
#915 = ORIENTED_EDGE ( 'NONE', *, *, #294, .F. ) ;
#916 = EDGE_CURVE ( 'NONE', #624, #1247, #2194, .T. ) ;
#917 = CYLINDRICAL_SURFACE ( 'NONE', #1320, 0.004000000000000006155 ) ;
#918 = CARTESIAN_POINT ( 'NONE',  ( -0.08816892462101359740, 0.2747946126539594913, 0.08997150979780639546 ) ) ;
#919 = CARTESIAN_POINT ( 'NONE',  ( -0.08576151593320789635, 0.2787352339761140496, 0.07600992367712300357 ) ) ;
#920 = ORIENTED_EDGE ( 'NONE', *, *, #2023, .T. ) ;
#921 = DIRECTION ( 'NONE',  ( 0.5277636339855692471, 0.8493495799786889844, 0.008416509512304545110 ) ) ;
#922 = CARTESIAN_POINT ( 'NONE',  ( -0.1220192028387269978, 0.2269429772553250013, 0.09088783630051819329 ) ) ;
#923 = DIRECTION ( 'NONE',  ( 0.002319452490765534607, 0.008467729446439968555, -0.9999614581063438479 ) ) ;
#924 = VERTEX_POINT ( 'NONE', #2221 ) ;
#925 = ORIENTED_EDGE ( 'NONE', *, *, #1322, .T. ) ;
#926 = DIRECTION ( 'NONE',  ( -0.8493881131629329451, 0.5277628146696660139, 0.002498933665447429855 ) ) ;
#927 = ADVANCED_FACE ( 'NONE', ( #2042 ), #465, .T. ) ;
#928 = DIRECTION ( 'NONE',  ( 0.002319452490765639557, 0.008467729446439899166, -0.9999614581063438479 ) ) ;
#929 = CARTESIAN_POINT ( 'NONE',  ( -0.08230325010557790200, 0.2817950058619293485, 0.08504420247912042319 ) ) ;
#930 = CIRCLE ( 'NONE', #1244, 0.004000000000000001818 ) ;
#931 = CARTESIAN_POINT ( 'NONE',  ( -0.1273930013364648339, 0.2381532417304196847, 0.09857059362481802867 ) ) ;
#932 = CARTESIAN_POINT ( 'NONE',  ( -0.1120589579152332094, 0.2428350551209735031, 0.1200466322663360091 ) ) ;
#933 = AXIS2_PLACEMENT_3D ( 'NONE', #1350, #287, #2264 ) ;
#934 = CARTESIAN_POINT ( 'NONE',  ( -0.08604111826546570474, 0.2516929660189785034, 0.08978081930051250159 ) ) ;
#935 = VECTOR ( 'NONE', #1567, 1.000000000000000000 ) ;
#936 = ADVANCED_FACE ( 'NONE', ( #969 ), #2122, .F. ) ;
#937 = CIRCLE ( 'NONE', #1431, 0.005400000000000001153 ) ;
#938 = VERTEX_POINT ( 'NONE', #2167 ) ;
#939 = VECTOR ( 'NONE', #1382, 1.000000000000000000 ) ;
#940 = CARTESIAN_POINT ( 'NONE',  ( -0.1035117560808734016, 0.2568006155880555030, 0.07578300767860748910 ) ) ;
#941 = VERTEX_POINT ( 'NONE', #216 ) ;
#942 = CIRCLE ( 'NONE', #2243, 0.001300000000000004060 ) ;
#943 = DIRECTION ( 'NONE',  ( -0.8493881131629329451, 0.5277628146696660139, 0.002498933665447310160 ) ) ;
#944 = DIRECTION ( 'NONE',  ( -0.8493881131629331671, 0.5277628146696661249, 0.002498933665447310593 ) ) ;
#945 = ORIENTED_EDGE ( 'NONE', *, *, #966, .F. ) ;
#946 = FACE_OUTER_BOUND ( 'NONE', #1585, .T. ) ;
#947 = DIRECTION ( 'NONE',  ( -0.5277636339855709124, -0.8493495799786879852, -0.008416509512304840013 ) ) ;
#948 = EDGE_CURVE ( 'NONE', #122, #1254, #1826, .T. ) ;
#949 = DIRECTION ( 'NONE',  ( -0.8493881131629331671, 0.5277628146696661249, 0.002498933665447310593 ) ) ;
#950 = ORIENTED_EDGE ( 'NONE', *, *, #1300, .F. ) ;
#951 = VERTEX_POINT ( 'NONE', #1640 ) ;
#952 = EDGE_CURVE ( 'NONE', #673, #1213, #241, .T. ) ;
#953 = CARTESIAN_POINT ( 'NONE',  ( -0.1029420696930010010, 0.2680642288627572700, 0.09153716771357106596 ) ) ;
#954 = VERTEX_POINT ( 'NONE', #74 ) ;
#955 = DIRECTION ( 'NONE',  ( -0.8493881131629293924, 0.5277628146696718980, 0.002498933665444446131 ) ) ;
#956 = DIRECTION ( 'NONE',  ( 0.8493881131629326120, -0.5277628146696667910, -0.002498933665447523531 ) ) ;
#957 = ORIENTED_EDGE ( 'NONE', *, *, #1671, .F. ) ;
#958 = CARTESIAN_POINT ( 'NONE',  ( -0.1081833907032696135, 0.2597033110687385071, 0.07579675181376750726 ) ) ;
#959 = CARTESIAN_POINT ( 'NONE',  ( -0.1082707339876536057, 0.2593844430151490132, 0.1134521546967879879 ) ) ;
#960 = DIRECTION ( 'NONE',  ( 0.5277636339855692471, 0.8493495799786889844, 0.008416509512304545110 ) ) ;
#961 = ORIENTED_EDGE ( 'NONE', *, *, #453, .F. ) ;
#962 = FACE_OUTER_BOUND ( 'NONE', #1049, .T. ) ;
#963 = EDGE_LOOP ( 'NONE', ( #838, #950, #6, #1694 ) ) ;
#964 = DIRECTION ( 'NONE',  ( 0.5511504283509907065, -0.8343858301393137777, -0.005787209279742603837 ) ) ;
#965 = CARTESIAN_POINT ( 'NONE',  ( -0.08576151593320789635, 0.2787352339761140496, 0.07600992367712300357 ) ) ;
#966 = EDGE_CURVE ( 'NONE', #122, #664, #66, .T. ) ;
#967 = VERTEX_POINT ( 'NONE', #1103 ) ;
#968 = CARTESIAN_POINT ( 'NONE',  ( -0.1266551178927652066, 0.2299760757694835067, 0.07550217398083679254 ) ) ;
#969 = FACE_OUTER_BOUND ( 'NONE', #742, .T. ) ;
#970 = VECTOR ( 'NONE', #731, 1.000000000000000222 ) ;
#971 = DIRECTION ( 'NONE',  ( -0.8493881131629331671, 0.5277628146696661249, 0.002498933665447310593 ) ) ;
#972 = CC_DESIGN_PERSON_AND_ORGANIZATION_ASSIGNMENT ( #1257, #135, ( #1909 ) ) ;
#973 = EDGE_CURVE ( 'NONE', #289, #1685, #541, .T. ) ;
#974 = EDGE_LOOP ( 'NONE', ( #1319, #1001, #1222, #2228 ) ) ;
#975 = CIRCLE ( 'NONE', #606, 0.003499999999999992267 ) ;
#976 = ORIENTED_EDGE ( 'NONE', *, *, #780, .F. ) ;
#977 = DIRECTION ( 'NONE',  ( -0.002319452490765744508, -0.008467729446439838450, 0.9999614581063438479 ) ) ;
#978 = EDGE_CURVE ( 'NONE', #862, #244, #614, .T. ) ;
#979 = AXIS2_PLACEMENT_3D ( 'NONE', #716, #1772, #1741 ) ;
#980 = ORIENTED_EDGE ( 'NONE', *, *, #360, .F. ) ;
#981 = PERSON_AND_ORGANIZATION ( #1166, #548 ) ;
#982 = CARTESIAN_POINT ( 'NONE',  ( -0.1101254984387549929, 0.2660277912680595325, 0.08082741903580109577 ) ) ;
#983 = SECURITY_CLASSIFICATION ( '', '', #1950 ) ;
#984 = EDGE_LOOP ( 'NONE', ( #1360, #144, #1393, #1311, #2226, #2103 ) ) ;
#985 = FACE_BOUND ( 'NONE', #347, .T. ) ;
#986 = DIRECTION ( 'NONE',  ( 0.002319452490765744508, 0.008467729446439838450, -0.9999614581063438479 ) ) ;
#987 = CARTESIAN_POINT ( 'NONE',  ( -0.08708048618478800296, 0.2841251353424569803, 0.09005304586332280037 ) ) ;
#988 = ORIENTED_EDGE ( 'NONE', *, *, #1462, .T. ) ;
#989 = CARTESIAN_POINT ( 'NONE',  ( -0.1143962106650544680, 0.2496811148567559535, 0.08069766511752962668 ) ) ;
#990 = VERTEX_POINT ( 'NONE', #261 ) ;
#991 = EDGE_CURVE ( 'NONE', #1389, #179, #2124, .T. ) ;
#992 = DIRECTION ( 'NONE',  ( 0.002319452490765747110, 0.008467729446439840185, -0.9999614581063438479 ) ) ;
#993 = DIRECTION ( 'NONE',  ( 0.8493881131629330561, -0.5277628146696661249, -0.002498933665447525265 ) ) ;
#994 = VERTEX_POINT ( 'NONE', #2008 ) ;
#995 = CARTESIAN_POINT ( 'NONE',  ( -0.1130391413866474043, 0.2584473543566815357, 0.09117544675314490088 ) ) ;
#996 = DIRECTION ( 'NONE',  ( 0.5277636339855779068, 0.8493495799786835443, 0.008416509512304628376 ) ) ;
#997 = LINE ( 'NONE', #141, #1901 ) ;
#998 = VERTEX_POINT ( 'NONE', #41 ) ;
#999 = DIRECTION ( 'NONE',  ( -0.5277636339855718006, -0.8493495799786874301, -0.008416509512304529497 ) ) ;
#1000 = FACE_BOUND ( 'NONE', #114, .T. ) ;
#1001 = ORIENTED_EDGE ( 'NONE', *, *, #1864, .F. ) ;
#1002 = CARTESIAN_POINT ( 'NONE',  ( -0.09717832081443850134, 0.2848547734902759920, 0.1052368880081002017 ) ) ;
#1003 = CARTESIAN_POINT ( 'NONE',  ( -0.1147654940404990026, 0.2518905322352075205, 0.08881583022033939789 ) ) ;
#1004 = ADVANCED_FACE ( 'NONE', ( #441 ), #1653, .F. ) ;
#1005 = VERTEX_POINT ( 'NONE', #1947 ) ;
#1006 = ORIENTED_EDGE ( 'NONE', *, *, #158, .T. ) ;
#1007 = DIRECTION ( 'NONE',  ( -0.5277636339855692471, -0.8493495799786889844, -0.008416509512304545110 ) ) ;
#1008 = DIRECTION ( 'NONE',  ( -0.8493881131629329451, 0.5277628146696660139, 0.002498933665447310160 ) ) ;
#1009 = FACE_OUTER_BOUND ( 'NONE', #7, .T. ) ;
#1010 = EDGE_LOOP ( 'NONE', ( #696, #1141, #769, #711 ) ) ;
#1011 = CARTESIAN_POINT ( 'NONE',  ( -0.08579398826807860257, 0.2786166857638634475, 0.09000938409061179368 ) ) ;
#1012 = AXIS2_PLACEMENT_3D ( 'NONE', #1233, #700, #1413 ) ;
#1013 = CYLINDRICAL_SURFACE ( 'NONE', #1282, 0.004000000000000005287 ) ;
#1014 = VECTOR ( 'NONE', #1418, 1.000000000000000222 ) ;
#1015 = ORIENTED_EDGE ( 'NONE', *, *, #568, .T. ) ;
#1016 = AXIS2_PLACEMENT_3D ( 'NONE', #2068, #1527, #1874 ) ;
#1017 = FACE_OUTER_BOUND ( 'NONE', #1351, .T. ) ;
#1018 = ORIENTED_EDGE ( 'NONE', *, *, #202, .T. ) ;
#1019 = ORIENTED_EDGE ( 'NONE', *, *, #1134, .F. ) ;
#1020 = LINE ( 'NONE', #1227, #1936 ) ;
#1021 = CYLINDRICAL_SURFACE ( 'NONE', #1679, 0.004000000000000001818 ) ;
#1022 = CIRCLE ( 'NONE', #170, 0.001300000000000004060 ) ;
#1023 = EDGE_CURVE ( 'NONE', #490, #617, #1465, .T. ) ;
#1024 = CARTESIAN_POINT ( 'NONE',  ( -0.1220864669609589975, 0.2266974131013784755, 0.1198867185856022088 ) ) ;
#1025 = VERTEX_POINT ( 'NONE', #1986 ) ;
#1026 = ORIENTED_EDGE ( 'NONE', *, *, #684, .T. ) ;
#1027 = FACE_OUTER_BOUND ( 'NONE', #1549, .T. ) ;
#1028 = ORIENTED_EDGE ( 'NONE', *, *, #1453, .F. ) ;
#1029 = COORDINATED_UNIVERSAL_TIME_OFFSET ( 2, 0, .AHEAD. ) ;
#1030 = CARTESIAN_POINT ( 'NONE',  ( -0.1094115577710892823, 0.2471131336198191530, 0.1163888574189039515 ) ) ;
#1031 = ORIENTED_EDGE ( 'NONE', *, *, #1881, .T. ) ;
#1032 = EDGE_LOOP ( 'NONE', ( #1028, #712, #1255, #1587 ) ) ;
#1033 = CARTESIAN_POINT ( 'NONE',  ( -0.1266769207461783953, 0.2298964791126869855, 0.08490181168704009906 ) ) ;
#1034 = DIRECTION ( 'NONE',  ( -0.8493881131629329451, 0.5277628146696660139, 0.002498933665447310160 ) ) ;
#1035 = DIRECTION ( 'NONE',  ( -0.002319452490765529402, -0.008467729446439968555, 0.9999614581063438479 ) ) ;
#1036 = EDGE_CURVE ( 'NONE', #1025, #1191, #1392, .T. ) ;
#1037 = DIRECTION ( 'NONE',  ( 0.3918254855541749571, 0.6274226462001200044, 0.6729142678718249559 ) ) ;
#1038 = ORIENTED_EDGE ( 'NONE', *, *, #324, .T. ) ;
#1039 = CALENDAR_DATE ( 2026, 6, 9 ) ;
#1040 = CARTESIAN_POINT ( 'NONE',  ( -0.07500774493962890366, 0.2883965286248864612, 0.09011721948912231051 ) ) ;
#1041 = ORIENTED_EDGE ( 'NONE', *, *, #1819, .T. ) ;
#1042 = DIRECTION ( 'NONE',  ( 0.8493881131629331671, -0.5277628146696661249, -0.002498933665447310593 ) ) ;
#1043 = EDGE_CURVE ( 'NONE', #2098, #471, #315, .T. ) ;
#1044 = DIRECTION ( 'NONE',  ( -0.8493881131629329451, 0.5277628146696660139, 0.002498933665447429855 ) ) ;
#1045 = CC_DESIGN_PERSON_AND_ORGANIZATION_ASSIGNMENT ( #517, #1235, ( #1909 ) ) ;
#1046 = VERTEX_POINT ( 'NONE', #432 ) ;
#1047 = ORIENTED_EDGE ( 'NONE', *, *, #221, .F. ) ;
#1048 = EDGE_CURVE ( 'NONE', #1600, #2260, #1861, .T. ) ;
#1049 = EDGE_LOOP ( 'NONE', ( #1078, #81, #867, #725, #113, #513 ) ) ;
#1050 = AXIS2_PLACEMENT_3D ( 'NONE', #1946, #573, #1270 ) ;
#1051 = EDGE_CURVE ( 'NONE', #1579, #1776, #1787, .T. ) ;
#1052 = CARTESIAN_POINT ( 'NONE',  ( -0.08026682565955839399, 0.2799707746606714953, 0.08203336272914850402 ) ) ;
#1053 = AXIS2_PLACEMENT_3D ( 'NONE', #1829, #949, #68 ) ;
#1054 = VERTEX_POINT ( 'NONE', #959 ) ;
#1055 = AXIS2_PLACEMENT_3D ( 'NONE', #626, #2252, #1375 ) ;
#1056 = LINE ( 'NONE', #162, #791 ) ;
#1057 = VECTOR ( 'NONE', #1779, 1.000000000000000000 ) ;
#1058 = EDGE_CURVE ( 'NONE', #490, #879, #764, .T. ) ;
#1059 = CARTESIAN_POINT ( 'NONE',  ( -0.1106850939540593159, 0.2555261824314943864, 0.1076568063836032402 ) ) ;
#1060 = AXIS2_PLACEMENT_3D ( 'NONE', #306, #107, #2037 ) ;
#1061 = FACE_OUTER_BOUND ( 'NONE', #1816, .T. ) ;
#1062 = ORIENTED_EDGE ( 'NONE', *, *, #3, .T. ) ;
#1063 = DATE_AND_TIME ( #2106, #93 ) ;
#1064 = FACE_OUTER_BOUND ( 'NONE', #1832, .T. ) ;
#1065 = EDGE_CURVE ( 'NONE', #239, #1783, #2087, .T. ) ;
#1066 = EDGE_LOOP ( 'NONE', ( #1647, #2034, #335, #1499 ) ) ;
#1067 = FACE_OUTER_BOUND ( 'NONE', #1066, .T. ) ;
#1068 = DIRECTION ( 'NONE',  ( 0.8493881131629329451, -0.5277628146696660139, -0.002498933665447310160 ) ) ;
#1069 = CARTESIAN_POINT ( 'NONE',  ( -0.1309020584585799951, 0.2326148898428319900, 0.07551466864916410449 ) ) ;
#1070 = ORIENTED_EDGE ( 'NONE', *, *, #780, .T. ) ;
#1071 = ORIENTED_EDGE ( 'NONE', *, *, #1242, .T. ) ;
#1072 = CARTESIAN_POINT ( 'NONE',  ( -0.1118928005930060060, 0.2630422823736600080, 0.1106461918075554024 ) ) ;
#1073 = CC_DESIGN_DATE_AND_TIME_ASSIGNMENT ( #1210, #1381, ( #983 ) ) ;
#1074 = DIRECTION ( 'NONE',  ( 0.8493881131629326120, -0.5277628146696667910, -0.002498933665447523531 ) ) ;
#1075 = EDGE_CURVE ( 'NONE', #1365, #323, #786, .T. ) ;
#1076 = CARTESIAN_POINT ( 'NONE',  ( -0.1284822840497364116, 0.2364763420850275188, 0.08247632417226480328 ) ) ;
#1077 = DIRECTION ( 'NONE',  ( 0.8493881131629330561, -0.5277628146696661249, -0.002498933665447309726 ) ) ;
#1078 = ORIENTED_EDGE ( 'NONE', *, *, #391, .T. ) ;
#1079 = EDGE_LOOP ( 'NONE', ( #305, #1296, #327, #825 ) ) ;
#1080 = EDGE_CURVE ( 'NONE', #257, #1579, #1508, .T. ) ;
#1081 = DIRECTION ( 'NONE',  ( 0.8493881131629329451, -0.5277628146696660139, -0.002498933665447310160 ) ) ;
#1082 = CIRCLE ( 'NONE', #1672, 0.004000000000000001818 ) ;
#1083 = ORIENTED_EDGE ( 'NONE', *, *, #28, .F. ) ;
#1084 = LINE ( 'NONE', #2147, #836 ) ;
#1085 = CIRCLE ( 'NONE', #898, 0.004000000000000001818 ) ;
#1086 = DIRECTION ( 'NONE',  ( -0.8493881131629331671, 0.5277628146696661249, 0.002498933665447310593 ) ) ;
#1087 = AXIS2_PLACEMENT_3D ( 'NONE', #452, #1860, #996 ) ;
#1088 = CARTESIAN_POINT ( 'NONE',  ( -0.09742961970969120367, 0.2693646057175104747, 0.08990404762576680031 ) ) ;
#1089 = VECTOR ( 'NONE', #476, 1.000000000000000000 ) ;
#1090 = EDGE_CURVE ( 'NONE', #198, #1934, #1677, .T. ) ;
#1091 = ORIENTED_EDGE ( 'NONE', *, *, #61, .F. ) ;
#1092 = VECTOR ( 'NONE', #1710, 1.000000000000000000 ) ;
#1093 = CARTESIAN_POINT ( 'NONE',  ( -0.1309302183166940192, 0.2325120853832834955, 0.08765493575619751065 ) ) ;
#1094 = VECTOR ( 'NONE', #1565, 1.000000000000000222 ) ;
#1095 = ORIENTED_EDGE ( 'NONE', *, *, #1773, .F. ) ;
#1096 = ORIENTED_EDGE ( 'NONE', *, *, #1338, .F. ) ;
#1097 = APPROVAL_PERSON_ORGANIZATION ( #1757, #1144, #348 ) ;
#1098 = CARTESIAN_POINT ( 'NONE',  ( -0.1082076751003417936, 0.2596594063832065036, 0.07681493898712569990 ) ) ;
#1099 = DIRECTION ( 'NONE',  ( -0.5277636339855772407, -0.8493495799786839884, -0.008416509512308519361 ) ) ;
#1100 = LINE ( 'NONE', #64, #168 ) ;
#1101 = ORIENTED_EDGE ( 'NONE', *, *, #301, .F. ) ;
#1102 = CARTESIAN_POINT ( 'NONE',  ( -0.1125490379461049767, 0.2526538383866813731, 0.08072712290082270647 ) ) ;
#1103 = CARTESIAN_POINT ( 'NONE',  ( -0.09746936268504309553, 0.2576165725605945034, 0.08980447243970679505 ) ) ;
#1104 = CARTESIAN_POINT ( 'NONE',  ( -0.08451165919980152541, 0.2831671891800704999, 0.08505069970665057877 ) ) ;
#1105 = ORIENTED_EDGE ( 'NONE', *, *, #531, .T. ) ;
#1106 = VERTEX_POINT ( 'NONE', #847 ) ;
#1107 = CARTESIAN_POINT ( 'NONE',  ( -0.07498918931970269264, 0.2884642704604580277, 0.08211752782427150787 ) ) ;
#1108 = CARTESIAN_POINT ( 'NONE',  ( -0.1140981094239617993, 0.2397001564138984964, 0.08901416102699009902 ) ) ;
#1109 = CARTESIAN_POINT ( 'NONE',  ( -0.1177819581433959956, 0.2535785087729574561, 0.1076238519005639910 ) ) ;
#1110 = EDGE_LOOP ( 'NONE', ( #1870, #1346, #701, #131 ) ) ;
#1111 = EDGE_CURVE ( 'NONE', #879, #635, #975, .T. ) ;
#1112 = FACE_OUTER_BOUND ( 'NONE', #1711, .T. ) ;
#1113 = EDGE_CURVE ( 'NONE', #593, #364, #466, .T. ) ;
#1114 = CARTESIAN_POINT ( 'NONE',  ( -0.1282933931710320274, 0.2367515572599215024, 0.08855625015210799589 ) ) ;
#1115 = CARTESIAN_POINT ( 'NONE',  ( -0.1240696471301249992, 0.2340280658921090051, 0.09854337006484420458 ) ) ;
#1116 = ORIENTED_EDGE ( 'NONE', *, *, #973, .T. ) ;
#1117 = CARTESIAN_POINT ( 'NONE',  ( -0.08341905191514349671, 0.2824387588737680144, 0.09004725838341720578 ) ) ;
#1118 = EDGE_CURVE ( 'NONE', #2117, #1534, #1528, .T. ) ;
#1119 = CARTESIAN_POINT ( 'NONE',  ( -0.08180284984493228773, 0.2926186311422440123, 0.09013721095844590137 ) ) ;
#1120 = DIRECTION ( 'NONE',  ( -0.002319452490765639991, -0.008467729446439899166, 0.9999614581063437369 ) ) ;
#1121 = VERTEX_POINT ( 'NONE', #1175 ) ;
#1122 = AXIS2_PLACEMENT_3D ( 'NONE', #1979, #2143, #1421 ) ;
#1123 = FACE_OUTER_BOUND ( 'NONE', #1286, .T. ) ;
#1124 = PLANE ( 'NONE',  #2192 ) ;
#1125 = AXIS2_PLACEMENT_3D ( 'NONE', #1628, #773, #750 ) ;
#1126 = VECTOR ( 'NONE', #1836, 1.000000000000000222 ) ;
#1127 = ORIENTED_EDGE ( 'NONE', *, *, #722, .T. ) ;
#1128 = CIRCLE ( 'NONE', #1642, 0.001749999999999991363 ) ;
#1129 = LINE ( 'NONE', #70, #1975 ) ;
#1130 = VERTEX_POINT ( 'NONE', #299 ) ;
#1131 = AXIS2_PLACEMENT_3D ( 'NONE', #95, #2256, #1379 ) ;
#1132 = CYLINDRICAL_SURFACE ( 'NONE', #1683, 0.001300000000000004060 ) ;
#1133 = LINE ( 'NONE', #52, #1126 ) ;
#1134 = EDGE_CURVE ( 'NONE', #2174, #1907, #1574, .T. ) ;
#1135 = ORIENTED_EDGE ( 'NONE', *, *, #1180, .F. ) ;
#1136 = CARTESIAN_POINT ( 'NONE',  ( -0.1251851241076127885, 0.2416347697974415010, 0.1137465152715975980 ) ) ;
#1137 = CARTESIAN_POINT ( 'NONE',  ( -0.08706193056486188908, 0.2841928771780284912, 0.08205335419847210876 ) ) ;
#1138 = CARTESIAN_POINT ( 'NONE',  ( -0.1143017472952586461, 0.2525061724824641529, 0.1164231829735866974 ) ) ;
#1139 = ORIENTED_EDGE ( 'NONE', *, *, #2248, .F. ) ;
#1140 = FACE_BOUND ( 'NONE', #1264, .T. ) ;
#1141 = ORIENTED_EDGE ( 'NONE', *, *, #37, .F. ) ;
#1142 = CARTESIAN_POINT ( 'NONE',  ( -0.1220725502460144052, 0.2267482194780570115, 0.1138869498369641936 ) ) ;
#1143 = DIRECTION ( 'NONE',  ( 0.8493881131629330561, -0.5277628146696661249, -0.002498933665447309726 ) ) ;
#1144 = APPROVAL ( #499, 'UNSPECIFIED' ) ;
#1145 = DIRECTION ( 'NONE',  ( 0.5277636339855779068, 0.8493495799786835443, 0.008416509512304628376 ) ) ;
#1146 = EDGE_CURVE ( 'NONE', #1285, #376, #868, .T. ) ;
#1147 = CARTESIAN_POINT ( 'NONE',  ( -0.08095540153313270093, 0.2798099812780169837, 0.08203040394122500245 ) ) ;
#1148 = EDGE_CURVE ( 'NONE', #257, #951, #111, .T. ) ;
#1149 = DIRECTION ( 'NONE',  ( -0.8493881131629329451, 0.5277628146696660139, 0.002498933665447310160 ) ) ;
#1150 = EDGE_LOOP ( 'NONE', ( #1948, #1406, #1221, #96 ) ) ;
#1151 = FACE_OUTER_BOUND ( 'NONE', #2013, .T. ) ;
#1152 = VERTEX_POINT ( 'NONE', #140 ) ;
#1153 = LINE ( 'NONE', #813, #1170 ) ;
#1154 = CARTESIAN_POINT ( 'NONE',  ( -0.1193577995971735750, 0.2482003768190682857, 0.1075746543486994083 ) ) ;
#1155 = EDGE_LOOP ( 'NONE', ( #447, #2206, #211, #1956 ) ) ;
#1156 = ORIENTED_EDGE ( 'NONE', *, *, #263, .F. ) ;
#1157 = FACE_OUTER_BOUND ( 'NONE', #812, .T. ) ;
#1158 = DIRECTION ( 'NONE',  ( 0.5511504283509907065, -0.8343858301393137777, -0.005787209279742603837 ) ) ;
#1159 = AXIS2_PLACEMENT_3D ( 'NONE', #1840, #591, #1519 ) ;
#1160 = DIRECTION ( 'NONE',  ( -0.8493881131629340553, 0.5277628146696641265, 0.002498933665447126713 ) ) ;
#1161 = EDGE_CURVE ( 'NONE', #2258, #2098, #1557, .T. ) ;
#1162 = VECTOR ( 'NONE', #1008, 1.000000000000000222 ) ;
#1163 = ORIENTED_EDGE ( 'NONE', *, *, #1589, .F. ) ;
#1164 = CARTESIAN_POINT ( 'NONE',  ( -0.1103610268779764009, 0.2655871043319645297, 0.09384221876605809698 ) ) ;
#1165 = AXIS2_PLACEMENT_3D ( 'NONE', #1568, #1931, #559 ) ;
#1166 = PERSON ( 'UNSPECIFIED', 'UNSPECIFIED', 'UNSPECIFIED', ('UNSPECIFIED'), ('UNSPECIFIED'), ('UNSPECIFIED') ) ;
#1167 = VERTEX_POINT ( 'NONE', #2057 ) ;
#1168 = CIRCLE ( 'NONE', #467, 0.001749999999999991363 ) ;
#1169 = DIRECTION ( 'NONE',  ( 0.5277636339855709124, 0.8493495799786879852, 0.008416509512304840013 ) ) ;
#1170 = VECTOR ( 'NONE', #1659, 1.000000000000000222 ) ;
#1171 = EDGE_LOOP ( 'NONE', ( #1416, #844, #1323, #337 ) ) ;
#1172 = ORIENTED_EDGE ( 'NONE', *, *, #991, .T. ) ;
#1173 = CARTESIAN_POINT ( 'NONE',  ( -0.09717832081443850134, 0.2848547734902759920, 0.1052368880081002017 ) ) ;
#1174 = CC_DESIGN_APPROVAL ( #331, ( #983 ) ) ;
#1175 = CARTESIAN_POINT ( 'NONE',  ( -0.08367051798517127770, 0.2772972787271897332, 0.09000313675644817935 ) ) ;
#1176 = DIRECTION ( 'NONE',  ( 0.5277636339855710235, 0.8493495799786879852, 0.008416509512304840013 ) ) ;
#1177 = CC_DESIGN_PERSON_AND_ORGANIZATION_ASSIGNMENT ( #2268, #713, ( #983 ) ) ;
#1178 = ORIENTED_EDGE ( 'NONE', *, *, #2288, .F. ) ;
#1179 = ORIENTED_EDGE ( 'NONE', *, *, #809, .F. ) ;
#1180 = EDGE_CURVE ( 'NONE', #1834, #1121, #492, .T. ) ;
#1181 = CARTESIAN_POINT ( 'NONE',  ( -0.1288463443541910114, 0.2358102543622229985, 0.09940668007200820222 ) ) ;
#1182 = EDGE_LOOP ( 'NONE', ( #1096, #980, #1911, #793 ) ) ;
#1183 = CARTESIAN_POINT ( 'NONE',  ( -0.08342758043818480906, 0.2824076234114210049, 0.09372407192876859583 ) ) ;
#1184 = CARTESIAN_POINT ( 'NONE',  ( -0.1098054298141016016, 0.2665380666653004993, 0.08185109777829430167 ) ) ;
#1185 = ORIENTED_EDGE ( 'NONE', *, *, #2223, .F. ) ;
#1186 = DESIGN_CONTEXT ( 'detailed design', #1797, 'design' ) ;
#1187 = CARTESIAN_POINT ( 'NONE',  ( -0.08928165769116670758, 0.2754495688506835571, 0.09365157195692287717 ) ) ;
#1188 = DIRECTION ( 'NONE',  ( -0.8493881131629358316, 0.5277628146696613509, 0.002498933665448119408 ) ) ;
#1189 = ADVANCED_FACE ( 'NONE', ( #675 ), #330, .F. ) ;
#1190 = DIRECTION ( 'NONE',  ( 0.5277636339855709124, 0.8493495799786879852, 0.008416509512304970117 ) ) ;
#1191 = VERTEX_POINT ( 'NONE', #480 ) ;
#1192 = CARTESIAN_POINT ( 'NONE',  ( -0.1029057543634143979, 0.2681968068685244844, 0.07588091690889049723 ) ) ;
#1193 = DIRECTION ( 'NONE',  ( -0.5277636339855709124, -0.8493495799786879852, -0.008416509512304840013 ) ) ;
#1194 = ORIENTED_EDGE ( 'NONE', *, *, #768, .T. ) ;
#1195 = DIRECTION ( 'NONE',  ( 0.8493881131629329451, -0.5277628146696660139, -0.002498933665447310160 ) ) ;
#1196 = CARTESIAN_POINT ( 'NONE',  ( -0.1098054298141016016, 0.2665380666653004993, 0.08185109777829430167 ) ) ;
#1197 = ADVANCED_FACE ( 'NONE', ( #2083 ), #507, .T. ) ;
#1198 = ORIENTED_EDGE ( 'NONE', *, *, #382, .F. ) ;
#1199 = ORIENTED_EDGE ( 'NONE', *, *, #1765, .T. ) ;
#1200 = DIRECTION ( 'NONE',  ( 0.2908206902046916453, 0.4640888018997101905, 0.8366868650218900472 ) ) ;
#1201 = DIRECTION ( 'NONE',  ( 0.8493881131629329451, -0.5277628146696660139, -0.002498933665447310160 ) ) ;
#1202 = CARTESIAN_POINT ( 'NONE',  ( -0.1044642729110590029, 0.2656791552995305117, 0.07785605933256589672 ) ) ;
#1203 = EDGE_CURVE ( 'NONE', #829, #1389, #1887, .T. ) ;
#1204 = CIRCLE ( 'NONE', #1782, 0.009999999999999984596 ) ;
#1205 = EDGE_LOOP ( 'NONE', ( #1355, #693, #1718, #288 ) ) ;
#1206 = DIRECTION ( 'NONE',  ( -0.8493881131629349435, 0.5277628146696630163, 0.002498933665445733296 ) ) ;
#1207 = DIRECTION ( 'NONE',  ( -0.8493881131629331671, 0.5277628146696661249, 0.002498933665447310593 ) ) ;
#1208 = VECTOR ( 'NONE', #366, 1.000000000000000000 ) ;
#1209 = EDGE_LOOP ( 'NONE', ( #218, #563, #497, #1930, #2126 ) ) ;
#1210 = DATE_AND_TIME ( #669, #2053 ) ;
#1211 = AXIS2_PLACEMENT_3D ( 'NONE', #600, #2176, #1848 ) ;
#1212 = CYLINDRICAL_SURFACE ( 'NONE', #203, 0.001749999999999998735 ) ;
#1213 = VERTEX_POINT ( 'NONE', #1216 ) ;
#1214 = ORIENTED_EDGE ( 'NONE', *, *, #2123, .T. ) ;
#1215 = CARTESIAN_POINT ( 'NONE',  ( -0.1309020584585799951, 0.2326148898428319900, 0.07551466864916410449 ) ) ;
#1216 = CARTESIAN_POINT ( 'NONE',  ( -0.1082251408481031962, 0.2595508919387030100, 0.09379605805968170562 ) ) ;
#1217 = ADVANCED_FACE ( 'NONE', ( #313 ), #1021, .T. ) ;
#1218 = VECTOR ( 'NONE', #1081, 1.000000000000000222 ) ;
#1219 = CIRCLE ( 'NONE', #1726, 0.004000000000000008757 ) ;
#1220 = LINE ( 'NONE', #871, #1784 ) ;
#1221 = ORIENTED_EDGE ( 'NONE', *, *, #1261, .T. ) ;
#1222 = ORIENTED_EDGE ( 'NONE', *, *, #1462, .F. ) ;
#1223 = ORIENTED_EDGE ( 'NONE', *, *, #890, .T. ) ;
#1224 = EDGE_CURVE ( 'NONE', #2195, #1600, #274, .T. ) ;
#1225 = FACE_OUTER_BOUND ( 'NONE', #1851, .T. ) ;
#1226 = VERTEX_POINT ( 'NONE', #637 ) ;
#1227 = CARTESIAN_POINT ( 'NONE',  ( -0.1167959785119196542, 0.2552926524600296898, 0.08073961756914994903 ) ) ;
#1228 = CARTESIAN_POINT ( 'NONE',  ( -0.1220052861237821973, 0.2269937836320040092, 0.08488806755188009479 ) ) ;
#1229 = EDGE_CURVE ( 'NONE', #1966, #233, #720, .T. ) ;
#1230 = CARTESIAN_POINT ( 'NONE',  ( -0.08465670532850400054, 0.2738391310298264880, 0.08497137274895789905 ) ) ;
#1231 = EDGE_CURVE ( 'NONE', #1510, #450, #2092, .T. ) ;
#1232 = ORIENTED_EDGE ( 'NONE', *, *, #442, .T. ) ;
#1233 = CARTESIAN_POINT ( 'NONE',  ( -0.08815732735855980051, 0.2748369513011920118, 0.08497170250727469065 ) ) ;
#1234 = ORIENTED_EDGE ( 'NONE', *, *, #702, .T. ) ;
#1235 = PERSON_AND_ORGANIZATION_ROLE ( 'creator' ) ;
#1236 = DIRECTION ( 'NONE',  ( 0.5277636339855710235, 0.8493495799786879852, 0.008416509512304840013 ) ) ;
#1237 = EDGE_CURVE ( 'NONE', #1885, #668, #542, .T. ) ;
#1238 = ORIENTED_EDGE ( 'NONE', *, *, #1080, .F. ) ;
#1239 = CARTESIAN_POINT ( 'NONE',  ( -0.1130391413866474043, 0.2584473543566815357, 0.09117544675314490088 ) ) ;
#1240 = CARTESIAN_POINT ( 'NONE',  ( -0.1282933931710320274, 0.2367515572599215024, 0.08855625015210799589 ) ) ;
#1241 = ORIENTED_EDGE ( 'NONE', *, *, #549, .T. ) ;
#1242 = EDGE_CURVE ( 'NONE', #1614, #17, #10, .T. ) ;
#1243 = ORIENTED_EDGE ( 'NONE', *, *, #1477, .T. ) ;
#1244 = AXIS2_PLACEMENT_3D ( 'NONE', #1485, #2224, #960 ) ;
#1245 = CARTESIAN_POINT ( 'NONE',  ( -0.1229302856730711963, 0.2455237306931805086, 0.05883670034927220016 ) ) ;
#1246 = AXIS2_PLACEMENT_3D ( 'NONE', #639, #75, #1815 ) ;
#1247 = VERTEX_POINT ( 'NONE', #1596 ) ;
#1248 = DIRECTION ( 'NONE',  ( -0.8493881131629329451, 0.5277628146696660139, 0.002498933665447310160 ) ) ;
#1249 = AXIS2_PLACEMENT_3D ( 'NONE', #2141, #1042, #1588 ) ;
#1250 = DIRECTION ( 'NONE',  ( -0.002319452490765744508, -0.008467729446439838450, 0.9999614581063438479 ) ) ;
#1251 = AXIS2_PLACEMENT_3D ( 'NONE', #1395, #2096, #518 ) ;
#1252 = PLANE ( 'NONE',  #380 ) ;
#1253 = DIRECTION ( 'NONE',  ( 0.8493881131629329451, -0.5277628146696660139, -0.002498933665447310160 ) ) ;
#1254 = VERTEX_POINT ( 'NONE', #1239 ) ;
#1255 = ORIENTED_EDGE ( 'NONE', *, *, #1978, .F. ) ;
#1256 = EDGE_CURVE ( 'NONE', #1720, #257, #2279, .T. ) ;
#1257 = PERSON_AND_ORGANIZATION ( #1166, #548 ) ;
#1258 = DIRECTION ( 'NONE',  ( 0.8493881131629329451, -0.5277628146696660139, -0.002498933665447310160 ) ) ;
#1259 = DIRECTION ( 'NONE',  ( -0.5277636339855692471, -0.8493495799786889844, -0.008416509512304545110 ) ) ;
#1260 = CARTESIAN_POINT ( 'NONE',  ( -0.1081973074182141920, 0.2596525046920600266, 0.08179652056240559188 ) ) ;
#1261 = EDGE_CURVE ( 'NONE', #494, #471, #371, .T. ) ;
#1262 = CARTESIAN_POINT ( 'NONE',  ( -0.1199000686284600048, 0.2474058098169585052, 0.09106603212948490012 ) ) ;
#1263 = ORIENTED_EDGE ( 'NONE', *, *, #881, .T. ) ;
#1264 = EDGE_LOOP ( 'NONE', ( #1501, #2254 ) ) ;
#1265 = DIRECTION ( 'NONE',  ( -0.002319452490765744508, -0.008467729446439838450, 0.9999614581063438479 ) ) ;
#1266 = CARTESIAN_POINT ( 'NONE',  ( -0.1177195648713943998, 0.2538062906950669939, 0.08072488867750340913 ) ) ;
#1267 = DIRECTION ( 'NONE',  ( 0.8493881131629329451, -0.5277628146696660139, -0.002498933665447310160 ) ) ;
#1268 = EDGE_CURVE ( 'NONE', #1685, #388, #2118, .T. ) ;
#1269 = FACE_BOUND ( 'NONE', #455, .T. ) ;
#1270 = DIRECTION ( 'NONE',  ( -0.8493881131629349435, 0.5277628146696630163, 0.002498933665445733296 ) ) ;
#1271 = ADVANCED_FACE ( 'NONE', ( #1749 ), #729, .F. ) ;
#1272 = ORIENTED_EDGE ( 'NONE', *, *, #1396, .F. ) ;
#1273 = ORIENTED_EDGE ( 'NONE', *, *, #1065, .T. ) ;
#1274 = FACE_OUTER_BOUND ( 'NONE', #1345, .T. ) ;
#1275 = VECTOR ( 'NONE', #1766, 1.000000000000000222 ) ;
#1276 = CARTESIAN_POINT ( 'NONE',  ( -0.1088197772483585901, 0.2481961925325195106, 0.08879833768468130273 ) ) ;
#1277 = VECTOR ( 'NONE', #1780, 1.000000000000000000 ) ;
#1278 = AXIS2_PLACEMENT_3D ( 'NONE', #2081, #148, #1897 ) ;
#1279 = CARTESIAN_POINT ( 'NONE',  ( -0.08788498621611523509, 0.2800546410127882080, 0.07601617101128661791 ) ) ;
#1280 = EDGE_CURVE ( 'NONE', #967, #1736, #1056, .T. ) ;
#1281 = VECTOR ( 'NONE', #89, 1.000000000000000000 ) ;
#1282 = AXIS2_PLACEMENT_3D ( 'NONE', #811, #1321, #656 ) ;
#1283 = LINE ( 'NONE', #374, #265 ) ;
#1284 = CIRCLE ( 'NONE', #132, 0.001300000000000004060 ) ;
#1285 = VERTEX_POINT ( 'NONE', #1442 ) ;
#1286 = EDGE_LOOP ( 'NONE', ( #171, #1241, #2169, #1445 ) ) ;
#1287 = CARTESIAN_POINT ( 'NONE',  ( -0.1029475045082481888, 0.2680443877384884876, 0.09388022315480469560 ) ) ;
#1288 = APPLICATION_CONTEXT ( 'configuration controlled 3d designs of mechanical parts and assemblies' ) ;
#1289 = ADVANCED_FACE ( 'NONE', ( #2 ), #697, .F. ) ;
#1290 = DIRECTION ( 'NONE',  ( -0.8493881131629331671, 0.5277628146696661249, 0.002498933665447310593 ) ) ;
#1291 = CARTESIAN_POINT ( 'NONE',  ( -0.1044735507210220044, 0.2656452843817450060, 0.08185590516499130498 ) ) ;
#1292 = FACE_OUTER_BOUND ( 'NONE', #1110, .T. ) ;
#1293 = DIRECTION ( 'NONE',  ( -0.8493881131629329451, 0.5277628146696660139, 0.002498933665447429855 ) ) ;
#1294 = DIRECTION ( 'NONE',  ( 0.8493881131629331671, -0.5277628146696661249, -0.002498933665447310593 ) ) ;
#1295 = ADVANCED_FACE ( 'NONE', ( #1417 ), #2273, .F. ) ;
#1296 = ORIENTED_EDGE ( 'NONE', *, *, #37, .T. ) ;
#1297 = CARTESIAN_POINT ( 'NONE',  ( -0.1125176745534681999, 0.2620232570884969969, 0.1134646493651152027 ) ) ;
#1298 = CARTESIAN_POINT ( 'NONE',  ( -0.1283165876959395935, 0.2366668799654569888, 0.09855586473317148877 ) ) ;
#1299 = CARTESIAN_POINT ( 'NONE',  ( -0.07179150014785520839, 0.2746254046784030178, 0.09000806505734479379 ) ) ;
#1300 = EDGE_CURVE ( 'NONE', #233, #254, #869, .T. ) ;
#1301 = VERTEX_POINT ( 'NONE', #2109 ) ;
#1302 = DIRECTION ( 'NONE',  ( -0.5277636339855692471, -0.8493495799786889844, -0.008416509512304545110 ) ) ;
#1303 = CARTESIAN_POINT ( 'NONE',  ( -0.1082251408481040011, 0.2595508919387015112, 0.09379605805968170562 ) ) ;
#1304 = DIRECTION ( 'NONE',  ( -0.5277636339855692471, -0.8493495799786889844, -0.008416509512304545110 ) ) ;
#1305 = ORIENTED_EDGE ( 'NONE', *, *, #2032, .F. ) ;
#1306 = ADVANCED_FACE ( 'NONE', ( #1067 ), #688, .F. ) ;
#1307 = DIRECTION ( 'NONE',  ( -0.8493881131629329451, 0.5277628146696660139, 0.002498933665447310160 ) ) ;
#1308 = ORIENTED_EDGE ( 'NONE', *, *, #1839, .T. ) ;
#1309 = DIRECTION ( 'NONE',  ( 0.002319452490765639557, 0.008467729446439899166, -0.9999614581063438479 ) ) ;
#1310 = DIRECTION ( 'NONE',  ( -0.5277636339855712455, -0.8493495799786875411, -0.008416509512305575536 ) ) ;
#1311 = ORIENTED_EDGE ( 'NONE', *, *, #1864, .T. ) ;
#1312 = CIRCLE ( 'NONE', #1122, 0.0009999999999999904798 ) ;
#1313 = CARTESIAN_POINT ( 'NONE',  ( -0.08506090396379599461, 0.2864516413222905067, 0.08507723863449528912 ) ) ;
#1314 = DIRECTION ( 'NONE',  ( 0.8493881131629331671, -0.5277628146696661249, -0.002498933665447310593 ) ) ;
#1315 = AXIS2_PLACEMENT_3D ( 'NONE', #1024, #333, #1732 ) ;
#1316 = DIRECTION ( 'NONE',  ( 0.5511504283509907065, -0.8343858301393137777, -0.005787209279742603837 ) ) ;
#1317 = VECTOR ( 'NONE', #832, 1.000000000000000000 ) ;
#1318 = VECTOR ( 'NONE', #738, 1.000000000000000000 ) ;
#1319 = ORIENTED_EDGE ( 'NONE', *, *, #973, .F. ) ;
#1320 = AXIS2_PLACEMENT_3D ( 'NONE', #201, #926, #29 ) ;
#1321 = DIRECTION ( 'NONE',  ( 0.5277636339855709124, 0.8493495799786879852, 0.008416509512304840013 ) ) ;
#1322 = EDGE_CURVE ( 'NONE', #2261, #2258, #830, .T. ) ;
#1323 = ORIENTED_EDGE ( 'NONE', *, *, #2288, .T. ) ;
#1324 = DIRECTION ( 'NONE',  ( 0.002319452490765747110, 0.008467729446439840185, -0.9999614581063438479 ) ) ;
#1325 = PLANE ( 'NONE',  #1863 ) ;
#1326 = EDGE_CURVE ( 'NONE', #1384, #425, #463, .T. ) ;
#1327 = DIRECTION ( 'NONE',  ( -0.8493881131629329451, 0.5277628146696661249, 0.002498933665447309292 ) ) ;
#1328 = DIRECTION ( 'NONE',  ( -0.5277636339855711345, -0.8493495799786879852, -0.008416509512304840013 ) ) ;
#1329 = DIRECTION ( 'NONE',  ( -0.002319452490765639557, -0.008467729446439899166, 0.9999614581063438479 ) ) ;
#1330 = ORIENTED_EDGE ( 'NONE', *, *, #57, .F. ) ;
#1331 = CARTESIAN_POINT ( 'NONE',  ( -0.08229725924896173772, 0.2623263560765144997, 0.1050806333575471513 ) ) ;
#1332 = EDGE_LOOP ( 'NONE', ( #1884, #744, #1214, #2015 ) ) ;
#1333 = CARTESIAN_POINT ( 'NONE',  ( -0.1088837941371035983, 0.2479624831997980228, 0.1163972739284163949 ) ) ;
#1334 = DIRECTION ( 'NONE',  ( 0.5277636339855709124, 0.8493495799786879852, 0.008416509512304840013 ) ) ;
#1335 = ORIENTED_EDGE ( 'NONE', *, *, #1466, .F. ) ;
#1336 = CYLINDRICAL_SURFACE ( 'NONE', #267, 0.004000000000000001818 ) ;
#1337 = CARTESIAN_POINT ( 'NONE',  ( -0.08363804565030055760, 0.2774158269394398912, 0.07600367634295938923 ) ) ;
#1338 = EDGE_CURVE ( 'NONE', #1768, #998, #2127, .T. ) ;
#1339 = DIRECTION ( 'NONE',  ( 0.002319452490765504249, 0.008467729446440109067, -0.9999614581063438479 ) ) ;
#1340 = ORIENTED_EDGE ( 'NONE', *, *, #391, .F. ) ;
#1341 = DIRECTION ( 'NONE',  ( -0.002319452490764230962, -0.008467729446445790287, 0.9999614581063436258 ) ) ;
#1342 = ORIENTED_EDGE ( 'NONE', *, *, #286, .T. ) ;
#1343 = CYLINDRICAL_SURFACE ( 'NONE', #55, 0.02700000000000002398 ) ;
#1344 = DIRECTION ( 'NONE',  ( -0.8493881131629349435, 0.5277628146696630163, 0.002498933665445733296 ) ) ;
#1345 = EDGE_LOOP ( 'NONE', ( #732, #1523, #1767, #1543 ) ) ;
#1346 = ORIENTED_EDGE ( 'NONE', *, *, #1368, .F. ) ;
#1347 = DIRECTION ( 'NONE',  ( 0.8493881131629329451, -0.5277628146696660139, -0.002498933665447310160 ) ) ;
#1348 = DIRECTION ( 'NONE',  ( 0.8493881131629331671, -0.5277628146696661249, -0.002498933665447310593 ) ) ;
#1349 = AXIS2_PLACEMENT_3D ( 'NONE', #384, #1294, #357 ) ;
#1350 = CARTESIAN_POINT ( 'NONE',  ( -0.1134726243055798056, 0.2511674766217185106, 0.08071239400917620821 ) ) ;
#1351 = EDGE_LOOP ( 'NONE', ( #855, #821, #845, #1889 ) ) ;
#1352 = CIRCLE ( 'NONE', #753, 0.001749999999999998735 ) ;
#1353 = ORIENTED_EDGE ( 'NONE', *, *, #1368, .T. ) ;
#1354 = CARTESIAN_POINT ( 'NONE',  ( -0.1229856039487962072, 0.2453551335425120106, 0.07564091629184860333 ) ) ;
#1355 = ORIENTED_EDGE ( 'NONE', *, *, #2023, .F. ) ;
#1356 = VECTOR ( 'NONE', #1193, 1.000000000000000000 ) ;
#1357 = CARTESIAN_POINT ( 'NONE',  ( -0.1187697440463579973, 0.2426028518945815005, 0.08902790516215010330 ) ) ;
#1358 = DIRECTION ( 'NONE',  ( -0.8493881131629331671, 0.5277628146696661249, 0.002498933665447310593 ) ) ;
#1359 = EDGE_CURVE ( 'NONE', #1191, #1285, #342, .T. ) ;
#1360 = ORIENTED_EDGE ( 'NONE', *, *, #531, .F. ) ;
#1361 = FACE_BOUND ( 'NONE', #1734, .T. ) ;
#1362 = LOCAL_TIME ( 12, 30, 52.00000000000000000, #2095 ) ;
#1363 = DIRECTION ( 'NONE',  ( 0.8493881131629329451, -0.5277628146696660139, -0.002498933665447310160 ) ) ;
#1364 = LINE ( 'NONE', #2239, #683 ) ;
#1365 = VERTEX_POINT ( 'NONE', #529 ) ;
#1366 = DIRECTION ( 'NONE',  ( -0.8493881131629329451, 0.5277628146696660139, 0.002498933665447310160 ) ) ;
#1367 = CARTESIAN_POINT ( 'NONE',  ( -0.1087204912868365986, 0.2682840984550935448, 0.08186839983331850590 ) ) ;
#1368 = EDGE_CURVE ( 'NONE', #2250, #109, #754, .T. ) ;
#1369 = VERTEX_POINT ( 'NONE', #1291 ) ;
#1370 = DIRECTION ( 'NONE',  ( 1.000000000000000000, 0.000000000000000000, 0.000000000000000000 ) ) ;
#1371 = LINE ( 'NONE', #1184, #1092 ) ;
#1372 = ORIENTED_EDGE ( 'NONE', *, *, #1773, .T. ) ;
#1373 = ORIENTED_EDGE ( 'NONE', *, *, #1146, .T. ) ;
#1374 = CARTESIAN_POINT ( 'NONE',  ( -0.09027817535663550108, 0.2979640011245119902, 0.08216250863024959772 ) ) ;
#1375 = DIRECTION ( 'NONE',  ( 0.002319452490765844255, 0.008467729446439987637, -0.9999614581063438479 ) ) ;
#1376 = DIRECTION ( 'NONE',  ( -0.8493881131629358316, 0.5277628146696613509, 0.002498933665448119408 ) ) ;
#1377 = ORIENTED_EDGE ( 'NONE', *, *, #115, .F. ) ;
#1378 = ORIENTED_EDGE ( 'NONE', *, *, #1300, .T. ) ;
#1379 = DIRECTION ( 'NONE',  ( 0.8493881131629293924, -0.5277628146696718980, -0.002498933665444446131 ) ) ;
#1380 = ORIENTED_EDGE ( 'NONE', *, *, #2149, .T. ) ;
#1381 = DATE_TIME_ROLE ( 'classification_date' ) ;
#1382 = DIRECTION ( 'NONE',  ( 0.4378392862467417324, 0.7020045168314685835, 0.5616817762462656960 ) ) ;
#1383 = ORIENTED_EDGE ( 'NONE', *, *, #884, .T. ) ;
#1384 = VERTEX_POINT ( 'NONE', #427 ) ;
#1385 = FACE_OUTER_BOUND ( 'NONE', #1150, .T. ) ;
#1386 = DIRECTION ( 'NONE',  ( 0.5277636339855709124, 0.8493495799786879852, 0.008416509512304840013 ) ) ;
#1387 = CARTESIAN_POINT ( 'NONE',  ( -0.08762956372457419985, 0.2756863008811705207, 0.08498011901678700908 ) ) ;
#1388 = AXIS2_PLACEMENT_3D ( 'NONE', #1011, #2113, #1206 ) ;
#1389 = VERTEX_POINT ( 'NONE', #929 ) ;
#1390 = DIRECTION ( 'NONE',  ( -0.002319452490765379349, -0.008467729446440058760, 0.9999614581063438479 ) ) ;
#1391 = VECTOR ( 'NONE', #1250, 1.000000000000000000 ) ;
#1392 = CIRCLE ( 'NONE', #509, 0.001749999999999998735 ) ;
#1393 = ORIENTED_EDGE ( 'NONE', *, *, #788, .T. ) ;
#1394 = AXIS2_PLACEMENT_3D ( 'NONE', #1670, #1358, #119 ) ;
#1395 = CARTESIAN_POINT ( 'NONE',  ( -0.1266759929651820049, 0.2298998662044655084, 0.08450182710379389173 ) ) ;
#1396 = EDGE_CURVE ( 'NONE', #1777, #1727, #1133, .T. ) ;
#1397 = ORIENTED_EDGE ( 'NONE', *, *, #1561, .T. ) ;
#1398 = VECTOR ( 'NONE', #245, 1.000000000000000000 ) ;
#1399 = DIRECTION ( 'NONE',  ( -0.8493881131629331671, 0.5277628146696661249, 0.002498933665447310593 ) ) ;
#1400 = CARTESIAN_POINT ( 'NONE',  ( -0.1138689006280380056, 0.2600080423517349693, 0.07978629869036089894 ) ) ;
#1401 = CIRCLE ( 'NONE', #2129, 0.001749999999999998735 ) ;
#1402 = EDGE_CURVE ( 'NONE', #1928, #1800, #937, .T. ) ;
#1403 = CC_DESIGN_APPROVAL ( #1144, ( #1909 ) ) ;
#1404 = CARTESIAN_POINT ( 'NONE',  ( -0.1119777770780563952, 0.2431314256515990091, 0.08504798123261389509 ) ) ;
#1405 = DIRECTION ( 'NONE',  ( 0.8493881131629331671, -0.5277628146696661249, -0.002498933665447310593 ) ) ;
#1406 = ORIENTED_EDGE ( 'NONE', *, *, #538, .T. ) ;
#1407 = APPROVAL_ROLE ( '' ) ;
#1408 = CARTESIAN_POINT ( 'NONE',  ( -0.1192720480703564068, 0.2418547427867210053, 0.07629171325199950171 ) ) ;
#1409 = VERTEX_POINT ( 'NONE', #248 ) ;
#1410 = CARTESIAN_POINT ( 'NONE',  ( -0.1101254984387549929, 0.2660277912680595325, 0.08082741903580109577 ) ) ;
#1411 = EDGE_CURVE ( 'NONE', #254, #938, #575, .T. ) ;
#1412 = LINE ( 'NONE', #1059, #123 ) ;
#1413 = DIRECTION ( 'NONE',  ( -0.8493881131629293924, 0.5277628146696718980, 0.002498933665444446131 ) ) ;
#1414 = ORIENTED_EDGE ( 'NONE', *, *, #174, .T. ) ;
#1415 = DIRECTION ( 'NONE',  ( -0.002319452490765529402, -0.008467729446439968555, 0.9999614581063438479 ) ) ;
#1416 = ORIENTED_EDGE ( 'NONE', *, *, #126, .F. ) ;
#1417 = FACE_OUTER_BOUND ( 'NONE', #1155, .T. ) ;
#1418 = DIRECTION ( 'NONE',  ( -0.8493881131629329451, 0.5277628146696660139, 0.002498933665447310160 ) ) ;
#1419 = PRODUCT_RELATED_PRODUCT_CATEGORY ( 'detail', '', ( #1530 ) ) ;
#1420 = EDGE_CURVE ( 'NONE', #1800, #1928, #2046, .T. ) ;
#1421 = DIRECTION ( 'NONE',  ( 0.5277636339855779068, 0.8493495799786835443, 0.008416509512304628376 ) ) ;
#1422 = DIRECTION ( 'NONE',  ( 0.8493881131629331671, -0.5277628146696661249, -0.002498933665447310593 ) ) ;
#1423 = EDGE_LOOP ( 'NONE', ( #1199, #1799, #1880, #1968 ) ) ;
#1424 = VECTOR ( 'NONE', #1955, 1.000000000000000222 ) ;
#1425 = ORIENTED_EDGE ( 'NONE', *, *, #901, .F. ) ;
#1426 = FACE_OUTER_BOUND ( 'NONE', #310, .T. ) ;
#1427 = VECTOR ( 'NONE', #612, 1.000000000000000000 ) ;
#1428 = VECTOR ( 'NONE', #409, 1.000000000000000000 ) ;
#1429 = CARTESIAN_POINT ( 'NONE',  ( -0.1056114511822046076, 0.2533959297050540349, 0.08114951441200299320 ) ) ;
#1430 = ADVANCED_FACE ( 'NONE', ( #746 ), #771, .F. ) ;
#1431 = AXIS2_PLACEMENT_3D ( 'NONE', #1109, #1086, #1310 ) ;
#1432 = CARTESIAN_POINT ( 'NONE',  ( -0.1123089230172810010, 0.2424611867076635063, 0.1140426552629418000 ) ) ;
#1433 = AXIS2_PLACEMENT_3D ( 'NONE', #108, #1514, #1525 ) ;
#1434 = VECTOR ( 'NONE', #1500, 1.000000000000000000 ) ;
#1435 = PLANE ( 'NONE',  #120 ) ;
#1436 = ORIENTED_EDGE ( 'NONE', *, *, #592, .T. ) ;
#1437 = VERTEX_POINT ( 'NONE', #1984 ) ;
#1438 = ADVANCED_FACE ( 'NONE', ( #1490 ), #1636, .F. ) ;
#1439 = DIRECTION ( 'NONE',  ( -0.8493881131629329451, 0.5277628146696660139, 0.002498933665447310160 ) ) ;
#1440 = ORIENTED_EDGE ( 'NONE', *, *, #142, .T. ) ;
#1441 = FACE_OUTER_BOUND ( 'NONE', #1526, .T. ) ;
#1442 = CARTESIAN_POINT ( 'NONE',  ( -0.1249700389646919152, 0.2326263814216103509, 0.08852902659213421344 ) ) ;
#1443 = CARTESIAN_POINT ( 'NONE',  ( -0.1122198560416356045, 0.2427863475184065256, 0.07564413527165450568 ) ) ;
#1444 = LINE ( 'NONE', #25, #498 ) ;
#1445 = ORIENTED_EDGE ( 'NONE', *, *, #1023, .T. ) ;
#1446 = ORIENTED_EDGE ( 'NONE', *, *, #666, .F. ) ;
#1447 = CARTESIAN_POINT ( 'NONE',  ( -0.1122555756099933993, 0.2426559444849315239, 0.09104354172649589683 ) ) ;
#1448 = ADVANCED_FACE ( 'NONE', ( #911, #610, #1461, #1450 ), #1325, .T. ) ;
#1449 = FACE_OUTER_BOUND ( 'NONE', #1332, .T. ) ;
#1450 = FACE_OUTER_BOUND ( 'NONE', #403, .T. ) ;
#1451 = DIRECTION ( 'NONE',  ( -0.4404124877502674229, -0.7113986192025139044, 0.5476758578122439269 ) ) ;
#1452 = CARTESIAN_POINT ( 'NONE',  ( -0.1292401740554143530, 0.2351805182004942929, 0.09854113584152494887 ) ) ;
#1453 = EDGE_CURVE ( 'NONE', #862, #2027, #236, .T. ) ;
#1454 =( BOUNDED_CURVE ( )  B_SPLINE_CURVE ( 3, ( #2162, #394, #762, #1822 ),
 .UNSPECIFIED., .F., .T. ) 
 B_SPLINE_CURVE_WITH_KNOTS ( ( 4, 4 ),
 ( 4.712388980384402792, 6.283185307178810852 ),
 .UNSPECIFIED. ) 
 CURVE ( )  GEOMETRIC_REPRESENTATION_ITEM ( )  RATIONAL_B_SPLINE_CURVE ( ( 1.000000000000000000, 0.8047378541242974359, 0.8047378541242974359, 1.000000000000000000 ) ) 
 REPRESENTATION_ITEM ( '' )  );
#1455 = VERTEX_POINT ( 'NONE', #1299 ) ;
#1456 = ORIENTED_EDGE ( 'NONE', *, *, #1894, .F. ) ;
#1457 = CARTESIAN_POINT ( 'NONE',  ( -0.07910822881418319574, 0.2827827048079419869, 0.08205986172451809613 ) ) ;
#1458 = VECTOR ( 'NONE', #1584, 1.000000000000000000 ) ;
#1459 = CARTESIAN_POINT ( 'NONE',  ( -0.1231460607706503785, 0.2355144276570714790, 0.09855809895649078611 ) ) ;
#1460 = AXIS2_PLACEMENT_3D ( 'NONE', #440, #2164, #240 ) ;
#1461 = FACE_BOUND ( 'NONE', #2144, .T. ) ;
#1462 = EDGE_CURVE ( 'NONE', #388, #1054, #317, .T. ) ;
#1463 = VECTOR ( 'NONE', #782, 1.000000000000000000 ) ;
#1464 = DIRECTION ( 'NONE',  ( -0.002319452490765744508, -0.008467729446439838450, 0.9999614581063438479 ) ) ;
#1465 = LINE ( 'NONE', #1147, #1428 ) ;
#1466 = EDGE_CURVE ( 'NONE', #967, #673, #1454, .T. ) ;
#1467 = AXIS2_PLACEMENT_3D ( 'NONE', #2031, #1201, #1898 ) ;
#1468 = CARTESIAN_POINT ( 'NONE',  ( -0.1035870910939210021, 0.2669716504112715216, 0.1030415819860232007 ) ) ;
#1469 = CIRCLE ( 'NONE', #726, 0.0009999999999999904798 ) ;
#1470 = EDGE_LOOP ( 'NONE', ( #2232, #2138, #1198, #1592 ) ) ;
#1471 = ORIENTED_EDGE ( 'NONE', *, *, #372, .T. ) ;
#1472 = LINE ( 'NONE', #1623, #691 ) ;
#1473 = PLANE ( 'NONE',  #395 ) ;
#1474 = DIRECTION ( 'NONE',  ( 0.8493881131629331671, -0.5277628146696661249, -0.002498933665447310593 ) ) ;
#1475 = DIRECTION ( 'NONE',  ( 0.5277636339855709124, 0.8493495799786879852, 0.008416509512304840013 ) ) ;
#1476 = CARTESIAN_POINT ( 'NONE',  ( -0.08816892462101359740, 0.2747946126539594913, 0.08997150979780639546 ) ) ;
#1477 = EDGE_CURVE ( 'NONE', #1167, #941, #609, .T. ) ;
#1478 = LINE ( 'NONE', #433, #2082 ) ;
#1479 = ORIENTED_EDGE ( 'NONE', *, *, #301, .T. ) ;
#1480 = DIRECTION ( 'NONE',  ( -0.8493881131629329451, 0.5277628146696660139, 0.002498933665447310160 ) ) ;
#1481 = EDGE_LOOP ( 'NONE', ( #2220, #1538 ) ) ;
#1482 = DIRECTION ( 'NONE',  ( -0.4378392862467417324, -0.7020045168314685835, -0.5616817762462656960 ) ) ;
#1483 = FACE_OUTER_BOUND ( 'NONE', #411, .T. ) ;
#1484 = CARTESIAN_POINT ( 'NONE',  ( -0.1104066200175259915, 0.2654206554084120318, 0.1134983154031643932 ) ) ;
#1485 = CARTESIAN_POINT ( 'NONE',  ( -0.1120496801052701941, 0.2428689260387590088, 0.1160467864339106009 ) ) ;
#1486 = EDGE_CURVE ( 'NONE', #364, #1213, #1689, .T. ) ;
#1487 = ORIENTED_EDGE ( 'NONE', *, *, #226, .T. ) ;
#1488 = FACE_OUTER_BOUND ( 'NONE', #1010, .T. ) ;
#1489 = EDGE_LOOP ( 'NONE', ( #641, #1083 ) ) ;
#1490 = FACE_OUTER_BOUND ( 'NONE', #464, .T. ) ;
#1491 = VECTOR ( 'NONE', #483, 1.000000000000000000 ) ;
#1492 = AXIS2_PLACEMENT_3D ( 'NONE', #1136, #589, #40 ) ;
#1493 = LINE ( 'NONE', #2196, #355 ) ;
#1494 = EDGE_CURVE ( 'NONE', #1213, #1152, #1100, .T. ) ;
#1495 = DIRECTION ( 'NONE',  ( -0.5277636339855692471, -0.8493495799786889844, -0.008416509512304545110 ) ) ;
#1496 = CARTESIAN_POINT ( 'NONE',  ( -0.1146350916856542085, 0.2586026305525350177, 0.1161740233515454052 ) ) ;
#1497 = VECTOR ( 'NONE', #1517, 1.000000000000000000 ) ;
#1498 = AXIS2_PLACEMENT_3D ( 'NONE', #671, #647, #842 ) ;
#1499 = ORIENTED_EDGE ( 'NONE', *, *, #150, .F. ) ;
#1500 = DIRECTION ( 'NONE',  ( 0.5277636339855709124, 0.8493495799786879852, 0.008416509512304840013 ) ) ;
#1501 = ORIENTED_EDGE ( 'NONE', *, *, #1402, .F. ) ;
#1502 = AXIS2_PLACEMENT_3D ( 'NONE', #1276, #745, #1983 ) ;
#1503 = EDGE_CURVE ( 'NONE', #635, #2117, #406, .T. ) ;
#1504 = DIRECTION ( 'NONE',  ( -0.5277636339855709124, -0.8493495799786879852, -0.008416509512304840013 ) ) ;
#1505 = LINE ( 'NONE', #2208, #834 ) ;
#1506 = ORIENTED_EDGE ( 'NONE', *, *, #1798, .F. ) ;
#1507 = CARTESIAN_POINT ( 'NONE',  ( -0.1104066200175259915, 0.2654206554084120318, 0.1134983154031643932 ) ) ;
#1508 = LINE ( 'NONE', #2222, #1605 ) ;
#1509 = DIRECTION ( 'NONE',  ( 0.002319452490765744508, 0.008467729446439838450, -0.9999614581063438479 ) ) ;
#1510 = VERTEX_POINT ( 'NONE', #1154 ) ;
#1511 = FACE_BOUND ( 'NONE', #546, .T. ) ;
#1512 = ORIENTED_EDGE ( 'NONE', *, *, #372, .F. ) ;
#1513 = PLANE ( 'NONE',  #2011 ) ;
#1514 = DIRECTION ( 'NONE',  ( -0.002319452490765379349, -0.008467729446440058760, 0.9999614581063438479 ) ) ;
#1515 = ADVANCED_FACE ( 'NONE', ( #814 ), #293, .T. ) ;
#1516 = ORIENTED_EDGE ( 'NONE', *, *, #339, .F. ) ;
#1517 = DIRECTION ( 'NONE',  ( 0.002319452490765529402, 0.008467729446439968555, -0.9999614581063438479 ) ) ;
#1518 = CARTESIAN_POINT ( 'NONE',  ( -0.08232337589107299736, 0.2817215317523504292, 0.09372082331500351804 ) ) ;
#1519 = DIRECTION ( 'NONE',  ( -0.8493881131629358316, 0.5277628146696613509, 0.002498933665448119408 ) ) ;
#1520 = ORIENTED_EDGE ( 'NONE', *, *, #434, .T. ) ;
#1521 = ADVANCED_FACE ( 'NONE', ( #1725 ), #1893, .F. ) ;
#1522 = CARTESIAN_POINT ( 'NONE',  ( -0.1149320345198737714, 0.2581649965048425921, 0.1076693010519304827 ) ) ;
#1523 = ORIENTED_EDGE ( 'NONE', *, *, #479, .F. ) ;
#1524 = CARTESIAN_POINT ( 'NONE',  ( -0.1192720480703564068, 0.2418547427867210053, 0.07629171325199950171 ) ) ;
#1525 = DIRECTION ( 'NONE',  ( -0.8493881131629340553, 0.5277628146696641265, 0.002498933665447126713 ) ) ;
#1526 = EDGE_LOOP ( 'NONE', ( #421, #1263, #437, #654 ) ) ;
#1527 = DIRECTION ( 'NONE',  ( 0.002319452490765747110, 0.008467729446439840185, -0.9999614581063438479 ) ) ;
#1528 = LINE ( 'NONE', #1702, #2276 ) ;
#1529 = CIRCLE ( 'NONE', #1159, 0.003499999999999992267 ) ;
#1530 = PRODUCT ( 'Claw Holder', 'Claw Holder', '', ( #475 ) ) ;
#1531 = EDGE_CURVE ( 'NONE', #1918, #1600, #1371, .T. ) ;
#1532 = CARTESIAN_POINT ( 'NONE',  ( -0.1148295109292442051, 0.2516568229024854775, 0.1164147664640743929 ) ) ;
#1533 = VECTOR ( 'NONE', #1068, 1.000000000000000222 ) ;
#1534 = VERTEX_POINT ( 'NONE', #2065 ) ;
#1535 = VECTOR ( 'NONE', #408, 1.000000000000000000 ) ;
#1536 = LINE ( 'NONE', #1192, #1458 ) ;
#1537 = CARTESIAN_POINT ( 'NONE',  ( -0.1029622171334586000, 0.2679906756964340331, 0.1002231244284634004 ) ) ;
#1538 = ORIENTED_EDGE ( 'NONE', *, *, #202, .F. ) ;
#1539 = AXIS2_PLACEMENT_3D ( 'NONE', #965, #792, #1344 ) ;
#1540 =( NAMED_UNIT ( * ) SI_UNIT ( $, .STERADIAN. ) SOLID_ANGLE_UNIT ( ) );
#1541 = DIRECTION ( 'NONE',  ( -0.002319452490765674252, -0.008467729446439878349, 0.9999614581063438479 ) ) ;
#1542 = LOCAL_TIME ( 12, 30, 52.00000000000000000, #362 ) ;
#1543 = ORIENTED_EDGE ( 'NONE', *, *, #2101, .F. ) ;
#1544 = ORIENTED_EDGE ( 'NONE', *, *, #67, .F. ) ;
#1545 = CYLINDRICAL_SURFACE ( 'NONE', #2237, 0.004000000000000001818 ) ;
#1546 = CARTESIAN_POINT ( 'NONE',  ( -0.09712450835692650053, 0.2850512290472985155, 0.08203728219930229992 ) ) ;
#1547 = DIRECTION ( 'NONE',  ( -0.8493881131629326120, 0.5277628146696667910, 0.002498933665447523531 ) ) ;
#1548 = EDGE_CURVE ( 'NONE', #375, #1409, #2230, .T. ) ;
#1549 = EDGE_LOOP ( 'NONE', ( #121, #328, #1916, #2225 ) ) ;
#1550 = EDGE_LOOP ( 'NONE', ( #188, #1613, #130, #1555 ) ) ;
#1551 = CARTESIAN_POINT ( 'NONE',  ( -0.08506090396379599461, 0.2864516413222905067, 0.08507723863449528912 ) ) ;
#1552 = ORIENTED_EDGE ( 'NONE', *, *, #442, .F. ) ;
#1553 = FACE_OUTER_BOUND ( 'NONE', #2012, .T. ) ;
#1554 = ORIENTED_EDGE ( 'NONE', *, *, #1237, .F. ) ;
#1555 = ORIENTED_EDGE ( 'NONE', *, *, #502, .F. ) ;
#1556 = FACE_OUTER_BOUND ( 'NONE', #153, .T. ) ;
#1557 = LINE ( 'NONE', #285, #166 ) ;
#1558 = CARTESIAN_POINT ( 'NONE',  ( -0.1056207289921676090, 0.2533620587872679741, 0.08514936024442840146 ) ) ;
#1559 = CC_DESIGN_PERSON_AND_ORGANIZATION_ASSIGNMENT ( #981, #258, ( #1530 ) ) ;
#1560 = DIRECTION ( 'NONE',  ( 0.8493881131629331671, -0.5277628146696661249, -0.002498933665447310593 ) ) ;
#1561 = EDGE_CURVE ( 'NONE', #450, #1510, #86, .T. ) ;
#1562 = EDGE_LOOP ( 'NONE', ( #776, #1844, #535, #1071 ) ) ;
#1563 = APPROVAL_DATE_TIME ( #1063, #1144 ) ;
#1564 = EDGE_CURVE ( 'NONE', #1735, #2055, #386, .T. ) ;
#1565 = DIRECTION ( 'NONE',  ( 0.8493881131629329451, -0.5277628146696660139, -0.002498933665447310160 ) ) ;
#1566 = VERTEX_POINT ( 'NONE', #462 ) ;
#1567 = DIRECTION ( 'NONE',  ( -0.5277636339855709124, -0.8493495799786879852, -0.008416509512304840013 ) ) ;
#1568 = CARTESIAN_POINT ( 'NONE',  ( -0.08601731807587630063, 0.2953759934278424870, 0.07615024521328429830 ) ) ;
#1569 = PLANE ( 'NONE',  #1754 ) ;
#1570 = AXIS2_PLACEMENT_3D ( 'NONE', #195, #903, #752 ) ;
#1571 = ORIENTED_EDGE ( 'NONE', *, *, #1594, .T. ) ;
#1572 = CARTESIAN_POINT ( 'NONE',  ( -0.1102830858046005974, 0.2562986251857369835, 0.08116325854716299748 ) ) ;
#1573 = AXIS2_PLACEMENT_3D ( 'NONE', #2058, #343, #1376 ) ;
#1574 = CIRCLE ( 'NONE', #574, 0.02700000000000002398 ) ;
#1575 = ORIENTED_EDGE ( 'NONE', *, *, #1322, .F. ) ;
#1576 = AXIS2_PLACEMENT_3D ( 'NONE', #621, #259, #270 ) ;
#1577 = DIRECTION ( 'NONE',  ( -0.8493881131629340553, 0.5277628146696641265, 0.002498933665447126713 ) ) ;
#1578 = ADVANCED_FACE ( 'NONE', ( #2054, #828 ), #488, .F. ) ;
#1579 = VERTEX_POINT ( 'NONE', #439 ) ;
#1580 = AXIS2_PLACEMENT_3D ( 'NONE', #1164, #116, #1341 ) ;
#1581 = CARTESIAN_POINT ( 'NONE',  ( -0.1292169795305067870, 0.2352651954949588065, 0.08854152126046145599 ) ) ;
#1582 = CIRCLE ( 'NONE', #1686, 0.004000000000000001818 ) ;
#1583 = DIRECTION ( 'NONE',  ( -0.002319452490765529402, -0.008467729446439968555, 0.9999614581063438479 ) ) ;
#1584 = DIRECTION ( 'NONE',  ( -0.002319452490765744508, -0.008467729446439838450, 0.9999614581063438479 ) ) ;
#1585 = EDGE_LOOP ( 'NONE', ( #1752, #69, #2219, #925, #1340, #648, #1866, #623, #160, #557, #94, #810, #554, #1785, #1062, #852 ) ) ;
#1586 = CARTESIAN_POINT ( 'NONE',  ( -0.1282933931710320274, 0.2367515572599215024, 0.08855625015210799589 ) ) ;
#1587 = ORIENTED_EDGE ( 'NONE', *, *, #76, .T. ) ;
#1588 = DIRECTION ( 'NONE',  ( -0.5277636339855692471, -0.8493495799786889844, -0.008416509512304545110 ) ) ;
#1589 = EDGE_CURVE ( 'NONE', #1121, #1226, #129, .T. ) ;
#1590 = FACE_OUTER_BOUND ( 'NONE', #974, .T. ) ;
#1591 = DIRECTION ( 'NONE',  ( -0.8493881131629293924, 0.5277628146696718980, 0.002498933665444446131 ) ) ;
#1592 = ORIENTED_EDGE ( 'NONE', *, *, #76, .F. ) ;
#1593 = ORIENTED_EDGE ( 'NONE', *, *, #407, .F. ) ;
#1594 = EDGE_CURVE ( 'NONE', #1046, #1989, #307, .T. ) ;
#1595 = DIRECTION ( 'NONE',  ( 0.5277636339855772407, 0.8493495799786839884, 0.008416509512308519361 ) ) ;
#1596 = CARTESIAN_POINT ( 'NONE',  ( -0.1057257943074063899, 0.2530272500807174696, 0.1201476303804836082 ) ) ;
#1597 = FACE_OUTER_BOUND ( 'NONE', #628, .T. ) ;
#1598 = ADVANCED_FACE ( 'NONE', ( #1017 ), #1698, .T. ) ;
#1599 = FACE_OUTER_BOUND ( 'NONE', #2125, .T. ) ;
#1600 = VERTEX_POINT ( 'NONE', #136 ) ;
#1601 = VECTOR ( 'NONE', #2121, 1.000000000000000000 ) ;
#1602 = ORIENTED_EDGE ( 'NONE', *, *, #638, .F. ) ;
#1603 = CARTESIAN_POINT ( 'NONE',  ( -0.1283165876959395935, 0.2366668799654569888, 0.09855586473317148877 ) ) ;
#1604 = ADVANCED_FACE ( 'NONE', ( #1553 ), #633, .T. ) ;
#1605 = VECTOR ( 'NONE', #1692, 1.000000000000000000 ) ;
#1606 = DIRECTION ( 'NONE',  ( 0.8493881131629331671, -0.5277628146696661249, -0.002498933665447310593 ) ) ;
#1607 = AXIS2_PLACEMENT_3D ( 'NONE', #567, #1474, #1617 ) ;
#1608 = PLANE ( 'NONE',  #501 ) ;
#1609 = VECTOR ( 'NONE', #1480, 1.000000000000000222 ) ;
#1610 = LOCAL_TIME ( 12, 30, 52.00000000000000000, #8 ) ;
#1611 = LINE ( 'NONE', #217, #970 ) ;
#1612 = EDGE_CURVE ( 'NONE', #1365, #2145, #2259, .T. ) ;
#1613 = ORIENTED_EDGE ( 'NONE', *, *, #28, .T. ) ;
#1614 = VERTEX_POINT ( 'NONE', #982 ) ;
#1615 = CARTESIAN_POINT ( 'NONE',  ( -0.1124546156661564017, 0.2622982204565550424, 0.07682743365545299796 ) ) ;
#1616 = CARTESIAN_POINT ( 'NONE',  ( -0.1008271721623430067, 0.2714756569761890281, 0.08991404336042860268 ) ) ;
#1617 = DIRECTION ( 'NONE',  ( 0.5277636339855779068, 0.8493495799786835443, 0.008416509512304628376 ) ) ;
#1618 = CARTESIAN_POINT ( 'NONE',  ( -0.1124303312690849987, 0.2623421251420859912, 0.07580924648209470817 ) ) ;
#1619 = ADVANCED_FACE ( 'NONE', ( #1845 ), #1872, .F. ) ;
#1620 = FACE_OUTER_BOUND ( 'NONE', #1621, .T. ) ;
#1621 = EDGE_LOOP ( 'NONE', ( #243, #1661, #1554, #1377 ) ) ;
#1622 = EDGE_CURVE ( 'NONE', #425, #2195, #1505, .T. ) ;
#1623 = CARTESIAN_POINT ( 'NONE',  ( -0.1071526949292292002, 0.2708356209418730232, 0.07589341157721779529 ) ) ;
#1624 = ADVANCED_FACE ( 'NONE', ( #803 ), #1688, .F. ) ;
#1625 = CARTESIAN_POINT ( 'NONE',  ( -0.09301871466132050070, 0.2583661094373110312, 0.08182083467731550430 ) ) ;
#1626 = DIRECTION ( 'NONE',  ( -0.8493881131629331671, 0.5277628146696661249, 0.002498933665447310593 ) ) ;
#1627 = CARTESIAN_POINT ( 'NONE',  ( -0.1257355059757560012, 0.2314143144222510218, 0.08432935966583189613 ) ) ;
#1628 = CARTESIAN_POINT ( 'NONE',  ( -0.08340745465268969983, 0.2824810975210000352, 0.08504745109288550098 ) ) ;
#1629 = CARTESIAN_POINT ( 'NONE',  ( -0.1093475408823439687, 0.2473468429525411405, 0.08878992117516895655 ) ) ;
#1630 = ORIENTED_EDGE ( 'NONE', *, *, #2149, .F. ) ;
#1631 = ORIENTED_EDGE ( 'NONE', *, *, #185, .T. ) ;
#1632 = LINE ( 'NONE', #1457, #1398 ) ;
#1633 = VECTOR ( 'NONE', #1390, 1.000000000000000000 ) ;
#1634 = CARTESIAN_POINT ( 'NONE',  ( -0.08707324859694308417, 0.2740773855325424058, 0.09364507472939272159 ) ) ;
#1635 = CIRCLE ( 'NONE', #1053, 0.001749999999999991363 ) ;
#1636 = CYLINDRICAL_SURFACE ( 'NONE', #18, 0.002500000000000001787 ) ;
#1637 = ADVANCED_FACE ( 'NONE', ( #1426 ), #173, .T. ) ;
#1638 = VECTOR ( 'NONE', #88, 1.000000000000000000 ) ;
#1639 = CARTESIAN_POINT ( 'NONE',  ( -0.1122487900155142021, 0.2624661955367265098, 0.1113120864996259979 ) ) ;
#1640 = CARTESIAN_POINT ( 'NONE',  ( -0.1223464280653893954, 0.2463837829854539918, 0.07565110954798889842 ) ) ;
#1641 = AXIS2_PLACEMENT_3D ( 'NONE', #551, #1762, #1943 ) ;
#1642 = AXIS2_PLACEMENT_3D ( 'NONE', #19, #727, #2269 ) ;
#1643 = LINE ( 'NONE', #601, #420 ) ;
#1644 = AXIS2_PLACEMENT_3D ( 'NONE', #460, #1324, #1504 ) ;
#1645 = VERTEX_POINT ( 'NONE', #878 ) ;
#1646 = CARTESIAN_POINT ( 'NONE',  ( -0.1206318817669179422, 0.2489920210410727641, 0.1075784027491975825 ) ) ;
#1647 = ORIENTED_EDGE ( 'NONE', *, *, #629, .F. ) ;
#1648 = DIRECTION ( 'NONE',  ( 0.002319452490765529402, 0.008467729446439968555, -0.9999614581063438479 ) ) ;
#1649 = DIRECTION ( 'NONE',  ( -0.5277636339855718006, -0.8493495799786874301, -0.008416509512304529497 ) ) ;
#1650 = ORIENTED_EDGE ( 'NONE', *, *, #382, .T. ) ;
#1651 = CARTESIAN_POINT ( 'NONE',  ( -0.08604111826546570474, 0.2516929660189785034, 0.08978081930051250159 ) ) ;
#1652 = EDGE_CURVE ( 'NONE', #1841, #894, #1828, .T. ) ;
#1653 = CYLINDRICAL_SURFACE ( 'NONE', #1211, 0.001749999999999991363 ) ;
#1654 = DIRECTION ( 'NONE',  ( -0.5277636339855715786, -0.8493495799786875411, -0.008416509512308555790 ) ) ;
#1655 = ORIENTED_EDGE ( 'NONE', *, *, #901, .T. ) ;
#1656 = CARTESIAN_POINT ( 'NONE',  ( -0.1163849412011034867, 0.2463532069677245584, 0.1075659080808703399 ) ) ;
#1657 = EDGE_CURVE ( 'NONE', #954, #624, #326, .T. ) ;
#1658 = EDGE_LOOP ( 'NONE', ( #585, #1308, #1807, #672 ) ) ;
#1659 = DIRECTION ( 'NONE',  ( -0.8493881131629329451, 0.5277628146696660139, 0.002498933665447310160 ) ) ;
#1660 = DIRECTION ( 'NONE',  ( 0.5277636339855718006, 0.8493495799786874301, 0.008416509512304529497 ) ) ;
#1661 = ORIENTED_EDGE ( 'NONE', *, *, #1849, .F. ) ;
#1662 = PLANE ( 'NONE',  #2155 ) ;
#1663 = CARTESIAN_POINT ( 'NONE',  ( -0.07911518717165549885, 0.2827573016196029965, 0.08505974609883720783 ) ) ;
#1664 = CARTESIAN_POINT ( 'NONE',  ( -0.1124546156661564017, 0.2622982204565550424, 0.07682743365545299796 ) ) ;
#1665 = ADVANCED_FACE ( 'NONE', ( #714 ), #349, .T. ) ;
#1666 = VERTEX_POINT ( 'NONE', #1040 ) ;
#1667 = DIRECTION ( 'NONE',  ( 0.8493881131629329451, -0.5277628146696660139, -0.002498933665447310160 ) ) ;
#1668 = ORIENTED_EDGE ( 'NONE', *, *, #2136, .T. ) ;
#1669 = DIRECTION ( 'NONE',  ( -0.5277636339855709124, -0.8493495799786879852, -0.008416509512304840013 ) ) ;
#1670 = CARTESIAN_POINT ( 'NONE',  ( -0.1165078759736516006, 0.2527868645509530054, 0.1076201035000659972 ) ) ;
#1671 = EDGE_CURVE ( 'NONE', #1025, #376, #704, .T. ) ;
#1672 = AXIS2_PLACEMENT_3D ( 'NONE', #616, #103, #1304 ) ;
#1673 = ORIENTED_EDGE ( 'NONE', *, *, #1203, .F. ) ;
#1674 = AXIS2_PLACEMENT_3D ( 'NONE', #1202, #819, #1750 ) ;
#1675 = DIRECTION ( 'NONE',  ( 0.5277636339855709124, 0.8493495799786879852, 0.008416509512304840013 ) ) ;
#1676 = CARTESIAN_POINT ( 'NONE',  ( -0.1119870548880193967, 0.2430975547338130038, 0.08904782706503928946 ) ) ;
#1677 = CIRCLE ( 'NONE', #1087, 0.0009999999999999904798 ) ;
#1678 = CARTESIAN_POINT ( 'NONE',  ( -0.1180994874995745930, 0.2437449689121055085, 0.07563861487966160035 ) ) ;
#1679 = AXIS2_PLACEMENT_3D ( 'NONE', #1913, #1034, #796 ) ;
#1680 = VECTOR ( 'NONE', #1307, 1.000000000000000222 ) ;
#1681 = ORIENTED_EDGE ( 'NONE', *, *, #1738, .T. ) ;
#1682 = ADVANCED_FACE ( 'NONE', ( #534 ), #1951, .F. ) ;
#1683 = AXIS2_PLACEMENT_3D ( 'NONE', #222, #1648, #1802 ) ;
#1684 = PLANE ( 'NONE',  #1761 ) ;
#1685 = VERTEX_POINT ( 'NONE', #1072 ) ;
#1686 = AXIS2_PLACEMENT_3D ( 'NONE', #133, #322, #2074 ) ;
#1687 = CARTESIAN_POINT ( 'NONE',  ( -0.1309302183166940192, 0.2325120853832834955, 0.08765493575619751065 ) ) ;
#1688 = CYLINDRICAL_SURFACE ( 'NONE', #91, 0.005400000000000001153 ) ;
#1689 =( BOUNDED_CURVE ( )  B_SPLINE_CURVE ( 3, ( #1803, #214, #39, #2005 ),
 .UNSPECIFIED., .F., .T. ) 
 B_SPLINE_CURVE_WITH_KNOTS ( ( 4, 4 ),
 ( 4.712388980385002313, 6.283185307179586232 ),
 .UNSPECIFIED. ) 
 CURVE ( )  GEOMETRIC_REPRESENTATION_ITEM ( )  RATIONAL_B_SPLINE_CURVE ( ( 1.000000000000000000, 0.8047378541244386563, 0.8047378541244386563, 1.000000000000000000 ) ) 
 REPRESENTATION_ITEM ( '' )  );
#1690 = ORIENTED_EDGE ( 'NONE', *, *, #1280, .T. ) ;
#1691 = DIRECTION ( 'NONE',  ( 0.5277636339855692471, 0.8493495799786889844, 0.008416509512304545110 ) ) ;
#1692 = DIRECTION ( 'NONE',  ( 0.5277636339855709124, 0.8493495799786879852, 0.008416509512304840013 ) ) ;
#1693 = DIRECTION ( 'NONE',  ( -0.002319452490765639557, -0.008467729446439899166, 0.9999614581063438479 ) ) ;
#1694 = ORIENTED_EDGE ( 'NONE', *, *, #155, .F. ) ;
#1695 = CARTESIAN_POINT ( 'NONE',  ( -0.1199534160357473983, 0.2472110520396904876, 0.1140651456659305951 ) ) ;
#1696 = ORIENTED_EDGE ( 'NONE', *, *, #314, .T. ) ;
#1697 = FACE_OUTER_BOUND ( 'NONE', #694, .T. ) ;
#1698 = CYLINDRICAL_SURFACE ( 'NONE', #1433, 0.009999999999999984596 ) ;
#1699 = EDGE_CURVE ( 'NONE', #1191, #1025, #1401, .T. ) ;
#1700 = ORIENTED_EDGE ( 'NONE', *, *, #1952, .F. ) ;
#1701 = LINE ( 'NONE', #284, #1971 ) ;
#1702 = CARTESIAN_POINT ( 'NONE',  ( -0.08505394560632370538, 0.2864770445106299968, 0.08207735426017628844 ) ) ;
#1703 = CARTESIAN_POINT ( 'NONE',  ( -0.1071944450740630050, 0.2706832018118369709, 0.09389271782313189652 ) ) ;
#1704 = EDGE_CURVE ( 'NONE', #1534, #1645, #500, .T. ) ;
#1705 = ORIENTED_EDGE ( 'NONE', *, *, #453, .T. ) ;
#1706 = LINE ( 'NONE', #678, #1633 ) ;
#1707 = DIRECTION ( 'NONE',  ( -0.8493881131629329451, 0.5277628146696661249, 0.002498933665447309292 ) ) ;
#1708 = ORIENTED_EDGE ( 'NONE', *, *, #1714, .T. ) ;
#1709 = DIRECTION ( 'NONE',  ( -0.002319452490765254449, -0.008467729446439939064, 0.9999614581063438479 ) ) ;
#1710 = DIRECTION ( 'NONE',  ( 0.5277636339855709124, 0.8493495799786879852, 0.008416509512304840013 ) ) ;
#1711 = EDGE_LOOP ( 'NONE', ( #914, #482, #1305, #2278 ) ) ;
#1712 = LINE ( 'NONE', #1215, #1317 ) ;
#1713 = CARTESIAN_POINT ( 'NONE',  ( -0.08762956372457419985, 0.2756863008811705207, 0.08498011901678700908 ) ) ;
#1714 = EDGE_CURVE ( 'NONE', #998, #1579, #159, .T. ) ;
#1715 = CIRCLE ( 'NONE', #351, 0.001749999999999991363 ) ;
#1716 = FACE_OUTER_BOUND ( 'NONE', #319, .T. ) ;
#1717 = VECTOR ( 'NONE', #1859, 1.000000000000000000 ) ;
#1718 = ORIENTED_EDGE ( 'NONE', *, *, #57, .T. ) ;
#1719 = AXIS2_PLACEMENT_3D ( 'NONE', #710, #1422, #1495 ) ;
#1720 = VERTEX_POINT ( 'NONE', #1408 ) ;
#1721 = CYLINDRICAL_SURFACE ( 'NONE', #2202, 0.004000000000000008757 ) ;
#1722 = AXIS2_PLACEMENT_3D ( 'NONE', #2193, #72, #779 ) ;
#1723 = VERTEX_POINT ( 'NONE', #9 ) ;
#1724 = DATE_TIME_ROLE ( 'creation_date' ) ;
#1725 = FACE_OUTER_BOUND ( 'NONE', #741, .T. ) ;
#1726 = AXIS2_PLACEMENT_3D ( 'NONE', #496, #1207, #1905 ) ;
#1727 = VERTEX_POINT ( 'NONE', #1030 ) ;
#1728 = ORIENTED_EDGE ( 'NONE', *, *, #1699, .T. ) ;
#1729 = DIRECTION ( 'NONE',  ( 0.8493881131629330561, -0.5277628146696661249, -0.002498933665447310593 ) ) ;
#1730 = DIRECTION ( 'NONE',  ( -0.5277636339855716896, -0.8493495799786873190, -0.008416509512307997209 ) ) ;
#1731 = ADVANCED_FACE ( 'NONE', ( #370 ), #1778, .T. ) ;
#1732 = DIRECTION ( 'NONE',  ( -0.5277636339855709124, -0.8493495799786879852, -0.008416509512304840013 ) ) ;
#1733 = ADVANCED_FACE ( 'NONE', ( #1225 ), #1212, .F. ) ;
#1734 = EDGE_LOOP ( 'NONE', ( #2266, #655 ) ) ;
#1735 = VERTEX_POINT ( 'NONE', #895 ) ;
#1736 = VERTEX_POINT ( 'NONE', #1941 ) ;
#1737 = CARTESIAN_POINT ( 'NONE',  ( -0.1119870548880193967, 0.2430975547338130038, 0.08904782706503928946 ) ) ;
#1738 = EDGE_CURVE ( 'NONE', #1301, #1046, #1128, .T. ) ;
#1739 = ORIENTED_EDGE ( 'NONE', *, *, #1704, .F. ) ;
#1740 = CARTESIAN_POINT ( 'NONE',  ( -0.1284822840497364116, 0.2364763420850275188, 0.08247632417226480328 ) ) ;
#1741 = DIRECTION ( 'NONE',  ( 0.5277636339855712455, 0.8493495799786875411, 0.008416509512305575536 ) ) ;
#1742 = CARTESIAN_POINT ( 'NONE',  ( -0.1056207289921676090, 0.2533620587872679741, 0.08514936024442840146 ) ) ;
#1743 = ORIENTED_EDGE ( 'NONE', *, *, #818, .F. ) ;
#1744 = LINE ( 'NONE', #495, #1491 ) ;
#1745 = ADVANCED_FACE ( 'NONE', ( #682, #363, #2284, #1064 ), #888, .F. ) ;
#1746 = EDGE_LOOP ( 'NONE', ( #2114, #920, #2290, #1234 ) ) ;
#1747 = CARTESIAN_POINT ( 'NONE',  ( -0.1122487900155142021, 0.2624661955367265098, 0.1113120864996259979 ) ) ;
#1748 = ORIENTED_EDGE ( 'NONE', *, *, #1995, .T. ) ;
#1749 = FACE_OUTER_BOUND ( 'NONE', #1658, .T. ) ;
#1750 = DIRECTION ( 'NONE',  ( -0.5277636339855692471, -0.8493495799786889844, -0.008416509512304545110 ) ) ;
#1751 = CIRCLE ( 'NONE', #748, 0.001300000000000004060 ) ;
#1752 = ORIENTED_EDGE ( 'NONE', *, *, #1995, .F. ) ;
#1753 = CARTESIAN_POINT ( 'NONE',  ( -0.1309573988901332198, 0.2324128560423084910, 0.09937301403395899790 ) ) ;
#1754 = AXIS2_PLACEMENT_3D ( 'NONE', #1924, #1176, #837 ) ;
#1755 = AXIS2_PLACEMENT_3D ( 'NONE', #1740, #1200, #1729 ) ;
#1756 = ORIENTED_EDGE ( 'NONE', *, *, #174, .F. ) ;
#1757 = PERSON_AND_ORGANIZATION ( #1166, #548 ) ;
#1758 = AXIS2_PLACEMENT_3D ( 'NONE', #2130, #1922, #1259 ) ;
#1759 = DIRECTION ( 'NONE',  ( -0.5277636339855772407, -0.8493495799786839884, -0.008416509512308519361 ) ) ;
#1760 = EDGE_LOOP ( 'NONE', ( #1015, #368, #100, #831 ) ) ;
#1761 = AXIS2_PLACEMENT_3D ( 'NONE', #1354, #1868, #823 ) ;
#1762 = DIRECTION ( 'NONE',  ( -0.8493881131629331671, 0.5277628146696661249, 0.002498933665447310593 ) ) ;
#1763 = CIRCLE ( 'NONE', #1502, 0.0009999999999999904798 ) ;
#1764 = DIRECTION ( 'NONE',  ( 0.8493881131629329451, -0.5277628146696660139, -0.002498933665447310160 ) ) ;
#1765 = EDGE_CURVE ( 'NONE', #593, #1152, #2161, .T. ) ;
#1766 = DIRECTION ( 'NONE',  ( 0.8493881131629329451, -0.5277628146696660139, -0.002498933665447310160 ) ) ;
#1767 = ORIENTED_EDGE ( 'NONE', *, *, #1765, .F. ) ;
#1768 = VERTEX_POINT ( 'NONE', #1615 ) ;
#1769 = PERSON_AND_ORGANIZATION ( #1166, #548 ) ;
#1770 = DIRECTION ( 'NONE',  ( 0.3535712404703585388, 0.5725445262048973749, -0.7397162587269943135 ) ) ;
#1771 = ORIENTED_EDGE ( 'NONE', *, *, #1652, .T. ) ;
#1772 = DIRECTION ( 'NONE',  ( 0.8493881131629329451, -0.5277628146696660139, -0.002498933665447310160 ) ) ;
#1773 = EDGE_CURVE ( 'NONE', #829, #1130, #1022, .T. ) ;
#1774 = LINE ( 'NONE', #2142, #1967 ) ;
#1775 = DIRECTION ( 'NONE',  ( 0.002319452490765747110, 0.008467729446439840185, -0.9999614581063438479 ) ) ;
#1776 = VERTEX_POINT ( 'NONE', #1098 ) ;
#1777 = VERTEX_POINT ( 'NONE', #1786 ) ;
#1778 = PLANE ( 'NONE',  #2200 ) ;
#1779 = DIRECTION ( 'NONE',  ( -0.5277636339855709124, -0.8493495799786879852, -0.008416509512304840013 ) ) ;
#1780 = DIRECTION ( 'NONE',  ( -0.002319452490765674252, -0.008467729446439878349, 0.9999614581063438479 ) ) ;
#1781 = LINE ( 'NONE', #1452, #456 ) ;
#1782 = AXIS2_PLACEMENT_3D ( 'NONE', #987, #1693, #1160 ) ;
#1783 = VERTEX_POINT ( 'NONE', #220 ) ;
#1784 = VECTOR ( 'NONE', #2045, 1.000000000000000000 ) ;
#1785 = ORIENTED_EDGE ( 'NONE', *, *, #1051, .T. ) ;
#1786 = CARTESIAN_POINT ( 'NONE',  ( -0.1153572745632297641, 0.2508074733225068020, 0.1164063499545620883 ) ) ;
#1787 = CIRCLE ( 'NONE', #1719, 0.004000000000000001818 ) ;
#1788 = ADVANCED_FACE ( 'NONE', ( #1274 ), #917, .F. ) ;
#1789 = VECTOR ( 'NONE', #478, 1.000000000000000222 ) ;
#1790 = CARTESIAN_POINT ( 'NONE',  ( -0.1209682552934810001, 0.2484104355927905239, 0.1160730252373977922 ) ) ;
#1791 = DIRECTION ( 'NONE',  ( -0.5277636339855692471, -0.8493495799786889844, -0.008416509512304545110 ) ) ;
#1792 = AXIS2_PLACEMENT_3D ( 'NONE', #2173, #1626, #1791 ) ;
#1793 = CARTESIAN_POINT ( 'NONE',  ( -0.09029673097656160108, 0.2978962592889404792, 0.09016220029510030320 ) ) ;
#1794 = EDGE_CURVE ( 'NONE', #1384, #938, #1472, .T. ) ;
#1795 = AXIS2_PLACEMENT_3D ( 'NONE', #1333, #487, #82 ) ;
#1796 = CARTESIAN_POINT ( 'NONE',  ( -0.1249932334895998837, 0.2325417041271460872, 0.09852864117319770632 ) ) ;
#1797 = APPLICATION_CONTEXT ( 'configuration controlled 3d designs of mechanical parts and assemblies' ) ;
#1798 = EDGE_CURVE ( 'NONE', #617, #2075, #1632, .T. ) ;
#1799 = ORIENTED_EDGE ( 'NONE', *, *, #1494, .F. ) ;
#1800 = VERTEX_POINT ( 'NONE', #1646 ) ;
#1801 = LINE ( 'NONE', #579, #1218 ) ;
#1802 = DIRECTION ( 'NONE',  ( 0.8493881131629293924, -0.5277628146696718980, -0.002498933665444446131 ) ) ;
#1803 = CARTESIAN_POINT ( 'NONE',  ( -0.1027072560495470022, 0.2608711099177234982, 0.08981988253064369931 ) ) ;
#1804 = CARTESIAN_POINT ( 'NONE',  ( -0.1122555756099933993, 0.2426559444849315239, 0.09104354172649589683 ) ) ;
#1805 = DIRECTION ( 'NONE',  ( 0.5511504283509907065, -0.8343858301393137777, -0.005787209279742603837 ) ) ;
#1806 = DIRECTION ( 'NONE',  ( 0.8493881131629329451, -0.5277628146696660139, -0.002498933665447310160 ) ) ;
#1807 = ORIENTED_EDGE ( 'NONE', *, *, #884, .F. ) ;
#1808 = ORIENTED_EDGE ( 'NONE', *, *, #916, .T. ) ;
#1809 = EDGE_CURVE ( 'NONE', #2250, #1934, #1801, .T. ) ;
#1810 = CARTESIAN_POINT ( 'NONE',  ( -0.1006564869738262730, 0.2686110810549569572, 0.08989018188306771573 ) ) ;
#1811 = CYLINDRICAL_SURFACE ( 'NONE', #1867, 0.001300000000000004060 ) ;
#1812 = CARTESIAN_POINT ( 'NONE',  ( -0.09059546376317220706, 0.2775588739208534883, 0.08198898091029709068 ) ) ;
#1813 = CARTESIAN_POINT ( 'NONE',  ( -0.1147654940404990026, 0.2518905322352075205, 0.08881583022033939789 ) ) ;
#1814 = DIRECTION ( 'NONE',  ( -0.8493881131629331671, 0.5277628146696661249, 0.002498933665447310593 ) ) ;
#1815 = DIRECTION ( 'NONE',  ( -0.5277636339855715786, -0.8493495799786875411, -0.008416509512308555790 ) ) ;
#1816 = EDGE_LOOP ( 'NONE', ( #1238, #309, #1655, #1708 ) ) ;
#1817 = DIRECTION ( 'NONE',  ( 0.8493881131629329451, -0.5277628146696660139, -0.002498933665447310160 ) ) ;
#1818 = AXIS2_PLACEMENT_3D ( 'NONE', #2021, #797, #2187 ) ;
#1819 = EDGE_CURVE ( 'NONE', #350, #705, #36, .T. ) ;
#1820 = DIRECTION ( 'NONE',  ( 0.002319452490765529402, 0.008467729446439968555, -0.9999614581063438479 ) ) ;
#1821 = AXIS2_PLACEMENT_3D ( 'NONE', #1532, #652, #2102 ) ;
#1822 = CARTESIAN_POINT ( 'NONE',  ( -0.1035535062257118000, 0.2566481964580210051, 0.09378231392452170134 ) ) ;
#1823 = AXIS2_PLACEMENT_3D ( 'NONE', #1484, #2020, #2186 ) ;
#1824 = ORIENTED_EDGE ( 'NONE', *, *, #1699, .F. ) ;
#1825 = PLANE ( 'NONE',  #49 ) ;
#1826 = LINE ( 'NONE', #417, #827 ) ;
#1827 = VECTOR ( 'NONE', #1267, 1.000000000000000222 ) ;
#1828 = CIRCLE ( 'NONE', #318, 0.009999999999999984596 ) ;
#1829 = CARTESIAN_POINT ( 'NONE',  ( -0.1240464526052171973, 0.2341127431865730191, 0.08854375548378079497 ) ) ;
#1830 = EDGE_CURVE ( 'NONE', #2145, #429, #377, .T. ) ;
#1831 = CC_DESIGN_APPROVAL ( #2110, ( #2177 ) ) ;
#1832 = EDGE_LOOP ( 'NONE', ( #1942, #1949, #1194, #1 ) ) ;
#1833 = CARTESIAN_POINT ( 'NONE',  ( -0.1282933931710320274, 0.2367515572599215024, 0.08855625015210799589 ) ) ;
#1834 = VERTEX_POINT ( 'NONE', #404 ) ;
#1835 = DIRECTION ( 'NONE',  ( 0.2946804924599808473, 0.4781799554562775056, -0.8273495860658754975 ) ) ;
#1836 = DIRECTION ( 'NONE',  ( 0.8493881131629329451, -0.5277628146696660139, -0.002498933665447310160 ) ) ;
#1837 = PLANE ( 'NONE',  #2004 ) ;
#1838 = DIRECTION ( 'NONE',  ( 0.002319452490765564531, 0.008467729446439947738, -0.9999614581063438479 ) ) ;
#1839 = EDGE_CURVE ( 'NONE', #1666, #1841, #1982, .T. ) ;
#1840 = CARTESIAN_POINT ( 'NONE',  ( -0.08392825992920290024, 0.2816571511293605168, 0.08203915020905409861 ) ) ;
#1841 = VERTEX_POINT ( 'NONE', #390 ) ;
#1842 = ADVANCED_FACE ( 'NONE', ( #556 ), #1970, .F. ) ;
#1843 = FACE_OUTER_BOUND ( 'NONE', #1858, .T. ) ;
#1844 = ORIENTED_EDGE ( 'NONE', *, *, #360, .T. ) ;
#1845 = FACE_OUTER_BOUND ( 'NONE', #533, .T. ) ;
#1846 = ORIENTED_EDGE ( 'NONE', *, *, #324, .F. ) ;
#1847 = FACE_BOUND ( 'NONE', #296, .T. ) ;
#1848 = DIRECTION ( 'NONE',  ( 0.5277636339855715786, 0.8493495799786875411, 0.008416509512308555790 ) ) ;
#1849 = EDGE_CURVE ( 'NONE', #668, #924, #2157, .T. ) ;
#1850 = DIRECTION ( 'NONE',  ( -0.5277636339855692471, -0.8493495799786889844, -0.008416509512304545110 ) ) ;
#1851 = EDGE_LOOP ( 'NONE', ( #1223, #1631, #1512, #2067 ) ) ;
#1852 = DIRECTION ( 'NONE',  ( -0.8493881131629358316, 0.5277628146696613509, 0.002498933665448119408 ) ) ;
#1853 = ORIENTED_EDGE ( 'NONE', *, *, #194, .F. ) ;
#1854 = CARTESIAN_POINT ( 'NONE',  ( 0.000000000000000000, 0.000000000000000000, 0.000000000000000000 ) ) ;
#1855 = CARTESIAN_POINT ( 'NONE',  ( -0.1148295109292442051, 0.2516568229024854775, 0.1164147664640743929 ) ) ;
#1856 = AXIS2_PLACEMENT_3D ( 'NONE', #454, #1329, #92 ) ;
#1857 = EDGE_CURVE ( 'NONE', #1800, #1510, #2171, .T. ) ;
#1858 = EDGE_LOOP ( 'NONE', ( #885, #1335, #2001, #815 ) ) ;
#1859 = DIRECTION ( 'NONE',  ( 0.002319452490765279602, 0.008467729446439907839, -0.9999614581063438479 ) ) ;
#1860 = DIRECTION ( 'NONE',  ( 0.8493881131629331671, -0.5277628146696661249, -0.002498933665447310593 ) ) ;
#1861 = CIRCLE ( 'NONE', #269, 0.009999999999999984596 ) ;
#1862 = FACE_OUTER_BOUND ( 'NONE', #1032, .T. ) ;
#1863 = AXIS2_PLACEMENT_3D ( 'NONE', #205, #1120, #597 ) ;
#1864 = EDGE_CURVE ( 'NONE', #1054, #289, #2181, .T. ) ;
#1865 = CIRCLE ( 'NONE', #578, 0.003499999999999992267 ) ;
#1866 = ORIENTED_EDGE ( 'NONE', *, *, #1612, .F. ) ;
#1867 = AXIS2_PLACEMENT_3D ( 'NONE', #213, #1820, #587 ) ;
#1868 = DIRECTION ( 'NONE',  ( 0.5277636339855710235, 0.8493495799786879852, 0.008416509512304840013 ) ) ;
#1869 = EDGE_CURVE ( 'NONE', #1106, #673, #231, .T. ) ;
#1870 = ORIENTED_EDGE ( 'NONE', *, *, #653, .F. ) ;
#1871 =( NAMED_UNIT ( * ) PLANE_ANGLE_UNIT ( ) SI_UNIT ( $, .RADIAN. ) );
#1872 = CYLINDRICAL_SURFACE ( 'NONE', #1539, 0.002500000000000001787 ) ;
#1873 = ORIENTED_EDGE ( 'NONE', *, *, #1111, .F. ) ;
#1874 = DIRECTION ( 'NONE',  ( -0.5277636339855709124, -0.8493495799786879852, -0.008416509512304840013 ) ) ;
#1875 = DIRECTION ( 'NONE',  ( -0.5277636339855715786, -0.8493495799786875411, -0.008416509512308555790 ) ) ;
#1876 = LINE ( 'NONE', #1703, #751 ) ;
#1877 = ORIENTED_EDGE ( 'NONE', *, *, #502, .T. ) ;
#1878 = ORIENTED_EDGE ( 'NONE', *, *, #2078, .F. ) ;
#1879 = LINE ( 'NONE', #789, #1434 ) ;
#1880 = ORIENTED_EDGE ( 'NONE', *, *, #1486, .F. ) ;
#1881 = EDGE_CURVE ( 'NONE', #664, #246, #735, .T. ) ;
#1882 = APPROVAL_STATUS ( 'not_yet_approved' ) ;
#1883 = DIRECTION ( 'NONE',  ( 0.5277636339855779068, 0.8493495799786835443, 0.008416509512304628376 ) ) ;
#1884 = ORIENTED_EDGE ( 'NONE', *, *, #881, .F. ) ;
#1885 = VERTEX_POINT ( 'NONE', #422 ) ;
#1886 = DIRECTION ( 'NONE',  ( -0.3748253450397126540, -0.6065684365137061773, 0.7011281570021122844 ) ) ;
#1887 = LINE ( 'NONE', #1518, #1281 ) ;
#1888 = DIRECTION ( 'NONE',  ( -0.8493881131629358316, 0.5277628146696613509, 0.002498933665448119408 ) ) ;
#1889 = ORIENTED_EDGE ( 'NONE', *, *, #1839, .F. ) ;
#1890 = DIRECTION ( 'NONE',  ( -0.8493881131629329451, 0.5277628146696660139, 0.002498933665447310160 ) ) ;
#1891 = CYLINDRICAL_SURFACE ( 'NONE', #1580, 0.004000000000000006155 ) ;
#1892 = ORIENTED_EDGE ( 'NONE', *, *, #44, .T. ) ;
#1893 = CYLINDRICAL_SURFACE ( 'NONE', #2090, 0.0009999999999999904798 ) ;
#1894 = EDGE_CURVE ( 'NONE', #2260, #2089, #1129, .T. ) ;
#1895 = ORIENTED_EDGE ( 'NONE', *, *, #1411, .T. ) ;
#1896 = ORIENTED_EDGE ( 'NONE', *, *, #1564, .F. ) ;
#1897 = DIRECTION ( 'NONE',  ( 0.5277636339855709124, 0.8493495799786879852, 0.008416509512304840013 ) ) ;
#1898 = DIRECTION ( 'NONE',  ( 0.5277636339855692471, 0.8493495799786889844, 0.008416509512304545110 ) ) ;
#1899 = AXIS2_PLACEMENT_3D ( 'NONE', #2073, #1405, #999 ) ;
#1900 = CARTESIAN_POINT ( 'NONE',  ( -0.1199000686284600048, 0.2474058098169585052, 0.09106603212948490012 ) ) ;
#1901 = VECTOR ( 'NONE', #316, 1.000000000000000000 ) ;
#1902 = ORIENTED_EDGE ( 'NONE', *, *, #583, .F. ) ;
#1903 = AXIS2_PLACEMENT_3D ( 'NONE', #101, #806, #636 ) ;
#1904 = ORIENTED_EDGE ( 'NONE', *, *, #948, .T. ) ;
#1905 = DIRECTION ( 'NONE',  ( -0.5277636339855718006, -0.8493495799786874301, -0.008416509512304529497 ) ) ;
#1906 = VECTOR ( 'NONE', #2184, 1.000000000000000000 ) ;
#1907 = VERTEX_POINT ( 'NONE', #2137 ) ;
#1908 = DIRECTION ( 'NONE',  ( 0.8493881131629329451, -0.5277628146696660139, -0.002498933665447310160 ) ) ;
#1909 = PRODUCT_DEFINITION_FORMATION_WITH_SPECIFIED_SOURCE ( 'ANY', '', #1530, .NOT_KNOWN. ) ;
#1910 = EDGE_LOOP ( 'NONE', ( #167, #180, #604, #1440 ) ) ;
#1911 = ORIENTED_EDGE ( 'NONE', *, *, #1051, .F. ) ;
#1912 = FACE_OUTER_BOUND ( 'NONE', #963, .T. ) ;
#1913 = CARTESIAN_POINT ( 'NONE',  ( -0.1223557058753524107, 0.2463499120676680143, 0.07965095538041430667 ) ) ;
#1914 = ADVANCED_FACE ( 'NONE', ( #565 ), #1013, .F. ) ;
#1915 = LINE ( 'NONE', #1742, #80 ) ;
#1916 = ORIENTED_EDGE ( 'NONE', *, *, #1118, .T. ) ;
#1917 = ADVANCED_FACE ( 'NONE', ( #1843 ), #1891, .F. ) ;
#1918 = VERTEX_POINT ( 'NONE', #1367 ) ;
#1919 = DIRECTION ( 'NONE',  ( 0.5277636339855712455, 0.8493495799786875411, 0.008416509512305575536 ) ) ;
#1920 = EDGE_LOOP ( 'NONE', ( #1681, #1571, #631, #906 ) ) ;
#1921 = CARTESIAN_POINT ( 'NONE',  ( -0.07177294452792910839, 0.2746931465139744732, 0.08200837339249400504 ) ) ;
#1922 = DIRECTION ( 'NONE',  ( -0.8493881131629331671, 0.5277628146696661249, 0.002498933665447310593 ) ) ;
#1923 = ORIENTED_EDGE ( 'NONE', *, *, #670, .T. ) ;
#1924 = CARTESIAN_POINT ( 'NONE',  ( -0.1071526949292292002, 0.2708356209418730232, 0.07589341157721779529 ) ) ;
#1925 = ADVANCED_FACE ( 'NONE', ( #1511, #1000, #436, #1140, #457 ), #799, .T. ) ;
#1926 = EDGE_LOOP ( 'NONE', ( #1743, #1378, #1026, #547 ) ) ;
#1927 = CARTESIAN_POINT ( 'NONE',  ( -0.1177195648713943998, 0.2538062906950669939, 0.08072488867750340913 ) ) ;
#1928 = VERTEX_POINT ( 'NONE', #1522 ) ;
#1929 = DIRECTION ( 'NONE',  ( 0.002319452490765564531, 0.008467729446439947738, -0.9999614581063438479 ) ) ;
#1930 = ORIENTED_EDGE ( 'NONE', *, *, #1869, .F. ) ;
#1931 = DIRECTION ( 'NONE',  ( -0.5277636339855711345, -0.8493495799786879852, -0.008416509512304840013 ) ) ;
#1932 = LINE ( 'NONE', #2132, #1014 ) ;
#1933 = CIRCLE ( 'NONE', #1349, 0.0009999999999999904798 ) ;
#1934 = VERTEX_POINT ( 'NONE', #2215 ) ;
#1935 = AXIS2_PLACEMENT_3D ( 'NONE', #127, #2253, #663 ) ;
#1936 = VECTOR ( 'NONE', #846, 1.000000000000000222 ) ;
#1937 = ORIENTED_EDGE ( 'NONE', *, *, #1881, .F. ) ;
#1938 = APPROVAL_DATE_TIME ( #887, #2110 ) ;
#1939 = EDGE_CURVE ( 'NONE', #1645, #490, #1865, .T. ) ;
#1940 = AXIS2_PLACEMENT_3D ( 'NONE', #1400, #2100, #521 ) ;
#1941 = CARTESIAN_POINT ( 'NONE',  ( -0.09303727028124669785, 0.2582983676017394647, 0.08982052634216619591 ) ) ;
#1942 = ORIENTED_EDGE ( 'NONE', *, *, #1058, .T. ) ;
#1943 = DIRECTION ( 'NONE',  ( 0.5277636339855712455, 0.8493495799786875411, 0.008416509512305575536 ) ) ;
#1944 = VECTOR ( 'NONE', #2024, 1.000000000000000000 ) ;
#1945 = LINE ( 'NONE', #397, #1533 ) ;
#1946 = CARTESIAN_POINT ( 'NONE',  ( -0.08578239100562469466, 0.2786590244110959680, 0.08500957680008010275 ) ) ;
#1947 = CARTESIAN_POINT ( 'NONE',  ( -0.1141607346412123886, 0.2394715277188445013, 0.1160131203958613966 ) ) ;
#1948 = ORIENTED_EDGE ( 'NONE', *, *, #873, .F. ) ;
#1949 = ORIENTED_EDGE ( 'NONE', *, *, #1111, .T. ) ;
#1950 = SECURITY_CLASSIFICATION_LEVEL ( 'unclassified' ) ;
#1951 = PLANE ( 'NONE',  #358 ) ;
#1952 = EDGE_CURVE ( 'NONE', #2117, #2075, #872, .T. ) ;
#1953 = CARTESIAN_POINT ( 'NONE',  ( -0.1050833905381206024, 0.2740806001317515062, 0.09392638386118119798 ) ) ;
#1954 = LINE ( 'NONE', #1279, #1277 ) ;
#1955 = DIRECTION ( 'NONE',  ( -0.8493881131629329451, 0.5277628146696660139, 0.002498933665447310160 ) ) ;
#1956 = ORIENTED_EDGE ( 'NONE', *, *, #670, .F. ) ;
#1957 = ORIENTED_EDGE ( 'NONE', *, *, #339, .T. ) ;
#1958 = DIRECTION ( 'NONE',  ( -0.002319452490765744508, -0.008467729446439838450, 0.9999614581063438479 ) ) ;
#1959 = CARTESIAN_POINT ( 'NONE',  ( -0.1372769722112404112, 0.2222702757530514994, 0.09341297678093059276 ) ) ;
#1960 = DIRECTION ( 'NONE',  ( 0.5277636339855779068, 0.8493495799786835443, 0.008416509512304628376 ) ) ;
#1961 = EDGE_CURVE ( 'NONE', #595, #1989, #1168, .T. ) ;
#1962 = DIRECTION ( 'NONE',  ( 0.002319452490765504249, 0.008467729446440109067, -0.9999614581063438479 ) ) ;
#1963 = ADVANCED_FACE ( 'NONE', ( #962 ), #1684, .F. ) ;
#1964 = CARTESIAN_POINT ( 'NONE',  ( -0.1288191637807519774, 0.2359094837031980030, 0.08768860179424668722 ) ) ;
#1965 = VECTOR ( 'NONE', #1037, 1.000000000000000000 ) ;
#1966 = VERTEX_POINT ( 'NONE', #1537 ) ;
#1967 = VECTOR ( 'NONE', #699, 1.000000000000000000 ) ;
#1968 = ORIENTED_EDGE ( 'NONE', *, *, #1113, .F. ) ;
#1969 = EDGE_CURVE ( 'NONE', #375, #990, #2244, .T. ) ;
#1970 = CYLINDRICAL_SURFACE ( 'NONE', #53, 0.001749999999999998735 ) ;
#1971 = VECTOR ( 'NONE', #1886, 1.000000000000000000 ) ;
#1972 = AXIS2_PLACEMENT_3D ( 'NONE', #1953, #1606, #858 ) ;
#1973 = LINE ( 'NONE', #378, #431 ) ;
#1974 = CARTESIAN_POINT ( 'NONE',  ( -0.1288463443541910114, 0.2358102543622229985, 0.09940668007200820222 ) ) ;
#1975 = VECTOR ( 'NONE', #1265, 1.000000000000000000 ) ;
#1976 = DIRECTION ( 'NONE',  ( 0.8493881131629329451, -0.5277628146696660139, -0.002498933665447429855 ) ) ;
#1977 = AXIS2_PLACEMENT_3D ( 'NONE', #1298, #235, #1099 ) ;
#1978 = EDGE_CURVE ( 'NONE', #1247, #244, #78, .T. ) ;
#1979 = CARTESIAN_POINT ( 'NONE',  ( -0.1148295109292442051, 0.2516568229024854775, 0.1164147664640743929 ) ) ;
#1980 = ORIENTED_EDGE ( 'NONE', *, *, #2078, .T. ) ;
#1981 = ORIENTED_EDGE ( 'NONE', *, *, #1494, .T. ) ;
#1982 = LINE ( 'NONE', #1107, #275 ) ;
#1983 = DIRECTION ( 'NONE',  ( 0.5277636339855779068, 0.8493495799786835443, 0.008416509512304628376 ) ) ;
#1984 = CARTESIAN_POINT ( 'NONE',  ( -0.08226200241137585079, 0.2624550697979651237, 0.08988071921359995498 ) ) ;
#1985 = CARTESIAN_POINT ( 'NONE',  ( -0.1053589287998232121, 0.2538278920581295006, 0.07575354989531450645 ) ) ;
#1986 = CARTESIAN_POINT ( 'NONE',  ( -0.1273698068115572679, 0.2382379190248841982, 0.08857097904375453579 ) ) ;
#1987 = DIRECTION ( 'NONE',  ( 0.5277636339855710235, 0.8493495799786879852, 0.008416509512304840013 ) ) ;
#1988 = ADVANCED_FACE ( 'NONE', ( #1488 ), #1721, .T. ) ;
#1989 = VERTEX_POINT ( 'NONE', #989 ) ;
#1990 = DIRECTION ( 'NONE',  ( -0.8493881131629329451, 0.5277628146696660139, 0.002498933665447310160 ) ) ;
#1991 = LINE ( 'NONE', #30, #2050 ) ;
#1992 = DIRECTION ( 'NONE',  ( -0.002319452490765674252, -0.008467729446439878349, 0.9999614581063438479 ) ) ;
#1993 = ORIENTED_EDGE ( 'NONE', *, *, #209, .T. ) ;
#1994 = LINE ( 'NONE', #1639, #1427 ) ;
#1995 = EDGE_CURVE ( 'NONE', #619, #1369, #1879, .T. ) ;
#1996 = DIRECTION ( 'NONE',  ( -0.8493881131629340553, 0.5277628146696641265, 0.002498933665447126713 ) ) ;
#1997 = LINE ( 'NONE', #1664, #822 ) ;
#1998 = ORIENTED_EDGE ( 'NONE', *, *, #1231, .F. ) ;
#1999 = DIRECTION ( 'NONE',  ( -0.8493881131629293924, 0.5277628146696718980, 0.002498933665444446131 ) ) ;
#2000 = VECTOR ( 'NONE', #861, 1.000000000000000000 ) ;
#2001 = ORIENTED_EDGE ( 'NONE', *, *, #2136, .F. ) ;
#2002 = EDGE_CURVE ( 'NONE', #576, #524, #2204, .T. ) ;
#2003 = DIRECTION ( 'NONE',  ( 0.8493881131629329451, -0.5277628146696660139, -0.002498933665447429855 ) ) ;
#2004 = AXIS2_PLACEMENT_3D ( 'NONE', #968, #249, #749 ) ;
#2005 = CARTESIAN_POINT ( 'NONE',  ( -0.1082251408481031962, 0.2595508919387030100, 0.09379605805968170562 ) ) ;
#2006 = AXIS2_PLACEMENT_3D ( 'NONE', #833, #1348, #1730 ) ;
#2007 = DIRECTION ( 'NONE',  ( 0.8493881131629329451, -0.5277628146696660139, -0.002498933665447310160 ) ) ;
#2008 = CARTESIAN_POINT ( 'NONE',  ( -0.1102923636145637931, 0.2562647542679509782, 0.08516310437958840573 ) ) ;
#2009 = VECTOR ( 'NONE', #1258, 1.000000000000000222 ) ;
#2010 = CARTESIAN_POINT ( 'NONE',  ( -0.1267104583243185978, 0.2297740419689600078, 0.09936051936563181086 ) ) ;
#2011 = AXIS2_PLACEMENT_3D ( 'NONE', #1142, #992, #1669 ) ;
#2012 = EDGE_LOOP ( 'NONE', ( #860, #577 ) ) ;
#2013 = EDGE_LOOP ( 'NONE', ( #1878, #1414, #1018, #1673 ) ) ;
#2014 = DIRECTION ( 'NONE',  ( -0.8493881131629331671, 0.5277628146696661249, 0.002498933665447310593 ) ) ;
#2015 = ORIENTED_EDGE ( 'NONE', *, *, #1564, .T. ) ;
#2016 = APPLICATION_PROTOCOL_DEFINITION ( 'international standard', 'config_control_design', 1994, #1797 ) ;
#2017 = CARTESIAN_POINT ( 'NONE',  ( -0.1087112134768734029, 0.2683179693728789950, 0.07786855400089311152 ) ) ;
#2018 = EDGE_CURVE ( 'NONE', #2242, #1167, #2035, .T. ) ;
#2019 = LINE ( 'NONE', #416, #866 ) ;
#2020 = DIRECTION ( 'NONE',  ( 0.8493881131629331671, -0.5277628146696661249, -0.002498933665447310593 ) ) ;
#2021 = CARTESIAN_POINT ( 'NONE',  ( -0.1148295109292442051, 0.2516568229024854775, 0.1164147664640743929 ) ) ;
#2022 = ORIENTED_EDGE ( 'NONE', *, *, #1043, .T. ) ;
#2023 = EDGE_CURVE ( 'NONE', #1907, #1437, #618, .T. ) ;
#2024 = DIRECTION ( 'NONE',  ( -0.002319452490765254449, -0.008467729446439939064, 0.9999614581063438479 ) ) ;
#2025 = ORIENTED_EDGE ( 'NONE', *, *, #407, .T. ) ;
#2026 = DIRECTION ( 'NONE',  ( -0.002319452490765560194, -0.008467729446439951208, 0.9999614581063437369 ) ) ;
#2027 = VERTEX_POINT ( 'NONE', #446 ) ;
#2028 = ORIENTED_EDGE ( 'NONE', *, *, #1809, .F. ) ;
#2029 = DIRECTION ( 'NONE',  ( -0.5277636339855711345, -0.8493495799786879852, -0.008416509512304840013 ) ) ;
#2030 = ADVANCED_FACE ( 'NONE', ( #1151 ), #266, .F. ) ;
#2031 = CARTESIAN_POINT ( 'NONE',  ( -0.1057165164974434024, 0.2530611209985034749, 0.1161477845480582000 ) ) ;
#2032 = EDGE_CURVE ( 'NONE', #990, #2145, #1582, .T. ) ;
#2033 = CARTESIAN_POINT ( 'NONE',  ( -0.1124303312690849987, 0.2623421251420859912, 0.07580924648209470817 ) ) ;
#2034 = ORIENTED_EDGE ( 'NONE', *, *, #538, .F. ) ;
#2035 = LINE ( 'NONE', #290, #2131 ) ;
#2036 = ORIENTED_EDGE ( 'NONE', *, *, #788, .F. ) ;
#2037 = DIRECTION ( 'NONE',  ( 0.5511504283509907065, -0.8343858301393137777, -0.005787209279742603837 ) ) ;
#2038 = CARTESIAN_POINT ( 'NONE',  ( -0.1135350175775814013, 0.2509396946996094724, 0.1076113572322367901 ) ) ;
#2039 = AXIS2_PLACEMENT_3D ( 'NONE', #1572, #1560, #345 ) ;
#2040 = ORIENTED_EDGE ( 'NONE', *, *, #1420, .T. ) ;
#2041 = AXIS2_PLACEMENT_3D ( 'NONE', #1387, #1035, #1888 ) ;
#2042 = FACE_OUTER_BOUND ( 'NONE', #1746, .T. ) ;
#2043 = DIRECTION ( 'NONE',  ( 0.002319452490765639557, 0.008467729446439899166, -0.9999614581063438479 ) ) ;
#2044 = VECTOR ( 'NONE', #1253, 1.000000000000000222 ) ;
#2045 = DIRECTION ( 'NONE',  ( -0.002319452490765744508, -0.008467729446439838450, 0.9999614581063438479 ) ) ;
#2046 = CIRCLE ( 'NONE', #1722, 0.005400000000000001153 ) ;
#2047 = EDGE_CURVE ( 'NONE', #924, #2242, #1219, .T. ) ;
#2048 = AXIS2_PLACEMENT_3D ( 'NONE', #1196, #2026, #993 ) ;
#2049 = EDGE_LOOP ( 'NONE', ( #396, #230 ) ) ;
#2050 = VECTOR ( 'NONE', #247, 1.000000000000000222 ) ;
#2051 = CARTESIAN_POINT ( 'NONE',  ( -0.1220864669609589975, 0.2266974131013784755, 0.1198867185856022088 ) ) ;
#2052 = ORIENTED_EDGE ( 'NONE', *, *, #434, .F. ) ;
#2053 = LOCAL_TIME ( 12, 30, 52.00000000000000000, #2115 ) ;
#2054 = FACE_BOUND ( 'NONE', #2233, .T. ) ;
#2055 = VERTEX_POINT ( 'NONE', #840 ) ;
#2056 = FACE_BOUND ( 'NONE', #759, .T. ) ;
#2057 = CARTESIAN_POINT ( 'NONE',  ( -0.1309573988901332198, 0.2324128560423084910, 0.09937301403395899790 ) ) ;
#2058 = CARTESIAN_POINT ( 'NONE',  ( -0.08393521828667518947, 0.2816317479410214708, 0.08503903458337309929 ) ) ;
#2059 = EDGE_LOOP ( 'NONE', ( #886, #1178 ) ) ;
#2060 = LINE ( 'NONE', #1753, #308 ) ;
#2061 = ADVANCED_FACE ( 'NONE', ( #1027 ), #667, .F. ) ;
#2062 = DIRECTION ( 'NONE',  ( -0.5277636339855715786, -0.8493495799786875411, -0.008416509512308555790 ) ) ;
#2063 = ORIENTED_EDGE ( 'NONE', *, *, #804, .T. ) ;
#2064 = CARTESIAN_POINT ( 'NONE',  ( -0.08178429422500620161, 0.2926863729778154677, 0.08213751929359509873 ) ) ;
#2065 = CARTESIAN_POINT ( 'NONE',  ( -0.08690111832527319669, 0.2835043209807044939, 0.08204789647688319476 ) ) ;
#2066 = ORIENTED_EDGE ( 'NONE', *, *, #1048, .F. ) ;
#2067 = ORIENTED_EDGE ( 'NONE', *, *, #286, .F. ) ;
#2068 = CARTESIAN_POINT ( 'NONE',  ( -0.1220052861237821973, 0.2269937836320040092, 0.08488806755188009479 ) ) ;
#2069 = DIRECTION ( 'NONE',  ( -0.8493881131629331671, 0.5277628146696661249, 0.002498933665447310593 ) ) ;
#2070 = ADVANCED_FACE ( 'NONE', ( #1449 ), #1132, .F. ) ;
#2071 = CARTESIAN_POINT ( 'NONE',  ( -0.08096235989060499016, 0.2797845780896774937, 0.08503028831554410027 ) ) ;
#2072 = ORIENTED_EDGE ( 'NONE', *, *, #1048, .T. ) ;
#2073 = CARTESIAN_POINT ( 'NONE',  ( -0.1251851241076127885, 0.2416347697974415010, 0.1137465152715975980 ) ) ;
#2074 = DIRECTION ( 'NONE',  ( -0.5277636339855692471, -0.8493495799786889844, -0.008416509512304545110 ) ) ;
#2075 = VERTEX_POINT ( 'NONE', #2183 ) ;
#2076 = APPROVAL_STATUS ( 'not_yet_approved' ) ;
#2077 = DIRECTION ( 'NONE',  ( 0.8493881131629330561, -0.5277628146696661249, -0.002498933665447310593 ) ) ;
#2078 = EDGE_CURVE ( 'NONE', #1130, #829, #942, .T. ) ;
#2079 = ORIENTED_EDGE ( 'NONE', *, *, #1830, .T. ) ;
#2080 = ORIENTED_EDGE ( 'NONE', *, *, #608, .F. ) ;
#2081 = CARTESIAN_POINT ( 'NONE',  ( -0.1219834832703690086, 0.2270733802888005026, 0.07548842984567680214 ) ) ;
#2082 = VECTOR ( 'NONE', #443, 1.000000000000000222 ) ;
#2083 = FACE_OUTER_BOUND ( 'NONE', #1470, .T. ) ;
#2084 = CIRCLE ( 'NONE', #311, 0.02700000000000002398 ) ;
#2085 = PRODUCT_DEFINITION_SHAPE ( 'NONE', 'NONE',  #2177 ) ;
#2086 = CYLINDRICAL_SURFACE ( 'NONE', #1935, 0.001749999999999998735 ) ;
#2087 = CIRCLE ( 'NONE', #719, 0.001300000000000004060 ) ;
#2088 = EDGE_CURVE ( 'NONE', #1783, #239, #1284, .T. ) ;
#2089 = VERTEX_POINT ( 'NONE', #1119 ) ;
#2090 = AXIS2_PLACEMENT_3D ( 'NONE', #1003, #84, #1883 ) ;
#2091 = CARTESIAN_POINT ( 'NONE',  ( -0.1058785578729401905, 0.2633889771947110492, 0.08081492436747389485 ) ) ;
#2092 = CIRCLE ( 'NONE', #1641, 0.005400000000000001153 ) ;
#2093 = ORIENTED_EDGE ( 'NONE', *, *, #79, .F. ) ;
#2094 = AXIS2_PLACEMENT_3D ( 'NONE', #1747, #527, #2128 ) ;
#2095 = COORDINATED_UNIVERSAL_TIME_OFFSET ( 2, 0, .AHEAD. ) ;
#2096 = DIRECTION ( 'NONE',  ( -0.002319452490765535474, -0.008467729446439966820, 0.9999614581063437369 ) ) ;
#2097 = AXIS2_PLACEMENT_3D ( 'NONE', #1183, #2217, #620 ) ;
#2098 = VERTEX_POINT ( 'NONE', #1108 ) ;
#2099 = LINE ( 'NONE', #1187, #1497 ) ;
#2100 = DIRECTION ( 'NONE',  ( -0.8493881131629331671, 0.5277628146696661249, 0.002498933665447310593 ) ) ;
#2101 = EDGE_CURVE ( 'NONE', #425, #593, #910, .T. ) ;
#2102 = DIRECTION ( 'NONE',  ( 0.5277636339855779068, 0.8493495799786835443, 0.008416509512304628376 ) ) ;
#2103 = ORIENTED_EDGE ( 'NONE', *, *, #1657, .T. ) ;
#2104 = CARTESIAN_POINT ( 'NONE',  ( -0.08790586128853213055, 0.2799784314477702374, 0.08501582413424371709 ) ) ;
#2105 = ORIENTED_EDGE ( 'NONE', *, *, #1531, .T. ) ;
#2106 = CALENDAR_DATE ( 2026, 6, 9 ) ;
#2107 = CARTESIAN_POINT ( 'NONE',  ( -0.1309020584585799951, 0.2326148898428319900, 0.07551466864916410449 ) ) ;
#2108 = ORIENTED_EDGE ( 'NONE', *, *, #1978, .T. ) ;
#2109 = CARTESIAN_POINT ( 'NONE',  ( -0.1167959785119196542, 0.2552926524600296898, 0.08073961756914994903 ) ) ;
#2110 = APPROVAL ( #1882, 'UNSPECIFIED' ) ;
#2111 = LINE ( 'NONE', #899, #1208 ) ;
#2112 = ADVANCED_FACE ( 'NONE', ( #761 ), #1473, .F. ) ;
#2113 = DIRECTION ( 'NONE',  ( -0.002319452490765674252, -0.008467729446439878349, 0.9999614581063438479 ) ) ;
#2114 = ORIENTED_EDGE ( 'NONE', *, *, #1134, .T. ) ;
#2115 = COORDINATED_UNIVERSAL_TIME_OFFSET ( 2, 0, .AHEAD. ) ;
#2116 = DIRECTION ( 'NONE',  ( 0.8493881131629329451, -0.5277628146696660139, -0.002498933665447310160 ) ) ;
#2117 = VERTEX_POINT ( 'NONE', #2172 ) ;
#2118 = LINE ( 'NONE', #880, #1827 ) ;
#2119 = DIRECTION ( 'NONE',  ( 0.5277636339855772407, 0.8493495799786839884, 0.008416509512308519361 ) ) ;
#2120 = VECTOR ( 'NONE', #1890, 1.000000000000000222 ) ;
#2121 = DIRECTION ( 'NONE',  ( 0.002319452490765529402, 0.008467729446439968555, -0.9999614581063438479 ) ) ;
#2122 = PLANE ( 'NONE',  #385 ) ;
#2123 = EDGE_CURVE ( 'NONE', #1783, #1735, #63, .T. ) ;
#2124 = CIRCLE ( 'NONE', #1125, 0.001300000000000004060 ) ;
#2125 = EDGE_LOOP ( 'NONE', ( #1353, #1380 ) ) ;
#2126 = ORIENTED_EDGE ( 'NONE', *, *, #61, .T. ) ;
#2127 = CIRCLE ( 'NONE', #1940, 0.004000000000000001818 ) ;
#2128 = DIRECTION ( 'NONE',  ( 0.8493881131629330561, -0.5277628146696661249, -0.002498933665447310593 ) ) ;
#2129 = AXIS2_PLACEMENT_3D ( 'NONE', #1586, #550, #1759 ) ;
#2130 = CARTESIAN_POINT ( 'NONE',  ( -0.1166586895104155946, 0.2460002502144965075, 0.08906157120019929374 ) ) ;
#2131 = VECTOR ( 'NONE', #605, 1.000000000000000000 ) ;
#2132 = CARTESIAN_POINT ( 'NONE',  ( -0.1230793098294231946, 0.2450130372728759887, 0.1160393591993486018 ) ) ;
#2133 = ADVANCED_BREP_SHAPE_REPRESENTATION ( 'Claw Holder', ( #2198, #760 ), #321 ) ;
#2134 = CARTESIAN_POINT ( 'NONE',  ( -0.1087112134768734029, 0.2683179693728789950, 0.07786855400089311152 ) ) ;
#2135 = EDGE_LOOP ( 'NONE', ( #1372, #1980 ) ) ;
#2136 = EDGE_CURVE ( 'NONE', #364, #967, #1973, .T. ) ;
#2137 = CARTESIAN_POINT ( 'NONE',  ( -0.08224344679144973691, 0.2625228116335366346, 0.08188102754874924949 ) ) ;
#2138 = ORIENTED_EDGE ( 'NONE', *, *, #1657, .F. ) ;
#2139 = EDGE_CURVE ( 'NONE', #941, #1365, #1991, .T. ) ;
#2140 = CARTESIAN_POINT ( 'NONE',  ( -0.09557436731641730243, 0.2894027634891535028, 0.09007803519997729935 ) ) ;
#2141 = CARTESIAN_POINT ( 'NONE',  ( -0.1245722232149372027, 0.2332706696298500193, 0.08767610712591940303 ) ) ;
#2142 = CARTESIAN_POINT ( 'NONE',  ( -0.1266551178927652066, 0.2299760757694835067, 0.07550217398083679254 ) ) ;
#2143 = DIRECTION ( 'NONE',  ( 0.8493881131629331671, -0.5277628146696661249, -0.002498933665447310593 ) ) ;
#2144 = EDGE_LOOP ( 'NONE', ( #47, #1163 ) ) ;
#2145 = VERTEX_POINT ( 'NONE', #2160 ) ;
#2146 = DIRECTION ( 'NONE',  ( 0.8493881131629329451, -0.5277628146696660139, -0.002498933665447310160 ) ) ;
#2147 = CARTESIAN_POINT ( 'NONE',  ( -0.1123089230172810010, 0.2424611867076635063, 0.1140426552629418000 ) ) ;
#2148 = DIRECTION ( 'NONE',  ( -0.5277636339855692471, -0.8493495799786889844, -0.008416509512304545110 ) ) ;
#2149 = EDGE_CURVE ( 'NONE', #109, #2250, #1469, .T. ) ;
#2150 = FACE_OUTER_BOUND ( 'NONE', #27, .T. ) ;
#2151 = VERTEX_POINT ( 'NONE', #1459 ) ;
#2152 = DIRECTION ( 'NONE',  ( 0.8493881131629331671, -0.5277628146696661249, -0.002498933665447310593 ) ) ;
#2153 = VECTOR ( 'NONE', #277, 1.000000000000000000 ) ;
#2154 = EDGE_LOOP ( 'NONE', ( #1156, #1456, #2066, #71 ) ) ;
#2155 = AXIS2_PLACEMENT_3D ( 'NONE', #763, #2029, #772 ) ;
#2156 = ORIENTED_EDGE ( 'NONE', *, *, #1453, .T. ) ;
#2157 = LINE ( 'NONE', #758, #611 ) ;
#2158 = AXIS2_PLACEMENT_3D ( 'NONE', #125, #2069, #1875 ) ;
#2159 = VECTOR ( 'NONE', #1074, 1.000000000000000000 ) ;
#2160 = CARTESIAN_POINT ( 'NONE',  ( -0.1197594615719582006, 0.2409086755459184936, 0.1104246222590069965 ) ) ;
#2161 =( BOUNDED_CURVE ( )  B_SPLINE_CURVE ( 3, ( #767, #1810, #953, #1287 ),
 .UNSPECIFIED., .F., .T. ) 
 B_SPLINE_CURVE_WITH_KNOTS ( ( 4, 4 ),
 ( 4.712388980384848658, 6.283185307179586232 ),
 .UNSPECIFIED. ) 
 CURVE ( )  GEOMETRIC_REPRESENTATION_ITEM ( )  RATIONAL_B_SPLINE_CURVE ( ( 1.000000000000000000, 0.8047378541244025740, 0.8047378541244025740, 1.000000000000000000 ) ) 
 REPRESENTATION_ITEM ( '' )  );
#2162 = CARTESIAN_POINT ( 'NONE',  ( -0.09746936268504309553, 0.2576165725605945034, 0.08980447243970679505 ) ) ;
#2163 = AXIS2_PLACEMENT_3D ( 'NONE', #2227, #472, #1852 ) ;
#2164 = DIRECTION ( 'NONE',  ( 0.8493881131629329451, -0.5277628146696661249, -0.002498933665447561261 ) ) ;
#2165 = ADVANCED_FACE ( 'NONE', ( #1441 ), #1811, .F. ) ;
#2166 = CIRCLE ( 'NONE', #468, 0.004000000000000001818 ) ;
#2167 = CARTESIAN_POINT ( 'NONE',  ( -0.1072091576992731943, 0.2706294897697820168, 0.1002356190967906013 ) ) ;
#2168 = CYLINDRICAL_SURFACE ( 'NONE', #43, 0.004000000000000008757 ) ;
#2169 = ORIENTED_EDGE ( 'NONE', *, *, #1058, .F. ) ;
#2170 = ORIENTED_EDGE ( 'NONE', *, *, #150, .T. ) ;
#2171 = LINE ( 'NONE', #1656, #2240 ) ;
#2172 = CARTESIAN_POINT ( 'NONE',  ( -0.09059546376317220706, 0.2775588739208534883, 0.08198898091029709068 ) ) ;
#2173 = CARTESIAN_POINT ( 'NONE',  ( -0.1093202122352155969, 0.2672320914498674815, 0.1002019530587413970 ) ) ;
#2174 = VERTEX_POINT ( 'NONE', #1625 ) ;
#2175 = FACE_OUTER_BOUND ( 'NONE', #489, .T. ) ;
#2176 = DIRECTION ( 'NONE',  ( 0.8493881131629329451, -0.5277628146696660139, -0.002498933665447310160 ) ) ;
#2177 = PRODUCT_DEFINITION ( 'UNKNOWN', '', #1909, #1186 ) ;
#2178 = DIRECTION ( 'NONE',  ( 0.5277636339855709124, 0.8493495799786879852, 0.008416509512304840013 ) ) ;
#2179 = EDGE_CURVE ( 'NONE', #477, #798, #392, .T. ) ;
#2180 = EDGE_LOOP ( 'NONE', ( #1544, #320, #175, #893 ) ) ;
#2181 = LINE ( 'NONE', #1297, #651 ) ;
#2182 = EDGE_LOOP ( 'NONE', ( #435, #35, #1593, #957 ) ) ;
#2183 = CARTESIAN_POINT ( 'NONE',  ( -0.08464974697103169743, 0.2738645342181659781, 0.08197148837463891224 ) ) ;
#2184 = DIRECTION ( 'NONE',  ( 0.002319452490765529402, 0.008467729446439968555, -0.9999614581063438479 ) ) ;
#2185 = CARTESIAN_POINT ( 'NONE',  ( -0.1083560305031181503, 0.2488118327797765317, 0.1164056904379285606 ) ) ;
#2186 = DIRECTION ( 'NONE',  ( -0.5277636339855692471, -0.8493495799786889844, -0.008416509512304545110 ) ) ;
#2187 = DIRECTION ( 'NONE',  ( 0.5277636339855779068, 0.8493495799786835443, 0.008416509512304628376 ) ) ;
#2188 = ORIENTED_EDGE ( 'NONE', *, *, #629, .T. ) ;
#2189 = DIRECTION ( 'NONE',  ( 0.5277636339855709124, 0.8493495799786879852, 0.008416509512305369103 ) ) ;
#2190 = ORIENTED_EDGE ( 'NONE', *, *, #334, .T. ) ;
#2191 = APPLICATION_PROTOCOL_DEFINITION ( 'international standard', 'config_control_design', 1994, #1288 ) ;
#2192 = AXIS2_PLACEMENT_3D ( 'NONE', #2033, #1987, #59 ) ;
#2193 = CARTESIAN_POINT ( 'NONE',  ( -0.1177819581433959956, 0.2535785087729574561, 0.1076238519005639910 ) ) ;
#2194 = CIRCLE ( 'NONE', #1903, 0.004000000000000001818 ) ;
#2195 = VERTEX_POINT ( 'NONE', #2140 ) ;
#2196 = CARTESIAN_POINT ( 'NONE',  ( -0.1140670287605856092, 0.2398136239884804954, 0.07561467748836139813 ) ) ;
#2197 = DIRECTION ( 'NONE',  ( -0.8493881131629329451, 0.5277628146696660139, 0.002498933665447310160 ) ) ;
#2198 = MANIFOLD_SOLID_BREP ( 'Imported1', #715 ) ;
#2199 = ADVANCED_FACE ( 'NONE', ( #393 ), #737, .F. ) ;
#2200 = AXIS2_PLACEMENT_3D ( 'NONE', #1245, #1770, #182 ) ;
#2201 = DIRECTION ( 'NONE',  ( 0.5277636339855709124, 0.8493495799786879852, 0.008416509512304840013 ) ) ;
#2202 = AXIS2_PLACEMENT_3D ( 'NONE', #1181, #280, #304 ) ;
#2203 = ORIENTED_EDGE ( 'NONE', *, *, #2209, .F. ) ;
#2204 = LINE ( 'NONE', #1695, #276 ) ;
#2205 = EDGE_CURVE ( 'NONE', #660, #576, #1084, .T. ) ;
#2206 = ORIENTED_EDGE ( 'NONE', *, *, #1857, .T. ) ;
#2207 = PLANE ( 'NONE',  #1644 ) ;
#2208 = CARTESIAN_POINT ( 'NONE',  ( -0.1098239854340277988, 0.2664703248297289884, 0.08985078944314510430 ) ) ;
#2209 = EDGE_CURVE ( 'NONE', #1409, #862, #2166, .T. ) ;
#2210 = CARTESIAN_POINT ( 'NONE',  ( -0.1266551178927652066, 0.2299760757694835067, 0.07550217398083679254 ) ) ;
#2211 = CARTESIAN_POINT ( 'NONE',  ( -0.09555581169649120243, 0.2894705053247255133, 0.08207834353512649672 ) ) ;
#2212 = CARTESIAN_POINT ( 'NONE',  ( -0.1231228662457424239, 0.2355991049515357705, 0.08855848437542729323 ) ) ;
#2213 = EDGE_CURVE ( 'NONE', #1934, #198, #1763, .T. ) ;
#2214 = EDGE_LOOP ( 'NONE', ( #272, #199, #1739, #2291 ) ) ;
#2215 = CARTESIAN_POINT ( 'NONE',  ( -0.1082920136143728368, 0.2490455421124984914, 0.08880675419419356564 ) ) ;
#2216 = ORIENTED_EDGE ( 'NONE', *, *, #399, .F. ) ;
#2217 = DIRECTION ( 'NONE',  ( 0.002319452490765529402, 0.008467729446439968555, -0.9999614581063438479 ) ) ;
#2218 = DIRECTION ( 'NONE',  ( -0.8493881131629349435, 0.5277628146696630163, 0.002498933665445733296 ) ) ;
#2219 = ORIENTED_EDGE ( 'NONE', *, *, #873, .T. ) ;
#2220 = ORIENTED_EDGE ( 'NONE', *, *, #991, .F. ) ;
#2221 = CARTESIAN_POINT ( 'NONE',  ( -0.1299824465415705954, 0.2340531284955995051, 0.08434185433415911093 ) ) ;
#2222 = CARTESIAN_POINT ( 'NONE',  ( -0.1266551178927652066, 0.2299760757694835067, 0.07550217398083679254 ) ) ;
#2223 = EDGE_CURVE ( 'NONE', #1566, #1720, #405, .T. ) ;
#2224 = DIRECTION ( 'NONE',  ( 0.8493881131629331671, -0.5277628146696661249, -0.002498933665447310593 ) ) ;
#2225 = ORIENTED_EDGE ( 'NONE', *, *, #1704, .T. ) ;
#2226 = ORIENTED_EDGE ( 'NONE', *, *, #638, .T. ) ;
#2227 = CARTESIAN_POINT ( 'NONE',  ( -0.08762260536710200776, 0.2757117040695100108, 0.08198023464246799452 ) ) ;
#2228 = ORIENTED_EDGE ( 'NONE', *, *, #1268, .F. ) ;
#2229 = FACE_OUTER_BOUND ( 'NONE', #104, .T. ) ;
#2230 = LINE ( 'NONE', #282, #1089 ) ;
#2231 = CIRCLE ( 'NONE', #1388, 0.002500000000000001787 ) ;
#2232 = ORIENTED_EDGE ( 'NONE', *, *, #916, .F. ) ;
#2233 = EDGE_LOOP ( 'NONE', ( #444, #907, #1506, #2190 ) ) ;
#2234 = AXIS2_PLACEMENT_3D ( 'NONE', #1240, #891, #2119 ) ;
#2235 = CARTESIAN_POINT ( 'NONE',  ( -0.08231484736803172664, 0.2817526672146971611, 0.09004400976965212799 ) ) ;
#2236 = DIRECTION ( 'NONE',  ( -0.002319452490765469554, -0.008467729446440088251, 0.9999614581063438479 ) ) ;
#2237 = AXIS2_PLACEMENT_3D ( 'NONE', #341, #1347, #1691 ) ;
#2238 = ADVANCED_FACE ( 'NONE', ( #448 ), #1513, .T. ) ;
#2239 = CARTESIAN_POINT ( 'NONE',  ( -0.1087204912868365986, 0.2682840984550935448, 0.08186839983331850590 ) ) ;
#2240 = VECTOR ( 'NONE', #586, 1.000000000000000222 ) ;
#2241 = ORIENTED_EDGE ( 'NONE', *, *, #1359, .F. ) ;
#2242 = VERTEX_POINT ( 'NONE', #1687 ) ;
#2243 = AXIS2_PLACEMENT_3D ( 'NONE', #728, #928, #426 ) ;
#2244 = LINE ( 'NONE', #484, #757 ) ;
#2245 = ORIENTED_EDGE ( 'NONE', *, *, #2205, .F. ) ;
#2246 = DIRECTION ( 'NONE',  ( 0.000000000000000000, 0.000000000000000000, 1.000000000000000000 ) ) ;
#2247 = CARTESIAN_POINT ( 'NONE',  ( -0.08579398826807860257, 0.2786166857638634475, 0.09000938409061179368 ) ) ;
#2248 = EDGE_CURVE ( 'NONE', #1907, #279, #795, .T. ) ;
#2249 = ORIENTED_EDGE ( 'NONE', *, *, #185, .F. ) ;
#2250 = VERTEX_POINT ( 'NONE', #98 ) ;
#2251 = CARTESIAN_POINT ( 'NONE',  ( -0.08465670532850400054, 0.2738391310298264880, 0.08497137274895789905 ) ) ;
#2252 = DIRECTION ( 'NONE',  ( -0.1520664331705901262, 0.9883377633328765954, 0.008016574888399867829 ) ) ;
#2253 = DIRECTION ( 'NONE',  ( 0.8493881131629329451, -0.5277628146696660139, -0.002498933665447310160 ) ) ;
#2254 = ORIENTED_EDGE ( 'NONE', *, *, #1420, .F. ) ;
#2255 = ORIENTED_EDGE ( 'NONE', *, *, #890, .F. ) ;
#2256 = DIRECTION ( 'NONE',  ( 0.002319452490765529402, 0.008467729446439968555, -0.9999614581063438479 ) ) ;
#2257 = ADVANCED_FACE ( 'NONE', ( #1697 ), #2207, .F. ) ;
#2258 = VERTEX_POINT ( 'NONE', #1357 ) ;
#2259 = LINE ( 'NONE', #449, #939 ) ;
#2260 = VERTEX_POINT ( 'NONE', #2064 ) ;
#2261 = VERTEX_POINT ( 'NONE', #802 ) ;
#2262 = DIRECTION ( 'NONE',  ( -0.002319452490765744508, -0.008467729446439838450, 0.9999614581063438479 ) ) ;
#2263 = DIRECTION ( 'NONE',  ( -0.002319452490765674252, -0.008467729446439878349, 0.9999614581063438479 ) ) ;
#2264 = DIRECTION ( 'NONE',  ( -0.5277636339855715786, -0.8493495799786875411, -0.008416509512308555790 ) ) ;
#2265 = DIRECTION ( 'NONE',  ( -0.8493881131629331671, 0.5277628146696661249, 0.002498933665447310593 ) ) ;
#2266 = ORIENTED_EDGE ( 'NONE', *, *, #2213, .F. ) ;
#2267 = ADVANCED_FACE ( 'NONE', ( #2229 ), #826, .F. ) ;
#2268 = PERSON_AND_ORGANIZATION ( #1166, #548 ) ;
#2269 = DIRECTION ( 'NONE',  ( -0.5277636339855715786, -0.8493495799786875411, -0.008416509512308555790 ) ) ;
#2270 = ORIENTED_EDGE ( 'NONE', *, *, #194, .T. ) ;
#2271 = FACE_BOUND ( 'NONE', #2059, .T. ) ;
#2272 = CIRCLE ( 'NONE', #569, 0.001749999999999991363 ) ;
#2273 = CYLINDRICAL_SURFACE ( 'NONE', #979, 0.005400000000000001153 ) ;
#2274 = CIRCLE ( 'NONE', #1246, 0.001749999999999991363 ) ;
#2275 = DIRECTION ( 'NONE',  ( 0.8493881131629329451, -0.5277628146696660139, -0.002498933665447310160 ) ) ;
#2276 = VECTOR ( 'NONE', #1386, 1.000000000000000000 ) ;
#2277 = EDGE_CURVE ( 'NONE', #471, #2261, #1153, .T. ) ;
#2278 = ORIENTED_EDGE ( 'NONE', *, *, #1969, .F. ) ;
#2279 = CIRCLE ( 'NONE', #356, 0.004000000000000001818 ) ;
#2280 = LINE ( 'NONE', #525, #2120 ) ;
#2281 = AXIS2_PLACEMENT_3D ( 'NONE', #777, #1707, #977 ) ;
#2282 = ORIENTED_EDGE ( 'NONE', *, *, #332, .T. ) ;
#2283 = CALENDAR_DATE ( 2026, 6, 9 ) ;
#2284 = FACE_BOUND ( 'NONE', #156, .T. ) ;
#2285 = ADVANCED_FACE ( 'NONE', ( #632 ), #1343, .T. ) ;
#2286 = ORIENTED_EDGE ( 'NONE', *, *, #549, .F. ) ;
#2287 = DIRECTION ( 'NONE',  ( 0.8493881131629329451, -0.5277628146696660139, -0.002498933665447310160 ) ) ;
#2288 = EDGE_CURVE ( 'NONE', #1727, #705, #361, .T. ) ;
#2289 = CARTESIAN_POINT ( 'NONE',  ( -0.1136579523501294042, 0.2573733522828380860, 0.1076655526514323086 ) ) ;
#2290 = ORIENTED_EDGE ( 'NONE', *, *, #399, .T. ) ;
#2291 = ORIENTED_EDGE ( 'NONE', *, *, #334, .F. ) ;
#2292 = CARTESIAN_POINT ( 'NONE',  ( -0.08690807668274549980, 0.2834789177923650039, 0.08504778085120219544 ) ) ;
ENDSEC;
END-ISO-10303-21;
