ISO-10303-21;
HEADER;
FILE_DESCRIPTION (( 'STEP AP203' ),
    '1' );
FILE_NAME ('Gear.STEP',
    '2026-09-06T09:31:15',
    ( '' ),
    ( '' ),
    'SwSTEP 2.0',
    'SolidWorks 2025',
    '' );
FILE_SCHEMA (( 'CONFIG_CONTROL_DESIGN' ));
ENDSEC;

DATA;
#1 = VECTOR ( 'NONE', #383, 1.000000000000000000 ) ;
#2 = DIRECTION ( 'NONE',  ( 0.2446372591148603393, 0.3895179497536781499, 0.8879348952893222346 ) ) ;
#3 = CIRCLE ( 'NONE', #866, 0.002399999999999998055 ) ;
#4 = CARTESIAN_POINT ( 'NONE',  ( -0.1241523689921174012, 0.2575367298829795426, 0.1076425939030544038 ) ) ;
#5 = PERSON_AND_ORGANIZATION_ROLE ( 'creator' ) ;
#6 = CARTESIAN_POINT ( 'NONE',  ( -0.1183550623876162000, 0.2668968260382559854, 0.1013409563362522026 ) ) ;
#7 = ORIENTED_EDGE ( 'NONE', *, *, #212, .T. ) ;
#8 = ORIENTED_EDGE ( 'NONE', *, *, #1992, .F. ) ;
#9 = ORIENTED_EDGE ( 'NONE', *, *, #159, .T. ) ;
#10 = LINE ( 'NONE', #208, #447 ) ;
#11 = DIRECTION ( 'NONE',  ( -0.8493881131629322789, 0.5277628146696672351, 0.002498933665448046116 ) ) ;
#12 = DIRECTION ( 'NONE',  ( 0.2446372591148604503, 0.3895179497536745972, 0.8879348952893237890 ) ) ;
#13 = EDGE_CURVE ( 'NONE', #1454, #268, #300, .T. ) ;
#14 = DIRECTION ( 'NONE',  ( -0.8493881131629322789, 0.5277628146696672351, 0.002498933665448046116 ) ) ;
#15 = EDGE_CURVE ( 'NONE', #1468, #1323, #2282, .T. ) ;
#16 = PERSON_AND_ORGANIZATION ( #1463, #2161 ) ;
#17 = DIRECTION ( 'NONE',  ( 0.8493881131629322789, -0.5277628146696672351, -0.002498933665448046116 ) ) ;
#18 = VERTEX_POINT ( 'NONE', #1507 ) ;
#19 = EDGE_LOOP ( 'NONE', ( #1719, #1510 ) ) ;
#20 = VERTEX_POINT ( 'NONE', #1330 ) ;
#21 = DIRECTION ( 'NONE',  ( 0.2446372591148604503, 0.3895179497536745972, 0.8879348952893237890 ) ) ;
#22 = CARTESIAN_POINT ( 'NONE',  ( -0.1258243626821713979, 0.2549011207179524563, 0.09595958898171050300 ) ) ;
#23 = CARTESIAN_POINT ( 'NONE',  ( -0.1195923456410166036, 0.2573649900695910153, 0.09318343357218049350 ) ) ;
#24 = CARTESIAN_POINT ( 'NONE',  ( -0.1236008870409616017, 0.2584813158077464701, 0.09559941211206650358 ) ) ;
#25 = APPROVAL_ROLE ( '' ) ;
#26 = DIRECTION ( 'NONE',  ( -0.2446372591148603393, -0.3895179497536781499, -0.8879348952893222346 ) ) ;
#27 = EDGE_CURVE ( 'NONE', #2047, #77, #482, .T. ) ;
#28 = EDGE_LOOP ( 'NONE', ( #744, #1988, #2247, #157 ) ) ;
#29 = ORIENTED_EDGE ( 'NONE', *, *, #1428, .T. ) ;
#30 = DIRECTION ( 'NONE',  ( -0.8493881131629322789, 0.5277628146696672351, 0.002498933665448046116 ) ) ;
#31 = FACE_OUTER_BOUND ( 'NONE', #1847, .T. ) ;
#32 = AXIS2_PLACEMENT_3D ( 'NONE', #402, #1703, #440 ) ;
#33 = AXIS2_PLACEMENT_3D ( 'NONE', #749, #572, #1458 ) ;
#34 = DIRECTION ( 'NONE',  ( -0.2446372591148628373, -0.3895179497536743196, -0.8879348952893232338 ) ) ;
#35 = CIRCLE ( 'NONE', #1568, 0.01209275000000001321 ) ;
#36 = CARTESIAN_POINT ( 'NONE',  ( -0.1152324299668294749, 0.2643529641662848428, 0.09929310752984700505 ) ) ;
#37 = VECTOR ( 'NONE', #107, 1.000000000000000000 ) ;
#38 = CIRCLE ( 'NONE', #1496, 0.01209275000000000107 ) ;
#39 = AXIS2_PLACEMENT_3D ( 'NONE', #804, #795, #276 ) ;
#40 = CARTESIAN_POINT ( 'NONE',  ( -0.1301512849830609997, 0.2479017585640825028, 0.1034694731068003942 ) ) ;
#41 = ORIENTED_EDGE ( 'NONE', *, *, #1461, .F. ) ;
#42 = DIRECTION ( 'NONE',  ( 0.8493881131629322789, -0.5277628146696672351, -0.002498933665448046116 ) ) ;
#43 = ORIENTED_EDGE ( 'NONE', *, *, #1393, .T. ) ;
#44 = VERTEX_POINT ( 'NONE', #94 ) ;
#45 = FACE_OUTER_BOUND ( 'NONE', #1692, .T. ) ;
#46 = EDGE_CURVE ( 'NONE', #1932, #1909, #1262, .T. ) ;
#47 = CARTESIAN_POINT ( 'NONE',  ( -0.1241523689921174012, 0.2575367298829795426, 0.1076425939030544038 ) ) ;
#48 = DIRECTION ( 'NONE',  ( 0.2446372591148604503, 0.3895179497536745972, 0.8879348952893237890 ) ) ;
#49 = ADVANCED_FACE ( 'NONE', ( #959 ), #2049, .T. ) ;
#50 = CARTESIAN_POINT ( 'NONE',  ( -0.1149575099349644108, 0.2647857747795774874, 0.1013309606015904002 ) ) ;
#51 = LINE ( 'NONE', #1287, #527 ) ;
#52 = ORIENTED_EDGE ( 'NONE', *, *, #930, .F. ) ;
#53 = DIRECTION ( 'NONE',  ( -0.8493881131629322789, 0.5277628146696672351, 0.002498933665448046116 ) ) ;
#54 = CARTESIAN_POINT ( 'NONE',  ( -0.1374275528710939831, 0.2360882095693579985, 0.1252293209816078001 ) ) ;
#55 = ORIENTED_EDGE ( 'NONE', *, *, #248, .T. ) ;
#56 = DIRECTION ( 'NONE',  ( 0.8493881131629322789, -0.5277628146696672351, -0.002498933665448046116 ) ) ;
#57 = EDGE_CURVE ( 'NONE', #1364, #213, #1157, .T. ) ;
#58 = ORIENTED_EDGE ( 'NONE', *, *, #1774, .F. ) ;
#59 = CARTESIAN_POINT ( 'NONE',  ( -0.1302096179650365781, 0.2477627465758985015, 0.1130007451811457925 ) ) ;
#60 = EDGE_CURVE ( 'NONE', #2058, #1783, #612, .T. ) ;
#61 = CARTESIAN_POINT ( 'NONE',  ( -0.1152324299668294888, 0.2643529641662848428, 0.09929310752984700505 ) ) ;
#62 = DIRECTION ( 'NONE',  ( 0.8493881131629322789, -0.5277628146696672351, -0.002498933665448046116 ) ) ;
#63 = EDGE_LOOP ( 'NONE', ( #502, #1319, #478, #1970 ) ) ;
#64 = DIRECTION ( 'NONE',  ( 0.2446372591148604503, 0.3895179497536745972, 0.8879348952893237890 ) ) ;
#65 = ORIENTED_EDGE ( 'NONE', *, *, #1440, .T. ) ;
#66 = ORIENTED_EDGE ( 'NONE', *, *, #1819, .F. ) ;
#67 = CARTESIAN_POINT ( 'NONE',  ( -0.1149575099349644108, 0.2647857747795774874, 0.1013309606015904002 ) ) ;
#68 = CIRCLE ( 'NONE', #292, 0.003999999999999996614 ) ;
#69 = ORIENTED_EDGE ( 'NONE', *, *, #1949, .T. ) ;
#70 = DIRECTION ( 'NONE',  ( 0.2446372591148606446, 0.3895179497536777613, 0.8879348952893225677 ) ) ;
#71 = DIRECTION ( 'NONE',  ( 0.8493881131629322789, -0.5277628146696672351, -0.002498933665448046116 ) ) ;
#72 = EDGE_CURVE ( 'NONE', #2128, #1290, #367, .T. ) ;
#73 = CIRCLE ( 'NONE', #2317, 0.01209275000000001321 ) ;
#74 = AXIS2_PLACEMENT_3D ( 'NONE', #1666, #53, #64 ) ;
#75 = CARTESIAN_POINT ( 'NONE',  ( -0.1201668377294767276, 0.2563599939408953143, 0.1097636394181533692 ) ) ;
#76 = VECTOR ( 'NONE', #707, 1.000000000000000000 ) ;
#77 = VERTEX_POINT ( 'NONE', #2234 ) ;
#78 = DIRECTION ( 'NONE',  ( 0.2446372591148606446, 0.3895179497536800373, 0.8879348952893213465 ) ) ;
#79 = CARTESIAN_POINT ( 'NONE',  ( -0.1224894035508415913, 0.2526920904226919729, 0.09536681228366700180 ) ) ;
#80 = VERTEX_POINT ( 'NONE', #632 ) ;
#81 = AXIS2_PLACEMENT_3D ( 'NONE', #1587, #1896, #1523 ) ;
#82 = AXIS2_PLACEMENT_3D ( 'NONE', #2126, #1098, #921 ) ;
#83 = LINE ( 'NONE', #800, #37 ) ;
#84 = AXIS2_PLACEMENT_3D ( 'NONE', #1497, #1187, #2068 ) ;
#85 = ORIENTED_EDGE ( 'NONE', *, *, #1805, .T. ) ;
#86 = AXIS2_PLACEMENT_3D ( 'NONE', #1180, #1897, #1001 ) ;
#87 = DIRECTION ( 'NONE',  ( 0.2446372591148603393, 0.3895179497536781499, 0.8879348952893222346 ) ) ;
#88 = DIRECTION ( 'NONE',  ( -0.8493881131629322789, 0.5277628146696672351, 0.002498933665448046116 ) ) ;
#89 = DIRECTION ( 'NONE',  ( 0.2446372591148599784, 0.3895179497536781499, 0.8879348952893223457 ) ) ;
#90 = ADVANCED_FACE ( 'NONE', ( #1340 ), #1120, .T. ) ;
#91 = EDGE_CURVE ( 'NONE', #287, #1367, #1137, .T. ) ;
#92 = VERTEX_POINT ( 'NONE', #948 ) ;
#93 = DIRECTION ( 'NONE',  ( 0.2446372591148603393, 0.3895179497536781499, 0.8879348952893222346 ) ) ;
#94 = CARTESIAN_POINT ( 'NONE',  ( -0.1304367530470397774, 0.2474128049099514892, 0.1097034827290793990 ) ) ;
#95 = ORIENTED_EDGE ( 'NONE', *, *, #1045, .F. ) ;
#96 = DIRECTION ( 'NONE',  ( -0.8493881131629322789, 0.5277628146696672351, 0.002498933665448046116 ) ) ;
#97 = ORIENTED_EDGE ( 'NONE', *, *, #363, .F. ) ;
#98 = CARTESIAN_POINT ( 'NONE',  ( -0.1258243626821713979, 0.2549011207179524563, 0.09595958898171050300 ) ) ;
#99 = MECHANICAL_CONTEXT ( 'NONE', #1567, 'mechanical' ) ;
#100 = CARTESIAN_POINT ( 'NONE',  ( -0.1340300004184421800, 0.2339771583106795005, 0.1252193252469460116 ) ) ;
#101 = DIRECTION ( 'NONE',  ( 0.2446372591148604503, 0.3895179497536745972, 0.8879348952893237890 ) ) ;
#102 = EDGE_LOOP ( 'NONE', ( #503, #1640, #863, #535 ) ) ;
#103 = CARTESIAN_POINT ( 'NONE',  ( -0.1307414407831467840, 0.2469217803395235000, 0.1098420890834284069 ) ) ;
#104 = VERTEX_POINT ( 'NONE', #1478 ) ;
#105 = ORIENTED_EDGE ( 'NONE', *, *, #609, .F. ) ;
#106 = EDGE_CURVE ( 'NONE', #1160, #80, #1231, .T. ) ;
#107 = DIRECTION ( 'NONE',  ( -0.4317132968772846580, -0.6975128557275321883, 0.5719260838553951176 ) ) ;
#108 = DESIGN_CONTEXT ( 'detailed design', #2124, 'design' ) ;
#109 = ORIENTED_EDGE ( 'NONE', *, *, #159, .F. ) ;
#110 = VECTOR ( 'NONE', #1447, 1.000000000000000000 ) ;
#111 = FACE_BOUND ( 'NONE', #443, .T. ) ;
#112 = CARTESIAN_POINT ( 'NONE',  ( -0.1223659920486815517, 0.2604270135975176870, 0.1044184478974527347 ) ) ;
#113 = PLANE ( 'NONE',  #1313 ) ;
#114 = CARTESIAN_POINT ( 'NONE',  ( -0.1305345101372940020, 0.2472652745398700169, 0.1076335329951243897 ) ) ;
#115 = EDGE_LOOP ( 'NONE', ( #2037, #1196 ) ) ;
#116 = VECTOR ( 'NONE', #771, 1.000000000000000000 ) ;
#117 = AXIS2_PLACEMENT_3D ( 'NONE', #1751, #1742, #1941 ) ;
#118 = DIRECTION ( 'NONE',  ( 0.2446372591148599784, 0.3895179497536781499, 0.8879348952893223457 ) ) ;
#119 = ORIENTED_EDGE ( 'NONE', *, *, #27, .T. ) ;
#120 = EDGE_LOOP ( 'NONE', ( #911, #1670, #817, #844 ) ) ;
#121 = VECTOR ( 'NONE', #1780, 1.000000000000000000 ) ;
#122 = AXIS2_PLACEMENT_3D ( 'NONE', #1344, #802, #444 ) ;
#123 = CARTESIAN_POINT ( 'NONE',  ( -0.1364490038346344303, 0.2376462813683728748, 0.1287810605627650873 ) ) ;
#124 = AXIS2_PLACEMENT_3D ( 'NONE', #226, #1653, #2193 ) ;
#125 = EDGE_CURVE ( 'NONE', #1781, #249, #1124, .T. ) ;
#126 = CARTESIAN_POINT ( 'NONE',  ( -0.1301794079256959891, 0.2478802160424614931, 0.09846015592934570515 ) ) ;
#127 = APPROVAL ( #1072, 'UNSPECIFIED' ) ;
#128 = DIRECTION ( 'NONE',  ( -0.8493881131629322789, 0.5277628146696672351, 0.002498933665448046116 ) ) ;
#129 = VERTEX_POINT ( 'NONE', #1550 ) ;
#130 = DIRECTION ( 'NONE',  ( -0.8493881131629322789, 0.5277628146696672351, 0.002498933665448046116 ) ) ;
#131 = ORIENTED_EDGE ( 'NONE', *, *, #2294, .F. ) ;
#132 = EDGE_LOOP ( 'NONE', ( #1773, #2281, #1514, #459 ) ) ;
#133 = ADVANCED_FACE ( 'NONE', ( #1929 ), #1738, .T. ) ;
#134 = LINE ( 'NONE', #1546, #1790 ) ;
#135 = EDGE_CURVE ( 'NONE', #1654, #1668, #1221, .T. ) ;
#136 = CYLINDRICAL_SURFACE ( 'NONE', #1207, 0.005400000000000000286 ) ;
#137 = CYLINDRICAL_SURFACE ( 'NONE', #521, 0.001300000000000009481 ) ;
#138 = CARTESIAN_POINT ( 'NONE',  ( -0.1213410965732280578, 0.2544903077820776516, 0.1055015519207646302 ) ) ;
#139 = ORIENTED_EDGE ( 'NONE', *, *, #420, .T. ) ;
#140 = EDGE_LOOP ( 'NONE', ( #1355, #1870, #1182, #734 ) ) ;
#141 = DIRECTION ( 'NONE',  ( 0.2446372591148604503, 0.3895179497536745972, 0.8879348952893237890 ) ) ;
#142 = CYLINDRICAL_SURFACE ( 'NONE', #903, 0.005400000000000000286 ) ;
#143 = ADVANCED_FACE ( 'NONE', ( #1728 ), #831, .T. ) ;
#144 = DIRECTION ( 'NONE',  ( 0.2446372591148604503, 0.3895179497536745972, 0.8879348952893237890 ) ) ;
#145 = LINE ( 'NONE', #509, #337 ) ;
#146 = ORIENTED_EDGE ( 'NONE', *, *, #498, .F. ) ;
#147 = ORIENTED_EDGE ( 'NONE', *, *, #2240, .T. ) ;
#148 = AXIS2_PLACEMENT_3D ( 'NONE', #1925, #335, #141 ) ;
#149 = CARTESIAN_POINT ( 'NONE',  ( -0.1241523689921174012, 0.2575367298829795426, 0.1076425939030544038 ) ) ;
#150 = CIRCLE ( 'NONE', #976, 0.01462500000000001472 ) ;
#151 = CIRCLE ( 'NONE', #1311, 0.01462500000000001472 ) ;
#152 = CARTESIAN_POINT ( 'NONE',  ( -0.1241523689921174012, 0.2575367298829795426, 0.1076425939030544038 ) ) ;
#154 = EDGE_CURVE ( 'NONE', #735, #1932, #1680, .T. ) ;
#153 = DIRECTION ( 'NONE',  ( -0.8493881131629322789, 0.5277628146696672351, 0.002498933665448046116 ) ) ;
#155 = AXIS2_PLACEMENT_3D ( 'NONE', #2148, #340, #739 ) ;
#156 = CYLINDRICAL_SURFACE ( 'NONE', #711, 0.005400000000000002888 ) ;
#157 = ORIENTED_EDGE ( 'NONE', *, *, #2236, .T. ) ;
#158 = CARTESIAN_POINT ( 'NONE',  ( -0.1209793859448946018, 0.2626929345302259633, 0.09717453129432619685 ) ) ;
#159 = EDGE_CURVE ( 'NONE', #1659, #2251, #464, .T. ) ;
#160 = VERTEX_POINT ( 'NONE', #2246 ) ;
#161 = ORIENTED_EDGE ( 'NONE', *, *, #474, .T. ) ;
#162 = CYLINDRICAL_SURFACE ( 'NONE', #599, 0.01209275000000000107 ) ;
#163 = DIRECTION ( 'NONE',  ( -0.2446372591148603393, -0.3895179497536781499, -0.8879348952893222346 ) ) ;
#164 = CARTESIAN_POINT ( 'NONE',  ( -0.1241523689921174012, 0.2575367298829795426, 0.1076425939030544038 ) ) ;
#165 = DIRECTION ( 'NONE',  ( 0.8493881131629322789, -0.5277628146696672351, -0.002498933665448046116 ) ) ;
#166 = SECURITY_CLASSIFICATION_LEVEL ( 'unclassified' ) ;
#167 = FACE_OUTER_BOUND ( 'NONE', #1594, .T. ) ;
#168 = ORIENTED_EDGE ( 'NONE', *, *, #1133, .T. ) ;
#169 = ORIENTED_EDGE ( 'NONE', *, *, #1817, .T. ) ;
#170 = ORIENTED_EDGE ( 'NONE', *, *, #1574, .T. ) ;
#171 = CARTESIAN_POINT ( 'NONE',  ( -0.1299681688897671994, 0.2482224469684770063, 0.09798282007862649245 ) ) ;
#172 = EDGE_CURVE ( 'NONE', #769, #815, #1921, .T. ) ;
#173 = CARTESIAN_POINT ( 'NONE',  ( -0.1207548165394655981, 0.2554256786243009891, 0.1076325981683926014 ) ) ;
#174 = DIRECTION ( 'NONE',  ( 0.8493881131629322789, -0.5277628146696672351, -0.002498933665448046116 ) ) ;
#175 = CARTESIAN_POINT ( 'NONE',  ( -0.1212787870838425985, 0.2546515009589434553, 0.09303750554069450951 ) ) ;
#176 = COORDINATED_UNIVERSAL_TIME_OFFSET ( 2, 0, .AHEAD. ) ;
#177 = CARTESIAN_POINT ( 'NONE',  ( -0.1244672074903887954, 0.2494044692540549890, 0.1174406455637544006 ) ) ;
#178 = ORIENTED_EDGE ( 'NONE', *, *, #2152, .T. ) ;
#179 = EDGE_LOOP ( 'NONE', ( #661, #1281, #2043, #1763 ) ) ;
#180 = DIRECTION ( 'NONE',  ( -0.4545995542014389934, -0.7292165417889930890, -0.5114513471496135999 ) ) ;
#181 = AXIS2_PLACEMENT_3D ( 'NONE', #2188, #180, #1471 ) ;
#182 = CIRCLE ( 'NONE', #74, 0.005400000000000000286 ) ;
#183 = CARTESIAN_POINT ( 'NONE',  ( -0.1268539236012665994, 0.2532407866193289725, 0.09666620666809500051 ) ) ;
#184 = EDGE_CURVE ( 'NONE', #1849, #2096, #598, .T. ) ;
#185 = AXIS2_PLACEMENT_3D ( 'NONE', #773, #2075, #1509 ) ;
#186 = ADVANCED_FACE ( 'NONE', ( #310 ), #137, .F. ) ;
#187 = AXIS2_PLACEMENT_3D ( 'NONE', #2219, #637, #2053 ) ;
#188 = AXIS2_PLACEMENT_3D ( 'NONE', #2289, #295, #463 ) ;
#189 = VECTOR ( 'NONE', #2132, 1.000000000000000000 ) ;
#190 = DIRECTION ( 'NONE',  ( -0.2446372591148604503, -0.3895179497536745972, -0.8879348952893237890 ) ) ;
#191 = CIRCLE ( 'NONE', #794, 0.01209275000000000107 ) ;
#192 = DIRECTION ( 'NONE',  ( -0.2446372591148604503, -0.3895179497536745972, -0.8879348952893237890 ) ) ;
#193 = CARTESIAN_POINT ( 'NONE',  ( -0.1268539236012665994, 0.2532407866193289725, 0.09666620666809500051 ) ) ;
#194 = ORIENTED_EDGE ( 'NONE', *, *, #1926, .T. ) ;
#195 = ORIENTED_EDGE ( 'NONE', *, *, #618, .F. ) ;
#196 = ORIENTED_EDGE ( 'NONE', *, *, #1334, .T. ) ;
#197 = CARTESIAN_POINT ( 'NONE',  ( -0.1340300004184421800, 0.2339771583106795005, 0.1252193252469460116 ) ) ;
#198 = VERTEX_POINT ( 'NONE', #2278 ) ;
#199 = DIRECTION ( 'NONE',  ( 0.2446372591148604503, 0.3895179497536745972, 0.8879348952893237890 ) ) ;
#200 = ADVANCED_FACE ( 'NONE', ( #994 ), #1908, .T. ) ;
#201 = CYLINDRICAL_SURFACE ( 'NONE', #155, 0.005400000000000000286 ) ;
#202 = LINE ( 'NONE', #24, #1456 ) ;
#203 = CALENDAR_DATE ( 2026, 6, 9 ) ;
#204 = DIRECTION ( 'NONE',  ( 0.8493881131629322789, -0.5277628146696672351, -0.002498933665448046116 ) ) ;
#205 = ORIENTED_EDGE ( 'NONE', *, *, #461, .T. ) ;
#206 = ORIENTED_EDGE ( 'NONE', *, *, #505, .F. ) ;
#207 = ORIENTED_EDGE ( 'NONE', *, *, #672, .T. ) ;
#208 = CARTESIAN_POINT ( 'NONE',  ( -0.1304367530470397774, 0.2474128049099514892, 0.1097034827290793990 ) ) ;
#209 = DIRECTION ( 'NONE',  ( 0.8493881131629322789, -0.5277628146696672351, -0.002498933665448046116 ) ) ;
#210 = DIRECTION ( 'NONE',  ( 0.2446372591148604503, 0.3895179497536745972, 0.8879348952893237890 ) ) ;
#211 = DIRECTION ( 'NONE',  ( 0.2446372591148604503, 0.3895179497536745972, 0.8879348952893237890 ) ) ;
#212 = EDGE_CURVE ( 'NONE', #987, #160, #656, .T. ) ;
#213 = VERTEX_POINT ( 'NONE', #645 ) ;
#214 = EDGE_LOOP ( 'NONE', ( #8, #1865 ) ) ;
#215 = ORIENTED_EDGE ( 'NONE', *, *, #2130, .T. ) ;
#216 = DIRECTION ( 'NONE',  ( -0.8493881131629322789, 0.5277628146696672351, 0.002498933665448046116 ) ) ;
#217 = DIRECTION ( 'NONE',  ( 0.2446372591148599784, 0.3895179497536781499, 0.8879348952893223457 ) ) ;
#218 = AXIS2_PLACEMENT_3D ( 'NONE', #103, #318, #500 ) ;
#219 = AXIS2_PLACEMENT_3D ( 'NONE', #1212, #314, #1042 ) ;
#220 = DIRECTION ( 'NONE',  ( -0.2446372591148599784, -0.3895179497536781499, -0.8879348952893223457 ) ) ;
#221 = DIRECTION ( 'NONE',  ( -0.8493881131629322789, 0.5277628146696672351, 0.002498933665448046116 ) ) ;
#222 = CIRCLE ( 'NONE', #1535, 0.005400000000000000286 ) ;
#223 = CIRCLE ( 'NONE', #122, 0.01462500000000001472 ) ;
#224 = EDGE_CURVE ( 'NONE', #429, #230, #2097, .T. ) ;
#225 = AXIS2_PLACEMENT_3D ( 'NONE', #1419, #2160, #1951 ) ;
#226 = CARTESIAN_POINT ( 'NONE',  ( -0.1183550623876162000, 0.2668968260382559854, 0.1013409563362522026 ) ) ;
#227 = ORIENTED_EDGE ( 'NONE', *, *, #653, .T. ) ;
#228 = CYLINDRICAL_SURFACE ( 'NONE', #900, 0.001750000000000013481 ) ;
#229 = DIRECTION ( 'NONE',  ( -0.8493881131629322789, 0.5277628146696672351, 0.002498933665448046116 ) ) ;
#230 = VERTEX_POINT ( 'NONE', #2290 ) ;
#231 = EDGE_CURVE ( 'NONE', #198, #2047, #687, .T. ) ;
#232 = CARTESIAN_POINT ( 'NONE',  ( -0.1344581156218931928, 0.2332955018986105633, 0.1236654391801896985 ) ) ;
#233 = ORIENTED_EDGE ( 'NONE', *, *, #1864, .T. ) ;
#234 = DIRECTION ( 'NONE',  ( 0.8493881131629322789, -0.5277628146696672351, -0.002498933665448046116 ) ) ;
#235 = CARTESIAN_POINT ( 'NONE',  ( -0.1282584122238465962, 0.2509723950022085259, 0.09835364783179509351 ) ) ;
#236 = CARTESIAN_POINT ( 'NONE',  ( -0.1160218748221317903, 0.2630852485031959787, 0.09869609706915970226 ) ) ;
#237 = CARTESIAN_POINT ( 'NONE',  ( -0.1287260113762830060, 0.2502317990400959591, 0.09582690916951269733 ) ) ;
#238 = EDGE_LOOP ( 'NONE', ( #2261, #1798, #2301, #2127 ) ) ;
#239 = CARTESIAN_POINT ( 'NONE',  ( -0.1207548165394655981, 0.2554256786243009891, 0.1076325981683926014 ) ) ;
#240 = ORIENTED_EDGE ( 'NONE', *, *, #505, .T. ) ;
#241 = ORIENTED_EDGE ( 'NONE', *, *, #424, .F. ) ;
#242 = LINE ( 'NONE', #961, #451 ) ;
#243 = ORIENTED_EDGE ( 'NONE', *, *, #445, .T. ) ;
#244 = CARTESIAN_POINT ( 'NONE',  ( -0.1374275528710939831, 0.2360882095693579985, 0.1252293209816078001 ) ) ;
#245 = EDGE_CURVE ( 'NONE', #129, #1100, #1637, .T. ) ;
#246 = DIRECTION ( 'NONE',  ( -0.8493881131629322789, 0.5277628146696672351, 0.002498933665448046116 ) ) ;
#247 = FACE_OUTER_BOUND ( 'NONE', #418, .T. ) ;
#248 = EDGE_CURVE ( 'NONE', #403, #1279, #1354, .T. ) ;
#249 = VERTEX_POINT ( 'NONE', #286 ) ;
#250 = FACE_OUTER_BOUND ( 'NONE', #1998, .T. ) ;
#251 = VERTEX_POINT ( 'NONE', #114 ) ;
#252 = ORIENTED_EDGE ( 'NONE', *, *, #883, .T. ) ;
#253 = CARTESIAN_POINT ( 'NONE',  ( -0.1306198977208271883, 0.2471435718024755090, 0.1043133091175616062 ) ) ;
#254 = VECTOR ( 'NONE', #1314, 1.000000000000000000 ) ;
#255 = ORIENTED_EDGE ( 'NONE', *, *, #316, .T. ) ;
#256 = DIRECTION ( 'NONE',  ( -0.8493881131629322789, 0.5277628146696672351, 0.002498933665448046116 ) ) ;
#257 = ADVANCED_FACE ( 'NONE', ( #2258 ), #2298, .T. ) ;
#258 = ADVANCED_FACE ( 'NONE', ( #1958 ), #1061, .F. ) ;
#259 = CARTESIAN_POINT ( 'NONE',  ( -0.1241541735379066008, 0.2575938919562930085, 0.09495687243492610674 ) ) ;
#260 = AXIS2_PLACEMENT_3D ( 'NONE', #1147, #798, #1488 ) ;
#261 = CIRCLE ( 'NONE', #2206, 0.005400000000000000286 ) ;
#262 = AXIS2_PLACEMENT_3D ( 'NONE', #581, #932, #1641 ) ;
#263 = CYLINDRICAL_SURFACE ( 'NONE', #414, 0.005400000000000000286 ) ;
#264 = VECTOR ( 'NONE', #17, 1.000000000000000000 ) ;
#265 = ORIENTED_EDGE ( 'NONE', *, *, #1284, .F. ) ;
#266 = FACE_OUTER_BOUND ( 'NONE', #896, .T. ) ;
#267 = ORIENTED_EDGE ( 'NONE', *, *, #1064, .F. ) ;
#268 = VERTEX_POINT ( 'NONE', #175 ) ;
#269 = CIRCLE ( 'NONE', #941, 0.002399999999999998055 ) ;
#270 = CIRCLE ( 'NONE', #1948, 0.005400000000000000286 ) ;
#271 = DIRECTION ( 'NONE',  ( -0.2681027387725949396, -0.4355567088603419235, 0.8593086027902787638 ) ) ;
#272 = ORIENTED_EDGE ( 'NONE', *, *, #741, .F. ) ;
#273 = FACE_OUTER_BOUND ( 'NONE', #657, .T. ) ;
#274 = ADVANCED_FACE ( 'NONE', ( #891 ), #156, .T. ) ;
#275 = CARTESIAN_POINT ( 'NONE',  ( -0.1196761035868364464, 0.2647934291095861425, 0.09654610790168985379 ) ) ;
#276 = DIRECTION ( 'NONE',  ( 0.2446372591148604503, 0.3895179497536745972, 0.8879348952893237890 ) ) ;
#277 = VERTEX_POINT ( 'NONE', #360 ) ;
#278 = DIRECTION ( 'NONE',  ( 0.8493881131629322789, -0.5277628146696672351, -0.002498933665448046116 ) ) ;
#279 = DIRECTION ( 'NONE',  ( 0.8493881131629322789, -0.5277628146696672351, -0.002498933665448046116 ) ) ;
#280 = VERTEX_POINT ( 'NONE', #329 ) ;
#281 = CARTESIAN_POINT ( 'NONE',  ( -0.1241523689921174012, 0.2575367298829795426, 0.1076425939030544038 ) ) ;
#282 = VERTEX_POINT ( 'NONE', #349 ) ;
#283 = DIRECTION ( 'NONE',  ( 0.2446372591148599784, 0.3895179497536781499, 0.8879348952893223457 ) ) ;
#284 = DIRECTION ( 'NONE',  ( 0.2446372591148625320, 0.3895179497536754298, 0.8879348952893229008 ) ) ;
#285 = DIRECTION ( 'NONE',  ( 0.8493881131629322789, -0.5277628146696672351, -0.002498933665448046116 ) ) ;
#286 = CARTESIAN_POINT ( 'NONE',  ( -0.1224268102295198030, 0.2527900694592740138, 0.09594959324704879777 ) ) ;
#287 = VERTEX_POINT ( 'NONE', #879 ) ;
#288 = EDGE_CURVE ( 'NONE', #312, #485, #2149, .T. ) ;
#289 = DIRECTION ( 'NONE',  ( 0.8493881131629322789, -0.5277628146696672351, -0.002498933665448046116 ) ) ;
#290 = ORIENTED_EDGE ( 'NONE', *, *, #1273, .T. ) ;
#291 = ORIENTED_EDGE ( 'NONE', *, *, #1227, .F. ) ;
#292 = AXIS2_PLACEMENT_3D ( 'NONE', #1828, #446, #2204 ) ;
#293 = DIRECTION ( 'NONE',  ( 0.2446372591148606446, 0.3895179497536800373, 0.8879348952893213465 ) ) ;
#294 = DIRECTION ( 'NONE',  ( 0.8493881131629322789, -0.5277628146696672351, -0.002498933665448046116 ) ) ;
#295 = DIRECTION ( 'NONE',  ( -0.8493881131629322789, 0.5277628146696672351, 0.002498933665448046116 ) ) ;
#296 = CARTESIAN_POINT ( 'NONE',  ( -0.1207548165394655981, 0.2554256786243009891, 0.1076325981683926014 ) ) ;
#297 = CIRCLE ( 'NONE', #33, 0.001300000000000009481 ) ;
#298 = ORIENTED_EDGE ( 'NONE', *, *, #691, .T. ) ;
#299 = ADVANCED_FACE ( 'NONE', ( #1437 ), #1232, .T. ) ;
#300 = CIRCLE ( 'NONE', #260, 0.005400000000000000286 ) ;
#301 = DIRECTION ( 'NONE',  ( -0.1748533434143462739, -0.2769373712929938947, -0.9448449611857763220 ) ) ;
#302 = VERTEX_POINT ( 'NONE', #1625 ) ;
#303 = AXIS2_PLACEMENT_3D ( 'NONE', #1506, #1289, #1339 ) ;
#304 = ORIENTED_EDGE ( 'NONE', *, *, #326, .F. ) ;
#305 = AXIS2_PLACEMENT_3D ( 'NONE', #1322, #625, #1706 ) ;
#306 = EDGE_CURVE ( 'NONE', #1932, #852, #202, .T. ) ;
#307 = CIRCLE ( 'NONE', #1840, 0.005400000000000000286 ) ;
#308 = CARTESIAN_POINT ( 'NONE',  ( -0.1302096179650365781, 0.2477627465758985015, 0.1130007451811457925 ) ) ;
#309 = FACE_OUTER_BOUND ( 'NONE', #28, .T. ) ;
#310 = FACE_OUTER_BOUND ( 'NONE', #1541, .T. ) ;
#311 = DIRECTION ( 'NONE',  ( -0.8493881131629322789, 0.5277628146696672351, 0.002498933665448046116 ) ) ;
#312 = VERTEX_POINT ( 'NONE', #541 ) ;
#313 = ORIENTED_EDGE ( 'NONE', *, *, #747, .F. ) ;
#314 = DIRECTION ( 'NONE',  ( -0.8493881131629322789, 0.5277628146696672351, 0.002498933665448046116 ) ) ;
#315 = ADVANCED_FACE ( 'NONE', ( #1980 ), #1081, .T. ) ;
#316 = EDGE_CURVE ( 'NONE', #1986, #160, #1348, .T. ) ;
#317 = DIRECTION ( 'NONE',  ( -0.2446372591148604503, -0.3895179497536745972, -0.8879348952893237890 ) ) ;
#318 = DIRECTION ( 'NONE',  ( 0.8493881131629322789, -0.5277628146696672351, -0.002498933665448046116 ) ) ;
#319 = CARTESIAN_POINT ( 'NONE',  ( -0.1241523689921174012, 0.2575367298829795426, 0.1076425939030544038 ) ) ;
#320 = VERTEX_POINT ( 'NONE', #1250 ) ;
#321 = ORIENTED_EDGE ( 'NONE', *, *, #2136, .F. ) ;
#322 = DIRECTION ( 'NONE',  ( -0.2446372591148599784, -0.3895179497536781499, -0.8879348952893223457 ) ) ;
#323 = AXIS2_PLACEMENT_3D ( 'NONE', #425, #966, #220 ) ;
#324 = ADVANCED_FACE ( 'NONE', ( #2173 ), #566, .T. ) ;
#325 = MANIFOLD_SOLID_BREP ( 'Imported1', #2169 ) ;
#326 = EDGE_CURVE ( 'NONE', #852, #1454, #752, .T. ) ;
#327 = EDGE_CURVE ( 'NONE', #280, #104, #870, .T. ) ;
#328 = CARTESIAN_POINT ( 'NONE',  ( -0.1063747131075170049, 0.2786361684606225020, 0.09348875544993459630 ) ) ;
#329 = CARTESIAN_POINT ( 'NONE',  ( -0.1328156629858189830, 0.2359159918880519846, 0.1285005306594401986 ) ) ;
#330 = LINE ( 'NONE', #1573, #1495 ) ;
#331 = EDGE_LOOP ( 'NONE', ( #519, #1575, #1306, #1065 ) ) ;
#332 = ORIENTED_EDGE ( 'NONE', *, *, #224, .F. ) ;
#333 = AXIS2_PLACEMENT_3D ( 'NONE', #622, #763, #807 ) ;
#334 = AXIS2_PLACEMENT_3D ( 'NONE', #244, #1671, #70 ) ;
#335 = DIRECTION ( 'NONE',  ( -0.8493881131629322789, 0.5277628146696672351, 0.002498933665448046116 ) ) ;
#336 = AXIS2_PLACEMENT_3D ( 'NONE', #730, #1967, #192 ) ;
#337 = VECTOR ( 'NONE', #289, 1.000000000000000000 ) ;
#338 = CIRCLE ( 'NONE', #1271, 0.005400000000000000286 ) ;
#339 = CARTESIAN_POINT ( 'NONE',  ( -0.1241523689921174012, 0.2575367298829795426, 0.1076425939030544038 ) ) ;
#340 = DIRECTION ( 'NONE',  ( -0.8493881131629322789, 0.5277628146696672351, 0.002498933665448046116 ) ) ;
#341 = CARTESIAN_POINT ( 'NONE',  ( -0.1315306591642568246, 0.2456593496472286586, 0.1082058967465834437 ) ) ;
#342 = APPROVAL_ROLE ( '' ) ;
#343 = DIRECTION ( 'NONE',  ( 0.2446372591148600895, 0.3895179497536777613, 0.8879348952893225677 ) ) ;
#344 = ORIENTED_EDGE ( 'NONE', *, *, #106, .T. ) ;
#345 = ORIENTED_EDGE ( 'NONE', *, *, #434, .F. ) ;
#346 = FACE_OUTER_BOUND ( 'NONE', #620, .T. ) ;
#347 = CARTESIAN_POINT ( 'NONE',  ( -0.1229898980936684066, 0.2594760413282700129, 0.09319342930684240689 ) ) ;
#348 = DIRECTION ( 'NONE',  ( 0.2446372591148604503, 0.3895179497536745972, 0.8879348952893237890 ) ) ;
#349 = CARTESIAN_POINT ( 'NONE',  ( -0.1152381630148434088, 0.2643328422726989868, 0.1015940907209819943 ) ) ;
#350 = DIRECTION ( 'NONE',  ( -0.8493881131629322789, 0.5277628146696672351, 0.002498933665448046116 ) ) ;
#351 = ORIENTED_EDGE ( 'NONE', *, *, #248, .F. ) ;
#352 = EDGE_LOOP ( 'NONE', ( #2022, #1333, #982, #1041 ) ) ;
#353 = VERTEX_POINT ( 'NONE', #1580 ) ;
#354 = EDGE_CURVE ( 'NONE', #251, #1109, #1616, .T. ) ;
#355 = LINE ( 'NONE', #1433, #1794 ) ;
#356 = DIRECTION ( 'NONE',  ( -0.8493881131629322789, 0.5277628146696672351, 0.002498933665448046116 ) ) ;
#357 = EDGE_CURVE ( 'NONE', #80, #2086, #150, .T. ) ;
#358 = VECTOR ( 'NONE', #2230, 1.000000000000000000 ) ;
#359 = FACE_OUTER_BOUND ( 'NONE', #895, .T. ) ;
#360 = CARTESIAN_POINT ( 'NONE',  ( -0.1177452549688846051, 0.2678868037552860071, 0.09953608505330259482 ) ) ;
#361 = CARTESIAN_POINT ( 'NONE',  ( -0.1217299351749829006, 0.2614397602668772080, 0.1067270786252049880 ) ) ;
#362 = VERTEX_POINT ( 'NONE', #341 ) ;
#363 = EDGE_CURVE ( 'NONE', #455, #987, #2213, .T. ) ;
#364 = ORIENTED_EDGE ( 'NONE', *, *, #154, .T. ) ;
#365 = CARTESIAN_POINT ( 'NONE',  ( -0.1248608597711949875, 0.2488613437435300002, 0.09834365209713330502 ) ) ;
#366 = ORIENTED_EDGE ( 'NONE', *, *, #1805, .F. ) ;
#367 = CIRCLE ( 'NONE', #1913, 0.001750000000000013481 ) ;
#368 = EDGE_CURVE ( 'NONE', #213, #1668, #35, .T. ) ;
#369 = CIRCLE ( 'NONE', #334, 0.003999999999999996614 ) ;
#370 = AXIS2_PLACEMENT_3D ( 'NONE', #705, #1415, #531 ) ;
#371 = CARTESIAN_POINT ( 'NONE',  ( -0.1330514513819827382, 0.2355352301096942103, 0.1287710648281032988 ) ) ;
#372 = CIRCLE ( 'NONE', #305, 0.01209275000000000107 ) ;
#373 = VECTOR ( 'NONE', #2306, 1.000000000000000000 ) ;
#374 = CIRCLE ( 'NONE', #2031, 0.01462500000000001472 ) ;
#375 = VECTOR ( 'NONE', #1336, 1.000000000000000000 ) ;
#376 = DIRECTION ( 'NONE',  ( 0.2446372591148625320, 0.3895179497536754298, 0.8879348952893229008 ) ) ;
#377 = DIRECTION ( 'NONE',  ( -0.1748533434143462739, -0.2769373712929938947, -0.9448449611857763220 ) ) ;
#378 = LINE ( 'NONE', #193, #683 ) ;
#379 = ORIENTED_EDGE ( 'NONE', *, *, #2152, .F. ) ;
#380 = VERTEX_POINT ( 'NONE', #1286 ) ;
#381 = DIRECTION ( 'NONE',  ( 0.8493881131629322789, -0.5277628146696672351, -0.002498933665448046116 ) ) ;
#382 = ORIENTED_EDGE ( 'NONE', *, *, #327, .T. ) ;
#383 = DIRECTION ( 'NONE',  ( -0.2681027387725949396, -0.4355567088603419235, 0.8593086027902787638 ) ) ;
#384 = EDGE_CURVE ( 'NONE', #455, #1986, #1845, .T. ) ;
#385 = CARTESIAN_POINT ( 'NONE',  ( -0.1266516026230549985, 0.2535800394412184855, 0.09378658231941060242 ) ) ;
#386 = DIRECTION ( 'NONE',  ( 0.2446372591148600895, 0.3895179497536777613, 0.8879348952893225677 ) ) ;
#387 = CARTESIAN_POINT ( 'NONE',  ( -0.1303224495617971990, 0.2476213856115450085, 0.1045040183814060081 ) ) ;
#388 = ORIENTED_EDGE ( 'NONE', *, *, #1027, .T. ) ;
#389 = ORIENTED_EDGE ( 'NONE', *, *, #1026, .F. ) ;
#390 = ORIENTED_EDGE ( 'NONE', *, *, #1504, .T. ) ;
#391 = CC_DESIGN_PERSON_AND_ORGANIZATION_ASSIGNMENT ( #1996, #5, ( #706 ) ) ;
#392 = CARTESIAN_POINT ( 'NONE',  ( -0.1183315333342178782, 0.2593281812453838153, 0.1067170803916095284 ) ) ;
#393 = DIRECTION ( 'NONE',  ( -0.8493881131629322789, 0.5277628146696672351, 0.002498933665448046116 ) ) ;
#394 = EDGE_CURVE ( 'NONE', #1441, #213, #2065, .T. ) ;
#395 = CARTESIAN_POINT ( 'NONE',  ( -0.1305106729692750156, 0.2473087725418680050, 0.1065492221799149986 ) ) ;
#396 = DIRECTION ( 'NONE',  ( -0.8493881131629322789, 0.5277628146696672351, 0.002498933665448046116 ) ) ;
#397 = EDGE_CURVE ( 'NONE', #1191, #805, #1115, .T. ) ;
#398 = CIRCLE ( 'NONE', #1114, 0.005400000000000000286 ) ;
#399 = FACE_OUTER_BOUND ( 'NONE', #1141, .T. ) ;
#400 = ORIENTED_EDGE ( 'NONE', *, *, #992, .T. ) ;
#401 = PLANE ( 'NONE',  #262 ) ;
#402 = CARTESIAN_POINT ( 'NONE',  ( -0.1241523689921174012, 0.2575367298829795426, 0.1076425939030544038 ) ) ;
#403 = VERTEX_POINT ( 'NONE', #411 ) ;
#404 = CARTESIAN_POINT ( 'NONE',  ( -0.1213419459613411799, 0.2544908355448923243, 0.1055015544196983013 ) ) ;
#405 = ORIENTED_EDGE ( 'NONE', *, *, #1661, .F. ) ;
#406 = VECTOR ( 'NONE', #71, 1.000000000000000000 ) ;
#407 = DIRECTION ( 'NONE',  ( 0.2446372591148604503, 0.3895179497536745972, 0.8879348952893237890 ) ) ;
#408 = VECTOR ( 'NONE', #381, 1.000000000000000000 ) ;
#409 = LINE ( 'NONE', #1674, #406 ) ;
#410 = CIRCLE ( 'NONE', #938, 0.005400000000000000286 ) ;
#411 = CARTESIAN_POINT ( 'NONE',  ( -0.1158688600530080048, 0.2633258597307034932, 0.09988991321671220058 ) ) ;
#412 = VECTOR ( 'NONE', #1681, 1.000000000000000000 ) ;
#413 = AXIS2_PLACEMENT_3D ( 'NONE', #1310, #1708, #1866 ) ;
#414 = AXIS2_PLACEMENT_3D ( 'NONE', #967, #1675, #1502 ) ;
#415 = CARTESIAN_POINT ( 'NONE',  ( -0.1252653284966031844, 0.2558019396704849791, 0.09572678815511989625 ) ) ;
#416 = ORIENTED_EDGE ( 'NONE', *, *, #1636, .F. ) ;
#417 = DIRECTION ( 'NONE',  ( -0.8493881131629322789, 0.5277628146696672351, 0.002498933665448046116 ) ) ;
#418 = EDGE_LOOP ( 'NONE', ( #161, #570, #2143, #993 ) ) ;
#419 = ORIENTED_EDGE ( 'NONE', *, *, #2240, .F. ) ;
#420 = EDGE_CURVE ( 'NONE', #362, #2087, #944, .T. ) ;
#421 = CARTESIAN_POINT ( 'NONE',  ( -0.1269248971091453959, 0.2455103343528665105, 0.1044940226467442057 ) ) ;
#422 = EDGE_LOOP ( 'NONE', ( #1718, #139, #1630, #1235 ) ) ;
#423 = DIRECTION ( 'NONE',  ( 0.2446372591148604503, 0.3895179497536745972, 0.8879348952893237890 ) ) ;
#424 = EDGE_CURVE ( 'NONE', #987, #1824, #1048, .T. ) ;
#425 = CARTESIAN_POINT ( 'NONE',  ( -0.1241523689921174012, 0.2575367298829795426, 0.1076425939030544038 ) ) ;
#426 = CARTESIAN_POINT ( 'NONE',  ( -0.1317829469796980013, 0.2452666861674860088, 0.1053818569003669992 ) ) ;
#427 = ORIENTED_EDGE ( 'NONE', *, *, #906, .F. ) ;
#428 = DIRECTION ( 'NONE',  ( 0.8493881131629322789, -0.5277628146696672351, -0.002498933665448046116 ) ) ;
#429 = VERTEX_POINT ( 'NONE', #1829 ) ;
#430 = ORIENTED_EDGE ( 'NONE', *, *, #1709, .T. ) ;
#431 = DIRECTION ( 'NONE',  ( -0.8493881131629322789, 0.5277628146696672351, 0.002498933665448046116 ) ) ;
#432 = ORIENTED_EDGE ( 'NONE', *, *, #1884, .F. ) ;
#433 = EDGE_CURVE ( 'NONE', #2222, #1678, #928, .T. ) ;
#434 = EDGE_CURVE ( 'NONE', #951, #1741, #1162, .T. ) ;
#435 = DIRECTION ( 'NONE',  ( 0.2446372591148604503, 0.3895179497536745972, 0.8879348952893237890 ) ) ;
#436 = CARTESIAN_POINT ( 'NONE',  ( -0.1253397068141351989, 0.2556849704751334995, 0.09514891486452439762 ) ) ;
#437 = LINE ( 'NONE', #237, #564 ) ;
#438 = EDGE_LOOP ( 'NONE', ( #1318, #321, #432, #233 ) ) ;
#439 = DIRECTION ( 'NONE',  ( -0.8493881131629322789, 0.5277628146696672351, 0.002498933665448046116 ) ) ;
#440 = DIRECTION ( 'NONE',  ( -0.2446372591148603393, -0.3895179497536781499, -0.8879348952893222346 ) ) ;
#441 = ORIENTED_EDGE ( 'NONE', *, *, #1335, .T. ) ;
#442 = FACE_OUTER_BOUND ( 'NONE', #1420, .T. ) ;
#443 = EDGE_LOOP ( 'NONE', ( #784, #853 ) ) ;
#444 = DIRECTION ( 'NONE',  ( 0.2446372591148599784, 0.3895179497536781499, 0.8879348952893223457 ) ) ;
#445 = EDGE_CURVE ( 'NONE', #2086, #320, #2318, .T. ) ;
#446 = DIRECTION ( 'NONE',  ( -0.8493881131629322789, 0.5277628146696672351, 0.002498933665448046116 ) ) ;
#447 = VECTOR ( 'NONE', #1247, 1.000000000000000000 ) ;
#448 = CARTESIAN_POINT ( 'NONE',  ( -0.1241523689921174012, 0.2575367298829795426, 0.1076425939030544038 ) ) ;
#449 = VECTOR ( 'NONE', #1635, 1.000000000000000000 ) ;
#450 = CARTESIAN_POINT ( 'NONE',  ( -0.1186123155293139914, 0.2664645595443325132, 0.1051931677901668111 ) ) ;
#451 = VECTOR ( 'NONE', #1669, 1.000000000000000000 ) ;
#452 = EDGE_LOOP ( 'NONE', ( #1527, #1810 ) ) ;
#453 = CARTESIAN_POINT ( 'NONE',  ( -0.1310834535597270034, 0.2464124783453159884, 0.1011540101251079959 ) ) ;
#454 = DIRECTION ( 'NONE',  ( 0.8493881131629322789, -0.5277628146696672351, -0.002498933665448046116 ) ) ;
#455 = VERTEX_POINT ( 'NONE', #1652 ) ;
#456 = CIRCLE ( 'NONE', #2102, 0.005400000000000000286 ) ;
#457 = AXIS2_PLACEMENT_3D ( 'NONE', #768, #981, #101 ) ;
#458 = LINE ( 'NONE', #1863, #412 ) ;
#459 = ORIENTED_EDGE ( 'NONE', *, *, #1178, .T. ) ;
#460 = DIRECTION ( 'NONE',  ( -0.8493881131629322789, 0.5277628146696672351, 0.002498933665448046116 ) ) ;
#461 = EDGE_CURVE ( 'NONE', #80, #1873, #1466, .T. ) ;
#462 = DIRECTION ( 'NONE',  ( -0.2446372591148604503, -0.3895179497536745972, -0.8879348952893237890 ) ) ;
#463 = DIRECTION ( 'NONE',  ( 0.2446372591148599784, 0.3895179497536789825, 0.8879348952893221236 ) ) ;
#464 = LINE ( 'NONE', #2266, #1789 ) ;
#465 = ORIENTED_EDGE ( 'NONE', *, *, #1219, .T. ) ;
#466 = CARTESIAN_POINT ( 'NONE',  ( -0.1340300004184421800, 0.2339771583106795005, 0.1252193252469460116 ) ) ;
#467 = ORIENTED_EDGE ( 'NONE', *, *, #2125, .F. ) ;
#468 = ORIENTED_EDGE ( 'NONE', *, *, #471, .F. ) ;
#469 = APPROVAL ( #2150, 'UNSPECIFIED' ) ;
#470 = CARTESIAN_POINT ( 'NONE',  ( -0.1241523689921174012, 0.2575367298829795426, 0.1076425939030544038 ) ) ;
#471 = EDGE_CURVE ( 'NONE', #160, #1939, #2026, .T. ) ;
#472 = DIRECTION ( 'NONE',  ( -0.8493881131629322789, 0.5277628146696672351, 0.002498933665448046116 ) ) ;
#473 = CARTESIAN_POINT ( 'NONE',  ( -0.1218860978133441964, 0.2612405339658159797, 0.09572300287877129332 ) ) ;
#474 = EDGE_CURVE ( 'NONE', #534, #1781, #1604, .T. ) ;
#475 = CARTESIAN_POINT ( 'NONE',  ( -0.1208063343184310051, 0.2629737864562839977, 0.09668023705303720183 ) ) ;
#476 = EDGE_LOOP ( 'NONE', ( #1476, #2060, #241, #7 ) ) ;
#477 = DIRECTION ( 'NONE',  ( -0.8493881131629322789, 0.5277628146696672351, 0.002498933665448046116 ) ) ;
#478 = ORIENTED_EDGE ( 'NONE', *, *, #1060, .F. ) ;
#479 = EDGE_LOOP ( 'NONE', ( #931, #2074, #2248, #109 ) ) ;
#480 = DIRECTION ( 'NONE',  ( -0.2446372591148603393, -0.3895179497536781499, -0.8879348952893222346 ) ) ;
#481 = CARTESIAN_POINT ( 'NONE',  ( -0.1278647599430406123, 0.2515155205127335147, 0.1174506412984162029 ) ) ;
#482 = CIRCLE ( 'NONE', #2018, 0.01462500000000001472 ) ;
#483 = CARTESIAN_POINT ( 'NONE',  ( -0.1270046265280004028, 0.2530007165422185067, 0.09614389789666390185 ) ) ;
#484 = AXIS2_PLACEMENT_3D ( 'NONE', #1394, #1577, #1239 ) ;
#485 = VERTEX_POINT ( 'NONE', #611 ) ;
#486 = VECTOR ( 'NONE', #1768, 1.000000000000000000 ) ;
#487 = AXIS2_PLACEMENT_3D ( 'NONE', #466, #1183, #2279 ) ;
#488 = DIRECTION ( 'NONE',  ( 0.2446372591148604503, 0.3895179497536745972, 0.8879348952893237890 ) ) ;
#489 = ORIENTED_EDGE ( 'NONE', *, *, #1787, .F. ) ;
#490 = AXIS2_PLACEMENT_3D ( 'NONE', #999, #2032, #1881 ) ;
#491 = ORIENTED_EDGE ( 'NONE', *, *, #917, .T. ) ;
#492 = CIRCLE ( 'NONE', #86, 0.01209275000000001321 ) ;
#493 = ADVANCED_FACE ( 'NONE', ( #250 ), #1487, .T. ) ;
#494 = EDGE_CURVE ( 'NONE', #1253, #302, #2008, .T. ) ;
#495 = AXIS2_PLACEMENT_3D ( 'NONE', #2242, #597, #2254 ) ;
#496 = DIRECTION ( 'NONE',  ( 0.2446372591148687214, 0.3895179497536794821, 0.8879348952893194591 ) ) ;
#497 = AXIS2_PLACEMENT_3D ( 'NONE', #1806, #1080, #1275 ) ;
#498 = EDGE_CURVE ( 'NONE', #1123, #1367, #1683, .T. ) ;
#499 = DIRECTION ( 'NONE',  ( 0.8493881131629322789, -0.5277628146696672351, -0.002498933665448046116 ) ) ;
#500 = DIRECTION ( 'NONE',  ( -0.2446372591148604503, -0.3895179497536745972, -0.8879348952893237890 ) ) ;
#501 = DIRECTION ( 'NONE',  ( 0.8493881131629322789, -0.5277628146696672351, -0.002498933665448046116 ) ) ;
#502 = ORIENTED_EDGE ( 'NONE', *, *, #618, .T. ) ;
#503 = ORIENTED_EDGE ( 'NONE', *, *, #1346, .T. ) ;
#504 = CARTESIAN_POINT ( 'NONE',  ( -0.1186495617710671968, 0.2588218079107040270, 0.1055627650277334018 ) ) ;
#505 = EDGE_CURVE ( 'NONE', #1138, #251, #1978, .T. ) ;
#506 = ADVANCED_FACE ( 'NONE', ( #1515 ), #1834, .T. ) ;
#507 = DIRECTION ( 'NONE',  ( 0.2446372591148604503, 0.3895179497536745972, 0.8879348952893237890 ) ) ;
#508 = DIRECTION ( 'NONE',  ( -0.8493881131629322789, 0.5277628146696672351, 0.002498933665448046116 ) ) ;
#509 = CARTESIAN_POINT ( 'NONE',  ( -0.1225207233283631958, 0.2602180172453860130, 0.09596427925278690207 ) ) ;
#510 = ORIENTED_EDGE ( 'NONE', *, *, #2205, .F. ) ;
#511 = ORIENTED_EDGE ( 'NONE', *, *, #1105, .T. ) ;
#512 = DIRECTION ( 'NONE',  ( 0.2446372591148599784, 0.3895179497536781499, 0.8879348952893223457 ) ) ;
#513 = AXIS2_PLACEMENT_3D ( 'NONE', #1600, #153, #1579 ) ;
#514 = CARTESIAN_POINT ( 'NONE',  ( -0.1246763395364941934, 0.2567625522176219532, 0.09304750127535629800 ) ) ;
#515 = EDGE_CURVE ( 'NONE', #20, #1391, #410, .T. ) ;
#516 = CYLINDRICAL_SURFACE ( 'NONE', #1223, 0.005400000000000000286 ) ;
#517 = DIRECTION ( 'NONE',  ( -0.8493881131629322789, 0.5277628146696672351, 0.002498933665448046116 ) ) ;
#518 = DIRECTION ( 'NONE',  ( -0.8493881131629322789, 0.5277628146696672351, 0.002498933665448046116 ) ) ;
#519 = ORIENTED_EDGE ( 'NONE', *, *, #13, .T. ) ;
#520 = ORIENTED_EDGE ( 'NONE', *, *, #1914, .F. ) ;
#521 = AXIS2_PLACEMENT_3D ( 'NONE', #1526, #1746, #1214 ) ;
#522 = AXIS2_PLACEMENT_3D ( 'NONE', #1825, #2011, #21 ) ;
#523 = DIRECTION ( 'NONE',  ( 0.8493881131629322789, -0.5277628146696672351, -0.002498933665448046116 ) ) ;
#524 = AXIS2_PLACEMENT_3D ( 'NONE', #578, #2192, #587 ) ;
#525 = AXIS2_PLACEMENT_3D ( 'NONE', #1553, #1051, #2269 ) ;
#526 = AXIS2_PLACEMENT_3D ( 'NONE', #1906, #876, #462 ) ;
#527 = VECTOR ( 'NONE', #1869, 1.000000000000000000 ) ;
#528 = LINE ( 'NONE', #1014, #373 ) ;
#529 = CARTESIAN_POINT ( 'NONE',  ( -0.1272223452681754130, 0.2450325205437970111, 0.1043033133829000120 ) ) ;
#530 = ADVANCED_FACE ( 'NONE', ( #266 ), #401, .T. ) ;
#531 = DIRECTION ( 'NONE',  ( 0.2446372591148599784, 0.3895179497536781499, 0.8879348952893223457 ) ) ;
#532 = APPLICATION_PROTOCOL_DEFINITION ( 'international standard', 'config_control_design', 1994, #2124 ) ;
#533 = CARTESIAN_POINT ( 'NONE',  ( -0.1274266767950023860, 0.2446931541138230026, 0.1065235452893446011 ) ) ;
#534 = VERTEX_POINT ( 'NONE', #1677 ) ;
#535 = ORIENTED_EDGE ( 'NONE', *, *, #664, .T. ) ;
#536 = CARTESIAN_POINT ( 'NONE',  ( -0.1159327982164584103, 0.2632401934595189896, 0.09624962306595390149 ) ) ;
#537 = CC_DESIGN_PERSON_AND_ORGANIZATION_ASSIGNMENT ( #1097, #1062, ( #825 ) ) ;
#538 = DIRECTION ( 'NONE',  ( -0.8493881131629322789, 0.5277628146696672351, 0.002498933665448046116 ) ) ;
#540 = EDGE_CURVE ( 'NONE', #1160, #1815, #797, .T. ) ;
#539 = CARTESIAN_POINT ( 'NONE',  ( -0.1308242292476541890, 0.2468042053725020002, 0.1065335410240063896 ) ) ;
#541 = CARTESIAN_POINT ( 'NONE',  ( -0.1296899081920170060, 0.2486532110094370196, 0.1015883925027463996 ) ) ;
#542 = CARTESIAN_POINT ( 'NONE',  ( -0.1268958823556350091, 0.2455268020993094935, 0.1108782347387659989 ) ) ;
#543 = ADVANCED_FACE ( 'NONE', ( #1146 ), #2223, .F. ) ;
#544 = ORIENTED_EDGE ( 'NONE', *, *, #1255, .F. ) ;
#545 = EDGE_LOOP ( 'NONE', ( #1823, #666, #2280, #2238 ) ) ;
#546 = ORIENTED_EDGE ( 'NONE', *, *, #588, .T. ) ;
#547 = LINE ( 'NONE', #1256, #1645 ) ;
#548 = ORIENTED_EDGE ( 'NONE', *, *, #1298, .T. ) ;
#549 = CARTESIAN_POINT ( 'NONE',  ( -0.1284556290863929917, 0.2430274710681895045, 0.1085667076441280132 ) ) ;
#550 = DIRECTION ( 'NONE',  ( -0.8493881131629322789, 0.5277628146696672351, 0.002498933665448046116 ) ) ;
#551 = CARTESIAN_POINT ( 'NONE',  ( -0.1328156629858189830, 0.2359159918880519846, 0.1285005306594401986 ) ) ;
#552 = APPROVAL_DATE_TIME ( #1449, #127 ) ;
#553 = DIRECTION ( 'NONE',  ( 0.8493881131629322789, -0.5277628146696672351, -0.002498933665448046116 ) ) ;
#554 = VERTEX_POINT ( 'NONE', #1848 ) ;
#555 = VERTEX_POINT ( 'NONE', #453 ) ;
#556 = CARTESIAN_POINT ( 'NONE',  ( -0.1266516026230549985, 0.2535800394412184855, 0.09378658231941060242 ) ) ;
#557 = AXIS2_PLACEMENT_3D ( 'NONE', #483, #816, #850 ) ;
#558 = ADVANCED_FACE ( 'NONE', ( #1871 ), #228, .F. ) ;
#559 = AXIS2_PLACEMENT_3D ( 'NONE', #925, #1632, #1785 ) ;
#560 = AXIS2_PLACEMENT_3D ( 'NONE', #1693, #439, #78 ) ;
#561 = CARTESIAN_POINT ( 'NONE',  ( -0.1241523689921174012, 0.2575367298829795426, 0.1076425939030544038 ) ) ;
#562 = VECTOR ( 'NONE', #1006, 1.000000000000000000 ) ;
#563 = CIRCLE ( 'NONE', #864, 0.01209275000000000107 ) ;
#564 = VECTOR ( 'NONE', #1700, 1.000000000000000000 ) ;
#565 = DIRECTION ( 'NONE',  ( -0.8493881131629322789, 0.5277628146696672351, 0.002498933665448046116 ) ) ;
#566 = CYLINDRICAL_SURFACE ( 'NONE', #336, 0.005400000000000000286 ) ;
#567 = SHAPE_DEFINITION_REPRESENTATION ( #1549, #1465 ) ;
#568 = AXIS2_PLACEMENT_3D ( 'NONE', #703, #1106, #2 ) ;
#569 = DIRECTION ( 'NONE',  ( 0.8493881131629322789, -0.5277628146696672351, -0.002498933665448046116 ) ) ;
#570 = ORIENTED_EDGE ( 'NONE', *, *, #839, .F. ) ;
#571 = ORIENTED_EDGE ( 'NONE', *, *, #1035, .F. ) ;
#572 = DIRECTION ( 'NONE',  ( 0.8493881131629322789, -0.5277628146696672351, -0.002498933665448046116 ) ) ;
#573 = EDGE_CURVE ( 'NONE', #277, #815, #1200, .T. ) ;
#574 = EDGE_LOOP ( 'NONE', ( #1493, #772, #1508, #169 ) ) ;
#575 = DIRECTION ( 'NONE',  ( -0.8493881131629322789, 0.5277628146696672351, 0.002498933665448046116 ) ) ;
#576 = EDGE_CURVE ( 'NONE', #2087, #805, #182, .T. ) ;
#577 =( NAMED_UNIT ( * ) PLANE_ANGLE_UNIT ( ) SI_UNIT ( $, .RADIAN. ) );
#578 = CARTESIAN_POINT ( 'NONE',  ( -0.1275015292307951909, 0.2521986809249194827, 0.09663263663960600103 ) ) ;
#579 = CARTESIAN_POINT ( 'NONE',  ( -0.1192678162705848033, 0.2578867726638514601, 0.09329305593968680033 ) ) ;
#580 = EDGE_LOOP ( 'NONE', ( #2024, #2259, #1835, #1629 ) ) ;
#581 = CARTESIAN_POINT ( 'NONE',  ( -0.1176434379419083881, 0.2604758411309079924, 0.09862076123051639887 ) ) ;
#582 = CARTESIAN_POINT ( 'NONE',  ( -0.1241523689921174012, 0.2575367298829795426, 0.1076425939030544038 ) ) ;
#583 = ORIENTED_EDGE ( 'NONE', *, *, #1547, .T. ) ;
#584 = CARTESIAN_POINT ( 'NONE',  ( -0.1207548165394655981, 0.2554256786243009891, 0.1076325981683926014 ) ) ;
#585 = DIRECTION ( 'NONE',  ( 0.2446372591148603393, 0.3895179497536781499, 0.8879348952893222346 ) ) ;
#586 = DIRECTION ( 'NONE',  ( -0.8493881131629322789, 0.5277628146696672351, 0.002498933665448046116 ) ) ;
#587 = DIRECTION ( 'NONE',  ( 0.2446372591148604503, 0.3895179497536745972, 0.8879348952893237890 ) ) ;
#588 = EDGE_CURVE ( 'NONE', #1158, #44, #1837, .T. ) ;
#589 = AXIS2_PLACEMENT_3D ( 'NONE', #639, #1350, #2070 ) ;
#590 = CARTESIAN_POINT ( 'NONE',  ( -0.1241523689921174012, 0.2575367298829795426, 0.1076425939030544038 ) ) ;
#591 = EDGE_LOOP ( 'NONE', ( #2083, #1841, #1155, #1707 ) ) ;
#592 = DIRECTION ( 'NONE',  ( 0.2446372591148586739, 0.3895179497536804814, 0.8879348952893216795 ) ) ;
#593 = ORIENTED_EDGE ( 'NONE', *, *, #326, .T. ) ;
#594 = ORIENTED_EDGE ( 'NONE', *, *, #820, .T. ) ;
#595 = CYLINDRICAL_SURFACE ( 'NONE', #2101, 0.001300000000000009481 ) ;
#596 = ORIENTED_EDGE ( 'NONE', *, *, #679, .F. ) ;
#597 = DIRECTION ( 'NONE',  ( -0.8493881131629322789, 0.5277628146696672351, 0.002498933665448046116 ) ) ;
#598 = CIRCLE ( 'NONE', #1874, 0.01462500000000001472 ) ;
#599 = AXIS2_PLACEMENT_3D ( 'NONE', #149, #875, #480 ) ;
#600 = AXIS2_PLACEMENT_3D ( 'NONE', #475, #128, #144 ) ;
#601 = CIRCLE ( 'NONE', #1349, 0.01462500000000001472 ) ;
#602 = CYLINDRICAL_SURFACE ( 'NONE', #323, 0.01462500000000001472 ) ;
#603 = AXIS2_PLACEMENT_3D ( 'NONE', #239, #417, #621 ) ;
#604 = AXIS2_PLACEMENT_3D ( 'NONE', #281, #2199, #2227 ) ;
#605 = AXIS2_PLACEMENT_3D ( 'NONE', #100, #868, #284 ) ;
#606 = AXIS2_PLACEMENT_3D ( 'NONE', #1907, #285, #856 ) ;
#607 = DIRECTION ( 'NONE',  ( -0.8493881131629322789, 0.5277628146696672351, 0.002498933665448046116 ) ) ;
#608 = EDGE_CURVE ( 'NONE', #1279, #1887, #788, .T. ) ;
#609 = EDGE_CURVE ( 'NONE', #774, #1387, #861, .T. ) ;
#610 = ORIENTED_EDGE ( 'NONE', *, *, #609, .T. ) ;
#611 = CARTESIAN_POINT ( 'NONE',  ( -0.1262923557393652030, 0.2465421597507585216, 0.1015783967680845973 ) ) ;
#612 = LINE ( 'NONE', #1872, #2131 ) ;
#613 = ORIENTED_EDGE ( 'NONE', *, *, #2305, .F. ) ;
#614 = CARTESIAN_POINT ( 'NONE',  ( -0.1189684395960298596, 0.2583159623388390225, 0.1044084521627909462 ) ) ;
#615 = ORIENTED_EDGE ( 'NONE', *, *, #1360, .T. ) ;
#616 = CARTESIAN_POINT ( 'NONE',  ( -0.1271107062072786287, 0.2528263866960957507, 0.09690501919804445086 ) ) ;
#617 = FACE_OUTER_BOUND ( 'NONE', #1786, .T. ) ;
#618 = EDGE_CURVE ( 'NONE', #554, #1733, #2172, .T. ) ;
#619 = DIRECTION ( 'NONE',  ( -0.8493881131629322789, 0.5277628146696672351, 0.002498933665448046116 ) ) ;
#620 = EDGE_LOOP ( 'NONE', ( #626, #1003, #510, #710 ) ) ;
#621 = DIRECTION ( 'NONE',  ( 0.2446372591148599784, 0.3895179497536781499, 0.8879348952893223457 ) ) ;
#622 = CARTESIAN_POINT ( 'NONE',  ( -0.1241523689921174012, 0.2575367298829795426, 0.1076425939030544038 ) ) ;
#623 = ORIENTED_EDGE ( 'NONE', *, *, #316, .F. ) ;
#624 = EDGE_CURVE ( 'NONE', #1771, #1489, #1000, .T. ) ;
#625 = DIRECTION ( 'NONE',  ( -0.8493881131629322789, 0.5277628146696672351, 0.002498933665448046116 ) ) ;
#626 = ORIENTED_EDGE ( 'NONE', *, *, #906, .T. ) ;
#627 = DIRECTION ( 'NONE',  ( -0.8493881131629322789, 0.5277628146696672351, 0.002498933665448046116 ) ) ;
#628 = DIRECTION ( 'NONE',  ( -0.8493881131629322789, 0.5277628146696672351, 0.002498933665448046116 ) ) ;
#629 = CARTESIAN_POINT ( 'NONE',  ( -0.1176434379419083881, 0.2604758411309079924, 0.09862076123051639887 ) ) ;
#630 = ORIENTED_EDGE ( 'NONE', *, *, #1428, .F. ) ;
#631 = CARTESIAN_POINT ( 'NONE',  ( -0.1241523689921174012, 0.2575367298829795426, 0.1076425939030544038 ) ) ;
#632 = CARTESIAN_POINT ( 'NONE',  ( -0.1284565470678462051, 0.2506671685796815208, 0.09546992765474859866 ) ) ;
#633 = PRODUCT_DEFINITION_FORMATION_WITH_SPECIFIED_SOURCE ( 'ANY', '', #825, .NOT_KNOWN. ) ;
#634 = ORIENTED_EDGE ( 'NONE', *, *, #874, .T. ) ;
#635 = DIRECTION ( 'NONE',  ( 0.8493881131629322789, -0.5277628146696672351, -0.002498933665448046116 ) ) ;
#636 = ORIENTED_EDGE ( 'NONE', *, *, #354, .F. ) ;
#637 = DIRECTION ( 'NONE',  ( 0.8493881131629322789, -0.5277628146696672351, -0.002498933665448046116 ) ) ;
#638 = EDGE_CURVE ( 'NONE', #1054, #1160, #1608, .T. ) ;
#639 = CARTESIAN_POINT ( 'NONE',  ( 0.000000000000000000, 0.000000000000000000, 0.000000000000000000 ) ) ;
#640 = CIRCLE ( 'NONE', #1013, 0.01209275000000000107 ) ;
#641 = DIRECTION ( 'NONE',  ( 0.2446372591148603393, 0.3895179497536781499, 0.8879348952893222346 ) ) ;
#642 = DIRECTION ( 'NONE',  ( -0.8493881131629322789, 0.5277628146696672351, 0.002498933665448046116 ) ) ;
#643 = CIRCLE ( 'NONE', #830, 0.01462500000000001472 ) ;
#644 = ORIENTED_EDGE ( 'NONE', *, *, #776, .T. ) ;
#645 = CARTESIAN_POINT ( 'NONE',  ( -0.1170980671714573901, 0.2613576927017619567, 0.09774958265657258949 ) ) ;
#646 = ORIENTED_EDGE ( 'NONE', *, *, #847, .T. ) ;
#647 = ORIENTED_EDGE ( 'NONE', *, *, #1565, .F. ) ;
#648 = VECTOR ( 'NONE', #2147, 1.000000000000000000 ) ;
#649 = DIRECTION ( 'NONE',  ( 0.2446372591148599784, 0.3895179497536781499, 0.8879348952893223457 ) ) ;
#650 = ORIENTED_EDGE ( 'NONE', *, *, #1321, .F. ) ;
#651 = EDGE_CURVE ( 'NONE', #1741, #312, #38, .T. ) ;
#652 = FACE_BOUND ( 'NONE', #2245, .T. ) ;
#653 = EDGE_CURVE ( 'NONE', #1443, #277, #528, .T. ) ;
#654 = CARTESIAN_POINT ( 'NONE',  ( -0.1265539276897560128, 0.2461227445423380122, 0.1012485142670663946 ) ) ;
#655 = CARTESIAN_POINT ( 'NONE',  ( -0.1185764757162724031, 0.2589852687165579703, 0.09628276327110819877 ) ) ;
#656 = LINE ( 'NONE', #1540, #1345 ) ;
#657 = EDGE_LOOP ( 'NONE', ( #697, #1486, #933, #1038 ) ) ;
#658 = ORIENTED_EDGE ( 'NONE', *, *, #172, .F. ) ;
#659 = CARTESIAN_POINT ( 'NONE',  ( -0.1262567743724026248, 0.2541400728337619985, 0.1097124245447800017 ) ) ;
#660 = ORIENTED_EDGE ( 'NONE', *, *, #1960, .T. ) ;
#661 = ORIENTED_EDGE ( 'NONE', *, *, #1403, .T. ) ;
#662 = DIRECTION ( 'NONE',  ( -0.2446372591148604503, -0.3895179497536745972, -0.8879348952893237890 ) ) ;
#663 = CARTESIAN_POINT ( 'NONE',  ( -0.1208063343184310051, 0.2629737864562839977, 0.09668023705303720183 ) ) ;
#664 = EDGE_CURVE ( 'NONE', #1824, #1939, #1352, .T. ) ;
#665 = DIRECTION ( 'NONE',  ( 0.8493881131629322789, -0.5277628146696672351, -0.002498933665448046116 ) ) ;
#666 = ORIENTED_EDGE ( 'NONE', *, *, #384, .F. ) ;
#667 = DIRECTION ( 'NONE',  ( -0.8493881131629322789, 0.5277628146696672351, 0.002498933665448046116 ) ) ;
#668 = ORIENTED_EDGE ( 'NONE', *, *, #1992, .T. ) ;
#669 = ORIENTED_EDGE ( 'NONE', *, *, #1690, .T. ) ;
#670 = LOCAL_TIME ( 12, 31, 15.00000000000000000, #176 ) ;
#671 = DIRECTION ( 'NONE',  ( 0.8493881131629322789, -0.5277628146696672351, -0.002498933665448046116 ) ) ;
#672 = EDGE_CURVE ( 'NONE', #724, #865, #1459, .T. ) ;
#673 = CARTESIAN_POINT ( 'NONE',  ( -0.1207548165394655981, 0.2554256786243009891, 0.1076325981683926014 ) ) ;
#674 = DIRECTION ( 'NONE',  ( 0.8493881131629322789, -0.5277628146696672351, -0.002498933665448046116 ) ) ;
#675 = VECTOR ( 'NONE', #983, 1.000000000000000000 ) ;
#676 = EDGE_CURVE ( 'NONE', #18, #1479, #1685, .T. ) ;
#677 = CIRCLE ( 'NONE', #2135, 0.01209275000000001321 ) ;
#678 = CYLINDRICAL_SURFACE ( 'NONE', #1201, 0.005400000000000000286 ) ;
#679 = EDGE_CURVE ( 'NONE', #1909, #1454, #1412, .T. ) ;
#680 = ORIENTED_EDGE ( 'NONE', *, *, #887, .T. ) ;
#681 = CIRCLE ( 'NONE', #2216, 0.005400000000000000286 ) ;
#682 = ORIENTED_EDGE ( 'NONE', *, *, #930, .T. ) ;
#683 = VECTOR ( 'NONE', #204, 1.000000000000000000 ) ;
#684 = CIRCLE ( 'NONE', #1987, 0.005400000000000000286 ) ;
#685 = DIRECTION ( 'NONE',  ( -0.8493881131629322789, 0.5277628146696672351, 0.002498933665448046116 ) ) ;
#686 = FACE_BOUND ( 'NONE', #115, .T. ) ;
#687 = LINE ( 'NONE', #2107, #857 ) ;
#688 = CARTESIAN_POINT ( 'NONE',  ( -0.1184885453606923933, 0.2591294827071375373, 0.09571300714410949095 ) ) ;
#689 = ORIENTED_EDGE ( 'NONE', *, *, #57, .F. ) ;
#690 = ORIENTED_EDGE ( 'NONE', *, *, #1646, .T. ) ;
#691 = EDGE_CURVE ( 'NONE', #1387, #698, #1711, .T. ) ;
#692 = CYLINDRICAL_SURFACE ( 'NONE', #2133, 0.005400000000000000286 ) ;
#693 = FACE_OUTER_BOUND ( 'NONE', #63, .T. ) ;
#694 = DIRECTION ( 'NONE',  ( -0.8493881131629322789, 0.5277628146696672351, 0.002498933665448046116 ) ) ;
#695 = CARTESIAN_POINT ( 'NONE',  ( -0.1305345101372940020, 0.2472652745398700169, 0.1076335329951243897 ) ) ;
#696 = CARTESIAN_POINT ( 'NONE',  ( -0.1288878627225801821, 0.2499579993834179781, 0.09863877565357261068 ) ) ;
#697 = ORIENTED_EDGE ( 'NONE', *, *, #368, .T. ) ;
#698 = VERTEX_POINT ( 'NONE', #112 ) ;
#699 = CARTESIAN_POINT ( 'NONE',  ( -0.1318531815390447948, 0.2451385223268680025, 0.1085767033787897878 ) ) ;
#700 = CIRCLE ( 'NONE', #1078, 0.001300000000000009481 ) ;
#701 = CARTESIAN_POINT ( 'NONE',  ( -0.1303224495617971990, 0.2476213856115450085, 0.1045040183814060081 ) ) ;
#702 = EDGE_CURVE ( 'NONE', #2194, #912, #1918, .T. ) ;
#703 = CARTESIAN_POINT ( 'NONE',  ( -0.1241523689921174012, 0.2575367298829795426, 0.1076425939030544038 ) ) ;
#704 = CC_DESIGN_APPROVAL ( #127, ( #706 ) ) ;
#705 = CARTESIAN_POINT ( 'NONE',  ( -0.1241523689921174012, 0.2575367298829795426, 0.1076425939030544038 ) ) ;
#706 = PRODUCT_DEFINITION ( 'UNKNOWN', '', #633, #108 ) ;
#707 = DIRECTION ( 'NONE',  ( -0.8493881131629322789, 0.5277628146696672351, 0.002498933665448046116 ) ) ;
#708 = VERTEX_POINT ( 'NONE', #514 ) ;
#709 = ORIENTED_EDGE ( 'NONE', *, *, #125, .F. ) ;
#710 = ORIENTED_EDGE ( 'NONE', *, *, #1533, .T. ) ;
#711 = AXIS2_PLACEMENT_3D ( 'NONE', #1602, #1793, #377 ) ;
#712 = AXIS2_PLACEMENT_3D ( 'NONE', #867, #685, #496 ) ;
#713 = CARTESIAN_POINT ( 'NONE',  ( -0.1241523689921174012, 0.2575367298829795426, 0.1076425939030544038 ) ) ;
#714 = VECTOR ( 'NONE', #1995, 1.000000000000000000 ) ;
#715 = VECTOR ( 'NONE', #271, 1.000000000000000000 ) ;
#716 = EDGE_CURVE ( 'NONE', #745, #1358, #269, .T. ) ;
#717 = VECTOR ( 'NONE', #956, 1.000000000000000000 ) ;
#718 = CYLINDRICAL_SURFACE ( 'NONE', #1312, 0.01209275000000000107 ) ;
#719 = ADVANCED_FACE ( 'NONE', ( #1955 ), #2316, .T. ) ;
#720 = DIRECTION ( 'NONE',  ( 0.2446372591148599784, 0.3895179497536781499, 0.8879348952893223457 ) ) ;
#721 = CARTESIAN_POINT ( 'NONE',  ( -0.1296899081920170060, 0.2486532110094370196, 0.1015883925027463996 ) ) ;
#722 = DATE_TIME_ROLE ( 'classification_date' ) ;
#723 = CARTESIAN_POINT ( 'NONE',  ( -0.1207548165394655981, 0.2554256786243009891, 0.1076325981683926014 ) ) ;
#724 = VERTEX_POINT ( 'NONE', #1597 ) ;
#725 = ORIENTED_EDGE ( 'NONE', *, *, #1206, .T. ) ;
#726 = DIRECTION ( 'NONE',  ( -0.8493881131629322789, 0.5277628146696672351, 0.002498933665448046116 ) ) ;
#727 = ORIENTED_EDGE ( 'NONE', *, *, #2275, .T. ) ;
#728 = FACE_OUTER_BOUND ( 'NONE', #1225, .T. ) ;
#729 = DIRECTION ( 'NONE',  ( 0.2446372591148603393, 0.3895179497536781499, 0.8879348952893222346 ) ) ;
#730 = CARTESIAN_POINT ( 'NONE',  ( -0.1302096179650365781, 0.2477627465758985015, 0.1130007451811457925 ) ) ;
#731 = PERSON_AND_ORGANIZATION_ROLE ( 'classification_officer' ) ;
#732 = CYLINDRICAL_SURFACE ( 'NONE', #1917, 0.01209275000000000107 ) ;
#733 = ADVANCED_FACE ( 'NONE', ( #1228 ), #718, .T. ) ;
#734 = ORIENTED_EDGE ( 'NONE', *, *, #224, .T. ) ;
#735 = VERTEX_POINT ( 'NONE', #347 ) ;
#736 = VERTEX_POINT ( 'NONE', #275 ) ;
#737 = DIRECTION ( 'NONE',  ( 0.2446372591148604503, 0.3895179497536745972, 0.8879348952893237890 ) ) ;
#738 = CARTESIAN_POINT ( 'NONE',  ( -0.1145371920448491898, 0.2654732100147795260, 0.09901407836500999982 ) ) ;
#739 = DIRECTION ( 'NONE',  ( 0.2446372591148604503, 0.3895179497536745972, 0.8879348952893237890 ) ) ;
#740 = DIRECTION ( 'NONE',  ( 0.8493881131629322789, -0.5277628146696672351, -0.002498933665448046116 ) ) ;
#741 = EDGE_CURVE ( 'NONE', #1704, #302, #1755, .T. ) ;
#742 = DATE_AND_TIME ( #2159, #2200 ) ;
#743 = DIRECTION ( 'NONE',  ( -0.4317132968772846580, -0.6975128557275321883, 0.5719260838553951176 ) ) ;
#744 = ORIENTED_EDGE ( 'NONE', *, *, #515, .T. ) ;
#745 = VERTEX_POINT ( 'NONE', #2256 ) ;
#746 = VERTEX_POINT ( 'NONE', #1404 ) ;
#747 = EDGE_CURVE ( 'NONE', #77, #1576, #307, .T. ) ;
#748 = ADVANCED_FACE ( 'NONE', ( #693 ), #1943, .T. ) ;
#749 = CARTESIAN_POINT ( 'NONE',  ( -0.1186504111591804023, 0.2588223356735190328, 0.1055627675266670035 ) ) ;
#750 = VECTOR ( 'NONE', #279, 1.000000000000000000 ) ;
#751 = AXIS2_PLACEMENT_3D ( 'NONE', #197, #726, #914 ) ;
#752 = CIRCLE ( 'NONE', #1494, 0.01209275000000001321 ) ;
#753 = CARTESIAN_POINT ( 'NONE',  ( -0.1231764009684869071, 0.2515221204775887065, 0.1085481109473082767 ) ) ;
#754 = CIRCLE ( 'NONE', #1128, 0.005400000000000000286 ) ;
#755 = AXIS2_PLACEMENT_3D ( 'NONE', #1776, #1240, #1538 ) ;
#756 = CIRCLE ( 'NONE', #1757, 0.01209275000000001321 ) ;
#757 = LINE ( 'NONE', #395, #1716 ) ;
#758 = DIRECTION ( 'NONE',  ( 0.2446372591148604503, 0.3895179497536745972, 0.8879348952893237890 ) ) ;
#759 = AXIS2_PLACEMENT_3D ( 'NONE', #2157, #550, #376 ) ;
#760 = LINE ( 'NONE', #1082, #76 ) ;
#761 = ORIENTED_EDGE ( 'NONE', *, *, #125, .T. ) ;
#762 = CARTESIAN_POINT ( 'NONE',  ( -0.1258869560034932000, 0.2548031416813705263, 0.09537680801832879030 ) ) ;
#763 = DIRECTION ( 'NONE',  ( -0.8493881131629322789, 0.5277628146696672351, 0.002498933665448046116 ) ) ;
#764 = FACE_OUTER_BOUND ( 'NONE', #479, .T. ) ;
#765 = DIRECTION ( 'NONE',  ( -0.8493881131629322789, 0.5277628146696672351, 0.002498933665448046116 ) ) ;
#766 = CARTESIAN_POINT ( 'NONE',  ( -0.1207548165394655981, 0.2554256786243009891, 0.1076325981683926014 ) ) ;
#767 = CARTESIAN_POINT ( 'NONE',  ( -0.1315306591642568246, 0.2456593496472286586, 0.1082058967465834437 ) ) ;
#768 = CARTESIAN_POINT ( 'NONE',  ( -0.1270547890088654097, 0.2453069829558550130, 0.1032905773508330100 ) ) ;
#769 = VERTEX_POINT ( 'NONE', #738 ) ;
#770 = DIRECTION ( 'NONE',  ( -0.2446372591148604503, -0.3895179497536745972, -0.8879348952893237890 ) ) ;
#771 = DIRECTION ( 'NONE',  ( 0.8493881131629322789, -0.5277628146696672351, -0.002498933665448046116 ) ) ;
#772 = ORIENTED_EDGE ( 'NONE', *, *, #2277, .F. ) ;
#773 = CARTESIAN_POINT ( 'NONE',  ( -0.1207548165394655981, 0.2554256786243009891, 0.1076325981683926014 ) ) ;
#774 = VERTEX_POINT ( 'NONE', #1434 ) ;
#775 = DIRECTION ( 'NONE',  ( -0.8493881131629322789, 0.5277628146696672351, 0.002498933665448046116 ) ) ;
#776 = EDGE_CURVE ( 'NONE', #769, #2222, #681, .T. ) ;
#777 = CYLINDRICAL_SURFACE ( 'NONE', #1408, 0.01462500000000001472 ) ;
#778 = LINE ( 'NONE', #1846, #717 ) ;
#779 = VERTEX_POINT ( 'NONE', #1274 ) ;
#780 = DIRECTION ( 'NONE',  ( -0.8493881131629322789, 0.5277628146696672351, 0.002498933665448046116 ) ) ;
#781 = ORIENTED_EDGE ( 'NONE', *, *, #702, .T. ) ;
#782 = ORIENTED_EDGE ( 'NONE', *, *, #989, .T. ) ;
#783 = DIRECTION ( 'NONE',  ( -0.8493881131629322789, 0.5277628146696672351, 0.002498933665448046116 ) ) ;
#784 = ORIENTED_EDGE ( 'NONE', *, *, #2275, .F. ) ;
#785 = CYLINDRICAL_SURFACE ( 'NONE', #84, 0.01209275000000001321 ) ;
#786 = CIRCLE ( 'NONE', #2098, 0.005400000000000000286 ) ;
#787 = ADVANCED_FACE ( 'NONE', ( #31 ), #1991, .T. ) ;
#788 = CIRCLE ( 'NONE', #2134, 0.01209275000000000107 ) ;
#789 = CARTESIAN_POINT ( 'NONE',  ( -0.1207539671513523927, 0.2554251508614864830, 0.1076325956694589997 ) ) ;
#790 = AXIS2_PLACEMENT_3D ( 'NONE', #889, #2071, #1069 ) ;
#791 = CIRCLE ( 'NONE', #834, 0.01462500000000001472 ) ;
#792 = EDGE_CURVE ( 'NONE', #2251, #2313, #1472, .T. ) ;
#793 = CIRCLE ( 'NONE', #1388, 0.01209275000000000107 ) ;
#794 = AXIS2_PLACEMENT_3D ( 'NONE', #164, #565, #729 ) ;
#795 = DIRECTION ( 'NONE',  ( -0.8493881131629322789, 0.5277628146696672351, 0.002498933665448046116 ) ) ;
#796 = VERTEX_POINT ( 'NONE', #22 ) ;
#797 = LINE ( 'NONE', #1136, #2252 ) ;
#798 = DIRECTION ( 'NONE',  ( -0.8493881131629322789, 0.5277628146696672351, 0.002498933665448046116 ) ) ;
#799 = ORIENTED_EDGE ( 'NONE', *, *, #2035, .T. ) ;
#800 = CARTESIAN_POINT ( 'NONE',  ( -0.1152147630766622022, 0.2643535082856540153, 0.1051831720555050087 ) ) ;
#801 = VERTEX_POINT ( 'NONE', #2156 ) ;
#802 = DIRECTION ( 'NONE',  ( -0.8493881131629322789, 0.5277628146696672351, 0.002498933665448046116 ) ) ;
#803 = CARTESIAN_POINT ( 'NONE',  ( -0.1308242292476541890, 0.2468042053725020002, 0.1065335410240063896 ) ) ;
#804 = CARTESIAN_POINT ( 'NONE',  ( -0.1203327662724633929, 0.2637332410526965210, 0.09725295077571188829 ) ) ;
#805 = VERTEX_POINT ( 'NONE', #549 ) ;
#806 = CARTESIAN_POINT ( 'NONE',  ( -0.1254903102699286011, 0.2478469481247390083, 0.09862877991891080831 ) ) ;
#807 = DIRECTION ( 'NONE',  ( 0.2446372591148603393, 0.3895179497536781499, 0.8879348952893222346 ) ) ;
#808 = ORIENTED_EDGE ( 'NONE', *, *, #2166, .F. ) ;
#809 = ADVANCED_FACE ( 'NONE', ( #728 ), #1424, .T. ) ;
#810 = DIRECTION ( 'NONE',  ( -0.2446372591148604503, -0.3895179497536745972, -0.8879348952893237890 ) ) ;
#811 = ORIENTED_EDGE ( 'NONE', *, *, #72, .T. ) ;
#812 = CARTESIAN_POINT ( 'NONE',  ( -0.1299514801424077881, 0.2482337958010165102, 0.1012585100017281969 ) ) ;
#813 = DIRECTION ( 'NONE',  ( 0.8493881131629322789, -0.5277628146696672351, -0.002498933665448046116 ) ) ;
#814 = FACE_OUTER_BOUND ( 'NONE', #1554, .T. ) ;
#815 = VERTEX_POINT ( 'NONE', #2168 ) ;
#816 = DIRECTION ( 'NONE',  ( 0.8493881131629322789, -0.5277628146696672351, -0.002498933665448046116 ) ) ;
#817 = ORIENTED_EDGE ( 'NONE', *, *, #1033, .T. ) ;
#818 = AXIS2_PLACEMENT_3D ( 'NONE', #1070, #1249, #720 ) ;
#819 = ORIENTED_EDGE ( 'NONE', *, *, #1229, .F. ) ;
#820 = EDGE_CURVE ( 'NONE', #845, #1771, #563, .T. ) ;
#821 = CARTESIAN_POINT ( 'NONE',  ( -0.1162785511341847405, 0.2626823778509074780, 0.09653611216702806530 ) ) ;
#822 = ORIENTED_EDGE ( 'NONE', *, *, #394, .F. ) ;
#823 = EDGE_CURVE ( 'NONE', #1479, #18, #1880, .T. ) ;
#824 = DIRECTION ( 'NONE',  ( 0.2446372591148604503, 0.3895179497536745972, 0.8879348952893237890 ) ) ;
#825 = PRODUCT ( 'Gear', 'Gear', '', ( #99 ) ) ;
#826 = VECTOR ( 'NONE', #1589, 1.000000000000000000 ) ;
#827 = CARTESIAN_POINT ( 'NONE',  ( -0.1207548165394655981, 0.2554256786243009891, 0.1076325981683926014 ) ) ;
#828 = AXIS2_PLACEMENT_3D ( 'NONE', #2309, #14, #2123 ) ;
#829 = DIRECTION ( 'NONE',  ( -0.8493881131629322789, 0.5277628146696672351, 0.002498933665448046116 ) ) ;
#830 = AXIS2_PLACEMENT_3D ( 'NONE', #1922, #1030, #1930 ) ;
#831 = CYLINDRICAL_SURFACE ( 'NONE', #557, 0.005400000000000000286 ) ;
#832 = ORIENTED_EDGE ( 'NONE', *, *, #394, .T. ) ;
#833 = AXIS2_PLACEMENT_3D ( 'NONE', #1843, #1258, #1104 ) ;
#834 = AXIS2_PLACEMENT_3D ( 'NONE', #590, #2046, #1144 ) ;
#835 = LINE ( 'NONE', #138, #562 ) ;
#836 = ORIENTED_EDGE ( 'NONE', *, *, #676, .F. ) ;
#837 = EDGE_LOOP ( 'NONE', ( #178, #58, #52, #1032 ) ) ;
#838 = CARTESIAN_POINT ( 'NONE',  ( -0.1273615270900712027, 0.2524214791871164931, 0.09716547038639630762 ) ) ;
#839 = EDGE_CURVE ( 'NONE', #1924, #1781, #1975, .T. ) ;
#840 = DIRECTION ( 'NONE',  ( -0.2446372591148604503, -0.3895179497536745972, -0.8879348952893237890 ) ) ;
#841 = CARTESIAN_POINT ( 'NONE',  ( -0.1296511209627871919, 0.2487214354444349795, 0.1003635066901712031 ) ) ;
#842 = ORIENTED_EDGE ( 'NONE', *, *, #2302, .T. ) ;
#843 = DIRECTION ( 'NONE',  ( 0.2446372591148604503, 0.3895179497536745972, 0.8879348952893237890 ) ) ;
#844 = ORIENTED_EDGE ( 'NONE', *, *, #1821, .F. ) ;
#845 = VERTEX_POINT ( 'NONE', #1293 ) ;
#846 = DIRECTION ( 'NONE',  ( 0.2446372591148604503, 0.3895179497536745972, 0.8879348952893237890 ) ) ;
#847 = EDGE_CURVE ( 'NONE', #1911, #1135, #1650, .T. ) ;
#848 = ADVANCED_FACE ( 'NONE', ( #1660 ), #926, .T. ) ;
#849 = CARTESIAN_POINT ( 'NONE',  ( -0.1288878627225801821, 0.2499579993834179781, 0.09863877565357261068 ) ) ;
#850 = DIRECTION ( 'NONE',  ( -0.2446372591148604503, -0.3895179497536745972, -0.8879348952893237890 ) ) ;
#851 = DIRECTION ( 'NONE',  ( 0.8493881131629322789, -0.5277628146696672351, -0.002498933665448046116 ) ) ;
#852 = VERTEX_POINT ( 'NONE', #1633 ) ;
#853 = ORIENTED_EDGE ( 'NONE', *, *, #1646, .F. ) ;
#854 = APPROVAL_PERSON_ORGANIZATION ( #1429, #469, #1581 ) ;
#855 = DIRECTION ( 'NONE',  ( -0.8493881131629322789, 0.5277628146696672351, 0.002498933665448046116 ) ) ;
#856 = DIRECTION ( 'NONE',  ( 0.2446372591148586739, 0.3895179497536804814, 0.8879348952893216795 ) ) ;
#857 = VECTOR ( 'NONE', #1363, 1.000000000000000000 ) ;
#858 = DIRECTION ( 'NONE',  ( -0.8493881131629322789, 0.5277628146696672351, 0.002498933665448046116 ) ) ;
#859 = AXIS2_PLACEMENT_3D ( 'NONE', #1197, #1556, #2295 ) ;
#860 = ORIENTED_EDGE ( 'NONE', *, *, #1743, .F. ) ;
#861 = CIRCLE ( 'NONE', #1126, 0.001300000000000009481 ) ;
#862 = DIRECTION ( 'NONE',  ( 0.2446372591148586739, 0.3895179497536804814, 0.8879348952893216795 ) ) ;
#863 = ORIENTED_EDGE ( 'NONE', *, *, #917, .F. ) ;
#864 = AXIS2_PLACEMENT_3D ( 'NONE', #561, #1816, #585 ) ;
#865 = VERTEX_POINT ( 'NONE', #1092 ) ;
#866 = AXIS2_PLACEMENT_3D ( 'NONE', #673, #1043, #1548 ) ;
#867 = CARTESIAN_POINT ( 'NONE',  ( -0.1262567743724026248, 0.2541400728337619985, 0.1097124245447800017 ) ) ;
#868 = DIRECTION ( 'NONE',  ( -0.8493881131629322789, 0.5277628146696672351, 0.002498933665448046116 ) ) ;
#869 = FACE_OUTER_BOUND ( 'NONE', #1610, .T. ) ;
#870 = LINE ( 'NONE', #551, #486 ) ;
#871 = DIRECTION ( 'NONE',  ( 0.2446372591148625320, 0.3895179497536754298, 0.8879348952893229008 ) ) ;
#872 = ORIENTED_EDGE ( 'NONE', *, *, #172, .T. ) ;
#873 = ORIENTED_EDGE ( 'NONE', *, *, #1612, .T. ) ;
#874 = EDGE_CURVE ( 'NONE', #815, #1678, #1089, .T. ) ;
#875 = DIRECTION ( 'NONE',  ( 0.8493881131629322789, -0.5277628146696672351, -0.002498933665448046116 ) ) ;
#876 = DIRECTION ( 'NONE',  ( 0.8493881131629322789, -0.5277628146696672351, -0.002498933665448046116 ) ) ;
#877 = EDGE_CURVE ( 'NONE', #724, #92, #1804, .T. ) ;
#878 = CARTESIAN_POINT ( 'NONE',  ( -0.1307414407831467840, 0.2469217803395235000, 0.1098420890834284069 ) ) ;
#879 = CARTESIAN_POINT ( 'NONE',  ( -0.1193303506691101995, 0.2653512447181979872, 0.09625961880061570386 ) ) ;
#880 = DATE_AND_TIME ( #2299, #1592 ) ;
#881 = CARTESIAN_POINT ( 'NONE',  ( -0.1293830807857416221, 0.2491513519591364856, 0.1006741153195422067 ) ) ;
#882 = EDGE_LOOP ( 'NONE', ( #1962, #1392, #960, #872 ) ) ;
#883 = EDGE_CURVE ( 'NONE', #251, #362, #456, .T. ) ;
#884 = ORIENTED_EDGE ( 'NONE', *, *, #1211, .T. ) ;
#885 = ORIENTED_EDGE ( 'NONE', *, *, #576, .F. ) ;
#886 = LINE ( 'NONE', #556, #1083 ) ;
#887 = EDGE_CURVE ( 'NONE', #796, #2064, #1129, .T. ) ;
#888 = LOCAL_TIME ( 12, 31, 15.00000000000000000, #1438 ) ;
#889 = CARTESIAN_POINT ( 'NONE',  ( -0.1228592219197507940, 0.2520290215750830010, 0.1097024288101180051 ) ) ;
#890 = DIRECTION ( 'NONE',  ( -0.8493881131629322789, 0.5277628146696672351, 0.002498933665448046116 ) ) ;
#891 = FACE_OUTER_BOUND ( 'NONE', #1903, .T. ) ;
#892 = COORDINATED_UNIVERSAL_TIME_OFFSET ( 2, 0, .AHEAD. ) ;
#893 = LINE ( 'NONE', #40, #264 ) ;
#894 = CIRCLE ( 'NONE', #1308, 0.005400000000000000286 ) ;
#895 = EDGE_LOOP ( 'NONE', ( #1730, #2211, #799, #2201 ) ) ;
#896 = EDGE_LOOP ( 'NONE', ( #2000, #613, #1410, #2293 ) ) ;
#897 = ORIENTED_EDGE ( 'NONE', *, *, #1926, .F. ) ;
#898 = CIRCLE ( 'NONE', #1603, 0.005400000000000010694 ) ;
#899 = DIRECTION ( 'NONE',  ( -0.2446372591148603393, -0.3895179497536781499, -0.8879348952893222346 ) ) ;
#900 = AXIS2_PLACEMENT_3D ( 'NONE', #947, #1317, #1477 ) ;
#901 = VECTOR ( 'NONE', #1371, 1.000000000000000000 ) ;
#902 = VECTOR ( 'NONE', #1361, 1.000000000000000000 ) ;
#903 = AXIS2_PLACEMENT_3D ( 'NONE', #473, #1353, #1213 ) ;
#904 = DIRECTION ( 'NONE',  ( 0.2446372591148625320, 0.3895179497536754298, 0.8879348952893229008 ) ) ;
#905 = EDGE_CURVE ( 'NONE', #555, #779, #1946, .T. ) ;
#906 = EDGE_CURVE ( 'NONE', #1953, #1849, #338, .T. ) ;
#907 = CARTESIAN_POINT ( 'NONE',  ( -0.1281331067116052713, 0.2435482983885501052, 0.1081959010119216552 ) ) ;
#908 = CARTESIAN_POINT ( 'NONE',  ( -0.1207548165394655981, 0.2554256786243009891, 0.1076325981683926014 ) ) ;
#909 = PERSON_AND_ORGANIZATION ( #1463, #2161 ) ;
#910 = CARTESIAN_POINT ( 'NONE',  ( -0.1252824402243280233, 0.2481793822791734938, 0.09907535470981530812 ) ) ;
#911 = ORIENTED_EDGE ( 'NONE', *, *, #716, .T. ) ;
#912 = VERTEX_POINT ( 'NONE', #183 ) ;
#913 = ORIENTED_EDGE ( 'NONE', *, *, #46, .F. ) ;
#914 = DIRECTION ( 'NONE',  ( 0.2446372591148606446, 0.3895179497536777613, 0.8879348952893225677 ) ) ;
#915 = CARTESIAN_POINT ( 'NONE',  ( -0.1241523689921174012, 0.2575367298829795426, 0.1076425939030544038 ) ) ;
#916 = FACE_OUTER_BOUND ( 'NONE', #882, .T. ) ;
#917 = EDGE_CURVE ( 'NONE', #1824, #1517, #2029, .T. ) ;
#918 = DIRECTION ( 'NONE',  ( -0.2446372591148599784, -0.3895179497536781499, -0.8879348952893223457 ) ) ;
#919 = ADVANCED_FACE ( 'NONE', ( #2229 ), #1686, .T. ) ;
#920 = DATE_AND_TIME ( #1617, #1294 ) ;
#921 = DIRECTION ( 'NONE',  ( 0.2446372591148599784, 0.3895179497536781499, 0.8879348952893223457 ) ) ;
#922 = ORIENTED_EDGE ( 'NONE', *, *, #363, .T. ) ;
#923 = ORIENTED_EDGE ( 'NONE', *, *, #608, .F. ) ;
#924 = EDGE_LOOP ( 'NONE', ( #2187, #1620, #842, #1252 ) ) ;
#925 = CARTESIAN_POINT ( 'NONE',  ( -0.1374275528710939831, 0.2360882095693579985, 0.1252293209816078001 ) ) ;
#926 = CYLINDRICAL_SURFACE ( 'NONE', #2137, 0.01462500000000001472 ) ;
#927 = LINE ( 'NONE', #1634, #254 ) ;
#928 = LINE ( 'NONE', #36, #449 ) ;
#929 = CARTESIAN_POINT ( 'NONE',  ( -0.1210409903945602050, 0.2625868923895864904, 0.09863075696517820123 ) ) ;
#930 = EDGE_CURVE ( 'NONE', #1191, #1158, #223, .T. ) ;
#931 = ORIENTED_EDGE ( 'NONE', *, *, #1461, .T. ) ;
#932 = DIRECTION ( 'NONE',  ( -0.3035843581557836068, -0.4847083943432109465, -0.8203013531235745504 ) ) ;
#933 = ORIENTED_EDGE ( 'NONE', *, *, #1440, .F. ) ;
#934 = EDGE_LOOP ( 'NONE', ( #761, #1379, #1338, #1900 ) ) ;
#935 = CARTESIAN_POINT ( 'NONE',  ( -0.1369994376676428871, 0.2367698659814271023, 0.1267832070483641271 ) ) ;
#936 = AXIS2_PLACEMENT_3D ( 'NONE', #841, #508, #2090 ) ;
#937 = CIRCLE ( 'NONE', #859, 0.01462500000000001472 ) ;
#938 = AXIS2_PLACEMENT_3D ( 'NONE', #806, #2210, #2059 ) ;
#939 = CARTESIAN_POINT ( 'NONE',  ( -0.1219421543614833958, 0.2535739192164545019, 0.09513891912986259525 ) ) ;
#940 = CIRCLE ( 'NONE', #1754, 0.005400000000000000286 ) ;
#941 = AXIS2_PLACEMENT_3D ( 'NONE', #827, #1168, #1578 ) ;
#942 = CIRCLE ( 'NONE', #2288, 0.01209275000000001321 ) ;
#943 = DIRECTION ( 'NONE',  ( 0.2446372591148606446, 0.3895179497536800373, 0.8879348952893213465 ) ) ;
#944 = LINE ( 'NONE', #767, #2100 ) ;
#945 = CARTESIAN_POINT ( 'NONE',  ( -0.1241732546673950111, 0.2575603746578349895, 0.09554988505533580645 ) ) ;
#946 = ORIENTED_EDGE ( 'NONE', *, *, #1219, .F. ) ;
#947 = CARTESIAN_POINT ( 'NONE',  ( -0.1340300004184421800, 0.2339771583106795005, 0.1252193252469460116 ) ) ;
#948 = CARTESIAN_POINT ( 'NONE',  ( -0.1265748028092519850, 0.2536336994990821547, 0.1085581091809037363 ) ) ;
#949 = ORIENTED_EDGE ( 'NONE', *, *, #245, .F. ) ;
#950 = FACE_OUTER_BOUND ( 'NONE', #545, .T. ) ;
#951 = VERTEX_POINT ( 'NONE', #1010 ) ;
#952 = ADVANCED_FACE ( 'NONE', ( #273 ), #1855, .T. ) ;
#953 = CARTESIAN_POINT ( 'NONE',  ( -0.1176857743650435995, 0.2679594772299455085, 0.1044052660549120021 ) ) ;
#954 = CARTESIAN_POINT ( 'NONE',  ( -0.1299681688897671994, 0.2482224469684770063, 0.09798282007862649245 ) ) ;
#955 = DIRECTION ( 'NONE',  ( 0.8493881131629322789, -0.5277628146696672351, -0.002498933665448046116 ) ) ;
#956 = DIRECTION ( 'NONE',  ( 0.8493881131629322789, -0.5277628146696672351, -0.002498933665448046116 ) ) ;
#957 = ORIENTED_EDGE ( 'NONE', *, *, #2041, .T. ) ;
#958 = DIRECTION ( 'NONE',  ( 0.2446372591148604503, 0.3895179497536745972, 0.8879348952893237890 ) ) ;
#959 = FACE_OUTER_BOUND ( 'NONE', #1052, .T. ) ;
#960 = ORIENTED_EDGE ( 'NONE', *, *, #1559, .T. ) ;
#961 = CARTESIAN_POINT ( 'NONE',  ( -0.1226653687232363982, 0.2599978239225300136, 0.09330305167434860270 ) ) ;
#962 = ADVANCED_FACE ( 'NONE', ( #1531 ), #785, .T. ) ;
#963 = EDGE_LOOP ( 'NONE', ( #119, #808, #647, #2095 ) ) ;
#964 = LINE ( 'NONE', #98, #375 ) ;
#965 = ADVANCED_FACE ( 'NONE', ( #1511, #111, #652, #1161, #1721 ), #1698, .T. ) ;
#966 = DIRECTION ( 'NONE',  ( 0.8493881131629322789, -0.5277628146696672351, -0.002498933665448046116 ) ) ;
#967 = CARTESIAN_POINT ( 'NONE',  ( -0.1224212680955066024, 0.2603807467303839718, 0.09540144780543029224 ) ) ;
#968 = EDGE_LOOP ( 'NONE', ( #1584, #998, #1008, #725 ) ) ;
#969 = DIRECTION ( 'NONE',  ( 0.8493881131629322789, -0.5277628146696672351, -0.002498933665448046116 ) ) ;
#970 = CARTESIAN_POINT ( 'NONE',  ( -0.1207548165394655981, 0.2554256786243009891, 0.1076325981683926014 ) ) ;
#971 = ORIENTED_EDGE ( 'NONE', *, *, #540, .T. ) ;
#972 = DIRECTION ( 'NONE',  ( -0.2446372591148604503, -0.3895179497536745972, -0.8879348952893237890 ) ) ;
#973 = ORIENTED_EDGE ( 'NONE', *, *, #1893, .F. ) ;
#974 = CARTESIAN_POINT ( 'NONE',  ( -0.1207548165394655981, 0.2554256786243009891, 0.1076325981683926014 ) ) ;
#975 = CIRCLE ( 'NONE', #522, 0.005400000000000000286 ) ;
#976 = AXIS2_PLACEMENT_3D ( 'NONE', #1242, #517, #1950 ) ;
#977 = VECTOR ( 'NONE', #2142, 1.000000000000000000 ) ;
#978 = DIRECTION ( 'NONE',  ( 0.8493881131629322789, -0.5277628146696672351, -0.002498933665448046116 ) ) ;
#979 = CIRCLE ( 'NONE', #457, 0.005400000000000000286 ) ;
#980 = EDGE_CURVE ( 'NONE', #2096, #852, #1799, .T. ) ;
#981 = DIRECTION ( 'NONE',  ( -0.8493881131629322789, 0.5277628146696672351, 0.002498933665448046116 ) ) ;
#982 = ORIENTED_EDGE ( 'NONE', *, *, #588, .F. ) ;
#983 = DIRECTION ( 'NONE',  ( 0.8493881131629322789, -0.5277628146696672351, -0.002498933665448046116 ) ) ;
#984 = DIRECTION ( 'NONE',  ( -0.8493881131629322789, 0.5277628146696672351, 0.002498933665448046116 ) ) ;
#985 = ORIENTED_EDGE ( 'NONE', *, *, #306, .F. ) ;
#986 = CARTESIAN_POINT ( 'NONE',  ( -0.1241523689921174012, 0.2575367298829795426, 0.1076425939030544038 ) ) ;
#987 = VERTEX_POINT ( 'NONE', #1359 ) ;
#988 = DIRECTION ( 'NONE',  ( 0.2446372591148603393, 0.3895179497536781499, 0.8879348952893222346 ) ) ;
#989 = EDGE_CURVE ( 'NONE', #320, #1657, #793, .T. ) ;
#990 = DIRECTION ( 'NONE',  ( -0.8493881131629322789, 0.5277628146696672351, 0.002498933665448046116 ) ) ;
#991 = CARTESIAN_POINT ( 'NONE',  ( -0.1330514513819827382, 0.2355352301096942103, 0.1287710648281032988 ) ) ;
#992 = EDGE_CURVE ( 'NONE', #796, #249, #964, .T. ) ;
#993 = ORIENTED_EDGE ( 'NONE', *, *, #2136, .T. ) ;
#994 = FACE_OUTER_BOUND ( 'NONE', #580, .T. ) ;
#995 = CARTESIAN_POINT ( 'NONE',  ( -0.1193303506691101995, 0.2653512447181979872, 0.09625961880061570386 ) ) ;
#996 = ORIENTED_EDGE ( 'NONE', *, *, #106, .F. ) ;
#997 = CYLINDRICAL_SURFACE ( 'NONE', #604, 0.01462500000000001472 ) ;
#998 = ORIENTED_EDGE ( 'NONE', *, *, #883, .F. ) ;
#999 = CARTESIAN_POINT ( 'NONE',  ( -0.1097722655601685998, 0.2807472197193010000, 0.09349875118459639867 ) ) ;
#1000 = LINE ( 'NONE', #701, #902 ) ;
#1001 = DIRECTION ( 'NONE',  ( 0.2446372591148600895, 0.3895179497536777613, 0.8879348952893225677 ) ) ;
#1002 = CARTESIAN_POINT ( 'NONE',  ( -0.1207548165394655981, 0.2554256786243009891, 0.1076325981683926014 ) ) ;
#1003 = ORIENTED_EDGE ( 'NONE', *, *, #1503, .F. ) ;
#1004 =( GEOMETRIC_REPRESENTATION_CONTEXT ( 3 ) GLOBAL_UNCERTAINTY_ASSIGNED_CONTEXT ( ( #1184 ) ) GLOBAL_UNIT_ASSIGNED_CONTEXT ( ( #1818, #577, #2191 ) ) REPRESENTATION_CONTEXT ( 'NONE', 'WORKASPACE' ) );
#1005 = EDGE_LOOP ( 'NONE', ( #1593, #207, #615, #1772 ) ) ;
#1006 = DIRECTION ( 'NONE',  ( -0.8493881131629322789, 0.5277628146696672351, 0.002498933665448046116 ) ) ;
#1007 = ORIENTED_EDGE ( 'NONE', *, *, #2125, .T. ) ;
#1008 = ORIENTED_EDGE ( 'NONE', *, *, #354, .T. ) ;
#1009 = EDGE_CURVE ( 'NONE', #2050, #287, #1688, .T. ) ;
#1010 = CARTESIAN_POINT ( 'NONE',  ( -0.1301794079256959891, 0.2478802160424614931, 0.09846015592934570515 ) ) ;
#1011 = AXIS2_PLACEMENT_3D ( 'NONE', #766, #628, #1501 ) ;
#1012 = AXIS2_PLACEMENT_3D ( 'NONE', #4, #165, #1427 ) ;
#1013 = AXIS2_PLACEMENT_3D ( 'NONE', #1151, #256, #2112 ) ;
#1014 = CARTESIAN_POINT ( 'NONE',  ( -0.1143477025162329963, 0.2657757524966069540, 0.09952608931864079245 ) ) ;
#1015 = AXIS2_PLACEMENT_3D ( 'NONE', #1096, #1260, #918 ) ;
#1016 = DIRECTION ( 'NONE',  ( -0.8493881131629322789, 0.5277628146696672351, 0.002498933665448046116 ) ) ;
#1017 = CIRCLE ( 'NONE', #525, 0.001300000000000009481 ) ;
#1018 = DIRECTION ( 'NONE',  ( 0.2446372591148600895, 0.3895179497536777613, 0.8879348952893225677 ) ) ;
#1019 = ORIENTED_EDGE ( 'NONE', *, *, #1672, .F. ) ;
#1020 = AXIS2_PLACEMENT_3D ( 'NONE', #1058, #1766, #163 ) ;
#1021 = AXIS2_PLACEMENT_3D ( 'NONE', #2208, #1315, #1920 ) ;
#1022 = FACE_OUTER_BOUND ( 'NONE', #2303, .T. ) ;
#1023 = ORIENTED_EDGE ( 'NONE', *, *, #1335, .F. ) ;
#1024 = ORIENTED_EDGE ( 'NONE', *, *, #357, .T. ) ;
#1025 = DIRECTION ( 'NONE',  ( 0.2446372591148586739, 0.3895179497536804814, 0.8879348952893216795 ) ) ;
#1026 = EDGE_CURVE ( 'NONE', #1877, #1138, #684, .T. ) ;
#1027 = EDGE_CURVE ( 'NONE', #1924, #796, #1499, .T. ) ;
#1028 = FACE_BOUND ( 'NONE', #2109, .T. ) ;
#1029 = CARTESIAN_POINT ( 'NONE',  ( -0.1209793859448946018, 0.2626929345302259633, 0.09717453129432619685 ) ) ;
#1030 = DIRECTION ( 'NONE',  ( -0.8493881131629322789, 0.5277628146696672351, 0.002498933665448046116 ) ) ;
#1031 = VERTEX_POINT ( 'NONE', #2078 ) ;
#1032 = ORIENTED_EDGE ( 'NONE', *, *, #397, .T. ) ;
#1033 = EDGE_CURVE ( 'NONE', #230, #429, #1381, .T. ) ;
#1034 = CYLINDRICAL_SURFACE ( 'NONE', #117, 0.005400000000000000286 ) ;
#1035 = EDGE_CURVE ( 'NONE', #1323, #1750, #73, .T. ) ;
#1036 = DIRECTION ( 'NONE',  ( 0.2446372591148600895, 0.3895179497536777613, 0.8879348952893225677 ) ) ;
#1037 = DIRECTION ( 'NONE',  ( -0.8493881131629322789, 0.5277628146696672351, 0.002498933665448046116 ) ) ;
#1038 = ORIENTED_EDGE ( 'NONE', *, *, #57, .T. ) ;
#1039 = CARTESIAN_POINT ( 'NONE',  ( -0.1232540501704031954, 0.2514689881825399875, 0.09377658658474880005 ) ) ;
#1040 = ORIENTED_EDGE ( 'NONE', *, *, #2092, .F. ) ;
#1041 = ORIENTED_EDGE ( 'NONE', *, *, #1774, .T. ) ;
#1042 = DIRECTION ( 'NONE',  ( 0.2446372591148603393, 0.3895179497536781499, 0.8879348952893222346 ) ) ;
#1043 = DIRECTION ( 'NONE',  ( 0.8493881131629322789, -0.5277628146696672351, -0.002498933665448046116 ) ) ;
#1044 = AXIS2_PLACEMENT_3D ( 'NONE', #1713, #1373, #1571 ) ;
#1045 = EDGE_CURVE ( 'NONE', #1783, #1135, #369, .T. ) ;
#1046 = DIRECTION ( 'NONE',  ( 0.2446372591148600895, 0.3895179497536777613, 0.8879348952893225677 ) ) ;
#1047 = AXIS2_PLACEMENT_3D ( 'NONE', #1933, #1564, #322 ) ;
#1048 = CIRCLE ( 'NONE', #1268, 0.005400000000000000286 ) ;
#1049 = APPROVAL_DATE_TIME ( #742, #469 ) ;
#1050 = CIRCLE ( 'NONE', #185, 0.01462500000000001472 ) ;
#1051 = DIRECTION ( 'NONE',  ( -0.8493881131629322789, 0.5277628146696672351, 0.002498933665448046116 ) ) ;
#1052 = EDGE_LOOP ( 'NONE', ( #69, #636, #206, #147 ) ) ;
#1053 = AXIS2_PLACEMENT_3D ( 'NONE', #1965, #393, #904 ) ;
#1054 = VERTEX_POINT ( 'NONE', #616 ) ;
#1055 = CIRCLE ( 'NONE', #225, 0.005400000000000000286 ) ;
#1056 = FACE_OUTER_BOUND ( 'NONE', #102, .T. ) ;
#1057 = EDGE_CURVE ( 'NONE', #1657, #2228, #1875, .T. ) ;
#1058 = CARTESIAN_POINT ( 'NONE',  ( -0.1241523689921174012, 0.2575367298829795426, 0.1076425939030544038 ) ) ;
#1060 = EDGE_CURVE ( 'NONE', #44, #1401, #640, .T. ) ;
#1059 = DIRECTION ( 'NONE',  ( 0.8493881131629322789, -0.5277628146696672351, -0.002498933665448046116 ) ) ;
#1061 = PLANE ( 'NONE',  #1752 ) ;
#1062 = PERSON_AND_ORGANIZATION_ROLE ( 'design_owner' ) ;
#1063 = LINE ( 'NONE', #1073, #121 ) ;
#1064 = EDGE_CURVE ( 'NONE', #353, #92, #1304, .T. ) ;
#1065 = ORIENTED_EDGE ( 'NONE', *, *, #679, .T. ) ;
#1066 = ORIENTED_EDGE ( 'NONE', *, *, #184, .T. ) ;
#1067 = ORIENTED_EDGE ( 'NONE', *, *, #46, .T. ) ;
#1068 = CYLINDRICAL_SURFACE ( 'NONE', #1047, 0.01462500000000001472 ) ;
#1069 = DIRECTION ( 'NONE',  ( 0.2446372591148586739, 0.3895179497536804814, 0.8879348952893216795 ) ) ;
#1070 = CARTESIAN_POINT ( 'NONE',  ( -0.1241523689921174012, 0.2575367298829795426, 0.1076425939030544038 ) ) ;
#1071 = CARTESIAN_POINT ( 'NONE',  ( -0.1207548165394655981, 0.2554256786243009891, 0.1076325981683926014 ) ) ;
#1072 = APPROVAL_STATUS ( 'not_yet_approved' ) ;
#1073 = CARTESIAN_POINT ( 'NONE',  ( -0.1190775753446094015, 0.2657561602434470038, 0.09666178978930020649 ) ) ;
#1074 = ORIENTED_EDGE ( 'NONE', *, *, #2092, .T. ) ;
#1075 = EDGE_LOOP ( 'NONE', ( #593, #596, #913, #2267 ) ) ;
#1076 = DIRECTION ( 'NONE',  ( -0.8493881131629322789, 0.5277628146696672351, 0.002498933665448046116 ) ) ;
#1077 = EDGE_CURVE ( 'NONE', #746, #735, #937, .T. ) ;
#1078 = AXIS2_PLACEMENT_3D ( 'NONE', #1868, #2055, #1483 ) ;
#1079 = DIRECTION ( 'NONE',  ( -0.8493881131629322789, 0.5277628146696672351, 0.002498933665448046116 ) ) ;
#1080 = DIRECTION ( 'NONE',  ( -0.8493881131629322789, 0.5277628146696672351, 0.002498933665448046116 ) ) ;
#1081 = CYLINDRICAL_SURFACE ( 'NONE', #1534, 0.005400000000000000286 ) ;
#1082 = CARTESIAN_POINT ( 'NONE',  ( -0.1152381630148434088, 0.2643328422726989868, 0.1015940907209819943 ) ) ;
#1083 = VECTOR ( 'NONE', #1270, 1.000000000000000000 ) ;
#1084 = EDGE_LOOP ( 'NONE', ( #41, #1409, #1481, #2025, #957, #65, #2232, #922, #1343, #491, #1528, #2145, #364, #1067, #168, #1695, #2179, #388, #680, #2091, #781, #215, #1331, #344, #1024, #243, #782, #1999, #1150, #1642, #2039, #2235, #2217, #583, #594, #1074, #1833, #1085, #240, #252, #884, #682, #546, #1316, #1555, #1969, #290, #1300, #2197, #1216, #1280, #1505, #634, #1890, #1099 ) ) ;
#1085 = ORIENTED_EDGE ( 'NONE', *, *, #1026, .T. ) ;
#1086 = AXIS2_PLACEMENT_3D ( 'NONE', #1119, #42, #1860 ) ;
#1087 = AXIS2_PLACEMENT_3D ( 'NONE', #1365, #1390, #862 ) ;
#1088 = PLANE ( 'NONE',  #181 ) ;
#1089 = CIRCLE ( 'NONE', #1351, 0.005400000000000000286 ) ;
#1090 = ORIENTED_EDGE ( 'NONE', *, *, #2035, .F. ) ;
#1091 = AXIS2_PLACEMENT_3D ( 'NONE', #1904, #1894, #283 ) ;
#1092 = CARTESIAN_POINT ( 'NONE',  ( -0.1225411934829013921, 0.2525353949097629003, 0.1108567441739942011 ) ) ;
#1093 = ADVANCED_FACE ( 'NONE', ( #346 ), #692, .T. ) ;
#1094 = ADVANCED_FACE ( 'NONE', ( #2273 ), #1411, .F. ) ;
#1095 = CARTESIAN_POINT ( 'NONE',  ( -0.1250044472373220139, 0.2562342398953929568, 0.09310065085900810777 ) ) ;
#1096 = CARTESIAN_POINT ( 'NONE',  ( -0.1241523689921174012, 0.2575367298829795426, 0.1076425939030544038 ) ) ;
#1097 = PERSON_AND_ORGANIZATION ( #1463, #2161 ) ;
#1098 = DIRECTION ( 'NONE',  ( -0.8493881131629322789, 0.5277628146696672351, 0.002498933665448046116 ) ) ;
#1099 = ORIENTED_EDGE ( 'NONE', *, *, #608, .T. ) ;
#1100 = VERTEX_POINT ( 'NONE', #1218 ) ;
#1101 = EDGE_LOOP ( 'NONE', ( #332, #2110 ) ) ;
#1102 = LINE ( 'NONE', #2315, #2253 ) ;
#1103 = ORIENTED_EDGE ( 'NONE', *, *, #1612, .F. ) ;
#1104 = DIRECTION ( 'NONE',  ( -0.2446372591148599784, -0.3895179497536781499, -0.8879348952893223457 ) ) ;
#1105 = EDGE_CURVE ( 'NONE', #1643, #1621, #1639, .T. ) ;
#1106 = DIRECTION ( 'NONE',  ( -0.8493881131629322789, 0.5277628146696672351, 0.002498933665448046116 ) ) ;
#1107 = DIRECTION ( 'NONE',  ( 0.8493881131629322789, -0.5277628146696672351, -0.002498933665448046116 ) ) ;
#1108 = DIRECTION ( 'NONE',  ( 0.2446372591148599784, 0.3895179497536781499, 0.8879348952893223457 ) ) ;
#1109 = VERTEX_POINT ( 'NONE', #1402 ) ;
#1110 = ORIENTED_EDGE ( 'NONE', *, *, #1368, .T. ) ;
#1111 = ORIENTED_EDGE ( 'NONE', *, *, #231, .F. ) ;
#1112 = CARTESIAN_POINT ( 'NONE',  ( -0.1344581156218931928, 0.2332955018986105633, 0.1236654391801896985 ) ) ;
#1113 = DIRECTION ( 'NONE',  ( 0.8493881131629322789, -0.5277628146696672351, -0.002498933665448046116 ) ) ;
#1114 = AXIS2_PLACEMENT_3D ( 'NONE', #436, #586, #1296 ) ;
#1115 = LINE ( 'NONE', #2183, #1417 ) ;
#1116 = CARTESIAN_POINT ( 'NONE',  ( -0.1196343949095831916, 0.2648482929492869675, 0.09913591662696930040 ) ) ;
#1117 = ADVANCED_FACE ( 'NONE', ( #2099 ), #1068, .T. ) ;
#1118 = ORIENTED_EDGE ( 'NONE', *, *, #1715, .F. ) ;
#1119 = CARTESIAN_POINT ( 'NONE',  ( -0.1241523689921174012, 0.2575367298829795426, 0.1076425939030544038 ) ) ;
#1120 = CYLINDRICAL_SURFACE ( 'NONE', #1490, 0.01209275000000000107 ) ;
#1121 = ORIENTED_EDGE ( 'NONE', *, *, #154, .F. ) ;
#1122 = CYLINDRICAL_SURFACE ( 'NONE', #2174, 0.01462500000000001472 ) ;
#1123 = VERTEX_POINT ( 'NONE', #2118 ) ;
#1124 = CIRCLE ( 'NONE', #1722, 0.01209275000000001321 ) ;
#1125 = CIRCLE ( 'NONE', #148, 0.005400000000000000286 ) ;
#1126 = AXIS2_PLACEMENT_3D ( 'NONE', #2195, #428, #592 ) ;
#1127 = DIRECTION ( 'NONE',  ( 0.2446372591148604503, 0.3895179497536745972, 0.8879348952893237890 ) ) ;
#1128 = AXIS2_PLACEMENT_3D ( 'NONE', #67, #783, #1492 ) ;
#1129 = CIRCLE ( 'NONE', #2287, 0.005400000000000000286 ) ;
#1130 = VECTOR ( 'NONE', #607, 1.000000000000000000 ) ;
#1131 = CARTESIAN_POINT ( 'NONE',  ( -0.1162368424569314024, 0.2627372416906080255, 0.09912592089230749803 ) ) ;
#1132 = CARTESIAN_POINT ( 'NONE',  ( -0.1284565470678462051, 0.2506671685796815208, 0.09546992765474859866 ) ) ;
#1133 = EDGE_CURVE ( 'NONE', #1909, #708, #1125, .T. ) ;
#1134 = DIRECTION ( 'NONE',  ( -0.4317132968772846580, -0.6975128557275321883, 0.5719260838553951176 ) ) ;
#1135 = VERTEX_POINT ( 'NONE', #123 ) ;
#1136 = CARTESIAN_POINT ( 'NONE',  ( -0.1273615270900712027, 0.2524214791871164931, 0.09716547038639630762 ) ) ;
#1137 = LINE ( 'NONE', #995, #116 ) ;
#1138 = VERTEX_POINT ( 'NONE', #1380 ) ;
#1139 = EDGE_CURVE ( 'NONE', #801, #20, #1452, .T. ) ;
#1140 = FACE_OUTER_BOUND ( 'NONE', #1964, .T. ) ;
#1141 = EDGE_LOOP ( 'NONE', ( #2154, #419, #389, #2153 ) ) ;
#1142 = DIRECTION ( 'NONE',  ( 0.2446372591148600895, 0.3895179497536777613, 0.8879348952893225677 ) ) ;
#1143 = DIRECTION ( 'NONE',  ( 0.8493881131629322789, -0.5277628146696672351, -0.002498933665448046116 ) ) ;
#1144 = DIRECTION ( 'NONE',  ( 0.2446372591148599784, 0.3895179497536781499, 0.8879348952893223457 ) ) ;
#1145 = ORIENTED_EDGE ( 'NONE', *, *, #1473, .F. ) ;
#1146 = FACE_OUTER_BOUND ( 'NONE', #140, .T. ) ;
#1147 = CARTESIAN_POINT ( 'NONE',  ( -0.1236070740753485997, 0.2508896652835400087, 0.09613390216200209948 ) ) ;
#1148 = ORIENTED_EDGE ( 'NONE', *, *, #384, .T. ) ;
#1149 = FACE_OUTER_BOUND ( 'NONE', #963, .T. ) ;
#1150 = ORIENTED_EDGE ( 'NONE', *, *, #1473, .T. ) ;
#1151 = CARTESIAN_POINT ( 'NONE',  ( -0.1241523689921174012, 0.2575367298829795426, 0.1076425939030544038 ) ) ;
#1152 = EDGE_CURVE ( 'NONE', #1253, #2117, #1832, .T. ) ;
#1153 = DIRECTION ( 'NONE',  ( 0.8493881131629322789, -0.5277628146696672351, -0.002498933665448046116 ) ) ;
#1154 = DIRECTION ( 'NONE',  ( 0.8493881131629322789, -0.5277628146696672351, -0.002498933665448046116 ) ) ;
#1155 = ORIENTED_EDGE ( 'NONE', *, *, #1744, .T. ) ;
#1156 = DIRECTION ( 'NONE',  ( -0.8493881131629322789, 0.5277628146696672351, 0.002498933665448046116 ) ) ;
#1157 = LINE ( 'NONE', #2196, #750 ) ;
#1158 = VERTEX_POINT ( 'NONE', #2129 ) ;
#1159 = CARTESIAN_POINT ( 'NONE',  ( -0.1143477025162329963, 0.2657757524966069540, 0.09952608931864079245 ) ) ;
#1160 = VERTEX_POINT ( 'NONE', #838 ) ;
#1161 = FACE_BOUND ( 'NONE', #19, .T. ) ;
#1162 = CIRCLE ( 'NONE', #524, 0.005400000000000000286 ) ;
#1163 = ADVANCED_FACE ( 'NONE', ( #1226 ), #1034, .T. ) ;
#1164 = ADVANCED_FACE ( 'NONE', ( #1056 ), #162, .T. ) ;
#1165 = APPLICATION_PROTOCOL_DEFINITION ( 'international standard', 'config_control_design', 1994, #1567 ) ;
#1166 = VECTOR ( 'NONE', #294, 1.000000000000000000 ) ;
#1167 = AXIS2_PLACEMENT_3D ( 'NONE', #2221, #619, #1475 ) ;
#1168 = DIRECTION ( 'NONE',  ( 0.8493881131629322789, -0.5277628146696672351, -0.002498933665448046116 ) ) ;
#1169 = CARTESIAN_POINT ( 'NONE',  ( -0.1299514801424077881, 0.2482337958010165102, 0.1012585100017281969 ) ) ;
#1170 = ORIENTED_EDGE ( 'NONE', *, *, #651, .F. ) ;
#1171 = CARTESIAN_POINT ( 'NONE',  ( -0.1198563177807674129, 0.2644083502076963188, 0.1166180816705741918 ) ) ;
#1172 = ORIENTED_EDGE ( 'NONE', *, *, #1298, .F. ) ;
#1173 = ORIENTED_EDGE ( 'NONE', *, *, #1744, .F. ) ;
#1174 = AXIS2_PLACEMENT_3D ( 'NONE', #1588, #890, #1241 ) ;
#1175 = DIRECTION ( 'NONE',  ( 0.8493881131629322789, -0.5277628146696672351, -0.002498933665448046116 ) ) ;
#1176 = ORIENTED_EDGE ( 'NONE', *, *, #1853, .F. ) ;
#1177 = CARTESIAN_POINT ( 'NONE',  ( -0.1241523689921174012, 0.2575367298829795426, 0.1076425939030544038 ) ) ;
#1178 = EDGE_CURVE ( 'NONE', #555, #801, #2284, .T. ) ;
#1179 = CARTESIAN_POINT ( 'NONE',  ( -0.1241732546673950111, 0.2575603746578349895, 0.09554988505533580645 ) ) ;
#1180 = CARTESIAN_POINT ( 'NONE',  ( -0.1207548165394655981, 0.2554256786243009891, 0.1076325981683926014 ) ) ;
#1181 = CARTESIAN_POINT ( 'NONE',  ( -0.1158688600530080048, 0.2633258597307034932, 0.09988991321671220058 ) ) ;
#1182 = ORIENTED_EDGE ( 'NONE', *, *, #1821, .T. ) ;
#1183 = DIRECTION ( 'NONE',  ( -0.8493881131629322789, 0.5277628146696672351, 0.002498933665448046116 ) ) ;
#1184 = UNCERTAINTY_MEASURE_WITH_UNIT (LENGTH_MEASURE( 1.000000000000000082E-05 ), #1818, 'distance_accuracy_value', 'NONE');
#1185 = ORIENTED_EDGE ( 'NONE', *, *, #1628, .T. ) ;
#1186 = EDGE_LOOP ( 'NONE', ( #1859, #1111, #1040, #2164 ) ) ;
#1187 = DIRECTION ( 'NONE',  ( -0.8493881131629322789, 0.5277628146696672351, 0.002498933665448046116 ) ) ;
#1188 = DIRECTION ( 'NONE',  ( 0.2446372591148603393, 0.3895179497536781499, 0.8879348952893222346 ) ) ;
#1189 = CARTESIAN_POINT ( 'NONE',  ( -0.1173581820682670085, 0.2609543248771145074, 0.09452582244435139835 ) ) ;
#1190 = DIRECTION ( 'NONE',  ( 0.2446372591148599784, 0.3895179497536781499, 0.8879348952893223457 ) ) ;
#1191 = VERTEX_POINT ( 'NONE', #699 ) ;
#1192 = SECURITY_CLASSIFICATION ( '', '', #166 ) ;
#1193 = EDGE_CURVE ( 'NONE', #1741, #1621, #134, .T. ) ;
#1194 = DIRECTION ( 'NONE',  ( 0.2446372591148687214, 0.3895179497536794821, 0.8879348952893194591 ) ) ;
#1195 = EDGE_LOOP ( 'NONE', ( #946, #836, #1291, #170 ) ) ;
#1196 = ORIENTED_EDGE ( 'NONE', *, *, #1934, .F. ) ;
#1197 = CARTESIAN_POINT ( 'NONE',  ( -0.1241523689921174012, 0.2575367298829795426, 0.1076425939030544038 ) ) ;
#1198 = CC_DESIGN_PERSON_AND_ORGANIZATION_ASSIGNMENT ( #1590, #731, ( #1192 ) ) ;
#1199 = VECTOR ( 'NONE', #1963, 1.000000000000000000 ) ;
#1200 = CIRCLE ( 'NONE', #1878, 0.01462500000000001472 ) ;
#1201 = AXIS2_PLACEMENT_3D ( 'NONE', #1901, #501, #1398 ) ;
#1202 = AXIS2_PLACEMENT_3D ( 'NONE', #1827, #1079, #217 ) ;
#1203 = DIRECTION ( 'NONE',  ( 0.2446372591148604503, 0.3895179497536745972, 0.8879348952893237890 ) ) ;
#1204 = CIRCLE ( 'NONE', #188, 0.005400000000000010694 ) ;
#1205 = DIRECTION ( 'NONE',  ( 0.8493881131629322789, -0.5277628146696672351, -0.002498933665448046116 ) ) ;
#1206 = EDGE_CURVE ( 'NONE', #1109, #2087, #894, .T. ) ;
#1207 = AXIS2_PLACEMENT_3D ( 'NONE', #849, #2276, #317 ) ;
#1208 = DIRECTION ( 'NONE',  ( 0.2446372591148599784, 0.3895179497536789825, 0.8879348952893221236 ) ) ;
#1209 = ORIENTED_EDGE ( 'NONE', *, *, #515, .F. ) ;
#1210 = ORIENTED_EDGE ( 'NONE', *, *, #877, .T. ) ;
#1211 = EDGE_CURVE ( 'NONE', #362, #1191, #786, .T. ) ;
#1212 = CARTESIAN_POINT ( 'NONE',  ( -0.1241523689921174012, 0.2575367298829795426, 0.1076425939030544038 ) ) ;
#1213 = DIRECTION ( 'NONE',  ( -0.2446372591148604503, -0.3895179497536745972, -0.8879348952893237890 ) ) ;
#1214 = DIRECTION ( 'NONE',  ( 0.2446372591148586739, 0.3895179497536804814, 0.8879348952893216795 ) ) ;
#1215 = CARTESIAN_POINT ( 'NONE',  ( -0.1225207233283631958, 0.2602180172453860130, 0.09596427925278690207 ) ) ;
#1216 = ORIENTED_EDGE ( 'NONE', *, *, #1152, .T. ) ;
#1217 = EDGE_LOOP ( 'NONE', ( #511, #1800, #345, #1902 ) ) ;
#1218 = CARTESIAN_POINT ( 'NONE',  ( -0.1237131537546269089, 0.2507153354374170862, 0.09689502346338266237 ) ) ;
#1219 = EDGE_CURVE ( 'NONE', #1479, #2128, #2001, .T. ) ;
#1220 = DIRECTION ( 'NONE',  ( -0.8493881131629322789, 0.5277628146696672351, 0.002498933665448046116 ) ) ;
#1221 = LINE ( 'NONE', #1029, #1601 ) ;
#1222 = DIRECTION ( 'NONE',  ( -0.8493881131629322789, 0.5277628146696672351, 0.002498933665448046116 ) ) ;
#1223 = AXIS2_PLACEMENT_3D ( 'NONE', #539, #1059, #190 ) ;
#1224 = ORIENTED_EDGE ( 'NONE', *, *, #776, .F. ) ;
#1225 = EDGE_LOOP ( 'NONE', ( #1066, #897, #1563, #1665 ) ) ;
#1226 = FACE_OUTER_BOUND ( 'NONE', #1217, .T. ) ;
#1227 = EDGE_CURVE ( 'NONE', #1815, #1873, #261, .T. ) ;
#1228 = FACE_OUTER_BOUND ( 'NONE', #238, .T. ) ;
#1229 = EDGE_CURVE ( 'NONE', #1387, #774, #297, .T. ) ;
#1230 = CARTESIAN_POINT ( 'NONE',  ( -0.1317829469796980013, 0.2452666861674860088, 0.1053818569003669992 ) ) ;
#1231 = CIRCLE ( 'NONE', #936, 0.005400000000000000286 ) ;
#1232 = CYLINDRICAL_SURFACE ( 'NONE', #1015, 0.01462500000000001472 ) ;
#1233 = CIRCLE ( 'NONE', #1684, 0.005400000000000000286 ) ;
#1234 = DIRECTION ( 'NONE',  ( -0.8493881131629322789, 0.5277628146696672351, 0.002498933665448046116 ) ) ;
#1235 = ORIENTED_EDGE ( 'NONE', *, *, #397, .F. ) ;
#1236 = AXIS2_PLACEMENT_3D ( 'NONE', #1613, #11, #87 ) ;
#1237 = ORIENTED_EDGE ( 'NONE', *, *, #357, .F. ) ;
#1238 = VECTOR ( 'NONE', #569, 1.000000000000000000 ) ;
#1239 = DIRECTION ( 'NONE',  ( 0.2446372591148604503, 0.3895179497536745972, 0.8879348952893237890 ) ) ;
#1240 = DIRECTION ( 'NONE',  ( -0.8493881131629322789, 0.5277628146696672351, 0.002498933665448046116 ) ) ;
#1241 = DIRECTION ( 'NONE',  ( 0.2446372591148606446, 0.3895179497536777613, 0.8879348952893225677 ) ) ;
#1242 = CARTESIAN_POINT ( 'NONE',  ( -0.1241523689921174012, 0.2575367298829795426, 0.1076425939030544038 ) ) ;
#1243 = CARTESIAN_POINT ( 'NONE',  ( -0.1175818334922427988, 0.2605818832715475208, 0.09716453555966439448 ) ) ;
#1244 = EDGE_CURVE ( 'NONE', #44, #554, #10, .T. ) ;
#1245 = ORIENTED_EDGE ( 'NONE', *, *, #13, .F. ) ;
#1246 = ORIENTED_EDGE ( 'NONE', *, *, #1949, .F. ) ;
#1247 = DIRECTION ( 'NONE',  ( 0.8493881131629322789, -0.5277628146696672351, -0.002498933665448046116 ) ) ;
#1248 = DIRECTION ( 'NONE',  ( 0.2446372591148604503, 0.3895179497536745972, 0.8879348952893237890 ) ) ;
#1249 = DIRECTION ( 'NONE',  ( -0.8493881131629322789, 0.5277628146696672351, 0.002498933665448046116 ) ) ;
#1250 = CARTESIAN_POINT ( 'NONE',  ( -0.1282584122238465962, 0.2509723950022085259, 0.09835364783179509351 ) ) ;
#1251 = DIRECTION ( 'NONE',  ( -0.8493881131629322789, 0.5277628146696672351, 0.002498933665448046116 ) ) ;
#1252 = ORIENTED_EDGE ( 'NONE', *, *, #540, .F. ) ;
#1253 = VERTEX_POINT ( 'NONE', #1444 ) ;
#1254 = EDGE_CURVE ( 'NONE', #1489, #2047, #975, .T. ) ;
#1255 = EDGE_CURVE ( 'NONE', #1668, #1986, #2283, .T. ) ;
#1256 = CARTESIAN_POINT ( 'NONE',  ( -0.1269609286566907858, 0.2530812010027039816, 0.09399888179792839638 ) ) ;
#1257 = CIRCLE ( 'NONE', #818, 0.01462500000000001472 ) ;
#1258 = DIRECTION ( 'NONE',  ( 0.8493881131629322789, -0.5277628146696672351, -0.002498933665448046116 ) ) ;
#1259 = CYLINDRICAL_SURFACE ( 'NONE', #1174, 0.003999999999999996614 ) ;
#1260 = DIRECTION ( 'NONE',  ( 0.8493881131629322789, -0.5277628146696672351, -0.002498933665448046116 ) ) ;
#1261 = COORDINATED_UNIVERSAL_TIME_OFFSET ( 2, 0, .AHEAD. ) ;
#1262 = CIRCLE ( 'NONE', #333, 0.01209275000000000107 ) ;
#1263 = DIRECTION ( 'NONE',  ( -0.2446372591148599784, -0.3895179497536781499, -0.8879348952893223457 ) ) ;
#1264 = CIRCLE ( 'NONE', #559, 0.003999999999999996614 ) ;
#1265 = ORIENTED_EDGE ( 'NONE', *, *, #2003, .T. ) ;
#1266 = ORIENTED_EDGE ( 'NONE', *, *, #1893, .T. ) ;
#1267 = ORIENTED_EDGE ( 'NONE', *, *, #2294, .T. ) ;
#1268 = AXIS2_PLACEMENT_3D ( 'NONE', #1297, #1663, #1474 ) ;
#1269 = CIRCLE ( 'NONE', #1879, 0.001750000000000013481 ) ;
#1270 = DIRECTION ( 'NONE',  ( 0.8493881131629322789, -0.5277628146696672351, -0.002498933665448046116 ) ) ;
#1271 = AXIS2_PLACEMENT_3D ( 'NONE', #939, #2014, #1788 ) ;
#1272 = CIRCLE ( 'NONE', #1649, 0.005400000000000000286 ) ;
#1273 = EDGE_CURVE ( 'NONE', #1135, #104, #1264, .T. ) ;
#1274 = CARTESIAN_POINT ( 'NONE',  ( -0.1312220717319382002, 0.2461867085049145032, 0.1017191706623906122 ) ) ;
#1275 = DIRECTION ( 'NONE',  ( 0.2446372591148599784, 0.3895179497536781499, 0.8879348952893223457 ) ) ;
#1276 = CARTESIAN_POINT ( 'NONE',  ( -0.1258869560034932000, 0.2548031416813705263, 0.09537680801832879030 ) ) ;
#1277 = DATE_AND_TIME ( #1983, #888 ) ;
#1278 = CARTESIAN_POINT ( 'NONE',  ( -0.1207548165394655981, 0.2554256786243009891, 0.1076325981683926014 ) ) ;
#1279 = VERTEX_POINT ( 'NONE', #2180 ) ;
#1280 = ORIENTED_EDGE ( 'NONE', *, *, #1853, .T. ) ;
#1281 = ORIENTED_EDGE ( 'NONE', *, *, #1370, .F. ) ;
#1282 = CYLINDRICAL_SURFACE ( 'NONE', #2170, 0.01209275000000000107 ) ;
#1283 = DIRECTION ( 'NONE',  ( -0.2446372591148599784, -0.3895179497536781499, -0.8879348952893223457 ) ) ;
#1284 = EDGE_CURVE ( 'NONE', #1621, #485, #1566, .T. ) ;
#1285 = DIRECTION ( 'NONE',  ( 0.3552584161046901112, 0.5682429823420463988, 0.7422205674904215345 ) ) ;
#1286 = CARTESIAN_POINT ( 'NONE',  ( -0.1284262584950786046, 0.2430717957733830037, 0.1091886128943702072 ) ) ;
#1287 = CARTESIAN_POINT ( 'NONE',  ( -0.1246763395364941934, 0.2567625522176219532, 0.09304750127535629800 ) ) ;
#1288 = ORIENTED_EDGE ( 'NONE', *, *, #91, .F. ) ;
#1289 = DIRECTION ( 'NONE',  ( -0.8493881131629322789, 0.5277628146696672351, 0.002498933665448046116 ) ) ;
#1290 = VERTEX_POINT ( 'NONE', #935 ) ;
#1291 = ORIENTED_EDGE ( 'NONE', *, *, #1705, .T. ) ;
#1292 = DIRECTION ( 'NONE',  ( -0.8493881131629322789, 0.5277628146696672351, 0.002498933665448046116 ) ) ;
#1293 = CARTESIAN_POINT ( 'NONE',  ( -0.1301512849830609997, 0.2479017585640825028, 0.1034694731068003942 ) ) ;
#1294 = LOCAL_TIME ( 12, 31, 15.00000000000000000, #1760 ) ;
#1295 = ADVANCED_FACE ( 'NONE', ( #45 ), #1282, .T. ) ;
#1296 = DIRECTION ( 'NONE',  ( 0.2446372591148604503, 0.3895179497536745972, 0.8879348952893237890 ) ) ;
#1297 = CARTESIAN_POINT ( 'NONE',  ( -0.1194194272747833990, 0.2651962997618745321, 0.09870609280382150463 ) ) ;
#1298 = EDGE_CURVE ( 'NONE', #774, #1697, #1611, .T. ) ;
#1299 = CARTESIAN_POINT ( 'NONE',  ( -0.1241523689921174012, 0.2575367298829795426, 0.1076425939030544038 ) ) ;
#1300 = ORIENTED_EDGE ( 'NONE', *, *, #1854, .F. ) ;
#1301 = DIRECTION ( 'NONE',  ( 0.2446372591148599784, 0.3895179497536781499, 0.8879348952893223457 ) ) ;
#1302 = DIRECTION ( 'NONE',  ( -0.8493881131629322789, 0.5277628146696672351, 0.002498933665448046116 ) ) ;
#1303 = ORIENTED_EDGE ( 'NONE', *, *, #1227, .T. ) ;
#1304 = CIRCLE ( 'NONE', #712, 0.001300000000000012734 ) ;
#1305 = CARTESIAN_POINT ( 'NONE',  ( -0.1235938719898680010, 0.2584954187515159929, 0.09500535541207991153 ) ) ;
#1306 = ORIENTED_EDGE ( 'NONE', *, *, #1133, .F. ) ;
#1307 = VECTOR ( 'NONE', #1899, 1.000000000000000000 ) ;
#1308 = AXIS2_PLACEMENT_3D ( 'NONE', #1954, #2263, #1915 ) ;
#1309 = AXIS2_PLACEMENT_3D ( 'NONE', #1276, #2005, #758 ) ;
#1310 = CARTESIAN_POINT ( 'NONE',  ( -0.1302096179650365781, 0.2477627465758985015, 0.1130007451811457925 ) ) ;
#1311 = AXIS2_PLACEMENT_3D ( 'NONE', #319, #1748, #118 ) ;
#1312 = AXIS2_PLACEMENT_3D ( 'NONE', #339, #813, #1885 ) ;
#1313 = AXIS2_PLACEMENT_3D ( 'NONE', #328, #1727, #2080 ) ;
#1314 = DIRECTION ( 'NONE',  ( -0.8493881131629322789, 0.5277628146696672351, 0.002498933665448046116 ) ) ;
#1315 = DIRECTION ( 'NONE',  ( 0.8493881131629322789, -0.5277628146696672351, -0.002498933665448046116 ) ) ;
#1316 = ORIENTED_EDGE ( 'NONE', *, *, #1060, .T. ) ;
#1317 = DIRECTION ( 'NONE',  ( -0.8493881131629322789, 0.5277628146696672351, 0.002498933665448046116 ) ) ;
#1318 = ORIENTED_EDGE ( 'NONE', *, *, #1782, .T. ) ;
#1319 = ORIENTED_EDGE ( 'NONE', *, *, #2305, .T. ) ;
#1320 = ADVANCED_FACE ( 'NONE', ( #764 ), #1088, .F. ) ;
#1321 = EDGE_CURVE ( 'NONE', #2064, #1552, #886, .T. ) ;
#1322 = CARTESIAN_POINT ( 'NONE',  ( -0.1241523689921174012, 0.2575367298829795426, 0.1076425939030544038 ) ) ;
#1323 = VERTEX_POINT ( 'NONE', #365 ) ;
#1324 = CARTESIAN_POINT ( 'NONE',  ( -0.1304523414615172128, 0.2474180342145335110, 0.1033005730854950066 ) ) ;
#1325 = CC_DESIGN_PERSON_AND_ORGANIZATION_ASSIGNMENT ( #16, #2141, ( #633 ) ) ;
#1326 = FACE_OUTER_BOUND ( 'NONE', #132, .T. ) ;
#1327 = CARTESIAN_POINT ( 'NONE',  ( -0.1219740281689242062, 0.2610963199752370234, 0.09629275900577000114 ) ) ;
#1328 = ORIENTED_EDGE ( 'NONE', *, *, #368, .F. ) ;
#1329 = DIRECTION ( 'NONE',  ( 0.8493881131629322789, -0.5277628146696672351, -0.002498933665448046116 ) ) ;
#1330 = CARTESIAN_POINT ( 'NONE',  ( -0.1278245192792865914, 0.2440756572462360052, 0.1017091749277290041 ) ) ;
#1331 = ORIENTED_EDGE ( 'NONE', *, *, #638, .T. ) ;
#1332 = LINE ( 'NONE', #2250, #715 ) ;
#1333 = ORIENTED_EDGE ( 'NONE', *, *, #1244, .F. ) ;
#1334 = EDGE_CURVE ( 'NONE', #2228, #1031, #1990, .T. ) ;
#1335 = EDGE_CURVE ( 'NONE', #1911, #280, #1723, .T. ) ;
#1336 = DIRECTION ( 'NONE',  ( 0.8493881131629322789, -0.5277628146696672351, -0.002498933665448046116 ) ) ;
#1337 = CYLINDRICAL_SURFACE ( 'NONE', #1687, 0.01209275000000000107 ) ;
#1338 = ORIENTED_EDGE ( 'NONE', *, *, #1027, .F. ) ;
#1339 = DIRECTION ( 'NONE',  ( 0.2446372591148604503, 0.3895179497536745972, 0.8879348952893237890 ) ) ;
#1340 = FACE_OUTER_BOUND ( 'NONE', #924, .T. ) ;
#1341 = ORIENTED_EDGE ( 'NONE', *, *, #1782, .F. ) ;
#1342 = FACE_OUTER_BOUND ( 'NONE', #1005, .T. ) ;
#1343 = ORIENTED_EDGE ( 'NONE', *, *, #424, .T. ) ;
#1344 = CARTESIAN_POINT ( 'NONE',  ( -0.1241523689921174012, 0.2575367298829795426, 0.1076425939030544038 ) ) ;
#1345 = VECTOR ( 'NONE', #665, 1.000000000000000000 ) ;
#1346 = EDGE_CURVE ( 'NONE', #1939, #1953, #2062, .T. ) ;
#1347 = AXIS2_PLACEMENT_3D ( 'NONE', #584, #1292, #2146 ) ;
#1348 = CIRCLE ( 'NONE', #828, 0.01462500000000001472 ) ;
#1349 = AXIS2_PLACEMENT_3D ( 'NONE', #986, #431, #649 ) ;
#1350 = DIRECTION ( 'NONE',  ( 0.000000000000000000, 0.000000000000000000, 1.000000000000000000 ) ) ;
#1351 = AXIS2_PLACEMENT_3D ( 'NONE', #953, #356, #199 ) ;
#1352 = LINE ( 'NONE', #1699, #189 ) ;
#1353 = DIRECTION ( 'NONE',  ( 0.8493881131629322789, -0.5277628146696672351, -0.002498933665448046116 ) ) ;
#1354 = LINE ( 'NONE', #1181, #1307 ) ;
#1355 = ORIENTED_EDGE ( 'NONE', *, *, #1518, .F. ) ;
#1356 = ORIENTED_EDGE ( 'NONE', *, *, #2041, .F. ) ;
#1357 = CARTESIAN_POINT ( 'NONE',  ( -0.1228583725316375885, 0.2520284938122684948, 0.1097024263111844034 ) ) ;
#1358 = VERTEX_POINT ( 'NONE', #404 ) ;
#1359 = CARTESIAN_POINT ( 'NONE',  ( -0.1210545694206702078, 0.2625856818910140000, 0.09427089444353499437 ) ) ;
#1360 = EDGE_CURVE ( 'NONE', #865, #353, #1102, .T. ) ;
#1361 = DIRECTION ( 'NONE',  ( 0.8493881131629322789, -0.5277628146696672351, -0.002498933665448046116 ) ) ;
#1362 = CARTESIAN_POINT ( 'NONE',  ( -0.1191231708757113927, 0.2581069659867075150, 0.09595428351812509971 ) ) ;
#1363 = DIRECTION ( 'NONE',  ( 0.8493881131629322789, -0.5277628146696672351, -0.002498933665448046116 ) ) ;
#1364 = VERTEX_POINT ( 'NONE', #1596 ) ;
#1365 = CARTESIAN_POINT ( 'NONE',  ( -0.1228583725316375885, 0.2520284938122684948, 0.1097024263111844034 ) ) ;
#1366 = ORIENTED_EDGE ( 'NONE', *, *, #1636, .T. ) ;
#1367 = VERTEX_POINT ( 'NONE', #536 ) ;
#1368 = EDGE_CURVE ( 'NONE', #1657, #1750, #355, .T. ) ;
#1369 = DIRECTION ( 'NONE',  ( -0.8493881131629322789, 0.5277628146696672351, 0.002498933665448046116 ) ) ;
#1370 = EDGE_CURVE ( 'NONE', #2194, #2178, #547, .T. ) ;
#1371 = DIRECTION ( 'NONE',  ( -0.8493881131629322789, 0.5277628146696672351, 0.002498933665448046116 ) ) ;
#1372 = ADVANCED_FACE ( 'NONE', ( #1149 ), #1122, .T. ) ;
#1373 = DIRECTION ( 'NONE',  ( -0.8493881131629322789, 0.5277628146696672351, 0.002498933665448046116 ) ) ;
#1374 = EDGE_LOOP ( 'NONE', ( #644, #2040, #1912, #658 ) ) ;
#1375 = CIRCLE ( 'NONE', #1011, 0.01209275000000001321 ) ;
#1376 = ORIENTED_EDGE ( 'NONE', *, *, #1284, .T. ) ;
#1377 = FACE_OUTER_BOUND ( 'NONE', #1583, .T. ) ;
#1378 = ORIENTED_EDGE ( 'NONE', *, *, #887, .F. ) ;
#1379 = ORIENTED_EDGE ( 'NONE', *, *, #992, .F. ) ;
#1380 = CARTESIAN_POINT ( 'NONE',  ( -0.1305106729692750156, 0.2473087725418680050, 0.1065492221799149986 ) ) ;
#1381 = CIRCLE ( 'NONE', #1944, 0.002399999999999998055 ) ;
#1382 = CIRCLE ( 'NONE', #1838, 0.005400000000000000286 ) ;
#1383 = AXIS2_PLACEMENT_3D ( 'NONE', #152, #990, #641 ) ;
#1384 = DIRECTION ( 'NONE',  ( 0.2446372591148604503, 0.3895179497536745972, 0.8879348952893237890 ) ) ;
#1385 = VECTOR ( 'NONE', #743, 1.000000000000000000 ) ;
#1386 = DIRECTION ( 'NONE',  ( 0.3552584161046901112, 0.5682429823420463988, 0.7422205674904215345 ) ) ;
#1387 = VERTEX_POINT ( 'NONE', #614 ) ;
#1388 = AXIS2_PLACEMENT_3D ( 'NONE', #1177, #627, #988 ) ;
#1389 = CIRCLE ( 'NONE', #1801, 0.005400000000000000286 ) ;
#1390 = DIRECTION ( 'NONE',  ( -0.8493881131629322789, 0.5277628146696672351, 0.002498933665448046116 ) ) ;
#1391 = VERTEX_POINT ( 'NONE', #2237 ) ;
#1392 = ORIENTED_EDGE ( 'NONE', *, *, #653, .F. ) ;
#1393 = EDGE_CURVE ( 'NONE', #2313, #1887, #458, .T. ) ;
#1394 = CARTESIAN_POINT ( 'NONE',  ( -0.1241039767781435960, 0.2500876296662409848, 0.09662264090494419866 ) ) ;
#1395 = CC_DESIGN_DATE_AND_TIME_ASSIGNMENT ( #1277, #722, ( #1192 ) ) ;
#1396 = CARTESIAN_POINT ( 'NONE',  ( -0.1236008870409616017, 0.2584813158077464701, 0.09559941211206650358 ) ) ;
#1397 = DIRECTION ( 'NONE',  ( -0.8493881131629322789, 0.5277628146696672351, 0.002498933665448046116 ) ) ;
#1398 = DIRECTION ( 'NONE',  ( -0.2446372591148604503, -0.3895179497536745972, -0.8879348952893237890 ) ) ;
#1399 = ORIENTED_EDGE ( 'NONE', *, *, #980, .F. ) ;
#1400 = ADVANCED_FACE ( 'NONE', ( #1342 ), #595, .F. ) ;
#1401 = VERTEX_POINT ( 'NONE', #1876 ) ;
#1402 = CARTESIAN_POINT ( 'NONE',  ( -0.1271369576846421989, 0.2451542232811914912, 0.1076235372604625873 ) ) ;
#1403 = EDGE_CURVE ( 'NONE', #1552, #2178, #1050, .T. ) ;
#1404 = CARTESIAN_POINT ( 'NONE',  ( -0.1226653687232363982, 0.2599978239225300136, 0.09330305167434860270 ) ) ;
#1405 = FACE_OUTER_BOUND ( 'NONE', #2077, .T. ) ;
#1406 = DIRECTION ( 'NONE',  ( 0.8493881131629322789, -0.5277628146696672351, -0.002498933665448046116 ) ) ;
#1407 = CARTESIAN_POINT ( 'NONE',  ( -0.1142882219123920046, 0.2658484259712670106, 0.1043952703202501997 ) ) ;
#1408 = AXIS2_PLACEMENT_3D ( 'NONE', #2004, #1153, #1689 ) ;
#1409 = ORIENTED_EDGE ( 'NONE', *, *, #1598, .T. ) ;
#1410 = ORIENTED_EDGE ( 'NONE', *, *, #1895, .T. ) ;
#1411 = CYLINDRICAL_SURFACE ( 'NONE', #1491, 0.001300000000000009481 ) ;
#1412 = LINE ( 'NONE', #1179, #1166 ) ;
#1413 = ADVANCED_FACE ( 'NONE', ( #1140 ), #1696, .T. ) ;
#1414 = CARTESIAN_POINT ( 'NONE',  ( -0.1235633762040390105, 0.2509701497440249840, 0.09398888606326659401 ) ) ;
#1415 = DIRECTION ( 'NONE',  ( -0.8493881131629322789, 0.5277628146696672351, 0.002498933665448046116 ) ) ;
#1416 = VECTOR ( 'NONE', #216, 1.000000000000000000 ) ;
#1417 = VECTOR ( 'NONE', #2017, 1.000000000000000000 ) ;
#1418 = PERSON_AND_ORGANIZATION_ROLE ( 'creator' ) ;
#1419 = CARTESIAN_POINT ( 'NONE',  ( -0.1176857743650435995, 0.2679594772299455085, 0.1044052660549120021 ) ) ;
#1420 = EDGE_LOOP ( 'NONE', ( #1431, #1288, #1714, #669 ) ) ;
#1421 = ORIENTED_EDGE ( 'NONE', *, *, #1403, .F. ) ;
#1422 = EDGE_LOOP ( 'NONE', ( #873, #2007, #2268, #9 ) ) ;
#1423 = CARTESIAN_POINT ( 'NONE',  ( -0.1262535685101355831, 0.2466103841857559820, 0.1003535109555094007 ) ) ;
#1424 = CYLINDRICAL_SURFACE ( 'NONE', #833, 0.01462500000000001472 ) ;
#1425 = CARTESIAN_POINT ( 'NONE',  ( -0.1186357154674951980, 0.2664438935313774848, 0.1016040864556437967 ) ) ;
#1426 = ADVANCED_FACE ( 'NONE', ( #1529 ), #1480, .T. ) ;
#1427 = DIRECTION ( 'NONE',  ( -0.2446372591148603393, -0.3895179497536781499, -0.8879348952893222346 ) ) ;
#1428 = EDGE_CURVE ( 'NONE', #1704, #280, #83, .T. ) ;
#1429 = PERSON_AND_ORGANIZATION ( #1463, #2161 ) ;
#1430 = CYLINDRICAL_SURFACE ( 'NONE', #1537, 0.005400000000000000286 ) ;
#1431 = ORIENTED_EDGE ( 'NONE', *, *, #498, .T. ) ;
#1432 = ORIENTED_EDGE ( 'NONE', *, *, #2020, .T. ) ;
#1433 = CARTESIAN_POINT ( 'NONE',  ( -0.1286799926769797986, 0.2502904335378519640, 0.09908535044447709661 ) ) ;
#1434 = CARTESIAN_POINT ( 'NONE',  ( -0.1183323827223312225, 0.2593287090081985991, 0.1067170828905431995 ) ) ;
#1436 = ADVANCED_FACE ( 'NONE', ( #442 ), #997, .T. ) ;
#1435 = CARTESIAN_POINT ( 'NONE',  ( -0.1224212680955066024, 0.2603807467303839718, 0.09540144780543029224 ) ) ;
#1437 = FACE_OUTER_BOUND ( 'NONE', #179, .T. ) ;
#1438 = COORDINATED_UNIVERSAL_TIME_OFFSET ( 2, 0, .AHEAD. ) ;
#1439 = CARTESIAN_POINT ( 'NONE',  ( -0.1241523689921174012, 0.2575367298829795426, 0.1076425939030544038 ) ) ;
#1440 = EDGE_CURVE ( 'NONE', #1364, #1654, #372, .T. ) ;
#1441 = VERTEX_POINT ( 'NONE', #821 ) ;
#1442 = EDGE_LOOP ( 'NONE', ( #1836, #985, #1121, #194 ) ) ;
#1443 = VERTEX_POINT ( 'NONE', #1159 ) ;
#1444 = CARTESIAN_POINT ( 'NONE',  ( -0.1198563177807674129, 0.2644083502076963188, 0.1166180816705741918 ) ) ;
#1445 = CC_DESIGN_SECURITY_CLASSIFICATION ( #1192, ( #633 ) ) ;
#1446 = CARTESIAN_POINT ( 'NONE',  ( -0.1170737283714039928, 0.2613776462002075363, 0.1018082630017263929 ) ) ;
#1447 = DIRECTION ( 'NONE',  ( 0.8493881131629322789, -0.5277628146696672351, -0.002498933665448046116 ) ) ;
#1448 = DIRECTION ( 'NONE',  ( 0.8493881131629322789, -0.5277628146696672351, -0.002498933665448046116 ) ) ;
#1449 = DATE_AND_TIME ( #203, #670 ) ;
#1450 = AXIS2_PLACEMENT_3D ( 'NONE', #1702, #1397, #2114 ) ;
#1451 = LINE ( 'NONE', #2177, #1238 ) ;
#1452 = CIRCLE ( 'NONE', #2249, 0.01462500000000001472 ) ;
#1453 = ORIENTED_EDGE ( 'NONE', *, *, #792, .T. ) ;
#1454 = VERTEX_POINT ( 'NONE', #1519 ) ;
#1455 = ORIENTED_EDGE ( 'NONE', *, *, #1360, .F. ) ;
#1456 = VECTOR ( 'NONE', #740, 1.000000000000000000 ) ;
#1457 = AXIS2_PLACEMENT_3D ( 'NONE', #1851, #1839, #972 ) ;
#1458 = DIRECTION ( 'NONE',  ( 0.2446372591148586739, 0.3895179497536804814, 0.8879348952893216795 ) ) ;
#1459 = CIRCLE ( 'NONE', #790, 0.001300000000000009481 ) ;
#1460 = CIRCLE ( 'NONE', #606, 0.001300000000000009481 ) ;
#1461 = EDGE_CURVE ( 'NONE', #1659, #1887, #1332, .T. ) ;
#1462 = CARTESIAN_POINT ( 'NONE',  ( -0.1284751696043736069, 0.2506255844223599927, 0.09792249805914539362 ) ) ;
#1463 = PERSON ( 'UNSPECIFIED', 'UNSPECIFIED', 'UNSPECIFIED', ('UNSPECIFIED'), ('UNSPECIFIED'), ('UNSPECIFIED') ) ;
#1464 = VECTOR ( 'NONE', #174, 1.000000000000000000 ) ;
#1465 = ADVANCED_BREP_SHAPE_REPRESENTATION ( 'Gear', ( #325, #589 ), #1004 ) ;
#1466 = LINE ( 'NONE', #1132, #714 ) ;
#1467 = CARTESIAN_POINT ( 'NONE',  ( -0.1239639746374193996, 0.2503104279284379952, 0.09715547465173450525 ) ) ;
#1468 = VERTEX_POINT ( 'NONE', #2028 ) ;
#1469 = CARTESIAN_POINT ( 'NONE',  ( -0.1306198977208271883, 0.2471435718024755090, 0.1043133091175616062 ) ) ;
#1470 = DIRECTION ( 'NONE',  ( 0.2446372591148625320, 0.3895179497536754298, 0.8879348952893229008 ) ) ;
#1471 = DIRECTION ( 'NONE',  ( -0.2681027387725949396, -0.4355567088603419235, 0.8593086027902787638 ) ) ;
#1472 = LINE ( 'NONE', #1446, #1 ) ;
#1473 = EDGE_CURVE ( 'NONE', #2228, #951, #601, .T. ) ;
#1474 = DIRECTION ( 'NONE',  ( 0.2446372591148604503, 0.3895179497536745972, 0.8879348952893237890 ) ) ;
#1475 = DIRECTION ( 'NONE',  ( 0.2446372591148604503, 0.3895179497536745972, 0.8879348952893237890 ) ) ;
#1476 = ORIENTED_EDGE ( 'NONE', *, *, #471, .T. ) ;
#1477 = DIRECTION ( 'NONE',  ( 0.2446372591148625320, 0.3895179497536754298, 0.8879348952893229008 ) ) ;
#1478 = CARTESIAN_POINT ( 'NONE',  ( -0.1362132154384708138, 0.2380270431467309822, 0.1285105263941020148 ) ) ;
#1479 = VERTEX_POINT ( 'NONE', #232 ) ;
#1480 = CYLINDRICAL_SURFACE ( 'NONE', #2319, 0.005400000000000000286 ) ;
#1481 = ORIENTED_EDGE ( 'NONE', *, *, #1009, .T. ) ;
#1482 = CARTESIAN_POINT ( 'NONE',  ( -0.1174087818657792021, 0.2608627351976054998, 0.09667024131837539946 ) ) ;
#1483 = DIRECTION ( 'NONE',  ( 0.2446372591148586739, 0.3895179497536804814, 0.8879348952893216795 ) ) ;
#1484 = ADVANCED_FACE ( 'NONE', ( #950 ), #1658, .T. ) ;
#1485 = CYLINDRICAL_SURFACE ( 'NONE', #1021, 0.005400000000000000286 ) ;
#1486 = ORIENTED_EDGE ( 'NONE', *, *, #135, .F. ) ;
#1487 = CYLINDRICAL_SURFACE ( 'NONE', #1086, 0.01462500000000001472 ) ;
#1488 = DIRECTION ( 'NONE',  ( 0.2446372591148604503, 0.3895179497536745972, 0.8879348952893237890 ) ) ;
#1489 = VERTEX_POINT ( 'NONE', #421 ) ;
#1490 = AXIS2_PLACEMENT_3D ( 'NONE', #582, #454, #2009 ) ;
#1491 = AXIS2_PLACEMENT_3D ( 'NONE', #504, #1369, #1025 ) ;
#1492 = DIRECTION ( 'NONE',  ( 0.2446372591148604503, 0.3895179497536745972, 0.8879348952893237890 ) ) ;
#1493 = ORIENTED_EDGE ( 'NONE', *, *, #15, .T. ) ;
#1494 = AXIS2_PLACEMENT_3D ( 'NONE', #908, #1937, #1046 ) ;
#1495 = VECTOR ( 'NONE', #851, 1.000000000000000000 ) ;
#1496 = AXIS2_PLACEMENT_3D ( 'NONE', #448, #472, #1188 ) ;
#1497 = CARTESIAN_POINT ( 'NONE',  ( -0.1207548165394655981, 0.2554256786243009891, 0.1076325981683926014 ) ) ;
#1498 = AXIS2_PLACEMENT_3D ( 'NONE', #1797, #553, #1263 ) ;
#1499 = CIRCLE ( 'NONE', #495, 0.01209275000000000107 ) ;
#1500 = CIRCLE ( 'NONE', #2105, 0.005400000000000000286 ) ;
#1501 = DIRECTION ( 'NONE',  ( 0.2446372591148600895, 0.3895179497536777613, 0.8879348952893225677 ) ) ;
#1502 = DIRECTION ( 'NONE',  ( -0.2446372591148604503, -0.3895179497536745972, -0.8879348952893237890 ) ) ;
#1503 = EDGE_CURVE ( 'NONE', #746, #1849, #242, .T. ) ;
#1504 = EDGE_CURVE ( 'NONE', #1367, #1441, #754, .T. ) ;
#1505 = ORIENTED_EDGE ( 'NONE', *, *, #573, .T. ) ;
#1506 = CARTESIAN_POINT ( 'NONE',  ( -0.1190237156428547993, 0.2582696954717050297, 0.09539145207076850375 ) ) ;
#1507 = CARTESIAN_POINT ( 'NONE',  ( -0.1336018852149911673, 0.2346588147227484378, 0.1267732113137023386 ) ) ;
#1508 = ORIENTED_EDGE ( 'NONE', *, *, #445, .F. ) ;
#1509 = DIRECTION ( 'NONE',  ( 0.2446372591148599784, 0.3895179497536781499, 0.8879348952893223457 ) ) ;
#1510 = ORIENTED_EDGE ( 'NONE', *, *, #72, .F. ) ;
#1511 = FACE_BOUND ( 'NONE', #1101, .T. ) ;
#1512 = LINE ( 'NONE', #235, #358 ) ;
#1513 = LINE ( 'NONE', #629, #1725 ) ;
#1514 = ORIENTED_EDGE ( 'NONE', *, *, #905, .F. ) ;
#1515 = FACE_OUTER_BOUND ( 'NONE', #574, .T. ) ;
#1516 = DIRECTION ( 'NONE',  ( -0.8493881131629322789, 0.5277628146696672351, 0.002498933665448046116 ) ) ;
#1517 = VERTEX_POINT ( 'NONE', #1215 ) ;
#1518 = EDGE_CURVE ( 'NONE', #1358, #230, #835, .T. ) ;
#1519 = CARTESIAN_POINT ( 'NONE',  ( -0.1207757022147429998, 0.2554493233991564916, 0.09553988932067400408 ) ) ;
#1520 = ORIENTED_EDGE ( 'NONE', *, *, #212, .F. ) ;
#1521 = DIRECTION ( 'NONE',  ( -0.8493881131629322789, 0.5277628146696672351, 0.002498933665448046116 ) ) ;
#1522 = AXIS2_PLACEMENT_3D ( 'NONE', #789, #88, #943 ) ;
#1523 = DIRECTION ( 'NONE',  ( 0.2446372591148600895, 0.3895179497536777613, 0.8879348952893225677 ) ) ;
#1524 = DIRECTION ( 'NONE',  ( 0.8493881131629322789, -0.5277628146696672351, -0.002498933665448046116 ) ) ;
#1525 = ORIENTED_EDGE ( 'NONE', *, *, #1206, .F. ) ;
#1526 = CARTESIAN_POINT ( 'NONE',  ( -0.1186495617710671968, 0.2588218079107040270, 0.1055627650277334018 ) ) ;
#1527 = ORIENTED_EDGE ( 'NONE', *, *, #676, .T. ) ;
#1528 = ORIENTED_EDGE ( 'NONE', *, *, #2205, .T. ) ;
#1529 = FACE_OUTER_BOUND ( 'NONE', #352, .T. ) ;
#1530 = ORIENTED_EDGE ( 'NONE', *, *, #288, .F. ) ;
#1531 = FACE_OUTER_BOUND ( 'NONE', #1852, .T. ) ;
#1532 = VECTOR ( 'NONE', #858, 1.000000000000000000 ) ;
#1533 = EDGE_CURVE ( 'NONE', #1517, #1953, #145, .T. ) ;
#1534 = AXIS2_PLACEMENT_3D ( 'NONE', #1759, #1448, #2158 ) ;
#1535 = AXIS2_PLACEMENT_3D ( 'NONE', #2115, #130, #843 ) ;
#1536 = VECTOR ( 'NONE', #2243, 1.000000000000000000 ) ;
#1537 = AXIS2_PLACEMENT_3D ( 'NONE', #6, #1809, #1985 ) ;
#1538 = DIRECTION ( 'NONE',  ( 0.2446372591148604503, 0.3895179497536745972, 0.8879348952893237890 ) ) ;
#1539 = CARTESIAN_POINT ( 'NONE',  ( -0.1235938719898680010, 0.2584954187515159929, 0.09500535541207991153 ) ) ;
#1540 = CARTESIAN_POINT ( 'NONE',  ( -0.1210545694206702078, 0.2625856818910140000, 0.09427089444353499437 ) ) ;
#1541 = EDGE_LOOP ( 'NONE', ( #610, #298, #690, #1172 ) ) ;
#1542 = CYLINDRICAL_SURFACE ( 'NONE', #487, 0.003999999999999996614 ) ;
#1543 = ORIENTED_EDGE ( 'NONE', *, *, #2020, .F. ) ;
#1544 = EDGE_LOOP ( 'NONE', ( #467, #520, #1961, #390 ) ) ;
#1545 = ADVANCED_FACE ( 'NONE', ( #1377 ), #1717, .F. ) ;
#1546 = CARTESIAN_POINT ( 'NONE',  ( -0.1293830807857416221, 0.2491513519591364856, 0.1006741153195422067 ) ) ;
#1547 = EDGE_CURVE ( 'NONE', #779, #845, #898, .T. ) ;
#1548 = DIRECTION ( 'NONE',  ( 0.2446372591148606446, 0.3895179497536800373, 0.8879348952893213465 ) ) ;
#1549 = PRODUCT_DEFINITION_SHAPE ( 'NONE', 'NONE',  #706 ) ;
#1550 = CARTESIAN_POINT ( 'NONE',  ( -0.1234563711486150045, 0.2511297353606505300, 0.09665621093343319814 ) ) ;
#1551 = ORIENTED_EDGE ( 'NONE', *, *, #1504, .F. ) ;
#1552 = VERTEX_POINT ( 'NONE', #1039 ) ;
#1553 = CARTESIAN_POINT ( 'NONE',  ( -0.1220479636118322053, 0.2609333869321974753, 0.1055727632613288058 ) ) ;
#1554 = EDGE_LOOP ( 'NONE', ( #1103, #1453, #489, #416, #1224, #1740, #366, #1090, #272, #29, #1023, #131, #1679, #195, #1609, #379, #885, #1525, #1246, #313, #1940, #2061, #1811, #1209, #1562, #1019, #265, #1595, #973, #66, #571, #1812, #860, #291, #2163, #949, #2292, #1421, #1543, #709, #2311, #1341, #1245, #304, #1399, #2013, #427, #2116, #468, #623, #544, #1328, #822, #1551, #146 ) ) ;
#1555 = ORIENTED_EDGE ( 'NONE', *, *, #1720, .T. ) ;
#1556 = DIRECTION ( 'NONE',  ( -0.8493881131629322789, 0.5277628146696672351, 0.002498933665448046116 ) ) ;
#1557 = CARTESIAN_POINT ( 'NONE',  ( -0.1207548165394655981, 0.2554256786243009891, 0.1076325981683926014 ) ) ;
#1558 = ADVANCED_FACE ( 'NONE', ( #2085 ), #1739, .T. ) ;
#1559 = EDGE_CURVE ( 'NONE', #1443, #769, #643, .T. ) ;
#1560 = DIRECTION ( 'NONE',  ( -0.8493881131629322789, 0.5277628146696672351, 0.002498933665448046116 ) ) ;
#1561 = CARTESIAN_POINT ( 'NONE',  ( -0.1271131205166232125, 0.2451977212831890074, 0.1065392264452532101 ) ) ;
#1562 = ORIENTED_EDGE ( 'NONE', *, *, #1139, .F. ) ;
#1563 = ORIENTED_EDGE ( 'NONE', *, *, #1077, .F. ) ;
#1564 = DIRECTION ( 'NONE',  ( 0.8493881131629322789, -0.5277628146696672351, -0.002498933665448046116 ) ) ;
#1565 = EDGE_CURVE ( 'NONE', #198, #1877, #151, .T. ) ;
#1566 = CIRCLE ( 'NONE', #1753, 0.01209275000000001321 ) ;
#1567 = APPLICATION_CONTEXT ( 'configuration controlled 3d designs of mechanical parts and assemblies' ) ;
#1568 = AXIS2_PLACEMENT_3D ( 'NONE', #1071, #221, #386 ) ;
#1569 = AXIS2_PLACEMENT_3D ( 'NONE', #47, #234, #2002 ) ;
#1570 = FACE_BOUND ( 'NONE', #452, .T. ) ;
#1571 = DIRECTION ( 'NONE',  ( 0.2446372591148606446, 0.3895179497536800373, 0.8879348952893213465 ) ) ;
#1572 = EDGE_CURVE ( 'NONE', #1054, #1100, #330, .T. ) ;
#1573 = CARTESIAN_POINT ( 'NONE',  ( -0.1271107062072786287, 0.2528263866960957507, 0.09690501919804445086 ) ) ;
#1574 = EDGE_CURVE ( 'NONE', #1290, #2128, #1269, .T. ) ;
#1575 = ORIENTED_EDGE ( 'NONE', *, *, #1864, .F. ) ;
#1576 = VERTEX_POINT ( 'NONE', #1561 ) ;
#1577 = DIRECTION ( 'NONE',  ( -0.8493881131629322789, 0.5277628146696672351, 0.002498933665448046116 ) ) ;
#1578 = DIRECTION ( 'NONE',  ( 0.2446372591148606446, 0.3895179497536800373, 0.8879348952893213465 ) ) ;
#1579 = DIRECTION ( 'NONE',  ( 0.2446372591148599784, 0.3895179497536781499, 0.8879348952893223457 ) ) ;
#1580 = CARTESIAN_POINT ( 'NONE',  ( -0.1259387459355533478, 0.2546464461684417313, 0.1108667399086559896 ) ) ;
#1581 = APPROVAL_ROLE ( '' ) ;
#1582 = CARTESIAN_POINT ( 'NONE',  ( -0.1194312602206563934, 0.2651783032914765137, 0.09848484015337920228 ) ) ;
#1583 = EDGE_LOOP ( 'NONE', ( #668, #1210, #1185, #1455 ) ) ;
#1584 = ORIENTED_EDGE ( 'NONE', *, *, #420, .F. ) ;
#1585 = ADVANCED_FACE ( 'NONE', ( #1761 ), #1542, .T. ) ;
#1586 = CARTESIAN_POINT ( 'NONE',  ( -0.1310834535597270034, 0.2464124783453159884, 0.1011540101251079959 ) ) ;
#1587 = CARTESIAN_POINT ( 'NONE',  ( -0.1207548165394655981, 0.2554256786243009891, 0.1076325981683926014 ) ) ;
#1588 = CARTESIAN_POINT ( 'NONE',  ( -0.1340300004184421800, 0.2339771583106795005, 0.1252193252469460116 ) ) ;
#1589 = DIRECTION ( 'NONE',  ( 0.8493881131629322789, -0.5277628146696672351, -0.002498933665448046116 ) ) ;
#1590 = PERSON_AND_ORGANIZATION ( #1463, #2161 ) ;
#1591 = CARTESIAN_POINT ( 'NONE',  ( -0.1218677760439513952, 0.2536908884118064811, 0.09571679242045809388 ) ) ;
#1592 = LOCAL_TIME ( 12, 31, 15.00000000000000000, #1261 ) ;
#1593 = ORIENTED_EDGE ( 'NONE', *, *, #877, .F. ) ;
#1594 = EDGE_LOOP ( 'NONE', ( #1266, #1694, #1145, #196 ) ) ;
#1595 = ORIENTED_EDGE ( 'NONE', *, *, #1105, .F. ) ;
#1596 = CARTESIAN_POINT ( 'NONE',  ( -0.1204956196241090127, 0.2634687439604410097, 0.09775957839123439186 ) ) ;
#1597 = CARTESIAN_POINT ( 'NONE',  ( -0.1231772503566000293, 0.2515226482404033792, 0.1085481134462419478 ) ) ;
#1598 = EDGE_CURVE ( 'NONE', #1659, #2050, #940, .T. ) ;
#1599 = AXIS2_PLACEMENT_3D ( 'NONE', #1971, #1622, #1647 ) ;
#1600 = CARTESIAN_POINT ( 'NONE',  ( -0.1207548165394655981, 0.2554256786243009891, 0.1076325981683926014 ) ) ;
#1601 = VECTOR ( 'NONE', #278, 1.000000000000000000 ) ;
#1602 = CARTESIAN_POINT ( 'NONE',  ( -0.1142882219123920046, 0.2658484259712670106, 0.1043952703202501997 ) ) ;
#1603 = AXIS2_PLACEMENT_3D ( 'NONE', #696, #2300, #1208 ) ;
#1604 = CIRCLE ( 'NONE', #303, 0.005400000000000000286 ) ;
#1605 = PRODUCT_RELATED_PRODUCT_CATEGORY ( 'detail', '', ( #825 ) ) ;
#1606 = FACE_OUTER_BOUND ( 'NONE', #1544, .T. ) ;
#1607 = EDGE_LOOP ( 'NONE', ( #1667, #1972, #548, #727 ) ) ;
#1608 = CIRCLE ( 'NONE', #1383, 0.01209275000000000107 ) ;
#1609 = ORIENTED_EDGE ( 'NONE', *, *, #2181, .F. ) ;
#1610 = EDGE_LOOP ( 'NONE', ( #1176, #405, #85, #227 ) ) ;
#1611 = LINE ( 'NONE', #392, #1199 ) ;
#1612 = EDGE_CURVE ( 'NONE', #2251, #1123, #1233, .T. ) ;
#1613 = CARTESIAN_POINT ( 'NONE',  ( -0.1241523689921174012, 0.2575367298829795426, 0.1076425939030544038 ) ) ;
#1614 = ADVANCED_FACE ( 'NONE', ( #1022 ), #678, .T. ) ;
#1615 = CYLINDRICAL_SURFACE ( 'NONE', #497, 0.01462500000000001472 ) ;
#1616 = LINE ( 'NONE', #695, #2207 ) ;
#1617 = CALENDAR_DATE ( 2026, 6, 9 ) ;
#1618 = FACE_OUTER_BOUND ( 'NONE', #934, .T. ) ;
#1619 = ORIENTED_EDGE ( 'NONE', *, *, #1819, .T. ) ;
#1620 = ORIENTED_EDGE ( 'NONE', *, *, #1572, .T. ) ;
#1621 = VERTEX_POINT ( 'NONE', #1731 ) ;
#1622 = DIRECTION ( 'NONE',  ( -0.8493881131629322789, 0.5277628146696672351, 0.002498933665448046116 ) ) ;
#1623 = DIRECTION ( 'NONE',  ( -0.8493881131629322789, 0.5277628146696672351, 0.002498933665448046116 ) ) ;
#1624 = FACE_OUTER_BOUND ( 'NONE', #1195, .T. ) ;
#1625 = CARTESIAN_POINT ( 'NONE',  ( -0.1164587653281156931, 0.2622972989490176543, 0.1166080859359124033 ) ) ;
#1626 = DATE_TIME_ROLE ( 'creation_date' ) ;
#1627 = CARTESIAN_POINT ( 'NONE',  ( -0.1336018852149911673, 0.2346588147227484378, 0.1267732113137023386 ) ) ;
#1628 = EDGE_CURVE ( 'NONE', #92, #353, #1981, .T. ) ;
#1629 = ORIENTED_EDGE ( 'NONE', *, *, #741, .T. ) ;
#1630 = ORIENTED_EDGE ( 'NONE', *, *, #576, .T. ) ;
#1631 = ORIENTED_EDGE ( 'NONE', *, *, #1628, .F. ) ;
#1632 = DIRECTION ( 'NONE',  ( -0.8493881131629322789, 0.5277628146696672351, 0.002498933665448046116 ) ) ;
#1633 = CARTESIAN_POINT ( 'NONE',  ( -0.1202033345883099930, 0.2563702645490675280, 0.09558941637740468733 ) ) ;
#1634 = CARTESIAN_POINT ( 'NONE',  ( -0.1268958823556350091, 0.2455268020993094935, 0.1108782347387659989 ) ) ;
#1635 = DIRECTION ( 'NONE',  ( -0.8493881131629322789, 0.5277628146696672351, 0.002498933665448046116 ) ) ;
#1636 = EDGE_CURVE ( 'NONE', #2222, #403, #222, .T. ) ;
#1637 = CIRCLE ( 'NONE', #1450, 0.01209275000000001321 ) ;
#1638 = DIRECTION ( 'NONE',  ( 0.8493881131629322789, -0.5277628146696672351, -0.002498933665448046116 ) ) ;
#1639 = CIRCLE ( 'NONE', #484, 0.005400000000000000286 ) ;
#1640 = ORIENTED_EDGE ( 'NONE', *, *, #1533, .F. ) ;
#1641 = DIRECTION ( 'NONE',  ( -0.4317132968772846024, -0.6975128557275321883, 0.5719260838553951176 ) ) ;
#1642 = ORIENTED_EDGE ( 'NONE', *, *, #434, .T. ) ;
#1643 = VERTEX_POINT ( 'NONE', #1938 ) ;
#1644 = AXIS2_PLACEMENT_3D ( 'NONE', #236, #1156, #958 ) ;
#1645 = VECTOR ( 'NONE', #635, 1.000000000000000000 ) ;
#1646 = EDGE_CURVE ( 'NONE', #698, #1697, #1017, .T. ) ;
#1647 = DIRECTION ( 'NONE',  ( 0.2446372591148604503, 0.3895179497536745972, 0.8879348952893237890 ) ) ;
#1648 = AXIS2_PLACEMENT_3D ( 'NONE', #173, #2079, #2056 ) ;
#1649 = AXIS2_PLACEMENT_3D ( 'NONE', #1539, #1220, #1384 ) ;
#1650 = LINE ( 'NONE', #371, #2175 ) ;
#1651 = FACE_OUTER_BOUND ( 'NONE', #120, .T. ) ;
#1652 = CARTESIAN_POINT ( 'NONE',  ( -0.1207557345209187977, 0.2630653761357935050, 0.09453581817901310358 ) ) ;
#1653 = DIRECTION ( 'NONE',  ( -0.8493881131629322789, 0.5277628146696672351, 0.002498933665448046116 ) ) ;
#1654 = VERTEX_POINT ( 'NONE', #158 ) ;
#1655 = DIRECTION ( 'NONE',  ( -0.8493881131629322789, 0.5277628146696672351, 0.002498933665448046116 ) ) ;
#1656 = ORIENTED_EDGE ( 'NONE', *, *, #1817, .F. ) ;
#1657 = VERTEX_POINT ( 'NONE', #2093 ) ;
#1658 = CYLINDRICAL_SURFACE ( 'NONE', #2286, 0.005400000000000000286 ) ;
#1659 = VERTEX_POINT ( 'NONE', #1582 ) ;
#1660 = FACE_OUTER_BOUND ( 'NONE', #1889, .T. ) ;
#1661 = EDGE_CURVE ( 'NONE', #282, #2117, #760, .T. ) ;
#1662 = CARTESIAN_POINT ( 'NONE',  ( -0.1160337077680046042, 0.2630672520327979602, 0.09847484441871739991 ) ) ;
#1663 = DIRECTION ( 'NONE',  ( -0.8493881131629322789, 0.5277628146696672351, 0.002498933665448046116 ) ) ;
#1664 = FACE_OUTER_BOUND ( 'NONE', #1923, .T. ) ;
#1665 = ORIENTED_EDGE ( 'NONE', *, *, #1503, .T. ) ;
#1666 = CARTESIAN_POINT ( 'NONE',  ( -0.1268120655123849971, 0.2456516953172200035, 0.1129907494464840040 ) ) ;
#1667 = ORIENTED_EDGE ( 'NONE', *, *, #691, .F. ) ;
#1668 = VERTEX_POINT ( 'NONE', #1243 ) ;
#1669 = DIRECTION ( 'NONE',  ( 0.8493881131629322789, -0.5277628146696672351, -0.002498933665448046116 ) ) ;
#1670 = ORIENTED_EDGE ( 'NONE', *, *, #1518, .T. ) ;
#1671 = DIRECTION ( 'NONE',  ( -0.8493881131629322789, 0.5277628146696672351, 0.002498933665448046116 ) ) ;
#1672 = EDGE_CURVE ( 'NONE', #485, #801, #1382, .T. ) ;
#1673 = EDGE_CURVE ( 'NONE', #1391, #1489, #677, .T. ) ;
#1674 = CARTESIAN_POINT ( 'NONE',  ( -0.1312220717319382002, 0.2461867085049145032, 0.1017191706623906122 ) ) ;
#1675 = DIRECTION ( 'NONE',  ( 0.8493881131629322789, -0.5277628146696672351, -0.002498933665448046116 ) ) ;
#1676 = ORIENTED_EDGE ( 'NONE', *, *, #1705, .F. ) ;
#1677 = CARTESIAN_POINT ( 'NONE',  ( -0.1216068947846701970, 0.2541231886367145143, 0.09309065512434630540 ) ) ;
#1678 = VERTEX_POINT ( 'NONE', #1959 ) ;
#1679 = ORIENTED_EDGE ( 'NONE', *, *, #1895, .F. ) ;
#1680 = CIRCLE ( 'NONE', #600, 0.005400000000000000286 ) ;
#1681 = DIRECTION ( 'NONE',  ( -0.8493881131629322789, 0.5277628146696672351, 0.002498933665448046116 ) ) ;
#1682 = ORIENTED_EDGE ( 'NONE', *, *, #1193, .T. ) ;
#1683 = CIRCLE ( 'NONE', #603, 0.01462500000000001472 ) ;
#1684 = AXIS2_PLACEMENT_3D ( 'NONE', #688, #477, #488 ) ;
#1685 = CIRCLE ( 'NONE', #605, 0.001750000000000013481 ) ;
#1686 = CYLINDRICAL_SURFACE ( 'NONE', #413, 0.005400000000000000286 ) ;
#1687 = AXIS2_PLACEMENT_3D ( 'NONE', #1299, #1154, #1886 ) ;
#1688 = CIRCLE ( 'NONE', #1091, 0.01462500000000001472 ) ;
#1689 = DIRECTION ( 'NONE',  ( -0.2446372591148599784, -0.3895179497536781499, -0.8879348952893223457 ) ) ;
#1690 = EDGE_CURVE ( 'NONE', #2050, #1123, #1063, .T. ) ;
#1691 = DIRECTION ( 'NONE',  ( -0.8493881131629322789, 0.5277628146696672351, 0.002498933665448046116 ) ) ;
#1692 = EDGE_LOOP ( 'NONE', ( #1803, #2312, #2076, #430 ) ) ;
#1693 = CARTESIAN_POINT ( 'NONE',  ( -0.1207539671513523927, 0.2554251508614864830, 0.1076325956694589997 ) ) ;
#1694 = ORIENTED_EDGE ( 'NONE', *, *, #1973, .F. ) ;
#1695 = ORIENTED_EDGE ( 'NONE', *, *, #1884, .T. ) ;
#1696 = CYLINDRICAL_SURFACE ( 'NONE', #1457, 0.005400000000000000286 ) ;
#1697 = VERTEX_POINT ( 'NONE', #361 ) ;
#1698 = PLANE ( 'NONE',  #490 ) ;
#1699 = CARTESIAN_POINT ( 'NONE',  ( -0.1219740281689242062, 0.2610963199752370234, 0.09629275900577000114 ) ) ;
#1700 = DIRECTION ( 'NONE',  ( 0.8493881131629322789, -0.5277628146696672351, -0.002498933665448046116 ) ) ;
#1701 = EDGE_LOOP ( 'NONE', ( #1749, #441, #382, #1729 ) ) ;
#1702 = CARTESIAN_POINT ( 'NONE',  ( -0.1207548165394655981, 0.2554256786243009891, 0.1076325981683926014 ) ) ;
#1703 = DIRECTION ( 'NONE',  ( 0.8493881131629322789, -0.5277628146696672351, -0.002498933665448046116 ) ) ;
#1704 = VERTEX_POINT ( 'NONE', #177 ) ;
#1705 = EDGE_CURVE ( 'NONE', #18, #1290, #1997, .T. ) ;
#1706 = DIRECTION ( 'NONE',  ( 0.2446372591148603393, 0.3895179497536781499, 0.8879348952893222346 ) ) ;
#1707 = ORIENTED_EDGE ( 'NONE', *, *, #245, .T. ) ;
#1708 = DIRECTION ( 'NONE',  ( 0.8493881131629322789, -0.5277628146696672351, -0.002498933665448046116 ) ) ;
#1709 = EDGE_CURVE ( 'NONE', #845, #1391, #893, .T. ) ;
#1710 = AXIS2_PLACEMENT_3D ( 'NONE', #803, #246, #48 ) ;
#1711 = LINE ( 'NONE', #2119, #1536 ) ;
#1712 = CARTESIAN_POINT ( 'NONE',  ( -0.1183550623876162000, 0.2668968260382559854, 0.1013409563362522026 ) ) ;
#1713 = CARTESIAN_POINT ( 'NONE',  ( -0.1241523689921174012, 0.2575367298829795426, 0.1076425939030544038 ) ) ;
#1714 = ORIENTED_EDGE ( 'NONE', *, *, #1009, .F. ) ;
#1715 = EDGE_CURVE ( 'NONE', #1678, #1279, #1055, .T. ) ;
#1716 = VECTOR ( 'NONE', #1143, 1.000000000000000000 ) ;
#1717 = CYLINDRICAL_SURFACE ( 'NONE', #1087, 0.001300000000000009481 ) ;
#1718 = ORIENTED_EDGE ( 'NONE', *, *, #1211, .F. ) ;
#1719 = ORIENTED_EDGE ( 'NONE', *, *, #1574, .F. ) ;
#1720 = EDGE_CURVE ( 'NONE', #1401, #1783, #1770, .T. ) ;
#1721 = FACE_OUTER_BOUND ( 'NONE', #1084, .T. ) ;
#1722 = AXIS2_PLACEMENT_3D ( 'NONE', #296, #1037, #1018 ) ;
#1723 = CIRCLE ( 'NONE', #751, 0.003999999999999996614 ) ;
#1724 = VECTOR ( 'NONE', #1107, 1.000000000000000000 ) ;
#1725 = VECTOR ( 'NONE', #2006, 1.000000000000000000 ) ;
#1726 = DIRECTION ( 'NONE',  ( -0.8493881131629322789, 0.5277628146696672351, 0.002498933665448046116 ) ) ;
#1727 = DIRECTION ( 'NONE',  ( -0.8493881131629325010, 0.5277628146696669020, 0.002498933665448288544 ) ) ;
#1728 = FACE_OUTER_BOUND ( 'NONE', #331, .T. ) ;
#1729 = ORIENTED_EDGE ( 'NONE', *, *, #1273, .F. ) ;
#1730 = ORIENTED_EDGE ( 'NONE', *, *, #1152, .F. ) ;
#1731 = CARTESIAN_POINT ( 'NONE',  ( -0.1259855283330900133, 0.2470403007004579876, 0.1006641195848803905 ) ) ;
#1732 = ORIENTED_EDGE ( 'NONE', *, *, #1787, .T. ) ;
#1733 = VERTEX_POINT ( 'NONE', #542 ) ;
#1734 = DIRECTION ( 'NONE',  ( -0.8493881131629322789, 0.5277628146696672351, 0.002498933665448046116 ) ) ;
#1735 = ADVANCED_FACE ( 'NONE', ( #1606 ), #1430, .T. ) ;
#1736 = ADVANCED_FACE ( 'NONE', ( #167 ), #1968, .T. ) ;
#1737 = CARTESIAN_POINT ( 'NONE',  ( -0.1244672074903887954, 0.2494044692540549890, 0.1174406455637544006 ) ) ;
#1738 = CYLINDRICAL_SURFACE ( 'NONE', #218, 0.005400000000000000286 ) ;
#1739 = CYLINDRICAL_SURFACE ( 'NONE', #2066, 0.005400000000000002888 ) ;
#1740 = ORIENTED_EDGE ( 'NONE', *, *, #1559, .F. ) ;
#1741 = VERTEX_POINT ( 'NONE', #881 ) ;
#1742 = DIRECTION ( 'NONE',  ( 0.8493881131629322789, -0.5277628146696672351, -0.002498933665448046116 ) ) ;
#1743 = EDGE_CURVE ( 'NONE', #1873, #1468, #2103, .T. ) ;
#1744 = EDGE_CURVE ( 'NONE', #912, #129, #378, .T. ) ;
#1745 = CARTESIAN_POINT ( 'NONE',  ( -0.1352443378510652106, 0.2320383247333064891, 0.1219381198344515888 ) ) ;
#1746 = DIRECTION ( 'NONE',  ( -0.8493881131629322789, 0.5277628146696672351, 0.002498933665448046116 ) ) ;
#1747 = AXIS2_PLACEMENT_3D ( 'NONE', #529, #1956, #348 ) ;
#1748 = DIRECTION ( 'NONE',  ( -0.8493881131629322789, 0.5277628146696672351, 0.002498933665448046116 ) ) ;
#1749 = ORIENTED_EDGE ( 'NONE', *, *, #847, .F. ) ;
#1750 = VERTEX_POINT ( 'NONE', #910 ) ;
#1751 = CARTESIAN_POINT ( 'NONE',  ( -0.1275015292307951909, 0.2521986809249194827, 0.09663263663960600103 ) ) ;
#1752 = AXIS2_PLACEMENT_3D ( 'NONE', #2140, #1778, #1807 ) ;
#1753 = AXIS2_PLACEMENT_3D ( 'NONE', #1775, #30, #2167 ) ;
#1754 = AXIS2_PLACEMENT_3D ( 'NONE', #2260, #1910, #2291 ) ;
#1755 = CIRCLE ( 'NONE', #81, 0.01209275000000001321 ) ;
#1756 = CARTESIAN_POINT ( 'NONE',  ( -0.1250044472373220139, 0.2562342398953929568, 0.09310065085900810777 ) ) ;
#1757 = AXIS2_PLACEMENT_3D ( 'NONE', #1822, #1234, #343 ) ;
#1758 = ADVANCED_FACE ( 'NONE', ( #1618 ), #732, .T. ) ;
#1759 = CARTESIAN_POINT ( 'NONE',  ( -0.1194194272747833990, 0.2651962997618745321, 0.09870609280382150463 ) ) ;
#1760 = COORDINATED_UNIVERSAL_TIME_OFFSET ( 2, 0, .AHEAD. ) ;
#1761 = FACE_OUTER_BOUND ( 'NONE', #1701, .T. ) ;
#1762 = ORIENTED_EDGE ( 'NONE', *, *, #288, .T. ) ;
#1763 = ORIENTED_EDGE ( 'NONE', *, *, #1321, .T. ) ;
#1764 = CIRCLE ( 'NONE', #568, 0.01209275000000000107 ) ;
#1765 = CARTESIAN_POINT ( 'NONE',  ( -0.1253397068141351989, 0.2556849704751334995, 0.09514891486452439762 ) ) ;
#1766 = DIRECTION ( 'NONE',  ( 0.8493881131629322789, -0.5277628146696672351, -0.002498933665448046116 ) ) ;
#1767 = DIRECTION ( 'NONE',  ( 0.8493881131629322789, -0.5277628146696672351, -0.002498933665448046116 ) ) ;
#1768 = DIRECTION ( 'NONE',  ( -0.8493881131629322789, 0.5277628146696672351, 0.002498933665448046116 ) ) ;
#1769 = PERSON_AND_ORGANIZATION ( #1463, #2161 ) ;
#1770 = LINE ( 'NONE', #929, #1385 ) ;
#1771 = VERTEX_POINT ( 'NONE', #387 ) ;
#1772 = ORIENTED_EDGE ( 'NONE', *, *, #1064, .T. ) ;
#1773 = ORIENTED_EDGE ( 'NONE', *, *, #1139, .T. ) ;
#1774 = EDGE_CURVE ( 'NONE', #1158, #380, #1451, .T. ) ;
#1775 = CARTESIAN_POINT ( 'NONE',  ( -0.1207548165394655981, 0.2554256786243009891, 0.1076325981683926014 ) ) ;
#1776 = CARTESIAN_POINT ( 'NONE',  ( -0.1241541735379066008, 0.2575938919562930085, 0.09495687243492610674 ) ) ;
#1777 = LINE ( 'NONE', #1230, #2012 ) ;
#1778 = DIRECTION ( 'NONE',  ( -0.3035843581557836068, -0.4847083943432109465, -0.8203013531235745504 ) ) ;
#1779 = APPROVAL_DATE_TIME ( #880, #2033 ) ;
#1780 = DIRECTION ( 'NONE',  ( 0.8493881131629322789, -0.5277628146696672351, -0.002498933665448046116 ) ) ;
#1781 = VERTEX_POINT ( 'NONE', #1591 ) ;
#1782 = EDGE_CURVE ( 'NONE', #268, #534, #374, .T. ) ;
#1783 = VERTEX_POINT ( 'NONE', #2310 ) ;
#1784 = ORIENTED_EDGE ( 'NONE', *, *, #433, .F. ) ;
#1785 = DIRECTION ( 'NONE',  ( 0.2446372591148606446, 0.3895179497536777613, 0.8879348952893225677 ) ) ;
#1786 = EDGE_LOOP ( 'NONE', ( #660, #1173, #2030, #2212 ) ) ;
#1787 = EDGE_CURVE ( 'NONE', #403, #2313, #756, .T. ) ;
#1788 = DIRECTION ( 'NONE',  ( 0.2446372591148604503, 0.3895179497536745972, 0.8879348952893237890 ) ) ;
#1789 = VECTOR ( 'NONE', #1205, 1.000000000000000000 ) ;
#1790 = VECTOR ( 'NONE', #523, 1.000000000000000000 ) ;
#1791 = CARTESIAN_POINT ( 'NONE',  ( -0.1287260113762830060, 0.2502317990400959591, 0.09582690916951269733 ) ) ;
#1792 = AXIS2_PLACEMENT_3D ( 'NONE', #1469, #780, #2038 ) ;
#1793 = DIRECTION ( 'NONE',  ( -0.8493881131629322789, 0.5277628146696672351, 0.002498933665448046116 ) ) ;
#1794 = VECTOR ( 'NONE', #2155, 1.000000000000000000 ) ;
#1795 = APPROVAL_STATUS ( 'not_yet_approved' ) ;
#1796 = AXIS2_PLACEMENT_3D ( 'NONE', #1169, #62, #1831 ) ;
#1797 = CARTESIAN_POINT ( 'NONE',  ( -0.1241523689921174012, 0.2575367298829795426, 0.1076425939030544038 ) ) ;
#1798 = ORIENTED_EDGE ( 'NONE', *, *, #1368, .F. ) ;
#1799 = CIRCLE ( 'NONE', #2104, 0.005400000000000000286 ) ;
#1800 = ORIENTED_EDGE ( 'NONE', *, *, #1193, .F. ) ;
#1801 = AXIS2_PLACEMENT_3D ( 'NONE', #1712, #1016, #1203 ) ;
#1802 = DIRECTION ( 'NONE',  ( 0.8493881131629322789, -0.5277628146696672351, -0.002498933665448046116 ) ) ;
#1803 = ORIENTED_EDGE ( 'NONE', *, *, #1673, .T. ) ;
#1804 = LINE ( 'NONE', #753, #648 ) ;
#1805 = EDGE_CURVE ( 'NONE', #282, #1443, #1984, .T. ) ;
#1806 = CARTESIAN_POINT ( 'NONE',  ( -0.1207548165394655981, 0.2554256786243009891, 0.1076325981683926014 ) ) ;
#1807 = DIRECTION ( 'NONE',  ( -0.4317132968772846024, -0.6975128557275321883, 0.5719260838553951176 ) ) ;
#1808 = PERSON_AND_ORGANIZATION ( #1463, #2161 ) ;
#1809 = DIRECTION ( 'NONE',  ( 0.8493881131629322789, -0.5277628146696672351, -0.002498933665448046116 ) ) ;
#1810 = ORIENTED_EDGE ( 'NONE', *, *, #823, .T. ) ;
#1811 = ORIENTED_EDGE ( 'NONE', *, *, #1673, .F. ) ;
#1812 = ORIENTED_EDGE ( 'NONE', *, *, #15, .F. ) ;
#1813 = ADVANCED_FACE ( 'NONE', ( #2231 ), #1337, .T. ) ;
#1814 = DIRECTION ( 'NONE',  ( -0.8493881131629322789, 0.5277628146696672351, 0.002498933665448046116 ) ) ;
#1815 = VERTEX_POINT ( 'NONE', #1467 ) ;
#1816 = DIRECTION ( 'NONE',  ( -0.8493881131629322789, 0.5277628146696672351, 0.002498933665448046116 ) ) ;
#1817 = EDGE_CURVE ( 'NONE', #2086, #1468, #437, .T. ) ;
#1818 =( LENGTH_UNIT ( ) NAMED_UNIT ( * ) SI_UNIT ( $, .METRE. ) );
#1819 = EDGE_CURVE ( 'NONE', #1750, #1031, #979, .T. ) ;
#1820 = CARTESIAN_POINT ( 'NONE',  ( -0.1207557345209187977, 0.2630653761357935050, 0.09453581817901310358 ) ) ;
#1821 = EDGE_CURVE ( 'NONE', #745, #429, #2184, .T. ) ;
#1822 = CARTESIAN_POINT ( 'NONE',  ( -0.1207548165394655981, 0.2554256786243009891, 0.1076325981683926014 ) ) ;
#1823 = ORIENTED_EDGE ( 'NONE', *, *, #1255, .T. ) ;
#1824 = VERTEX_POINT ( 'NONE', #1327 ) ;
#1825 = CARTESIAN_POINT ( 'NONE',  ( -0.1273438883304950087, 0.2448107290808450021, 0.1098320933487666046 ) ) ;
#1826 = CIRCLE ( 'NONE', #1710, 0.005400000000000000286 ) ;
#1827 = CARTESIAN_POINT ( 'NONE',  ( -0.1241523689921174012, 0.2575367298829795426, 0.1076425939030544038 ) ) ;
#1828 = CARTESIAN_POINT ( 'NONE',  ( -0.1340300004184421800, 0.2339771583106795005, 0.1252193252469460116 ) ) ;
#1829 = CARTESIAN_POINT ( 'NONE',  ( -0.1235652395702415696, 0.2584715729623886515, 0.1097736376517488288 ) ) ;
#1830 = AXIS2_PLACEMENT_3D ( 'NONE', #2082, #674, #1386 ) ;
#1831 = DIRECTION ( 'NONE',  ( -0.2446372591148604503, -0.3895179497536745972, -0.8879348952893237890 ) ) ;
#1832 = CIRCLE ( 'NONE', #219, 0.01209275000000000107 ) ;
#1833 = ORIENTED_EDGE ( 'NONE', *, *, #1565, .T. ) ;
#1834 = CYLINDRICAL_SURFACE ( 'NONE', #1945, 0.005400000000000000286 ) ;
#1835 = ORIENTED_EDGE ( 'NONE', *, *, #2003, .F. ) ;
#1836 = ORIENTED_EDGE ( 'NONE', *, *, #980, .T. ) ;
#1837 = CIRCLE ( 'NONE', #1792, 0.005400000000000000286 ) ;
#1838 = AXIS2_PLACEMENT_3D ( 'NONE', #533, #1251, #211 ) ;
#1839 = DIRECTION ( 'NONE',  ( 0.8493881131629322789, -0.5277628146696672351, -0.002498933665448046116 ) ) ;
#1840 = AXIS2_PLACEMENT_3D ( 'NONE', #654, #1726, #2296 ) ;
#1841 = ORIENTED_EDGE ( 'NONE', *, *, #2130, .F. ) ;
#1842 = CIRCLE ( 'NONE', #124, 0.005400000000000000286 ) ;
#1843 = CARTESIAN_POINT ( 'NONE',  ( -0.1241523689921174012, 0.2575367298829795426, 0.1076425939030544038 ) ) ;
#1844 = FACE_OUTER_BOUND ( 'NONE', #438, .T. ) ;
#1845 = LINE ( 'NONE', #1820, #1724 ) ;
#1846 = CARTESIAN_POINT ( 'NONE',  ( -0.1229898980936684066, 0.2594760413282700129, 0.09319342930684240689 ) ) ;
#1847 = EDGE_LOOP ( 'NONE', ( #1376, #1530, #1170, #1682 ) ) ;
#1848 = CARTESIAN_POINT ( 'NONE',  ( -0.1270392005943880021, 0.2453017536512730190, 0.1096934869944175966 ) ) ;
#1849 = VERTEX_POINT ( 'NONE', #579 ) ;
#1850 = ORIENTED_EDGE ( 'NONE', *, *, #60, .F. ) ;
#1851 = CARTESIAN_POINT ( 'NONE',  ( -0.1183550623876162000, 0.2668968260382559854, 0.1013409563362522026 ) ) ;
#1852 = EDGE_LOOP ( 'NONE', ( #923, #351, #1732, #43 ) ) ;
#1853 = EDGE_CURVE ( 'NONE', #2117, #277, #2255, .T. ) ;
#1854 = EDGE_CURVE ( 'NONE', #1931, #104, #2057, .T. ) ;
#1855 = CYLINDRICAL_SURFACE ( 'NONE', #187, 0.01209275000000000107 ) ;
#1856 = CARTESIAN_POINT ( 'NONE',  ( -0.1241523689921174012, 0.2575367298829795426, 0.1076425939030544038 ) ) ;
#1857 = CC_DESIGN_PERSON_AND_ORGANIZATION_ASSIGNMENT ( #1769, #1418, ( #633 ) ) ;
#1858 = CARTESIAN_POINT ( 'NONE',  ( -0.1207548165394655981, 0.2554256786243009891, 0.1076325981683926014 ) ) ;
#1859 = ORIENTED_EDGE ( 'NONE', *, *, #1254, .T. ) ;
#1860 = DIRECTION ( 'NONE',  ( -0.2446372591148599784, -0.3895179497536781499, -0.8879348952893223457 ) ) ;
#1861 = DIRECTION ( 'NONE',  ( 0.2446372591148604503, 0.3895179497536745972, 0.8879348952893237890 ) ) ;
#1862 = EDGE_LOOP ( 'NONE', ( #1303, #2271, #996, #971 ) ) ;
#1863 = CARTESIAN_POINT ( 'NONE',  ( -0.1162368424569314024, 0.2627372416906080255, 0.09912592089230749803 ) ) ;
#1864 = EDGE_CURVE ( 'NONE', #708, #268, #51, .T. ) ;
#1865 = ORIENTED_EDGE ( 'NONE', *, *, #672, .F. ) ;
#1866 = DIRECTION ( 'NONE',  ( -0.2446372591148604503, -0.3895179497536745972, -0.8879348952893237890 ) ) ;
#1867 = ADVANCED_FACE ( 'NONE', ( #247 ), #263, .T. ) ;
#1868 = CARTESIAN_POINT ( 'NONE',  ( -0.1220479636118322053, 0.2609333869321974753, 0.1055727632613288058 ) ) ;
#1869 = DIRECTION ( 'NONE',  ( 0.8493881131629322789, -0.5277628146696672351, -0.002498933665448046116 ) ) ;
#1870 = ORIENTED_EDGE ( 'NONE', *, *, #1934, .T. ) ;
#1871 = FACE_OUTER_BOUND ( 'NONE', #2270, .T. ) ;
#1872 = CARTESIAN_POINT ( 'NONE',  ( -0.1352443378510652106, 0.2320383247333064891, 0.1219381198344515888 ) ) ;
#1873 = VERTEX_POINT ( 'NONE', #2036 ) ;
#1874 = AXIS2_PLACEMENT_3D ( 'NONE', #1002, #1560, #1190 ) ;
#1875 = CIRCLE ( 'NONE', #2021, 0.005400000000000000286 ) ;
#1876 = CARTESIAN_POINT ( 'NONE',  ( -0.1302934348082867844, 0.2476378533579879915, 0.1108882304734275931 ) ) ;
#1877 = VERTEX_POINT ( 'NONE', #426 ) ;
#1878 = AXIS2_PLACEMENT_3D ( 'NONE', #631, #2233, #1301 ) ;
#1879 = AXIS2_PLACEMENT_3D ( 'NONE', #2108, #311, #871 ) ;
#1880 = CIRCLE ( 'NONE', #1053, 0.001750000000000013481 ) ;
#1881 = DIRECTION ( 'NONE',  ( 0.4676456400633730026, 0.7548126776039491004, -0.4599623648279010935 ) ) ;
#1882 = CIRCLE ( 'NONE', #1919, 0.01462500000000001472 ) ;
#1883 = AXIS2_PLACEMENT_3D ( 'NONE', #878, #694, #12 ) ;
#1884 = EDGE_CURVE ( 'NONE', #708, #1989, #791, .T. ) ;
#1885 = DIRECTION ( 'NONE',  ( -0.2446372591148603393, -0.3895179497536781499, -0.8879348952893222346 ) ) ;
#1886 = DIRECTION ( 'NONE',  ( -0.2446372591148603393, -0.3895179497536781499, -0.8879348952893222346 ) ) ;
#1887 = VERTEX_POINT ( 'NONE', #1116 ) ;
#1888 = DIRECTION ( 'NONE',  ( -0.8493881131629322789, 0.5277628146696672351, 0.002498933665448046116 ) ) ;
#1889 = EDGE_LOOP ( 'NONE', ( #2262, #1656, #1237, #205 ) ) ;
#1890 = ORIENTED_EDGE ( 'NONE', *, *, #1715, .T. ) ;
#1891 = CARTESIAN_POINT ( 'NONE',  ( -0.1241523689921174012, 0.2575367298829795426, 0.1076425939030544038 ) ) ;
#1892 = ORIENTED_EDGE ( 'NONE', *, *, #1672, .T. ) ;
#1893 = EDGE_CURVE ( 'NONE', #1031, #1643, #1882, .T. ) ;
#1894 = DIRECTION ( 'NONE',  ( -0.8493881131629322789, 0.5277628146696672351, 0.002498933665448046116 ) ) ;
#1895 = EDGE_CURVE ( 'NONE', #1733, #2058, #1513, .T. ) ;
#1896 = DIRECTION ( 'NONE',  ( -0.8493881131629322789, 0.5277628146696672351, 0.002498933665448046116 ) ) ;
#1897 = DIRECTION ( 'NONE',  ( -0.8493881131629322789, 0.5277628146696672351, 0.002498933665448046116 ) ) ;
#1898 = ADVANCED_FACE ( 'NONE', ( #399 ), #2019, .T. ) ;
#1899 = DIRECTION ( 'NONE',  ( -0.8493881131629322789, 0.5277628146696672351, 0.002498933665448046116 ) ) ;
#1900 = ORIENTED_EDGE ( 'NONE', *, *, #839, .T. ) ;
#1901 = CARTESIAN_POINT ( 'NONE',  ( -0.1304523414615172128, 0.2474180342145335110, 0.1033005730854950066 ) ) ;
#1902 = ORIENTED_EDGE ( 'NONE', *, *, #1973, .T. ) ;
#1903 = EDGE_LOOP ( 'NONE', ( #1784, #1366, #55, #1118 ) ) ;
#1904 = CARTESIAN_POINT ( 'NONE',  ( -0.1241523689921174012, 0.2575367298829795426, 0.1076425939030544038 ) ) ;
#1905 = AXIS2_PLACEMENT_3D ( 'NONE', #259, #978, #34 ) ;
#1906 = CARTESIAN_POINT ( 'NONE',  ( -0.1296511209627871919, 0.2487214354444349795, 0.1003635066901712031 ) ) ;
#1907 = CARTESIAN_POINT ( 'NONE',  ( -0.1228592219197507940, 0.2520290215750830010, 0.1097024288101180051 ) ) ;
#1908 = CYLINDRICAL_SURFACE ( 'NONE', #1830, 0.01209274999999999066 ) ;
#1909 = VERTEX_POINT ( 'NONE', #945 ) ;
#1910 = DIRECTION ( 'NONE',  ( -0.8493881131629322789, 0.5277628146696672351, 0.002498933665448046116 ) ) ;
#1911 = VERTEX_POINT ( 'NONE', #991 ) ;
#1912 = ORIENTED_EDGE ( 'NONE', *, *, #874, .F. ) ;
#1913 = AXIS2_PLACEMENT_3D ( 'NONE', #54, #1516, #1470 ) ;
#1914 = EDGE_CURVE ( 'NONE', #287, #736, #1842, .T. ) ;
#1915 = DIRECTION ( 'NONE',  ( 0.2446372591148604503, 0.3895179497536745972, 0.8879348952893237890 ) ) ;
#1916 = AXIS2_PLACEMENT_3D ( 'NONE', #2023, #1888, #2048 ) ;
#1917 = AXIS2_PLACEMENT_3D ( 'NONE', #1439, #1638, #26 ) ;
#1918 = CIRCLE ( 'NONE', #755, 0.005400000000000000286 ) ;
#1919 = AXIS2_PLACEMENT_3D ( 'NONE', #1858, #1691, #89 ) ;
#1920 = DIRECTION ( 'NONE',  ( -0.2446372591148604503, -0.3895179497536745972, -0.8879348952893237890 ) ) ;
#1921 = LINE ( 'NONE', #2073, #1532 ) ;
#1922 = CARTESIAN_POINT ( 'NONE',  ( -0.1207548165394655981, 0.2554256786243009891, 0.1076325981683926014 ) ) ;
#1923 = EDGE_LOOP ( 'NONE', ( #1432, #650, #1378, #400 ) ) ;
#1924 = VERTEX_POINT ( 'NONE', #415 ) ;
#1925 = CARTESIAN_POINT ( 'NONE',  ( -0.1270046265280004028, 0.2530007165422185067, 0.09614389789666390185 ) ) ;
#1926 = EDGE_CURVE ( 'NONE', #735, #2096, #778, .T. ) ;
#1927 = ADVANCED_FACE ( 'NONE', ( #1664 ), #1485, .T. ) ;
#1928 = CARTESIAN_POINT ( 'NONE',  ( -0.1190775753446094015, 0.2657561602434470038, 0.09666178978930020649 ) ) ;
#1929 = FACE_OUTER_BOUND ( 'NONE', #1186, .T. ) ;
#1930 = DIRECTION ( 'NONE',  ( 0.2446372591148599784, 0.3895179497536781499, 0.8879348952893223457 ) ) ;
#1931 = VERTEX_POINT ( 'NONE', #481 ) ;
#1932 = VERTEX_POINT ( 'NONE', #1396 ) ;
#1933 = CARTESIAN_POINT ( 'NONE',  ( -0.1241523689921174012, 0.2575367298829795426, 0.1076425939030544038 ) ) ;
#1934 = EDGE_CURVE ( 'NONE', #1358, #745, #3, .T. ) ;
#1935 = CC_DESIGN_APPROVAL ( #469, ( #1192 ) ) ;
#1936 = LINE ( 'NONE', #126, #2176 ) ;
#1937 = DIRECTION ( 'NONE',  ( -0.8493881131629322789, 0.5277628146696672351, 0.002498933665448046116 ) ) ;
#1938 = CARTESIAN_POINT ( 'NONE',  ( -0.1267818554730442138, 0.2457691647837825233, 0.09845016019468390278 ) ) ;
#1939 = VERTEX_POINT ( 'NONE', #655 ) ;
#1940 = ORIENTED_EDGE ( 'NONE', *, *, #27, .F. ) ;
#1941 = DIRECTION ( 'NONE',  ( -0.2446372591148604503, -0.3895179497536745972, -0.8879348952893237890 ) ) ;
#1942 = AXIS2_PLACEMENT_3D ( 'NONE', #79, #229, #1861 ) ;
#1943 = CYLINDRICAL_SURFACE ( 'NONE', #1020, 0.01209275000000000107 ) ;
#1944 = AXIS2_PLACEMENT_3D ( 'NONE', #470, #775, #293 ) ;
#1945 = AXIS2_PLACEMENT_3D ( 'NONE', #762, #969, #770 ) ;
#1946 = CIRCLE ( 'NONE', #1202, 0.01462500000000001472 ) ;
#1947 = LINE ( 'NONE', #1095, #110 ) ;
#1948 = AXIS2_PLACEMENT_3D ( 'NONE', #2106, #642, #507 ) ;
#1949 = EDGE_CURVE ( 'NONE', #1576, #1109, #942, .T. ) ;
#1950 = DIRECTION ( 'NONE',  ( 0.2446372591148599784, 0.3895179497536781499, 0.8879348952893223457 ) ) ;
#1951 = DIRECTION ( 'NONE',  ( 0.2446372591148604503, 0.3895179497536745972, 0.8879348952893237890 ) ) ;
#1952 = EDGE_LOOP ( 'NONE', ( #630, #1265, #2010, #2052 ) ) ;
#1953 = VERTEX_POINT ( 'NONE', #1362 ) ;
#1954 = CARTESIAN_POINT ( 'NONE',  ( -0.1268120655123849971, 0.2456516953172200035, 0.1129907494464840040 ) ) ;
#1955 = FACE_OUTER_BOUND ( 'NONE', #1862, .T. ) ;
#1957 = EDGE_CURVE ( 'NONE', #1654, #455, #1272, .T. ) ;
#1956 = DIRECTION ( 'NONE',  ( -0.8493881131629322789, 0.5277628146696672351, 0.002498933665448046116 ) ) ;
#1958 = FACE_OUTER_BOUND ( 'NONE', #1952, .T. ) ;
#1959 = CARTESIAN_POINT ( 'NONE',  ( -0.1186299824194810421, 0.2664640154249633963, 0.09930310326450879355 ) ) ;
#1960 = EDGE_CURVE ( 'NONE', #2178, #129, #270, .T. ) ;
#1961 = ORIENTED_EDGE ( 'NONE', *, *, #91, .T. ) ;
#1962 = ORIENTED_EDGE ( 'NONE', *, *, #573, .F. ) ;
#1963 = DIRECTION ( 'NONE',  ( -0.8493881131629322789, 0.5277628146696672351, 0.002498933665448046116 ) ) ;
#1964 = EDGE_LOOP ( 'NONE', ( #1356, #1007, #832, #689 ) ) ;
#1965 = CARTESIAN_POINT ( 'NONE',  ( -0.1340300004184421800, 0.2339771583106795005, 0.1252193252469460116 ) ) ;
#1966 = CARTESIAN_POINT ( 'NONE',  ( -0.1269609286566907858, 0.2530812010027039816, 0.09399888179792839638 ) ) ;
#1967 = DIRECTION ( 'NONE',  ( 0.8493881131629322789, -0.5277628146696672351, -0.002498933665448046116 ) ) ;
#1968 = CYLINDRICAL_SURFACE ( 'NONE', #1498, 0.01462500000000001472 ) ;
#1969 = ORIENTED_EDGE ( 'NONE', *, *, #1045, .T. ) ;
#1970 = ORIENTED_EDGE ( 'NONE', *, *, #1244, .T. ) ;
#1971 = CARTESIAN_POINT ( 'NONE',  ( -0.1201963195372161980, 0.2563843674928369953, 0.09499535967741819242 ) ) ;
#1972 = ORIENTED_EDGE ( 'NONE', *, *, #1229, .T. ) ;
#1973 = EDGE_CURVE ( 'NONE', #951, #1643, #1936, .T. ) ;
#1974 = ADVANCED_FACE ( 'NONE', ( #1570, #686, #1028, #2113, #814 ), #113, .F. ) ;
#1975 = LINE ( 'NONE', #2182, #1982 ) ;
#1976 = VECTOR ( 'NONE', #2304, 1.000000000000000000 ) ;
#1977 = LINE ( 'NONE', #2138, #1464 ) ;
#1978 = CIRCLE ( 'NONE', #1916, 0.01209275000000000107 ) ;
#1979 = ADVANCED_FACE ( 'NONE', ( #2265 ), #142, .T. ) ;
#1980 = FACE_OUTER_BOUND ( 'NONE', #476, .T. ) ;
#1981 = CIRCLE ( 'NONE', #2027, 0.001300000000000012734 ) ;
#1982 = VECTOR ( 'NONE', #209, 1.000000000000000000 ) ;
#1983 = CALENDAR_DATE ( 2026, 6, 9 ) ;
#1984 = CIRCLE ( 'NONE', #1167, 0.005400000000000000286 ) ;
#1985 = DIRECTION ( 'NONE',  ( -0.2446372591148604503, -0.3895179497536745972, -0.8879348952893237890 ) ) ;
#1986 = VERTEX_POINT ( 'NONE', #1189 ) ;
#1987 = AXIS2_PLACEMENT_3D ( 'NONE', #812, #1521, #423 ) ;
#1988 = ORIENTED_EDGE ( 'NONE', *, *, #1709, .F. ) ;
#1989 = VERTEX_POINT ( 'NONE', #1756 ) ;
#1990 = LINE ( 'NONE', #171, #408 ) ;
#1991 = CYLINDRICAL_SURFACE ( 'NONE', #1569, 0.01209275000000000107 ) ;
#1992 = EDGE_CURVE ( 'NONE', #865, #724, #1460, .T. ) ;
#1993 = ADVANCED_FACE ( 'NONE', ( #2072 ), #2257, .T. ) ;
#1994 = CYLINDRICAL_SURFACE ( 'NONE', #759, 0.001750000000000013481 ) ;
#1995 = DIRECTION ( 'NONE',  ( 0.8493881131629322789, -0.5277628146696672351, -0.002498933665448046116 ) ) ;
#1996 = PERSON_AND_ORGANIZATION ( #1463, #2161 ) ;
#1997 = LINE ( 'NONE', #1627, #977 ) ;
#1998 = EDGE_LOOP ( 'NONE', ( #255, #1520, #97, #1148 ) ) ;
#1999 = ORIENTED_EDGE ( 'NONE', *, *, #1057, .T. ) ;
#2000 = ORIENTED_EDGE ( 'NONE', *, *, #1720, .F. ) ;
#2001 = LINE ( 'NONE', #1112, #1416 ) ;
#2002 = DIRECTION ( 'NONE',  ( -0.2446372591148603393, -0.3895179497536781499, -0.8879348952893222346 ) ) ;
#2003 = EDGE_CURVE ( 'NONE', #1704, #1931, #2244, .T. ) ;
#2004 = CARTESIAN_POINT ( 'NONE',  ( -0.1241523689921174012, 0.2575367298829795426, 0.1076425939030544038 ) ) ;
#2005 = DIRECTION ( 'NONE',  ( -0.8493881131629322789, 0.5277628146696672351, 0.002498933665448046116 ) ) ;
#2006 = DIRECTION ( 'NONE',  ( -0.4317132968772846580, -0.6975128557275321883, 0.5719260838553951176 ) ) ;
#2007 = ORIENTED_EDGE ( 'NONE', *, *, #1690, .F. ) ;
#2008 = LINE ( 'NONE', #1171, #675 ) ;
#2009 = DIRECTION ( 'NONE',  ( -0.2446372591148603393, -0.3895179497536781499, -0.8879348952893222346 ) ) ;
#2010 = ORIENTED_EDGE ( 'NONE', *, *, #1854, .T. ) ;
#2011 = DIRECTION ( 'NONE',  ( -0.8493881131629322789, 0.5277628146696672351, 0.002498933665448046116 ) ) ;
#2012 = VECTOR ( 'NONE', #1767, 1.000000000000000000 ) ;
#2013 = ORIENTED_EDGE ( 'NONE', *, *, #184, .F. ) ;
#2014 = DIRECTION ( 'NONE',  ( -0.8493881131629322789, 0.5277628146696672351, 0.002498933665448046116 ) ) ;
#2015 = APPROVAL_PERSON_ORGANIZATION ( #909, #2033, #25 ) ;
#2016 = DIRECTION ( 'NONE',  ( 0.8493881131629322789, -0.5277628146696672351, -0.002498933665448046116 ) ) ;
#2017 = DIRECTION ( 'NONE',  ( 0.8493881131629322789, -0.5277628146696672351, -0.002498933665448046116 ) ) ;
#2018 = AXIS2_PLACEMENT_3D ( 'NONE', #970, #1302, #2224 ) ;
#2019 = CYLINDRICAL_SURFACE ( 'NONE', #1796, 0.005400000000000000286 ) ;
#2020 = EDGE_CURVE ( 'NONE', #249, #1552, #1204, .T. ) ;
#2021 = AXIS2_PLACEMENT_3D ( 'NONE', #1324, #2044, #435 ) ;
#2022 = ORIENTED_EDGE ( 'NONE', *, *, #2181, .T. ) ;
#2023 = CARTESIAN_POINT ( 'NONE',  ( -0.1241523689921174012, 0.2575367298829795426, 0.1076425939030544038 ) ) ;
#2024 = ORIENTED_EDGE ( 'NONE', *, *, #494, .F. ) ;
#2025 = ORIENTED_EDGE ( 'NONE', *, *, #1914, .T. ) ;
#2026 = CIRCLE ( 'NONE', #1644, 0.005400000000000000286 ) ;
#2027 = AXIS2_PLACEMENT_3D ( 'NONE', #659, #1222, #1194 ) ;
#2028 = CARTESIAN_POINT ( 'NONE',  ( -0.1253284589236313973, 0.2481207477814169893, 0.09581691343485089496 ) ) ;
#2029 = CIRCLE ( 'NONE', #1236, 0.01209275000000000107 ) ;
#2030 = ORIENTED_EDGE ( 'NONE', *, *, #702, .F. ) ;
#2031 = AXIS2_PLACEMENT_3D ( 'NONE', #1278, #518, #1108 ) ;
#2032 = DIRECTION ( 'NONE',  ( -0.8493881131629325010, 0.5277628146696669020, 0.002498933665448288544 ) ) ;
#2033 = APPROVAL ( #1795, 'UNSPECIFIED' ) ;
#2034 = CYLINDRICAL_SURFACE ( 'NONE', #1522, 0.002399999999999998055 ) ;
#2035 = EDGE_CURVE ( 'NONE', #302, #282, #492, .T. ) ;
#2036 = CARTESIAN_POINT ( 'NONE',  ( -0.1250589946151945964, 0.2485561173210029950, 0.09545993192008679629 ) ) ;
#2037 = ORIENTED_EDGE ( 'NONE', *, *, #716, .F. ) ;
#2038 = DIRECTION ( 'NONE',  ( 0.2446372591148604503, 0.3895179497536745972, 0.8879348952893237890 ) ) ;
#2039 = ORIENTED_EDGE ( 'NONE', *, *, #651, .T. ) ;
#2040 = ORIENTED_EDGE ( 'NONE', *, *, #433, .T. ) ;
#2041 = EDGE_CURVE ( 'NONE', #736, #1364, #1389, .T. ) ;
#2042 = DIRECTION ( 'NONE',  ( -0.2446372591148604503, -0.3895179497536745972, -0.8879348952893237890 ) ) ;
#2043 = ORIENTED_EDGE ( 'NONE', *, *, #2190, .F. ) ;
#2044 = DIRECTION ( 'NONE',  ( -0.8493881131629322789, 0.5277628146696672351, 0.002498933665448046116 ) ) ;
#2045 = CYLINDRICAL_SURFACE ( 'NONE', #1905, 0.005400000000000003755 ) ;
#2046 = DIRECTION ( 'NONE',  ( -0.8493881131629322789, 0.5277628146696672351, 0.002498933665448046116 ) ) ;
#2047 = VERTEX_POINT ( 'NONE', #2089 ) ;
#2048 = DIRECTION ( 'NONE',  ( 0.2446372591148603393, 0.3895179497536781499, 0.8879348952893222346 ) ) ;
#2049 = CYLINDRICAL_SURFACE ( 'NONE', #32, 0.01209275000000000107 ) ;
#2050 = VERTEX_POINT ( 'NONE', #1928 ) ;
#2051 = DIRECTION ( 'NONE',  ( -0.2446372591148599784, -0.3895179497536781499, -0.8879348952893223457 ) ) ;
#2052 = ORIENTED_EDGE ( 'NONE', *, *, #327, .F. ) ;
#2053 = DIRECTION ( 'NONE',  ( -0.2446372591148603393, -0.3895179497536781499, -0.8879348952893222346 ) ) ;
#2054 = ADVANCED_FACE ( 'NONE', ( #309 ), #136, .T. ) ;
#2055 = DIRECTION ( 'NONE',  ( -0.8493881131629322789, 0.5277628146696672351, 0.002498933665448046116 ) ) ;
#2056 = DIRECTION ( 'NONE',  ( 0.2446372591148600895, 0.3895179497536777613, 0.8879348952893225677 ) ) ;
#2057 = LINE ( 'NONE', #450, #2139 ) ;
#2058 = VERTEX_POINT ( 'NONE', #1745 ) ;
#2059 = DIRECTION ( 'NONE',  ( 0.2446372591148604503, 0.3895179497536745972, 0.8879348952893237890 ) ) ;
#2060 = ORIENTED_EDGE ( 'NONE', *, *, #664, .F. ) ;
#2061 = ORIENTED_EDGE ( 'NONE', *, *, #1254, .F. ) ;
#2062 = CIRCLE ( 'NONE', #1347, 0.01209275000000001321 ) ;
#2063 = DIRECTION ( 'NONE',  ( 0.2446372591148586739, 0.3895179497536804814, 0.8879348952893216795 ) ) ;
#2064 = VERTEX_POINT ( 'NONE', #385 ) ;
#2065 = CIRCLE ( 'NONE', #2285, 0.005400000000000000286 ) ;
#2066 = AXIS2_PLACEMENT_3D ( 'NONE', #1407, #667, #301 ) ;
#2067 = EDGE_CURVE ( 'NONE', #1931, #1253, #191, .T. ) ;
#2068 = DIRECTION ( 'NONE',  ( 0.2446372591148600895, 0.3895179497536777613, 0.8879348952893225677 ) ) ;
#2069 = EDGE_CURVE ( 'NONE', #1989, #1924, #1500, .T. ) ;
#2070 = DIRECTION ( 'NONE',  ( 1.000000000000000000, 0.000000000000000000, 0.000000000000000000 ) ) ;
#2071 = DIRECTION ( 'NONE',  ( 0.8493881131629322789, -0.5277628146696672351, -0.002498933665448046116 ) ) ;
#2072 = FACE_OUTER_BOUND ( 'NONE', #1442, .T. ) ;
#2073 = CARTESIAN_POINT ( 'NONE',  ( -0.1145371920448491898, 0.2654732100147795260, 0.09901407836500999982 ) ) ;
#2074 = ORIENTED_EDGE ( 'NONE', *, *, #1393, .F. ) ;
#2075 = DIRECTION ( 'NONE',  ( -0.8493881131629322789, 0.5277628146696672351, 0.002498933665448046116 ) ) ;
#2076 = ORIENTED_EDGE ( 'NONE', *, *, #820, .F. ) ;
#2077 = EDGE_LOOP ( 'NONE', ( #1267, #646, #95, #1850 ) ) ;
#2078 = CARTESIAN_POINT ( 'NONE',  ( -0.1265706164371153963, 0.2461113957097985083, 0.09797282434396470396 ) ) ;
#2079 = DIRECTION ( 'NONE',  ( -0.8493881131629322789, 0.5277628146696672351, 0.002498933665448046116 ) ) ;
#2080 = DIRECTION ( 'NONE',  ( 0.4676456400633730026, 0.7548126776039491004, -0.4599623648279010935 ) ) ;
#2081 = ADVANCED_FACE ( 'NONE', ( #916 ), #1615, .T. ) ;
#2082 = CARTESIAN_POINT ( 'NONE',  ( -0.1241523689921174012, 0.2575367298829795426, 0.1076425939030544038 ) ) ;
#2083 = ORIENTED_EDGE ( 'NONE', *, *, #1572, .F. ) ;
#2084 = ORIENTED_EDGE ( 'NONE', *, *, #1334, .F. ) ;
#2085 = FACE_OUTER_BOUND ( 'NONE', #1374, .T. ) ;
#2086 = VERTEX_POINT ( 'NONE', #1791 ) ;
#2087 = VERTEX_POINT ( 'NONE', #907 ) ;
#2088 = CARTESIAN_POINT ( 'NONE',  ( -0.1207548165394655981, 0.2554256786243009891, 0.1076325981683926014 ) ) ;
#2089 = CARTESIAN_POINT ( 'NONE',  ( -0.1283288438179112090, 0.2432495578220729981, 0.1047573906985032055 ) ) ;
#2090 = DIRECTION ( 'NONE',  ( 0.2446372591148604503, 0.3895179497536745972, 0.8879348952893237890 ) ) ;
#2091 = ORIENTED_EDGE ( 'NONE', *, *, #2190, .T. ) ;
#2092 = EDGE_CURVE ( 'NONE', #1771, #198, #2218, .T. ) ;
#2093 = CARTESIAN_POINT ( 'NONE',  ( -0.1286799926769797986, 0.2502904335378519640, 0.09908535044447709661 ) ) ;
#2094 = ADVANCED_FACE ( 'NONE', ( #1624 ), #1994, .F. ) ;
#2095 = ORIENTED_EDGE ( 'NONE', *, *, #231, .T. ) ;
#2096 = VERTEX_POINT ( 'NONE', #23 ) ;
#2097 = CIRCLE ( 'NONE', #1044, 0.002399999999999998055 ) ;
#2098 = AXIS2_PLACEMENT_3D ( 'NONE', #308, #1734, #846 ) ;
#2099 = FACE_OUTER_BOUND ( 'NONE', #837, .T. ) ;
#2100 = VECTOR ( 'NONE', #955, 1.000000000000000000 ) ;
#2101 = AXIS2_PLACEMENT_3D ( 'NONE', #1357, #96, #2063 ) ;
#2102 = AXIS2_PLACEMENT_3D ( 'NONE', #59, #1623, #1127 ) ;
#2103 = CIRCLE ( 'NONE', #82, 0.01462500000000001472 ) ;
#2104 = AXIS2_PLACEMENT_3D ( 'NONE', #1482, #460, #824 ) ;
#2105 = AXIS2_PLACEMENT_3D ( 'NONE', #1435, #2297, #2171 ) ;
#2106 = CARTESIAN_POINT ( 'NONE',  ( -0.1207566210852549921, 0.2554828406976145105, 0.09494687670026430437 ) ) ;
#2107 = CARTESIAN_POINT ( 'NONE',  ( -0.1317263962705630120, 0.2453606090807514961, 0.1047673864331649940 ) ) ;
#2108 = CARTESIAN_POINT ( 'NONE',  ( -0.1374275528710939831, 0.2360882095693579985, 0.1252293209816078001 ) ) ;
#2109 = EDGE_LOOP ( 'NONE', ( #105, #819 ) ) ;
#2110 = ORIENTED_EDGE ( 'NONE', *, *, #1033, .F. ) ;
#2111 = ADVANCED_FACE ( 'NONE', ( #1405 ), #1259, .T. ) ;
#2112 = DIRECTION ( 'NONE',  ( 0.2446372591148603393, 0.3895179497536781499, 0.8879348952893222346 ) ) ;
#2113 = FACE_BOUND ( 'NONE', #214, .T. ) ;
#2114 = DIRECTION ( 'NONE',  ( 0.2446372591148600895, 0.3895179497536777613, 0.8879348952893225677 ) ) ;
#2115 = CARTESIAN_POINT ( 'NONE',  ( -0.1142882219123920046, 0.2658484259712670106, 0.1043952703202501997 ) ) ;
#2116 = ORIENTED_EDGE ( 'NONE', *, *, #1346, .F. ) ;
#2117 = VERTEX_POINT ( 'NONE', #1425 ) ;
#2118 = CARTESIAN_POINT ( 'NONE',  ( -0.1156800228919575985, 0.2636451089847685059, 0.09665179405463840412 ) ) ;
#2119 = CARTESIAN_POINT ( 'NONE',  ( -0.1189675902079165154, 0.2583154345760242387, 0.1044084496638572751 ) ) ;
#2120 = ADVANCED_FACE ( 'NONE', ( #869 ), #201, .T. ) ;
#2121 = AXIS2_PLACEMENT_3D ( 'NONE', #1856, #2016, #1285 ) ;
#2122 = FACE_OUTER_BOUND ( 'NONE', #2185, .T. ) ;
#2123 = DIRECTION ( 'NONE',  ( 0.2446372591148599784, 0.3895179497536781499, 0.8879348952893223457 ) ) ;
#2124 = APPLICATION_CONTEXT ( 'configuration controlled 3d designs of mechanical parts and assemblies' ) ;
#2125 = EDGE_CURVE ( 'NONE', #736, #1441, #1977, .T. ) ;
#2126 = CARTESIAN_POINT ( 'NONE',  ( -0.1207548165394655981, 0.2554256786243009891, 0.1076325981683926014 ) ) ;
#2127 = ORIENTED_EDGE ( 'NONE', *, *, #2277, .T. ) ;
#2128 = VERTEX_POINT ( 'NONE', #2308 ) ;
#2129 = CARTESIAN_POINT ( 'NONE',  ( -0.1318238109477302133, 0.2451828470320620013, 0.1091986086290319957 ) ) ;
#2130 = EDGE_CURVE ( 'NONE', #912, #1054, #1764, .T. ) ;
#2131 = VECTOR ( 'NONE', #984, 1.000000000000000000 ) ;
#2132 = DIRECTION ( 'NONE',  ( 0.8493881131629322789, -0.5277628146696672351, -0.002498933665448046116 ) ) ;
#2133 = AXIS2_PLACEMENT_3D ( 'NONE', #1765, #671, #662 ) ;
#2134 = AXIS2_PLACEMENT_3D ( 'NONE', #2186, #1655, #93 ) ;
#2135 = AXIS2_PLACEMENT_3D ( 'NONE', #723, #350, #2151 ) ;
#2136 = EDGE_CURVE ( 'NONE', #1989, #534, #1947, .T. ) ;
#2137 = AXIS2_PLACEMENT_3D ( 'NONE', #915, #1113, #1283 ) ;
#2138 = CARTESIAN_POINT ( 'NONE',  ( -0.1196761035868364464, 0.2647934291095861425, 0.09654610790168985379 ) ) ;
#2139 = VECTOR ( 'NONE', #1134, 1.000000000000000000 ) ;
#2140 = CARTESIAN_POINT ( 'NONE',  ( -0.1152147630766622022, 0.2643535082856540153, 0.1051831720555050087 ) ) ;
#2141 = PERSON_AND_ORGANIZATION_ROLE ( 'design_supplier' ) ;
#2142 = DIRECTION ( 'NONE',  ( -0.8493881131629322789, 0.5277628146696672351, 0.002498933665448046116 ) ) ;
#2143 = ORIENTED_EDGE ( 'NONE', *, *, #2069, .F. ) ;
#2144 = ORIENTED_EDGE ( 'NONE', *, *, #2264, .F. ) ;
#2145 = ORIENTED_EDGE ( 'NONE', *, *, #1077, .T. ) ;
#2146 = DIRECTION ( 'NONE',  ( 0.2446372591148600895, 0.3895179497536777613, 0.8879348952893225677 ) ) ;
#2147 = DIRECTION ( 'NONE',  ( -0.8493881131629322789, 0.5277628146696672351, 0.002498933665448046116 ) ) ;
#2148 = CARTESIAN_POINT ( 'NONE',  ( -0.1169352138198118118, 0.2616221897940175234, 0.09724295504105009980 ) ) ;
#2149 = LINE ( 'NONE', #721, #826 ) ;
#2150 = APPROVAL_STATUS ( 'not_yet_approved' ) ;
#2151 = DIRECTION ( 'NONE',  ( 0.2446372591148600895, 0.3895179497536777613, 0.8879348952893225677 ) ) ;
#2152 = EDGE_CURVE ( 'NONE', #805, #380, #2241, .T. ) ;
#2153 = ORIENTED_EDGE ( 'NONE', *, *, #2166, .T. ) ;
#2154 = ORIENTED_EDGE ( 'NONE', *, *, #747, .T. ) ;
#2155 = DIRECTION ( 'NONE',  ( 0.8493881131629322789, -0.5277628146696672351, -0.002498933665448046116 ) ) ;
#2156 = CARTESIAN_POINT ( 'NONE',  ( -0.1276859011070752004, 0.2443014270866369908, 0.1011440143904462075 ) ) ;
#2157 = CARTESIAN_POINT ( 'NONE',  ( -0.1340300004184421800, 0.2339771583106795005, 0.1252193252469460116 ) ) ;
#2158 = DIRECTION ( 'NONE',  ( -0.2446372591148604503, -0.3895179497536745972, -0.8879348952893237890 ) ) ;
#2159 = CALENDAR_DATE ( 2026, 6, 9 ) ;
#2160 = DIRECTION ( 'NONE',  ( -0.8493881131629322789, 0.5277628146696672351, 0.002498933665448046116 ) ) ;
#2161 = ORGANIZATION ( 'UNSPECIFIED', 'UNSPECIFIED', '' ) ;
#2162 = ORIENTED_EDGE ( 'NONE', *, *, #1057, .F. ) ;
#2163 = ORIENTED_EDGE ( 'NONE', *, *, #2302, .F. ) ;
#2164 = ORIENTED_EDGE ( 'NONE', *, *, #624, .T. ) ;
#2165 = ADVANCED_FACE ( 'NONE', ( #2122 ), #516, .T. ) ;
#2166 = EDGE_CURVE ( 'NONE', #1877, #77, #1777, .T. ) ;
#2167 = DIRECTION ( 'NONE',  ( 0.2446372591148600895, 0.3895179497536777613, 0.8879348952893225677 ) ) ;
#2168 = CARTESIAN_POINT ( 'NONE',  ( -0.1179347444975009929, 0.2675842612734579684, 0.09902407409967180218 ) ) ;
#2169 = CLOSED_SHELL ( 'NONE', ( #1545, #186, #2239, #558, #2111, #919, #90, #1413, #2198, #1558, #2120, #1320, #962, #274, #2081, #258, #530, #200, #748, #1426, #1117, #49, #1898, #1372, #133, #1295, #2054, #2226, #2165, #787, #1163, #1736, #1614, #733, #506, #848, #719, #2320, #299, #1927, #1758, #1867, #2203, #143, #1813, #1993, #809, #1093, #1164, #315, #493, #1484, #952, #1436, #1979, #1974, #965, #1735, #257, #324, #1585, #2094, #543, #1094, #1400 ) ) ;
#2170 = AXIS2_PLACEMENT_3D ( 'NONE', #713, #1802, #899 ) ;
#2171 = DIRECTION ( 'NONE',  ( 0.2446372591148604503, 0.3895179497536745972, 0.8879348952893237890 ) ) ;
#2172 = CIRCLE ( 'NONE', #1648, 0.01209275000000001321 ) ;
#2173 = FACE_OUTER_BOUND ( 'NONE', #968, .T. ) ;
#2174 = AXIS2_PLACEMENT_3D ( 'NONE', #1891, #56, #2051 ) ;
#2175 = VECTOR ( 'NONE', #538, 1.000000000000000000 ) ;
#2176 = VECTOR ( 'NONE', #499, 1.000000000000000000 ) ;
#2177 = CARTESIAN_POINT ( 'NONE',  ( -0.1318238109477302133, 0.2451828470320620013, 0.1091986086290319957 ) ) ;
#2178 = VERTEX_POINT ( 'NONE', #1414 ) ;
#2179 = ORIENTED_EDGE ( 'NONE', *, *, #2069, .T. ) ;
#2180 = CARTESIAN_POINT ( 'NONE',  ( -0.1192664125056595997, 0.2654369109893825462, 0.09989990895137390581 ) ) ;
#2181 = EDGE_CURVE ( 'NONE', #380, #554, #2274, .T. ) ;
#2182 = CARTESIAN_POINT ( 'NONE',  ( -0.1252653284966031844, 0.2558019396704849791, 0.09572678815511989625 ) ) ;
#2183 = CARTESIAN_POINT ( 'NONE',  ( -0.1318531815390447948, 0.2451385223268680025, 0.1085767033787897878 ) ) ;
#2184 = LINE ( 'NONE', #75, #1130 ) ;
#2185 = EDGE_LOOP ( 'NONE', ( #1892, #2209, #2144, #1762 ) ) ;
#2186 = CARTESIAN_POINT ( 'NONE',  ( -0.1241523689921174012, 0.2575367298829795426, 0.1076425939030544038 ) ) ;
#2187 = ORIENTED_EDGE ( 'NONE', *, *, #638, .F. ) ;
#2188 = CARTESIAN_POINT ( 'NONE',  ( -0.1170737283714039928, 0.2613776462002075363, 0.1018082630017263929 ) ) ;
#2189 = CARTESIAN_POINT ( 'NONE',  ( -0.1142882219123920046, 0.2658484259712670106, 0.1043952703202501997 ) ) ;
#2190 = EDGE_CURVE ( 'NONE', #2064, #2194, #1257, .T. ) ;
#2191 =( NAMED_UNIT ( * ) SI_UNIT ( $, .STERADIAN. ) SOLID_ANGLE_UNIT ( ) );
#2192 = DIRECTION ( 'NONE',  ( -0.8493881131629322789, 0.5277628146696672351, 0.002498933665448046116 ) ) ;
#2193 = DIRECTION ( 'NONE',  ( 0.2446372591148604503, 0.3895179497536745972, 0.8879348952893237890 ) ) ;
#2194 = VERTEX_POINT ( 'NONE', #1966 ) ;
#2195 = CARTESIAN_POINT ( 'NONE',  ( -0.1186504111591804023, 0.2588223356735190328, 0.1055627675266670035 ) ) ;
#2196 = CARTESIAN_POINT ( 'NONE',  ( -0.1204956196241090127, 0.2634687439604410097, 0.09775957839123439186 ) ) ;
#2197 = ORIENTED_EDGE ( 'NONE', *, *, #2067, .T. ) ;
#2198 = ADVANCED_FACE ( 'NONE', ( #359 ), #2220, .T. ) ;
#2199 = DIRECTION ( 'NONE',  ( 0.8493881131629322789, -0.5277628146696672351, -0.002498933665448046116 ) ) ;
#2200 = LOCAL_TIME ( 12, 31, 15.00000000000000000, #892 ) ;
#2201 = ORIENTED_EDGE ( 'NONE', *, *, #1661, .T. ) ;
#2202 = DIRECTION ( 'NONE',  ( -0.8493881131629322789, 0.5277628146696672351, 0.002498933665448046116 ) ) ;
#2203 = ADVANCED_FACE ( 'NONE', ( #1844 ), #777, .T. ) ;
#2204 = DIRECTION ( 'NONE',  ( 0.2446372591148606446, 0.3895179497536777613, 0.8879348952893225677 ) ) ;
#2205 = EDGE_CURVE ( 'NONE', #1517, #746, #398, .T. ) ;
#2206 = AXIS2_PLACEMENT_3D ( 'NONE', #1423, #1076, #737 ) ;
#2207 = VECTOR ( 'NONE', #1406, 1.000000000000000000 ) ;
#2208 = CARTESIAN_POINT ( 'NONE',  ( -0.1284751696043736069, 0.2506255844223599927, 0.09792249805914539362 ) ) ;
#2209 = ORIENTED_EDGE ( 'NONE', *, *, #1178, .F. ) ;
#2210 = DIRECTION ( 'NONE',  ( -0.8493881131629322789, 0.5277628146696672351, 0.002498933665448046116 ) ) ;
#2211 = ORIENTED_EDGE ( 'NONE', *, *, #494, .T. ) ;
#2212 = ORIENTED_EDGE ( 'NONE', *, *, #1370, .T. ) ;
#2213 = CIRCLE ( 'NONE', #370, 0.01462500000000001472 ) ;
#2214 = AXIS2_PLACEMENT_3D ( 'NONE', #663, #1524, #840 ) ;
#2215 = DIRECTION ( 'NONE',  ( 0.8493881131629322789, -0.5277628146696672351, -0.002498933665448046116 ) ) ;
#2216 = AXIS2_PLACEMENT_3D ( 'NONE', #2189, #765, #407 ) ;
#2217 = ORIENTED_EDGE ( 'NONE', *, *, #905, .T. ) ;
#2218 = CIRCLE ( 'NONE', #1883, 0.005400000000000000286 ) ;
#2219 = CARTESIAN_POINT ( 'NONE',  ( -0.1241523689921174012, 0.2575367298829795426, 0.1076425939030544038 ) ) ;
#2220 = CYLINDRICAL_SURFACE ( 'NONE', #2121, 0.01209274999999999066 ) ;
#2221 = CARTESIAN_POINT ( 'NONE',  ( -0.1169352138198118118, 0.2616221897940175234, 0.09724295504105009980 ) ) ;
#2222 = VERTEX_POINT ( 'NONE', #61 ) ;
#2223 = CYLINDRICAL_SURFACE ( 'NONE', #560, 0.002399999999999998055 ) ;
#2224 = DIRECTION ( 'NONE',  ( 0.2446372591148599784, 0.3895179497536781499, 0.8879348952893223457 ) ) ;
#2225 = ORIENTED_EDGE ( 'NONE', *, *, #823, .F. ) ;
#2226 = ADVANCED_FACE ( 'NONE', ( #1326 ), #602, .T. ) ;
#2227 = DIRECTION ( 'NONE',  ( -0.2446372591148599784, -0.3895179497536781499, -0.8879348952893223457 ) ) ;
#2228 = VERTEX_POINT ( 'NONE', #954 ) ;
#2229 = FACE_OUTER_BOUND ( 'NONE', #422, .T. ) ;
#2230 = DIRECTION ( 'NONE',  ( 0.8493881131629322789, -0.5277628146696672351, -0.002498933665448046116 ) ) ;
#2231 = FACE_OUTER_BOUND ( 'NONE', #1075, .T. ) ;
#2232 = ORIENTED_EDGE ( 'NONE', *, *, #1957, .T. ) ;
#2233 = DIRECTION ( 'NONE',  ( -0.8493881131629322789, 0.5277628146696672351, 0.002498933665448046116 ) ) ;
#2234 = CARTESIAN_POINT ( 'NONE',  ( -0.1283853945270461983, 0.2431556349088070113, 0.1053718611657052107 ) ) ;
#2235 = ORIENTED_EDGE ( 'NONE', *, *, #2264, .T. ) ;
#2236 = EDGE_CURVE ( 'NONE', #779, #20, #409, .T. ) ;
#2237 = CARTESIAN_POINT ( 'NONE',  ( -0.1267537325304091966, 0.2457907073054035052, 0.1034594773721386057 ) ) ;
#2238 = ORIENTED_EDGE ( 'NONE', *, *, #135, .T. ) ;
#2239 = ADVANCED_FACE ( 'NONE', ( #1651 ), #2034, .F. ) ;
#2240 = EDGE_CURVE ( 'NONE', #1138, #1576, #757, .T. ) ;
#2241 = CIRCLE ( 'NONE', #513, 0.01462500000000001472 ) ;
#2242 = CARTESIAN_POINT ( 'NONE',  ( -0.1241523689921174012, 0.2575367298829795426, 0.1076425939030544038 ) ) ;
#2243 = DIRECTION ( 'NONE',  ( -0.8493881131629322789, 0.5277628146696672351, 0.002498933665448046116 ) ) ;
#2244 = LINE ( 'NONE', #1737, #901 ) ;
#2245 = EDGE_LOOP ( 'NONE', ( #267, #1631 ) ) ;
#2246 = CARTESIAN_POINT ( 'NONE',  ( -0.1176570169680183908, 0.2604746306323350025, 0.09426089870887319200 ) ) ;
#2247 = ORIENTED_EDGE ( 'NONE', *, *, #1547, .F. ) ;
#2248 = ORIENTED_EDGE ( 'NONE', *, *, #792, .F. ) ;
#2249 = AXIS2_PLACEMENT_3D ( 'NONE', #2088, #855, #512 ) ;
#2250 = CARTESIAN_POINT ( 'NONE',  ( -0.1204712808240557959, 0.2634886974588864783, 0.1018182587363881952 ) ) ;
#2251 = VERTEX_POINT ( 'NONE', #1662 ) ;
#2252 = VECTOR ( 'NONE', #1329, 1.000000000000000000 ) ;
#2253 = VECTOR ( 'NONE', #1814, 1.000000000000000000 ) ;
#2254 = DIRECTION ( 'NONE',  ( 0.2446372591148603393, 0.3895179497536781499, 0.8879348952893222346 ) ) ;
#2255 = CIRCLE ( 'NONE', #39, 0.005400000000000000286 ) ;
#2256 = CARTESIAN_POINT ( 'NONE',  ( -0.1201676871175898498, 0.2563605217037099315, 0.1097636419170870403 ) ) ;
#2257 = CYLINDRICAL_SURFACE ( 'NONE', #2214, 0.005400000000000000286 ) ;
#2258 = FACE_OUTER_BOUND ( 'NONE', #591, .T. ) ;
#2259 = ORIENTED_EDGE ( 'NONE', *, *, #2067, .F. ) ;
#2260 = CARTESIAN_POINT ( 'NONE',  ( -0.1218860978133441964, 0.2612405339658159797, 0.09572300287877129332 ) ) ;
#2261 = ORIENTED_EDGE ( 'NONE', *, *, #1035, .T. ) ;
#2262 = ORIENTED_EDGE ( 'NONE', *, *, #1743, .T. ) ;
#2263 = DIRECTION ( 'NONE',  ( -0.8493881131629322789, 0.5277628146696672351, 0.002498933665448046116 ) ) ;
#2264 = EDGE_CURVE ( 'NONE', #312, #555, #1826, .T. ) ;
#2265 = FACE_OUTER_BOUND ( 'NONE', #1422, .T. ) ;
#2266 = CARTESIAN_POINT ( 'NONE',  ( -0.1194312602206563934, 0.2651783032914765137, 0.09848484015337920228 ) ) ;
#2267 = ORIENTED_EDGE ( 'NONE', *, *, #306, .T. ) ;
#2268 = ORIENTED_EDGE ( 'NONE', *, *, #1598, .F. ) ;
#2269 = DIRECTION ( 'NONE',  ( 0.2446372591148586739, 0.3895179497536804814, 0.8879348952893216795 ) ) ;
#2270 = EDGE_LOOP ( 'NONE', ( #2225, #465, #811, #1676 ) ) ;
#2271 = ORIENTED_EDGE ( 'NONE', *, *, #461, .F. ) ;
#2272 = CC_DESIGN_DATE_AND_TIME_ASSIGNMENT ( #920, #1626, ( #706 ) ) ;
#2273 = FACE_OUTER_BOUND ( 'NONE', #1607, .T. ) ;
#2274 = CIRCLE ( 'NONE', #1747, 0.005400000000000000286 ) ;
#2275 = EDGE_CURVE ( 'NONE', #1697, #698, #700, .T. ) ;
#2276 = DIRECTION ( 'NONE',  ( 0.8493881131629322789, -0.5277628146696672351, -0.002498933665448046116 ) ) ;
#2277 = EDGE_CURVE ( 'NONE', #320, #1323, #1512, .T. ) ;
#2278 = CARTESIAN_POINT ( 'NONE',  ( -0.1317263962705630120, 0.2453606090807514961, 0.1047673864331649940 ) ) ;
#2279 = DIRECTION ( 'NONE',  ( 0.2446372591148606446, 0.3895179497536777613, 0.8879348952893225677 ) ) ;
#2280 = ORIENTED_EDGE ( 'NONE', *, *, #1957, .F. ) ;
#2281 = ORIENTED_EDGE ( 'NONE', *, *, #2236, .F. ) ;
#2282 = CIRCLE ( 'NONE', #1942, 0.005400000000000000286 ) ;
#2283 = CIRCLE ( 'NONE', #1599, 0.005400000000000000286 ) ;
#2284 = LINE ( 'NONE', #1586, #1976 ) ;
#2285 = AXIS2_PLACEMENT_3D ( 'NONE', #50, #396, #210 ) ;
#2286 = AXIS2_PLACEMENT_3D ( 'NONE', #1305, #2215, #2042 ) ;
#2287 = AXIS2_PLACEMENT_3D ( 'NONE', #1462, #575, #1248 ) ;
#2288 = AXIS2_PLACEMENT_3D ( 'NONE', #1557, #829, #1036 ) ;
#2289 = CARTESIAN_POINT ( 'NONE',  ( -0.1250776171517218038, 0.2485145331636815225, 0.09791250232448359125 ) ) ;
#2290 = CARTESIAN_POINT ( 'NONE',  ( -0.1247394984139929136, 0.2566018868035709888, 0.1055115501543600898 ) ) ;
#2291 = DIRECTION ( 'NONE',  ( 0.2446372591148604503, 0.3895179497536745972, 0.8879348952893237890 ) ) ;
#2292 = ORIENTED_EDGE ( 'NONE', *, *, #1960, .F. ) ;
#2293 = ORIENTED_EDGE ( 'NONE', *, *, #60, .T. ) ;
#2294 = EDGE_CURVE ( 'NONE', #2058, #1911, #68, .T. ) ;
#2295 = DIRECTION ( 'NONE',  ( 0.2446372591148599784, 0.3895179497536781499, 0.8879348952893223457 ) ) ;
#2296 = DIRECTION ( 'NONE',  ( 0.2446372591148604503, 0.3895179497536745972, 0.8879348952893237890 ) ) ;
#2297 = DIRECTION ( 'NONE',  ( -0.8493881131629322789, 0.5277628146696672351, 0.002498933665448046116 ) ) ;
#2298 = CYLINDRICAL_SURFACE ( 'NONE', #1012, 0.01209275000000000107 ) ;
#2299 = CALENDAR_DATE ( 2026, 6, 9 ) ;
#2300 = DIRECTION ( 'NONE',  ( -0.8493881131629322789, 0.5277628146696672351, 0.002498933665448046116 ) ) ;
#2301 = ORIENTED_EDGE ( 'NONE', *, *, #989, .F. ) ;
#2302 = EDGE_CURVE ( 'NONE', #1100, #1815, #1375, .T. ) ;
#2303 = EDGE_LOOP ( 'NONE', ( #1619, #2084, #2162, #1110 ) ) ;
#2304 = DIRECTION ( 'NONE',  ( 0.8493881131629322789, -0.5277628146696672351, -0.002498933665448046116 ) ) ;
#2305 = EDGE_CURVE ( 'NONE', #1733, #1401, #927, .T. ) ;
#2306 = DIRECTION ( 'NONE',  ( -0.8493881131629322789, 0.5277628146696672351, 0.002498933665448046116 ) ) ;
#2307 = APPROVAL_PERSON_ORGANIZATION ( #1808, #127, #342 ) ;
#2308 = CARTESIAN_POINT ( 'NONE',  ( -0.1378556680745448848, 0.2354065531572892278, 0.1236754349148514870 ) ) ;
#2309 = CARTESIAN_POINT ( 'NONE',  ( -0.1207548165394655981, 0.2554256786243009891, 0.1076325981683926014 ) ) ;
#2310 = CARTESIAN_POINT ( 'NONE',  ( -0.1386418903037169859, 0.2341493759919849871, 0.1219481155691133911 ) ) ;
#2311 = ORIENTED_EDGE ( 'NONE', *, *, #474, .F. ) ;
#2312 = ORIENTED_EDGE ( 'NONE', *, *, #624, .F. ) ;
#2313 = VERTEX_POINT ( 'NONE', #1131 ) ;
#2314 = CC_DESIGN_APPROVAL ( #2033, ( #633 ) ) ;
#2315 = CARTESIAN_POINT ( 'NONE',  ( -0.1225403440947882699, 0.2525348671469482831, 0.1108567416750605300 ) ) ;
#2316 = CYLINDRICAL_SURFACE ( 'NONE', #526, 0.005400000000000000286 ) ;
#2317 = AXIS2_PLACEMENT_3D ( 'NONE', #974, #2202, #1142 ) ;
#2318 = CIRCLE ( 'NONE', #1309, 0.005400000000000000286 ) ;
#2319 = AXIS2_PLACEMENT_3D ( 'NONE', #253, #1175, #810 ) ;
#2320 = ADVANCED_FACE ( 'NONE', ( #617 ), #2045, .T. ) ;
ENDSEC;
END-ISO-10303-21;
