ISO-10303-21;
HEADER;
FILE_DESCRIPTION (( 'STEP AP203' ),
    '1' );
FILE_NAME ('Gear 1.STEP',
    '2026-09-06T09:30:21',
    ( '' ),
    ( '' ),
    'SwSTEP 2.0',
    'SolidWorks 2025',
    '' );
FILE_SCHEMA (( 'CONFIG_CONTROL_DESIGN' ));
ENDSEC;

DATA;
#1 = ORIENTED_EDGE ( 'NONE', *, *, #1348, .F. ) ;
#2 = CARTESIAN_POINT ( 'NONE',  ( -0.1193924688568644005, 0.2576895189582915080, 0.09258265124358520948 ) ) ;
#3 = ORIENTED_EDGE ( 'NONE', *, *, #630, .T. ) ;
#4 = CARTESIAN_POINT ( 'NONE',  ( -0.1240899757201153891, 0.2577645118050884698, 0.08074363067999380805 ) ) ;
#5 = DIRECTION ( 'NONE',  ( -0.4279476424234234244, -0.6859578362894899195, -0.5884918539599978127 ) ) ;
#6 = ADVANCED_FACE ( 'NONE', ( #1631 ), #198, .T. ) ;
#7 = DIRECTION ( 'NONE',  ( 0.3088699541259168901, 0.5009273982175400652, -0.8084992845718912413 ) ) ;
#8 = DIRECTION ( 'NONE',  ( 0.8493881131629329451, -0.5277628146696660139, -0.002498933665447280236 ) ) ;
#9 = EDGE_CURVE ( 'NONE', #1389, #233, #714, .T. ) ;
#10 = VERTEX_POINT ( 'NONE', #1097 ) ;
#11 = CIRCLE ( 'NONE', #1682, 0.005400000000000002021 ) ;
#12 = VERTEX_POINT ( 'NONE', #29 ) ;
#13 = CIRCLE ( 'NONE', #453, 0.01209275000000000627 ) ;
#14 = CARTESIAN_POINT ( 'NONE',  ( -0.1282321766150396058, 0.2510509605096810093, 0.09067847847329030264 ) ) ;
#15 = DIRECTION ( 'NONE',  ( -0.3088699541259201098, -0.5009273982175399542, 0.8084992845718901311 ) ) ;
#16 = DIRECTION ( 'NONE',  ( 0.3088699541259185555, 0.5009273982175374007, -0.8084992845718924626 ) ) ;
#17 = CARTESIAN_POINT ( 'NONE',  ( -0.1384848455411394064, 0.2346675987463165136, 0.06588150330901150487 ) ) ;
#18 = EDGE_CURVE ( 'NONE', #81, #973, #535, .T. ) ;
#19 = AXIS2_PLACEMENT_3D ( 'NONE', #1354, #1993, #700 ) ;
#20 = CARTESIAN_POINT ( 'NONE',  ( -0.1333112908522636753, 0.2354368800273886619, 0.06122263668806129933 ) ) ;
#21 = ORIENTED_EDGE ( 'NONE', *, *, #801, .T. ) ;
#22 = CIRCLE ( 'NONE', #1893, 0.005400000000000006357 ) ;
#23 = EDGE_LOOP ( 'NONE', ( #1600, #1019, #1103, #1256 ) ) ;
#24 = VERTEX_POINT ( 'NONE', #1313 ) ;
#25 = CARTESIAN_POINT ( 'NONE',  ( -0.1317986882460702169, 0.2453547839723805024, 0.08142556272228709813 ) ) ;
#26 = DIRECTION ( 'NONE',  ( 0.3088699541259168901, 0.5009273982175400652, -0.8084992845718912413 ) ) ;
#27 = CARTESIAN_POINT ( 'NONE',  ( -0.1290981437881046079, 0.2496646195508745170, 0.08912460902376989624 ) ) ;
#28 = DIRECTION ( 'NONE',  ( -0.8493881131629331671, 0.5277628146696661249, 0.002498933665447280669 ) ) ;
#29 = CARTESIAN_POINT ( 'NONE',  ( -0.1250214276282120007, 0.2562088100840400062, 0.09269966648039730528 ) ) ;
#30 = LINE ( 'NONE', #1617, #1875 ) ;
#31 = VERTEX_POINT ( 'NONE', #961 ) ;
#32 = CIRCLE ( 'NONE', #374, 0.005400000000000002021 ) ;
#33 = ORIENTED_EDGE ( 'NONE', *, *, #1366, .F. ) ;
#34 = CARTESIAN_POINT ( 'NONE',  ( -0.1240899757201153891, 0.2577645118050884698, 0.08074363067999380805 ) ) ;
#35 = EDGE_CURVE ( 'NONE', #1274, #1389, #1922, .T. ) ;
#36 = CARTESIAN_POINT ( 'NONE',  ( -0.1384848455411394064, 0.2346675987463165136, 0.06588150330901150487 ) ) ;
#37 = DIRECTION ( 'NONE',  ( -0.3088699541259191661, -0.5009273982175383999, 0.8084992845718915744 ) ) ;
#38 = EDGE_LOOP ( 'NONE', ( #746, #1822, #1401, #220 ) ) ;
#39 = EDGE_CURVE ( 'NONE', #1684, #406, #1812, .T. ) ;
#40 = CARTESIAN_POINT ( 'NONE',  ( -0.1303072368997242048, 0.2477363105654339925, 0.08540320611638980985 ) ) ;
#41 = VERTEX_POINT ( 'NONE', #1286 ) ;
#42 = ORIENTED_EDGE ( 'NONE', *, *, #414, .F. ) ;
#43 = EDGE_CURVE ( 'NONE', #844, #2061, #614, .T. ) ;
#44 = DIRECTION ( 'NONE',  ( -0.3088699541259195547, -0.5009273982175324047, 0.8084992845718949050 ) ) ;
#45 = CIRCLE ( 'NONE', #1315, 0.005399999999999990745 ) ;
#46 = EDGE_CURVE ( 'NONE', #1848, #1416, #1781, .T. ) ;
#47 = CARTESIAN_POINT ( 'NONE',  ( -0.1296781892931569979, 0.2488040546189554947, 0.07371420139992450327 ) ) ;
#48 = LINE ( 'NONE', #408, #1327 ) ;
#49 = ORIENTED_EDGE ( 'NONE', *, *, #414, .T. ) ;
#50 = DATE_TIME_ROLE ( 'creation_date' ) ;
#51 = DIRECTION ( 'NONE',  ( 0.3088699541259168346, 0.5009273982175388440, -0.8084992845718922405 ) ) ;
#52 = VECTOR ( 'NONE', #295, 1.000000000000000222 ) ;
#53 = EDGE_LOOP ( 'NONE', ( #1070, #706, #481, #1305 ) ) ;
#54 = VECTOR ( 'NONE', #377, 1.000000000000000222 ) ;
#55 = VERTEX_POINT ( 'NONE', #332 ) ;
#56 = ORIENTED_EDGE ( 'NONE', *, *, #1348, .T. ) ;
#57 = EDGE_CURVE ( 'NONE', #1810, #629, #545, .T. ) ;
#58 = CARTESIAN_POINT ( 'NONE',  ( -0.1300775336843989771, 0.2481013998159184997, 0.08637428039694879101 ) ) ;
#59 = CARTESIAN_POINT ( 'NONE',  ( -0.1350872930884876033, 0.2325565474876380156, 0.06587150757434968862 ) ) ;
#60 = CC_DESIGN_APPROVAL ( #275, ( #2026 ) ) ;
#61 = ADVANCED_FACE ( 'NONE', ( #1006 ), #1471, .T. ) ;
#62 = DIRECTION ( 'NONE',  ( 0.3088699541259177228, 0.5009273982175390660, -0.8084992845718914634 ) ) ;
#63 = DIRECTION ( 'NONE',  ( 0.3088699541259162240, 0.5009273982175377338, -0.8084992845718931287 ) ) ;
#64 = AXIS2_PLACEMENT_3D ( 'NONE', #959, #1124, #1931 ) ;
#65 = DIRECTION ( 'NONE',  ( -0.3088699541259167236, -0.5009273982175392881, 0.8084992845718917964 ) ) ;
#66 = VERTEX_POINT ( 'NONE', #1597 ) ;
#67 = EDGE_LOOP ( 'NONE', ( #1934, #473, #410, #1055 ) ) ;
#68 = ORIENTED_EDGE ( 'NONE', *, *, #1011, .T. ) ;
#69 = DIRECTION ( 'NONE',  ( -0.8493881131629331671, 0.5277628146696661249, 0.002498933665447280669 ) ) ;
#70 = LINE ( 'NONE', #1801, #1521 ) ;
#71 = DIRECTION ( 'NONE',  ( -0.8493881131629331671, 0.5277628146696661249, 0.002498933665447280669 ) ) ;
#72 = DIRECTION ( 'NONE',  ( 0.8493881131629329451, -0.5277628146696660139, -0.002498933665447280236 ) ) ;
#73 = LINE ( 'NONE', #722, #1777 ) ;
#74 = EDGE_CURVE ( 'NONE', #1732, #264, #1772, .T. ) ;
#75 = ORIENTED_EDGE ( 'NONE', *, *, #1374, .T. ) ;
#76 = ORIENTED_EDGE ( 'NONE', *, *, #1519, .T. ) ;
#77 = DIRECTION ( 'NONE',  ( 0.8493881131629329451, -0.5277628146696660139, -0.002498933665447280236 ) ) ;
#78 = DIRECTION ( 'NONE',  ( 0.8493881131629329451, -0.5277628146696660139, -0.002498933665447280236 ) ) ;
#79 = FACE_OUTER_BOUND ( 'NONE', #729, .T. ) ;
#80 = AXIS2_PLACEMENT_3D ( 'NONE', #83, #231, #96 ) ;
#81 = VERTEX_POINT ( 'NONE', #971 ) ;
#82 = AXIS2_PLACEMENT_3D ( 'NONE', #1023, #1837, #1668 ) ;
#83 = CARTESIAN_POINT ( 'NONE',  ( -0.1250472169456726124, 0.2561645011018774953, 0.09329171638705088809 ) ) ;
#84 = EDGE_CURVE ( 'NONE', #1244, #587, #1140, .T. ) ;
#85 = CIRCLE ( 'NONE', #80, 0.005400000000000002021 ) ;
#86 = ORIENTED_EDGE ( 'NONE', *, *, #1166, .F. ) ;
#87 = CARTESIAN_POINT ( 'NONE',  ( -0.1206924232674635999, 0.2556534605464099719, 0.08073363494533210283 ) ) ;
#88 = AXIS2_PLACEMENT_3D ( 'NONE', #765, #1403, #1227 ) ;
#89 = CARTESIAN_POINT ( 'NONE',  ( -0.1204978535183435506, 0.2634876943911573233, 0.09299803708734302732 ) ) ;
#90 = CARTESIAN_POINT ( 'NONE',  ( -0.1244515165009456026, 0.2571254905187920214, 0.09281407154277750149 ) ) ;
#91 = VECTOR ( 'NONE', #1706, 1.000000000000000222 ) ;
#92 = ORIENTED_EDGE ( 'NONE', *, *, #801, .F. ) ;
#93 = COORDINATED_UNIVERSAL_TIME_OFFSET ( 2, 0, .AHEAD. ) ;
#94 = AXIS2_PLACEMENT_3D ( 'NONE', #14, #309, #1747 ) ;
#95 = AXIS2_PLACEMENT_3D ( 'NONE', #505, #804, #170 ) ;
#96 = DIRECTION ( 'NONE',  ( 0.3088699541259162240, 0.5009273982175377338, -0.8084992845718931287 ) ) ;
#97 = EDGE_LOOP ( 'NONE', ( #771, #1230, #336, #238 ) ) ;
#98 = DIRECTION ( 'NONE',  ( -0.8493881131629331671, 0.5277628146696661249, 0.002498933665447280669 ) ) ;
#99 = EDGE_CURVE ( 'NONE', #1635, #547, #579, .T. ) ;
#100 = APPLICATION_PROTOCOL_DEFINITION ( 'international standard', 'config_control_design', 1994, #1226 ) ;
#101 = CIRCLE ( 'NONE', #201, 0.01209275000000000627 ) ;
#102 = ORIENTED_EDGE ( 'NONE', *, *, #577, .T. ) ;
#103 = LINE ( 'NONE', #743, #193 ) ;
#104 = DIRECTION ( 'NONE',  ( -0.8493881131629331671, 0.5277628146696661249, 0.002498933665447280669 ) ) ;
#105 = ORIENTED_EDGE ( 'NONE', *, *, #1963, .T. ) ;
#106 = ORIENTED_EDGE ( 'NONE', *, *, #1745, .F. ) ;
#107 = AXIS2_PLACEMENT_3D ( 'NONE', #470, #1964, #370 ) ;
#108 = ADVANCED_FACE ( 'NONE', ( #816 ), #1126, .T. ) ;
#109 = LINE ( 'NONE', #1543, #1720 ) ;
#110 =( NAMED_UNIT ( * ) PLANE_ANGLE_UNIT ( ) SI_UNIT ( $, .RADIAN. ) );
#111 = ORIENTED_EDGE ( 'NONE', *, *, #1166, .T. ) ;
#112 = EDGE_CURVE ( 'NONE', #1990, #1635, #969, .T. ) ;
#113 = DIRECTION ( 'NONE',  ( -0.8493881131629331671, 0.5277628146696661249, 0.002498933665447280669 ) ) ;
#114 = CARTESIAN_POINT ( 'NONE',  ( -0.1307434658913632086, 0.2470214393690415011, 0.08810624490151611199 ) ) ;
#115 = VECTOR ( 'NONE', #655, 1.000000000000000222 ) ;
#116 = ORIENTED_EDGE ( 'NONE', *, *, #1683, .T. ) ;
#117 = CIRCLE ( 'NONE', #219, 0.01462500000000001646 ) ;
#118 = CARTESIAN_POINT ( 'NONE',  ( -0.1270446130796664130, 0.2454493748256154906, 0.07667689744847940025 ) ) ;
#119 = DIRECTION ( 'NONE',  ( -0.8493881131629331671, 0.5277628146696661249, 0.002498933665447280669 ) ) ;
#120 = EDGE_CURVE ( 'NONE', #1329, #24, #827, .T. ) ;
#121 = ORIENTED_EDGE ( 'NONE', *, *, #846, .F. ) ;
#122 = AXIS2_PLACEMENT_3D ( 'NONE', #1110, #1301, #1624 ) ;
#123 = DIRECTION ( 'NONE',  ( -0.3088699541259168901, -0.5009273982175400652, 0.8084992845718912413 ) ) ;
#124 = DIRECTION ( 'NONE',  ( -0.8493881131629331671, 0.5277628146696661249, 0.002498933665447280669 ) ) ;
#125 = AXIS2_PLACEMENT_3D ( 'NONE', #314, #1073, #1710 ) ;
#126 = DIRECTION ( 'NONE',  ( 0.3088699541259177228, 0.5009273982175390660, -0.8084992845718914634 ) ) ;
#127 = ORIENTED_EDGE ( 'NONE', *, *, #46, .T. ) ;
#128 = ORIENTED_EDGE ( 'NONE', *, *, #651, .T. ) ;
#129 = DIRECTION ( 'NONE',  ( -0.3088699541259173342, -0.5009273982175396212, 0.8084992845718914634 ) ) ;
#130 = ORIENTED_EDGE ( 'NONE', *, *, #394, .T. ) ;
#131 = FACE_OUTER_BOUND ( 'NONE', #898, .T. ) ;
#132 = DIRECTION ( 'NONE',  ( -0.8493881131629331671, 0.5277628146696661249, 0.002498933665447280669 ) ) ;
#133 = DIRECTION ( 'NONE',  ( -0.3088699541259162240, -0.5009273982175377338, 0.8084992845718931287 ) ) ;
#134 = DIRECTION ( 'NONE',  ( -0.8493881131629331671, 0.5277628146696661249, 0.002498933665447280669 ) ) ;
#135 = EDGE_CURVE ( 'NONE', #2068, #1689, #1638, .T. ) ;
#136 = ORIENTED_EDGE ( 'NONE', *, *, #1366, .T. ) ;
#137 = DIRECTION ( 'NONE',  ( -0.8493881131629331671, 0.5277628146696661249, 0.002498933665447280669 ) ) ;
#138 = VERTEX_POINT ( 'NONE', #698 ) ;
#139 = DIRECTION ( 'NONE',  ( -0.3088699541259167236, -0.5009273982175392881, 0.8084992845718917964 ) ) ;
#140 = FACE_OUTER_BOUND ( 'NONE', #1430, .T. ) ;
#141 = DIRECTION ( 'NONE',  ( -0.8493881131629331671, 0.5277628146696661249, 0.002498933665447280669 ) ) ;
#142 = ORIENTED_EDGE ( 'NONE', *, *, #753, .F. ) ;
#143 = EDGE_CURVE ( 'NONE', #1833, #1264, #1733, .T. ) ;
#144 = AXIS2_PLACEMENT_3D ( 'NONE', #1514, #1832, #1358 ) ;
#145 = EDGE_LOOP ( 'NONE', ( #1487, #92, #1677, #643 ) ) ;
#146 = CYLINDRICAL_SURFACE ( 'NONE', #122, 0.01462500000000001646 ) ;
#147 = AXIS2_PLACEMENT_3D ( 'NONE', #87, #134, #126 ) ;
#148 = APPROVAL_DATE_TIME ( #483, #1948 ) ;
#149 = ORIENTED_EDGE ( 'NONE', *, *, #1992, .F. ) ;
#150 = DIRECTION ( 'NONE',  ( 0.8493881131629329451, -0.5277628146696660139, -0.002498933665447280236 ) ) ;
#151 = DIRECTION ( 'NONE',  ( 0.8493881131629329451, -0.5277628146696660139, -0.002498933665447280236 ) ) ;
#152 = EDGE_CURVE ( 'NONE', #1067, #261, #1336, .T. ) ;
#153 = LINE ( 'NONE', #781, #250 ) ;
#154 = CIRCLE ( 'NONE', #1860, 0.005399999999999995082 ) ;
#155 = CIRCLE ( 'NONE', #896, 0.01462500000000001646 ) ;
#156 = EDGE_LOOP ( 'NONE', ( #274, #106, #42, #362 ) ) ;
#157 = DIRECTION ( 'NONE',  ( 0.3088699541259185555, 0.5009273982175374007, -0.8084992845718924626 ) ) ;
#158 = ORIENTED_EDGE ( 'NONE', *, *, #1102, .F. ) ;
#159 = EDGE_CURVE ( 'NONE', #721, #169, #1538, .T. ) ;
#160 = CYLINDRICAL_SURFACE ( 'NONE', #95, 0.005399999999999995082 ) ;
#161 = CARTESIAN_POINT ( 'NONE',  ( -0.1303383579378380175, 0.2476968497088379850, 0.08315910209143169418 ) ) ;
#162 = DIRECTION ( 'NONE',  ( -0.8493881131629331671, 0.5277628146696661249, 0.002498933665447280669 ) ) ;
#163 = EDGE_LOOP ( 'NONE', ( #1466, #267, #2006, #1878 ) ) ;
#164 = AXIS2_PLACEMENT_3D ( 'NONE', #58, #69, #1665 ) ;
#165 = VERTEX_POINT ( 'NONE', #1181 ) ;
#166 = ORIENTED_EDGE ( 'NONE', *, *, #1589, .F. ) ;
#167 = CARTESIAN_POINT ( 'NONE',  ( -0.1167798630372054031, 0.2618905509173934942, 0.09337013767151319810 ) ) ;
#168 = ADVANCED_FACE ( 'NONE', ( #1172 ), #1342, .T. ) ;
#169 = VERTEX_POINT ( 'NONE', #1030 ) ;
#170 = DIRECTION ( 'NONE',  ( -0.3088699541259191661, -0.5009273982175383999, 0.8084992845718915744 ) ) ;
#171 = FACE_BOUND ( 'NONE', #1530, .T. ) ;
#172 = DIRECTION ( 'NONE',  ( -0.8493881131629331671, 0.5277628146696661249, 0.002498933665447280669 ) ) ;
#173 = CARTESIAN_POINT ( 'NONE',  ( -0.1198399910679136121, 0.2645616211614920110, 0.08979744409841790287 ) ) ;
#174 = ORIENTED_EDGE ( 'NONE', *, *, #1438, .T. ) ;
#175 = CIRCLE ( 'NONE', #717, 0.01462500000000001646 ) ;
#176 = ORIENTED_EDGE ( 'NONE', *, *, #654, .T. ) ;
#177 = ORIENTED_EDGE ( 'NONE', *, *, #1211, .T. ) ;
#178 = CIRCLE ( 'NONE', #385, 0.01462500000000001646 ) ;
#179 = CARTESIAN_POINT ( 'NONE',  ( -0.1338518132719840048, 0.2345602570805079834, 0.06263751043606209656 ) ) ;
#180 = CARTESIAN_POINT ( 'NONE',  ( -0.1278250628578715686, 0.2517069220102933214, 0.09052061040350055376 ) ) ;
#181 = CIRCLE ( 'NONE', #2047, 0.005399999999999990745 ) ;
#182 = DIRECTION ( 'NONE',  ( 0.8493881131629329451, -0.5277628146696660139, -0.002498933665447280236 ) ) ;
#183 = CARTESIAN_POINT ( 'NONE',  ( -0.1216057652629557867, 0.2617067632698805157, 0.09254270486904900284 ) ) ;
#184 = VERTEX_POINT ( 'NONE', #855 ) ;
#185 = CARTESIAN_POINT ( 'NONE',  ( -0.1284011357934184139, 0.2432437327137019767, 0.08141556698762540678 ) ) ;
#186 = AXIS2_PLACEMENT_3D ( 'NONE', #1501, #71, #1184 ) ;
#187 = DIRECTION ( 'NONE',  ( 0.3088699541259162240, 0.5009273982175377338, -0.8084992845718931287 ) ) ;
#188 = EDGE_CURVE ( 'NONE', #169, #1041, #101, .T. ) ;
#189 = CIRCLE ( 'NONE', #1925, 0.01462500000000001646 ) ;
#190 = AXIS2_PLACEMENT_3D ( 'NONE', #1262, #1101, #1737 ) ;
#191 = ORIENTED_EDGE ( 'NONE', *, *, #1557, .T. ) ;
#192 = VERTEX_POINT ( 'NONE', #382 ) ;
#193 = VECTOR ( 'NONE', #1398, 1.000000000000000222 ) ;
#194 = CARTESIAN_POINT ( 'NONE',  ( -0.1276057944595345994, 0.2520445886944664982, 0.09373640263982289944 ) ) ;
#195 = CARTESIAN_POINT ( 'NONE',  ( -0.1206924232674635999, 0.2556534605464099719, 0.08073363494533210283 ) ) ;
#196 = CARTESIAN_POINT ( 'NONE',  ( -0.1149651256356421930, 0.2648244157594289994, 0.09058159246541329368 ) ) ;
#197 = DIRECTION ( 'NONE',  ( 0.8493881131629329451, -0.5277628146696660139, -0.002498933665447280236 ) ) ;
#198 = CYLINDRICAL_SURFACE ( 'NONE', #847, 0.01462500000000001646 ) ;
#199 = DIRECTION ( 'NONE',  ( 0.8493881131629329451, -0.5277628146696660139, -0.002498933665447280236 ) ) ;
#200 = EDGE_CURVE ( 'NONE', #1435, #12, #645, .T. ) ;
#201 = AXIS2_PLACEMENT_3D ( 'NONE', #1970, #1656, #1020 ) ;
#202 = ORIENTED_EDGE ( 'NONE', *, *, #9, .F. ) ;
#203 = ADVANCED_FACE ( 'NONE', ( #902 ), #1392, .T. ) ;
#204 = CYLINDRICAL_SURFACE ( 'NONE', #895, 0.001749999999999993748 ) ;
#205 = LINE ( 'NONE', #1480, #2029 ) ;
#206 = DIRECTION ( 'NONE',  ( 0.3088699541259162240, 0.5009273982175377338, -0.8084992845718931287 ) ) ;
#207 = CARTESIAN_POINT ( 'NONE',  ( -0.1212171158628925910, 0.2623368958991245115, 0.09156373153441589585 ) ) ;
#208 = PERSON_AND_ORGANIZATION_ROLE ( 'creator' ) ;
#209 = CYLINDRICAL_SURFACE ( 'NONE', #986, 0.005399999999999990745 ) ;
#210 = ORIENTED_EDGE ( 'NONE', *, *, #43, .F. ) ;
#211 = ADVANCED_FACE ( 'NONE', ( #764 ), #1620, .T. ) ;
#212 = ORIENTED_EDGE ( 'NONE', *, *, #112, .F. ) ;
#213 = DIRECTION ( 'NONE',  ( -0.8493881131629331671, 0.5277628146696661249, 0.002498933665447280669 ) ) ;
#214 = DIRECTION ( 'NONE',  ( -0.3088699541259185555, -0.5009273982175374007, 0.8084992845718924626 ) ) ;
#215 = AXIS2_PLACEMENT_3D ( 'NONE', #1659, #1512, #575 ) ;
#216 = CARTESIAN_POINT ( 'NONE',  ( -0.1377898881443559431, 0.2357946853923058028, 0.06406237991872471005 ) ) ;
#217 = CARTESIAN_POINT ( 'NONE',  ( -0.1307732505332677986, 0.2470121891284554894, 0.07993604492269280881 ) ) ;
#218 = CYLINDRICAL_SURFACE ( 'NONE', #550, 0.005399999999999990745 ) ;
#219 = AXIS2_PLACEMENT_3D ( 'NONE', #1395, #1059, #1068 ) ;
#220 = ORIENTED_EDGE ( 'NONE', *, *, #573, .T. ) ;
#221 = VERTEX_POINT ( 'NONE', #185 ) ;
#222 = EDGE_CURVE ( 'NONE', #1435, #2000, #1632, .T. ) ;
#223 = DIRECTION ( 'NONE',  ( 0.3088699541259168901, 0.5009273982175400652, -0.8084992845718912413 ) ) ;
#224 = CARTESIAN_POINT ( 'NONE',  ( -0.1295041086087826143, 0.2490017784594530104, 0.09112593747459099558 ) ) ;
#225 = VECTOR ( 'NONE', #1278, 1.000000000000000222 ) ;
#226 = DIRECTION ( 'NONE',  ( 0.8493881131629329451, -0.5277628146696660139, -0.002498933665447280236 ) ) ;
#227 = CYLINDRICAL_SURFACE ( 'NONE', #1380, 0.001750000000000007626 ) ;
#228 = CIRCLE ( 'NONE', #294, 0.005399999999999990745 ) ;
#229 = ADVANCED_FACE ( 'NONE', ( #131 ), #768, .T. ) ;
#230 = PERSON_AND_ORGANIZATION_ROLE ( 'classification_officer' ) ;
#231 = DIRECTION ( 'NONE',  ( -0.8493881131629331671, 0.5277628146696661249, 0.002498933665447280669 ) ) ;
#232 = ORIENTED_EDGE ( 'NONE', *, *, #74, .T. ) ;
#233 = VERTEX_POINT ( 'NONE', #1250 ) ;
#234 = CARTESIAN_POINT ( 'NONE',  ( -0.1235494533003950457, 0.2586411347519691484, 0.07932875693199299694 ) ) ;
#235 = CARTESIAN_POINT ( 'NONE',  ( -0.1295041086087826143, 0.2490017784594530104, 0.09112593747459099558 ) ) ;
#236 = DIRECTION ( 'NONE',  ( 0.8493881131629329451, -0.5277628146696660139, -0.002498933665447280236 ) ) ;
#237 = EDGE_CURVE ( 'NONE', #192, #1039, #1504, .T. ) ;
#238 = ORIENTED_EDGE ( 'NONE', *, *, #35, .F. ) ;
#239 = DIRECTION ( 'NONE',  ( 0.8493881131629329451, -0.5277628146696660139, -0.002498933665447280236 ) ) ;
#240 = AXIS2_PLACEMENT_3D ( 'NONE', #2002, #1642, #346 ) ;
#241 = ORIENTED_EDGE ( 'NONE', *, *, #1493, .T. ) ;
#242 = CARTESIAN_POINT ( 'NONE',  ( -0.1263914440648591930, 0.2464558164112264915, 0.08613355224802091148 ) ) ;
#243 = ORIENTED_EDGE ( 'NONE', *, *, #1208, .F. ) ;
#244 = CARTESIAN_POINT ( 'NONE',  ( -0.1240899757201153891, 0.2577645118050884698, 0.08074363067999380805 ) ) ;
#245 = LINE ( 'NONE', #1196, #894 ) ;
#246 = AXIS2_PLACEMENT_3D ( 'NONE', #1418, #632, #1902 ) ;
#247 = ORIENTED_EDGE ( 'NONE', *, *, #1963, .F. ) ;
#248 = CALENDAR_DATE ( 2026, 6, 9 ) ;
#249 = DIRECTION ( 'NONE',  ( 0.8493881131629329451, -0.5277628146696660139, -0.002498933665447280236 ) ) ;
#250 = VECTOR ( 'NONE', #636, 1.000000000000000222 ) ;
#251 = ORIENTED_EDGE ( 'NONE', *, *, #384, .T. ) ;
#252 = ORIENTED_EDGE ( 'NONE', *, *, #1692, .F. ) ;
#253 = ADVANCED_FACE ( 'NONE', ( #2023 ), #1554, .T. ) ;
#254 = DIRECTION ( 'NONE',  ( -0.3088699541259185555, -0.5009273982175374007, 0.8084992845718924626 ) ) ;
#255 = ADVANCED_FACE ( 'NONE', ( #908 ), #631, .T. ) ;
#256 = DIRECTION ( 'NONE',  ( 0.8493881131629329451, -0.5277628146696660139, -0.002498933665447280236 ) ) ;
#257 = AXIS2_PLACEMENT_3D ( 'NONE', #2021, #1384, #1060 ) ;
#258 = ORIENTED_EDGE ( 'NONE', *, *, #1003, .T. ) ;
#259 = CARTESIAN_POINT ( 'NONE',  ( -0.1296781892931569979, 0.2488040546189554947, 0.07371420139992450327 ) ) ;
#260 = DIRECTION ( 'NONE',  ( -0.3088699541259168901, -0.5009273982175400652, 0.8084992845718912413 ) ) ;
#261 = VERTEX_POINT ( 'NONE', #441 ) ;
#262 = EDGE_CURVE ( 'NONE', #1843, #666, #32, .T. ) ;
#263 = ADVANCED_FACE ( 'NONE', ( #302 ), #464, .T. ) ;
#264 = VERTEX_POINT ( 'NONE', #1901 ) ;
#265 = DIRECTION ( 'NONE',  ( 0.8493881131629329451, -0.5277628146696660139, -0.002498933665447280236 ) ) ;
#266 = CARTESIAN_POINT ( 'NONE',  ( -0.1292644438909345828, 0.2493854616117334999, 0.09155598574290318981 ) ) ;
#267 = ORIENTED_EDGE ( 'NONE', *, *, #1633, .F. ) ;
#268 = FACE_OUTER_BOUND ( 'NONE', #471, .T. ) ;
#269 = DIRECTION ( 'NONE',  ( 0.3088699541259168901, 0.5009273982175400652, -0.8084992845718912413 ) ) ;
#270 = EDGE_CURVE ( 'NONE', #1249, #233, #1387, .T. ) ;
#271 = VERTEX_POINT ( 'NONE', #1092 ) ;
#272 = EDGE_CURVE ( 'NONE', #320, #927, #2044, .T. ) ;
#273 = AXIS2_PLACEMENT_3D ( 'NONE', #1933, #172, #356 ) ;
#274 = ORIENTED_EDGE ( 'NONE', *, *, #2024, .T. ) ;
#275 = APPROVAL ( #1670, 'UNSPECIFIED' ) ;
#276 = CARTESIAN_POINT ( 'NONE',  ( -0.1206924232674635999, 0.2556534605464099719, 0.08073363494533210283 ) ) ;
#277 = CYLINDRICAL_SURFACE ( 'NONE', #1425, 0.01209275000000000107 ) ;
#278 = ORIENTED_EDGE ( 'NONE', *, *, #1599, .T. ) ;
#279 = DIRECTION ( 'NONE',  ( 0.8493881131629329451, -0.5277628146696660139, -0.002498933665447280236 ) ) ;
#280 = CARTESIAN_POINT ( 'NONE',  ( -0.1206924232674635999, 0.2556534605464099719, 0.08073363494533210283 ) ) ;
#281 = AXIS2_PLACEMENT_3D ( 'NONE', #1537, #104, #744 ) ;
#282 = AXIS2_PLACEMENT_3D ( 'NONE', #1441, #805, #960 ) ;
#283 = CARTESIAN_POINT ( 'NONE',  ( -0.1201774154898569980, 0.2640016021760719922, 0.09338013340617500047 ) ) ;
#284 = ORIENTED_EDGE ( 'NONE', *, *, #1797, .F. ) ;
#285 = ORIENTED_EDGE ( 'NONE', *, *, #1374, .F. ) ;
#286 = CARTESIAN_POINT ( 'NONE',  ( -0.1280703151320111977, 0.2514077779284509817, 0.07033710395313570729 ) ) ;
#287 = DIRECTION ( 'NONE',  ( 0.3088699541259191661, 0.5009273982175383999, -0.8084992845718915744 ) ) ;
#288 = EDGE_LOOP ( 'NONE', ( #232, #1738, #285, #1368 ) ) ;
#289 = AXIS2_PLACEMENT_3D ( 'NONE', #459, #1088, #1725 ) ;
#290 = CARTESIAN_POINT ( 'NONE',  ( -0.1227459539759017948, 0.2598687052716689982, 0.09318134652062250167 ) ) ;
#291 = DIRECTION ( 'NONE',  ( -0.8493881131629331671, 0.5277628146696661249, 0.002498933665447280669 ) ) ;
#292 = CIRCLE ( 'NONE', #1560, 0.005399999999999990745 ) ;
#293 = ADVANCED_FACE ( 'NONE', ( #618 ), #1217, .T. ) ;
#294 = AXIS2_PLACEMENT_3D ( 'NONE', #1595, #977, #673 ) ;
#295 = DIRECTION ( 'NONE',  ( 0.8493881131629329451, -0.5277628146696660139, -0.002498933665447280236 ) ) ;
#296 = AXIS2_PLACEMENT_3D ( 'NONE', #40, #372, #499 ) ;
#297 = ORIENTED_EDGE ( 'NONE', *, *, #1148, .F. ) ;
#298 = EDGE_LOOP ( 'NONE', ( #1447, #1051, #1969, #1482 ) ) ;
#299 = CARTESIAN_POINT ( 'NONE',  ( -0.1304297530785390180, 0.2475548341628250049, 0.08208687602213300682 ) ) ;
#300 = CARTESIAN_POINT ( 'NONE',  ( -0.1304038144218317985, 0.2476115247522059915, 0.07893065044976159406 ) ) ;
#301 = EDGE_LOOP ( 'NONE', ( #2028, #1170, #518, #1422 ) ) ;
#302 = FACE_OUTER_BOUND ( 'NONE', #1707, .T. ) ;
#303 = ADVANCED_FACE ( 'NONE', ( #1573 ), #917, .T. ) ;
#304 = DIRECTION ( 'NONE',  ( 0.3088699541259195547, 0.5009273982175324047, -0.8084992845718949050 ) ) ;
#305 = LINE ( 'NONE', #1722, #1391 ) ;
#306 = EDGE_LOOP ( 'NONE', ( #767, #1270 ) ) ;
#307 = DIRECTION ( 'NONE',  ( -0.3088699541259168901, -0.5009273982175400652, 0.8084992845718912413 ) ) ;
#308 = ORIENTED_EDGE ( 'NONE', *, *, #419, .T. ) ;
#309 = DIRECTION ( 'NONE',  ( 0.8493881131629329451, -0.5277628146696660139, -0.002498933665447280236 ) ) ;
#310 = PERSON_AND_ORGANIZATION ( #1515, #1360 ) ;
#311 = EDGE_LOOP ( 'NONE', ( #105, #558, #1945, #660 ) ) ;
#312 = FACE_OUTER_BOUND ( 'NONE', #680, .T. ) ;
#313 = DIRECTION ( 'NONE',  ( 0.3088699541259191661, 0.5009273982175383999, -0.8084992845718915744 ) ) ;
#314 = CARTESIAN_POINT ( 'NONE',  ( -0.1240899757201153891, 0.2577645118050884698, 0.08074363067999380805 ) ) ;
#315 = VERTEX_POINT ( 'NONE', #1062 ) ;
#316 = AXIS2_PLACEMENT_3D ( 'NONE', #1267, #1889, #1093 ) ;
#317 = EDGE_LOOP ( 'NONE', ( #2022, #2042, #1381, #548 ) ) ;
#318 = ADVANCED_FACE ( 'NONE', ( #268 ), #1231, .T. ) ;
#319 = CARTESIAN_POINT ( 'NONE',  ( -0.1277382504968793964, 0.2519400447668269649, 0.07079374236725710645 ) ) ;
#320 = VERTEX_POINT ( 'NONE', #1536 ) ;
#321 = AXIS2_PLACEMENT_3D ( 'NONE', #244, #1175, #563 ) ;
#322 = FACE_OUTER_BOUND ( 'NONE', #684, .T. ) ;
#323 = CARTESIAN_POINT ( 'NONE',  ( -0.1303072368997242048, 0.2477363105654339925, 0.08540320611638980985 ) ) ;
#324 = AXIS2_PLACEMENT_3D ( 'NONE', #884, #141, #1363 ) ;
#325 = DIRECTION ( 'NONE',  ( -0.3088699541259168346, -0.5009273982175388440, 0.8084992845718922405 ) ) ;
#326 = AXIS2_PLACEMENT_3D ( 'NONE', #195, #340, #26 ) ;
#327 = EDGE_CURVE ( 'NONE', #1843, #1686, #103, .T. ) ;
#328 = DIRECTION ( 'NONE',  ( -0.3088699541259168901, -0.5009273982175400652, 0.8084992845718912413 ) ) ;
#329 = VERTEX_POINT ( 'NONE', #1377 ) ;
#330 = FACE_OUTER_BOUND ( 'NONE', #1474, .T. ) ;
#331 = CARTESIAN_POINT ( 'NONE',  ( -0.1307383498406397837, 0.2470576834768105079, 0.08219060981884579453 ) ) ;
#332 = CARTESIAN_POINT ( 'NONE',  ( -0.1201519008477433398, 0.2565300834932904839, 0.07931876119733120845 ) ) ;
#333 = CARTESIAN_POINT ( 'NONE',  ( -0.1154324033134119937, 0.2640816510828534747, 0.08862214521599309780 ) ) ;
#334 = ORIENTED_EDGE ( 'NONE', *, *, #1593, .F. ) ;
#335 = AXIS2_PLACEMENT_3D ( 'NONE', #1405, #1417, #1879 ) ;
#336 = ORIENTED_EDGE ( 'NONE', *, *, #1593, .T. ) ;
#337 = ORIENTED_EDGE ( 'NONE', *, *, #1411, .T. ) ;
#338 = ADVANCED_FACE ( 'NONE', ( #1564 ), #607, .T. ) ;
#339 = CYLINDRICAL_SURFACE ( 'NONE', #1159, 0.005400000000000002021 ) ;
#340 = DIRECTION ( 'NONE',  ( -0.8493881131629331671, 0.5277628146696661249, 0.002498933665447280669 ) ) ;
#341 = DIRECTION ( 'NONE',  ( 0.3088699541259177228, 0.5009273982175392881, -0.8084992845718915744 ) ) ;
#342 = CARTESIAN_POINT ( 'NONE',  ( -0.1300775336843989771, 0.2481013998159184997, 0.08637428039694879101 ) ) ;
#343 = APPLICATION_CONTEXT ( 'configuration controlled 3d designs of mechanical parts and assemblies' ) ;
#344 = AXIS2_PLACEMENT_3D ( 'NONE', #1296, #197, #1792 ) ;
#345 = EDGE_LOOP ( 'NONE', ( #1131, #1199, #1527, #1594 ) ) ;
#346 = DIRECTION ( 'NONE',  ( 0.3088699541259162240, 0.5009273982175377338, -0.8084992845718931287 ) ) ;
#347 = CIRCLE ( 'NONE', #817, 0.01209275000000000627 ) ;
#348 = ORIENTED_EDGE ( 'NONE', *, *, #1279, .F. ) ;
#349 = VERTEX_POINT ( 'NONE', #1868 ) ;
#350 = CIRCLE ( 'NONE', #82, 0.005399999999999995082 ) ;
#351 = DIRECTION ( 'NONE',  ( -0.8493881131629331671, 0.5277628146696661249, 0.002498933665447280669 ) ) ;
#352 = VECTOR ( 'NONE', #1040, 1.000000000000000222 ) ;
#353 = LINE ( 'NONE', #36, #1757 ) ;
#354 = CIRCLE ( 'NONE', #1817, 0.005400000000000006357 ) ;
#355 = LINE ( 'NONE', #1606, #1614 ) ;
#356 = DIRECTION ( 'NONE',  ( 0.3088699541259162240, 0.5009273982175377338, -0.8084992845718931287 ) ) ;
#357 = ORIENTED_EDGE ( 'NONE', *, *, #1899, .T. ) ;
#358 = DIRECTION ( 'NONE',  ( -0.4279476424234233134, -0.6859578362894898085, -0.5884918539599977017 ) ) ;
#359 = ADVANCED_FACE ( 'NONE', ( #330 ), #946, .T. ) ;
#360 = AXIS2_PLACEMENT_3D ( 'NONE', #1228, #1716, #1415 ) ;
#361 = ORIENTED_EDGE ( 'NONE', *, *, #1233, .F. ) ;
#362 = ORIENTED_EDGE ( 'NONE', *, *, #1009, .T. ) ;
#363 = AXIS2_PLACEMENT_3D ( 'NONE', #504, #975, #328 ) ;
#364 = AXIS2_PLACEMENT_3D ( 'NONE', #968, #2065, #1949 ) ;
#365 = CARTESIAN_POINT ( 'NONE',  ( -0.1240899757201153891, 0.2577645118050884698, 0.08074363067999380805 ) ) ;
#366 = DIRECTION ( 'NONE',  ( 0.3088699541259191661, 0.5009273982175383999, -0.8084992845718915744 ) ) ;
#367 = EDGE_CURVE ( 'NONE', #1748, #1686, #796, .T. ) ;
#368 = DIRECTION ( 'NONE',  ( -0.3088699541259168901, -0.5009273982175400652, 0.8084992845718912413 ) ) ;
#369 = DIRECTION ( 'NONE',  ( -0.8493881131629331671, 0.5277628146696661249, 0.002498933665447280669 ) ) ;
#370 = DIRECTION ( 'NONE',  ( 0.3088699541259162240, 0.5009273982175377338, -0.8084992845718931287 ) ) ;
#371 = EDGE_CURVE ( 'NONE', #233, #41, #1090, .T. ) ;
#372 = DIRECTION ( 'NONE',  ( -0.8493881131629331671, 0.5277628146696661249, 0.002498933665447280669 ) ) ;
#373 = VERTEX_POINT ( 'NONE', #1311 ) ;
#374 = AXIS2_PLACEMENT_3D ( 'NONE', #760, #113, #1708 ) ;
#375 = ORIENTED_EDGE ( 'NONE', *, *, #2043, .F. ) ;
#376 = CYLINDRICAL_SURFACE ( 'NONE', #467, 0.005400000000000002021 ) ;
#377 = DIRECTION ( 'NONE',  ( 0.8493881131629329451, -0.5277628146696660139, -0.002498933665447280236 ) ) ;
#378 = CARTESIAN_POINT ( 'NONE',  ( -0.1261065561561309778, 0.2468907272007740128, 0.09111594173992919321 ) ) ;
#379 = PERSON_AND_ORGANIZATION ( #1515, #1360 ) ;
#380 = FACE_BOUND ( 'NONE', #1561, .T. ) ;
#381 = ORIENTED_EDGE ( 'NONE', *, *, #9, .T. ) ;
#382 = CARTESIAN_POINT ( 'NONE',  ( -0.1246304981398357326, 0.2568878888582077913, 0.08215850442799461917 ) ) ;
#383 = CARTESIAN_POINT ( 'NONE',  ( -0.1304619024359670032, 0.2475129262820325027, 0.08001004581524649717 ) ) ;
#384 = EDGE_CURVE ( 'NONE', #547, #440, #228, .T. ) ;
#385 = AXIS2_PLACEMENT_3D ( 'NONE', #1914, #1932, #1921 ) ;
#386 = CARTESIAN_POINT ( 'NONE',  ( -0.1240899757201153891, 0.2577645118050884698, 0.08074363067999380805 ) ) ;
#387 = DIRECTION ( 'NONE',  ( -0.3088699541259171122, -0.5009273982175442841, 0.8084992845718885768 ) ) ;
#388 = APPROVAL_STATUS ( 'not_yet_approved' ) ;
#389 = FACE_OUTER_BOUND ( 'NONE', #1258, .T. ) ;
#390 = AXIS2_PLACEMENT_3D ( 'NONE', #1534, #1695, #933 ) ;
#391 = VERTEX_POINT ( 'NONE', #1759 ) ;
#392 = ORIENTED_EDGE ( 'NONE', *, *, #534, .F. ) ;
#393 = AXIS2_PLACEMENT_3D ( 'NONE', #1736, #640, #943 ) ;
#394 = EDGE_CURVE ( 'NONE', #1341, #1171, #1058, .T. ) ;
#395 = CARTESIAN_POINT ( 'NONE',  ( -0.1240899757201153891, 0.2577645118050884698, 0.08074363067999380805 ) ) ;
#396 = LINE ( 'NONE', #541, #634 ) ;
#397 = CIRCLE ( 'NONE', #1830, 0.01209275000000000627 ) ;
#398 = CARTESIAN_POINT ( 'NONE',  ( -0.1350872930884876033, 0.2325565474876380156, 0.06587150757434968862 ) ) ;
#399 = CARTESIAN_POINT ( 'NONE',  ( -0.1206924232674635999, 0.2556534605464099719, 0.08073363494533210283 ) ) ;
#400 = VERTEX_POINT ( 'NONE', #180 ) ;
#401 = CARTESIAN_POINT ( 'NONE',  ( -0.1232262784251499932, 0.2515229816620814796, 0.09181304489299998983 ) ) ;
#402 = AXIS2_PLACEMENT_3D ( 'NONE', #1307, #1944, #1147 ) ;
#403 = EDGE_LOOP ( 'NONE', ( #716, #1857, #1498, #136 ) ) ;
#404 = AXIS2_PLACEMENT_3D ( 'NONE', #866, #213, #1332 ) ;
#405 = DIRECTION ( 'NONE',  ( 0.3088699541259168346, 0.5009273982175388440, -0.8084992845718922405 ) ) ;
#406 = VERTEX_POINT ( 'NONE', #663 ) ;
#407 = DIRECTION ( 'NONE',  ( 0.8493881131629329451, -0.5277628146696660139, -0.002498933665447280236 ) ) ;
#408 = CARTESIAN_POINT ( 'NONE',  ( -0.1305412747650185890, 0.2474003587427104911, 0.07680509822971059997 ) ) ;
#409 = CC_DESIGN_DATE_AND_TIME_ASSIGNMENT ( #1206, #50, ( #772 ) ) ;
#410 = ORIENTED_EDGE ( 'NONE', *, *, #546, .F. ) ;
#411 = CARTESIAN_POINT ( 'NONE',  ( -0.1182082128103039975, 0.2595957120112019623, 0.09253270913438720047 ) ) ;
#412 = ADVANCED_FACE ( 'NONE', ( #1133 ), #160, .T. ) ;
#413 = ORIENTED_EDGE ( 'NONE', *, *, #99, .T. ) ;
#414 = EDGE_CURVE ( 'NONE', #261, #349, #1861, .T. ) ;
#415 = CYLINDRICAL_SURFACE ( 'NONE', #289, 0.005399999999999995082 ) ;
#416 = LINE ( 'NONE', #859, #621 ) ;
#417 = CIRCLE ( 'NONE', #1611, 0.001749999999999993748 ) ;
#418 = VERTEX_POINT ( 'NONE', #1612 ) ;
#419 = EDGE_CURVE ( 'NONE', #329, #1067, #1629, .T. ) ;
#420 = DIRECTION ( 'NONE',  ( 0.8493881131629329451, -0.5277628146696660139, -0.002498933665447280236 ) ) ;
#421 = AXIS2_PLACEMENT_3D ( 'NONE', #1193, #1021, #1814 ) ;
#422 = ADVANCED_FACE ( 'NONE', ( #1749 ), #1294, .T. ) ;
#423 = AXIS2_PLACEMENT_3D ( 'NONE', #509, #972, #1136 ) ;
#424 = EDGE_LOOP ( 'NONE', ( #1209, #1086, #999, #580 ) ) ;
#425 = ORIENTED_EDGE ( 'NONE', *, *, #693, .T. ) ;
#426 = APPROVAL_PERSON_ORGANIZATION ( #1046, #275, #1977 ) ;
#427 = DIRECTION ( 'NONE',  ( 0.8493881131629329451, -0.5277628146696660139, -0.002498933665447280236 ) ) ;
#428 = CARTESIAN_POINT ( 'NONE',  ( -0.1202840535193780008, 0.2638437105630235258, 0.09047979528552260731 ) ) ;
#429 = AXIS2_PLACEMENT_3D ( 'NONE', #1214, #914, #1856 ) ;
#430 = ORIENTED_EDGE ( 'NONE', *, *, #1148, .T. ) ;
#431 = DIRECTION ( 'NONE',  ( 0.8493881131629329451, -0.5277628146696660139, -0.002498933665447280236 ) ) ;
#432 = AXIS2_PLACEMENT_3D ( 'NONE', #1240, #1081, #1718 ) ;
#433 = DIRECTION ( 'NONE',  ( -0.8493881131629331671, 0.5277628146696661249, 0.002498933665447280669 ) ) ;
#434 = ADVANCED_FACE ( 'NONE', ( #312 ), #1912, .T. ) ;
#435 = EDGE_LOOP ( 'NONE', ( #1496, #1588, #375, #1423 ) ) ;
#436 = ORIENTED_EDGE ( 'NONE', *, *, #1532, .F. ) ;
#437 = CARTESIAN_POINT ( 'NONE',  ( -0.1258156173893295871, 0.2473741673155605003, 0.08790585832095219876 ) ) ;
#438 = CYLINDRICAL_SURFACE ( 'NONE', #1057, 0.001749999999999993748 ) ;
#439 = AXIS2_PLACEMENT_3D ( 'NONE', #549, #1499, #707 ) ;
#440 = VERTEX_POINT ( 'NONE', #1440 ) ;
#441 = CARTESIAN_POINT ( 'NONE',  ( -0.1300236463852473823, 0.2481939162324734993, 0.08515156164425549679 ) ) ;
#442 = DIRECTION ( 'NONE',  ( 0.3088699541259177228, 0.5009273982175390660, -0.8084992845718914634 ) ) ;
#443 = DIRECTION ( 'NONE',  ( -0.8493881131629331671, 0.5277628146696661249, 0.002498933665447280669 ) ) ;
#444 = ORIENTED_EDGE ( 'NONE', *, *, #538, .T. ) ;
#445 = VECTOR ( 'NONE', #1752, 1.000000000000000222 ) ;
#446 = CYLINDRICAL_SURFACE ( 'NONE', #2019, 0.005400000000000006357 ) ;
#447 = EDGE_CURVE ( 'NONE', #629, #1464, #155, .T. ) ;
#448 = FACE_OUTER_BOUND ( 'NONE', #345, .T. ) ;
#449 = EDGE_LOOP ( 'NONE', ( #1098, #576, #1576, #1717 ) ) ;
#450 = CARTESIAN_POINT ( 'NONE',  ( -0.1240899757201153891, 0.2577645118050884698, 0.08074363067999380805 ) ) ;
#451 = DIRECTION ( 'NONE',  ( 0.8493881131629329451, -0.5277628146696660139, -0.002498933665447280236 ) ) ;
#452 = CIRCLE ( 'NONE', #1619, 0.01209275000000000627 ) ;
#453 = AXIS2_PLACEMENT_3D ( 'NONE', #399, #1043, #1481 ) ;
#454 = CARTESIAN_POINT ( 'NONE',  ( -0.1244275104052198766, 0.2495958707516146846, 0.09051061466883876527 ) ) ;
#455 = ORIENTED_EDGE ( 'NONE', *, *, #1599, .F. ) ;
#456 = CIRCLE ( 'NONE', #1523, 0.001750000000000007626 ) ;
#457 = ORIENTED_EDGE ( 'NONE', *, *, #854, .T. ) ;
#458 = ADVANCED_FACE ( 'NONE', ( #322 ), #1920, .T. ) ;
#459 = CARTESIAN_POINT ( 'NONE',  ( -0.1262054715864973919, 0.2543028934960684939, 0.09276330937153630385 ) ) ;
#460 = DIRECTION ( 'NONE',  ( -0.8493881131629331671, 0.5277628146696661249, 0.002498933665447280669 ) ) ;
#461 = ORIENTED_EDGE ( 'NONE', *, *, #2001, .F. ) ;
#462 = LOCAL_TIME ( 12, 30, 21.00000000000000000, #1849 ) ;
#463 = VECTOR ( 'NONE', #802, 1.000000000000000222 ) ;
#464 = CYLINDRICAL_SURFACE ( 'NONE', #1870, 0.005399999999999995082 ) ;
#465 = DIRECTION ( 'NONE',  ( 0.3088699541259162240, 0.5009273982175377338, -0.8084992845718931287 ) ) ;
#466 = APPROVAL_PERSON_ORGANIZATION ( #1582, #1948, #1427 ) ;
#467 = AXIS2_PLACEMENT_3D ( 'NONE', #867, #1031, #1982 ) ;
#468 = AXIS2_PLACEMENT_3D ( 'NONE', #1432, #1275, #1104 ) ;
#469 = CARTESIAN_POINT ( 'NONE',  ( -0.1257005913354529991, 0.2475535682921959912, 0.08911461328910809387 ) ) ;
#470 = CARTESIAN_POINT ( 'NONE',  ( -0.1216496644930209897, 0.2540534498431989974, 0.09328172065238909960 ) ) ;
#471 = EDGE_LOOP ( 'NONE', ( #1796, #1364, #1412, #158 ) ) ;
#472 = CARTESIAN_POINT ( 'NONE',  ( -0.1267296412004725870, 0.2534610954493225488, 0.09238165343932369655 ) ) ;
#473 = ORIENTED_EDGE ( 'NONE', *, *, #1402, .F. ) ;
#474 = DIRECTION ( 'NONE',  ( 0.8493881131629329451, -0.5277628146696660139, -0.002498933665447280236 ) ) ;
#475 = AXIS2_PLACEMENT_3D ( 'NONE', #2053, #1690, #1698 ) ;
#476 = CARTESIAN_POINT ( 'NONE',  ( -0.1240899757201153891, 0.2577645118050884698, 0.08074363067999380805 ) ) ;
#477 = APPROVAL ( #388, 'UNSPECIFIED' ) ;
#478 = LINE ( 'NONE', #648, #225 ) ;
#479 = EDGE_CURVE ( 'NONE', #1839, #2048, #2060, .T. ) ;
#480 = ORIENTED_EDGE ( 'NONE', *, *, #1467, .F. ) ;
#481 = ORIENTED_EDGE ( 'NONE', *, *, #1183, .F. ) ;
#482 = DIRECTION ( 'NONE',  ( -0.8493881131629331671, 0.5277628146696661249, 0.002498933665447280669 ) ) ;
#483 = DATE_AND_TIME ( #1908, #1829 ) ;
#484 = ORIENTED_EDGE ( 'NONE', *, *, #222, .T. ) ;
#485 = DIRECTION ( 'NONE',  ( 0.8493881131629329451, -0.5277628146696660139, -0.002498933665447280236 ) ) ;
#486 = FACE_OUTER_BOUND ( 'NONE', #1786, .T. ) ;
#487 = ADVANCED_FACE ( 'NONE', ( #1303 ), #1940, .T. ) ;
#488 = DIRECTION ( 'NONE',  ( -0.8493881131629331671, 0.5277628146696661249, 0.002498933665447280669 ) ) ;
#489 = AXIS2_PLACEMENT_3D ( 'NONE', #1142, #516, #368 ) ;
#490 = EDGE_CURVE ( 'NONE', #1848, #508, #353, .T. ) ;
#491 = ORIENTED_EDGE ( 'NONE', *, *, #738, .T. ) ;
#492 = DIRECTION ( 'NONE',  ( 0.3088699541259168901, 0.5009273982175400652, -0.8084992845718912413 ) ) ;
#493 = ORIENTED_EDGE ( 'NONE', *, *, #1221, .T. ) ;
#494 = CIRCLE ( 'NONE', #19, 0.005399999999999990745 ) ;
#495 = DIRECTION ( 'NONE',  ( 0.8493881131629329451, -0.5277628146696660139, -0.002498933665447280236 ) ) ;
#496 = DIRECTION ( 'NONE',  ( -0.8493881131629331671, 0.5277628146696661249, 0.002498933665447280669 ) ) ;
#497 = DIRECTION ( 'NONE',  ( 0.3088699541259162240, 0.5009273982175377338, -0.8084992845718931287 ) ) ;
#498 = CC_DESIGN_APPROVAL ( #477, ( #1324 ) ) ;
#499 = DIRECTION ( 'NONE',  ( 0.3088699541259191661, 0.5009273982175383999, -0.8084992845718915744 ) ) ;
#500 = ADVANCED_FACE ( 'NONE', ( #682 ), #1022, .T. ) ;
#501 = AXIS2_PLACEMENT_3D ( 'NONE', #47, #869, #1195 ) ;
#502 = EDGE_LOOP ( 'NONE', ( #76, #966, #1187, #278 ) ) ;
#503 = EDGE_LOOP ( 'NONE', ( #1194, #361, #2052, #2033 ) ) ;
#504 = CARTESIAN_POINT ( 'NONE',  ( -0.1240899757201153891, 0.2577645118050884698, 0.08074363067999380805 ) ) ;
#505 = CARTESIAN_POINT ( 'NONE',  ( -0.1296781892931569979, 0.2488040546189554947, 0.07371420139992450327 ) ) ;
#506 = DIRECTION ( 'NONE',  ( -0.8493881131629331671, 0.5277628146696661249, 0.002498933665447280669 ) ) ;
#507 = CARTESIAN_POINT ( 'NONE',  ( -0.1200812670799482063, 0.2641679237776005107, 0.09093467430047171007 ) ) ;
#508 = VERTEX_POINT ( 'NONE', #398 ) ;
#509 = CARTESIAN_POINT ( 'NONE',  ( -0.1290981437881046079, 0.2496646195508745170, 0.08912460902376989624 ) ) ;
#510 = VERTEX_POINT ( 'NONE', #1639 ) ;
#511 = ORIENTED_EDGE ( 'NONE', *, *, #367, .T. ) ;
#512 = CARTESIAN_POINT ( 'NONE',  ( -0.1326163334554802120, 0.2365639666733779789, 0.05940351329777460165 ) ) ;
#513 = AXIS2_PLACEMENT_3D ( 'NONE', #1444, #1298, #1935 ) ;
#514 = EDGE_CURVE ( 'NONE', #1874, #1130, #1042, .T. ) ;
#515 = CARTESIAN_POINT ( 'NONE',  ( -0.1240899757201153891, 0.2577645118050884698, 0.08074363067999380805 ) ) ;
#516 = DIRECTION ( 'NONE',  ( 0.8493881131629329451, -0.5277628146696660139, -0.002498933665447280236 ) ) ;
#517 = CARTESIAN_POINT ( 'NONE',  ( -0.1164424386152618091, 0.2624505699028135131, 0.08978744836375619764 ) ) ;
#518 = ORIENTED_EDGE ( 'NONE', *, *, #1319, .F. ) ;
#519 = FACE_OUTER_BOUND ( 'NONE', #1202, .T. ) ;
#520 = ADVANCED_FACE ( 'NONE', ( #1151 ), #1344, .T. ) ;
#521 = DIRECTION ( 'NONE',  ( 0.3088699541259177228, 0.5009273982175390660, -0.8084992845718914634 ) ) ;
#522 = DIRECTION ( 'NONE',  ( 0.3088699541259185555, 0.5009273982175374007, -0.8084992845718924626 ) ) ;
#523 = DIRECTION ( 'NONE',  ( 0.8493881131629329451, -0.5277628146696660139, -0.002498933665447280236 ) ) ;
#524 = CARTESIAN_POINT ( 'NONE',  ( -0.1240899757201153891, 0.2577645118050884698, 0.08074363067999380805 ) ) ;
#525 = FACE_OUTER_BOUND ( 'NONE', #1900, .T. ) ;
#526 = ORIENTED_EDGE ( 'NONE', *, *, #1372, .F. ) ;
#527 = CIRCLE ( 'NONE', #257, 0.01209275000000000627 ) ;
#528 = ORIENTED_EDGE ( 'NONE', *, *, #1808, .T. ) ;
#529 = EDGE_LOOP ( 'NONE', ( #1535, #348, #1553, #1424 ) ) ;
#530 = CIRCLE ( 'NONE', #795, 0.01209275000000000627 ) ;
#531 = CARTESIAN_POINT ( 'NONE',  ( -0.1178195634102409961, 0.2602258446404459580, 0.09155373579975409348 ) ) ;
#532 = CYLINDRICAL_SURFACE ( 'NONE', #1118, 0.005400000000000006357 ) ;
#533 = LINE ( 'NONE', #428, #91 ) ;
#534 = EDGE_CURVE ( 'NONE', #821, #221, #205, .T. ) ;
#535 = LINE ( 'NONE', #207, #1243 ) ;
#536 = CALENDAR_DATE ( 2026, 6, 9 ) ;
#537 = DIRECTION ( 'NONE',  ( 0.8493881131629329451, -0.5277628146696660139, -0.002498933665447280236 ) ) ;
#538 = EDGE_CURVE ( 'NONE', #320, #721, #1127, .T. ) ;
#539 = VERTEX_POINT ( 'NONE', #1033 ) ;
#540 = DIRECTION ( 'NONE',  ( -0.8493881131629331671, 0.5277628146696661249, 0.002498933665447280669 ) ) ;
#541 = CARTESIAN_POINT ( 'NONE',  ( -0.1196050038717339364, 0.2649381056982738070, 0.09015791479896020921 ) ) ;
#542 = FACE_OUTER_BOUND ( 'NONE', #317, .T. ) ;
#543 = DIRECTION ( 'NONE',  ( 0.8493881131629329451, -0.5277628146696660139, -0.002498933665447280236 ) ) ;
#544 = FACE_OUTER_BOUND ( 'NONE', #940, .T. ) ;
#545 = CIRCLE ( 'NONE', #812, 0.005399999999999990745 ) ;
#546 = EDGE_CURVE ( 'NONE', #821, #742, #1663, .T. ) ;
#547 = VERTEX_POINT ( 'NONE', #1322 ) ;
#548 = ORIENTED_EDGE ( 'NONE', *, *, #1967, .T. ) ;
#549 = CARTESIAN_POINT ( 'NONE',  ( -0.1296781892931569979, 0.2488040546189554947, 0.07371420139992450327 ) ) ;
#550 = AXIS2_PLACEMENT_3D ( 'NONE', #1169, #734, #1999 ) ;
#551 = DIRECTION ( 'NONE',  ( -0.8493881131629331671, 0.5277628146696661249, 0.002498933665447280669 ) ) ;
#552 = AXIS2_PLACEMENT_3D ( 'NONE', #646, #1950, #16 ) ;
#553 = CARTESIAN_POINT ( 'NONE',  ( -0.1270062619691799954, 0.2455004734935274935, 0.07892065471509979169 ) ) ;
#554 = DIRECTION ( 'NONE',  ( 0.8493881131629329451, -0.5277628146696660139, -0.002498933665447280236 ) ) ;
#555 = DATE_AND_TIME ( #1805, #462 ) ;
#556 = CARTESIAN_POINT ( 'NONE',  ( -0.1154324033134119937, 0.2640816510828534747, 0.08862214521599309780 ) ) ;
#557 = CIRCLE ( 'NONE', #1526, 0.01462500000000001646 ) ;
#558 = ORIENTED_EDGE ( 'NONE', *, *, #1539, .F. ) ;
#559 = ORIENTED_EDGE ( 'NONE', *, *, #1873, .T. ) ;
#560 = CARTESIAN_POINT ( 'NONE',  ( -0.1206924232674635999, 0.2556534605464099719, 0.08073363494533210283 ) ) ;
#561 = CIRCLE ( 'NONE', #1788, 0.01462500000000001646 ) ;
#562 = EDGE_LOOP ( 'NONE', ( #1222, #1161 ) ) ;
#563 = DIRECTION ( 'NONE',  ( 0.3088699541259177228, 0.5009273982175390660, -0.8084992845718914634 ) ) ;
#564 = EDGE_CURVE ( 'NONE', #1224, #590, #494, .T. ) ;
#565 = DIRECTION ( 'NONE',  ( 0.8493881131629329451, -0.5277628146696660139, -0.002498933665447280236 ) ) ;
#566 = ORIENTED_EDGE ( 'NONE', *, *, #1683, .F. ) ;
#567 = DIRECTION ( 'NONE',  ( -0.8493881131629330561, 0.5277628146696659028, 0.002498933665447205642 ) ) ;
#568 = EDGE_CURVE ( 'NONE', #1732, #1545, #1803, .T. ) ;
#569 = ORIENTED_EDGE ( 'NONE', *, *, #327, .F. ) ;
#570 = ORIENTED_EDGE ( 'NONE', *, *, #1411, .F. ) ;
#571 = LINE ( 'NONE', #283, #52 ) ;
#572 = ORIENTED_EDGE ( 'NONE', *, *, #112, .T. ) ;
#573 = EDGE_CURVE ( 'NONE', #1000, #1833, #1960, .T. ) ;
#574 = CARTESIAN_POINT ( 'NONE',  ( -0.1292644438909345828, 0.2493854616117334999, 0.09155598574290318981 ) ) ;
#575 = DIRECTION ( 'NONE',  ( 0.3088699541259177228, 0.5009273982175390660, -0.8084992845718914634 ) ) ;
#576 = ORIENTED_EDGE ( 'NONE', *, *, #1153, .T. ) ;
#577 = EDGE_CURVE ( 'NONE', #1886, #907, #1220, .T. ) ;
#578 = CYLINDRICAL_SURFACE ( 'NONE', #620, 0.005400000000000006357 ) ;
#579 = CIRCLE ( 'NONE', #1741, 0.01462500000000001646 ) ;
#580 = ORIENTED_EDGE ( 'NONE', *, *, #1633, .T. ) ;
#581 = EDGE_LOOP ( 'NONE', ( #687, #1269, #1109, #1191 ) ) ;
#582 = ADVANCED_FACE ( 'NONE', ( #542 ), #532, .T. ) ;
#583 = DIRECTION ( 'NONE',  ( 0.3844989386691817779, 0.6220469954595266859, -0.6820689859552685474 ) ) ;
#584 = CARTESIAN_POINT ( 'NONE',  ( -0.1240899757201153891, 0.2577645118050884698, 0.08074363067999380805 ) ) ;
#585 = ADVANCED_FACE ( 'NONE', ( #1815 ), #886, .F. ) ;
#586 = AXIS2_PLACEMENT_3D ( 'NONE', #331, #826, #522 ) ;
#587 = VERTEX_POINT ( 'NONE', #553 ) ;
#588 = CARTESIAN_POINT ( 'NONE',  ( -0.1316371950497170207, 0.2456327065169670032, 0.07762122682366809356 ) ) ;
#589 = LINE ( 'NONE', #1072, #883 ) ;
#590 = VERTEX_POINT ( 'NONE', #858 ) ;
#591 = CIRCLE ( 'NONE', #1455, 0.01209275000000000627 ) ;
#592 = ORIENTED_EDGE ( 'NONE', *, *, #272, .T. ) ;
#593 = AXIS2_PLACEMENT_3D ( 'NONE', #1201, #1107, #1743 ) ;
#594 = DIRECTION ( 'NONE',  ( 0.3088699541259168901, 0.5009273982175400652, -0.8084992845718912413 ) ) ;
#595 = CARTESIAN_POINT ( 'NONE',  ( -0.1223099953385563959, 0.2529824678258895121, 0.09502138786458939890 ) ) ;
#596 = ORIENTED_EDGE ( 'NONE', *, *, #1036, .T. ) ;
#597 = DIRECTION ( 'NONE',  ( 0.8493881131629329451, -0.5277628146696660139, -0.002498933665447280236 ) ) ;
#598 = AXIS2_PLACEMENT_3D ( 'NONE', #814, #792, #1767 ) ;
#599 = CARTESIAN_POINT ( 'NONE',  ( -0.1206924232674635999, 0.2556534605464099719, 0.08073363494533210283 ) ) ;
#600 = DIRECTION ( 'NONE',  ( 0.8493881131629329451, -0.5277628146696660139, -0.002498933665447280236 ) ) ;
#601 = CARTESIAN_POINT ( 'NONE',  ( -0.1277774555143660062, 0.2517798335572505319, 0.09130378782668419069 ) ) ;
#602 = EDGE_CURVE ( 'NONE', #165, #81, #921, .T. ) ;
#603 = ORIENTED_EDGE ( 'NONE', *, *, #1192, .F. ) ;
#604 = CARTESIAN_POINT ( 'NONE',  ( -0.1240899757201153891, 0.2577645118050884698, 0.08074363067999380805 ) ) ;
#605 = LINE ( 'NONE', #300, #831 ) ;
#606 = ORIENTED_EDGE ( 'NONE', *, *, #1218, .T. ) ;
#607 = CYLINDRICAL_SURFACE ( 'NONE', #432, 0.01209275000000000107 ) ;
#608 = CARTESIAN_POINT ( 'NONE',  ( -0.1206924232674635999, 0.2556534605464099719, 0.08073363494533210283 ) ) ;
#609 = CYLINDRICAL_SURFACE ( 'NONE', #1419, 0.01209275000000002535 ) ;
#610 = EDGE_LOOP ( 'NONE', ( #56, #957, #86, #1048 ) ) ;
#611 = EDGE_CURVE ( 'NONE', #813, #1684, #1186, .T. ) ;
#612 = CIRCLE ( 'NONE', #513, 0.01462500000000001646 ) ;
#613 = EDGE_LOOP ( 'NONE', ( #149, #1236, #1205, #984 ) ) ;
#614 = CIRCLE ( 'NONE', #273, 0.005400000000000002021 ) ;
#615 = CARTESIAN_POINT ( 'NONE',  ( -0.1206924232674635999, 0.2556534605464099719, 0.08073363494533210283 ) ) ;
#616 = CARTESIAN_POINT ( 'NONE',  ( -0.1266260939325955792, 0.2460828649737950014, 0.08514156590959369442 ) ) ;
#617 = ORIENTED_EDGE ( 'NONE', *, *, #651, .F. ) ;
#618 = FACE_OUTER_BOUND ( 'NONE', #1331, .T. ) ;
#619 = DIRECTION ( 'NONE',  ( 0.8493881131629329451, -0.5277628146696660139, -0.002498933665447280236 ) ) ;
#620 = AXIS2_PLACEMENT_3D ( 'NONE', #1978, #249, #879 ) ;
#621 = VECTOR ( 'NONE', #236, 1.000000000000000222 ) ;
#622 = DIRECTION ( 'NONE',  ( -0.8493881131629331671, 0.5277628146696661249, 0.002498933665447280669 ) ) ;
#623 = VERTEX_POINT ( 'NONE', #89 ) ;
#624 = CIRCLE ( 'NONE', #1784, 0.01462500000000001646 ) ;
#625 = CIRCLE ( 'NONE', #822, 0.005400000000000002021 ) ;
#626 = VERTEX_POINT ( 'NONE', #730 ) ;
#627 = CIRCLE ( 'NONE', #1785, 0.01462500000000001646 ) ;
#628 = CARTESIAN_POINT ( 'NONE',  ( -0.1294524278839281894, 0.2490983429961534934, 0.08829826004825590269 ) ) ;
#629 = VERTEX_POINT ( 'NONE', #709 ) ;
#630 = EDGE_CURVE ( 'NONE', #1239, #1084, #591, .T. ) ;
#631 = CYLINDRICAL_SURFACE ( 'NONE', #1802, 0.005400000000000002021 ) ;
#632 = DIRECTION ( 'NONE',  ( -0.8493881131629331671, 0.5277628146696661249, 0.002498933665447280669 ) ) ;
#633 = AXIS2_PLACEMENT_3D ( 'NONE', #1204, #1492, #63 ) ;
#634 = VECTOR ( 'NONE', #1675, 1.000000000000000222 ) ;
#635 = AXIS2_PLACEMENT_3D ( 'NONE', #825, #150, #1605 ) ;
#636 = DIRECTION ( 'NONE',  ( -0.8493881131629329451, 0.5277628146696660139, 0.002498933665447280236 ) ) ;
#637 = EDGE_CURVE ( 'NONE', #373, #1609, #1289, .T. ) ;
#638 = ORIENTED_EDGE ( 'NONE', *, *, #200, .F. ) ;
#639 = VERTEX_POINT ( 'NONE', #2020 ) ;
#640 = DIRECTION ( 'NONE',  ( -0.8493881131629331671, 0.5277628146696661249, 0.002498933665447280669 ) ) ;
#641 = PERSON_AND_ORGANIZATION_ROLE ( 'design_owner' ) ;
#642 = EDGE_CURVE ( 'NONE', #1831, #539, #1751, .T. ) ;
#643 = ORIENTED_EDGE ( 'NONE', *, *, #1936, .T. ) ;
#644 = DIRECTION ( 'NONE',  ( -0.3088699541259168901, -0.5009273982175400652, 0.8084992845718912413 ) ) ;
#645 = CIRCLE ( 'NONE', #1007, 0.005400000000000006357 ) ;
#646 = CARTESIAN_POINT ( 'NONE',  ( -0.1282321766150396058, 0.2510509605096810093, 0.09067847847329030264 ) ) ;
#647 = EDGE_CURVE ( 'NONE', #1464, #406, #747, .T. ) ;
#648 = CARTESIAN_POINT ( 'NONE',  ( -0.1280703151320111977, 0.2514077779284509817, 0.07033710395313570729 ) ) ;
#649 = ORIENTED_EDGE ( 'NONE', *, *, #1218, .F. ) ;
#650 = CARTESIAN_POINT ( 'NONE',  ( -0.1164995294809279963, 0.2623432652684954958, 0.09304447486286779312 ) ) ;
#651 = EDGE_CURVE ( 'NONE', #1926, #320, #117, .T. ) ;
#652 = ORIENTED_EDGE ( 'NONE', *, *, #854, .F. ) ;
#653 = DIRECTION ( 'NONE',  ( -0.8493881131629331671, 0.5277628146696661249, 0.002498933665447280669 ) ) ;
#654 = EDGE_CURVE ( 'NONE', #1180, #736, #860, .T. ) ;
#655 = DIRECTION ( 'NONE',  ( 0.8493881131629329451, -0.5277628146696660139, -0.002498933665447280236 ) ) ;
#656 = DIRECTION ( 'NONE',  ( -0.8493881131629331671, 0.5277628146696661249, 0.002498933665447280669 ) ) ;
#657 = CARTESIAN_POINT ( 'NONE',  ( -0.1179371061194539883, 0.2676431136486485118, 0.08579201866227199880 ) ) ;
#658 = CIRCLE ( 'NONE', #552, 0.005400000000000006357 ) ;
#659 = ORIENTED_EDGE ( 'NONE', *, *, #564, .F. ) ;
#660 = ORIENTED_EDGE ( 'NONE', *, *, #1745, .T. ) ;
#661 = DIRECTION ( 'NONE',  ( -0.8493881131629331671, 0.5277628146696661249, 0.002498933665447280669 ) ) ;
#662 = CIRCLE ( 'NONE', #88, 0.01209275000000000627 ) ;
#663 = CARTESIAN_POINT ( 'NONE',  ( -0.1183196721086813979, 0.2594062156411764963, 0.09466839386456710193 ) ) ;
#664 = DIRECTION ( 'NONE',  ( 0.8493881131629329451, -0.5277628146696660139, -0.002498933665447280236 ) ) ;
#665 = DIRECTION ( 'NONE',  ( 0.3088699541259168346, 0.5009273982175388440, -0.8084992845718922405 ) ) ;
#666 = VERTEX_POINT ( 'NONE', #897 ) ;
#667 = CIRCLE ( 'NONE', #924, 0.005400000000000002021 ) ;
#668 = CARTESIAN_POINT ( 'NONE',  ( -0.1260281058681462230, 0.2545783013309775300, 0.09488514189145770550 ) ) ;
#669 = EDGE_LOOP ( 'NONE', ( #878, #2017, #1325, #1371 ) ) ;
#670 = ORIENTED_EDGE ( 'NONE', *, *, #188, .T. ) ;
#671 = ADVANCED_FACE ( 'NONE', ( #913 ), #446, .T. ) ;
#672 = DIRECTION ( 'NONE',  ( -0.3088699541259162240, -0.5009273982175377338, 0.8084992845718931287 ) ) ;
#673 = DIRECTION ( 'NONE',  ( 0.3088699541259168346, 0.5009273982175388440, -0.8084992845718922405 ) ) ;
#674 = DIRECTION ( 'NONE',  ( 0.3088699541259177228, 0.5009273982175411755, -0.8084992845718903531 ) ) ;
#675 = CARTESIAN_POINT ( 'NONE',  ( -0.1194403261795236315, 0.2652867706094316769, 0.07249554095008321764 ) ) ;
#676 = ORIENTED_EDGE ( 'NONE', *, *, #2043, .T. ) ;
#677 = VECTOR ( 'NONE', #1728, 1.000000000000000222 ) ;
#678 = DIRECTION ( 'NONE',  ( -0.8493881131629331671, 0.5277628146696661249, 0.002498933665447280669 ) ) ;
#679 = EDGE_CURVE ( 'NONE', #901, #1616, #824, .T. ) ;
#680 = EDGE_LOOP ( 'NONE', ( #2012, #864, #1951, #732 ) ) ;
#681 = DIRECTION ( 'NONE',  ( -0.8493881131629331671, 0.5277628146696661249, 0.002498933665447280669 ) ) ;
#682 = FACE_OUTER_BOUND ( 'NONE', #67, .T. ) ;
#683 = CARTESIAN_POINT ( 'NONE',  ( -0.1297889965175109961, 0.2485668676699049895, 0.08614354798268269997 ) ) ;
#684 = EDGE_LOOP ( 'NONE', ( #750, #1758, #991, #1357 ) ) ;
#685 = CARTESIAN_POINT ( 'NONE',  ( -0.1266238308778016020, 0.2536340329207600330, 0.09182304062766180608 ) ) ;
#686 = AXIS2_PLACEMENT_3D ( 'NONE', #1850, #420, #260 ) ;
#687 = ORIENTED_EDGE ( 'NONE', *, *, #1503, .T. ) ;
#688 = CARTESIAN_POINT ( 'NONE',  ( -0.1307383498406397837, 0.2470576834768105079, 0.08219060981884579453 ) ) ;
#689 = AXIS2_PLACEMENT_3D ( 'NONE', #1352, #1991, #405 ) ;
#690 = DIRECTION ( 'NONE',  ( 0.3088699541259177228, 0.5009273982175411755, -0.8084992845718903531 ) ) ;
#691 = LINE ( 'NONE', #1323, #993 ) ;
#692 = ORIENTED_EDGE ( 'NONE', *, *, #775, .T. ) ;
#693 = EDGE_CURVE ( 'NONE', #1635, #66, #740, .T. ) ;
#694 = CYLINDRICAL_SURFACE ( 'NONE', #423, 0.005400000000000006357 ) ;
#695 = CIRCLE ( 'NONE', #794, 0.005399999999999990745 ) ;
#696 = ORIENTED_EDGE ( 'NONE', *, *, #967, .F. ) ;
#697 = AXIS2_PLACEMENT_3D ( 'NONE', #1626, #653, #1460 ) ;
#698 = CARTESIAN_POINT ( 'NONE',  ( -0.1243406980442278015, 0.2498289935081484947, 0.07078374663259530408 ) ) ;
#699 = DIRECTION ( 'NONE',  ( 0.8493881131629329451, -0.5277628146696660139, -0.002498933665447280236 ) ) ;
#700 = DIRECTION ( 'NONE',  ( 0.3088699541259168346, 0.5009273982175388440, -0.8084992845718922405 ) ) ;
#701 = FACE_OUTER_BOUND ( 'NONE', #1968, .T. ) ;
#702 = EDGE_CURVE ( 'NONE', #31, #2000, #557, .T. ) ;
#703 = CARTESIAN_POINT ( 'NONE',  ( -0.1240899757201153891, 0.2577645118050884698, 0.08074363067999380805 ) ) ;
#704 = AXIS2_PLACEMENT_3D ( 'NONE', #1546, #1071, #123 ) ;
#705 = ORIENTED_EDGE ( 'NONE', *, *, #937, .F. ) ;
#706 = ORIENTED_EDGE ( 'NONE', *, *, #711, .F. ) ;
#707 = DIRECTION ( 'NONE',  ( 0.3088699541259191661, 0.5009273982175383999, -0.8084992845718915744 ) ) ;
#708 = LINE ( 'NONE', #1958, #1791 ) ;
#709 = CARTESIAN_POINT ( 'NONE',  ( -0.1220327827195187981, 0.2610085667259555153, 0.09485513979945708885 ) ) ;
#710 = CYLINDRICAL_SURFACE ( 'NONE', #1895, 0.005399999999999990745 ) ;
#711 = EDGE_CURVE ( 'NONE', #1810, #813, #109, .T. ) ;
#712 = DATE_TIME_ROLE ( 'classification_date' ) ;
#713 = CARTESIAN_POINT ( 'NONE',  ( -0.1273459134387114056, 0.2449103881103630032, 0.08809624916685429574 ) ) ;
#714 = CIRCLE ( 'NONE', #107, 0.005400000000000002021 ) ;
#715 = EDGE_LOOP ( 'NONE', ( #696, #692, #174, #1654 ) ) ;
#716 = ORIENTED_EDGE ( 'NONE', *, *, #39, .T. ) ;
#717 = AXIS2_PLACEMENT_3D ( 'NONE', #608, #762, #269 ) ;
#718 = FACE_OUTER_BOUND ( 'NONE', #145, .T. ) ;
#719 = CARTESIAN_POINT ( 'NONE',  ( -0.1304421655323182161, 0.2475604260842939885, 0.07668689318314120262 ) ) ;
#720 = DIRECTION ( 'NONE',  ( 0.3088699541259160575, 0.5009273982175426188, -0.8084992845718901311 ) ) ;
#721 = VERTEX_POINT ( 'NONE', #1203 ) ;
#722 = CARTESIAN_POINT ( 'NONE',  ( -0.1246304981398357464, 0.2568878888582077913, 0.08215850442799461917 ) ) ;
#723 = ORIENTED_EDGE ( 'NONE', *, *, #789, .F. ) ;
#724 = APPROVAL_PERSON_ORGANIZATION ( #1661, #477, #1326 ) ;
#725 = CIRCLE ( 'NONE', #1359, 0.004000000000000010492 ) ;
#726 = CARTESIAN_POINT ( 'NONE',  ( -0.1240899757201153891, 0.2577645118050884698, 0.08074363067999380805 ) ) ;
#727 = CIRCLE ( 'NONE', #1156, 0.005400000000000004623 ) ;
#728 = EDGE_CURVE ( 'NONE', #787, #1108, #662, .T. ) ;
#729 = EDGE_LOOP ( 'NONE', ( #1685, #33, #1155, #1010 ) ) ;
#730 = CARTESIAN_POINT ( 'NONE',  ( -0.1307434658913632086, 0.2470214393690415011, 0.08810624490151611199 ) ) ;
#731 = LINE ( 'NONE', #1335, #1517 ) ;
#732 = ORIENTED_EDGE ( 'NONE', *, *, #1892, .T. ) ;
#733 = DATE_AND_TIME ( #248, #1458 ) ;
#734 = DIRECTION ( 'NONE',  ( 0.8493881131629329451, -0.5277628146696660139, -0.002498933665447280236 ) ) ;
#735 = ADVANCED_FACE ( 'NONE', ( #925 ), #1865, .T. ) ;
#736 = VERTEX_POINT ( 'NONE', #437 ) ;
#737 = ORIENTED_EDGE ( 'NONE', *, *, #564, .T. ) ;
#738 = EDGE_CURVE ( 'NONE', #904, #844, #627, .T. ) ;
#739 = AXIS2_PLACEMENT_3D ( 'NONE', #1235, #600, #1038 ) ;
#740 = LINE ( 'NONE', #1373, #988 ) ;
#741 = DIRECTION ( 'NONE',  ( 0.8493881131629329451, -0.5277628146696660139, -0.002498933665447280236 ) ) ;
#742 = VERTEX_POINT ( 'NONE', #299 ) ;
#743 = CARTESIAN_POINT ( 'NONE',  ( -0.1183626780882939961, 0.2669354670181079969, 0.09059158820007510993 ) ) ;
#744 = DIRECTION ( 'NONE',  ( 0.3088699541259177228, 0.5009273982175390660, -0.8084992845718914634 ) ) ;
#745 = ORIENTED_EDGE ( 'NONE', *, *, #642, .F. ) ;
#746 = ORIENTED_EDGE ( 'NONE', *, *, #143, .T. ) ;
#747 = LINE ( 'NONE', #1213, #1356 ) ;
#748 = CARTESIAN_POINT ( 'NONE',  ( -0.1240899757201153891, 0.2577645118050884698, 0.08074363067999380805 ) ) ;
#749 = VECTOR ( 'NONE', #1284, 1.000000000000000222 ) ;
#750 = ORIENTED_EDGE ( 'NONE', *, *, #799, .T. ) ;
#751 = DIRECTION ( 'NONE',  ( -0.3088699541259191661, -0.5009273982175383999, 0.8084992845718915744 ) ) ;
#752 = DIRECTION ( 'NONE',  ( -0.3088699541259162240, -0.5009273982175377338, 0.8084992845718931287 ) ) ;
#753 = EDGE_CURVE ( 'NONE', #221, #1831, #1150, .T. ) ;
#754 = AXIS2_PLACEMENT_3D ( 'NONE', #386, #1491, #62 ) ;
#755 = ORIENTED_EDGE ( 'NONE', *, *, #1153, .F. ) ;
#756 = AXIS2_PLACEMENT_3D ( 'NONE', #726, #1881, #930 ) ;
#757 = DIRECTION ( 'NONE',  ( 0.3088699541259168901, 0.5009273982175400652, -0.8084992845718912413 ) ) ;
#758 = DIRECTION ( 'NONE',  ( -0.3088699541259195547, -0.5009273982175324047, 0.8084992845718949050 ) ) ;
#759 = EDGE_LOOP ( 'NONE', ( #258, #1138, #1550, #777 ) ) ;
#760 = CARTESIAN_POINT ( 'NONE',  ( -0.1210941807012134025, 0.2625321562338835402, 0.09211137358398518993 ) ) ;
#761 = ADVANCED_FACE ( 'NONE', ( #1077 ), #1715, .F. ) ;
#762 = DIRECTION ( 'NONE',  ( -0.8493881131629331671, 0.5277628146696661249, 0.002498933665447280669 ) ) ;
#763 = FACE_OUTER_BOUND ( 'NONE', #38, .T. ) ;
#764 = FACE_OUTER_BOUND ( 'NONE', #1509, .T. ) ;
#765 = CARTESIAN_POINT ( 'NONE',  ( -0.1206924232674635999, 0.2556534605464099719, 0.08073363494533210283 ) ) ;
#766 =( NAMED_UNIT ( * ) SI_UNIT ( $, .STERADIAN. ) SOLID_ANGLE_UNIT ( ) );
#767 = ORIENTED_EDGE ( 'NONE', *, *, #74, .F. ) ;
#768 = CYLINDRICAL_SURFACE ( 'NONE', #335, 0.01462500000000001646 ) ;
#769 = LINE ( 'NONE', #1869, #1851 ) ;
#770 = CARTESIAN_POINT ( 'NONE',  ( -0.1260883732856359907, 0.2544939590652419703, 0.09221291550985590002 ) ) ;
#771 = ORIENTED_EDGE ( 'NONE', *, *, #1557, .F. ) ;
#772 = PRODUCT_DEFINITION ( 'UNKNOWN', '', #1324, #1911 ) ;
#773 = ADVANCED_FACE ( 'NONE', ( #1246 ), #415, .T. ) ;
#774 = ORIENTED_EDGE ( 'NONE', *, *, #1306, .F. ) ;
#775 = EDGE_CURVE ( 'NONE', #1039, #192, #1087, .T. ) ;
#776 = DIRECTION ( 'NONE',  ( 0.3088699541259195547, 0.5009273982175324047, -0.8084992845718949050 ) ) ;
#777 = ORIENTED_EDGE ( 'NONE', *, *, #490, .T. ) ;
#778 = EDGE_CURVE ( 'NONE', #2068, #1264, #2004, .T. ) ;
#779 = DIRECTION ( 'NONE',  ( 0.8493881131629329451, -0.5277628146696660139, -0.002498933665447280236 ) ) ;
#780 = CARTESIAN_POINT ( 'NONE',  ( -0.1240283442524990065, 0.2577944542940365236, 0.09536847016661920140 ) ) ;
#781 = CARTESIAN_POINT ( 'NONE',  ( -0.1192443693652501940, 0.2466624166201304980, 0.07076875303060260747 ) ) ;
#782 = ORIENTED_EDGE ( 'NONE', *, *, #679, .T. ) ;
#783 = ORIENTED_EDGE ( 'NONE', *, *, #1402, .T. ) ;
#784 = AXIS2_PLACEMENT_3D ( 'NONE', #836, #1666, #1971 ) ;
#785 = CIRCLE ( 'NONE', #402, 0.01462500000000001646 ) ;
#786 = EDGE_CURVE ( 'NONE', #639, #1843, #189, .T. ) ;
#787 = VERTEX_POINT ( 'NONE', #1261 ) ;
#788 = CYLINDRICAL_SURFACE ( 'NONE', #94, 0.005400000000000006357 ) ;
#789 = EDGE_CURVE ( 'NONE', #1282, #1545, #1027, .T. ) ;
#790 = APPROVAL_STATUS ( 'not_yet_approved' ) ;
#791 = ORIENTED_EDGE ( 'NONE', *, *, #630, .F. ) ;
#792 = DIRECTION ( 'NONE',  ( 0.8493881131629329451, -0.5277628146696660139, -0.002498933665447280236 ) ) ;
#793 = CARTESIAN_POINT ( 'NONE',  ( -0.1266799812317472018, 0.2459903485572395021, 0.08636428466228698864 ) ) ;
#794 = AXIS2_PLACEMENT_3D ( 'NONE', #1884, #1069, #1726 ) ;
#795 = AXIS2_PLACEMENT_3D ( 'NONE', #1637, #1489, #845 ) ;
#796 = CIRCLE ( 'NONE', #64, 0.01462500000000001646 ) ;
#797 = PRODUCT ( 'Gear 1', 'Gear 1', '', ( #2041 ) ) ;
#798 = DIRECTION ( 'NONE',  ( 0.8493881131629329451, -0.5277628146696660139, -0.002498933665447280236 ) ) ;
#799 = EDGE_CURVE ( 'NONE', #882, #508, #725, .T. ) ;
#800 = ORIENTED_EDGE ( 'NONE', *, *, #1992, .T. ) ;
#801 = EDGE_CURVE ( 'NONE', #1926, #1609, #1281, .T. ) ;
#802 = DIRECTION ( 'NONE',  ( 0.8493881131629329451, -0.5277628146696660139, -0.002498933665447280236 ) ) ;
#803 = ORIENTED_EDGE ( 'NONE', *, *, #1247, .T. ) ;
#804 = DIRECTION ( 'NONE',  ( 0.8493881131629329451, -0.5277628146696660139, -0.002498933665447280236 ) ) ;
#805 = DIRECTION ( 'NONE',  ( -0.8493881131629330561, 0.5277628146696659028, 0.002498933665447205642 ) ) ;
#806 = CARTESIAN_POINT ( 'NONE',  ( -0.1372493657246355858, 0.2366713083391865091, 0.06264750617072389893 ) ) ;
#807 = CARTESIAN_POINT ( 'NONE',  ( -0.1246560036331369886, 0.2492296898088295076, 0.09018137556192148963 ) ) ;
#808 = ORIENTED_EDGE ( 'NONE', *, *, #2062, .F. ) ;
#809 = ORIENTED_EDGE ( 'NONE', *, *, #1618, .F. ) ;
#810 = ORIENTED_EDGE ( 'NONE', *, *, #1211, .F. ) ;
#811 = CARTESIAN_POINT ( 'NONE',  ( -0.1206924232674635999, 0.2556534605464099719, 0.08073363494533210283 ) ) ;
#812 = AXIS2_PLACEMENT_3D ( 'NONE', #507, #369, #665 ) ;
#813 = VERTEX_POINT ( 'NONE', #2 ) ;
#814 = CARTESIAN_POINT ( 'NONE',  ( -0.1240899757201153891, 0.2577645118050884698, 0.08074363067999380805 ) ) ;
#815 = LINE ( 'NONE', #2066, #749 ) ;
#816 = FACE_OUTER_BOUND ( 'NONE', #669, .T. ) ;
#817 = AXIS2_PLACEMENT_3D ( 'NONE', #280, #433, #909 ) ;
#818 = DIRECTION ( 'NONE',  ( 0.8493881131629329451, -0.5277628146696660139, -0.002498933665447280236 ) ) ;
#819 = EDGE_CURVE ( 'NONE', #271, #1000, #22, .T. ) ;
#820 = CIRCLE ( 'NONE', #1650, 0.005399999999999990745 ) ;
#821 = VERTEX_POINT ( 'NONE', #25 ) ;
#822 = AXIS2_PLACEMENT_3D ( 'NONE', #556, #1338, #1506 ) ;
#823 = DIRECTION ( 'NONE',  ( 0.8493881131629329451, -0.5277628146696660139, -0.002498933665447280236 ) ) ;
#824 = CIRCLE ( 'NONE', #390, 0.01462500000000001646 ) ;
#825 = CARTESIAN_POINT ( 'NONE',  ( -0.1240899757201153891, 0.2577645118050884698, 0.08074363067999380805 ) ) ;
#826 = DIRECTION ( 'NONE',  ( -0.8493881131629331671, 0.5277628146696661249, 0.002498933665447280669 ) ) ;
#827 = LINE ( 'NONE', #675, #1066 ) ;
#828 = ORIENTED_EDGE ( 'NONE', *, *, #1647, .F. ) ;
#829 = VECTOR ( 'NONE', #358, 1.000000000000000222 ) ;
#830 = EDGE_CURVE ( 'NONE', #587, #184, #1559, .T. ) ;
#831 = VECTOR ( 'NONE', #2010, 1.000000000000000222 ) ;
#832 = LINE ( 'NONE', #982, #1676 ) ;
#833 = AXIS2_PLACEMENT_3D ( 'NONE', #628, #1897, #1002 ) ;
#834 = AXIS2_PLACEMENT_3D ( 'NONE', #1678, #78, #1648 ) ;
#835 = ORIENTED_EDGE ( 'NONE', *, *, #1503, .F. ) ;
#836 = CARTESIAN_POINT ( 'NONE',  ( -0.1372493657246355858, 0.2366713083391865091, 0.06264750617072389893 ) ) ;
#837 = DIRECTION ( 'NONE',  ( 0.8493881131629329451, -0.5277628146696660139, -0.002498933665447280236 ) ) ;
#838 = CARTESIAN_POINT ( 'NONE',  ( -0.1233555474703823956, 0.2588896057486905211, 0.09276150825161869062 ) ) ;
#839 = DIRECTION ( 'NONE',  ( -0.8493881131629331671, 0.5277628146696661249, 0.002498933665447280669 ) ) ;
#840 = VERTEX_POINT ( 'NONE', #319 ) ;
#841 = AXIS2_PLACEMENT_3D ( 'NONE', #290, #474, #1888 ) ;
#842 = CARTESIAN_POINT ( 'NONE',  ( -0.1278957871171169935, 0.2515792833462675016, 0.09343809299718730532 ) ) ;
#843 = CARTESIAN_POINT ( 'NONE',  ( -0.1210941807012134025, 0.2625321562338835402, 0.09211137358398518993 ) ) ;
#844 = VERTEX_POINT ( 'NONE', #650 ) ;
#845 = DIRECTION ( 'NONE',  ( 0.3088699541259177228, 0.5009273982175390660, -0.8084992845718914634 ) ) ;
#846 = EDGE_CURVE ( 'NONE', #539, #1839, #1190, .T. ) ;
#847 = AXIS2_PLACEMENT_3D ( 'NONE', #524, #1793, #307 ) ;
#848 = DIRECTION ( 'NONE',  ( 0.8493881131629329451, -0.5277628146696660139, -0.002498933665447280236 ) ) ;
#849 = CARTESIAN_POINT ( 'NONE',  ( -0.1384848455411394064, 0.2346675987463165136, 0.06588150330901150487 ) ) ;
#850 = CARTESIAN_POINT ( 'NONE',  ( -0.1179371061194539883, 0.2676431136486485118, 0.08579201866227199880 ) ) ;
#851 = ORIENTED_EDGE ( 'NONE', *, *, #1602, .F. ) ;
#852 = CIRCLE ( 'NONE', #912, 0.005399999999999995082 ) ;
#853 = ORIENTED_EDGE ( 'NONE', *, *, #1840, .F. ) ;
#854 = EDGE_CURVE ( 'NONE', #66, #1477, #1459, .T. ) ;
#855 = CARTESIAN_POINT ( 'NONE',  ( -0.1270643499833154222, 0.2454018750233540047, 0.08000005008058470868 ) ) ;
#856 = DIRECTION ( 'NONE',  ( 0.3088699541259177228, 0.5009273982175390660, -0.8084992845718914634 ) ) ;
#857 = ADVANCED_FACE ( 'NONE', ( #1929 ), #146, .T. ) ;
#858 = CARTESIAN_POINT ( 'NONE',  ( -0.1162074514190822305, 0.2628270544395951425, 0.09014791906429842072 ) ) ;
#859 = CARTESIAN_POINT ( 'NONE',  ( -0.1292131698419811958, 0.2494852185742389983, 0.08791585405561400113 ) ) ;
#860 = CIRCLE ( 'NONE', #1890, 0.005400000000000006357 ) ;
#861 = CARTESIAN_POINT ( 'NONE',  ( -0.1196050038717339364, 0.2649381056982738070, 0.09015791479896020921 ) ) ;
#862 = CIRCLE ( 'NONE', #1755, 0.01209275000000000627 ) ;
#863 = ORIENTED_EDGE ( 'NONE', *, *, #1475, .T. ) ;
#864 = ORIENTED_EDGE ( 'NONE', *, *, #1887, .F. ) ;
#865 = AXIS2_PLACEMENT_3D ( 'NONE', #1013, #848, #1667 ) ;
#866 = CARTESIAN_POINT ( 'NONE',  ( -0.1307732505332677986, 0.2470121891284554894, 0.07993604492269280881 ) ) ;
#867 = CARTESIAN_POINT ( 'NONE',  ( -0.1188299557660636024, 0.2661927023415320281, 0.08863214095065480302 ) ) ;
#868 = ADVANCED_FACE ( 'NONE', ( #1939 ), #339, .T. ) ;
#869 = DIRECTION ( 'NONE',  ( -0.8493881131629331671, 0.5277628146696661249, 0.002498933665447280669 ) ) ;
#870 = CARTESIAN_POINT ( 'NONE',  ( -0.1372493657246355858, 0.2366713083391865091, 0.06264750617072389893 ) ) ;
#871 = SHAPE_DEFINITION_REPRESENTATION ( #1408, #1711 ) ;
#872 = CARTESIAN_POINT ( 'NONE',  ( -0.1305412747650185890, 0.2474003587427104911, 0.07680509822971059997 ) ) ;
#873 = ORIENTED_EDGE ( 'NONE', *, *, #43, .T. ) ;
#874 = DIRECTION ( 'NONE',  ( 0.8493881131629329451, -0.5277628146696660139, -0.002498933665447280236 ) ) ;
#875 = ORIENTED_EDGE ( 'NONE', *, *, #1519, .F. ) ;
#876 = CARTESIAN_POINT ( 'NONE',  ( -0.1372493657246355858, 0.2366713083391865091, 0.06264750617072389893 ) ) ;
#877 = LINE ( 'NONE', #90, #1248 ) ;
#878 = ORIENTED_EDGE ( 'NONE', *, *, #1589, .T. ) ;
#879 = DIRECTION ( 'NONE',  ( -0.3088699541259185555, -0.5009273982175374007, 0.8084992845718924626 ) ) ;
#880 = AXIS2_PLACEMENT_3D ( 'NONE', #806, #28, #1761 ) ;
#881 = ADVANCED_FACE ( 'NONE', ( #956 ), #788, .T. ) ;
#882 = VERTEX_POINT ( 'NONE', #512 ) ;
#883 = VECTOR ( 'NONE', #2054, 1.000000000000000222 ) ;
#884 = CARTESIAN_POINT ( 'NONE',  ( -0.1145395536668021991, 0.2655320623899700139, 0.08578202292761021031 ) ) ;
#885 = ORIENTED_EDGE ( 'NONE', *, *, #1075, .T. ) ;
#886 = CYLINDRICAL_SURFACE ( 'NONE', #1490, 0.001750000000000007626 ) ;
#887 = CYLINDRICAL_SURFACE ( 'NONE', #1079, 0.005399999999999995082 ) ;
#888 = ORIENTED_EDGE ( 'NONE', *, *, #1974, .F. ) ;
#889 = CIRCLE ( 'NONE', #784, 0.004000000000000010492 ) ;
#890 = SECURITY_CLASSIFICATION_LEVEL ( 'unclassified' ) ;
#891 = PLANE ( 'NONE',  #948 ) ;
#892 = ADVANCED_FACE ( 'NONE', ( #1756 ), #1918, .T. ) ;
#893 = ORIENTED_EDGE ( 'NONE', *, *, #949, .T. ) ;
#894 = VECTOR ( 'NONE', #256, 1.000000000000000222 ) ;
#895 = AXIS2_PLACEMENT_3D ( 'NONE', #365, #1149, #44 ) ;
#896 = AXIS2_PLACEMENT_3D ( 'NONE', #4, #1469, #1283 ) ;
#897 = CARTESIAN_POINT ( 'NONE',  ( -0.1190877569630799937, 0.2657794056566545327, 0.08829173551613560267 ) ) ;
#898 = EDGE_LOOP ( 'NONE', ( #1703, #1906, #2064, #68 ) ) ;
#899 = DIRECTION ( 'NONE',  ( -0.3088699541259162240, -0.5009273982175377338, 0.8084992845718931287 ) ) ;
#900 = CARTESIAN_POINT ( 'NONE',  ( -0.1241914901260925963, 0.2499742591173899908, 0.09082015093500669933 ) ) ;
#901 = VERTEX_POINT ( 'NONE', #1448 ) ;
#902 = FACE_OUTER_BOUND ( 'NONE', #403, .T. ) ;
#903 = EDGE_CURVE ( 'NONE', #1456, #41, #965, .T. ) ;
#904 = VERTEX_POINT ( 'NONE', #167 ) ;
#905 = DIRECTION ( 'NONE',  ( -0.8493881131629331671, 0.5277628146696661249, 0.002498933665447280669 ) ) ;
#906 = EDGE_CURVE ( 'NONE', #264, #1732, #996, .T. ) ;
#907 = VERTEX_POINT ( 'NONE', #1426 ) ;
#908 = FACE_OUTER_BOUND ( 'NONE', #424, .T. ) ;
#909 = DIRECTION ( 'NONE',  ( 0.3088699541259177228, 0.5009273982175390660, -0.8084992845718914634 ) ) ;
#910 = VERTEX_POINT ( 'NONE', #2063 ) ;
#911 = ADVANCED_FACE ( 'NONE', ( #1139 ), #2049, .T. ) ;
#912 = AXIS2_PLACEMENT_3D ( 'NONE', #1378, #918, #313 ) ;
#913 = FACE_OUTER_BOUND ( 'NONE', #1144, .T. ) ;
#914 = DIRECTION ( 'NONE',  ( -0.8493881131629331671, 0.5277628146696661249, 0.002498933665447280669 ) ) ;
#915 = CIRCLE ( 'NONE', #1986, 0.01209275000000000627 ) ;
#916 = ORIENTED_EDGE ( 'NONE', *, *, #1056, .T. ) ;
#917 = CYLINDRICAL_SURFACE ( 'NONE', #1099, 0.01209275000000000107 ) ;
#918 = DIRECTION ( 'NONE',  ( -0.8493881131629331671, 0.5277628146696661249, 0.002498933665447280669 ) ) ;
#919 = CYLINDRICAL_SURFACE ( 'NONE', #125, 0.01209275000000000107 ) ;
#920 = ORIENTED_EDGE ( 'NONE', *, *, #1655, .F. ) ;
#921 = CIRCLE ( 'NONE', #754, 0.01209275000000000627 ) ;
#922 = ORIENTED_EDGE ( 'NONE', *, *, #1776, .F. ) ;
#923 = AXIS2_PLACEMENT_3D ( 'NONE', #1775, #661, #1457 ) ;
#924 = AXIS2_PLACEMENT_3D ( 'NONE', #1730, #1575, #1116 ) ;
#925 = FACE_OUTER_BOUND ( 'NONE', #613, .T. ) ;
#926 = DIRECTION ( 'NONE',  ( 0.3088699541259168901, 0.5009273982175400652, -0.8084992845718912413 ) ) ;
#927 = VERTEX_POINT ( 'NONE', #1824 ) ;
#928 = CARTESIAN_POINT ( 'NONE',  ( -0.1188299557660636024, 0.2661927023415320281, 0.08863214095065480302 ) ) ;
#929 = DIRECTION ( 'NONE',  ( 0.3088699541259185555, 0.5009273982175374007, -0.8084992845718924626 ) ) ;
#930 = DIRECTION ( 'NONE',  ( -0.3088699541259167236, -0.5009273982175392881, 0.8084992845718917964 ) ) ;
#931 = EDGE_CURVE ( 'NONE', #1041, #184, #1946, .T. ) ;
#932 = ORIENTED_EDGE ( 'NONE', *, *, #1064, .F. ) ;
#933 = DIRECTION ( 'NONE',  ( 0.3088699541259168901, 0.5009273982175400652, -0.8084992845718912413 ) ) ;
#934 = ORIENTED_EDGE ( 'NONE', *, *, #1302, .T. ) ;
#935 = CARTESIAN_POINT ( 'NONE',  ( -0.1278957871171169935, 0.2515792833462675016, 0.09343809299718730532 ) ) ;
#936 = CARTESIAN_POINT ( 'NONE',  ( -0.1206924232674635999, 0.2556534605464099719, 0.08073363494533210283 ) ) ;
#937 = EDGE_CURVE ( 'NONE', #1379, #590, #396, .T. ) ;
#938 = DIRECTION ( 'NONE',  ( 0.3088699541259195547, 0.5009273982175324047, -0.8084992845718949050 ) ) ;
#939 = ORIENTED_EDGE ( 'NONE', *, *, #1887, .T. ) ;
#940 = EDGE_LOOP ( 'NONE', ( #1, #828, #1905, #810, #964, #649, #659, #1200, #210, #1029, #1299, #1160, #875, #1669, #1724, #1404, #1862, #1577, #652, #1680, #1636, #480, #1622, #1821, #853, #243, #1257, #202, #334, #791, #166, #1045, #932, #1774, #1197, #252, #247, #1700, #808, #1604, #121, #745, #142, #809, #835, #1727, #1018, #566, #1894, #1590, #1210, #1032 ) ) ;
#941 = ADVANCED_FACE ( 'NONE', ( #1646 ), #204, .F. ) ;
#942 = ORIENTED_EDGE ( 'NONE', *, *, #1533, .T. ) ;
#943 = DIRECTION ( 'NONE',  ( 0.3088699541259177228, 0.5009273982175390660, -0.8084992845718914634 ) ) ;
#944 = APPLICATION_PROTOCOL_DEFINITION ( 'international standard', 'config_control_design', 1994, #343 ) ;
#945 = ORIENTED_EDGE ( 'NONE', *, *, #514, .T. ) ;
#946 = CYLINDRICAL_SURFACE ( 'NONE', #1998, 0.01462500000000001646 ) ;
#947 = DIRECTION ( 'NONE',  ( -0.8493881131629331671, 0.5277628146696661249, 0.002498933665447280669 ) ) ;
#948 = AXIS2_PLACEMENT_3D ( 'NONE', #1177, #567, #1369 ) ;
#949 = EDGE_CURVE ( 'NONE', #1119, #24, #1962, .T. ) ;
#950 = DIRECTION ( 'NONE',  ( 0.3088699541259177228, 0.5009273982175390660, -0.8084992845718914634 ) ) ;
#951 = ORIENTED_EDGE ( 'NONE', *, *, #327, .T. ) ;
#952 = EDGE_CURVE ( 'NONE', #510, #271, #530, .T. ) ;
#953 = CIRCLE ( 'NONE', #2050, 0.01462500000000001646 ) ;
#954 = AXIS2_PLACEMENT_3D ( 'NONE', #286, #129, #2040 ) ;
#955 = ORIENTED_EDGE ( 'NONE', *, *, #952, .T. ) ;
#956 = FACE_OUTER_BOUND ( 'NONE', #311, .T. ) ;
#957 = ORIENTED_EDGE ( 'NONE', *, *, #1584, .F. ) ;
#958 = LOCAL_TIME ( 12, 30, 21.00000000000000000, #1337 ) ;
#959 = CARTESIAN_POINT ( 'NONE',  ( -0.1206924232674635999, 0.2556534605464099719, 0.08073363494533210283 ) ) ;
#960 = DIRECTION ( 'NONE',  ( -0.4279476424234234244, -0.6859578362894899195, -0.5884918539599978127 ) ) ;
#961 = CARTESIAN_POINT ( 'NONE',  ( -0.1226305534154946003, 0.2524672500722989765, 0.09487514615679590313 ) ) ;
#962 = AXIS2_PLACEMENT_3D ( 'NONE', #1451, #495, #15 ) ;
#963 = CARTESIAN_POINT ( 'NONE',  ( -0.1338518132719840048, 0.2345602570805079834, 0.06263751043606209656 ) ) ;
#964 = ORIENTED_EDGE ( 'NONE', *, *, #367, .F. ) ;
#965 = LINE ( 'NONE', #194, #1529 ) ;
#966 = ORIENTED_EDGE ( 'NONE', *, *, #18, .F. ) ;
#967 = EDGE_CURVE ( 'NONE', #1039, #55, #708, .T. ) ;
#968 = CARTESIAN_POINT ( 'NONE',  ( -0.1240899757201153891, 0.2577645118050884698, 0.08074363067999380805 ) ) ;
#969 = CIRCLE ( 'NONE', #1972, 0.005400000000000002021 ) ;
#970 = PLANE ( 'NONE',  #282 ) ;
#971 = CARTESIAN_POINT ( 'NONE',  ( -0.1212171158628925910, 0.2623368958991245115, 0.09156373153441589585 ) ) ;
#972 = DIRECTION ( 'NONE',  ( 0.8493881131629329451, -0.5277628146696660139, -0.002498933665447280236 ) ) ;
#973 = VERTEX_POINT ( 'NONE', #531 ) ;
#974 = ORIENTED_EDGE ( 'NONE', *, *, #1913, .T. ) ;
#975 = DIRECTION ( 'NONE',  ( 0.8493881131629329451, -0.5277628146696660139, -0.002498933665447280236 ) ) ;
#976 = ADVANCED_FACE ( 'NONE', ( #519 ), #376, .T. ) ;
#977 = DIRECTION ( 'NONE',  ( -0.8493881131629331671, 0.5277628146696661249, 0.002498933665447280669 ) ) ;
#978 = FACE_OUTER_BOUND ( 'NONE', #2008, .T. ) ;
#979 = DIRECTION ( 'NONE',  ( -0.3088699541259191661, -0.5009273982175383999, 0.8084992845718915744 ) ) ;
#980 = ORIENTED_EDGE ( 'NONE', *, *, #262, .F. ) ;
#981 = AXIS2_PLACEMENT_3D ( 'NONE', #703, #1054, #65 ) ;
#982 = CARTESIAN_POINT ( 'NONE',  ( -0.1190877569630799937, 0.2657794056566545327, 0.08829173551613560267 ) ) ;
#983 = ORIENTED_EDGE ( 'NONE', *, *, #1618, .T. ) ;
#984 = ORIENTED_EDGE ( 'NONE', *, *, #1120, .T. ) ;
#985 = ORIENTED_EDGE ( 'NONE', *, *, #18, .T. ) ;
#986 = AXIS2_PLACEMENT_3D ( 'NONE', #850, #1484, #325 ) ;
#987 = DIRECTION ( 'NONE',  ( -0.8493881131629331671, 0.5277628146696661249, 0.002498933665447280669 ) ) ;
#988 = VECTOR ( 'NONE', #265, 1.000000000000000222 ) ;
#989 = CARTESIAN_POINT ( 'NONE',  ( -0.1240899757201153891, 0.2577645118050884698, 0.08074363067999380805 ) ) ;
#990 = DIRECTION ( 'NONE',  ( -0.8493881131629331671, 0.5277628146696661249, 0.002498933665447280669 ) ) ;
#991 = ORIENTED_EDGE ( 'NONE', *, *, #1016, .F. ) ;
#992 = AXIS2_PLACEMENT_3D ( 'NONE', #1100, #987, #1437 ) ;
#993 = VECTOR ( 'NONE', #1688, 1.000000000000000222 ) ;
#994 = LINE ( 'NONE', #1316, #1628 ) ;
#995 = ORIENTED_EDGE ( 'NONE', *, *, #1776, .T. ) ;
#996 = CIRCLE ( 'NONE', #1361, 0.001750000000000007626 ) ;
#997 = AXIS2_PLACEMENT_3D ( 'NONE', #928, #779, #899 ) ;
#998 = ADVANCED_FACE ( 'NONE', ( #718 ), #1479, .T. ) ;
#999 = ORIENTED_EDGE ( 'NONE', *, *, #1221, .F. ) ;
#1000 = VERTEX_POINT ( 'NONE', #224 ) ;
#1001 = MANIFOLD_SOLID_BREP ( 'Imported1', #1510 ) ;
#1002 = DIRECTION ( 'NONE',  ( -0.3088699541259191661, -0.5009273982175383999, 0.8084992845718915744 ) ) ;
#1003 = EDGE_CURVE ( 'NONE', #508, #373, #1173, .T. ) ;
#1004 = DIRECTION ( 'NONE',  ( -0.3088699541259185555, -0.5009273982175374007, 0.8084992845718924626 ) ) ;
#1005 = CYLINDRICAL_SURFACE ( 'NONE', #1917, 0.005399999999999995082 ) ;
#1006 = FACE_OUTER_BOUND ( 'NONE', #502, .T. ) ;
#1007 = AXIS2_PLACEMENT_3D ( 'NONE', #601, #1225, #1085 ) ;
#1008 = CARTESIAN_POINT ( 'NONE',  ( -0.1246727626793593946, 0.2492967266697724837, 0.07032710821847390492 ) ) ;
#1009 = EDGE_CURVE ( 'NONE', #261, #2056, #1162, .T. ) ;
#1010 = ORIENTED_EDGE ( 'NONE', *, *, #711, .T. ) ;
#1011 = EDGE_CURVE ( 'NONE', #329, #1839, #70, .T. ) ;
#1012 = DIRECTION ( 'NONE',  ( 0.8493881131629329451, -0.5277628146696660139, -0.002498933665447280236 ) ) ;
#1013 = CARTESIAN_POINT ( 'NONE',  ( -0.1304421655323182161, 0.2475604260842939885, 0.07668689318314120262 ) ) ;
#1014 = CARTESIAN_POINT ( 'NONE',  ( -0.1270322006258874092, 0.2454437829041460073, 0.08207688028747119058 ) ) ;
#1015 = CARTESIAN_POINT ( 'NONE',  ( -0.1243799030617142032, 0.2496687822985720062, 0.09129379209202249934 ) ) ;
#1016 = EDGE_CURVE ( 'NONE', #1472, #1848, #889, .T. ) ;
#1017 = AXIS2_PLACEMENT_3D ( 'NONE', #849, #341, #5 ) ;
#1018 = ORIENTED_EDGE ( 'NONE', *, *, #84, .F. ) ;
#1019 = ORIENTED_EDGE ( 'NONE', *, *, #1011, .F. ) ;
#1020 = DIRECTION ( 'NONE',  ( 0.3088699541259177228, 0.5009273982175390660, -0.8084992845718914634 ) ) ;
#1021 = DIRECTION ( 'NONE',  ( -0.8493881131629331671, 0.5277628146696661249, 0.002498933665447280669 ) ) ;
#1022 = CYLINDRICAL_SURFACE ( 'NONE', #865, 0.005400000000000006357 ) ;
#1023 = CARTESIAN_POINT ( 'NONE',  ( -0.1306488814003347876, 0.2471967051939764903, 0.08324023229700590332 ) ) ;
#1024 = VECTOR ( 'NONE', #226, 1.000000000000000222 ) ;
#1025 = PERSON_AND_ORGANIZATION ( #1515, #1360 ) ;
#1026 = LINE ( 'NONE', #1662, #1450 ) ;
#1027 = CIRCLE ( 'NONE', #923, 0.001750000000000007626 ) ;
#1028 = AXIS2_PLACEMENT_3D ( 'NONE', #1567, #443, #938 ) ;
#1029 = ORIENTED_EDGE ( 'NONE', *, *, #738, .F. ) ;
#1030 = CARTESIAN_POINT ( 'NONE',  ( -0.1304038144218317985, 0.2476115247522059915, 0.07893065044976159406 ) ) ;
#1031 = DIRECTION ( 'NONE',  ( 0.8493881131629329451, -0.5277628146696660139, -0.002498933665447280236 ) ) ;
#1032 = ORIENTED_EDGE ( 'NONE', *, *, #799, .F. ) ;
#1033 = CARTESIAN_POINT ( 'NONE',  ( -0.1269408054851861867, 0.2455857984501594871, 0.08314910635677000283 ) ) ;
#1034 = LINE ( 'NONE', #1679, #1178 ) ;
#1035 = ORIENTED_EDGE ( 'NONE', *, *, #1319, .T. ) ;
#1036 = EDGE_CURVE ( 'NONE', #1609, #927, #624, .T. ) ;
#1037 = DIRECTION ( 'NONE',  ( -0.8493881131629331671, 0.5277628146696661249, 0.002498933665447280669 ) ) ;
#1038 = DIRECTION ( 'NONE',  ( -0.3088699541259168901, -0.5009273982175400652, 0.8084992845718912413 ) ) ;
#1039 = VERTEX_POINT ( 'NONE', #234 ) ;
#1040 = DIRECTION ( 'NONE',  ( 0.8493881131629329451, -0.5277628146696660139, -0.002498933665447280236 ) ) ;
#1041 = VERTEX_POINT ( 'NONE', #1333 ) ;
#1042 = LINE ( 'NONE', #1658, #1394 ) ;
#1043 = DIRECTION ( 'NONE',  ( -0.8493881131629331671, 0.5277628146696661249, 0.002498933665447280669 ) ) ;
#1044 = EDGE_CURVE ( 'NONE', #1697, #329, #1954, .T. ) ;
#1045 = ORIENTED_EDGE ( 'NONE', *, *, #143, .F. ) ;
#1046 = PERSON_AND_ORGANIZATION ( #1515, #1360 ) ;
#1047 = DIRECTION ( 'NONE',  ( -0.8493881131629331671, 0.5277628146696661249, 0.002498933665447280669 ) ) ;
#1048 = ORIENTED_EDGE ( 'NONE', *, *, #1120, .F. ) ;
#1049 = CARTESIAN_POINT ( 'NONE',  ( -0.1206924232674635999, 0.2556534605464099719, 0.08073363494533210283 ) ) ;
#1050 = CARTESIAN_POINT ( 'NONE',  ( -0.1281318463615339909, 0.2436621716527020143, 0.08457480660187789712 ) ) ;
#1051 = ORIENTED_EDGE ( 'NONE', *, *, #1731, .F. ) ;
#1052 = CIRCLE ( 'NONE', #689, 0.005399999999999990745 ) ;
#1053 = CIRCLE ( 'NONE', #1420, 0.005399999999999990745 ) ;
#1054 = DIRECTION ( 'NONE',  ( 0.8493881131629329451, -0.5277628146696660139, -0.002498933665447280236 ) ) ;
#1055 = ORIENTED_EDGE ( 'NONE', *, *, #534, .T. ) ;
#1056 = EDGE_CURVE ( 'NONE', #1689, #1239, #1657, .T. ) ;
#1057 = AXIS2_PLACEMENT_3D ( 'NONE', #584, #1898, #758 ) ;
#1058 = CIRCLE ( 'NONE', #468, 0.01209275000000000627 ) ;
#1059 = DIRECTION ( 'NONE',  ( -0.8493881131629331671, 0.5277628146696661249, 0.002498933665447280669 ) ) ;
#1060 = DIRECTION ( 'NONE',  ( 0.3088699541259177228, 0.5009273982175390660, -0.8084992845718914634 ) ) ;
#1061 = ORIENTED_EDGE ( 'NONE', *, *, #952, .F. ) ;
#1062 = CARTESIAN_POINT ( 'NONE',  ( -0.1171003010656919557, 0.2613766431324787698, 0.09298804135268123883 ) ) ;
#1063 = CARTESIAN_POINT ( 'NONE',  ( -0.1198970819335795912, 0.2644543165271740492, 0.09305447059752959549 ) ) ;
#1064 = EDGE_CURVE ( 'NONE', #1486, #1833, #1052, .T. ) ;
#1065 = ORIENTED_EDGE ( 'NONE', *, *, #1279, .T. ) ;
#1066 = VECTOR ( 'NONE', #1645, 1.000000000000000222 ) ;
#1067 = VERTEX_POINT ( 'NONE', #1468 ) ;
#1068 = DIRECTION ( 'NONE',  ( 0.3088699541259168901, 0.5009273982175400652, -0.8084992845718912413 ) ) ;
#1069 = DIRECTION ( 'NONE',  ( -0.8493881131629331671, 0.5277628146696661249, 0.002498933665447280669 ) ) ;
#1070 = ORIENTED_EDGE ( 'NONE', *, *, #1094, .T. ) ;
#1071 = DIRECTION ( 'NONE',  ( 0.8493881131629329451, -0.5277628146696660139, -0.002498933665447280236 ) ) ;
#1072 = CARTESIAN_POINT ( 'NONE',  ( -0.1236990662594009971, 0.2583244732145489886, 0.09535267780886029498 ) ) ;
#1073 = DIRECTION ( 'NONE',  ( 0.8493881131629329451, -0.5277628146696660139, -0.002498933665447280236 ) ) ;
#1074 = ORIENTED_EDGE ( 'NONE', *, *, #1602, .T. ) ;
#1075 = EDGE_CURVE ( 'NONE', #626, #1314, #953, .T. ) ;
#1076 = CIRCLE ( 'NONE', #144, 0.005399999999999990745 ) ;
#1077 = FACE_OUTER_BOUND ( 'NONE', #610, .T. ) ;
#1078 = CARTESIAN_POINT ( 'NONE',  ( -0.1273756980806160233, 0.2449011378697769914, 0.07992604918803099256 ) ) ;
#1079 = AXIS2_PLACEMENT_3D ( 'NONE', #217, #565, #1185 ) ;
#1080 = ORIENTED_EDGE ( 'NONE', *, *, #1811, .F. ) ;
#1081 = DIRECTION ( 'NONE',  ( 0.8493881131629329451, -0.5277628146696660139, -0.002498933665447280236 ) ) ;
#1082 = DIRECTION ( 'NONE',  ( 0.3088699541259168346, 0.5009273982175388440, -0.8084992845718922405 ) ) ;
#1083 = DIRECTION ( 'NONE',  ( -0.8493881131629331671, 0.5277628146696661249, 0.002498933665447280669 ) ) ;
#1084 = VERTEX_POINT ( 'NONE', #454 ) ;
#1085 = DIRECTION ( 'NONE',  ( 0.3088699541259185555, 0.5009273982175374007, -0.8084992845718924626 ) ) ;
#1086 = ORIENTED_EDGE ( 'NONE', *, *, #1864, .F. ) ;
#1087 = CIRCLE ( 'NONE', #1625, 0.001749999999999993748 ) ;
#1088 = DIRECTION ( 'NONE',  ( 0.8493881131629329451, -0.5277628146696660139, -0.002498933665447280236 ) ) ;
#1089 = DIRECTION ( 'NONE',  ( -0.8493881131629331671, 0.5277628146696661249, 0.002498933665447280669 ) ) ;
#1090 = CIRCLE ( 'NONE', #697, 0.01462500000000001646 ) ;
#1091 = ORIENTED_EDGE ( 'NONE', *, *, #906, .T. ) ;
#1092 = CARTESIAN_POINT ( 'NONE',  ( -0.1288512562479183776, 0.2500636898789589946, 0.08875999843354069607 ) ) ;
#1093 = DIRECTION ( 'NONE',  ( 0.3088699541259177228, 0.5009273982175390660, -0.8084992845718914634 ) ) ;
#1094 = EDGE_CURVE ( 'NONE', #418, #813, #1216, .T. ) ;
#1095 = CARTESIAN_POINT ( 'NONE',  ( -0.1240899757201153891, 0.2577645118050884698, 0.08074363067999380805 ) ) ;
#1096 = ORIENTED_EDGE ( 'NONE', *, *, #1233, .T. ) ;
#1097 = CARTESIAN_POINT ( 'NONE',  ( -0.1212329456871840405, 0.2547768375995291268, 0.08214850869333283068 ) ) ;
#1098 = ORIENTED_EDGE ( 'NONE', *, *, #159, .F. ) ;
#1099 = AXIS2_PLACEMENT_3D ( 'NONE', #450, #431, #139 ) ;
#1100 = CARTESIAN_POINT ( 'NONE',  ( -0.1260548754312765807, 0.2469872917374749954, 0.08828826431359410032 ) ) ;
#1101 = DIRECTION ( 'NONE',  ( 0.000000000000000000, 0.000000000000000000, 1.000000000000000000 ) ) ;
#1102 = EDGE_CURVE ( 'NONE', #901, #904, #571, .T. ) ;
#1103 = ORIENTED_EDGE ( 'NONE', *, *, #1044, .F. ) ;
#1104 = DIRECTION ( 'NONE',  ( 0.3088699541259177228, 0.5009273982175390660, -0.8084992845718914634 ) ) ;
#1105 = ADVANCED_FACE ( 'NONE', ( #1891 ), #609, .T. ) ;
#1106 = CYLINDRICAL_SURFACE ( 'NONE', #1580, 0.005400000000000002021 ) ;
#1107 = DIRECTION ( 'NONE',  ( 0.8493881131629329451, -0.5277628146696660139, -0.002498933665447280236 ) ) ;
#1108 = VERTEX_POINT ( 'NONE', #1242 ) ;
#1109 = ORIENTED_EDGE ( 'NONE', *, *, #1321, .F. ) ;
#1110 = CARTESIAN_POINT ( 'NONE',  ( -0.1240899757201153891, 0.2577645118050884698, 0.08074363067999380805 ) ) ;
#1111 = PERSON_AND_ORGANIZATION ( #1515, #1360 ) ;
#1112 = VERTEX_POINT ( 'NONE', #242 ) ;
#1113 = DIRECTION ( 'NONE',  ( 0.3088699541259177228, 0.5009273982175390660, -0.8084992845718914634 ) ) ;
#1114 = PLANE ( 'NONE',  #1017 ) ;
#1115 = AXIS2_PLACEMENT_3D ( 'NONE', #27, #990, #674 ) ;
#1116 = DIRECTION ( 'NONE',  ( 0.3088699541259162240, 0.5009273982175377338, -0.8084992845718931287 ) ) ;
#1117 = ORIENTED_EDGE ( 'NONE', *, *, #152, .F. ) ;
#1118 = AXIS2_PLACEMENT_3D ( 'NONE', #1163, #1836, #1004 ) ;
#1119 = VERTEX_POINT ( 'NONE', #1434 ) ;
#1120 = EDGE_CURVE ( 'NONE', #138, #840, #153, .T. ) ;
#1121 = CARTESIAN_POINT ( 'NONE',  ( -0.1240899757201153891, 0.2577645118050884698, 0.08074363067999380805 ) ) ;
#1122 = ORIENTED_EDGE ( 'NONE', *, *, #1438, .F. ) ;
#1123 = CC_DESIGN_SECURITY_CLASSIFICATION ( #2026, ( #1324 ) ) ;
#1124 = DIRECTION ( 'NONE',  ( -0.8493881131629331671, 0.5277628146696661249, 0.002498933665447280669 ) ) ;
#1125 = CARTESIAN_POINT ( 'NONE',  ( -0.1377898881443559431, 0.2357946853923058028, 0.06406237991872471005 ) ) ;
#1126 = CYLINDRICAL_SURFACE ( 'NONE', #1271, 0.005399999999999995082 ) ;
#1127 = CIRCLE ( 'NONE', #501, 0.005399999999999995082 ) ;
#1128 = CARTESIAN_POINT ( 'NONE',  ( -0.1194403261795236176, 0.2652867706094316769, 0.07249554095008321764 ) ) ;
#1129 = ADVANCED_FACE ( 'NONE', ( #763 ), #2055, .T. ) ;
#1130 = VERTEX_POINT ( 'NONE', #1421 ) ;
#1131 = ORIENTED_EDGE ( 'NONE', *, *, #830, .T. ) ;
#1132 = CARTESIAN_POINT ( 'NONE',  ( -0.1372493657246355858, 0.2366713083391865091, 0.06264750617072389893 ) ) ;
#1133 = FACE_OUTER_BOUND ( 'NONE', #449, .T. ) ;
#1134 = CARTESIAN_POINT ( 'NONE',  ( -0.1186352302668669950, 0.2588975154672770174, 0.09484514406479530035 ) ) ;
#1135 = CARTESIAN_POINT ( 'NONE',  ( -0.1262806368405052226, 0.2466930033602769967, 0.07370420566526270090 ) ) ;
#1136 = DIRECTION ( 'NONE',  ( -0.3088699541259185555, -0.5009273982175374007, 0.8084992845718924626 ) ) ;
#1137 = AXIS2_PLACEMENT_3D ( 'NONE', #1465, #1598, #187 ) ;
#1138 = ORIENTED_EDGE ( 'NONE', *, *, #1936, .F. ) ;
#1139 = FACE_OUTER_BOUND ( 'NONE', #23, .T. ) ;
#1140 = CIRCLE ( 'NONE', #1478, 0.005400000000000002021 ) ;
#1141 = DIRECTION ( 'NONE',  ( 0.8493881131629329451, -0.5277628146696660139, -0.002498933665447280236 ) ) ;
#1142 = CARTESIAN_POINT ( 'NONE',  ( -0.1240899757201153891, 0.2577645118050884698, 0.08074363067999380805 ) ) ;
#1143 = CARTESIAN_POINT ( 'NONE',  ( -0.1275890425787443994, 0.2520853103760685165, 0.09083014666966848782 ) ) ;
#1144 = EDGE_LOOP ( 'NONE', ( #1330, #1996, #638, #484 ) ) ;
#1145 = ADVANCED_FACE ( 'NONE', ( #1400 ), #2036, .T. ) ;
#1146 = CIRCLE ( 'NONE', #316, 0.01209275000000000627 ) ;
#1147 = DIRECTION ( 'NONE',  ( 0.3088699541259168901, 0.5009273982175400652, -0.8084992845718912413 ) ) ;
#1148 = EDGE_CURVE ( 'NONE', #1689, #400, #862, .T. ) ;
#1149 = DIRECTION ( 'NONE',  ( 0.8493881131629329451, -0.5277628146696660139, -0.002498933665447280236 ) ) ;
#1150 = CIRCLE ( 'NONE', #1854, 0.005399999999999995082 ) ;
#1151 = FACE_OUTER_BOUND ( 'NONE', #529, .T. ) ;
#1152 = CARTESIAN_POINT ( 'NONE',  ( -0.1151911303214241955, 0.2644585389660065178, 0.09103397450024999782 ) ) ;
#1153 = EDGE_CURVE ( 'NONE', #721, #1244, #305, .T. ) ;
#1154 = DIRECTION ( 'NONE',  ( -0.8493881131629331671, 0.5277628146696661249, 0.002498933665447280669 ) ) ;
#1155 = ORIENTED_EDGE ( 'NONE', *, *, #57, .F. ) ;
#1156 = AXIS2_PLACEMENT_3D ( 'NONE', #1345, #1846, #720 ) ;
#1157 = DIRECTION ( 'NONE',  ( -0.8493881131629331671, 0.5277628146696661249, 0.002498933665447280669 ) ) ;
#1158 = EDGE_CURVE ( 'NONE', #10, #55, #1660, .T. ) ;
#1159 = AXIS2_PLACEMENT_3D ( 'NONE', #1907, #823, #672 ) ;
#1160 = ORIENTED_EDGE ( 'NONE', *, *, #1339, .F. ) ;
#1161 = ORIENTED_EDGE ( 'NONE', *, *, #1531, .T. ) ;
#1162 = LINE ( 'NONE', #1500, #352 ) ;
#1163 = CARTESIAN_POINT ( 'NONE',  ( -0.1267296412004725870, 0.2534610954493225488, 0.09238165343932369655 ) ) ;
#1164 = ADVANCED_FACE ( 'NONE', ( #2067 ), #919, .T. ) ;
#1165 = CARTESIAN_POINT ( 'NONE',  ( -0.1183626780882939961, 0.2669354670181079969, 0.09059158820007510993 ) ) ;
#1166 = EDGE_CURVE ( 'NONE', #840, #1472, #478, .T. ) ;
#1167 = AXIS2_PLACEMENT_3D ( 'NONE', #1823, #540, #223 ) ;
#1168 = DATE_AND_TIME ( #1505, #1721 ) ;
#1169 = CARTESIAN_POINT ( 'NONE',  ( -0.1179371061194539883, 0.2676431136486485118, 0.08579201866227199880 ) ) ;
#1170 = ORIENTED_EDGE ( 'NONE', *, *, #903, .F. ) ;
#1171 = VERTEX_POINT ( 'NONE', #770 ) ;
#1172 = FACE_OUTER_BOUND ( 'NONE', #97, .T. ) ;
#1173 = LINE ( 'NONE', #59, #1318 ) ;
#1174 = AXIS2_PLACEMENT_3D ( 'NONE', #1630, #1154, #1942 ) ;
#1175 = DIRECTION ( 'NONE',  ( -0.8493881131629331671, 0.5277628146696661249, 0.002498933665447280669 ) ) ;
#1176 = CARTESIAN_POINT ( 'NONE',  ( -0.1315613016093792054, 0.2457577235385855208, 0.07701442835512770091 ) ) ;
#1177 = CARTESIAN_POINT ( 'NONE',  ( -0.1338518132719840048, 0.2345602570805079834, 0.06263751043606209656 ) ) ;
#1178 = VECTOR ( 'NONE', #72, 1.000000000000000222 ) ;
#1179 = ORIENTED_EDGE ( 'NONE', *, *, #786, .F. ) ;
#1180 = VERTEX_POINT ( 'NONE', #1409 ) ;
#1181 = CARTESIAN_POINT ( 'NONE',  ( -0.1217397173840721880, 0.2614937281203904562, 0.09200435152681560314 ) ) ;
#1182 = DIRECTION ( 'NONE',  ( 0.3088699541259168901, 0.5009273982175400652, -0.8084992845718912413 ) ) ;
#1183 = EDGE_CURVE ( 'NONE', #440, #1810, #397, .T. ) ;
#1184 = DIRECTION ( 'NONE',  ( 0.3088699541259168346, 0.5009273982175388440, -0.8084992845718922405 ) ) ;
#1185 = DIRECTION ( 'NONE',  ( -0.3088699541259191661, -0.5009273982175383999, 0.8084992845718915744 ) ) ;
#1186 = CIRCLE ( 'NONE', #186, 0.005399999999999990745 ) ;
#1187 = ORIENTED_EDGE ( 'NONE', *, *, #602, .F. ) ;
#1188 = APPROVAL_DATE_TIME ( #555, #477 ) ;
#1189 = FACE_OUTER_BOUND ( 'NONE', #1291, .T. ) ;
#1190 = CIRCLE ( 'NONE', #992, 0.005400000000000002021 ) ;
#1191 = ORIENTED_EDGE ( 'NONE', *, *, #931, .T. ) ;
#1192 = EDGE_CURVE ( 'NONE', #639, #1748, #1587, .T. ) ;
#1193 = CARTESIAN_POINT ( 'NONE',  ( -0.1294524278839281894, 0.2490983429961534934, 0.08829826004825590269 ) ) ;
#1194 = ORIENTED_EDGE ( 'NONE', *, *, #1692, .T. ) ;
#1195 = DIRECTION ( 'NONE',  ( 0.3088699541259191661, 0.5009273982175383999, -0.8084992845718915744 ) ) ;
#1196 = CARTESIAN_POINT ( 'NONE',  ( -0.1288512562479183776, 0.2500636898789589946, 0.08875999843354069607 ) ) ;
#1197 = ORIENTED_EDGE ( 'NONE', *, *, #654, .F. ) ;
#1198 = CARTESIAN_POINT ( 'NONE',  ( -0.1217172245613332010, 0.2615172668998550498, 0.09467838959922890429 ) ) ;
#1199 = ORIENTED_EDGE ( 'NONE', *, *, #931, .F. ) ;
#1200 = ORIENTED_EDGE ( 'NONE', *, *, #1820, .F. ) ;
#1201 = CARTESIAN_POINT ( 'NONE',  ( -0.1240899757201153891, 0.2577645118050884698, 0.08074363067999380805 ) ) ;
#1202 = EDGE_LOOP ( 'NONE', ( #526, #1641, #985, #1578 ) ) ;
#1203 = CARTESIAN_POINT ( 'NONE',  ( -0.1313460870454369600, 0.2460990466685807898, 0.07808009753661271368 ) ) ;
#1204 = CARTESIAN_POINT ( 'NONE',  ( -0.1244893201113572018, 0.2570618570020515303, 0.09340370967701819294 ) ) ;
#1205 = ORIENTED_EDGE ( 'NONE', *, *, #1647, .T. ) ;
#1206 = DATE_AND_TIME ( #536, #958 ) ;
#1207 = CARTESIAN_POINT ( 'NONE',  ( -0.1254537037952666023, 0.2479526386202799970, 0.08875000269887890758 ) ) ;
#1208 = EDGE_CURVE ( 'NONE', #41, #1393, #292, .T. ) ;
#1209 = ORIENTED_EDGE ( 'NONE', *, *, #1542, .T. ) ;
#1210 = ORIENTED_EDGE ( 'NONE', *, *, #1003, .F. ) ;
#1211 = EDGE_CURVE ( 'NONE', #1686, #1119, #667, .T. ) ;
#1212 = EDGE_LOOP ( 'NONE', ( #1080, #1091, #1522, #723 ) ) ;
#1213 = CARTESIAN_POINT ( 'NONE',  ( -0.1217172245613332010, 0.2615172668998550498, 0.09467838959922890429 ) ) ;
#1214 = CARTESIAN_POINT ( 'NONE',  ( -0.1188299557660636024, 0.2661927023415320281, 0.08863214095065480302 ) ) ;
#1215 = ORIENTED_EDGE ( 'NONE', *, *, #159, .T. ) ;
#1216 = CIRCLE ( 'NONE', #147, 0.01209275000000000627 ) ;
#1217 = CYLINDRICAL_SURFACE ( 'NONE', #841, 0.005399999999999990745 ) ;
#1218 = EDGE_CURVE ( 'NONE', #590, #1748, #1223, .T. ) ;
#1219 = DIRECTION ( 'NONE',  ( 0.8493881131629329451, -0.5277628146696660139, -0.002498933665447280236 ) ) ;
#1220 = CIRCLE ( 'NONE', #321, 0.01209275000000000627 ) ;
#1221 = EDGE_CURVE ( 'NONE', #1171, #1297, #2027, .T. ) ;
#1222 = ORIENTED_EDGE ( 'NONE', *, *, #1158, .T. ) ;
#1223 = CIRCLE ( 'NONE', #324, 0.005399999999999990745 ) ;
#1224 = VERTEX_POINT ( 'NONE', #517 ) ;
#1225 = DIRECTION ( 'NONE',  ( -0.8493881131629331671, 0.5277628146696661249, 0.002498933665447280669 ) ) ;
#1226 = APPLICATION_CONTEXT ( 'configuration controlled 3d designs of mechanical parts and assemblies' ) ;
#1227 = DIRECTION ( 'NONE',  ( 0.3088699541259177228, 0.5009273982175390660, -0.8084992845718914634 ) ) ;
#1228 = CARTESIAN_POINT ( 'NONE',  ( -0.1240899757201153891, 0.2577645118050884698, 0.08074363067999380805 ) ) ;
#1229 = CIRCLE ( 'NONE', #296, 0.005399999999999995082 ) ;
#1230 = ORIENTED_EDGE ( 'NONE', *, *, #1797, .T. ) ;
#1231 = CYLINDRICAL_SURFACE ( 'NONE', #997, 0.005400000000000002021 ) ;
#1232 = DIRECTION ( 'NONE',  ( -0.8493881131629331671, 0.5277628146696661249, 0.002498933665447280669 ) ) ;
#1233 = EDGE_CURVE ( 'NONE', #1314, #1180, #1288, .T. ) ;
#1234 = CC_DESIGN_PERSON_AND_ORGANIZATION_ASSIGNMENT ( #379, #230, ( #2026 ) ) ;
#1235 = CARTESIAN_POINT ( 'NONE',  ( -0.1240899757201153891, 0.2577645118050884698, 0.08074363067999380805 ) ) ;
#1236 = ORIENTED_EDGE ( 'NONE', *, *, #120, .T. ) ;
#1237 = DIRECTION ( 'NONE',  ( -0.8493881131629331671, 0.5277628146696661249, 0.002498933665447280669 ) ) ;
#1238 = CARTESIAN_POINT ( 'NONE',  ( -0.1280372929703779972, 0.2438115126128700128, 0.08517343034450820805 ) ) ;
#1239 = VERTEX_POINT ( 'NONE', #807 ) ;
#1240 = CARTESIAN_POINT ( 'NONE',  ( -0.1240899757201153891, 0.2577645118050884698, 0.08074363067999380805 ) ) ;
#1241 = CARTESIAN_POINT ( 'NONE',  ( -0.1244893201113572018, 0.2570618570020515303, 0.09340370967701819294 ) ) ;
#1242 = CARTESIAN_POINT ( 'NONE',  ( -0.1210539640482939938, 0.2550144392601129684, 0.09280407580811569912 ) ) ;
#1243 = VECTOR ( 'NONE', #1734, 1.000000000000000222 ) ;
#1244 = VERTEX_POINT ( 'NONE', #1608 ) ;
#1245 = CIRCLE ( 'NONE', #2016, 0.005400000000000004623 ) ;
#1246 = FACE_OUTER_BOUND ( 'NONE', #298, .T. ) ;
#1247 = EDGE_CURVE ( 'NONE', #666, #1119, #832, .T. ) ;
#1248 = VECTOR ( 'NONE', #554, 1.000000000000000222 ) ;
#1249 = VERTEX_POINT ( 'NONE', #842 ) ;
#1250 = CARTESIAN_POINT ( 'NONE',  ( -0.1244982346644651905, 0.2494682320875890036, 0.09342809726252550295 ) ) ;
#1251 = LINE ( 'NONE', #114, #1988 ) ;
#1252 = AXIS2_PLACEMENT_3D ( 'NONE', #688, #1834, #214 ) ;
#1253 = DIRECTION ( 'NONE',  ( 0.8493881131629329451, -0.5277628146696660139, -0.002498933665447280236 ) ) ;
#1254 = AXIS2_PLACEMENT_3D ( 'NONE', #936, #947, #1547 ) ;
#1255 = DIRECTION ( 'NONE',  ( 0.8493881131629329451, -0.5277628146696660139, -0.002498933665447280236 ) ) ;
#1256 = ORIENTED_EDGE ( 'NONE', *, *, #1903, .T. ) ;
#1257 = ORIENTED_EDGE ( 'NONE', *, *, #371, .F. ) ;
#1258 = EDGE_LOOP ( 'NONE', ( #381, #1800, #570, #1449 ) ) ;
#1259 = EDGE_CURVE ( 'NONE', #81, #623, #2039, .T. ) ;
#1260 = CIRCLE ( 'NONE', #360, 0.01209275000000000627 ) ;
#1261 = CARTESIAN_POINT ( 'NONE',  ( -0.1216238751755601977, 0.2540977588253615083, 0.09268967074573560005 ) ) ;
#1262 = CARTESIAN_POINT ( 'NONE',  ( 0.000000000000000000, 0.000000000000000000, 0.000000000000000000 ) ) ;
#1263 = AXIS2_PLACEMENT_3D ( 'NONE', #1585, #1739, #1113 ) ;
#1264 = VERTEX_POINT ( 'NONE', #1473 ) ;
#1265 = UNCERTAINTY_MEASURE_WITH_UNIT (LENGTH_MEASURE( 1.000000000000000082E-05 ), #1544, 'distance_accuracy_value', 'NONE');
#1266 = DIRECTION ( 'NONE',  ( 0.8493881131629329451, -0.5277628146696660139, -0.002498933665447280236 ) ) ;
#1267 = CARTESIAN_POINT ( 'NONE',  ( -0.1206924232674635999, 0.2556534605464099719, 0.08073363494533210283 ) ) ;
#1268 = DIRECTION ( 'NONE',  ( 0.3844989386691817779, 0.6220469954595266859, -0.6820689859552685474 ) ) ;
#1269 = ORIENTED_EDGE ( 'NONE', *, *, #514, .F. ) ;
#1270 = ORIENTED_EDGE ( 'NONE', *, *, #906, .F. ) ;
#1271 = AXIS2_PLACEMENT_3D ( 'NONE', #342, #1463, #979 ) ;
#1272 = DIRECTION ( 'NONE',  ( 0.3088699541259196102, 0.5009273982175391771, -0.8084992845718906862 ) ) ;
#1273 = COORDINATED_UNIVERSAL_TIME_OFFSET ( 2, 0, .AHEAD. ) ;
#1274 = VERTEX_POINT ( 'NONE', #1923 ) ;
#1275 = DIRECTION ( 'NONE',  ( -0.8493881131629331671, 0.5277628146696661249, 0.002498933665447280669 ) ) ;
#1276 = LINE ( 'NONE', #1304, #1818 ) ;
#1277 = CC_DESIGN_PERSON_AND_ORGANIZATION_ASSIGNMENT ( #1111, #1346, ( #772 ) ) ;
#1278 = DIRECTION ( 'NONE',  ( -0.4279476424234233134, -0.6859578362894898085, -0.5884918539599977017 ) ) ;
#1279 = EDGE_CURVE ( 'NONE', #907, #1224, #1634, .T. ) ;
#1280 = ORIENTED_EDGE ( 'NONE', *, *, #1928, .F. ) ;
#1281 = LINE ( 'NONE', #1292, #463 ) ;
#1282 = VERTEX_POINT ( 'NONE', #20 ) ;
#1283 = DIRECTION ( 'NONE',  ( 0.3088699541259168901, 0.5009273982175400652, -0.8084992845718912413 ) ) ;
#1284 = DIRECTION ( 'NONE',  ( 0.8493881131629329451, -0.5277628146696660139, -0.002498933665447280236 ) ) ;
#1285 = AXIS2_PLACEMENT_3D ( 'NONE', #1627, #496, #206 ) ;
#1286 = CARTESIAN_POINT ( 'NONE',  ( -0.1242082420068827964, 0.2499335374357875006, 0.09372640690516120809 ) ) ;
#1287 = EDGE_CURVE ( 'NONE', #1616, #844, #30, .T. ) ;
#1288 = LINE ( 'NONE', #1454, #445 ) ;
#1289 = CIRCLE ( 'NONE', #1621, 0.005399999999999995082 ) ;
#1290 = ORIENTED_EDGE ( 'NONE', *, *, #1655, .T. ) ;
#1291 = EDGE_LOOP ( 'NONE', ( #1938, #2057, #920, #783 ) ) ;
#1292 = CARTESIAN_POINT ( 'NONE',  ( -0.1315613016093792054, 0.2457577235385855208, 0.07701442835512770091 ) ) ;
#1293 = VECTOR ( 'NONE', #1255, 1.000000000000000222 ) ;
#1294 = CYLINDRICAL_SURFACE ( 'NONE', #635, 0.01462500000000001646 ) ;
#1295 = CARTESIAN_POINT ( 'NONE',  ( -0.1206924232674635999, 0.2556534605464099719, 0.08073363494533210283 ) ) ;
#1296 = CARTESIAN_POINT ( 'NONE',  ( -0.1240899757201153891, 0.2577645118050884698, 0.08074363067999380805 ) ) ;
#1297 = VERTEX_POINT ( 'NONE', #668 ) ;
#1298 = DIRECTION ( 'NONE',  ( -0.8493881131629331671, 0.5277628146696661249, 0.002498933665447280669 ) ) ;
#1299 = ORIENTED_EDGE ( 'NONE', *, *, #1431, .F. ) ;
#1300 = ORIENTED_EDGE ( 'NONE', *, *, #602, .T. ) ;
#1301 = DIRECTION ( 'NONE',  ( 0.8493881131629329451, -0.5277628146696660139, -0.002498933665447280236 ) ) ;
#1302 = EDGE_CURVE ( 'NONE', #1000, #2068, #612, .T. ) ;
#1303 = FACE_OUTER_BOUND ( 'NONE', #1744, .T. ) ;
#1304 = CARTESIAN_POINT ( 'NONE',  ( -0.1367088433049152285, 0.2375479312860672154, 0.06123263242272308782 ) ) ;
#1305 = ORIENTED_EDGE ( 'NONE', *, *, #1731, .T. ) ;
#1306 = EDGE_CURVE ( 'NONE', #907, #1379, #1053, .T. ) ;
#1307 = CARTESIAN_POINT ( 'NONE',  ( -0.1240899757201153891, 0.2577645118050884698, 0.08074363067999380805 ) ) ;
#1308 = ORIENTED_EDGE ( 'NONE', *, *, #1287, .T. ) ;
#1309 = DIRECTION ( 'NONE',  ( 0.3088699541259168901, 0.5009273982175400652, -0.8084992845718912413 ) ) ;
#1310 = ADVANCED_FACE ( 'NONE', ( #1795 ), #694, .T. ) ;
#1311 = CARTESIAN_POINT ( 'NONE',  ( -0.1271437223123670079, 0.2452893074840320209, 0.07679510249504879760 ) ) ;
#1312 = CARTESIAN_POINT ( 'NONE',  ( -0.1227900213095159954, 0.2598005702169705056, 0.09259264697824701185 ) ) ;
#1313 = CARTESIAN_POINT ( 'NONE',  ( -0.1160427737268719256, 0.2631757193507530124, 0.07248554521542142914 ) ) ;
#1314 = VERTEX_POINT ( 'NONE', #1771 ) ;
#1315 = AXIS2_PLACEMENT_3D ( 'NONE', #411, #1047, #1681 ) ;
#1316 = CARTESIAN_POINT ( 'NONE',  ( -0.1220327827195187981, 0.2610085667259555153, 0.09485513979945708885 ) ) ;
#1317 = ORIENTED_EDGE ( 'NONE', *, *, #262, .T. ) ;
#1318 = VECTOR ( 'NONE', #1320, 1.000000000000000222 ) ;
#1319 = EDGE_CURVE ( 'NONE', #1249, #1456, #785, .T. ) ;
#1320 = DIRECTION ( 'NONE',  ( 0.4279476424234233134, 0.6859578362894898085, 0.5884918539599977017 ) ) ;
#1321 = EDGE_CURVE ( 'NONE', #1041, #1874, #1229, .T. ) ;
#1322 = CARTESIAN_POINT ( 'NONE',  ( -0.1236990662594009971, 0.2583244732145489886, 0.09535267780886029498 ) ) ;
#1323 = CARTESIAN_POINT ( 'NONE',  ( -0.1266238308778016020, 0.2536340329207600330, 0.09182304062766180608 ) ) ;
#1324 = PRODUCT_DEFINITION_FORMATION_WITH_SPECIFIED_SOURCE ( 'ANY', '', #797, .NOT_KNOWN. ) ;
#1325 = ORIENTED_EDGE ( 'NONE', *, *, #135, .F. ) ;
#1326 = APPROVAL_ROLE ( '' ) ;
#1327 = VECTOR ( 'NONE', #543, 1.000000000000000222 ) ;
#1328 = LINE ( 'NONE', #1966, #1349 ) ;
#1329 = VERTEX_POINT ( 'NONE', #1128 ) ;
#1330 = ORIENTED_EDGE ( 'NONE', *, *, #1467, .T. ) ;
#1331 = EDGE_LOOP ( 'NONE', ( #873, #888, #851, #1308 ) ) ;
#1332 = DIRECTION ( 'NONE',  ( 0.3088699541259191661, 0.5009273982175383999, -0.8084992845718915744 ) ) ;
#1333 = CARTESIAN_POINT ( 'NONE',  ( -0.1304619024359670032, 0.2475129262820325027, 0.08001004581524649717 ) ) ;
#1334 = DIRECTION ( 'NONE',  ( -0.8493881131629331671, 0.5277628146696661249, 0.002498933665447280669 ) ) ;
#1335 = CARTESIAN_POINT ( 'NONE',  ( -0.1250214276282120007, 0.2562088100840400062, 0.09269966648039730528 ) ) ;
#1336 = CIRCLE ( 'NONE', #404, 0.005399999999999995082 ) ;
#1337 = COORDINATED_UNIVERSAL_TIME_OFFSET ( 2, 0, .AHEAD. ) ;
#1338 = DIRECTION ( 'NONE',  ( -0.8493881131629331671, 0.5277628146696661249, 0.002498933665447280669 ) ) ;
#1339 = EDGE_CURVE ( 'NONE', #973, #315, #1794, .T. ) ;
#1340 = ORIENTED_EDGE ( 'NONE', *, *, #789, .T. ) ;
#1341 = VERTEX_POINT ( 'NONE', #685 ) ;
#1342 = CYLINDRICAL_SURFACE ( 'NONE', #1569, 0.01209275000000000107 ) ;
#1343 = DIRECTION ( 'NONE',  ( -0.8493881131629331671, 0.5277628146696661249, 0.002498933665447280669 ) ) ;
#1344 = CYLINDRICAL_SURFACE ( 'NONE', #834, 0.01209275000000000107 ) ;
#1345 = CARTESIAN_POINT ( 'NONE',  ( -0.1248346241623879971, 0.2489399092510024836, 0.09066848273862850027 ) ) ;
#1346 = PERSON_AND_ORGANIZATION_ROLE ( 'creator' ) ;
#1347 = FACE_BOUND ( 'NONE', #562, .T. ) ;
#1348 = EDGE_CURVE ( 'NONE', #138, #882, #1783, .T. ) ;
#1349 = VECTOR ( 'NONE', #537, 1.000000000000000222 ) ;
#1350 = CIRCLE ( 'NONE', #1115, 0.005400000000000020235 ) ;
#1351 = EDGE_LOOP ( 'NONE', ( #705, #774, #1065, #737 ) ) ;
#1352 = CARTESIAN_POINT ( 'NONE',  ( -0.1233320887478209921, 0.2513500441906439953, 0.09237165770466189418 ) ) ;
#1353 = VECTOR ( 'NONE', #2045, 1.000000000000000222 ) ;
#1354 = CARTESIAN_POINT ( 'NONE',  ( -0.1145395536668021991, 0.2655320623899700139, 0.08578202292761021031 ) ) ;
#1355 = DIRECTION ( 'NONE',  ( 0.8493881131629329451, -0.5277628146696660139, -0.002498933665447280236 ) ) ;
#1356 = VECTOR ( 'NONE', #1687, 1.000000000000000222 ) ;
#1357 = ORIENTED_EDGE ( 'NONE', *, *, #1584, .T. ) ;
#1358 = DIRECTION ( 'NONE',  ( 0.3088699541259168346, 0.5009273982175388440, -0.8084992845718922405 ) ) ;
#1359 = AXIS2_PLACEMENT_3D ( 'NONE', #179, #1592, #1272 ) ;
#1360 = ORGANIZATION ( 'UNSPECIFIED', 'UNSPECIFIED', '' ) ;
#1361 = AXIS2_PLACEMENT_3D ( 'NONE', #1132, #1765, #1610 ) ;
#1362 = EDGE_LOOP ( 'NONE', ( #2003, #1507, #1513, #1122 ) ) ;
#1363 = DIRECTION ( 'NONE',  ( 0.3088699541259168346, 0.5009273982175388440, -0.8084992845718922405 ) ) ;
#1364 = ORIENTED_EDGE ( 'NONE', *, *, #1372, .T. ) ;
#1365 = CARTESIAN_POINT ( 'NONE',  ( -0.1273407973879880084, 0.2449466322181320099, 0.08218061408418399216 ) ) ;
#1366 = EDGE_CURVE ( 'NONE', #629, #1684, #994, .T. ) ;
#1367 = CARTESIAN_POINT ( 'NONE',  ( -0.1303383579378380175, 0.2476968497088379850, 0.08315910209143169418 ) ) ;
#1368 = ORIENTED_EDGE ( 'NONE', *, *, #568, .F. ) ;
#1369 = DIRECTION ( 'NONE',  ( -0.4279476424234234244, -0.6859578362894899195, -0.5884918539599978127 ) ) ;
#1370 = ADVANCED_FACE ( 'NONE', ( #525 ), #209, .T. ) ;
#1371 = ORIENTED_EDGE ( 'NONE', *, *, #778, .T. ) ;
#1372 = EDGE_CURVE ( 'NONE', #623, #315, #1328, .T. ) ;
#1373 = CARTESIAN_POINT ( 'NONE',  ( -0.1240283442524990065, 0.2577944542940365236, 0.09536847016661920140 ) ) ;
#1374 = EDGE_CURVE ( 'NONE', #1545, #1282, #456, .T. ) ;
#1375 = EDGE_LOOP ( 'NONE', ( #176, #1623, #1927, #1096 ) ) ;
#1376 = ADVANCED_FACE ( 'NONE', ( #1189 ), #1806, .T. ) ;
#1377 = CARTESIAN_POINT ( 'NONE',  ( -0.1315293988141855996, 0.2457732229113805122, 0.08458480233653969949 ) ) ;
#1378 = CARTESIAN_POINT ( 'NONE',  ( -0.1269096844470725960, 0.2456252593067555223, 0.08539321038172799361 ) ) ;
#1379 = VERTEX_POINT ( 'NONE', #861 ) ;
#1380 = AXIS2_PLACEMENT_3D ( 'NONE', #870, #2005, #387 ) ;
#1381 = ORIENTED_EDGE ( 'NONE', *, *, #819, .F. ) ;
#1382 = ADVANCED_FACE ( 'NONE', ( #389 ), #578, .T. ) ;
#1383 = DIRECTION ( 'NONE',  ( -0.8493881131629331671, 0.5277628146696661249, 0.002498933665447280669 ) ) ;
#1384 = DIRECTION ( 'NONE',  ( -0.8493881131629331671, 0.5277628146696661249, 0.002498933665447280669 ) ) ;
#1385 = EDGE_CURVE ( 'NONE', #406, #910, #1076, .T. ) ;
#1386 = EDGE_LOOP ( 'NONE', ( #1518, #1643, #803, #893 ) ) ;
#1387 = LINE ( 'NONE', #935, #1436 ) ;
#1388 = CYLINDRICAL_SURFACE ( 'NONE', #1516, 0.005399999999999995082 ) ;
#1389 = VERTEX_POINT ( 'NONE', #900 ) ;
#1390 = CC_DESIGN_APPROVAL ( #1948, ( #772 ) ) ;
#1391 = VECTOR ( 'NONE', #2046, 1.000000000000000222 ) ;
#1392 = CYLINDRICAL_SURFACE ( 'NONE', #739, 0.01462500000000001646 ) ;
#1393 = VERTEX_POINT ( 'NONE', #401 ) ;
#1394 = VECTOR ( 'NONE', #1511, 1.000000000000000222 ) ;
#1395 = CARTESIAN_POINT ( 'NONE',  ( -0.1240899757201153891, 0.2577645118050884698, 0.08074363067999380805 ) ) ;
#1396 = DIRECTION ( 'NONE',  ( -0.3088699541259167236, -0.5009273982175392881, 0.8084992845718917964 ) ) ;
#1397 = ORIENTED_EDGE ( 'NONE', *, *, #1306, .T. ) ;
#1398 = DIRECTION ( 'NONE',  ( 0.8493881131629329451, -0.5277628146696660139, -0.002498933665447280236 ) ) ;
#1399 = LINE ( 'NONE', #1719, #1353 ) ;
#1400 = FACE_OUTER_BOUND ( 'NONE', #163, .T. ) ;
#1401 = ORIENTED_EDGE ( 'NONE', *, *, #1302, .F. ) ;
#1402 = EDGE_CURVE ( 'NONE', #742, #1831, #1026, .T. ) ;
#1403 = DIRECTION ( 'NONE',  ( -0.8493881131629331671, 0.5277628146696661249, 0.002498933665447280669 ) ) ;
#1404 = ORIENTED_EDGE ( 'NONE', *, *, #611, .F. ) ;
#1405 = CARTESIAN_POINT ( 'NONE',  ( -0.1240899757201153891, 0.2577645118050884698, 0.08074363067999380805 ) ) ;
#1406 = CARTESIAN_POINT ( 'NONE',  ( -0.1281637491567274023, 0.2436466722799069951, 0.07700443262046591242 ) ) ;
#1407 = VECTOR ( 'NONE', #818, 1.000000000000000222 ) ;
#1408 = PRODUCT_DEFINITION_SHAPE ( 'NONE', 'NONE',  #772 ) ;
#1409 = CARTESIAN_POINT ( 'NONE',  ( -0.1271729094150546024, 0.2451863016939644924, 0.08862872898204589289 ) ) ;
#1410 = VECTOR ( 'NONE', #523, 1.000000000000000222 ) ;
#1411 = EDGE_CURVE ( 'NONE', #1274, #1249, #85, .T. ) ;
#1412 = ORIENTED_EDGE ( 'NONE', *, *, #1431, .T. ) ;
#1413 = VECTOR ( 'NONE', #151, 1.000000000000000222 ) ;
#1414 = DIRECTION ( 'NONE',  ( -0.8493881131629331671, 0.5277628146696661249, 0.002498933665447280669 ) ) ;
#1415 = DIRECTION ( 'NONE',  ( 0.3088699541259177228, 0.5009273982175390660, -0.8084992845718914634 ) ) ;
#1416 = VERTEX_POINT ( 'NONE', #872 ) ;
#1417 = DIRECTION ( 'NONE',  ( 0.8493881131629329451, -0.5277628146696660139, -0.002498933665447280236 ) ) ;
#1418 = CARTESIAN_POINT ( 'NONE',  ( -0.1240899757201153891, 0.2577645118050884698, 0.08074363067999380805 ) ) ;
#1419 = AXIS2_PLACEMENT_3D ( 'NONE', #1095, #798, #1268 ) ;
#1420 = AXIS2_PLACEMENT_3D ( 'NONE', #657, #678, #51 ) ;
#1421 = CARTESIAN_POINT ( 'NONE',  ( -0.1284107948947234012, 0.2432311417166050094, 0.08079159453634429666 ) ) ;
#1422 = ORIENTED_EDGE ( 'NONE', *, *, #270, .T. ) ;
#1423 = ORIENTED_EDGE ( 'NONE', *, *, #1864, .T. ) ;
#1424 = ORIENTED_EDGE ( 'NONE', *, *, #1974, .T. ) ;
#1425 = AXIS2_PLACEMENT_3D ( 'NONE', #2032, #741, #1396 ) ;
#1426 = CARTESIAN_POINT ( 'NONE',  ( -0.1198399910679136121, 0.2645616211614920110, 0.08979744409841790287 ) ) ;
#1427 = APPROVAL_ROLE ( '' ) ;
#1428 = AXIS2_PLACEMENT_3D ( 'NONE', #1787, #1343, #856 ) ;
#1429 = AXIS2_PLACEMENT_3D ( 'NONE', #515, #1141, #1778 ) ;
#1430 = EDGE_LOOP ( 'NONE', ( #1497, #455, #1280, #1653 ) ) ;
#1431 = EDGE_CURVE ( 'NONE', #315, #904, #625, .T. ) ;
#1432 = CARTESIAN_POINT ( 'NONE',  ( -0.1240899757201153891, 0.2577645118050884698, 0.08074363067999380805 ) ) ;
#1433 = DIRECTION ( 'NONE',  ( 0.3088699541259177228, 0.5009273982175390660, -0.8084992845718914634 ) ) ;
#1434 = CARTESIAN_POINT ( 'NONE',  ( -0.1156902045104282045, 0.2636683543979759792, 0.08828173978147380030 ) ) ;
#1435 = VERTEX_POINT ( 'NONE', #1494 ) ;
#1436 = VECTOR ( 'NONE', #597, 1.000000000000000222 ) ;
#1437 = DIRECTION ( 'NONE',  ( 0.3088699541259162240, 0.5009273982175377338, -0.8084992845718931287 ) ) ;
#1438 = EDGE_CURVE ( 'NONE', #192, #10, #73, .T. ) ;
#1439 = ORIENTED_EDGE ( 'NONE', *, *, #903, .T. ) ;
#1440 = CARTESIAN_POINT ( 'NONE',  ( -0.1233555474703823956, 0.2588896057486905211, 0.09276150825161869062 ) ) ;
#1441 = CARTESIAN_POINT ( 'NONE',  ( -0.1372493657246355858, 0.2366713083391865091, 0.06264750617072389893 ) ) ;
#1442 = CARTESIAN_POINT ( 'NONE',  ( -0.1240899757201153891, 0.2577645118050884698, 0.08074363067999380805 ) ) ;
#1443 = ADVANCED_FACE ( 'NONE', ( #1819 ), #218, .T. ) ;
#1444 = CARTESIAN_POINT ( 'NONE',  ( -0.1240899757201153891, 0.2577645118050884698, 0.08074363067999380805 ) ) ;
#1445 = VECTOR ( 'NONE', #1615, 1.000000000000000222 ) ;
#1446 = VERTEX_POINT ( 'NONE', #713 ) ;
#1447 = ORIENTED_EDGE ( 'NONE', *, *, #1714, .T. ) ;
#1448 = CARTESIAN_POINT ( 'NONE',  ( -0.1201774154898569980, 0.2640016021760719922, 0.09338013340617500047 ) ) ;
#1449 = ORIENTED_EDGE ( 'NONE', *, *, #35, .T. ) ;
#1450 = VECTOR ( 'NONE', #239, 1.000000000000000222 ) ;
#1451 = CARTESIAN_POINT ( 'NONE',  ( -0.1372493657246355858, 0.2366713083391865091, 0.06264750617072389893 ) ) ;
#1452 = ADVANCED_FACE ( 'NONE', ( #1347, #380, #544 ), #891, .F. ) ;
#1453 = FACE_OUTER_BOUND ( 'NONE', #581, .T. ) ;
#1454 = CARTESIAN_POINT ( 'NONE',  ( -0.1305704618677064055, 0.2472973529526429903, 0.08863872471670770914 ) ) ;
#1455 = AXIS2_PLACEMENT_3D ( 'NONE', #1983, #1826, #521 ) ;
#1456 = VERTEX_POINT ( 'NONE', #1987 ) ;
#1457 = DIRECTION ( 'NONE',  ( 0.3088699541259171122, 0.5009273982175442841, -0.8084992845718885768 ) ) ;
#1458 = LOCAL_TIME ( 12, 30, 21.00000000000000000, #93 ) ;
#1459 = CIRCLE ( 'NONE', #1828, 0.01462500000000001646 ) ;
#1460 = DIRECTION ( 'NONE',  ( 0.3088699541259168901, 0.5009273982175400652, -0.8084992845718912413 ) ) ;
#1461 = LINE ( 'NONE', #683, #1549 ) ;
#1462 = AXIS2_PLACEMENT_3D ( 'NONE', #719, #1334, #690 ) ;
#1463 = DIRECTION ( 'NONE',  ( 0.8493881131629329451, -0.5277628146696660139, -0.002498933665447280236 ) ) ;
#1464 = VERTEX_POINT ( 'NONE', #1198 ) ;
#1465 = CARTESIAN_POINT ( 'NONE',  ( -0.1188299557660636024, 0.2661927023415320281, 0.08863214095065480302 ) ) ;
#1466 = ORIENTED_EDGE ( 'NONE', *, *, #1840, .T. ) ;
#1467 = EDGE_CURVE ( 'NONE', #2000, #787, #1245, .T. ) ;
#1468 = CARTESIAN_POINT ( 'NONE',  ( -0.1314348454230296059, 0.2459225638715485107, 0.08518342607917001041 ) ) ;
#1469 = DIRECTION ( 'NONE',  ( -0.8493881131629331671, 0.5277628146696661249, 0.002498933665447280669 ) ) ;
#1470 = DIRECTION ( 'NONE',  ( -0.8493881131629331671, 0.5277628146696661249, 0.002498933665447280669 ) ) ;
#1471 = CYLINDRICAL_SURFACE ( 'NONE', #344, 0.01209275000000000107 ) ;
#1472 = VERTEX_POINT ( 'NONE', #1671 ) ;
#1473 = CARTESIAN_POINT ( 'NONE',  ( -0.1258668914382830017, 0.2472744103530550019, 0.09154599000824138744 ) ) ;
#1474 = EDGE_LOOP ( 'NONE', ( #511, #569, #1179, #1763 ) ) ;
#1475 = EDGE_CURVE ( 'NONE', #1108, #66, #45, .T. ) ;
#1476 = ORIENTED_EDGE ( 'NONE', *, *, #1208, .T. ) ;
#1477 = VERTEX_POINT ( 'NONE', #1528 ) ;
#1478 = AXIS2_PLACEMENT_3D ( 'NONE', #1135, #839, #1769 ) ;
#1479 = CYLINDRICAL_SURFACE ( 'NONE', #1252, 0.005400000000000006357 ) ;
#1480 = CARTESIAN_POINT ( 'NONE',  ( -0.1317986882460702169, 0.2453547839723805024, 0.08142556272228709813 ) ) ;
#1481 = DIRECTION ( 'NONE',  ( 0.3088699541259177228, 0.5009273982175390660, -0.8084992845718914634 ) ) ;
#1482 = ORIENTED_EDGE ( 'NONE', *, *, #1532, .T. ) ;
#1483 = CIRCLE ( 'NONE', #281, 0.01209275000000000627 ) ;
#1484 = DIRECTION ( 'NONE',  ( 0.8493881131629329451, -0.5277628146696660139, -0.002498933665447280236 ) ) ;
#1485 = ORIENTED_EDGE ( 'NONE', *, *, #1183, .T. ) ;
#1486 = VERTEX_POINT ( 'NONE', #1207 ) ;
#1487 = ORIENTED_EDGE ( 'NONE', *, *, #637, .T. ) ;
#1488 = ADVANCED_FACE ( 'NONE', ( #2014 ), #1691, .T. ) ;
#1489 = DIRECTION ( 'NONE',  ( -0.8493881131629331671, 0.5277628146696661249, 0.002498933665447280669 ) ) ;
#1490 = AXIS2_PLACEMENT_3D ( 'NONE', #876, #407, #1524 ) ;
#1491 = DIRECTION ( 'NONE',  ( -0.8493881131629331671, 0.5277628146696661249, 0.002498933665447280669 ) ) ;
#1492 = DIRECTION ( 'NONE',  ( -0.8493881131629331671, 0.5277628146696661249, 0.002498933665447280669 ) ) ;
#1493 = EDGE_CURVE ( 'NONE', #12, #1990, #1483, .T. ) ;
#1494 = CARTESIAN_POINT ( 'NONE',  ( -0.1257075477912080186, 0.2550935190845680101, 0.09503138359925120127 ) ) ;
#1495 = ORIENTED_EDGE ( 'NONE', *, *, #99, .F. ) ;
#1496 = ORIENTED_EDGE ( 'NONE', *, *, #702, .T. ) ;
#1497 = ORIENTED_EDGE ( 'NONE', *, *, #1385, .T. ) ;
#1498 = ORIENTED_EDGE ( 'NONE', *, *, #447, .F. ) ;
#1499 = DIRECTION ( 'NONE',  ( -0.8493881131629331671, 0.5277628146696661249, 0.002498933665447280669 ) ) ;
#1500 = CARTESIAN_POINT ( 'NONE',  ( -0.1300236463852473823, 0.2481939162324734993, 0.08515156164425549679 ) ) ;
#1501 = CARTESIAN_POINT ( 'NONE',  ( -0.1166837146272964032, 0.2620568725189215131, 0.09092467856580989383 ) ) ;
#1502 = DIRECTION ( 'NONE',  ( 0.3088699541259177228, 0.5009273982175390660, -0.8084992845718914634 ) ) ;
#1503 = EDGE_CURVE ( 'NONE', #184, #1130, #852, .T. ) ;
#1504 = CIRCLE ( 'NONE', #475, 0.001749999999999993748 ) ;
#1505 = CALENDAR_DATE ( 2026, 6, 9 ) ;
#1506 = DIRECTION ( 'NONE',  ( 0.3088699541259162240, 0.5009273982175377338, -0.8084992845718931287 ) ) ;
#1507 = ORIENTED_EDGE ( 'NONE', *, *, #967, .T. ) ;
#1508 = CARTESIAN_POINT ( 'NONE',  ( -0.1280535560857886113, 0.2513407410675079778, 0.09019137129658329199 ) ) ;
#1509 = EDGE_LOOP ( 'NONE', ( #177, #1548, #980, #951 ) ) ;
#1510 = CLOSED_SHELL ( 'NONE', ( #585, #2051, #1370, #318, #168, #412, #735, #761, #1105, #211, #359, #520, #293, #1705, #61, #1565, #203, #1955, #338, #773, #6, #868, #434, #671, #892, #255, #1145, #1310, #422, #1382, #108, #1129, #582, #487, #1579, #253, #881, #303, #1847, #229, #911, #1376, #500, #1488, #1735, #2038, #857, #998, #1766, #458, #1452, #1742, #263, #1164, #976, #1443, #941, #1909 ) ) ;
#1511 = DIRECTION ( 'NONE',  ( 0.8493881131629329451, -0.5277628146696660139, -0.002498933665447280236 ) ) ;
#1512 = DIRECTION ( 'NONE',  ( -0.8493881131629331671, 0.5277628146696661249, 0.002498933665447280669 ) ) ;
#1513 = ORIENTED_EDGE ( 'NONE', *, *, #1158, .F. ) ;
#1514 = CARTESIAN_POINT ( 'NONE',  ( -0.1210917676587055930, 0.2549508057433724773, 0.09339371394235639057 ) ) ;
#1515 = PERSON ( 'UNSPECIFIED', 'UNSPECIFIED', 'UNSPECIFIED', ('UNSPECIFIED'), ('UNSPECIFIED'), ('UNSPECIFIED') ) ;
#1516 = AXIS2_PLACEMENT_3D ( 'NONE', #2035, #619, #2025 ) ;
#1517 = VECTOR ( 'NONE', #1355, 1.000000000000000222 ) ;
#1518 = ORIENTED_EDGE ( 'NONE', *, *, #120, .F. ) ;
#1519 = EDGE_CURVE ( 'NONE', #910, #973, #452, .T. ) ;
#1520 = CARTESIAN_POINT ( 'NONE',  ( -0.1240899757201153891, 0.2577645118050884698, 0.08074363067999380805 ) ) ;
#1521 = VECTOR ( 'NONE', #874, 1.000000000000000222 ) ;
#1522 = ORIENTED_EDGE ( 'NONE', *, *, #568, .T. ) ;
#1523 = AXIS2_PLACEMENT_3D ( 'NONE', #963, #162, #1652 ) ;
#1524 = DIRECTION ( 'NONE',  ( -0.3088699541259171122, -0.5009273982175442841, 0.8084992845718885768 ) ) ;
#1525 = CARTESIAN_POINT ( 'NONE',  ( -0.1384848455411394064, 0.2346675987463165136, 0.06588150330901150487 ) ) ;
#1526 = AXIS2_PLACEMENT_3D ( 'NONE', #615, #905, #594 ) ;
#1527 = ORIENTED_EDGE ( 'NONE', *, *, #188, .F. ) ;
#1528 = CARTESIAN_POINT ( 'NONE',  ( -0.1203015138067491940, 0.2562134219558704906, 0.09534268207419849261 ) ) ;
#1529 = VECTOR ( 'NONE', #1603, 1.000000000000000222 ) ;
#1530 = EDGE_LOOP ( 'NONE', ( #2037, #1872 ) ) ;
#1531 = EDGE_CURVE ( 'NONE', #55, #10, #417, .T. ) ;
#1532 = EDGE_CURVE ( 'NONE', #547, #1477, #589, .T. ) ;
#1533 = EDGE_CURVE ( 'NONE', #736, #1486, #1885, .T. ) ;
#1534 = CARTESIAN_POINT ( 'NONE',  ( -0.1240899757201153891, 0.2577645118050884698, 0.08074363067999380805 ) ) ;
#1535 = ORIENTED_EDGE ( 'NONE', *, *, #1820, .T. ) ;
#1536 = CARTESIAN_POINT ( 'NONE',  ( -0.1316371950497170207, 0.2456327065169670032, 0.07762122682366809356 ) ) ;
#1537 = CARTESIAN_POINT ( 'NONE',  ( -0.1240899757201153891, 0.2577645118050884698, 0.08074363067999380805 ) ) ;
#1538 = CIRCLE ( 'NONE', #439, 0.005399999999999995082 ) ;
#1539 = EDGE_CURVE ( 'NONE', #626, #1446, #1251, .T. ) ;
#1540 = ORIENTED_EDGE ( 'NONE', *, *, #1259, .T. ) ;
#1541 = ORIENTED_EDGE ( 'NONE', *, *, #786, .T. ) ;
#1542 = EDGE_CURVE ( 'NONE', #391, #31, #11, .T. ) ;
#1543 = CARTESIAN_POINT ( 'NONE',  ( -0.1227900213095159954, 0.2598005702169705056, 0.09259264697824701185 ) ) ;
#1544 =( LENGTH_UNIT ( ) NAMED_UNIT ( * ) SI_UNIT ( $, .METRE. ) );
#1545 = VERTEX_POINT ( 'NONE', #1699 ) ;
#1546 = CARTESIAN_POINT ( 'NONE',  ( -0.1240899757201153891, 0.2577645118050884698, 0.08074363067999380805 ) ) ;
#1547 = DIRECTION ( 'NONE',  ( 0.3088699541259177228, 0.5009273982175390660, -0.8084992845718914634 ) ) ;
#1548 = ORIENTED_EDGE ( 'NONE', *, *, #1247, .F. ) ;
#1549 = VECTOR ( 'NONE', #1779, 1.000000000000000222 ) ;
#1550 = ORIENTED_EDGE ( 'NONE', *, *, #46, .F. ) ;
#1551 = DIRECTION ( 'NONE',  ( -0.8493881131629331671, 0.5277628146696661249, 0.002498933665447280669 ) ) ;
#1552 = CARTESIAN_POINT ( 'NONE',  ( -0.1244515165009456026, 0.2571254905187920214, 0.09281407154277750149 ) ) ;
#1553 = ORIENTED_EDGE ( 'NONE', *, *, #577, .F. ) ;
#1554 = CYLINDRICAL_SURFACE ( 'NONE', #704, 0.01462500000000001646 ) ;
#1555 = CARTESIAN_POINT ( 'NONE',  ( -0.1227459539759017948, 0.2598687052716689982, 0.09318134652062250167 ) ) ;
#1556 = AXIS2_PLACEMENT_3D ( 'NONE', #1049, #98, #1562 ) ;
#1557 = EDGE_CURVE ( 'NONE', #400, #1274, #1712, .T. ) ;
#1558 = DIRECTION ( 'NONE',  ( 0.3088699541259168346, 0.5009273982175388440, -0.8084992845718922405 ) ) ;
#1559 = CIRCLE ( 'NONE', #393, 0.01209275000000000627 ) ;
#1560 = AXIS2_PLACEMENT_3D ( 'NONE', #469, #488, #1558 ) ;
#1561 = EDGE_LOOP ( 'NONE', ( #75, #1340 ) ) ;
#1562 = DIRECTION ( 'NONE',  ( 0.3088699541259177228, 0.5009273982175390660, -0.8084992845718914634 ) ) ;
#1563 = ORIENTED_EDGE ( 'NONE', *, *, #546, .T. ) ;
#1564 = FACE_OUTER_BOUND ( 'NONE', #53, .T. ) ;
#1565 = ADVANCED_FACE ( 'NONE', ( #140 ), #1106, .T. ) ;
#1566 = DIRECTION ( 'NONE',  ( -0.8493881131629331671, 0.5277628146696661249, 0.002498933665447280669 ) ) ;
#1567 = CARTESIAN_POINT ( 'NONE',  ( -0.1206924232674635999, 0.2556534605464099719, 0.08073363494533210283 ) ) ;
#1568 = EDGE_LOOP ( 'NONE', ( #457, #436, #1495, #425 ) ) ;
#1569 = AXIS2_PLACEMENT_3D ( 'NONE', #395, #1813, #1981 ) ;
#1570 = CARTESIAN_POINT ( 'NONE',  ( -0.1240899757201153891, 0.2577645118050884698, 0.08074363067999380805 ) ) ;
#1571 = FACE_OUTER_BOUND ( 'NONE', #1362, .T. ) ;
#1572 = ORIENTED_EDGE ( 'NONE', *, *, #1287, .F. ) ;
#1573 = FACE_OUTER_BOUND ( 'NONE', #156, .T. ) ;
#1574 = CARTESIAN_POINT ( 'NONE',  ( -0.1199020058306149994, 0.2568658935810350097, 0.09333665229587229106 ) ) ;
#1575 = DIRECTION ( 'NONE',  ( -0.8493881131629331671, 0.5277628146696661249, 0.002498933665447280669 ) ) ;
#1576 = ORIENTED_EDGE ( 'NONE', *, *, #84, .T. ) ;
#1577 = ORIENTED_EDGE ( 'NONE', *, *, #1714, .F. ) ;
#1578 = ORIENTED_EDGE ( 'NONE', *, *, #1339, .T. ) ;
#1579 = ADVANCED_FACE ( 'NONE', ( #1740 ), #1388, .T. ) ;
#1580 = AXIS2_PLACEMENT_3D ( 'NONE', #1241, #1219, #752 ) ;
#1581 = DIRECTION ( 'NONE',  ( 0.3088699541259168901, 0.5009273982175400652, -0.8084992845718912413 ) ) ;
#1582 = PERSON_AND_ORGANIZATION ( #1515, #1360 ) ;
#1583 = ORIENTED_EDGE ( 'NONE', *, *, #1976, .T. ) ;
#1584 = EDGE_CURVE ( 'NONE', #1472, #882, #1880, .T. ) ;
#1585 = CARTESIAN_POINT ( 'NONE',  ( -0.1240899757201153891, 0.2577645118050884698, 0.08074363067999380805 ) ) ;
#1586 = DIRECTION ( 'NONE',  ( -0.8493881131629331671, 0.5277628146696661249, 0.002498933665447280669 ) ) ;
#1587 = LINE ( 'NONE', #1915, #1293 ) ;
#1588 = ORIENTED_EDGE ( 'NONE', *, *, #222, .F. ) ;
#1589 = EDGE_CURVE ( 'NONE', #1264, #1239, #354, .T. ) ;
#1590 = ORIENTED_EDGE ( 'NONE', *, *, #637, .F. ) ;
#1591 = AXIS2_PLACEMENT_3D ( 'NONE', #748, #460, #1866 ) ;
#1592 = DIRECTION ( 'NONE',  ( -0.8493881131629331671, 0.5277628146696661249, 0.002498933665447280669 ) ) ;
#1593 = EDGE_CURVE ( 'NONE', #1084, #1389, #347, .T. ) ;
#1594 = ORIENTED_EDGE ( 'NONE', *, *, #2015, .T. ) ;
#1595 = CARTESIAN_POINT ( 'NONE',  ( -0.1262054715864973919, 0.2543028934960684939, 0.09276330937153630385 ) ) ;
#1596 = FACE_BOUND ( 'NONE', #306, .T. ) ;
#1597 = CARTESIAN_POINT ( 'NONE',  ( -0.1206307917998472035, 0.2556834030353574705, 0.09535847443195739903 ) ) ;
#1598 = DIRECTION ( 'NONE',  ( -0.8493881131629331671, 0.5277628146696661249, 0.002498933665447280669 ) ) ;
#1599 = EDGE_CURVE ( 'NONE', #165, #910, #769, .T. ) ;
#1600 = ORIENTED_EDGE ( 'NONE', *, *, #846, .T. ) ;
#1601 = ORIENTED_EDGE ( 'NONE', *, *, #1009, .F. ) ;
#1602 = EDGE_CURVE ( 'NONE', #1616, #1886, #181, .T. ) ;
#1603 = DIRECTION ( 'NONE',  ( 0.8493881131629329451, -0.5277628146696660139, -0.002498933665447280236 ) ) ;
#1604 = ORIENTED_EDGE ( 'NONE', *, *, #479, .F. ) ;
#1605 = DIRECTION ( 'NONE',  ( -0.3088699541259168901, -0.5009273982175400652, 0.8084992845718912413 ) ) ;
#1606 = CARTESIAN_POINT ( 'NONE',  ( -0.1314348454230296059, 0.2459225638715485107, 0.08518342607917001041 ) ) ;
#1607 = DIRECTION ( 'NONE',  ( -0.8493881131629331671, 0.5277628146696661249, 0.002498933665447280669 ) ) ;
#1608 = CARTESIAN_POINT ( 'NONE',  ( -0.1279485345927852680, 0.2439879954099021531, 0.07807010180195092519 ) ) ;
#1609 = VERTEX_POINT ( 'NONE', #1406 ) ;
#1610 = DIRECTION ( 'NONE',  ( 0.3088699541259171122, 0.5009273982175442841, -0.8084992845718885768 ) ) ;
#1611 = AXIS2_PLACEMENT_3D ( 'NONE', #1729, #291, #304 ) ;
#1612 = CARTESIAN_POINT ( 'NONE',  ( -0.1199579950177308008, 0.2567785544900119676, 0.09275151251695699928 ) ) ;
#1613 = DIRECTION ( 'NONE',  ( 0.8493881131629329451, -0.5277628146696660139, -0.002498933665447280236 ) ) ;
#1614 = VECTOR ( 'NONE', #182, 1.000000000000000222 ) ;
#1615 = DIRECTION ( 'NONE',  ( 0.4279476424234233134, 0.6859578362894898085, 0.5884918539599977017 ) ) ;
#1616 = VERTEX_POINT ( 'NONE', #1063 ) ;
#1617 = CARTESIAN_POINT ( 'NONE',  ( -0.1198970819335795912, 0.2644543165271740492, 0.09305447059752959549 ) ) ;
#1618 = EDGE_CURVE ( 'NONE', #1130, #221, #175, .T. ) ;
#1619 = AXIS2_PLACEMENT_3D ( 'NONE', #599, #1566, #442 ) ;
#1620 = CYLINDRICAL_SURFACE ( 'NONE', #1838, 0.005400000000000002021 ) ;
#1621 = AXIS2_PLACEMENT_3D ( 'NONE', #1365, #1789, #366 ) ;
#1622 = ORIENTED_EDGE ( 'NONE', *, *, #702, .F. ) ;
#1623 = ORIENTED_EDGE ( 'NONE', *, *, #1899, .F. ) ;
#1624 = DIRECTION ( 'NONE',  ( -0.3088699541259168901, -0.5009273982175400652, 0.8084992845718912413 ) ) ;
#1625 = AXIS2_PLACEMENT_3D ( 'NONE', #1570, #137, #776 ) ;
#1626 = CARTESIAN_POINT ( 'NONE',  ( -0.1206924232674635999, 0.2556534605464099719, 0.08073363494533210283 ) ) ;
#1627 = CARTESIAN_POINT ( 'NONE',  ( -0.1262806368405052226, 0.2466930033602769967, 0.07370420566526270090 ) ) ;
#1628 = VECTOR ( 'NONE', #1953, 1.000000000000000222 ) ;
#1629 = CIRCLE ( 'NONE', #364, 0.01462500000000001646 ) ;
#1630 = CARTESIAN_POINT ( 'NONE',  ( -0.1206924232674635999, 0.2556534605464099719, 0.08073363494533210283 ) ) ;
#1631 = FACE_OUTER_BOUND ( 'NONE', #1568, .T. ) ;
#1632 = LINE ( 'NONE', #1807, #2069 ) ;
#1633 = EDGE_CURVE ( 'NONE', #1171, #391, #1399, .T. ) ;
#1634 = LINE ( 'NONE', #173, #1407 ) ;
#1635 = VERTEX_POINT ( 'NONE', #780 ) ;
#1636 = ORIENTED_EDGE ( 'NONE', *, *, #728, .F. ) ;
#1637 = CARTESIAN_POINT ( 'NONE',  ( -0.1240899757201153891, 0.2577645118050884698, 0.08074363067999380805 ) ) ;
#1638 = CIRCLE ( 'NONE', #164, 0.005399999999999995082 ) ;
#1639 = CARTESIAN_POINT ( 'NONE',  ( -0.1292131698419811958, 0.2494852185742389983, 0.08791585405561400113 ) ) ;
#1640 = DIRECTION ( 'NONE',  ( 0.3088699541259168346, 0.5009273982175388440, -0.8084992845718922405 ) ) ;
#1641 = ORIENTED_EDGE ( 'NONE', *, *, #1259, .F. ) ;
#1642 = DIRECTION ( 'NONE',  ( -0.8493881131629331671, 0.5277628146696661249, 0.002498933665447280669 ) ) ;
#1643 = ORIENTED_EDGE ( 'NONE', *, *, #1913, .F. ) ;
#1644 = CC_DESIGN_DATE_AND_TIME_ASSIGNMENT ( #733, #712, ( #2026 ) ) ;
#1645 = DIRECTION ( 'NONE',  ( 0.8493881131629329451, -0.5277628146696660139, -0.002498933665447280236 ) ) ;
#1646 = FACE_OUTER_BOUND ( 'NONE', #715, .T. ) ;
#1647 = EDGE_CURVE ( 'NONE', #24, #138, #1146, .T. ) ;
#1648 = DIRECTION ( 'NONE',  ( -0.3088699541259167236, -0.5009273982175392881, 0.8084992845718917964 ) ) ;
#1649 = CARTESIAN_POINT ( 'NONE',  ( -0.1318083473473751766, 0.2453421929752834796, 0.08080159027100609903 ) ) ;
#1650 = AXIS2_PLACEMENT_3D ( 'NONE', #1750, #1470, #1640 ) ;
#1651 = PERSON_AND_ORGANIZATION ( #1515, #1360 ) ;
#1652 = DIRECTION ( 'NONE',  ( 0.3088699541259171122, 0.5009273982175442841, -0.8084992845718885768 ) ) ;
#1653 = ORIENTED_EDGE ( 'NONE', *, *, #647, .T. ) ;
#1654 = ORIENTED_EDGE ( 'NONE', *, *, #1531, .F. ) ;
#1655 = EDGE_CURVE ( 'NONE', #742, #1697, #1882, .T. ) ;
#1656 = DIRECTION ( 'NONE',  ( -0.8493881131629331671, 0.5277628146696661249, 0.002498933665447280669 ) ) ;
#1657 = LINE ( 'NONE', #1508, #1853 ) ;
#1658 = CARTESIAN_POINT ( 'NONE',  ( -0.1318083473473751766, 0.2453421929752834796, 0.08080159027100609903 ) ) ;
#1659 = CARTESIAN_POINT ( 'NONE',  ( -0.1240899757201153891, 0.2577645118050884698, 0.08074363067999380805 ) ) ;
#1660 = CIRCLE ( 'NONE', #1028, 0.001749999999999993748 ) ;
#1661 = PERSON_AND_ORGANIZATION ( #1515, #1360 ) ;
#1662 = CARTESIAN_POINT ( 'NONE',  ( -0.1304297530785390180, 0.2475548341628250049, 0.08208687602213300682 ) ) ;
#1663 = CIRCLE ( 'NONE', #1462, 0.005400000000000020235 ) ;
#1664 = EDGE_LOOP ( 'NONE', ( #1476, #1980, #922, #1439 ) ) ;
#1665 = DIRECTION ( 'NONE',  ( 0.3088699541259191661, 0.5009273982175383999, -0.8084992845718915744 ) ) ;
#1666 = DIRECTION ( 'NONE',  ( -0.8493881131629331671, 0.5277628146696661249, 0.002498933665447280669 ) ) ;
#1667 = DIRECTION ( 'NONE',  ( -0.3088699541259185555, -0.5009273982175374007, 0.8084992845718924626 ) ) ;
#1668 = DIRECTION ( 'NONE',  ( 0.3088699541259191661, 0.5009273982175383999, -0.8084992845718915744 ) ) ;
#1669 = ORIENTED_EDGE ( 'NONE', *, *, #1385, .F. ) ;
#1670 = APPROVAL_STATUS ( 'not_yet_approved' ) ;
#1671 = CARTESIAN_POINT ( 'NONE',  ( -0.1360138859081319873, 0.2386750179320569765, 0.05941350903243629994 ) ) ;
#1672 = EDGE_CURVE ( 'NONE', #1416, #1926, #1947, .T. ) ;
#1673 = EDGE_LOOP ( 'NONE', ( #863, #1844, #212, #939 ) ) ;
#1674 = ORIENTED_EDGE ( 'NONE', *, *, #57, .T. ) ;
#1675 = DIRECTION ( 'NONE',  ( 0.8493881131629329451, -0.5277628146696660139, -0.002498933665447280236 ) ) ;
#1676 = VECTOR ( 'NONE', #199, 1.000000000000000222 ) ;
#1677 = ORIENTED_EDGE ( 'NONE', *, *, #1672, .F. ) ;
#1678 = CARTESIAN_POINT ( 'NONE',  ( -0.1240899757201153891, 0.2577645118050884698, 0.08074363067999380805 ) ) ;
#1679 = CARTESIAN_POINT ( 'NONE',  ( -0.1260281058681462230, 0.2545783013309775300, 0.09488514189145770550 ) ) ;
#1680 = ORIENTED_EDGE ( 'NONE', *, *, #1475, .F. ) ;
#1681 = DIRECTION ( 'NONE',  ( 0.3088699541259168346, 0.5009273982175388440, -0.8084992845718922405 ) ) ;
#1682 = AXIS2_PLACEMENT_3D ( 'NONE', #1574, #132, #465 ) ;
#1683 = EDGE_CURVE ( 'NONE', #927, #1244, #1746, .T. ) ;
#1684 = VERTEX_POINT ( 'NONE', #1134 ) ;
#1685 = ORIENTED_EDGE ( 'NONE', *, *, #611, .T. ) ;
#1686 = VERTEX_POINT ( 'NONE', #196 ) ;
#1687 = DIRECTION ( 'NONE',  ( 0.8493881131629329451, -0.5277628146696660139, -0.002498933665447280236 ) ) ;
#1688 = DIRECTION ( 'NONE',  ( 0.8493881131629329451, -0.5277628146696660139, -0.002498933665447280236 ) ) ;
#1689 = VERTEX_POINT ( 'NONE', #1760 ) ;
#1690 = DIRECTION ( 'NONE',  ( -0.8493881131629331671, 0.5277628146696661249, 0.002498933665447280669 ) ) ;
#1691 = CYLINDRICAL_SURFACE ( 'NONE', #686, 0.01462500000000001646 ) ;
#1692 = EDGE_CURVE ( 'NONE', #1446, #1180, #178, .T. ) ;
#1693 = CIRCLE ( 'NONE', #633, 0.005400000000000002021 ) ;
#1694 = ORIENTED_EDGE ( 'NONE', *, *, #272, .F. ) ;
#1695 = DIRECTION ( 'NONE',  ( -0.8493881131629331671, 0.5277628146696661249, 0.002498933665447280669 ) ) ;
#1696 = CARTESIAN_POINT ( 'NONE',  ( -0.1240899757201153891, 0.2577645118050884698, 0.08074363067999380805 ) ) ;
#1697 = VERTEX_POINT ( 'NONE', #161 ) ;
#1698 = DIRECTION ( 'NONE',  ( 0.3088699541259195547, 0.5009273982175324047, -0.8084992845718949050 ) ) ;
#1699 = CARTESIAN_POINT ( 'NONE',  ( -0.1343923356917043899, 0.2336836341336272493, 0.06405238418406292156 ) ) ;
#1700 = ORIENTED_EDGE ( 'NONE', *, *, #2024, .F. ) ;
#1701 = ORIENTED_EDGE ( 'NONE', *, *, #538, .F. ) ;
#1702 = PRODUCT_RELATED_PRODUCT_CATEGORY ( 'detail', '', ( #797 ) ) ;
#1703 = ORIENTED_EDGE ( 'NONE', *, *, #479, .T. ) ;
#1704 = DIRECTION ( 'NONE',  ( 0.8493881131629329451, -0.5277628146696660139, -0.002498933665447280236 ) ) ;
#1705 = ADVANCED_FACE ( 'NONE', ( #978 ), #1790, .T. ) ;
#1706 = DIRECTION ( 'NONE',  ( 0.8493881131629329451, -0.5277628146696660139, -0.002498933665447280236 ) ) ;
#1707 = EDGE_LOOP ( 'NONE', ( #755, #1701, #592, #116 ) ) ;
#1708 = DIRECTION ( 'NONE',  ( 0.3088699541259162240, 0.5009273982175377338, -0.8084992845718931287 ) ) ;
#1709 = DIRECTION ( 'NONE',  ( 0.8493881131629329451, -0.5277628146696660139, -0.002498933665447280236 ) ) ;
#1710 = DIRECTION ( 'NONE',  ( -0.3088699541259167236, -0.5009273982175392881, 0.8084992845718917964 ) ) ;
#1711 = ADVANCED_BREP_SHAPE_REPRESENTATION ( 'Gear 1', ( #1001, #190 ), #1995 ) ;
#1712 = CIRCLE ( 'NONE', #1985, 0.01209275000000000627 ) ;
#1713 = CIRCLE ( 'NONE', #215, 0.01209275000000000627 ) ;
#1714 = EDGE_CURVE ( 'NONE', #1477, #418, #820, .T. ) ;
#1715 = PLANE ( 'NONE',  #954 ) ;
#1716 = DIRECTION ( 'NONE',  ( -0.8493881131629331671, 0.5277628146696661249, 0.002498933665447280669 ) ) ;
#1717 = ORIENTED_EDGE ( 'NONE', *, *, #2015, .F. ) ;
#1718 = DIRECTION ( 'NONE',  ( -0.3088699541259167236, -0.5009273982175392881, 0.8084992845718917964 ) ) ;
#1719 = CARTESIAN_POINT ( 'NONE',  ( -0.1260883732856359907, 0.2544939590652419703, 0.09221291550985590002 ) ) ;
#1720 = VECTOR ( 'NONE', #1704, 1.000000000000000222 ) ;
#1721 = LOCAL_TIME ( 12, 30, 21.00000000000000000, #1965 ) ;
#1722 = CARTESIAN_POINT ( 'NONE',  ( -0.1313460870454369600, 0.2460990466685807898, 0.07808009753661271368 ) ) ;
#1723 = VECTOR ( 'NONE', #1845, 1.000000000000000222 ) ;
#1724 = ORIENTED_EDGE ( 'NONE', *, *, #39, .F. ) ;
#1725 = DIRECTION ( 'NONE',  ( -0.3088699541259191661, -0.5009273982175383999, 0.8084992845718915744 ) ) ;
#1726 = DIRECTION ( 'NONE',  ( 0.3088699541259168346, 0.5009273982175388440, -0.8084992845718922405 ) ) ;
#1727 = ORIENTED_EDGE ( 'NONE', *, *, #830, .F. ) ;
#1728 = DIRECTION ( 'NONE',  ( 0.8493881131629329451, -0.5277628146696660139, -0.002498933665447280236 ) ) ;
#1729 = CARTESIAN_POINT ( 'NONE',  ( -0.1206924232674635999, 0.2556534605464099719, 0.08073363494533210283 ) ) ;
#1730 = CARTESIAN_POINT ( 'NONE',  ( -0.1176966282485617937, 0.2604211049752049867, 0.09210137784932340144 ) ) ;
#1731 = EDGE_CURVE ( 'NONE', #440, #418, #1768, .T. ) ;
#1732 = VERTEX_POINT ( 'NONE', #1125 ) ;
#1733 = CIRCLE ( 'NONE', #1167, 0.01462500000000001646 ) ;
#1734 = DIRECTION ( 'NONE',  ( 0.8493881131629329451, -0.5277628146696660139, -0.002498933665447280236 ) ) ;
#1735 = ADVANCED_FACE ( 'NONE', ( #1453 ), #1005, .T. ) ;
#1736 = CARTESIAN_POINT ( 'NONE',  ( -0.1206924232674635999, 0.2556534605464099719, 0.08073363494533210283 ) ) ;
#1737 = DIRECTION ( 'NONE',  ( 1.000000000000000000, 0.000000000000000000, 0.000000000000000000 ) ) ;
#1738 = ORIENTED_EDGE ( 'NONE', *, *, #1811, .T. ) ;
#1739 = DIRECTION ( 'NONE',  ( -0.8493881131629331671, 0.5277628146696661249, 0.002498933665447280669 ) ) ;
#1740 = FACE_OUTER_BOUND ( 'NONE', #1375, .T. ) ;
#1741 = AXIS2_PLACEMENT_3D ( 'NONE', #1442, #1607, #7 ) ;
#1742 = ADVANCED_FACE ( 'NONE', ( #1596, #171, #486 ), #970, .T. ) ;
#1743 = DIRECTION ( 'NONE',  ( -0.3088699541259168901, -0.5009273982175400652, 0.8084992845718912413 ) ) ;
#1744 = EDGE_LOOP ( 'NONE', ( #942, #1910, #1061, #357 ) ) ;
#1745 = EDGE_CURVE ( 'NONE', #349, #1112, #1461, .T. ) ;
#1746 = CIRCLE ( 'NONE', #1285, 0.005400000000000002021 ) ;
#1747 = DIRECTION ( 'NONE',  ( -0.3088699541259185555, -0.5009273982175374007, 0.8084992845718924626 ) ) ;
#1748 = VERTEX_POINT ( 'NONE', #1152 ) ;
#1749 = FACE_OUTER_BOUND ( 'NONE', #301, .T. ) ;
#1750 = CARTESIAN_POINT ( 'NONE',  ( -0.1228079191338457971, 0.2521918422373899960, 0.09275331363687459862 ) ) ;
#1751 = CIRCLE ( 'NONE', #1556, 0.01209275000000000627 ) ;
#1752 = DIRECTION ( 'NONE',  ( 0.8493881131629329451, -0.5277628146696660139, -0.002498933665447280236 ) ) ;
#1753 = EDGE_CURVE ( 'NONE', #1067, #2048, #355, .T. ) ;
#1754 = ORIENTED_EDGE ( 'NONE', *, *, #2059, .T. ) ;
#1755 = AXIS2_PLACEMENT_3D ( 'NONE', #1904, #1083, #1871 ) ;
#1756 = FACE_OUTER_BOUND ( 'NONE', #435, .T. ) ;
#1757 = VECTOR ( 'NONE', #837, 1.000000000000000222 ) ;
#1758 = ORIENTED_EDGE ( 'NONE', *, *, #490, .F. ) ;
#1759 = CARTESIAN_POINT ( 'NONE',  ( -0.1226908208329844097, 0.2523829078065629727, 0.09220291977519409765 ) ) ;
#1760 = CARTESIAN_POINT ( 'NONE',  ( -0.1280535560857886113, 0.2513407410675079778, 0.09019137129658329199 ) ) ;
#1761 = DIRECTION ( 'NONE',  ( 0.3088699541259171122, 0.5009273982175442841, -0.8084992845718885768 ) ) ;
#1762 = DIRECTION ( 'NONE',  ( 0.3088699541259162240, 0.5009273982175377338, -0.8084992845718931287 ) ) ;
#1763 = ORIENTED_EDGE ( 'NONE', *, *, #1192, .T. ) ;
#1764 = ORIENTED_EDGE ( 'NONE', *, *, #1928, .T. ) ;
#1765 = DIRECTION ( 'NONE',  ( -0.8493881131629331671, 0.5277628146696661249, 0.002498933665447280669 ) ) ;
#1766 = ADVANCED_FACE ( 'NONE', ( #1941 ), #1114, .F. ) ;
#1767 = DIRECTION ( 'NONE',  ( -0.3088699541259167236, -0.5009273982175392881, 0.8084992845718917964 ) ) ;
#1768 = LINE ( 'NONE', #838, #115 ) ;
#1769 = DIRECTION ( 'NONE',  ( 0.3088699541259162240, 0.5009273982175377338, -0.8084992845718931287 ) ) ;
#1770 = ORIENTED_EDGE ( 'NONE', *, *, #152, .T. ) ;
#1771 = CARTESIAN_POINT ( 'NONE',  ( -0.1305704618677064055, 0.2472973529526429903, 0.08863872471670770914 ) ) ;
#1772 = CIRCLE ( 'NONE', #880, 0.001750000000000007626 ) ;
#1773 = EDGE_LOOP ( 'NONE', ( #596, #1694, #617, #21 ) ) ;
#1774 = ORIENTED_EDGE ( 'NONE', *, *, #1533, .F. ) ;
#1775 = CARTESIAN_POINT ( 'NONE',  ( -0.1338518132719840048, 0.2345602570805079834, 0.06263751043606209656 ) ) ;
#1776 = EDGE_CURVE ( 'NONE', #1456, #1341, #1350, .T. ) ;
#1777 = VECTOR ( 'NONE', #2007, 1.000000000000000222 ) ;
#1778 = DIRECTION ( 'NONE',  ( -0.3088699541259167236, -0.5009273982175392881, 0.8084992845718917964 ) ) ;
#1779 = DIRECTION ( 'NONE',  ( 0.8493881131629329451, -0.5277628146696660139, -0.002498933665447280236 ) ) ;
#1780 = VECTOR ( 'NONE', #1804, 1.000000000000000222 ) ;
#1781 = LINE ( 'NONE', #17, #1445 ) ;
#1782 = ORIENTED_EDGE ( 'NONE', *, *, #2059, .F. ) ;
#1783 = LINE ( 'NONE', #1008, #829 ) ;
#1784 = AXIS2_PLACEMENT_3D ( 'NONE', #560, #551, #1182 ) ;
#1785 = AXIS2_PLACEMENT_3D ( 'NONE', #276, #1551, #757 ) ;
#1786 = EDGE_LOOP ( 'NONE', ( #974, #800, #111, #1943, #127, #2030, #128, #444, #1215, #670, #2018, #1919, #1563, #1290, #1852, #308, #1770, #49, #528, #885, #559, #955, #1835, #934, #1957, #430, #191, #337, #1035, #995, #130, #493, #676, #1989, #241, #572, #413, #251, #1485, #1674, #1937, #1764, #1300, #1540, #1583, #782, #1074, #102, #1397, #1754, #1541, #1317 ) ) ;
#1787 = CARTESIAN_POINT ( 'NONE',  ( -0.1206924232674635999, 0.2556534605464099719, 0.08073363494533210283 ) ) ;
#1788 = AXIS2_PLACEMENT_3D ( 'NONE', #1696, #119, #926 ) ;
#1789 = DIRECTION ( 'NONE',  ( -0.8493881131629331671, 0.5277628146696661249, 0.002498933665447280669 ) ) ;
#1790 = CYLINDRICAL_SURFACE ( 'NONE', #489, 0.01462500000000001646 ) ;
#1791 = VECTOR ( 'NONE', #699, 1.000000000000000222 ) ;
#1792 = DIRECTION ( 'NONE',  ( -0.3088699541259167236, -0.5009273982175392881, 0.8084992845718917964 ) ) ;
#1793 = DIRECTION ( 'NONE',  ( 0.8493881131629329451, -0.5277628146696660139, -0.002498933665447280236 ) ) ;
#1794 = CIRCLE ( 'NONE', #1930, 0.005400000000000002021 ) ;
#1795 = FACE_OUTER_BOUND ( 'NONE', #1664, .T. ) ;
#1796 = ORIENTED_EDGE ( 'NONE', *, *, #1976, .F. ) ;
#1797 = EDGE_CURVE ( 'NONE', #400, #1084, #815, .T. ) ;
#1798 = ORIENTED_EDGE ( 'NONE', *, *, #2062, .T. ) ;
#1799 = ORIENTED_EDGE ( 'NONE', *, *, #679, .F. ) ;
#1800 = ORIENTED_EDGE ( 'NONE', *, *, #270, .F. ) ;
#1801 = CARTESIAN_POINT ( 'NONE',  ( -0.1315293988141855996, 0.2457732229113805122, 0.08458480233653969949 ) ) ;
#1802 = AXIS2_PLACEMENT_3D ( 'NONE', #2034, #2013, #1858 ) ;
#1803 = LINE ( 'NONE', #216, #1024 ) ;
#1804 = DIRECTION ( 'NONE',  ( 0.8493881131629329451, -0.5277628146696660139, -0.002498933665447280236 ) ) ;
#1805 = CALENDAR_DATE ( 2026, 6, 9 ) ;
#1806 = CYLINDRICAL_SURFACE ( 'NONE', #981, 0.01209275000000000107 ) ;
#1807 = CARTESIAN_POINT ( 'NONE',  ( -0.1257075477912080186, 0.2550935190845680101, 0.09503138359925120127 ) ) ;
#1808 = EDGE_CURVE ( 'NONE', #349, #626, #658, .T. ) ;
#1809 = EDGE_LOOP ( 'NONE', ( #284, #297, #916, #3 ) ) ;
#1810 = VERTEX_POINT ( 'NONE', #1312 ) ;
#1811 = EDGE_CURVE ( 'NONE', #264, #1282, #1276, .T. ) ;
#1812 = CIRCLE ( 'NONE', #1174, 0.01462500000000001646 ) ;
#1813 = DIRECTION ( 'NONE',  ( 0.8493881131629329451, -0.5277628146696660139, -0.002498933665447280236 ) ) ;
#1814 = DIRECTION ( 'NONE',  ( 0.3088699541259183889, 0.5009273982175422857, -0.8084992845718894650 ) ) ;
#1815 = FACE_OUTER_BOUND ( 'NONE', #288, .T. ) ;
#1816 = LINE ( 'NONE', #1367, #1780 ) ;
#1817 = AXIS2_PLACEMENT_3D ( 'NONE', #793, #1232, #929 ) ;
#1818 = VECTOR ( 'NONE', #664, 1.000000000000000222 ) ;
#1819 = FACE_OUTER_BOUND ( 'NONE', #1351, .T. ) ;
#1820 = EDGE_CURVE ( 'NONE', #2061, #1224, #915, .T. ) ;
#1821 = ORIENTED_EDGE ( 'NONE', *, *, #1542, .F. ) ;
#1822 = ORIENTED_EDGE ( 'NONE', *, *, #778, .F. ) ;
#1823 = CARTESIAN_POINT ( 'NONE',  ( -0.1206924232674635999, 0.2556534605464099719, 0.08073363494533210283 ) ) ;
#1824 = CARTESIAN_POINT ( 'NONE',  ( -0.1282396425970649956, 0.2435216552582885052, 0.07761123108900630507 ) ) ;
#1825 = AXIS2_PLACEMENT_3D ( 'NONE', #604, #2009, #583 ) ;
#1826 = DIRECTION ( 'NONE',  ( -0.8493881131629331671, 0.5277628146696661249, 0.002498933665447280669 ) ) ;
#1827 = CARTESIAN_POINT ( 'NONE',  ( -0.1200812670799482063, 0.2641679237776005107, 0.09093467430047171007 ) ) ;
#1828 = AXIS2_PLACEMENT_3D ( 'NONE', #811, #482, #492 ) ;
#1829 = LOCAL_TIME ( 12, 30, 21.00000000000000000, #1273 ) ;
#1830 = AXIS2_PLACEMENT_3D ( 'NONE', #1520, #622, #950 ) ;
#1831 = VERTEX_POINT ( 'NONE', #1014 ) ;
#1832 = DIRECTION ( 'NONE',  ( -0.8493881131629331671, 0.5277628146696661249, 0.002498933665447280669 ) ) ;
#1833 = VERTEX_POINT ( 'NONE', #378 ) ;
#1834 = DIRECTION ( 'NONE',  ( 0.8493881131629329451, -0.5277628146696660139, -0.002498933665447280236 ) ) ;
#1835 = ORIENTED_EDGE ( 'NONE', *, *, #819, .T. ) ;
#1836 = DIRECTION ( 'NONE',  ( 0.8493881131629329451, -0.5277628146696660139, -0.002498933665447280236 ) ) ;
#1837 = DIRECTION ( 'NONE',  ( -0.8493881131629331671, 0.5277628146696661249, 0.002498933665447280669 ) ) ;
#1838 = AXIS2_PLACEMENT_3D ( 'NONE', #843, #1253, #133 ) ;
#1839 = VERTEX_POINT ( 'NONE', #1050 ) ;
#1840 = EDGE_CURVE ( 'NONE', #1393, #391, #13, .T. ) ;
#1841 = PERSON_AND_ORGANIZATION_ROLE ( 'design_supplier' ) ;
#1842 = DIRECTION ( 'NONE',  ( 0.3088699541259160575, 0.5009273982175426188, -0.8084992845718901311 ) ) ;
#1843 = VERTEX_POINT ( 'NONE', #1165 ) ;
#1844 = ORIENTED_EDGE ( 'NONE', *, *, #693, .F. ) ;
#1845 = DIRECTION ( 'NONE',  ( 0.8493881131629329451, -0.5277628146696660139, -0.002498933665447280236 ) ) ;
#1846 = DIRECTION ( 'NONE',  ( -0.8493881131629331671, 0.5277628146696661249, 0.002498933665447280669 ) ) ;
#1847 = ADVANCED_FACE ( 'NONE', ( #701 ), #887, .T. ) ;
#1848 = VERTEX_POINT ( 'NONE', #1525 ) ;
#1849 = COORDINATED_UNIVERSAL_TIME_OFFSET ( 2, 0, .AHEAD. ) ;
#1850 = CARTESIAN_POINT ( 'NONE',  ( -0.1240899757201153891, 0.2577645118050884698, 0.08074363067999380805 ) ) ;
#1851 = VECTOR ( 'NONE', #451, 1.000000000000000222 ) ;
#1852 = ORIENTED_EDGE ( 'NONE', *, *, #1044, .T. ) ;
#1853 = VECTOR ( 'NONE', #77, 1.000000000000000222 ) ;
#1854 = AXIS2_PLACEMENT_3D ( 'NONE', #118, #1237, #1876 ) ;
#1855 = CARTESIAN_POINT ( 'NONE',  ( -0.1272513289476829845, 0.2450856539352979924, 0.08323023656234410095 ) ) ;
#1856 = DIRECTION ( 'NONE',  ( 0.3088699541259162240, 0.5009273982175377338, -0.8084992845718931287 ) ) ;
#1857 = ORIENTED_EDGE ( 'NONE', *, *, #647, .F. ) ;
#1858 = DIRECTION ( 'NONE',  ( -0.3088699541259162240, -0.5009273982175377338, 0.8084992845718931287 ) ) ;
#1859 = CARTESIAN_POINT ( 'NONE',  ( -0.1360138859081319873, 0.2386750179320569765, 0.05941350903243629994 ) ) ;
#1860 = AXIS2_PLACEMENT_3D ( 'NONE', #1078, #1089, #287 ) ;
#1861 = CIRCLE ( 'NONE', #1263, 0.01209275000000000627 ) ;
#1862 = ORIENTED_EDGE ( 'NONE', *, *, #1094, .F. ) ;
#1863 = ORIENTED_EDGE ( 'NONE', *, *, #1753, .T. ) ;
#1864 = EDGE_CURVE ( 'NONE', #1297, #31, #1034, .T. ) ;
#1865 = CYLINDRICAL_SURFACE ( 'NONE', #1825, 0.01209275000000002535 ) ;
#1866 = DIRECTION ( 'NONE',  ( 0.3088699541259168901, 0.5009273982175400652, -0.8084992845718912413 ) ) ;
#1867 = ORIENTED_EDGE ( 'NONE', *, *, #937, .T. ) ;
#1868 = CARTESIAN_POINT ( 'NONE',  ( -0.1297889965175109961, 0.2485668676699049895, 0.08614354798268269997 ) ) ;
#1869 = CARTESIAN_POINT ( 'NONE',  ( -0.1217397173840721880, 0.2614937281203904562, 0.09200435152681560314 ) ) ;
#1870 = AXIS2_PLACEMENT_3D ( 'NONE', #259, #1266, #751 ) ;
#1871 = DIRECTION ( 'NONE',  ( 0.3088699541259177228, 0.5009273982175390660, -0.8084992845718914634 ) ) ;
#1872 = ORIENTED_EDGE ( 'NONE', *, *, #775, .F. ) ;
#1873 = EDGE_CURVE ( 'NONE', #1314, #510, #350, .T. ) ;
#1874 = VERTEX_POINT ( 'NONE', #1649 ) ;
#1875 = VECTOR ( 'NONE', #8, 1.000000000000000222 ) ;
#1876 = DIRECTION ( 'NONE',  ( 0.3088699541259191661, 0.5009273982175383999, -0.8084992845718915744 ) ) ;
#1877 = CARTESIAN_POINT ( 'NONE',  ( -0.1168865010667261978, 0.2617326593043449723, 0.09046979955086080494 ) ) ;
#1878 = ORIENTED_EDGE ( 'NONE', *, *, #1952, .T. ) ;
#1879 = DIRECTION ( 'NONE',  ( -0.3088699541259168901, -0.5009273982175400652, 0.8084992845718912413 ) ) ;
#1880 = LINE ( 'NONE', #1859, #1413 ) ;
#1881 = DIRECTION ( 'NONE',  ( 0.8493881131629329451, -0.5277628146696660139, -0.002498933665447280236 ) ) ;
#1882 = CIRCLE ( 'NONE', #246, 0.01209275000000000627 ) ;
#1883 = CARTESIAN_POINT ( 'NONE',  ( -0.1277774555143660062, 0.2517798335572505319, 0.09130378782668419069 ) ) ;
#1884 = CARTESIAN_POINT ( 'NONE',  ( -0.1179371061194539883, 0.2676431136486485118, 0.08579201866227199880 ) ) ;
#1885 = CIRCLE ( 'NONE', #1254, 0.01209275000000000627 ) ;
#1886 = VERTEX_POINT ( 'NONE', #1975 ) ;
#1887 = EDGE_CURVE ( 'NONE', #1990, #1108, #877, .T. ) ;
#1888 = DIRECTION ( 'NONE',  ( -0.3088699541259168346, -0.5009273982175388440, 0.8084992845718922405 ) ) ;
#1889 = DIRECTION ( 'NONE',  ( -0.8493881131629331671, 0.5277628146696661249, 0.002498933665447280669 ) ) ;
#1890 = AXIS2_PLACEMENT_3D ( 'NONE', #1855, #1383, #2031 ) ;
#1891 = FACE_OUTER_BOUND ( 'NONE', #1386, .T. ) ;
#1892 = EDGE_CURVE ( 'NONE', #12, #787, #731, .T. ) ;
#1893 = AXIS2_PLACEMENT_3D ( 'NONE', #472, #351, #157 ) ;
#1894 = ORIENTED_EDGE ( 'NONE', *, *, #1036, .F. ) ;
#1895 = AXIS2_PLACEMENT_3D ( 'NONE', #1827, #1961, #1984 ) ;
#1896 = VECTOR ( 'NONE', #1012, 1.000000000000000222 ) ;
#1897 = DIRECTION ( 'NONE',  ( 0.8493881131629329451, -0.5277628146696660139, -0.002498933665447280236 ) ) ;
#1898 = DIRECTION ( 'NONE',  ( 0.8493881131629329451, -0.5277628146696660139, -0.002498933665447280236 ) ) ;
#1899 = EDGE_CURVE ( 'NONE', #510, #736, #416, .T. ) ;
#1900 = EDGE_LOOP ( 'NONE', ( #1782, #1867, #606, #603 ) ) ;
#1901 = CARTESIAN_POINT ( 'NONE',  ( -0.1367088433049152285, 0.2375479312860672154, 0.06123263242272308782 ) ) ;
#1902 = DIRECTION ( 'NONE',  ( 0.3088699541259177228, 0.5009273982175390660, -0.8084992845718914634 ) ) ;
#1903 = EDGE_CURVE ( 'NONE', #1697, #539, #1816, .T. ) ;
#1904 = CARTESIAN_POINT ( 'NONE',  ( -0.1240899757201153891, 0.2577645118050884698, 0.08074363067999380805 ) ) ;
#1905 = ORIENTED_EDGE ( 'NONE', *, *, #949, .F. ) ;
#1906 = ORIENTED_EDGE ( 'NONE', *, *, #1753, .F. ) ;
#1907 = CARTESIAN_POINT ( 'NONE',  ( -0.1216057652629557867, 0.2617067632698805157, 0.09254270486904900284 ) ) ;
#1908 = CALENDAR_DATE ( 2026, 6, 9 ) ;
#1909 = ADVANCED_FACE ( 'NONE', ( #1994 ), #227, .F. ) ;
#1910 = ORIENTED_EDGE ( 'NONE', *, *, #1967, .F. ) ;
#1911 = DESIGN_CONTEXT ( 'detailed design', #343, 'design' ) ;
#1912 = CYLINDRICAL_SURFACE ( 'NONE', #598, 0.01209275000000000107 ) ;
#1913 = EDGE_CURVE ( 'NONE', #666, #1329, #1713, .T. ) ;
#1914 = CARTESIAN_POINT ( 'NONE',  ( -0.1206924232674635999, 0.2556534605464099719, 0.08073363494533210283 ) ) ;
#1915 = CARTESIAN_POINT ( 'NONE',  ( -0.1185886827740759986, 0.2665695902246855153, 0.09104397023491180019 ) ) ;
#1916 = EDGE_LOOP ( 'NONE', ( #983, #392, #461, #945 ) ) ;
#1917 = AXIS2_PLACEMENT_3D ( 'NONE', #323, #1613, #37 ) ;
#1918 = CYLINDRICAL_SURFACE ( 'NONE', #363, 0.01462500000000001646 ) ;
#1919 = ORIENTED_EDGE ( 'NONE', *, *, #2001, .T. ) ;
#1920 = CYLINDRICAL_SURFACE ( 'NONE', #962, 0.004000000000000004420 ) ;
#1921 = DIRECTION ( 'NONE',  ( 0.3088699541259168901, 0.5009273982175400652, -0.8084992845718912413 ) ) ;
#1922 = LINE ( 'NONE', #1143, #1410 ) ;
#1923 = CARTESIAN_POINT ( 'NONE',  ( -0.1275890425787443994, 0.2520853103760685165, 0.09083014666966848782 ) ) ;
#1924 = CC_DESIGN_PERSON_AND_ORGANIZATION_ASSIGNMENT ( #1025, #1841, ( #1324 ) ) ;
#1925 = AXIS2_PLACEMENT_3D ( 'NONE', #1121, #1414, #1581 ) ;
#1926 = VERTEX_POINT ( 'NONE', #1176 ) ;
#1927 = ORIENTED_EDGE ( 'NONE', *, *, #1873, .F. ) ;
#1928 = EDGE_CURVE ( 'NONE', #1464, #165, #1693, .T. ) ;
#1929 = FACE_OUTER_BOUND ( 'NONE', #1773, .T. ) ;
#1930 = AXIS2_PLACEMENT_3D ( 'NONE', #333, #1157, #1762 ) ;
#1931 = DIRECTION ( 'NONE',  ( 0.3088699541259168901, 0.5009273982175400652, -0.8084992845718912413 ) ) ;
#1932 = DIRECTION ( 'NONE',  ( -0.8493881131629331671, 0.5277628146696661249, 0.002498933665447280669 ) ) ;
#1933 = CARTESIAN_POINT ( 'NONE',  ( -0.1193484015232500056, 0.2577576540129905003, 0.09317135078596069930 ) ) ;
#1934 = ORIENTED_EDGE ( 'NONE', *, *, #753, .T. ) ;
#1935 = DIRECTION ( 'NONE',  ( 0.3088699541259168901, 0.5009273982175400652, -0.8084992845718912413 ) ) ;
#1936 = EDGE_CURVE ( 'NONE', #1416, #373, #48, .T. ) ;
#1937 = ORIENTED_EDGE ( 'NONE', *, *, #447, .T. ) ;
#1938 = ORIENTED_EDGE ( 'NONE', *, *, #642, .T. ) ;
#1939 = FACE_OUTER_BOUND ( 'NONE', #1673, .T. ) ;
#1940 = CYLINDRICAL_SURFACE ( 'NONE', #1429, 0.01209275000000000107 ) ;
#1941 = FACE_OUTER_BOUND ( 'NONE', #759, .T. ) ;
#1942 = DIRECTION ( 'NONE',  ( 0.3088699541259168901, 0.5009273982175400652, -0.8084992845718912413 ) ) ;
#1943 = ORIENTED_EDGE ( 'NONE', *, *, #1016, .T. ) ;
#1944 = DIRECTION ( 'NONE',  ( -0.8493881131629331671, 0.5277628146696661249, 0.002498933665447280669 ) ) ;
#1945 = ORIENTED_EDGE ( 'NONE', *, *, #1808, .F. ) ;
#1946 = LINE ( 'NONE', #383, #1896 ) ;
#1947 = CIRCLE ( 'NONE', #586, 0.005400000000000006357 ) ;
#1948 = APPROVAL ( #790, 'UNSPECIFIED' ) ;
#1949 = DIRECTION ( 'NONE',  ( 0.3088699541259168901, 0.5009273982175400652, -0.8084992845718912413 ) ) ;
#1950 = DIRECTION ( 'NONE',  ( -0.8493881131629331671, 0.5277628146696661249, 0.002498933665447280669 ) ) ;
#1951 = ORIENTED_EDGE ( 'NONE', *, *, #1493, .F. ) ;
#1952 = EDGE_CURVE ( 'NONE', #1341, #1393, #691, .T. ) ;
#1953 = DIRECTION ( 'NONE',  ( 0.8493881131629329451, -0.5277628146696660139, -0.002498933665447280236 ) ) ;
#1954 = CIRCLE ( 'NONE', #421, 0.005400000000000008959 ) ;
#1955 = ADVANCED_FACE ( 'NONE', ( #79 ), #710, .T. ) ;
#1956 = ORIENTED_EDGE ( 'NONE', *, *, #1102, .T. ) ;
#1957 = ORIENTED_EDGE ( 'NONE', *, *, #135, .T. ) ;
#1958 = CARTESIAN_POINT ( 'NONE',  ( -0.1235494533003950318, 0.2586411347519691484, 0.07932875693199299694 ) ) ;
#1959 = CIRCLE ( 'NONE', #429, 0.005400000000000002021 ) ;
#1960 = LINE ( 'NONE', #235, #54 ) ;
#1961 = DIRECTION ( 'NONE',  ( 0.8493881131629329451, -0.5277628146696660139, -0.002498933665447280236 ) ) ;
#1962 = CIRCLE ( 'NONE', #1428, 0.01209275000000000627 ) ;
#1963 = EDGE_CURVE ( 'NONE', #1112, #1446, #727, .T. ) ;
#1964 = DIRECTION ( 'NONE',  ( -0.8493881131629331671, 0.5277628146696661249, 0.002498933665447280669 ) ) ;
#1965 = COORDINATED_UNIVERSAL_TIME_OFFSET ( 2, 0, .AHEAD. ) ;
#1966 = CARTESIAN_POINT ( 'NONE',  ( -0.1204978535183435506, 0.2634876943911573233, 0.09299803708734302732 ) ) ;
#1967 = EDGE_CURVE ( 'NONE', #271, #1486, #245, .T. ) ;
#1968 = EDGE_LOOP ( 'NONE', ( #1798, #1601, #1117, #1863 ) ) ;
#1969 = ORIENTED_EDGE ( 'NONE', *, *, #384, .F. ) ;
#1970 = CARTESIAN_POINT ( 'NONE',  ( -0.1240899757201153891, 0.2577645118050884698, 0.08074363067999380805 ) ) ;
#1971 = DIRECTION ( 'NONE',  ( 0.3088699541259196102, 0.5009273982175391771, -0.8084992845718906862 ) ) ;
#1972 = AXIS2_PLACEMENT_3D ( 'NONE', #183, #656, #497 ) ;
#1973 = DIRECTION ( 'NONE',  ( 0.8493881131629329451, -0.5277628146696660139, -0.002498933665447280236 ) ) ;
#1974 = EDGE_CURVE ( 'NONE', #1886, #2061, #533, .T. ) ;
#1975 = CARTESIAN_POINT ( 'NONE',  ( -0.1202840535193780008, 0.2638437105630235258, 0.09047979528552260731 ) ) ;
#1976 = EDGE_CURVE ( 'NONE', #623, #901, #1959, .T. ) ;
#1977 = APPROVAL_ROLE ( '' ) ;
#1978 = CARTESIAN_POINT ( 'NONE',  ( -0.1250472169456726124, 0.2561645011018774953, 0.09329171638705088809 ) ) ;
#1979 = CC_DESIGN_PERSON_AND_ORGANIZATION_ASSIGNMENT ( #310, #641, ( #797 ) ) ;
#1980 = ORIENTED_EDGE ( 'NONE', *, *, #1952, .F. ) ;
#1981 = DIRECTION ( 'NONE',  ( -0.3088699541259167236, -0.5009273982175392881, 0.8084992845718917964 ) ) ;
#1982 = DIRECTION ( 'NONE',  ( -0.3088699541259162240, -0.5009273982175377338, 0.8084992845718931287 ) ) ;
#1983 = CARTESIAN_POINT ( 'NONE',  ( -0.1206924232674635999, 0.2556534605464099719, 0.08073363494533210283 ) ) ;
#1984 = DIRECTION ( 'NONE',  ( -0.3088699541259168346, -0.5009273982175388440, 0.8084992845718922405 ) ) ;
#1985 = AXIS2_PLACEMENT_3D ( 'NONE', #476, #1586, #1433 ) ;
#1986 = AXIS2_PLACEMENT_3D ( 'NONE', #1295, #506, #1502 ) ;
#1987 = CARTESIAN_POINT ( 'NONE',  ( -0.1276057944595345994, 0.2520445886944664982, 0.09373640263982289944 ) ) ;
#1988 = VECTOR ( 'NONE', #1709, 1.000000000000000222 ) ;
#1989 = ORIENTED_EDGE ( 'NONE', *, *, #200, .T. ) ;
#1990 = VERTEX_POINT ( 'NONE', #1552 ) ;
#1991 = DIRECTION ( 'NONE',  ( -0.8493881131629331671, 0.5277628146696661249, 0.002498933665447280669 ) ) ;
#1992 = EDGE_CURVE ( 'NONE', #1329, #840, #1260, .T. ) ;
#1993 = DIRECTION ( 'NONE',  ( -0.8493881131629331671, 0.5277628146696661249, 0.002498933665447280669 ) ) ;
#1994 = FACE_OUTER_BOUND ( 'NONE', #1212, .T. ) ;
#1995 =( GEOMETRIC_REPRESENTATION_CONTEXT ( 3 ) GLOBAL_UNCERTAINTY_ASSIGNED_CONTEXT ( ( #1265 ) ) GLOBAL_UNIT_ASSIGNED_CONTEXT ( ( #1544, #110, #766 ) ) REPRESENTATION_CONTEXT ( 'NONE', 'WORKASPACE' ) );
#1996 = ORIENTED_EDGE ( 'NONE', *, *, #1892, .F. ) ;
#1997 = APPROVAL_DATE_TIME ( #1168, #275 ) ;
#1998 = AXIS2_PLACEMENT_3D ( 'NONE', #989, #485, #644 ) ;
#1999 = DIRECTION ( 'NONE',  ( -0.3088699541259168346, -0.5009273982175388440, 0.8084992845718922405 ) ) ;
#2000 = VERTEX_POINT ( 'NONE', #595 ) ;
#2001 = EDGE_CURVE ( 'NONE', #1874, #821, #2058, .T. ) ;
#2002 = CARTESIAN_POINT ( 'NONE',  ( -0.1232995582832670106, 0.2589769448397140073, 0.09334664803053410731 ) ) ;
#2003 = ORIENTED_EDGE ( 'NONE', *, *, #237, .T. ) ;
#2004 = LINE ( 'NONE', #574, #1723 ) ;
#2005 = DIRECTION ( 'NONE',  ( 0.8493881131629329451, -0.5277628146696660139, -0.002498933665447280236 ) ) ;
#2006 = ORIENTED_EDGE ( 'NONE', *, *, #394, .F. ) ;
#2007 = DIRECTION ( 'NONE',  ( 0.8493881131629329451, -0.5277628146696660139, -0.002498933665447280236 ) ) ;
#2008 = EDGE_LOOP ( 'NONE', ( #491, #1572, #1799, #1956 ) ) ;
#2009 = DIRECTION ( 'NONE',  ( 0.8493881131629329451, -0.5277628146696660139, -0.002498933665447280236 ) ) ;
#2010 = DIRECTION ( 'NONE',  ( 0.8493881131629329451, -0.5277628146696660139, -0.002498933665447280236 ) ) ;
#2011 = CC_DESIGN_PERSON_AND_ORGANIZATION_ASSIGNMENT ( #1651, #208, ( #1324 ) ) ;
#2012 = ORIENTED_EDGE ( 'NONE', *, *, #728, .T. ) ;
#2013 = DIRECTION ( 'NONE',  ( 0.8493881131629329451, -0.5277628146696660139, -0.002498933665447280236 ) ) ;
#2014 = FACE_OUTER_BOUND ( 'NONE', #1916, .T. ) ;
#2015 = EDGE_CURVE ( 'NONE', #169, #587, #605, .T. ) ;
#2016 = AXIS2_PLACEMENT_3D ( 'NONE', #1015, #1037, #1842 ) ;
#2017 = ORIENTED_EDGE ( 'NONE', *, *, #1056, .F. ) ;
#2018 = ORIENTED_EDGE ( 'NONE', *, *, #1321, .T. ) ;
#2019 = AXIS2_PLACEMENT_3D ( 'NONE', #1883, #427, #254 ) ;
#2020 = CARTESIAN_POINT ( 'NONE',  ( -0.1185886827740759986, 0.2665695902246855153, 0.09104397023491180019 ) ) ;
#2021 = CARTESIAN_POINT ( 'NONE',  ( -0.1206924232674635999, 0.2556534605464099719, 0.08073363494533210283 ) ) ;
#2022 = ORIENTED_EDGE ( 'NONE', *, *, #1064, .T. ) ;
#2023 = FACE_OUTER_BOUND ( 'NONE', #503, .T. ) ;
#2024 = EDGE_CURVE ( 'NONE', #2056, #1112, #527, .T. ) ;
#2025 = DIRECTION ( 'NONE',  ( -0.3088699541259191661, -0.5009273982175383999, 0.8084992845718915744 ) ) ;
#2026 = SECURITY_CLASSIFICATION ( '', '', #890 ) ;
#2027 = CIRCLE ( 'NONE', #240, 0.005400000000000002021 ) ;
#2028 = ORIENTED_EDGE ( 'NONE', *, *, #371, .T. ) ;
#2029 = VECTOR ( 'NONE', #1973, 1.000000000000000222 ) ;
#2030 = ORIENTED_EDGE ( 'NONE', *, *, #1672, .T. ) ;
#2031 = DIRECTION ( 'NONE',  ( 0.3088699541259185555, 0.5009273982175374007, -0.8084992845718924626 ) ) ;
#2032 = CARTESIAN_POINT ( 'NONE',  ( -0.1240899757201153891, 0.2577645118050884698, 0.08074363067999380805 ) ) ;
#2033 = ORIENTED_EDGE ( 'NONE', *, *, #1539, .T. ) ;
#2034 = CARTESIAN_POINT ( 'NONE',  ( -0.1232995582832670106, 0.2589769448397140073, 0.09334664803053410731 ) ) ;
#2035 = CARTESIAN_POINT ( 'NONE',  ( -0.1306488814003347876, 0.2471967051939764903, 0.08324023229700590332 ) ) ;
#2036 = CYLINDRICAL_SURFACE ( 'NONE', #756, 0.01209275000000000107 ) ;
#2037 = ORIENTED_EDGE ( 'NONE', *, *, #237, .F. ) ;
#2038 = ADVANCED_FACE ( 'NONE', ( #448 ), #277, .T. ) ;
#2039 = CIRCLE ( 'NONE', #1137, 0.005400000000000002021 ) ;
#2040 = DIRECTION ( 'NONE',  ( 0.8493881131629330561, -0.5277628146696661249, -0.002498933665447280669 ) ) ;
#2041 = MECHANICAL_CONTEXT ( 'NONE', #1226, 'mechanical' ) ;
#2042 = ORIENTED_EDGE ( 'NONE', *, *, #573, .F. ) ;
#2043 = EDGE_CURVE ( 'NONE', #1297, #1435, #561, .T. ) ;
#2044 = LINE ( 'NONE', #588, #677 ) ;
#2045 = DIRECTION ( 'NONE',  ( 0.8493881131629329451, -0.5277628146696660139, -0.002498933665447280236 ) ) ;
#2046 = DIRECTION ( 'NONE',  ( 0.8493881131629329451, -0.5277628146696660139, -0.002498933665447280236 ) ) ;
#2047 = AXIS2_PLACEMENT_3D ( 'NONE', #1555, #124, #1082 ) ;
#2048 = VERTEX_POINT ( 'NONE', #1238 ) ;
#2049 = CYLINDRICAL_SURFACE ( 'NONE', #833, 0.005399999999999995082 ) ;
#2050 = AXIS2_PLACEMENT_3D ( 'NONE', #34, #681, #1309 ) ;
#2051 = ADVANCED_FACE ( 'NONE', ( #1571 ), #438, .F. ) ;
#2052 = ORIENTED_EDGE ( 'NONE', *, *, #1075, .F. ) ;
#2053 = CARTESIAN_POINT ( 'NONE',  ( -0.1240899757201153891, 0.2577645118050884698, 0.08074363067999380805 ) ) ;
#2054 = DIRECTION ( 'NONE',  ( 0.8493881131629329451, -0.5277628146696660139, -0.002498933665447280236 ) ) ;
#2055 = CYLINDRICAL_SURFACE ( 'NONE', #593, 0.01462500000000001646 ) ;
#2056 = VERTEX_POINT ( 'NONE', #616 ) ;
#2057 = ORIENTED_EDGE ( 'NONE', *, *, #1903, .F. ) ;
#2058 = CIRCLE ( 'NONE', #1591, 0.01462500000000001646 ) ;
#2059 = EDGE_CURVE ( 'NONE', #1379, #639, #695, .T. ) ;
#2060 = CIRCLE ( 'NONE', #326, 0.01462500000000001646 ) ;
#2061 = VERTEX_POINT ( 'NONE', #1877 ) ;
#2062 = EDGE_CURVE ( 'NONE', #2048, #2056, #154, .T. ) ;
#2063 = CARTESIAN_POINT ( 'NONE',  ( -0.1183421649314203988, 0.2593826768617114586, 0.09199435579215380077 ) ) ;
#2064 = ORIENTED_EDGE ( 'NONE', *, *, #419, .F. ) ;
#2065 = DIRECTION ( 'NONE',  ( -0.8493881131629331671, 0.5277628146696661249, 0.002498933665447280669 ) ) ;
#2066 = CARTESIAN_POINT ( 'NONE',  ( -0.1278250628578715686, 0.2517069220102933214, 0.09052061040350055376 ) ) ;
#2067 = FACE_OUTER_BOUND ( 'NONE', #1809, .T. ) ;
#2068 = VERTEX_POINT ( 'NONE', #266 ) ;
#2069 = VECTOR ( 'NONE', #279, 1.000000000000000222 ) ;
ENDSEC;
END-ISO-10303-21;
