ISO-10303-21;
HEADER;
FILE_DESCRIPTION (( 'STEP AP203' ),
    '1' );
FILE_NAME ('Rod 0.STEP',
    '2026-09-06T09:22:21',
    ( '' ),
    ( '' ),
    'SwSTEP 2.0',
    'SolidWorks 2025',
    '' );
FILE_SCHEMA (( 'CONFIG_CONTROL_DESIGN' ));
ENDSEC;

DATA;
#1 = CARTESIAN_POINT ( 'NONE',  ( 0.6102156476011380004, 1.016347149243110870, 1.425514432050468239 ) ) ;
#2 = CARTESIAN_POINT ( 'NONE',  ( 0.6060212055371544393, 0.9937834606955342487, 1.408291338015170924 ) ) ;
#3 = VERTEX_POINT ( 'NONE', #5767 ) ;
#4 = CARTESIAN_POINT ( 'NONE',  ( 0.5913318948907766437, 1.034649688901705611, 1.404211167395806648 ) ) ;
#5 = VECTOR ( 'NONE', #916, 1.000000000000000000 ) ;
#6 = EDGE_LOOP ( 'NONE', ( #363, #2345, #4423, #478 ) ) ;
#7 = FACE_OUTER_BOUND ( 'NONE', #867, .T. ) ;
#8 = CARTESIAN_POINT ( 'NONE',  ( 0.5906337661397398353, 1.038146102197360365, 1.406514194191713862 ) ) ;
#9 = CARTESIAN_POINT ( 'NONE',  ( 0.5613411204504161756, 1.023080382266452926, 1.455731607129640004 ) ) ;
#10 = AXIS2_PLACEMENT_3D ( 'NONE', #663, #5800, #4400 ) ;
#11 = CARTESIAN_POINT ( 'NONE',  ( 0.6347283584200644757, 0.9674632516270678106, 1.418796898982093158 ) ) ;
#12 = CARTESIAN_POINT ( 'NONE',  ( 0.5889786199260637067, 1.047237815041481834, 1.410845939789578285 ) ) ;
#13 = ADVANCED_FACE ( 'NONE', ( #4364 ), #1655, .T. ) ;
#14 = VERTEX_POINT ( 'NONE', #4335 ) ;
#15 = VERTEX_POINT ( 'NONE', #178 ) ;
#16 = CARTESIAN_POINT ( 'NONE',  ( 0.5981302212320402933, 1.053727777582534664, 1.409532510534460714 ) ) ;
#17 = EDGE_CURVE ( 'NONE', #2780, #3005, #1640, .T. ) ;
#18 = CARTESIAN_POINT ( 'NONE',  ( 0.6224584178637996290, 1.016512914150347946, 1.423726322118945120 ) ) ;
#20 = CARTESIAN_POINT ( 'NONE',  ( 0.6006117493442364452, 1.014687781076477391, 1.416410092196793258 ) ) ;
#19 = CARTESIAN_POINT ( 'NONE',  ( 0.5875578385320636698, 1.046129385544763979, 1.404291865737218981 ) ) ;
#21 = DIRECTION ( 'NONE',  ( -0.5495945148342156195, 0.01876539135242228512, 0.8352207668344542313 ) ) ;
#22 = CARTESIAN_POINT ( 'NONE',  ( 0.5843293760544577831, 1.096997760206227746, 1.407865932738164627 ) ) ;
#23 = DIRECTION ( 'NONE',  ( -0.7512883676660886412, 0.4257273140144409163, -0.5043035224065696154 ) ) ;
#24 = VECTOR ( 'NONE', #3314, 1.000000000000000000 ) ;
#25 = VERTEX_POINT ( 'NONE', #5827 ) ;
#26 = ADVANCED_FACE ( 'NONE', ( #5274 ), #2380, .F. ) ;
#27 = CARTESIAN_POINT ( 'NONE',  ( 0.6048768177293961656, 1.050934144642402757, 1.404464301309420682 ) ) ;
#28 = CARTESIAN_POINT ( 'NONE',  ( 0.6037124011394523482, 1.000546066730060968, 1.413124051793954061 ) ) ;
#29 = CARTESIAN_POINT ( 'NONE',  ( 0.5865870595624467221, 1.043393926163591612, 1.401740434761203469 ) ) ;
#30 = TOROIDAL_SURFACE ( 'NONE', #2552, 0.4074141769983863348, 0.001000000000000000021 ) ;
#31 = CARTESIAN_POINT ( 'NONE',  ( 0.6101088419898069715, 0.9688577271293241644, 1.413922086490859709 ) ) ;
#32 = LINE ( 'NONE', #483, #800 ) ;
#33 = FACE_OUTER_BOUND ( 'NONE', #5327, .T. ) ;
#34 = CIRCLE ( 'NONE', #607, 0.002999999999999976210 ) ;
#35 = CARTESIAN_POINT ( 'NONE',  ( 0.5866173682916329124, 1.046096373677284141, 1.400851720899921604 ) ) ;
#36 = ORIENTED_EDGE ( 'NONE', *, *, #3383, .F. ) ;
#37 = CARTESIAN_POINT ( 'NONE',  ( 0.5662672389865044398, 1.085273886686686673, 1.371100984351702134 ) ) ;
#38 = CARTESIAN_POINT ( 'NONE',  ( 0.9155693288422472875, 1.200063933872102417, 1.621119231907365066 ) ) ;
#39 = VECTOR ( 'NONE', #3309, 1.000000000000000000 ) ;
#40 = CARTESIAN_POINT ( 'NONE',  ( 0.5935462248642381367, 1.028724065192692105, 1.405803152489080166 ) ) ;
#41 = CARTESIAN_POINT ( 'NONE',  ( 0.5908107081401421379, 1.038374278368204395, 1.395315622683615198 ) ) ;
#42 = DIRECTION ( 'NONE',  ( 0.5495945148342158415, -0.01876539135242311085, -0.8352207668344541203 ) ) ;
#43 = CARTESIAN_POINT ( 'NONE',  ( 0.5931435633579122957, 1.036966699513130141, 1.413817335695671362 ) ) ;
#44 = ORIENTED_EDGE ( 'NONE', *, *, #1020, .T. ) ;
#45 = VERTEX_POINT ( 'NONE', #3033 ) ;
#46 = DIRECTION ( 'NONE',  ( 0.7512883680055334468, -0.4257273140261264022, 0.5043035218910154605 ) ) ;
#47 = CARTESIAN_POINT ( 'NONE',  ( 0.6149167018588543865, 1.022206831738869948, 1.422832110323645871 ) ) ;
#49 = CARTESIAN_POINT ( 'NONE',  ( 0.6049671070499736958, 1.004469413787557608, 1.422327635398262791 ) ) ;
#48 = CARTESIAN_POINT ( 'NONE',  ( 0.5891929584175519263, 1.042264135487431131, 1.405454655132224007 ) ) ;
#50 = CARTESIAN_POINT ( 'NONE',  ( 0.6072670086471484430, 1.054570903211919708, 1.414730824616774019 ) ) ;
#51 = DIRECTION ( 'NONE',  ( -0.5495945148342156195, 0.01876539135242259390, 0.8352207668344541203 ) ) ;
#52 = ADVANCED_FACE ( 'NONE', ( #727 ), #2580, .T. ) ;
#53 = PLANE ( 'NONE',  #4295 ) ;
#54 = VERTEX_POINT ( 'NONE', #358 ) ;
#55 = EDGE_CURVE ( 'NONE', #3586, #5853, #4481, .T. ) ;
#56 = CARTESIAN_POINT ( 'NONE',  ( 0.6284378591356083454, 0.9956698954940129687, 1.420555018055677854 ) ) ;
#57 = CARTESIAN_POINT ( 'NONE',  ( 0.6038659348957415851, 1.000057666209362761, 1.413236053723169405 ) ) ;
#58 = CARTESIAN_POINT ( 'NONE',  ( 0.6297401135253724025, 0.9902769523221757186, 1.436220250671207399 ) ) ;
#59 = CARTESIAN_POINT ( 'NONE',  ( 0.5863805616192858672, 1.044504135425766034, 1.397983049603774175 ) ) ;
#60 = DIRECTION ( 'NONE',  ( 0.3147729127535225380, -0.9214228405960748214, 0.2278112425332070312 ) ) ;
#61 = LINE ( 'NONE', #3305, #4583 ) ;
#62 = CARTESIAN_POINT ( 'NONE',  ( 0.5865590325353382539, 1.046229522361230790, 1.400810343098730648 ) ) ;
#63 = ORIENTED_EDGE ( 'NONE', *, *, #5433, .T. ) ;
#64 = EDGE_CURVE ( 'NONE', #1315, #5003, #329, .T. ) ;
#65 = FACE_OUTER_BOUND ( 'NONE', #987, .T. ) ;
#66 = CARTESIAN_POINT ( 'NONE',  ( 0.6301389218911046530, 1.007297234580521783, 1.424800489150383598 ) ) ;
#67 = CARTESIAN_POINT ( 'NONE',  ( 0.5885062698327153674, 1.041309106325841505, 1.402203553804760361 ) ) ;
#68 = CARTESIAN_POINT ( 'NONE',  ( 0.6081143584280277459, 0.9930621703676680845, 1.424492899078558139 ) ) ;
#69 = CARTESIAN_POINT ( 'NONE',  ( 0.6388296849416774670, 0.9904019294271320106, 1.432337035321025853 ) ) ;
#70 = CARTESIAN_POINT ( 'NONE',  ( 0.5953644370875472713, 1.031147629739468163, 1.415409462225996728 ) ) ;
#71 = B_SPLINE_CURVE_WITH_KNOTS ( 'NONE', 3,
 ( #4315, #1985, #5807, #1133 ),
 .UNSPECIFIED., .F., .F.,
 ( 4, 4 ),
 ( 0.000000000000000000, 1.000000000000000000 ),
 .UNSPECIFIED. ) ;
#72 = CARTESIAN_POINT ( 'NONE',  ( 0.6087431187995611115, 0.9808019484445953395, 1.416878291191074002 ) ) ;
#73 = ORIENTED_EDGE ( 'NONE', *, *, #4116, .T. ) ;
#74 = ORIENTED_EDGE ( 'NONE', *, *, #5611, .T. ) ;
#75 = LINE ( 'NONE', #5328, #3796 ) ;
#76 = CARTESIAN_POINT ( 'NONE',  ( 0.6245413520669162999, 0.9871287292621913068, 1.435597543026129852 ) ) ;
#78 = CARTESIAN_POINT ( 'NONE',  ( 0.6052068284569025458, 1.003718546929232014, 1.422502247772113426 ) ) ;
#77 = CARTESIAN_POINT ( 'NONE',  ( 0.5903660089403905964, 1.039385522821765884, 1.406291224879941737 ) ) ;
#79 = CARTESIAN_POINT ( 'NONE',  ( 0.6094995593062750849, 0.9715157750381229196, 1.413716885071856444 ) ) ;
#80 = CARTESIAN_POINT ( 'NONE',  ( 0.9155693288422472875, 1.200063933872102417, 1.621119231907365066 ) ) ;
#81 = ORIENTED_EDGE ( 'NONE', *, *, #5506, .F. ) ;
#82 = CARTESIAN_POINT ( 'NONE',  ( 0.5851729157813186921, 1.047799291332417670, 1.399235441256956758 ) ) ;
#83 = CARTESIAN_POINT ( 'NONE',  ( 0.5777942768158957909, 1.063450115219503944, 1.394656026736297072 ) ) ;
#84 = CARTESIAN_POINT ( 'NONE',  ( 0.6351184930425884945, 0.9858437386652572076, 1.437868092582692991 ) ) ;
#85 = CARTESIAN_POINT ( 'NONE',  ( 0.5859500108998223489, 1.046548210818419200, 1.399028122270701724 ) ) ;
#86 = CARTESIAN_POINT ( 'NONE',  ( 0.6076000186377328305, 0.9980226726470591281, 1.421810418118677255 ) ) ;
#87 = EDGE_CURVE ( 'NONE', #45, #4816, #3028, .T. ) ;
#88 = CARTESIAN_POINT ( 'NONE',  ( 0.6003418923106833560, 1.019891219797720794, 1.417740358563291503 ) ) ;
#89 = EDGE_CURVE ( 'NONE', #2104, #2444, #3149, .T. ) ;
#90 = CARTESIAN_POINT ( 'NONE',  ( 0.6004292704047347051, 1.007921095781639131, 1.408049356236254823 ) ) ;
#91 = ORIENTED_EDGE ( 'NONE', *, *, #2152, .T. ) ;
#92 = CARTESIAN_POINT ( 'NONE',  ( 0.5877801093034701330, 1.042026826406005524, 1.398891444389412708 ) ) ;
#93 = PLANE ( 'NONE',  #3137 ) ;
#94 = CARTESIAN_POINT ( 'NONE',  ( 0.5907027119137171489, 1.038183540365249513, 1.406558775656826965 ) ) ;
#95 = DIRECTION ( 'NONE',  ( -0.5495945148342156195, 0.01876539135242259390, 0.8352207668344541203 ) ) ;
#96 = VECTOR ( 'NONE', #393, 1.000000000000000000 ) ;
#97 = CARTESIAN_POINT ( 'NONE',  ( 0.6183151236996191624, 1.030918732486288736, 1.419301970873584340 ) ) ;
#98 = CARTESIAN_POINT ( 'NONE',  ( 0.5860969170210552637, 1.043237651547235689, 1.401839548600176011 ) ) ;
#99 = AXIS2_PLACEMENT_3D ( 'NONE', #3298, #2876, #2998 ) ;
#100 = CARTESIAN_POINT ( 'NONE',  ( 0.6086110058837647108, 0.9814458500714653422, 1.416778445455619595 ) ) ;
#101 = ORIENTED_EDGE ( 'NONE', *, *, #5535, .T. ) ;
#102 = ORIENTED_EDGE ( 'NONE', *, *, #162, .F. ) ;
#103 = CARTESIAN_POINT ( 'NONE',  ( 0.6352504611031511983, 0.9956043155239876485, 1.430481052969544198 ) ) ;
#104 = CARTESIAN_POINT ( 'NONE',  ( 0.5974100866768429219, 1.075689171843766001, 1.410110735159413986 ) ) ;
#106 = CARTESIAN_POINT ( 'NONE',  ( 0.5860968679130487136, 1.043237857735943575, 1.401839450302058143 ) ) ;
#105 = CARTESIAN_POINT ( 'NONE',  ( 0.5835235602409905020, 1.054974376391950353, 1.401438492079045472 ) ) ;
#107 = LINE ( 'NONE', #3721, #109 ) ;
#108 = CARTESIAN_POINT ( 'NONE',  ( 0.5967353839524676129, 1.028785084950002204, 1.415167369291779442 ) ) ;
#109 = VECTOR ( 'NONE', #3236, 1.000000000000000000 ) ;
#110 = ORIENTED_EDGE ( 'NONE', *, *, #1811, .F. ) ;
#111 = CARTESIAN_POINT ( 'NONE',  ( 0.6198943850184321924, 0.9959616044375900756, 1.433538566491801891 ) ) ;
#112 = CARTESIAN_POINT ( 'NONE',  ( 0.6008812655897263211, 1.009035277347446025, 1.411070367311360485 ) ) ;
#113 = CARTESIAN_POINT ( 'NONE',  ( 0.6190861631665186549, 0.9921697254630291729, 1.431583256289307160 ) ) ;
#114 = CARTESIAN_POINT ( 'NONE',  ( 0.6074455401929704790, 0.9835691175141225706, 1.413213353545555107 ) ) ;
#115 = LINE ( 'NONE', #2401, #3312 ) ;
#116 = VECTOR ( 'NONE', #3372, 1.000000000000000000 ) ;
#117 = DIRECTION ( 'NONE',  ( 0.7637702840998416010, 0.4163964417921013350, 0.4932230290537178430 ) ) ;
#118 = ORIENTED_EDGE ( 'NONE', *, *, #836, .T. ) ;
#119 =( BOUNDED_CURVE ( )  B_SPLINE_CURVE ( 3, ( #16, #3717, #5108, #1355 ),
 .UNSPECIFIED., .F., .F. ) 
 B_SPLINE_CURVE_WITH_KNOTS ( ( 4, 4 ),
 ( 3.110686481573448958, 6.252279135163057333 ),
 .UNSPECIFIED. ) 
 CURVE ( )  GEOMETRIC_REPRESENTATION_ITEM ( )  RATIONAL_B_SPLINE_CURVE ( ( 1.000000000000000000, 0.3333333333333949877, 0.3333333333333949877, 1.000000000000000000 ) ) 
 REPRESENTATION_ITEM ( '' )  );
#120 = APPLICATION_CONTEXT ( 'configuration controlled 3d designs of mechanical parts and assemblies' ) ;
#121 = CARTESIAN_POINT ( 'NONE',  ( 0.5997448035369187247, 1.009864365149084175, 1.407555300697041156 ) ) ;
#122 = VERTEX_POINT ( 'NONE', #1268 ) ;
#123 = DIRECTION ( 'NONE',  ( 0.5495945148342156195, -0.01876539135242259390, -0.8352207668344541203 ) ) ;
#124 = DIRECTION ( 'NONE',  ( -0.7505752902509300606, -0.4501006340066251443, -0.4837831672676988770 ) ) ;
#125 = CARTESIAN_POINT ( 'NONE',  ( 0.5931973585262707571, 1.034221439666734854, 1.411075267091536301 ) ) ;
#126 = AXIS2_PLACEMENT_3D ( 'NONE', #4842, #4444, #1209 ) ;
#127 = DIRECTION ( 'NONE',  ( 0.5495945148342159525, -0.01876539135242172654, -0.8352207668344540092 ) ) ;
#128 = APPROVAL ( #3073, 'UNSPECIFIED' ) ;
#129 = EDGE_CURVE ( 'NONE', #5188, #753, #4999, .T. ) ;
#130 = AXIS2_PLACEMENT_3D ( 'NONE', #1560, #3854, #222 ) ;
#131 = CARTESIAN_POINT ( 'NONE',  ( 0.6295704745338837061, 1.007582429890275133, 1.425858257156602082 ) ) ;
#132 = CARTESIAN_POINT ( 'NONE',  ( 0.5946893796048230429, 1.032938794855568165, 1.414925015693833776 ) ) ;
#133 = FACE_OUTER_BOUND ( 'NONE', #4149, .T. ) ;
#134 = ORIENTED_EDGE ( 'NONE', *, *, #5060, .F. ) ;
#135 = EDGE_LOOP ( 'NONE', ( #1724, #2431 ) ) ;
#136 = CARTESIAN_POINT ( 'NONE',  ( 0.6346874907604795890, 0.9965885015992622664, 1.430088298522907309 ) ) ;
#137 = B_SPLINE_CURVE_WITH_KNOTS ( 'NONE', 3,
 ( #5438, #2198, #1282, #4983 ),
 .UNSPECIFIED., .F., .F.,
 ( 4, 4 ),
 ( 0.000000000000000000, 0.001696228169390717310 ),
 .UNSPECIFIED. ) ;
#138 = CARTESIAN_POINT ( 'NONE',  ( 0.6218292025083632657, 0.9985675650847632978, 1.430733847681038284 ) ) ;
#140 = CARTESIAN_POINT ( 'NONE',  ( 0.5986412114843940868, 1.022426141997599069, 1.417761606046550327 ) ) ;
#139 = CARTESIAN_POINT ( 'NONE',  ( 0.5858892161546525035, 1.049903664120675817, 1.403109074839610892 ) ) ;
#141 = DIRECTION ( 'NONE',  ( 0.7505752902509679192, 0.4501006340066093236, 0.4837831672676545791 ) ) ;
#142 = ADVANCED_FACE ( 'NONE', ( #3178 ), #1729, .F. ) ;
#143 = CARTESIAN_POINT ( 'NONE',  ( 0.6079040666097305090, 1.001507626863485267, 1.421932190196167012 ) ) ;
#144 = ORIENTED_EDGE ( 'NONE', *, *, #5728, .T. ) ;
#145 = CARTESIAN_POINT ( 'NONE',  ( 0.5858322876679536995, 1.043818910484631823, 1.401760305695397113 ) ) ;
#146 = CARTESIAN_POINT ( 'NONE',  ( 0.5949969120439853043, 1.024956982581339826, 1.406840604831690156 ) ) ;
#147 = CARTESIAN_POINT ( 'NONE',  ( 0.5690346801540574484, 1.087308093054468072, 1.459351067291963178 ) ) ;
#148 = CARTESIAN_POINT ( 'NONE',  ( 0.5901430495363308992, 1.036540282733668938, 1.402012092283442035 ) ) ;
#149 = CARTESIAN_POINT ( 'NONE',  ( 0.6064942344738862845, 0.9980604286144602044, 1.423490882301548410 ) ) ;
#150 = CARTESIAN_POINT ( 'NONE',  ( 0.6064046034580323763, 1.054309678749250079, 1.414954926754753650 ) ) ;
#151 = CARTESIAN_POINT ( 'NONE',  ( 0.5821698248108783114, 1.050984866505701332, 1.407478696724322909 ) ) ;
#152 = EDGE_LOOP ( 'NONE', ( #1697, #1211 ) ) ;
#153 = CARTESIAN_POINT ( 'NONE',  ( 0.6027485157748992961, 1.001019542955165820, 1.409730534350450037 ) ) ;
#154 = ORIENTED_EDGE ( 'NONE', *, *, #198, .F. ) ;
#155 = CARTESIAN_POINT ( 'NONE',  ( 0.6102819178580828341, 0.9667768467384019182, 1.420690175589495396 ) ) ;
#156 = CARTESIAN_POINT ( 'NONE',  ( 0.5949226004580597804, 1.033199290920493008, 1.413875339436088563 ) ) ;
#157 = FACE_OUTER_BOUND ( 'NONE', #617, .T. ) ;
#158 =( BOUNDED_SURFACE ( )  B_SPLINE_SURFACE ( 3, 2, ( 
 ( #558, #5632, #1482 ),
 ( #4270, #3353, #906 ),
 ( #2303, #4153, #3692 ),
 ( #5998, #1846, #2785 ) ),
 .UNSPECIFIED., .F., .F., .F. ) 
 B_SPLINE_SURFACE_WITH_KNOTS ( ( 4, 4 ),
 ( 3, 3 ),
 ( -6.375108774214766072E-17, 0.001619653303404523922 ),
 ( 0.000000000000000000, 1.000000000000000000 ),
 .UNSPECIFIED. ) 
 GEOMETRIC_REPRESENTATION_ITEM ( )  RATIONAL_B_SPLINE_SURFACE ( (
 ( 1.000000000000000000, 0.7183431315279050766, 1.000000000000000000),
 ( 1.000000000000000000, 0.7183296126434298712, 1.000000000000000000),
 ( 1.000000000000000000, 0.7183161492237362111, 1.000000000000000000),
 ( 1.000000000000000000, 0.7183027422385312999, 1.000000000000000000) ) ) 
 REPRESENTATION_ITEM ( '' )  SURFACE ( )  );
#159 = CARTESIAN_POINT ( 'NONE',  ( 0.5860840145501755583, 1.043264336150263816, 1.401837029433354420 ) ) ;
#160 = CARTESIAN_POINT ( 'NONE',  ( 0.6382735089164618403, 0.9808062925175740077, 1.438496843090467658 ) ) ;
#161 = CARTESIAN_POINT ( 'NONE',  ( 0.6034600676882695414, 1.086537494190230158, 1.406903078248290306 ) ) ;
#162 = EDGE_CURVE ( 'NONE', #2010, #3522, #3663, .T. ) ;
#163 = CARTESIAN_POINT ( 'NONE',  ( 0.6408617678049822741, 0.9812752741365381448, 1.439995843970792277 ) ) ;
#164 = CARTESIAN_POINT ( 'NONE',  ( 0.6078564118588262177, 0.9805967490609632797, 1.412792344318009041 ) ) ;
#165 = ORIENTED_EDGE ( 'NONE', *, *, #888, .F. ) ;
#166 = EDGE_CURVE ( 'NONE', #2704, #788, #519, .T. ) ;
#167 = ORIENTED_EDGE ( 'NONE', *, *, #4027, .F. ) ;
#168 = CARTESIAN_POINT ( 'NONE',  ( 0.6347185081692590103, 1.000641537669185732, 1.425055298264967352 ) ) ;
#169 = EDGE_CURVE ( 'NONE', #3647, #250, #4000, .T. ) ;
#170 = CARTESIAN_POINT ( 'NONE',  ( 0.6257445565786866615, 0.9914168096266493535, 1.433470901087869898 ) ) ;
#172 = CARTESIAN_POINT ( 'NONE',  ( 0.6053561516532512954, 1.003246793337883247, 1.422611105039586654 ) ) ;
#171 = CARTESIAN_POINT ( 'NONE',  ( 0.5879915091774299274, 1.047328231321435821, 1.407372331290841494 ) ) ;
#173 = DIRECTION ( 'NONE',  ( 0.5495945148341911946, -0.01876539135241064860, -0.8352207668344706626 ) ) ;
#174 = CARTESIAN_POINT ( 'NONE',  ( 0.6420352404069049612, 0.9622428366631525787, 1.435695168219124351 ) ) ;
#175 = EDGE_LOOP ( 'NONE', ( #276, #2074 ) ) ;
#176 = DIRECTION ( 'NONE',  ( -0.7505752902509300606, -0.4501006340066251443, -0.4837831672676988770 ) ) ;
#177 = CARTESIAN_POINT ( 'NONE',  ( 0.6038791978615074552, 1.002644024120433963, 1.416008707290883795 ) ) ;
#178 = CARTESIAN_POINT ( 'NONE',  ( 0.6294413889429931741, 0.9723556991055621879, 1.415208029744968954 ) ) ;
#179 = CARTESIAN_POINT ( 'NONE',  ( 0.5875295915981519901, 1.042905730302053025, 1.400149360507477514 ) ) ;
#180 = CARTESIAN_POINT ( 'NONE',  ( 0.6058197529320710206, 0.9939760170510083537, 1.409285959437535540 ) ) ;
#181 = CARTESIAN_POINT ( 'NONE',  ( 0.6130155182762603294, 1.010054561764303971, 1.427235141148890385 ) ) ;
#182 = CARTESIAN_POINT ( 'NONE',  ( 0.6074322358847461523, 0.9667082709514197569, 1.419149964964801169 ) ) ;
#183 = ORIENTED_EDGE ( 'NONE', *, *, #1225, .F. ) ;
#184 = CARTESIAN_POINT ( 'NONE',  ( 0.6194332125675663381, 1.010966475523945585, 1.426056622095807969 ) ) ;
#185 = CARTESIAN_POINT ( 'NONE',  ( 0.6035010617610307992, 0.9986392564040234010, 1.410279206238169269 ) ) ;
#186 = ORIENTED_EDGE ( 'NONE', *, *, #5894, .T. ) ;
#187 = CARTESIAN_POINT ( 'NONE',  ( 0.5853905621931778658, 1.046494032572190758, 1.399757528023413355 ) ) ;
#188 = FACE_OUTER_BOUND ( 'NONE', #936, .T. ) ;
#189 = CYLINDRICAL_SURFACE ( 'NONE', #2266, 0.4064141769983863894 ) ;
#190 = CARTESIAN_POINT ( 'NONE',  ( 0.6065168115328183340, 1.054370852958372629, 1.415027387817565652 ) ) ;
#191 = CARTESIAN_POINT ( 'NONE',  ( 0.5844291569550660315, 1.047601671311653160, 1.400643985644539402 ) ) ;
#192 = CARTESIAN_POINT ( 'NONE',  ( 0.6059907891586315820, 1.074239093004905277, 1.408844666645430843 ) ) ;
#193 = CARTESIAN_POINT ( 'NONE',  ( 0.6401949093685063152, 0.9630102266749273054, 1.437207140945307993 ) ) ;
#194 = CARTESIAN_POINT ( 'NONE',  ( 0.6078073586692218644, 0.9808342938059484428, 1.412754708521569036 ) ) ;
#195 = ORIENTED_EDGE ( 'NONE', *, *, #1328, .T. ) ;
#196 = ORIENTED_EDGE ( 'NONE', *, *, #1741, .T. ) ;
#197 = CARTESIAN_POINT ( 'NONE',  ( 0.6333253455111853558, 0.9990397134043288441, 1.429135830319961276 ) ) ;
#198 = EDGE_CURVE ( 'NONE', #2132, #2220, #239, .T. ) ;
#199 = CARTESIAN_POINT ( 'NONE',  ( 0.6335695784003052555, 0.9910876998146734840, 1.438350832038610472 ) ) ;
#201 = CARTESIAN_POINT ( 'NONE',  ( 0.5873463427259557612, 1.043310852938587496, 1.400372934916306100 ) ) ;
#200 = CARTESIAN_POINT ( 'NONE',  ( 0.5918220028840168734, 1.035713923097372646, 1.407331794421884386 ) ) ;
#202 = VECTOR ( 'NONE', #1955, 1.000000000000000222 ) ;
#203 = CARTESIAN_POINT ( 'NONE',  ( 0.6111349711857581024, 1.014707491320830046, 1.423761630831829716 ) ) ;
#204 = CARTESIAN_POINT ( 'NONE',  ( 0.6071380106598366355, 1.054452620279040964, 1.414546657997628243 ) ) ;
#205 = EDGE_LOOP ( 'NONE', ( #525, #1672 ) ) ;
#206 = AXIS2_PLACEMENT_3D ( 'NONE', #4064, #3544, #1217 ) ;
#207 = ADVANCED_FACE ( 'NONE', ( #5908, #1757 ), #2700, .F. ) ;
#208 = CARTESIAN_POINT ( 'NONE',  ( 0.6096935272996240052, 1.054722507564495260, 1.413093948454300808 ) ) ;
#209 = CARTESIAN_POINT ( 'NONE',  ( 0.6037626977905126147, 1.003006144463658433, 1.415923911590434070 ) ) ;
#210 = CARTESIAN_POINT ( 'NONE',  ( 0.5879937505049744884, 1.043108033646376276, 1.402674934928584749 ) ) ;
#211 = CARTESIAN_POINT ( 'NONE',  ( 0.6104339230635197344, 0.9690475871234551786, 1.415506042030724831 ) ) ;
#212 = CARTESIAN_POINT ( 'NONE',  ( 0.6066217291849663740, 0.9937990599475045039, 1.407512588087903138 ) ) ;
#213 = CARTESIAN_POINT ( 'NONE',  ( 0.6363148471100733561, 0.9319910393170357521, 1.429018837620385840 ) ) ;
#214 = CARTESIAN_POINT ( 'NONE',  ( 0.5741379785692112270, 1.093100477195950271, 1.392854295893759753 ) ) ;
#215 = EDGE_LOOP ( 'NONE', ( #1062, #5097, #4838, #3820, #3565, #5059, #1537, #4845 ) ) ;
#216 = EDGE_CURVE ( 'NONE', #3085, #4538, #694, .T. ) ;
#217 = B_SPLINE_CURVE_WITH_KNOTS ( 'NONE', 3,
 ( #3457, #5341, #2072, #2037, #1584 ),
 .UNSPECIFIED., .F., .F.,
 ( 4, 1, 4 ),
 ( 0.2239798702755047000, 0.5000000000000000000, 0.6913480300640818532 ),
 .UNSPECIFIED. ) ;
#218 = CARTESIAN_POINT ( 'NONE',  ( 0.6126576557390399635, 1.018923944299210627, 1.424241399893856341 ) ) ;
#219 = CARTESIAN_POINT ( 'NONE',  ( 0.6074565364653319310, 0.9838582363185245372, 1.413214093545667849 ) ) ;
#220 = ORIENTED_EDGE ( 'NONE', *, *, #5657, .F. ) ;
#221 = CARTESIAN_POINT ( 'NONE',  ( 0.6068642556386907305, 1.054448908391909523, 1.414835482738326711 ) ) ;
#222 = DIRECTION ( 'NONE',  ( 0.7505752902509447155, 0.4501006340066262545, 0.4837831672676748407 ) ) ;
#223 = FACE_OUTER_BOUND ( 'NONE', #5974, .T. ) ;
#224 = EDGE_CURVE ( 'NONE', #1314, #1315, #2607, .T. ) ;
#225 = CARTESIAN_POINT ( 'NONE',  ( 0.5946773532393592188, 1.027797990214027957, 1.408989184518608218 ) ) ;
#226 = DIRECTION ( 'NONE',  ( -0.7634919178089627501, -0.4164058896336375604, -0.4936458513132778170 ) ) ;
#227 = VECTOR ( 'NONE', #927, 1.000000000000000000 ) ;
#228 = CARTESIAN_POINT ( 'NONE',  ( 0.6251796301620771157, 1.006061635742614646, 1.427127821347360825 ) ) ;
#229 = CARTESIAN_POINT ( 'NONE',  ( 0.6207003280356936381, 1.016234112775195930, 1.423950026764844612 ) ) ;
#230 = CARTESIAN_POINT ( 'NONE',  ( 0.6410236597121002911, 0.9648399240029879032, 1.437857940992216532 ) ) ;
#231 = CIRCLE ( 'NONE', #2169, 0.0009999999999999800715 ) ;
#232 = CARTESIAN_POINT ( 'NONE',  ( 0.6117581006747864203, 1.055385422686007768, 1.410791022314094922 ) ) ;
#233 = VERTEX_POINT ( 'NONE', #5939 ) ;
#234 = DIRECTION ( 'NONE',  ( -0.7626657353480682522, -0.4193492594260357920, -0.4924298678439659738 ) ) ;
#235 = CARTESIAN_POINT ( 'NONE',  ( 0.5917261865966811918, 1.071246522937886470, 1.412114484363470313 ) ) ;
#237 = CARTESIAN_POINT ( 'NONE',  ( 0.5877241325139770378, 1.042155236598024892, 1.399455785151831222 ) ) ;
#236 = CARTESIAN_POINT ( 'NONE',  ( 0.5879238338894036131, 1.047484700878452468, 1.407324283898876649 ) ) ;
#238 = PLANE ( 'NONE',  #4369 ) ;
#239 = B_SPLINE_CURVE_WITH_KNOTS ( 'NONE', 3,
 ( #2216, #5858, #874, #4542, #844, #4573, #4061 ),
 .UNSPECIFIED., .F., .F.,
 ( 4, 3, 4 ),
 ( -1.145190238578443376, -1.100000249107440098, -0.4530514209041069940 ),
 .UNSPECIFIED. ) ;
#240 = ORIENTED_EDGE ( 'NONE', *, *, #869, .T. ) ;
#241 = CARTESIAN_POINT ( 'NONE',  ( 0.6295949817261465853, 1.008082269427136524, 1.425863153268003058 ) ) ;
#242 = CARTESIAN_POINT ( 'NONE',  ( 0.6046030994390527713, 1.002993854461010415, 1.419299226811373327 ) ) ;
#243 = CARTESIAN_POINT ( 'NONE',  ( 0.5874821214545906667, 1.043664742099629894, 1.401506723997306025 ) ) ;
#244 = EDGE_CURVE ( 'NONE', #2912, #3695, #4865, .T. ) ;
#245 = CARTESIAN_POINT ( 'NONE',  ( 0.5917400491743306512, 1.032467745096814937, 1.403154454927759254 ) ) ;
#246 = DIRECTION ( 'NONE',  ( 0.7512883676660685461, -0.4257273140144484103, 0.5043035224065935962 ) ) ;
#247 = ADVANCED_FACE ( 'NONE', ( #3635 ), #1877, .F. ) ;
#248 = DIRECTION ( 'NONE',  ( 0.3650397643841983841, 0.9046541402764898265, 0.2198791870526495829 ) ) ;
#249 = CARTESIAN_POINT ( 'NONE',  ( 0.5991544579165117845, 1.021063013084999138, 1.418123328435167529 ) ) ;
#250 = VERTEX_POINT ( 'NONE', #4723 ) ;
#251 = CARTESIAN_POINT ( 'NONE',  ( 0.6025827934033776145, 1.002790652159370577, 1.410956003064431252 ) ) ;
#252 = ORIENTED_EDGE ( 'NONE', *, *, #2946, .T. ) ;
#253 = CARTESIAN_POINT ( 'NONE',  ( 0.6317731365308699720, 0.9758440462087264455, 1.423847728100483323 ) ) ;
#254 = FACE_OUTER_BOUND ( 'NONE', #1637, .T. ) ;
#255 = CARTESIAN_POINT ( 'NONE',  ( 0.6024440619331995483, 1.000697893227579849, 1.408163113001356326 ) ) ;
#256 = CARTESIAN_POINT ( 'NONE',  ( 0.6048054330180555604, 1.010985915277653246, 1.419680263649803820 ) ) ;
#257 = CARTESIAN_POINT ( 'NONE',  ( 0.6424636464385183876, 0.9882443805248283253, 1.429822384501548083 ) ) ;
#258 = EDGE_CURVE ( 'NONE', #4066, #3686, #107, .T. ) ;
#259 = CARTESIAN_POINT ( 'NONE',  ( 0.6401549694403465551, 0.9883232081444763839, 1.433330889264135877 ) ) ;
#260 = CARTESIAN_POINT ( 'NONE',  ( 0.6216437661661937675, 1.013984019713544793, 1.424621384950315539 ) ) ;
#261 = CARTESIAN_POINT ( 'NONE',  ( 0.6068235892406009802, 0.9936978789137537182, 1.406856208578302292 ) ) ;
#262 = FACE_OUTER_BOUND ( 'NONE', #3163, .T. ) ;
#263 = VERTEX_POINT ( 'NONE', #1936 ) ;
#264 = DIRECTION ( 'NONE',  ( -0.7637702840998413789, -0.4163964417921021677, -0.4932230290537175099 ) ) ;
#265 = CARTESIAN_POINT ( 'NONE',  ( 0.6001415508787827369, 1.054736884830547394, 1.410834914982185717 ) ) ;
#267 = CARTESIAN_POINT ( 'NONE',  ( 0.5874821214545909998, 1.043664742099629894, 1.401506723997306025 ) ) ;
#266 = CARTESIAN_POINT ( 'NONE',  ( 0.5863273759911176164, 1.051091157484700611, 1.406192749445709600 ) ) ;
#268 = CARTESIAN_POINT ( 'NONE',  ( 0.5860968679130487136, 1.043237857735943575, 1.401839450302058143 ) ) ;
#269 = ORIENTED_EDGE ( 'NONE', *, *, #1506, .F. ) ;
#270 = CARTESIAN_POINT ( 'NONE',  ( 0.6360157337992061732, 0.9925650152267007087, 1.431811095585301619 ) ) ;
#271 = CARTESIAN_POINT ( 'NONE',  ( 0.6018949989098052455, 1.008597441058332933, 1.414569299763370092 ) ) ;
#272 = CARTESIAN_POINT ( 'NONE',  ( 0.6219646523849112763, 0.9746093438708377521, 1.431788719094103435 ) ) ;
#273 = CARTESIAN_POINT ( 'NONE',  ( 0.6283590685224622607, 1.006866286461310711, 1.425682097320473796 ) ) ;
#274 = DIRECTION ( 'NONE',  ( -0.5495945148342156195, 0.01876539135242335718, 0.8352207668344541203 ) ) ;
#275 = CARTESIAN_POINT ( 'NONE',  ( 0.6086771307593570324, 1.059303281213455294, 1.401985743798242590 ) ) ;
#276 = ORIENTED_EDGE ( 'NONE', *, *, #3841, .T. ) ;
#277 = CARTESIAN_POINT ( 'NONE',  ( 0.6033461069970904589, 1.000422162814023741, 1.411511495231418944 ) ) ;
#278 = ORIENTED_EDGE ( 'NONE', *, *, #2358, .T. ) ;
#279 = EDGE_CURVE ( 'NONE', #3934, #753, #1188, .T. ) ;
#280 = CARTESIAN_POINT ( 'NONE',  ( 0.5894508643810406623, 1.036041461110064343, 1.398819205021785139 ) ) ;
#281 = APPLICATION_PROTOCOL_DEFINITION ( 'international standard', 'config_control_design', 1994, #120 ) ;
#282 = CARTESIAN_POINT ( 'NONE',  ( 0.5976687112815692871, 1.014417326117140306, 1.404712579721665966 ) ) ;
#283 = LINE ( 'NONE', #2563, #1684 ) ;
#284 = DIRECTION ( 'NONE',  ( -0.7738664612090494499, -0.3881086756342737032, -0.5005021040047613612 ) ) ;
#285 = EDGE_CURVE ( 'NONE', #5775, #3595, #503, .T. ) ;
#286 = CARTESIAN_POINT ( 'NONE',  ( 0.6344064531562936260, 0.9951285191612564418, 1.430694556095660541 ) ) ;
#287 = CARTESIAN_POINT ( 'NONE',  ( 0.6328420212327674488, 0.9552193214837974011, 1.432197650016429513 ) ) ;
#288 = CARTESIAN_POINT ( 'NONE',  ( 0.6078059974831711010, 0.9902354797003327658, 1.407580943452051869 ) ) ;
#289 = ORIENTED_EDGE ( 'NONE', *, *, #2987, .T. ) ;
#290 = CARTESIAN_POINT ( 'NONE',  ( 0.6149814088705374271, 1.007024500384022359, 1.426465293713023552 ) ) ;
#291 = CARTESIAN_POINT ( 'NONE',  ( 0.5972597684303326826, 1.051373867793051975, 1.416202199264412487 ) ) ;
#293 = CARTESIAN_POINT ( 'NONE',  ( 0.6020569961998556430, 1.059597805573896157, 1.411988567808804884 ) ) ;
#292 = CARTESIAN_POINT ( 'NONE',  ( 0.5913397806954231450, 1.036942512334084521, 1.406986877677641523 ) ) ;
#294 = CARTESIAN_POINT ( 'NONE',  ( 0.6358542213554408962, 0.9681384025780777058, 1.419522573732994619 ) ) ;
#295 = ORIENTED_EDGE ( 'NONE', *, *, #4945, .F. ) ;
#296 = AXIS2_PLACEMENT_3D ( 'NONE', #4018, #5873, #1718 ) ;
#297 = CARTESIAN_POINT ( 'NONE',  ( 0.6116016388698923834, 1.053975155567114852, 1.412992016757853797 ) ) ;
#298 = CARTESIAN_POINT ( 'NONE',  ( 0.6007675550034247136, 1.011816916988385717, 1.413755081846968631 ) ) ;
#299 = CARTESIAN_POINT ( 'NONE',  ( 0.5879971385434833442, 1.042710935110124248, 1.395947789104635683 ) ) ;
#300 = CYLINDRICAL_SURFACE ( 'NONE', #3219, 0.001299999999999973486 ) ;
#301 = DIRECTION ( 'NONE',  ( -0.5495945148342156195, 0.01876539135242333983, 0.8352207668344541203 ) ) ;
#302 = DIRECTION ( 'NONE',  ( 0.7738664612090468964, 0.3881086756342786437, 0.5005021040047612502 ) ) ;
#303 = CIRCLE ( 'NONE', #396, 0.001000000000000063555 ) ;
#304 = ORIENTED_EDGE ( 'NONE', *, *, #792, .T. ) ;
#305 = CARTESIAN_POINT ( 'NONE',  ( 0.6005632858180296463, 1.008741270179258853, 1.409493424527102023 ) ) ;
#306 = VERTEX_POINT ( 'NONE', #5601 ) ;
#307 = CARTESIAN_POINT ( 'NONE',  ( 0.5864132669058971237, 1.043358017807264781, 1.396656010532215886 ) ) ;
#308 = DATE_AND_TIME ( #1802, #5370 ) ;
#309 = CARTESIAN_POINT ( 'NONE',  ( 0.6070135892150330115, 0.9842012718292811879, 1.411540606471381132 ) ) ;
#310 = CARTESIAN_POINT ( 'NONE',  ( 0.6067162047236998035, 1.054486673598575397, 1.415171087800071614 ) ) ;
#311 = CARTESIAN_POINT ( 'NONE',  ( 0.5939800799559964428, 1.049954473704144409, 1.401504452515579979 ) ) ;
#312 = CARTESIAN_POINT ( 'NONE',  ( 0.6230955553895052290, 1.018656387135846053, 1.422723110359292331 ) ) ;
#313 = CARTESIAN_POINT ( 'NONE',  ( 0.6191055191571364080, 1.031295897438849529, 1.419055753269119702 ) ) ;
#314 = LINE ( 'NONE', #1777, #5161 ) ;
#315 = AXIS2_PLACEMENT_3D ( 'NONE', #3080, #4020, #234 ) ;
#316 = CARTESIAN_POINT ( 'NONE',  ( 0.6100851321000305694, 0.9807561799314119533, 1.409293331083226297 ) ) ;
#317 = ADVANCED_FACE ( 'NONE', ( #5084 ), #2362, .F. ) ;
#318 = CARTESIAN_POINT ( 'NONE',  ( 0.6145673073839171829, 0.9738814814101440787, 1.423706886612389200 ) ) ;
#319 = CARTESIAN_POINT ( 'NONE',  ( 0.6260047121747085441, 0.9949147442142957098, 1.435724534589408297 ) ) ;
#321 = CARTESIAN_POINT ( 'NONE',  ( 0.5877490596389723931, 1.042616502654182042, 1.401168607006368916 ) ) ;
#320 = CARTESIAN_POINT ( 'NONE',  ( 0.5876258286235643835, 1.050355603768312607, 1.409885722758310367 ) ) ;
#322 = CARTESIAN_POINT ( 'NONE',  ( 0.6245679612345547138, 1.022845670054066902, 1.417877403531014435 ) ) ;
#323 = VERTEX_POINT ( 'NONE', #2420 ) ;
#324 = VECTOR ( 'NONE', #2123, 1.000000000000000000 ) ;
#325 = CARTESIAN_POINT ( 'NONE',  ( 0.6031970424805286335, 1.054616671199671174, 1.414392133599981394 ) ) ;
#326 = ADVANCED_FACE ( 'NONE', ( #1422 ), #1364, .F. ) ;
#327 = CARTESIAN_POINT ( 'NONE',  ( 0.6109694837391314026, 1.050931231982513703, 1.414018737996195041 ) ) ;
#328 = CARTESIAN_POINT ( 'NONE',  ( 0.6029536446857359788, 1.005478719977324076, 1.415335983206400750 ) ) ;
#329 = LINE ( 'NONE', #3602, #3115 ) ;
#330 = CARTESIAN_POINT ( 'NONE',  ( 0.6148799779793419074, 0.9872309686614058055, 1.411582016977935394 ) ) ;
#331 = CARTESIAN_POINT ( 'NONE',  ( 0.6050824868857347383, 0.9795113431194888420, 1.421069199724848353 ) ) ;
#332 = CARTESIAN_POINT ( 'NONE',  ( 0.5957508753850145888, 1.029932700932374434, 1.415584630436613534 ) ) ;
#333 = EDGE_LOOP ( 'NONE', ( #1528, #1785, #196 ) ) ;
#334 = CARTESIAN_POINT ( 'NONE',  ( 0.6030131323585623537, 1.001464906448085834, 1.411268962316372999 ) ) ;
#335 = CARTESIAN_POINT ( 'NONE',  ( 0.5865870595624467221, 1.043393926163591612, 1.401740434761203469 ) ) ;
#336 = ORIENTED_EDGE ( 'NONE', *, *, #1483, .T. ) ;
#337 = CARTESIAN_POINT ( 'NONE',  ( 0.5867362591825007190, 1.042607737862791817, 1.396885403871013454 ) ) ;
#338 = CARTESIAN_POINT ( 'NONE',  ( 0.000000000000000000, 0.000000000000000000, 0.000000000000000000 ) ) ;
#339 = CARTESIAN_POINT ( 'NONE',  ( 0.6028134845914148165, 0.9995420501601605112, 1.408432170624245972 ) ) ;
#340 = CYLINDRICAL_SURFACE ( 'NONE', #4483, 0.01799999999999997088 ) ;
#341 = CARTESIAN_POINT ( 'NONE',  ( 0.6197597618388641649, 1.022772217697258679, 1.421809912837783685 ) ) ;
#342 = EDGE_LOOP ( 'NONE', ( #379, #4764, #1376, #4754, #4263, #1076 ) ) ;
#343 = CARTESIAN_POINT ( 'NONE',  ( 0.6101729333663181709, 1.044059915329441646, 1.416399708870822227 ) ) ;
#344 = CARTESIAN_POINT ( 'NONE',  ( 0.5881773714773385064, 1.096866373996788546, 1.402018120212518593 ) ) ;
#345 = DIRECTION ( 'NONE',  ( 0.5495945148342153974, -0.01876539135242232328, -0.8352207668344542313 ) ) ;
#346 = EDGE_CURVE ( 'NONE', #2183, #487, #1618, .T. ) ;
#347 = CARTESIAN_POINT ( 'NONE',  ( 0.6128112469304191068, 1.010908512208598786, 1.425450155842162614 ) ) ;
#349 = CARTESIAN_POINT ( 'NONE',  ( 0.6479427698910054101, 0.9658573645624145554, 1.438303960836144091 ) ) ;
#348 = CARTESIAN_POINT ( 'NONE',  ( 0.5881822292974815403, 1.049087075167977501, 1.410280347996510919 ) ) ;
#350 = CARTESIAN_POINT ( 'NONE',  ( 0.6086771307593570324, 1.059303281213455294, 1.401985743798242590 ) ) ;
#351 = ADVANCED_FACE ( 'NONE', ( #3775 ), #158, .F. ) ;
#352 = VERTEX_POINT ( 'NONE', #4633 ) ;
#353 = EDGE_CURVE ( 'NONE', #5003, #45, #5147, .T. ) ;
#354 = ORIENTED_EDGE ( 'NONE', *, *, #5144, .F. ) ;
#355 = CARTESIAN_POINT ( 'NONE',  ( 0.6145767218928908093, 1.014187508419976735, 1.425610605917054574 ) ) ;
#356 = CARTESIAN_POINT ( 'NONE',  ( 0.6111097444110010768, 1.045795170097234328, 1.415600731924929745 ) ) ;
#357 = CARTESIAN_POINT ( 'NONE',  ( 0.5976368823879347758, 1.020360567355001136, 1.411503071941788034 ) ) ;
#358 = CARTESIAN_POINT ( 'NONE',  ( 0.5844291569550660315, 1.047601671311653160, 1.400643985644539402 ) ) ;
#359 = CARTESIAN_POINT ( 'NONE',  ( 0.6113285551661998829, 0.9739253637660402196, 1.410267653198962856 ) ) ;
#360 = VECTOR ( 'NONE', #4600, 1.000000000000000000 ) ;
#361 = CARTESIAN_POINT ( 'NONE',  ( 0.6091625493420094184, 0.9899904961497997258, 1.426223720513941418 ) ) ;
#362 = CARTESIAN_POINT ( 'NONE',  ( 0.5833796466051639484, 0.9522619858976075768, 1.401689040305573064 ) ) ;
#363 = ORIENTED_EDGE ( 'NONE', *, *, #2065, .F. ) ;
#364 = CARTESIAN_POINT ( 'NONE',  ( 0.6026127637090489264, 1.054652507576729459, 1.407079403929225814 ) ) ;
#365 = CARTESIAN_POINT ( 'NONE',  ( 0.6042059487990791844, 0.9976518417412615358, 1.412139533371668421 ) ) ;
#366 = CARTESIAN_POINT ( 'NONE',  ( 0.6086130694124217699, 0.9823986845757498587, 1.423619200704696830 ) ) ;
#367 = ORIENTED_EDGE ( 'NONE', *, *, #4322, .T. ) ;
#368 = CARTESIAN_POINT ( 'NONE',  ( 0.5863116803084931217, 1.043592754286814195, 1.396583890248562110 ) ) ;
#369 = LINE ( 'NONE', #4492, #2658 ) ;
#370 = CARTESIAN_POINT ( 'NONE',  ( 0.6422629993474704424, 0.9883911549039866573, 1.429899131042439597 ) ) ;
#371 = CARTESIAN_POINT ( 'NONE',  ( 0.6269438399593881828, 0.9951480724659489407, 1.431633475292922952 ) ) ;
#372 = EDGE_LOOP ( 'NONE', ( #2271, #1195, #2632 ) ) ;
#373 = CARTESIAN_POINT ( 'NONE',  ( 0.6215244740841405768, 1.014234190651881029, 1.424538680068425212 ) ) ;
#374 = FACE_OUTER_BOUND ( 'NONE', #3950, .T. ) ;
#375 = CARTESIAN_POINT ( 'NONE',  ( 0.6268459204707774735, 1.006576505523290699, 1.426715590202324746 ) ) ;
#376 = CARTESIAN_POINT ( 'NONE',  ( 0.5867821506654227193, 1.043611608613322472, 1.402282528977542908 ) ) ;
#377 = CARTESIAN_POINT ( 'NONE',  ( 0.5884475201127674637, 1.048475366619275650, 1.410468659079607390 ) ) ;
#378 = DIRECTION ( 'NONE',  ( -0.5495945148342156195, 0.01876539135242333983, 0.8352207668344541203 ) ) ;
#379 = ORIENTED_EDGE ( 'NONE', *, *, #2041, .T. ) ;
#380 = EDGE_CURVE ( 'NONE', #5717, #4736, #2698, .T. ) ;
#381 = EDGE_LOOP ( 'NONE', ( #615, #3071 ) ) ;
#382 = DIRECTION ( 'NONE',  ( -0.5495945148342156195, 0.01876539135242259390, 0.8352207668344541203 ) ) ;
#383 = CARTESIAN_POINT ( 'NONE',  ( 0.6223948977600453070, 1.012687147627489459, 1.425144784431610967 ) ) ;
#384 = CARTESIAN_POINT ( 'NONE',  ( 0.6061466314463224148, 1.000693730508886103, 1.423188620111823788 ) ) ;
#385 = CARTESIAN_POINT ( 'NONE',  ( 0.6008444440622955351, 1.112082773933496638, 1.393251251348966768 ) ) ;
#386 = CARTESIAN_POINT ( 'NONE',  ( 0.6116104745134651743, 0.9714436998101039222, 1.410508919616445089 ) ) ;
#387 = DIRECTION ( 'NONE',  ( -0.7738664612091029626, -0.3881086756341956545, -0.5005021040047390457 ) ) ;
#388 = LINE ( 'NONE', #935, #3620 ) ;
#389 = VERTEX_POINT ( 'NONE', #475 ) ;
#390 = EDGE_CURVE ( 'NONE', #5374, #1983, #2898, .T. ) ;
#391 = CARTESIAN_POINT ( 'NONE',  ( 0.6268562342905636964, 0.9563375992246867519, 1.428648376927240893 ) ) ;
#392 = CARTESIAN_POINT ( 'NONE',  ( 0.6080507715155514248, 0.9845074177497570300, 1.416339149159265398 ) ) ;
#393 = DIRECTION ( 'NONE',  ( -0.3650397643841968853, -0.9046541402764899376, -0.2198791870526518311 ) ) ;
#394 = CARTESIAN_POINT ( 'NONE',  ( 0.5901409089903528749, 1.034304924957900385, 1.399312286047922349 ) ) ;
#395 = DIRECTION ( 'NONE',  ( 1.000000000000000000, 0.000000000000000000, 0.000000000000000000 ) ) ;
#396 = AXIS2_PLACEMENT_3D ( 'NONE', #1168, #3013, #1594 ) ;
#397 = CARTESIAN_POINT ( 'NONE',  ( 0.5876381133329093842, 1.042485307631672908, 1.398186301005387211 ) ) ;
#398 = EDGE_CURVE ( 'NONE', #4304, #3443, #1051, .T. ) ;
#399 = DIRECTION ( 'NONE',  ( 0.7634919178089618619, 0.4164058896336400584, 0.4936458513132772064 ) ) ;
#400 = ORIENTED_EDGE ( 'NONE', *, *, #1764, .F. ) ;
#401 = ORIENTED_EDGE ( 'NONE', *, *, #1475, .F. ) ;
#402 = EDGE_CURVE ( 'NONE', #5764, #3520, #5352, .T. ) ;
#403 = CARTESIAN_POINT ( 'NONE',  ( 0.6212792355523577559, 1.025583089271831616, 1.420614204612412612 ) ) ;
#404 = CARTESIAN_POINT ( 'NONE',  ( 0.6154864350816731111, 0.9935995383580258355, 1.427099239039603340 ) ) ;
#405 = VECTOR ( 'NONE', #3838, 1.000000000000000000 ) ;
#406 = CARTESIAN_POINT ( 'NONE',  ( 0.6277092189346976658, 1.006789884649814892, 1.426304114144353541 ) ) ;
#407 = B_SPLINE_SURFACE_WITH_KNOTS ( 'NONE', 3, 3, ( 
 ( #2157, #4001, #5859, #386, #4970, #4482, #2217 ),
 ( #1332, #5999, #5486, #359, #2245, #1759, #1730 ),
 ( #3179, #5026, #875, #3121, #816, #4062, #1359 ),
 ( #5055, #419, #2727, #448, #907, #2670, #330 ),
 ( #5541, #5940, #3636, #2304, #2188, #1793, #2278 ),
 ( #4128, #4154, #934, #1847, #1392, #3571, #3603 ) ),
 .UNSPECIFIED., .F., .F., .F.,
 ( 4, 1, 1, 4 ),
 ( 4, 3, 4 ),
 ( 0.000000000000000000, 0.2857142857142860315, 0.5714285714285709528, 1.000000000000000000 ),
 ( 7.869827389809450737E-08, 1.514213641071360028, 1.574651010225824876 ),
 .UNSPECIFIED. ) ;
#408 = FACE_OUTER_BOUND ( 'NONE', #920, .T. ) ;
#409 = CARTESIAN_POINT ( 'NONE',  ( 0.5814189300812760974, 1.063141681524578885, 1.405514168205408865 ) ) ;
#410 = CARTESIAN_POINT ( 'NONE',  ( 0.6030745135702524351, 1.010258172866498994, 1.420952205846646832 ) ) ;
#411 = AXIS2_PLACEMENT_3D ( 'NONE', #430, #1371, #5437 ) ;
#412 = ORIENTED_EDGE ( 'NONE', *, *, #1517, .T. ) ;
#413 = VECTOR ( 'NONE', #5802, 1.000000000000000000 ) ;
#414 = ORIENTED_EDGE ( 'NONE', *, *, #5123, .F. ) ;
#415 = CARTESIAN_POINT ( 'NONE',  ( 0.6086029399388936945, 0.9821634750989257645, 1.417284165050587852 ) ) ;
#416 = CARTESIAN_POINT ( 'NONE',  ( 0.6028877648676154166, 1.073262212369266999, 1.409573361850390061 ) ) ;
#417 = CARTESIAN_POINT ( 'NONE',  ( 0.6087113455778760951, 0.9915225147088959634, 1.425082316168350793 ) ) ;
#418 = DIRECTION ( 'NONE',  ( 0.3385274322565194338, -0.9089894737290771243, 0.2431816486899106011 ) ) ;
#419 = CARTESIAN_POINT ( 'NONE',  ( 0.6089997943924400081, 0.9874317420375112730, 1.420518153187484645 ) ) ;
#420 = AXIS2_PLACEMENT_3D ( 'NONE', #349, #4197, #5985 ) ;
#421 = CARTESIAN_POINT ( 'NONE',  ( 0.6090062791785358920, 0.9795080720067618207, 1.417068687513341141 ) ) ;
#422 = PLANE ( 'NONE',  #1295 ) ;
#423 = EDGE_LOOP ( 'NONE', ( #506, #5235, #2262, #2328 ) ) ;
#424 = EDGE_CURVE ( 'NONE', #4066, #5378, #2734, .T. ) ;
#425 = CARTESIAN_POINT ( 'NONE',  ( 0.6232829881044602560, 0.9564162199169037315, 1.426525944370194976 ) ) ;
#426 = CARTESIAN_POINT ( 'NONE',  ( 0.5718512116839278292, 1.072794724442270864, 1.389161091729989916 ) ) ;
#427 = CARTESIAN_POINT ( 'NONE',  ( 0.6072470723455882791, 1.023955612231177481, 1.423390003589893871 ) ) ;
#428 = ADVANCED_FACE ( 'NONE', ( #2543 ), #4359, .T. ) ;
#429 = CARTESIAN_POINT ( 'NONE',  ( 0.5793372988128977497, 1.058982697037457621, 1.393023122068098418 ) ) ;
#430 = CARTESIAN_POINT ( 'NONE',  ( 0.9161189233570815604, 1.200045168480750046, 1.620284011140530778 ) ) ;
#431 = CARTESIAN_POINT ( 'NONE',  ( 0.6328222154577448633, 0.9552085104361776047, 1.432185133267756427 ) ) ;
#432 = B_SPLINE_CURVE_WITH_KNOTS ( 'NONE', 3,
 ( #150, #3847, #2008, #2102 ),
 .UNSPECIFIED., .F., .F.,
 ( 4, 4 ),
 ( 0.000000000000000000, 0.0004949059442351201252 ),
 .UNSPECIFIED. ) ;
#433 = VERTEX_POINT ( 'NONE', #1636 ) ;
#434 = CARTESIAN_POINT ( 'NONE',  ( 0.5870131628859018846, 1.045187306704778107, 1.401132587402325491 ) ) ;
#435 = VERTEX_POINT ( 'NONE', #5268 ) ;
#436 = CARTESIAN_POINT ( 'NONE',  ( 0.5682902000883611748, 1.088253434928593499, 1.397508249128036617 ) ) ;
#437 = CARTESIAN_POINT ( 'NONE',  ( 0.5896233898133526052, 1.035783721485276088, 1.399554654003498655 ) ) ;
#438 = CARTESIAN_POINT ( 'NONE',  ( 0.5662672341787385877, 1.085273899483073290, 1.371100980900577637 ) ) ;
#439 = EDGE_CURVE ( 'NONE', #25, #583, #2062, .T. ) ;
#440 = PLANE ( 'NONE',  #1774 ) ;
#441 = CARTESIAN_POINT ( 'NONE',  ( 0.5909453844496265207, 1.040228254212409276, 1.409475568621503916 ) ) ;
#442 = VERTEX_POINT ( 'NONE', #268 ) ;
#443 = ORIENTED_EDGE ( 'NONE', *, *, #4737, .T. ) ;
#444 = FACE_OUTER_BOUND ( 'NONE', #3410, .T. ) ;
#445 = CARTESIAN_POINT ( 'NONE',  ( 0.6139571957897488330, 1.038048867136552422, 1.417648461260121895 ) ) ;
#446 = CARTESIAN_POINT ( 'NONE',  ( 0.5924536991637646688, 1.036133963708164796, 1.410560063276237397 ) ) ;
#447 = CARTESIAN_POINT ( 'NONE',  ( 0.6074068118823152673, 1.053373743563405185, 1.414036446856627993 ) ) ;
#448 = CARTESIAN_POINT ( 'NONE',  ( 0.6145478175135588028, 0.9872423099702507532, 1.412086802436042010 ) ) ;
#449 = DIRECTION ( 'NONE',  ( 0.3385188314334621196, -0.9089891834557539685, 0.2431947062034141016 ) ) ;
#450 = CARTESIAN_POINT ( 'NONE',  ( 0.5528909291891164202, 1.132244113857377998, 1.447865728911770233 ) ) ;
#451 = EDGE_LOOP ( 'NONE', ( #837, #1569, #3222 ) ) ;
#452 = CARTESIAN_POINT ( 'NONE',  ( 0.6350055404064846032, 0.9604707774802830889, 1.433881810540123425 ) ) ;
#453 = CARTESIAN_POINT ( 'NONE',  ( 0.6019176843140581212, 1.006030450965474499, 1.411819865903618965 ) ) ;
#454 = PLANE ( 'NONE',  #1363 ) ;
#455 = CARTESIAN_POINT ( 'NONE',  ( 0.6034788063798566249, 0.9969391542028792630, 1.408928448474695339 ) ) ;
#456 = CARTESIAN_POINT ( 'NONE',  ( 0.6408089575025796014, 0.9894029234199568368, 1.430400272599795963 ) ) ;
#457 = CARTESIAN_POINT ( 'NONE',  ( 0.6444514769840995472, 0.9608739382991722255, 1.437315863413306527 ) ) ;
#458 = EDGE_CURVE ( 'NONE', #2684, #3522, #1264, .T. ) ;
#459 = ORIENTED_EDGE ( 'NONE', *, *, #1461, .F. ) ;
#460 = CARTESIAN_POINT ( 'NONE',  ( 0.5864862237347155949, 1.046395391974803912, 1.400758706540615073 ) ) ;
#461 = ORIENTED_EDGE ( 'NONE', *, *, #3107, .T. ) ;
#462 = CYLINDRICAL_SURFACE ( 'NONE', #2564, 0.02100000000000004988 ) ;
#463 = CARTESIAN_POINT ( 'NONE',  ( 0.5906567480645595891, 1.038158581586223983, 1.406529054680199620 ) ) ;
#464 = CARTESIAN_POINT ( 'NONE',  ( 0.5930825033359148346, 1.032253058928041423, 1.408258089792747914 ) ) ;
#465 = DIRECTION ( 'NONE',  ( -0.5495945148342157305, 0.01876539135242311085, 0.8352207668344541203 ) ) ;
#466 = EDGE_CURVE ( 'NONE', #15, #433, #2124, .T. ) ;
#467 = CARTESIAN_POINT ( 'NONE',  ( 0.5869057649206093075, 1.043659416529488126, 1.402362889206964836 ) ) ;
#468 = CARTESIAN_POINT ( 'NONE',  ( 0.6393703620598158999, 0.9843462854332361012, 1.439787167701130022 ) ) ;
#469 = EDGE_LOOP ( 'NONE', ( #2463, #2797, #2640, #1183 ) ) ;
#470 = ORIENTED_EDGE ( 'NONE', *, *, #2951, .F. ) ;
#471 = FACE_OUTER_BOUND ( 'NONE', #3431, .T. ) ;
#472 = CARTESIAN_POINT ( 'NONE',  ( 0.6378132599731005659, 0.9863441846432077220, 1.434507980541249061 ) ) ;
#474 = CARTESIAN_POINT ( 'NONE',  ( 0.6019263165285722028, 1.010988537911702734, 1.417358220752778397 ) ) ;
#473 = CARTESIAN_POINT ( 'NONE',  ( 0.5873719031613789943, 1.046558799731266864, 1.404159868079256190 ) ) ;
#475 = CARTESIAN_POINT ( 'NONE',  ( 0.6489699643357857983, 0.9679088407783518200, 1.428158192605739840 ) ) ;
#476 = CARTESIAN_POINT ( 'NONE',  ( 0.5821698248108783114, 1.050984866505701332, 1.407478696724322909 ) ) ;
#477 = FACE_OUTER_BOUND ( 'NONE', #3852, .T. ) ;
#478 = ORIENTED_EDGE ( 'NONE', *, *, #4996, .F. ) ;
#479 = CARTESIAN_POINT ( 'NONE',  ( 0.6127963777145208901, 0.9627937665596620898, 1.421339418466087912 ) ) ;
#480 = CARTESIAN_POINT ( 'NONE',  ( 0.5956292144384089937, 1.022157787199579726, 1.405945255137413641 ) ) ;
#481 = CARTESIAN_POINT ( 'NONE',  ( 0.6222903595171301872, 0.9924041853566818450, 1.433183899484246959 ) ) ;
#482 = CARTESIAN_POINT ( 'NONE',  ( 0.5861201653660792488, 1.045100099697072071, 1.397798312991185288 ) ) ;
#483 = CARTESIAN_POINT ( 'NONE',  ( 0.6288094987399128755, 0.9740749622744934166, 1.421937333166756412 ) ) ;
#484 = CARTESIAN_POINT ( 'NONE',  ( 0.6273128559205576327, 0.9950898592963522971, 1.431616337533696548 ) ) ;
#485 = CARTESIAN_POINT ( 'NONE',  ( 0.5893576891695468944, 1.039600258453084569, 1.402800867200499901 ) ) ;
#486 = AXIS2_PLACEMENT_3D ( 'NONE', #5505, #1350, #5047 ) ;
#487 = VERTEX_POINT ( 'NONE', #5234 ) ;
#488 = CARTESIAN_POINT ( 'NONE',  ( 0.5878858532972812689, 1.041914716830933285, 1.398319652446438077 ) ) ;
#489 = CARTESIAN_POINT ( 'NONE',  ( 0.6048069682480018416, 1.060367021471710469, 1.412502033018428804 ) ) ;
#490 = CARTESIAN_POINT ( 'NONE',  ( 0.5951837848973097200, 1.024476168901427453, 1.406976147318925729 ) ) ;
#491 = CARTESIAN_POINT ( 'NONE',  ( 0.5924289357359016073, 1.034397547090626368, 1.396469859951910086 ) ) ;
#492 = VECTOR ( 'NONE', #3856, 1.000000000000000000 ) ;
#493 = LINE ( 'NONE', #2350, #1582 ) ;
#494 = APPROVAL ( #5093, 'UNSPECIFIED' ) ;
#495 = DIRECTION ( 'NONE',  ( 0.6085105669588121158, -0.2187297358680010129, -0.7628054749060074746 ) ) ;
#496 = ADVANCED_FACE ( 'NONE', ( #5302 ), #238, .T. ) ;
#497 = ORIENTED_EDGE ( 'NONE', *, *, #1947, .F. ) ;
#498 = ORIENTED_EDGE ( 'NONE', *, *, #1741, .F. ) ;
#499 = CARTESIAN_POINT ( 'NONE',  ( 0.6086180080846776974, 0.9814094368391568235, 1.416782008037331009 ) ) ;
#500 = CARTESIAN_POINT ( 'NONE',  ( 0.6047405682991080500, 1.039776239139718728, 1.418563273233162558 ) ) ;
#502 = CARTESIAN_POINT ( 'NONE',  ( 0.5994252985257495503, 1.017941840350202298, 1.415556269368106301 ) ) ;
#501 = CARTESIAN_POINT ( 'NONE',  ( 0.5880564192791538636, 1.044967260564017009, 1.404646053498843417 ) ) ;
#503 = LINE ( 'NONE', #2873, #3504 ) ;
#504 = CARTESIAN_POINT ( 'NONE',  ( 0.6004157624827053397, 1.023144532319691491, 1.416518584534395053 ) ) ;
#505 = CARTESIAN_POINT ( 'NONE',  ( 0.5906337661397398353, 1.038146102197360365, 1.406514194191713862 ) ) ;
#506 = ORIENTED_EDGE ( 'NONE', *, *, #2777, .F. ) ;
#507 = EDGE_CURVE ( 'NONE', #5304, #2722, #1752, .T. ) ;
#508 = CARTESIAN_POINT ( 'NONE',  ( 0.6367244622335670456, 0.9625460075928736758, 1.435088305158905397 ) ) ;
#509 = CARTESIAN_POINT ( 'NONE',  ( 0.5990191241979971881, 1.013067929492686092, 1.408380121016729269 ) ) ;
#510 = LINE ( 'NONE', #4730, #4082 ) ;
#511 = CARTESIAN_POINT ( 'NONE',  ( 0.5873042984277671019, 1.042354600283904809, 1.398639184571936367 ) ) ;
#512 = CARTESIAN_POINT ( 'NONE',  ( 0.6092869083575823685, 0.9771172986046775533, 1.413907749456001284 ) ) ;
#513 = CARTESIAN_POINT ( 'NONE',  ( 0.6058485194310266886, 0.9713578662027777533, 1.419340830455846358 ) ) ;
#514 = CIRCLE ( 'NONE', #3911, 0.001299999999999973486 ) ;
#515 = CARTESIAN_POINT ( 'NONE',  ( 0.5974849664960700801, 1.017040786184811640, 1.407281349404567283 ) ) ;
#516 = ORIENTED_EDGE ( 'NONE', *, *, #5291, .T. ) ;
#517 = CARTESIAN_POINT ( 'NONE',  ( 0.5877085905314481939, 1.042454543575887405, 1.400611320384388625 ) ) ;
#518 = CARTESIAN_POINT ( 'NONE',  ( 0.5776116685554095742, 1.093520762406065661, 1.389754831374368838 ) ) ;
#519 = B_SPLINE_CURVE_WITH_KNOTS ( 'NONE', 3,
 ( #3569, #5970, #1240, #2636, #5455, #299, #1702, #4127, #814, #2277, #2156, #5424 ),
 .UNSPECIFIED., .F., .F.,
 ( 4, 2, 2, 2, 2, 4 ),
 ( 0.005028270550788618322, 0.006217980459785598171, 0.007407690368782578021, 0.008002545323281196749, 0.008597400277779814609, 0.009787110186776668691 ),
 .UNSPECIFIED. ) ;
#520 = APPROVAL_PERSON_ORGANIZATION ( #1223, #128, #2647 ) ;
#521 = CARTESIAN_POINT ( 'NONE',  ( 0.6020597027625448350, 1.059599281723961672, 1.411990317772899850 ) ) ;
#522 = CARTESIAN_POINT ( 'NONE',  ( 0.6304581003735365563, 0.9959888148784882267, 1.430827475384021996 ) ) ;
#523 = CARTESIAN_POINT ( 'NONE',  ( 0.6105087798953281464, 1.052784487758779530, 1.413673946071867915 ) ) ;
#524 = CARTESIAN_POINT ( 'NONE',  ( 0.5909760706161167887, 1.042431048142275829, 1.412268304812197561 ) ) ;
#525 = ORIENTED_EDGE ( 'NONE', *, *, #2917, .T. ) ;
#526 = ORIENTED_EDGE ( 'NONE', *, *, #5612, .F. ) ;
#527 = CARTESIAN_POINT ( 'NONE',  ( 0.6316055276275412966, 0.9939989733394407612, 1.431627331301158490 ) ) ;
#528 = EDGE_CURVE ( 'NONE', #4879, #1768, #2764, .T. ) ;
#529 = CARTESIAN_POINT ( 'NONE',  ( 0.6221653471929016188, 1.005323020995070982, 1.427981224429127671 ) ) ;
#531 = CARTESIAN_POINT ( 'NONE',  ( 0.6052529629756692175, 1.003573082469322530, 1.422535873583506083 ) ) ;
#530 = CARTESIAN_POINT ( 'NONE',  ( 0.5977351380293695060, 1.017528488669032116, 1.408809320939646614 ) ) ;
#532 = CARTESIAN_POINT ( 'NONE',  ( 0.6068642556386907305, 1.054448908391909523, 1.414835482738326711 ) ) ;
#533 = CARTESIAN_POINT ( 'NONE',  ( 0.6029981093881695564, 1.013544500387105973, 1.418433517822699219 ) ) ;
#534 = ORIENTED_EDGE ( 'NONE', *, *, #3580, .T. ) ;
#535 = ADVANCED_FACE ( 'NONE', ( #2929 ), #2451, .F. ) ;
#536 = DIRECTION ( 'NONE',  ( 0.5495945148342155084, -0.01876539135242228165, -0.8352207668344541203 ) ) ;
#537 = CARTESIAN_POINT ( 'NONE',  ( 0.6008175249950835628, 1.009217529620503484, 1.411024329763033602 ) ) ;
#538 = CARTESIAN_POINT ( 'NONE',  ( 0.6461562618865644980, 0.9596155041293314980, 1.439663213382208706 ) ) ;
#539 = CARTESIAN_POINT ( 'NONE',  ( 0.6085140835339650778, 0.9766076290956700046, 1.412698577110182985 ) ) ;
#540 = CARTESIAN_POINT ( 'NONE',  ( 0.6080199262897136858, 0.9931096433404539292, 1.424606054856470516 ) ) ;
#541 = CARTESIAN_POINT ( 'NONE',  ( 0.5942751468767040190, 1.033458522386214495, 1.414640763990361982 ) ) ;
#542 = CARTESIAN_POINT ( 'NONE',  ( 0.6034163007241533094, 0.9989118626235445886, 1.410217306719638408 ) ) ;
#543 = ORIENTED_EDGE ( 'NONE', *, *, #4462, .F. ) ;
#544 = CARTESIAN_POINT ( 'NONE',  ( 0.6325566542664357028, 0.9682509949261922655, 1.424533898334001236 ) ) ;
#545 = CARTESIAN_POINT ( 'NONE',  ( 0.6189309396969433497, 1.000401431780535200, 1.414845472670661186 ) ) ;
#546 = B_SPLINE_CURVE_WITH_KNOTS ( 'NONE', 3,
 ( #3151, #4451, #3518, #4972, #5885, #4516, #4484, #361, #5400, #3180, #3122, #3637, #3572, #5829, #4003, #2671, #1794, #5426, #2702, #5860, #4544, #1270, #1760, #331, #5372, #817, #1333, #1243, #2728, #2189 ),
 .UNSPECIFIED., .F., .F.,
 ( 4, 2, 2, 1, 2, 2, 2, 2, 1, 2, 2, 2, 2, 2, 2, 4 ),
 ( 0.000000000000000000, 0.1250000000001094402, 0.1875000000001683376, 0.2187500000001939837, 0.2343750000001967593, 0.2500000000001995071, 0.3750000000001688649, 0.4375000000001453282, 0.4687500000001335598, 0.4843750000001275646, 0.5000000000001214584, 0.6250000000001313394, 0.6875000000001414424, 0.7187500000001367795, 0.7500000000001321165, 1.000000000000000000 ),
 .UNSPECIFIED. ) ;
#547 = CARTESIAN_POINT ( 'NONE',  ( 0.5914397455524895708, 1.036875549877439351, 1.407696418885929335 ) ) ;
#548 = DIRECTION ( 'NONE',  ( 0.7512883676660403465, -0.4257273140144764434, 0.5043035224066118039 ) ) ;
#549 = CARTESIAN_POINT ( 'NONE',  ( 0.6320981478045901714, 1.002436381917021446, 1.427637143683383236 ) ) ;
#550 = CARTESIAN_POINT ( 'NONE',  ( 0.5877032576603893332, 1.044113977228811718, 1.402878082952738303 ) ) ;
#551 = CARTESIAN_POINT ( 'NONE',  ( 0.6016067373094771131, 1.054147966298404793, 1.406428751194019666 ) ) ;
#552 = VERTEX_POINT ( 'NONE', #5793 ) ;
#553 = EDGE_LOOP ( 'NONE', ( #2892, #118, #3802, #4509 ) ) ;
#554 = CARTESIAN_POINT ( 'NONE',  ( 0.6310426899095774589, 0.9949832455635330142, 1.431234636959778372 ) ) ;
#555 = CARTESIAN_POINT ( 'NONE',  ( 0.6016978503517067534, 1.048326112836892587, 1.416368999703582210 ) ) ;
#557 = CARTESIAN_POINT ( 'NONE',  ( 0.6054243503277723093, 1.003030239930136736, 1.422660846770791299 ) ) ;
#556 = CARTESIAN_POINT ( 'NONE',  ( 0.5959575719675598293, 1.022400082797325860, 1.407530188559231066 ) ) ;
#558 = CARTESIAN_POINT ( 'NONE',  ( 0.6070410481487121812, 1.053261633641608297, 1.414131880821584364 ) ) ;
#559 = CARTESIAN_POINT ( 'NONE',  ( 0.6264861670537987814, 0.9807364936872208228, 1.420258858863359119 ) ) ;
#560 = ORIENTED_EDGE ( 'NONE', *, *, #5654, .F. ) ;
#561 = CARTESIAN_POINT ( 'NONE',  ( 0.6272982163194799066, 0.9949190121939108788, 1.438433882659266860 ) ) ;
#562 = B_SPLINE_CURVE_WITH_KNOTS ( 'NONE', 3,
 ( #1455, #5150, #998, #2398 ),
 .UNSPECIFIED., .F., .F.,
 ( 4, 4 ),
 ( 0.000000000000000000, 1.000000000000000000 ),
 .UNSPECIFIED. ) ;
#563 = CARTESIAN_POINT ( 'NONE',  ( 0.6050335458236055786, 0.9989489701708119673, 1.416851313784349475 ) ) ;
#564 = CARTESIAN_POINT ( 'NONE',  ( 0.6287250322728274998, 0.9907959014850686863, 1.435856329786429297 ) ) ;
#565 = CARTESIAN_POINT ( 'NONE',  ( 0.6037487767117453163, 0.9973682383358974946, 1.410470765088203571 ) ) ;
#566 = CARTESIAN_POINT ( 'NONE',  ( 0.6083609827802047842, 0.9955719670354351569, 1.422366211493331090 ) ) ;
#567 = EDGE_CURVE ( 'NONE', #4325, #2945, #2625, .T. ) ;
#568 = CARTESIAN_POINT ( 'NONE',  ( 0.6073732405829974645, 0.9668421633227552991, 1.419145921334470151 ) ) ;
#569 = ORIENTED_EDGE ( 'NONE', *, *, #5256, .T. ) ;
#570 = CARTESIAN_POINT ( 'NONE',  ( 0.6026912613719712652, 1.001197281691587504, 1.409688866274022123 ) ) ;
#571 = ORIENTED_EDGE ( 'NONE', *, *, #5123, .T. ) ;
#572 = CARTESIAN_POINT ( 'NONE',  ( 0.6148616430012275869, 0.9710501215173098499, 1.405643554051718258 ) ) ;
#573 = CARTESIAN_POINT ( 'NONE',  ( 0.6289584791924289764, 0.9741561688312015965, 1.422033541223229447 ) ) ;
#574 = CARTESIAN_POINT ( 'NONE',  ( 0.6058316048782456109, 0.9928183154985921188, 1.414694200405046232 ) ) ;
#575 = CARTESIAN_POINT ( 'NONE',  ( 0.6172330844609957845, 1.003319382374216362, 1.428030193192375341 ) ) ;
#576 = AXIS2_PLACEMENT_3D ( 'NONE', #2603, #4534, #3564 ) ;
#577 = ADVANCED_FACE ( 'NONE', ( #1182 ), #2576, .F. ) ;
#578 = CARTESIAN_POINT ( 'NONE',  ( 0.6100962679616308559, 1.059245062146769278, 1.411883045944257509 ) ) ;
#579 = CARTESIAN_POINT ( 'NONE',  ( 0.5992762672622007347, 1.020532869218776284, 1.418222024647232793 ) ) ;
#580 = AXIS2_PLACEMENT_3D ( 'NONE', #2050, #1563, #5322 ) ;
#581 = CARTESIAN_POINT ( 'NONE',  ( 0.6086047161970929986, 0.9814763496642178175, 1.416773619194976463 ) ) ;
#582 = ORIENTED_EDGE ( 'NONE', *, *, #5588, .T. ) ;
#583 = VERTEX_POINT ( 'NONE', #2029 ) ;
#584 = CARTESIAN_POINT ( 'NONE',  ( 0.6373969378182766654, 0.9957543237660495539, 1.426928160194475881 ) ) ;
#585 = CARTESIAN_POINT ( 'NONE',  ( 0.6003885608596500889, 1.052216492509510770, 1.415420049615530029 ) ) ;
#587 = CARTESIAN_POINT ( 'NONE',  ( 0.6420352404069049612, 0.9622428366631525787, 1.435695168219124351 ) ) ;
#586 = CARTESIAN_POINT ( 'NONE',  ( 0.5867306248220922615, 1.048022854696891271, 1.403704998376261059 ) ) ;
#588 = CARTESIAN_POINT ( 'NONE',  ( 0.6072027830709472163, 1.053539918918180440, 1.415078664387016572 ) ) ;
#589 = CARTESIAN_POINT ( 'NONE',  ( 0.6048766614312530709, 1.050934333902802553, 1.404465226325439353 ) ) ;
#590 = ORIENTED_EDGE ( 'NONE', *, *, #2997, .T. ) ;
#591 = FACE_OUTER_BOUND ( 'NONE', #3786, .T. ) ;
#592 = CARTESIAN_POINT ( 'NONE',  ( 0.6039542395482015991, 1.002409804207661681, 1.416063348805473687 ) ) ;
#593 = CARTESIAN_POINT ( 'NONE',  ( 0.6206745529382962090, 0.9923665138405688424, 1.432400029467065128 ) ) ;
#594 = CARTESIAN_POINT ( 'NONE',  ( 0.5899207650009153925, 1.037096865572584070, 1.401853318865137865 ) ) ;
#595 = CARTESIAN_POINT ( 'NONE',  ( 0.6366692536950199210, 0.9550771521327585667, 1.426338779705675019 ) ) ;
#596 = VECTOR ( 'NONE', #3693, 1.000000000000000000 ) ;
#597 = CARTESIAN_POINT ( 'NONE',  ( 0.5877064045454447605, 1.042215336998620900, 1.398763668594228626 ) ) ;
#598 = CARTESIAN_POINT ( 'NONE',  ( 0.6097964507396639311, 0.9624524050604656988, 1.419628693407934739 ) ) ;
#599 = VERTEX_POINT ( 'NONE', #5725 ) ;
#600 = EDGE_CURVE ( 'NONE', #1806, #487, #2181, .T. ) ;
#601 = CIRCLE ( 'NONE', #1386, 0.1584028434131250496 ) ;
#602 = CARTESIAN_POINT ( 'NONE',  ( 0.6008562589979659085, 1.006690561475670265, 1.408357971702722811 ) ) ;
#603 = ORIENTED_EDGE ( 'NONE', *, *, #353, .F. ) ;
#604 = DIRECTION ( 'NONE',  ( -0.3650397643841969963, -0.9046541402764899376, -0.2198791870526518588 ) ) ;
#605 = DIRECTION ( 'NONE',  ( 0.5495945148342157305, -0.01876539135242311085, -0.8352207668344541203 ) ) ;
#606 = CARTESIAN_POINT ( 'NONE',  ( 0.6070410481487121812, 1.053261633641608519, 1.414131880821584364 ) ) ;
#607 = AXIS2_PLACEMENT_3D ( 'NONE', #1635, #3535, #1234 ) ;
#608 = DIRECTION ( 'NONE',  ( -0.7505752902509433833, -0.4501006340066295297, -0.4837831672676738970 ) ) ;
#609 = EDGE_CURVE ( 'NONE', #3586, #1816, #2265, .T. ) ;
#610 = CARTESIAN_POINT ( 'NONE',  ( 0.6387078964368351208, 0.9797065510436795410, 1.438530875116002639 ) ) ;
#611 = VECTOR ( 'NONE', #1530, 1.000000000000000000 ) ;
#612 = CARTESIAN_POINT ( 'NONE',  ( 0.6167924530829329566, 1.039573279310289866, 1.416731267489149904 ) ) ;
#613 = LINE ( 'NONE', #2473, #3228 ) ;
#614 = CARTESIAN_POINT ( 'NONE',  ( 0.6086902472718634938, 0.9810604915850050789, 1.416838975263783995 ) ) ;
#615 = ORIENTED_EDGE ( 'NONE', *, *, #4706, .F. ) ;
#616 = EDGE_CURVE ( 'NONE', #3461, #4736, #881, .T. ) ;
#617 = EDGE_LOOP ( 'NONE', ( #1901, #5481, #603, #5048 ) ) ;
#618 = CARTESIAN_POINT ( 'NONE',  ( 0.6375268858937045424, 0.9955287665465029079, 1.427018719020822779 ) ) ;
#619 = CARTESIAN_POINT ( 'NONE',  ( 0.5966921462799587017, 1.078975700900128620, 1.409564473468905010 ) ) ;
#621 = CARTESIAN_POINT ( 'NONE',  ( 0.6048840524758554160, 1.004727766643685793, 1.422267179010173965 ) ) ;
#620 = CARTESIAN_POINT ( 'NONE',  ( 0.5883258432500091395, 1.046551605589394196, 1.407609779718949961 ) ) ;
#622 = CARTESIAN_POINT ( 'NONE',  ( 0.6347959342716147368, 0.9337293746940231731, 1.424388437058344392 ) ) ;
#623 = CARTESIAN_POINT ( 'NONE',  ( 0.6075180814236061932, 1.003060319509500697, 1.400092129519288298 ) ) ;
#624 = VERTEX_POINT ( 'NONE', #4962 ) ;
#625 = CARTESIAN_POINT ( 'NONE',  ( 0.5849910868711812872, 1.045703112905242316, 1.401471219687275838 ) ) ;
#626 = CARTESIAN_POINT ( 'NONE',  ( 0.5817332149263524377, 1.056244778940022666, 1.397409825284201990 ) ) ;
#627 = ORIENTED_EDGE ( 'NONE', *, *, #4469, .F. ) ;
#628 = CARTESIAN_POINT ( 'NONE',  ( 0.5867548025411190027, 1.044712417183398578, 1.399598939564255629 ) ) ;
#629 = CYLINDRICAL_SURFACE ( 'NONE', #2446, 0.001000000000000063555 ) ;
#630 = CARTESIAN_POINT ( 'NONE',  ( 0.6086180080846776974, 0.9814094368391568235, 1.416782008037331009 ) ) ;
#631 = CARTESIAN_POINT ( 'NONE',  ( 0.6073090729720423964, 0.9669896742873024253, 1.419142069988946764 ) ) ;
#632 = VERTEX_POINT ( 'NONE', #4121 ) ;
#633 = CARTESIAN_POINT ( 'NONE',  ( 0.6060582791273128045, 1.036384482271608398, 1.419506561905578446 ) ) ;
#634 = CARTESIAN_POINT ( 'NONE',  ( 0.6070049633816966272, 0.9858790495875877635, 1.412871545260211414 ) ) ;
#635 = ORIENTED_EDGE ( 'NONE', *, *, #1138, .F. ) ;
#636 = CARTESIAN_POINT ( 'NONE',  ( 0.6078706320763793691, 0.9900804316322427967, 1.407627110884620558 ) ) ;
#637 = DIRECTION ( 'NONE',  ( -0.5495945148342157305, 0.01876539135242308309, 0.8352207668344541203 ) ) ;
#638 = CARTESIAN_POINT ( 'NONE',  ( 0.6087948580171296253, 0.9905604700809043095, 1.425158884095079070 ) ) ;
#639 = CARTESIAN_POINT ( 'NONE',  ( 0.6058090247753772362, 1.051368232720228280, 1.414899049384311658 ) ) ;
#640 = B_SPLINE_CURVE_WITH_KNOTS ( 'NONE', 3,
 ( #4474, #5963, #835, #5852, #2718, #4507, #749, #5930, #322, #5479, #866, #3059 ),
 .UNSPECIFIED., .F., .F.,
 ( 4, 2, 2, 2, 2, 4 ),
 ( 0.03217391140421807516, 0.04543773151265127763, 0.05206964156686789968, 0.05870155162108452174, 0.07196537172951777972, 0.08522919183795102382 ),
 .UNSPECIFIED. ) ;
#641 = EDGE_CURVE ( 'NONE', #1273, #5698, #640, .T. ) ;
#642 = LINE ( 'NONE', #1169, #4855 ) ;
#643 = CARTESIAN_POINT ( 'NONE',  ( 0.6072134362948311548, 1.069101284120397954, 1.409764630784920092 ) ) ;
#644 = CARTESIAN_POINT ( 'NONE',  ( 0.6336376335047095854, 0.9556867936094292082, 1.432713064149916393 ) ) ;
#645 = FACE_OUTER_BOUND ( 'NONE', #5509, .T. ) ;
#646 = ORIENTED_EDGE ( 'NONE', *, *, #3041, .T. ) ;
#647 = ADVANCED_FACE ( 'NONE', ( #5902 ), #1784, .F. ) ;
#648 = ORIENTED_EDGE ( 'NONE', *, *, #3176, .F. ) ;
#649 = CARTESIAN_POINT ( 'NONE',  ( 0.6414056773864179606, 0.9895492554158635823, 1.429352609792039042 ) ) ;
#650 = CARTESIAN_POINT ( 'NONE',  ( 0.5894934243887466341, 1.081468392347219032, 1.410415614677067220 ) ) ;
#651 = B_SPLINE_CURVE_WITH_KNOTS ( 'NONE', 3,
 ( #2292, #5590, #5348, #2079, #3368, #2437, #3924, #2948 ),
 .UNSPECIFIED., .F., .F.,
 ( 4, 2, 2, 4 ),
 ( 0.3779195151179099432, 0.4150980556144059919, 0.4522765961109020405, 0.5266336771039012987 ),
 .UNSPECIFIED. ) ;
#653 = DIRECTION ( 'NONE',  ( 0.3385274322565170468, -0.9089894737290785676, 0.2431816486899090468 ) ) ;
#652 = CARTESIAN_POINT ( 'NONE',  ( 0.5936900346139258877, 1.030859995407775287, 1.408670058374805079 ) ) ;
#654 = CARTESIAN_POINT ( 'NONE',  ( 0.6169219887656669510, 1.003148327423927899, 1.427829328245862950 ) ) ;
#655 = EDGE_CURVE ( 'NONE', #3346, #5188, #4173, .T. ) ;
#656 = CARTESIAN_POINT ( 'NONE',  ( 0.5843702148213198999, 1.079466332953568086, 1.383143641382027944 ) ) ;
#657 = VERTEX_POINT ( 'NONE', #1262 ) ;
#658 = CARTESIAN_POINT ( 'NONE',  ( 0.6085601045147274180, 1.063503791077221372, 1.410776531647619736 ) ) ;
#659 = CARTESIAN_POINT ( 'NONE',  ( 0.5958718297413618803, 1.022665859663803634, 1.407467796834565243 ) ) ;
#660 = ORIENTED_EDGE ( 'NONE', *, *, #5730, .T. ) ;
#661 = CARTESIAN_POINT ( 'NONE',  ( 0.5869308031825652971, 1.044305326363671682, 1.399723898389321874 ) ) ;
#662 = CARTESIAN_POINT ( 'NONE',  ( 0.6317731365308699720, 0.9758440462087264455, 1.423847728100483323 ) ) ;
#663 = CARTESIAN_POINT ( 'NONE',  ( 0.6297837341428040858, 0.9806239013391062631, 1.415247534262352502 ) ) ;
#664 = DIRECTION ( 'NONE',  ( 0.5495945148342157305, -0.01876539135242311085, -0.8352207668344541203 ) ) ;
#665 = ORIENTED_EDGE ( 'NONE', *, *, #1840, .T. ) ;
#666 = CARTESIAN_POINT ( 'NONE',  ( 0.5975539791738997408, 1.075532736018160573, 1.410208934473720088 ) ) ;
#667 = CARTESIAN_POINT ( 'NONE',  ( 0.6006963310224036068, 1.007153605398048546, 1.408242331931312208 ) ) ;
#668 = ORIENTED_EDGE ( 'NONE', *, *, #380, .F. ) ;
#669 = DIRECTION ( 'NONE',  ( -0.5495945148342156195, 0.01876539135242321146, 0.8352207668344542313 ) ) ;
#670 = LINE ( 'NONE', #5252, #4688 ) ;
#671 = CARTESIAN_POINT ( 'NONE',  ( 0.6000548074639218132, 1.007788751296769370, 1.406431614055238866 ) ) ;
#672 = CARTESIAN_POINT ( 'NONE',  ( 0.6067240942336832310, 1.054483860469769718, 1.415161245606640916 ) ) ;
#673 = DIRECTION ( 'NONE',  ( -0.3385188686754754261, 0.9089891631440931707, -0.2431947302827049129 ) ) ;
#674 = CARTESIAN_POINT ( 'NONE',  ( 0.6085191523108143263, 0.9985363564700228123, 1.422434654385656527 ) ) ;
#675 = CARTESIAN_POINT ( 'NONE',  ( 0.6374419998527749431, 0.9897015203519651250, 1.432813947328165138 ) ) ;
#676 = DIRECTION ( 'NONE',  ( -0.7626657353480701396, -0.4193492594260344042, -0.4924298678439640309 ) ) ;
#677 = CARTESIAN_POINT ( 'NONE',  ( 0.6085095992305559198, 0.9819336781035044037, 1.416700675578999702 ) ) ;
#678 = AXIS2_PLACEMENT_3D ( 'NONE', #5815, #2597, #1688 ) ;
#679 = EDGE_CURVE ( 'NONE', #3, #890, #686, .T. ) ;
#680 = ORIENTED_EDGE ( 'NONE', *, *, #1432, .F. ) ;
#681 = DIRECTION ( 'NONE',  ( -0.3147729127535225935, 0.9214228405960749324, -0.2278112425332070312 ) ) ;
#682 = ADVANCED_FACE ( 'NONE', ( #2691 ), #5017, .F. ) ;
#683 = DIRECTION ( 'NONE',  ( -0.3648206900211672932, -0.9046615475245238791, -0.2202120536278908969 ) ) ;
#685 = LINE ( 'NONE', #2575, #5163 ) ;
#684 = CARTESIAN_POINT ( 'NONE',  ( 0.5871782253777975136, 1.049189231558524726, 1.406795359629966491 ) ) ;
#686 = CIRCLE ( 'NONE', #3495, 0.0009999999999999800715 ) ;
#687 = CARTESIAN_POINT ( 'NONE',  ( 0.6468517203343686628, 0.9603919089380505980, 1.435314244180159182 ) ) ;
#688 = ORIENTED_EDGE ( 'NONE', *, *, #2353, .T. ) ;
#689 = AXIS2_PLACEMENT_3D ( 'NONE', #1092, #248, #4425 ) ;
#690 = CARTESIAN_POINT ( 'NONE',  ( 0.6063073522274887717, 0.9973621575072875167, 1.421162116562980637 ) ) ;
#691 = CARTESIAN_POINT ( 'NONE',  ( 0.6047516245827413428, 1.002525743066211561, 1.419407477110451454 ) ) ;
#692 = ORIENTED_EDGE ( 'NONE', *, *, #507, .T. ) ;
#693 = CARTESIAN_POINT ( 'NONE',  ( 0.5862671698853434421, 1.045829815421093434, 1.399252960800832168 ) ) ;
#694 = CIRCLE ( 'NONE', #5634, 0.1605040745435042937 ) ;
#695 = CARTESIAN_POINT ( 'NONE',  ( 0.6471913100852388911, 0.9662830977494789586, 1.437799917768788127 ) ) ;
#696 = DIRECTION ( 'NONE',  ( -0.7623876645304017430, -0.4193586969262950159, -0.4928522418374086667 ) ) ;
#697 = LINE ( 'NONE', #2585, #1870 ) ;
#698 = ORIENTED_EDGE ( 'NONE', *, *, #224, .T. ) ;
#699 = ADVANCED_FACE ( 'NONE', ( #4565 ), #4054, .F. ) ;
#700 = CARTESIAN_POINT ( 'NONE',  ( 0.6030703399811094823, 1.001286858218517040, 1.411310606563794812 ) ) ;
#701 = VECTOR ( 'NONE', #4704, 1.000000000000000000 ) ;
#702 = VERTEX_POINT ( 'NONE', #1750 ) ;
#703 = CARTESIAN_POINT ( 'NONE',  ( 0.5844291569550660315, 1.047601671311653160, 1.400643985644539402 ) ) ;
#704 = CARTESIAN_POINT ( 'NONE',  ( 0.5999807275408811646, 1.018826201623085792, 1.418723807396240044 ) ) ;
#705 = CARTESIAN_POINT ( 'NONE',  ( 0.6029769191772159642, 0.9990243975716747160, 1.408551344750717194 ) ) ;
#706 = CARTESIAN_POINT ( 'NONE',  ( 0.5982090007769749196, 1.059729191783335578, 1.417836380334450919 ) ) ;
#707 = LINE ( 'NONE', #1227, #4858 ) ;
#708 = VECTOR ( 'NONE', #3855, 1.000000000000000000 ) ;
#709 = CARTESIAN_POINT ( 'NONE',  ( 0.5841186151520911807, 1.048569141245621728, 1.400417938112552108 ) ) ;
#710 = CARTESIAN_POINT ( 'NONE',  ( 0.6055048327975997013, 1.058077630232145960, 1.413010917996853077 ) ) ;
#711 = CARTESIAN_POINT ( 'NONE',  ( 0.6391945533690612802, 0.9612663231164612077, 1.436468937776079091 ) ) ;
#712 = AXIS2_PLACEMENT_3D ( 'NONE', #2913, #2045, #4860 ) ;
#713 = CARTESIAN_POINT ( 'NONE',  ( 0.6077703067507693735, 0.9810124639784846279, 1.412726293599005700 ) ) ;
#714 = VECTOR ( 'NONE', #2992, 1.000000000000000000 ) ;
#715 = ORIENTED_EDGE ( 'NONE', *, *, #4925, .F. ) ;
#716 = CARTESIAN_POINT ( 'NONE',  ( 0.5817618532531148023, 1.097294064801864089, 1.397782823405194108 ) ) ;
#717 = CARTESIAN_POINT ( 'NONE',  ( 0.6199266595080124009, 0.9954718116840837183, 1.433030546415494211 ) ) ;
#719 = CARTESIAN_POINT ( 'NONE',  ( 0.6111160242106108420, 1.054337261095983136, 1.408499369292803394 ) ) ;
#718 = CARTESIAN_POINT ( 'NONE',  ( 0.5878862819558360320, 1.047571380210169600, 1.407297626386065259 ) ) ;
#720 = DIRECTION ( 'NONE',  ( -0.1583270430825882702, -0.2876316329669335592, -0.9445637041224373975 ) ) ;
#721 = CIRCLE ( 'NONE', #3428, 0.4064141769983862229 ) ;
#722 = EDGE_LOOP ( 'NONE', ( #1909, #648, #760, #1324, #5365, #2386, #4353 ) ) ;
#723 = B_SPLINE_CURVE_WITH_KNOTS ( 'NONE', 3,
 ( #2529, #1562, #2139, #5254 ),
 .UNSPECIFIED., .F., .F.,
 ( 4, 4 ),
 ( 0.7701578762307886850, 1.000000000000000000 ),
 .UNSPECIFIED. ) ;
#724 = EDGE_CURVE ( 'NONE', #5933, #1054, #777, .T. ) ;
#725 = CARTESIAN_POINT ( 'NONE',  ( 0.6136319907011411612, 1.048086499958800211, 1.414460338913342996 ) ) ;
#726 = CARTESIAN_POINT ( 'NONE',  ( 0.6072127389284657228, 0.9942612570076206913, 1.421212630094997209 ) ) ;
#727 = FACE_OUTER_BOUND ( 'NONE', #2866, .T. ) ;
#728 = CARTESIAN_POINT ( 'NONE',  ( 0.6052005046437320956, 0.9947617135483504125, 1.413061910223073925 ) ) ;
#729 = EDGE_CURVE ( 'NONE', #2125, #389, #4269, .T. ) ;
#730 = CARTESIAN_POINT ( 'NONE',  ( 0.5865870595624467221, 1.043393926163591612, 1.401740434761203469 ) ) ;
#731 = CARTESIAN_POINT ( 'NONE',  ( 0.6069202173061843952, 0.9980845582190870369, 1.423756279230569799 ) ) ;
#732 = ORIENTED_EDGE ( 'NONE', *, *, #4513, .T. ) ;
#733 = B_SPLINE_SURFACE_WITH_KNOTS ( 'NONE', 3, 1, ( 
 ( #2323, #4957 ),
 ( #5043, #3166 ),
 ( #1837, #3195 ),
 ( #3227, #5475 ),
 ( #4501, #3139 ),
 ( #9, #5444 ),
 ( #4144, #1288 ),
 ( #5960, #862 ),
 ( #1319, #1347 ),
 ( #2715, #1810 ),
 ( #3622, #438 ) ),
 .UNSPECIFIED., .F., .F., .F.,
 ( 4, 3, 1, 3, 4 ),
 ( 2, 2 ),
 ( -0.2134858153091279964, 0.000000000000000000, 0.5000000000000000000, 1.000000000000000000, 1.236475471355370059 ),
 ( -6.222553593109960701, 1.000000000000000000 ),
 .UNSPECIFIED. ) ;
#734 = CARTESIAN_POINT ( 'NONE',  ( 0.6030417821557300107, 1.001375806175571093, 1.411289816410942199 ) ) ;
#735 = ORIENTED_EDGE ( 'NONE', *, *, #3788, .F. ) ;
#736 = CARTESIAN_POINT ( 'NONE',  ( 0.5906158579827609501, 1.033094866345493523, 1.399652000523113893 ) ) ;
#737 = CARTESIAN_POINT ( 'NONE',  ( 0.5803431226755169092, 1.083334618861325094, 1.404352575654759905 ) ) ;
#738 = CARTESIAN_POINT ( 'NONE',  ( 0.5985203579262220464, 1.012088178596651566, 1.405325313156392752 ) ) ;
#739 = CARTESIAN_POINT ( 'NONE',  ( 0.5842195782520755998, 1.048286263538669827, 1.400490726842539946 ) ) ;
#740 = CARTESIAN_POINT ( 'NONE',  ( 0.6040880488325155451, 1.038740038445380209, 1.419084180897885350 ) ) ;
#741 = CARTESIAN_POINT ( 'NONE',  ( 0.6009712119319575718, 1.082917085356889686, 1.408095304191962160 ) ) ;
#742 = CARTESIAN_POINT ( 'NONE',  ( 0.6341126205731134613, 0.9559924569865722033, 1.433022293459966789 ) ) ;
#743 = CARTESIAN_POINT ( 'NONE',  ( 0.6074486361179011196, 1.057368148839488153, 1.412720654977957846 ) ) ;
#744 = ORIENTED_EDGE ( 'NONE', *, *, #4699, .T. ) ;
#745 = PLANE ( 'NONE',  #3899 ) ;
#746 = CARTESIAN_POINT ( 'NONE',  ( 0.5965715703168312789, 1.053479736766090413, 1.415702035259512437 ) ) ;
#748 = DIRECTION ( 'NONE',  ( -0.3650397643841969963, -0.9046541402764899376, -0.2198791870526518588 ) ) ;
#747 = CARTESIAN_POINT ( 'NONE',  ( 0.5784820182813016354, 1.066426598624389932, 1.400685772965457154 ) ) ;
#749 = CARTESIAN_POINT ( 'NONE',  ( 0.6207600296662220130, 1.032889686536682117, 1.415146251845109449 ) ) ;
#750 = ORIENTED_EDGE ( 'NONE', *, *, #5201, .T. ) ;
#751 = CARTESIAN_POINT ( 'NONE',  ( 0.6239467632476067838, 1.017017848714260264, 1.423320038745559568 ) ) ;
#752 = CARTESIAN_POINT ( 'NONE',  ( 0.6046604539307116610, 1.002813432238321534, 1.419341021039941975 ) ) ;
#753 = VERTEX_POINT ( 'NONE', #294 ) ;
#754 = CARTESIAN_POINT ( 'NONE',  ( 0.6322560462814342808, 0.9740435764830870369, 1.417022216622222830 ) ) ;
#755 = CARTESIAN_POINT ( 'NONE',  ( 0.6344425447061808887, 0.9819859363711566091, 1.443425590346937737 ) ) ;
#756 = CARTESIAN_POINT ( 'NONE',  ( 0.6212641559847498218, 0.9744188843101354580, 1.433726631958911923 ) ) ;
#757 = ORIENTED_EDGE ( 'NONE', *, *, #2581, .F. ) ;
#758 = APPROVAL ( #4248, 'UNSPECIFIED' ) ;
#759 = CARTESIAN_POINT ( 'NONE',  ( 0.6036844105938525828, 0.9993461972499135815, 1.411758281140254256 ) ) ;
#760 = ORIENTED_EDGE ( 'NONE', *, *, #600, .T. ) ;
#761 = EDGE_CURVE ( 'NONE', #3005, #2318, #4992, .T. ) ;
#762 = CARTESIAN_POINT ( 'NONE',  ( 0.5931238196045979238, 1.026541658736570106, 1.401449531805604609 ) ) ;
#763 = CARTESIAN_POINT ( 'NONE',  ( 0.5942719328508356824, 1.023425261745078085, 1.402275034689481004 ) ) ;
#764 = CARTESIAN_POINT ( 'NONE',  ( 0.5951332169204568423, 1.034269768634679343, 1.413148954938796109 ) ) ;
#765 = DIRECTION ( 'NONE',  ( -0.7652036778700065378, -0.4163459895291989343, -0.4910390497477443161 ) ) ;
#766 = CARTESIAN_POINT ( 'NONE',  ( 0.6013211332942990373, 1.073360571724907286, 1.409914576550916232 ) ) ;
#767 = CARTESIAN_POINT ( 'NONE',  ( 0.6253280779432447423, 1.020998811629798997, 1.418419375410685301 ) ) ;
#768 = DIRECTION ( 'NONE',  ( 0.7634533827556840846, 0.4165093452069421609, 0.4936181699595219574 ) ) ;
#769 = CARTESIAN_POINT ( 'NONE',  ( 0.6128772395659548566, 1.055249353302788462, 1.409456935393763821 ) ) ;
#770 = ADVANCED_FACE ( 'NONE', ( #775 ), #2631, .F. ) ;
#771 = CARTESIAN_POINT ( 'NONE',  ( 0.5741379785692112270, 1.093100477195950271, 1.392854295893759753 ) ) ;
#772 = CARTESIAN_POINT ( 'NONE',  ( 0.6206752651716135327, 0.9955209347711733159, 1.433395929998455776 ) ) ;
#774 = DIRECTION ( 'NONE',  ( 0.7512883676660403465, -0.4257273140144764434, 0.5043035224066118039 ) ) ;
#773 = CARTESIAN_POINT ( 'NONE',  ( 0.5858317529853498407, 1.054329046443460483, 1.408615905987834482 ) ) ;
#775 = FACE_OUTER_BOUND ( 'NONE', #2435, .T. ) ;
#776 = EDGE_LOOP ( 'NONE', ( #688, #1408, #5516, #543, #2476, #3505, #3096 ) ) ;
#777 =( BOUNDED_CURVE ( )  B_SPLINE_CURVE ( 3, ( #2270, #5448, #410, #3142 ),
 .UNSPECIFIED., .F., .F. ) 
 B_SPLINE_CURVE_WITH_KNOTS ( ( 4, 4 ),
 ( 0.000000000000000000, 1.000000000000000000 ),
 .UNSPECIFIED. ) 
 CURVE ( )  GEOMETRIC_REPRESENTATION_ITEM ( )  RATIONAL_B_SPLINE_CURVE ( ( 1.000000000000000000, 0.9996357283781187597, 0.9996357283781187597, 1.000000000000000000 ) ) 
 REPRESENTATION_ITEM ( '' )  );
#778 = CARTESIAN_POINT ( 'NONE',  ( 0.5968568466068268075, 1.078919560283817525, 1.409674111423934839 ) ) ;
#779 = CARTESIAN_POINT ( 'NONE',  ( 0.6061372083051320692, 0.9970156298363621605, 1.420114258194755452 ) ) ;
#780 = CARTESIAN_POINT ( 'NONE',  ( 0.6017326062374097617, 1.009067618594569726, 1.414451877889579379 ) ) ;
#781 = DIRECTION ( 'NONE',  ( 0.5495945148342153974, -0.01876539135242232328, -0.8352207668344542313 ) ) ;
#782 = DIRECTION ( 'NONE',  ( 0.5495945148342149533, -0.01876539135242404413, -0.8352207668344546754 ) ) ;
#783 = DIRECTION ( 'NONE',  ( 0.7505752902509450486, 0.4501006340066284750, 0.4837831672676724537 ) ) ;
#784 = CARTESIAN_POINT ( 'NONE',  ( 0.6200275616309752769, 1.004525756263570546, 1.428610303912233537 ) ) ;
#785 = ORIENTED_EDGE ( 'NONE', *, *, #5179, .T. ) ;
#786 = CARTESIAN_POINT ( 'NONE',  ( 0.6034455696318109519, 1.000107655556222497, 1.411584010155202185 ) ) ;
#787 = CARTESIAN_POINT ( 'NONE',  ( 0.6118795374833195799, 0.9881979683941272130, 1.426927397156103172 ) ) ;
#788 = VERTEX_POINT ( 'NONE', #3198 ) ;
#789 = CARTESIAN_POINT ( 'NONE',  ( 0.5985044822249971919, 1.011833528455193587, 1.405320587952102462 ) ) ;
#790 = CARTESIAN_POINT ( 'NONE',  ( 0.6052160724286683724, 0.9914833072164311867, 1.410194189266918530 ) ) ;
#791 = CARTESIAN_POINT ( 'NONE',  ( 0.6087332610445244097, 0.9986457822768912695, 1.422542117974521680 ) ) ;
#792 = EDGE_CURVE ( 'NONE', #1417, #3922, #1405, .T. ) ;
#793 = B_SPLINE_CURVE_WITH_KNOTS ( 'NONE', 3,
 ( #3315, #2351, #1899, #2891, #1957, #1991, #3230, #5078, #4624, #468, #2326, #2502, #2920, #3932, #5225, #3406, #163, #5714, #3859, #3958, #2117, #2569, #3471, #1599, #4350, #1535, #5814, #1073, #5259, #2533, #1654, #4805, #2020, #4413, #1565, #2052, #5354, #5324, #3501, #230, #4383, #193, #3829, #1109, #4437, #2086, #1171, #3894, #3017, #711, #4901, #5294, #2985, #1203, #4321, #3052, #742, #644, #2954, #4868, #2596, #5752, #3440, #287, #5684 ),
 .UNSPECIFIED., .F., .F.,
 ( 4, 2, 2, 1, 1, 1, 1, 2, 2, 2, 2, 1, 1, 1, 2, 2, 2, 2, 2, 1, 1, 1, 2, 2, 2, 2, 2, 1, 1, 1, 1, 2, 2, 2, 2, 2, 1, 1, 1, 2, 4 ),
 ( 0.000000000000000000, 0.03124064216547752654, 0.04686096324821507897, 0.05467112378958620400, 0.05857620406027176652, 0.06052874419561497799, 0.06150501426328455062, 0.06199314929712180372, 0.06248128433095906376, 0.09372192649663263486, 0.1093422475794696286, 0.1171524081208852319, 0.1210574883915930544, 0.1230100285269455640, 0.1239862985946218327, 0.1249625686622981291, 0.1874438529937131614, 0.2186844951594224540, 0.2343048162422743941, 0.2421149767837017797, 0.2460200570544127108, 0.2479725971897674131, 0.2489488672574447781, 0.2499251373251221708, 0.3124064216563437468, 0.3436470638219550344, 0.3592673849047606782, 0.3670775454461630560, 0.3709826257168656327, 0.3729351658522139235, 0.3739114359198896786, 0.3743995709537273897, 0.3748877059875651008, 0.4373689903192130579, 0.4686096324850350658, 0.4842299535679450706, 0.4920401141093980746, 0.4959451943801280183, 0.4978977345154930179, 0.4988740045831735470, 0.4998502746508541317 ),
 .UNSPECIFIED. ) ;
#794 = EDGE_CURVE ( 'NONE', #890, #4325, #1814, .T. ) ;
#795 = B_SPLINE_CURVE_WITH_KNOTS ( 'NONE', 3,
 ( #2491, #2375, #4225, #1554 ),
 .UNSPECIFIED., .F., .F.,
 ( 4, 4 ),
 ( -10.78919373845929996, -10.76826933181040147 ),
 .UNSPECIFIED. ) ;
#796 = CARTESIAN_POINT ( 'NONE',  ( 0.6070353111856101602, 1.058466774203687066, 1.412634960645987814 ) ) ;
#797 = VERTEX_POINT ( 'NONE', #2766 ) ;
#798 = CARTESIAN_POINT ( 'NONE',  ( 0.6163184962418387647, 1.045094963657936527, 1.411949765683896185 ) ) ;
#799 = CARTESIAN_POINT ( 'NONE',  ( 0.6143872460520046763, 0.9936370691407305777, 1.428769680573272360 ) ) ;
#800 = VECTOR ( 'NONE', #2257, 1.000000000000000000 ) ;
#801 = CYLINDRICAL_SURFACE ( 'NONE', #4654, 0.001499999999999958181 ) ;
#802 = ADVANCED_FACE ( 'NONE', ( #3642 ), #454, .F. ) ;
#803 = CIRCLE ( 'NONE', #3316, 0.001499999999999958181 ) ;
#804 = CARTESIAN_POINT ( 'NONE',  ( 0.5844291569550660315, 1.047601671311653160, 1.400643985644539402 ) ) ;
#806 = DIRECTION ( 'NONE',  ( -0.5495945148342156195, 0.01876539135242333983, 0.8352207668344541203 ) ) ;
#805 = CARTESIAN_POINT ( 'NONE',  ( 0.5881066731641411138, 1.049260504411404948, 1.410226733783539910 ) ) ;
#807 = CARTESIAN_POINT ( 'NONE',  ( 0.6473931753761711372, 0.9658761299537669265, 1.439139181602978379 ) ) ;
#808 = ORIENTED_EDGE ( 'NONE', *, *, #1921, .T. ) ;
#809 = AXIS2_PLACEMENT_3D ( 'NONE', #587, #4932, #774 ) ;
#810 = ORIENTED_EDGE ( 'NONE', *, *, #3288, .T. ) ;
#811 = CARTESIAN_POINT ( 'NONE',  ( 0.6270931461768478599, 0.9953088607306518343, 1.431448823707324847 ) ) ;
#812 = CARTESIAN_POINT ( 'NONE',  ( 0.6059774711781715784, 1.055948126170123569, 1.413369769752549576 ) ) ;
#813 = CARTESIAN_POINT ( 'NONE',  ( 0.6037393241033119917, 1.003078594881141372, 1.415906903379816395 ) ) ;
#814 = CARTESIAN_POINT ( 'NONE',  ( 0.5883842872120756962, 1.042473392878619176, 1.395289269951355937 ) ) ;
#815 = CC_DESIGN_APPROVAL ( #758, ( #1981 ) ) ;
#816 = CARTESIAN_POINT ( 'NONE',  ( 0.6116491759092836933, 0.9790173563585328198, 1.410123021104073393 ) ) ;
#817 = CARTESIAN_POINT ( 'NONE',  ( 0.6050352299991570426, 0.9787059646152260761, 1.420819668014307036 ) ) ;
#818 = CARTESIAN_POINT ( 'NONE',  ( 0.6064529184994882360, 1.059447710913049123, 1.405308068831934154 ) ) ;
#819 = VERTEX_POINT ( 'NONE', #3578 ) ;
#820 = FACE_OUTER_BOUND ( 'NONE', #5677, .T. ) ;
#821 = CARTESIAN_POINT ( 'NONE',  ( 0.6076051128906470034, 0.9848628668156962362, 1.414663599035423047 ) ) ;
#822 = CARTESIAN_POINT ( 'NONE',  ( 0.6124283407330460838, 0.9887555036114450413, 1.427361374127131377 ) ) ;
#823 = ORIENTED_EDGE ( 'NONE', *, *, #4579, .F. ) ;
#824 = CARTESIAN_POINT ( 'NONE',  ( 0.5839256035998946492, 1.048925240318641983, 1.394893988710747657 ) ) ;
#825 = FACE_BOUND ( 'NONE', #2492, .T. ) ;
#826 = CARTESIAN_POINT ( 'NONE',  ( 0.6261189023504584172, 0.9839857406912021487, 1.436706222826765966 ) ) ;
#827 = CARTESIAN_POINT ( 'NONE',  ( 0.5841534918303655788, 1.048475492901619344, 1.400442991822578032 ) ) ;
#828 = VERTEX_POINT ( 'NONE', #427 ) ;
#829 = CARTESIAN_POINT ( 'NONE',  ( 0.6110005856699165516, 1.061254581129706942, 1.408087028561206822 ) ) ;
#830 = CARTESIAN_POINT ( 'NONE',  ( 0.6482745058879816336, 0.9671324359696327200, 1.432507161807789586 ) ) ;
#831 = CARTESIAN_POINT ( 'NONE',  ( 0.6135333300589012051, 1.027893667625251917, 1.410679231908608333 ) ) ;
#832 = EDGE_CURVE ( 'NONE', #4087, #870, #1442, .T. ) ;
#833 = CARTESIAN_POINT ( 'NONE',  ( 0.5881800780400276984, 1.096867850146853840, 1.402019870176613558 ) ) ;
#834 = CARTESIAN_POINT ( 'NONE',  ( 0.5803860572724780509, 1.065011189929606639, 1.404792510757428614 ) ) ;
#835 = CARTESIAN_POINT ( 'NONE',  ( 0.6156193881277461921, 1.047056640343686507, 1.411445884962250874 ) ) ;
#836 = EDGE_CURVE ( 'NONE', #2318, #2893, #1338, .T. ) ;
#837 = ORIENTED_EDGE ( 'NONE', *, *, #4025, .F. ) ;
#838 = B_SPLINE_SURFACE_WITH_KNOTS ( 'NONE', 3, 3, ( 
 ( #1427, #2705, #4547, #2251, #4099, #5061, #5946 ),
 ( #1336, #2763, #2308, #6002, #1798, #5731, #4817 ),
 ( #111, #3813, #5668, #5696, #996, #56, #1548 ),
 ( #561, #2485, #2032, #2396, #3842, #1577, #2455 ),
 ( #1972, #1055, #3420, #4728, #3385, #1939, #3356 ),
 ( #5148, #1121, #4244, #1518, #5209, #5237, #2423 ) ),
 .UNSPECIFIED., .F., .F., .F.,
 ( 4, 1, 1, 4 ),
 ( 4, 3, 4 ),
 ( 0.000000000000000000, 0.2857142857142860315, 0.5714285714285709528, 1.000000000000000000 ),
 ( 2.491074491551420213E-07, 1.514213811480540128, 1.574650941815962435 ),
 .UNSPECIFIED. ) ;
#839 = ORIENTED_EDGE ( 'NONE', *, *, #5165, .F. ) ;
#840 = CARTESIAN_POINT ( 'NONE',  ( 0.5889632692317579021, 1.085009889565314412, 1.409987191484334934 ) ) ;
#841 = CARTESIAN_POINT ( 'NONE',  ( 0.6346095331210711565, 0.9918988974452397356, 1.432275053465511538 ) ) ;
#842 = EDGE_CURVE ( 'NONE', #5374, #1938, #5276, .T. ) ;
#843 = CARTESIAN_POINT ( 'NONE',  ( 0.5723734137611661277, 1.076789853598839608, 1.396433333114973641 ) ) ;
#844 = CARTESIAN_POINT ( 'NONE',  ( 0.6387214093124298220, 0.9883721557160067839, 1.435509475762043685 ) ) ;
#845 = B_SPLINE_CURVE_WITH_KNOTS ( 'NONE', 3,
 ( #5636, #1911, #3330, #5272, #2966, #3751, #5604 ),
 .UNSPECIFIED., .F., .F.,
 ( 4, 3, 4 ),
 ( 6.238739583916953183E-05, 0.003728404742098831003, 0.01007988173296216552 ),
 .UNSPECIFIED. ) ;
#846 = DIRECTION ( 'NONE',  ( -0.7738664612091029626, -0.3881086756341956545, -0.5005021040047390457 ) ) ;
#847 = DIRECTION ( 'NONE',  ( 0.5495945148342157305, -0.01876539135242311085, -0.8352207668344541203 ) ) ;
#848 = CARTESIAN_POINT ( 'NONE',  ( 0.5916679144360742493, 0.9325800199295378734, 1.405613335111646434 ) ) ;
#849 = ORIENTED_EDGE ( 'NONE', *, *, #5476, .F. ) ;
#850 = EDGE_CURVE ( 'NONE', #5544, #1586, #1853, .T. ) ;
#851 = CARTESIAN_POINT ( 'NONE',  ( 0.6048771296614219306, 1.050933765858625524, 1.404462451219101515 ) ) ;
#852 = CARTESIAN_POINT ( 'NONE',  ( 0.5939862111427106628, 1.026450393026422825, 1.404767676625853445 ) ) ;
#853 = DIRECTION ( 'NONE',  ( -0.7637702840998400466, -0.4163964417921054983, -0.4932230290537167328 ) ) ;
#854 = ORIENTED_EDGE ( 'NONE', *, *, #4186, .F. ) ;
#855 = CARTESIAN_POINT ( 'NONE',  ( 0.5869215925105978338, 1.042173531415660825, 1.397017113041588043 ) ) ;
#856 = CYLINDRICAL_SURFACE ( 'NONE', #5543, 0.01000000000000003490 ) ;
#857 = CARTESIAN_POINT ( 'NONE',  ( 0.6246902635719069341, 0.9532904233752074186, 1.427103709374255569 ) ) ;
#858 = VERTEX_POINT ( 'NONE', #2339 ) ;
#859 = ORIENTED_EDGE ( 'NONE', *, *, #3507, .T. ) ;
#860 = CARTESIAN_POINT ( 'NONE',  ( 0.6291769713896051552, 1.006940459278423905, 1.426229605162135927 ) ) ;
#861 = CARTESIAN_POINT ( 'NONE',  ( 0.6058688327926020634, 0.9977124795571871152, 1.406137555237836567 ) ) ;
#862 = CARTESIAN_POINT ( 'NONE',  ( 0.5780327125421413914, 1.069074283893019395, 1.379206903032869080 ) ) ;
#863 = B_SPLINE_CURVE_WITH_KNOTS ( 'NONE', 3,
 ( #3334, #4672, #3846, #2007, #4224, #512, #3275, #5152, #1458, #971 ),
 .UNSPECIFIED., .F., .F.,
 ( 4, 2, 2, 2, 4 ),
 ( -2.512798787915644316E-05, 0.003129419236630086223, 0.006283966461139328316, 0.009438513685648571711, 0.01259306091015781337 ),
 .UNSPECIFIED. ) ;
#864 = CARTESIAN_POINT ( 'NONE',  ( 0.5871608569812640788, 1.043718200600904922, 1.402529607720835569 ) ) ;
#865 = CARTESIAN_POINT ( 'NONE',  ( 0.5926515009715491722, 1.035907479146386478, 1.410695309985259494 ) ) ;
#866 = CARTESIAN_POINT ( 'NONE',  ( 0.6294936561654123075, 1.011004507690672627, 1.421386114745581741 ) ) ;
#867 = EDGE_LOOP ( 'NONE', ( #3172, #2249, #2107, #3296, #1980, #5006, #4446 ) ) ;
#868 = ADVANCED_FACE ( 'NONE', ( #5548 ), #1941, .F. ) ;
#869 = EDGE_CURVE ( 'NONE', #657, #3922, #3753, .T. ) ;
#870 = VERTEX_POINT ( 'NONE', #29 ) ;
#871 = CARTESIAN_POINT ( 'NONE',  ( 0.6085998531477505580, 0.9828976316052350226, 1.417841744714118501 ) ) ;
#872 = CARTESIAN_POINT ( 'NONE',  ( 0.6330076696950563964, 0.9946762538462557979, 1.431158589927642888 ) ) ;
#873 = CARTESIAN_POINT ( 'NONE',  ( 0.6068094993928510039, 0.9984945165102678821, 1.423674213520091714 ) ) ;
#874 = CARTESIAN_POINT ( 'NONE',  ( 0.6399893949714219321, 0.9883288615300604985, 1.433582513381864043 ) ) ;
#875 = CARTESIAN_POINT ( 'NONE',  ( 0.6087644441934634276, 0.9791158528284447105, 1.414506958299163397 ) ) ;
#876 = CARTESIAN_POINT ( 'NONE',  ( 0.7350591037944609329, 1.081467393095391305, 1.503806632714707048 ) ) ;
#877 = FACE_OUTER_BOUND ( 'NONE', #2191, .T. ) ;
#878 = VERTEX_POINT ( 'NONE', #538 ) ;
#879 = AXIS2_PLACEMENT_3D ( 'NONE', #350, #5391, #4445 ) ;
#880 = CARTESIAN_POINT ( 'NONE',  ( 0.6312195844273443823, 0.9576944401375132587, 1.431381645024984772 ) ) ;
#881 = B_SPLINE_CURVE_WITH_KNOTS ( 'NONE', 3,
 ( #2208, #3113, #2151, #5419, #4086, #5877 ),
 .UNSPECIFIED., .F., .F.,
 ( 4, 2, 4 ),
 ( 0.005217837482550303010, 0.01206406654455320637, 0.01891029560655611147 ),
 .UNSPECIFIED. ) ;
#882 = CARTESIAN_POINT ( 'NONE',  ( 0.6087357363409984234, 0.9813715616470231051, 1.416860326906751677 ) ) ;
#883 = CARTESIAN_POINT ( 'NONE',  ( 0.6102819178580828341, 0.9667768467384019182, 1.420690175589495396 ) ) ;
#884 = CARTESIAN_POINT ( 'NONE',  ( 0.5862356894093144755, 1.044836255247127088, 1.397880258421148936 ) ) ;
#885 = DATE_TIME_ROLE ( 'creation_date' ) ;
#886 = VECTOR ( 'NONE', #4866, 1.000000000000000000 ) ;
#887 = CARTESIAN_POINT ( 'NONE',  ( 0.6006517189932452094, 1.041822883133185051, 1.418648768447137387 ) ) ;
#888 = EDGE_CURVE ( 'NONE', #2404, #4476, #3728, .T. ) ;
#889 = CARTESIAN_POINT ( 'NONE',  ( 0.6285151984486684329, 0.9948719389911293565, 1.431574772971418996 ) ) ;
#890 = VERTEX_POINT ( 'NONE', #1429 ) ;
#891 = CARTESIAN_POINT ( 'NONE',  ( 0.5901557153108527576, 1.037624567803843822, 1.403370375786814339 ) ) ;
#892 = ORIENTED_EDGE ( 'NONE', *, *, #2482, .F. ) ;
#893 = CARTESIAN_POINT ( 'NONE',  ( 0.6266804748962180316, 1.017654730333921842, 1.419384359035110288 ) ) ;
#894 = CARTESIAN_POINT ( 'NONE',  ( 0.5907027119137171489, 1.038183540365249513, 1.406558775656826965 ) ) ;
#895 = AXIS2_PLACEMENT_3D ( 'NONE', #3868, #1545, #3027 ) ;
#896 = CARTESIAN_POINT ( 'NONE',  ( 0.6182756068032337904, 1.015271581628170550, 1.414083374475899602 ) ) ;
#897 = DIRECTION ( 'NONE',  ( 0.7634921837107437881, 0.4164058806629341025, 0.4936454476260527802 ) ) ;
#898 = CARTESIAN_POINT ( 'NONE',  ( 0.5941897074819084690, 1.031899399066431133, 1.411797537191051166 ) ) ;
#899 = AXIS2_PLACEMENT_3D ( 'NONE', #3543, #3002, #246 ) ;
#900 = ORIENTED_EDGE ( 'NONE', *, *, #5144, .T. ) ;
#901 = CIRCLE ( 'NONE', #3419, 0.001000000000000091961 ) ;
#902 = ORIENTED_EDGE ( 'NONE', *, *, #4145, .F. ) ;
#903 = CARTESIAN_POINT ( 'NONE',  ( 0.6250545810520793388, 1.064477375072780285, 1.426998598303930166 ) ) ;
#904 = CARTESIAN_POINT ( 'NONE',  ( 0.6100448063826175993, 1.048794116557122180, 1.414832599080922293 ) ) ;
#905 = CARTESIAN_POINT ( 'NONE',  ( 0.6044465242044942954, 1.003483841283909328, 1.419185187878981180 ) ) ;
#906 = CARTESIAN_POINT ( 'NONE',  ( 0.6063628288889915119, 1.054297025066614379, 1.414965781904742759 ) ) ;
#907 = CARTESIAN_POINT ( 'NONE',  ( 0.6146585376688198377, 0.9872385295339691780, 1.411918540616673212 ) ) ;
#908 = VECTOR ( 'NONE', #495, 1.000000000000000000 ) ;
#909 = CARTESIAN_POINT ( 'NONE',  ( 0.6084154977152123056, 0.9778288678299323911, 1.413182804149792471 ) ) ;
#910 = DIRECTION ( 'NONE',  ( 0.7738664612090468964, 0.3881086756342786437, 0.5005021040047612502 ) ) ;
#911 = ORIENTED_EDGE ( 'NONE', *, *, #5165, .T. ) ;
#912 = EDGE_CURVE ( 'NONE', #4687, #1046, #510, .T. ) ;
#913 = VECTOR ( 'NONE', #4142, 1.000000000000000000 ) ;
#914 = CARTESIAN_POINT ( 'NONE',  ( 0.6248152867570542224, 0.9562773399904153093, 1.427423874203416876 ) ) ;
#915 = CARTESIAN_POINT ( 'NONE',  ( 0.6033352423121715047, 1.001731332358867688, 1.412849242539694350 ) ) ;
#916 = DIRECTION ( 'NONE',  ( 0.3650397643841983286, 0.9046541402764890494, 0.2198791870526527192 ) ) ;
#917 = CARTESIAN_POINT ( 'NONE',  ( 0.5906273790570396587, 1.034193605754172074, 1.401009206033302146 ) ) ;
#918 = CARTESIAN_POINT ( 'NONE',  ( 0.6133427720606404732, 1.008841378212690820, 1.427740788547782858 ) ) ;
#919 = CARTESIAN_POINT ( 'NONE',  ( 0.6301238027167540556, 0.9540168719462279734, 1.430459428316633863 ) ) ;
#920 = EDGE_LOOP ( 'NONE', ( #5037, #3231, #461, #4993, #5314 ) ) ;
#921 = CARTESIAN_POINT ( 'NONE',  ( 0.5964524528898453859, 1.019886225170735239, 1.406538001519473280 ) ) ;
#922 = ORIENTED_EDGE ( 'NONE', *, *, #4727, .F. ) ;
#923 = CARTESIAN_POINT ( 'NONE',  ( 0.6170395326899804633, 1.025394019834434900, 1.421338965246611519 ) ) ;
#924 = CARTESIAN_POINT ( 'NONE',  ( 0.6000940810988856233, 1.011342317033383953, 1.410502396938591696 ) ) ;
#925 = DIRECTION ( 'NONE',  ( -0.3410085708455583564, 0.9076310146233587117, -0.2447837737752288079 ) ) ;
#926 = CYLINDRICAL_SURFACE ( 'NONE', #5039, 0.009000000000000030545 ) ;
#927 = DIRECTION ( 'NONE',  ( 0.7514598057663981479, -0.4257331870643814575, 0.5040430673558873309 ) ) ;
#928 = CARTESIAN_POINT ( 'NONE',  ( 0.5912875088289558656, 1.041660504024416012, 1.412490550597722994 ) ) ;
#929 = ORIENTED_EDGE ( 'NONE', *, *, #4925, .T. ) ;
#930 = ORIENTED_EDGE ( 'NONE', *, *, #985, .F. ) ;
#931 = FACE_OUTER_BOUND ( 'NONE', #2645, .T. ) ;
#932 = CARTESIAN_POINT ( 'NONE',  ( 0.6089473308043333866, 1.051982953235601981, 1.414038789405029029 ) ) ;
#933 = CARTESIAN_POINT ( 'NONE',  ( 0.6025779872306535889, 1.009107908747125082, 1.417829288285132661 ) ) ;
#934 = CARTESIAN_POINT ( 'NONE',  ( 0.6188165548019716189, 0.9931518452099912242, 1.420806123947096378 ) ) ;
#935 = CARTESIAN_POINT ( 'NONE',  ( 0.6424636464385182766, 0.9882443805248283253, 1.429822384501548083 ) ) ;
#936 = EDGE_LOOP ( 'NONE', ( #4427, #3743, #5686 ) ) ;
#937 = CARTESIAN_POINT ( 'NONE',  ( 0.6298051706543560391, 0.9570802475578105151, 1.430481273974092415 ) ) ;
#938 = CARTESIAN_POINT ( 'NONE',  ( 0.6075909733985400685, 0.9865650173322393357, 1.415990362112750311 ) ) ;
#939 = CARTESIAN_POINT ( 'NONE',  ( 0.5994083592501402435, 1.054223027863814499, 1.409769634261357485 ) ) ;
#940 = CARTESIAN_POINT ( 'NONE',  ( 0.5876680125224558182, 1.041496445255989167, 1.398897797497914652 ) ) ;
#941 = APPROVAL_ROLE ( '' ) ;
#942 = CARTESIAN_POINT ( 'NONE',  ( 0.5875136490898971164, 1.042770410381747670, 1.398119909690225260 ) ) ;
#943 = CARTESIAN_POINT ( 'NONE',  ( 0.6210640989799802725, 0.9538627734347874254, 1.424970337093431016 ) ) ;
#944 = CC_DESIGN_PERSON_AND_ORGANIZATION_ASSIGNMENT ( #1829, #1402, ( #1981 ) ) ;
#945 = EDGE_CURVE ( 'NONE', #828, #4111, #562, .T. ) ;
#946 = ORIENTED_EDGE ( 'NONE', *, *, #4281, .F. ) ;
#947 = CARTESIAN_POINT ( 'NONE',  ( 0.5899829695266260998, 1.038054865140972671, 1.403247037338476666 ) ) ;
#948 = ORIENTED_EDGE ( 'NONE', *, *, #679, .T. ) ;
#949 = CARTESIAN_POINT ( 'NONE',  ( 0.6251796301620771157, 1.006061635742614646, 1.427127821347360825 ) ) ;
#950 = CARTESIAN_POINT ( 'NONE',  ( 0.6143872460520046763, 0.9936370691407305777, 1.428769680573272360 ) ) ;
#951 = CARTESIAN_POINT ( 'NONE',  ( 0.5968438292674785872, 1.023096695387053945, 1.399628879307224905 ) ) ;
#952 = LINE ( 'NONE', #1069, #2820 ) ;
#953 = B_SPLINE_CURVE_WITH_KNOTS ( 'NONE', 3,
 ( #5388, #1693, #3901, #199, #2959, #4388, #2091, #2509, #5790, #5361, #5759, #3445, #5299, #4471, #319, #1633, #1232, #5329, #1178, #1207, #1571, #772, #3024, #717, #2627, #3413, #4356, #2573, #4416 ),
 .UNSPECIFIED., .F., .F.,
 ( 4, 2, 1, 2, 2, 2, 2, 1, 2, 2, 2, 2, 1, 2, 2, 4 ),
 ( 0.000000000000000000, 0.1249999999999791278, 0.1874999999999675260, 0.2187499999999598377, 0.2499999999999521494, 0.3749999999998990807, 0.4374999999998608891, 0.4687499999998375189, 0.4843749999998358535, 0.4999999999998341882, 0.6249999999999160671, 0.6874999999999517053, 0.7187499999999693578, 0.7343749999999781286, 0.7499999999999870104, 1.000000000000000000 ),
 .UNSPECIFIED. ) ;
#954 = CARTESIAN_POINT ( 'NONE',  ( 0.6482745058879816336, 0.9671324359696327200, 1.432507161807789586 ) ) ;
#955 = CARTESIAN_POINT ( 'NONE',  ( 0.5940552866242702068, 1.034603935538180197, 1.414470356212590874 ) ) ;
#956 = VERTEX_POINT ( 'NONE', #4246 ) ;
#957 = EDGE_CURVE ( 'NONE', #4909, #5864, #3781, .T. ) ;
#958 = ORIENTED_EDGE ( 'NONE', *, *, #1698, .T. ) ;
#959 = CARTESIAN_POINT ( 'NONE',  ( 0.5926379547932604241, 1.050558955935821270, 1.391628060188114357 ) ) ;
#960 = CARTESIAN_POINT ( 'NONE',  ( 0.5976328789887099813, 1.060898733972975627, 1.413411678456210741 ) ) ;
#962 = CARTESIAN_POINT ( 'NONE',  ( 0.5959893699186499250, 1.027053846686751815, 1.413090624400319850 ) ) ;
#961 = CARTESIAN_POINT ( 'NONE',  ( 0.6080347509966786967, 0.9842433555418041990, 1.416334540128004971 ) ) ;
#963 = CARTESIAN_POINT ( 'NONE',  ( 0.6070853378056494387, 1.054262627321643109, 1.413831418855967748 ) ) ;
#964 = CARTESIAN_POINT ( 'NONE',  ( 0.5948234422724940629, 1.034769086163227270, 1.412577533323018164 ) ) ;
#965 = CARTESIAN_POINT ( 'NONE',  ( 0.5981302212320402933, 1.053727777582534664, 1.409532510534460714 ) ) ;
#966 = ORIENTED_EDGE ( 'NONE', *, *, #1595, .T. ) ;
#967 = CARTESIAN_POINT ( 'NONE',  ( 0.6398801540336782612, 0.9739156079510478126, 1.438243719589583414 ) ) ;
#968 = CARTESIAN_POINT ( 'NONE',  ( 0.5815385143796866219, 1.055626210630897566, 1.395921295175525545 ) ) ;
#969 = CARTESIAN_POINT ( 'NONE',  ( 0.6354941476795484823, 0.9853864447763790446, 1.437961659256361990 ) ) ;
#970 = CARTESIAN_POINT ( 'NONE',  ( 0.5855048225750947299, 1.046490615759511966, 1.397362161718100904 ) ) ;
#971 = CARTESIAN_POINT ( 'NONE',  ( 0.6086180080846776974, 0.9814094368391568235, 1.416782008037331009 ) ) ;
#972 = DIRECTION ( 'NONE',  ( 0.5495945148341921938, -0.01876539135241011083, -0.8352207668344697744 ) ) ;
#973 =( BOUNDED_SURFACE ( )  B_SPLINE_SURFACE ( 3, 1, ( 
 ( #86, #149 ),
 ( #566, #4249 ),
 ( #1944, #540 ),
 ( #2427, #5641 ) ),
 .UNSPECIFIED., .F., .F., .F. ) 
 B_SPLINE_SURFACE_WITH_KNOTS ( ( 4, 4 ),
 ( 2, 2 ),
 ( 0.000000000000000000, 1.000000000000000000 ),
 ( 0.000000000000000000, 1.000000000000000000 ),
 .UNSPECIFIED. ) 
 GEOMETRIC_REPRESENTATION_ITEM ( )  RATIONAL_B_SPLINE_SURFACE ( (
 ( 1.000000000000000000, 1.000000000000000000),
 ( 0.9999342113780601560, 0.9999342113780601560),
 ( 0.9999342113780601560, 0.9999342113780601560),
 ( 1.000000000000000000, 1.000000000000000000) ) ) 
 REPRESENTATION_ITEM ( '' )  SURFACE ( )  );
#974 = CARTESIAN_POINT ( 'NONE',  ( 0.6107590041372323864, 0.9692374471175859707, 1.417089997570589954 ) ) ;
#975 = VECTOR ( 'NONE', #5182, 1.000000000000000000 ) ;
#976 = ORIENTED_EDGE ( 'NONE', *, *, #4355, .T. ) ;
#977 = CARTESIAN_POINT ( 'NONE',  ( 0.5907756754970877600, 1.049524993991229449, 1.404194682847711650 ) ) ;
#978 = CARTESIAN_POINT ( 'NONE',  ( 0.5964104924628248483, 1.021255857903891506, 1.407855745874774023 ) ) ;
#979 = CARTESIAN_POINT ( 'NONE',  ( 0.6029046438374470185, 1.003169159934518273, 1.412535446912317916 ) ) ;
#980 = DIRECTION ( 'NONE',  ( 0.7512883676660683241, -0.4257273140144343104, 0.5043035224066056976 ) ) ;
#981 = VECTOR ( 'NONE', #2130, 1.000000000000000000 ) ;
#982 = ADVANCED_FACE ( 'NONE', ( #4744 ), #4129, .F. ) ;
#983 = CARTESIAN_POINT ( 'NONE',  ( 0.6056672474480863100, 1.068765615057381879, 1.410129048839931398 ) ) ;
#984 = CARTESIAN_POINT ( 'NONE',  ( 0.6008235121154701375, 1.016224806030946004, 1.419336939186154334 ) ) ;
#985 = EDGE_CURVE ( 'NONE', #4208, #4076, #2865, .T. ) ;
#986 = ORIENTED_EDGE ( 'NONE', *, *, #353, .T. ) ;
#987 = EDGE_LOOP ( 'NONE', ( #4490, #2095, #3995, #757 ) ) ;
#988 = DIRECTION ( 'NONE',  ( -0.5495945148342157305, 0.01876539135242311085, 0.8352207668344541203 ) ) ;
#989 = CARTESIAN_POINT ( 'NONE',  ( 0.6054157267802636744, 1.047472150872399421, 1.416012599104424119 ) ) ;
#991 = CARTESIAN_POINT ( 'NONE',  ( 0.6048244124512738296, 1.004912748250381460, 1.422223778409929640 ) ) ;
#990 = CARTESIAN_POINT ( 'NONE',  ( 0.6067208685417038172, 0.9897374493801742723, 1.415346536184421744 ) ) ;
#992 = CARTESIAN_POINT ( 'NONE',  ( 0.6094167694006192848, 0.9715186018221204645, 1.413842701190143103 ) ) ;
#993 = DIRECTION ( 'NONE',  ( -0.7634921837107450093, -0.4164058806629313270, -0.4936454476260536128 ) ) ;
#994 = VECTOR ( 'NONE', #4170, 1.000000000000000000 ) ;
#995 = ORIENTED_EDGE ( 'NONE', *, *, #3061, .T. ) ;
#996 = CARTESIAN_POINT ( 'NONE',  ( 0.6283271394178593372, 0.9956736759153561600, 1.420723279210157841 ) ) ;
#997 = CARTESIAN_POINT ( 'NONE',  ( 0.6093585639517216102, 0.9819798426902346389, 1.420078530665065841 ) ) ;
#998 = CARTESIAN_POINT ( 'NONE',  ( 0.6072332449654043174, 1.023991169995779993, 1.423380199711739236 ) ) ;
#999 = VECTOR ( 'NONE', #5602, 1.000000000000000000 ) ;
#1000 = CARTESIAN_POINT ( 'NONE',  ( 0.5745884592959035198, 1.067473159304311858, 1.389707516054056846 ) ) ;
#1001 = PERSON_AND_ORGANIZATION_ROLE ( 'design_supplier' ) ;
#1002 = PLANE ( 'NONE',  #5749 ) ;
#1003 = FACE_OUTER_BOUND ( 'NONE', #3173, .T. ) ;
#1004 = AXIS2_PLACEMENT_3D ( 'NONE', #2103, #3947, #302 ) ;
#1005 = CARTESIAN_POINT ( 'NONE',  ( 0.6091313837069408654, 0.9771461387626513284, 1.415841296633137514 ) ) ;
#1006 = ORIENTED_EDGE ( 'NONE', *, *, #5811, .T. ) ;
#1007 = CARTESIAN_POINT ( 'NONE',  ( 0.5860958330161897267, 1.043238041193875754, 1.401840907467040820 ) ) ;
#1008 = CARTESIAN_POINT ( 'NONE',  ( 0.6313122343108084067, 1.007162884213215648, 1.422667789978620423 ) ) ;
#1009 = CIRCLE ( 'NONE', #130, 0.02059315284945592225 ) ;
#1010 = CARTESIAN_POINT ( 'NONE',  ( 0.6064523726525702374, 0.9905604691971877651, 1.415153185324408369 ) ) ;
#1011 = B_SPLINE_CURVE_WITH_KNOTS ( 'NONE', 3,
 ( #4317, #1468, #5681, #5162, #522, #3370 ),
 .UNSPECIFIED., .F., .F.,
 ( 4, 2, 4 ),
 ( 0.08697023538185796876, 0.09411636241179108242, 0.1012624894417239185 ),
 .UNSPECIFIED. ) ;
#1012 = CARTESIAN_POINT ( 'NONE',  ( 0.6069849164821985443, 0.9937866592564805757, 1.406960651042114874 ) ) ;
#1013 = CARTESIAN_POINT ( 'NONE',  ( 0.6152820888490595497, 1.039124511853959376, 1.417121800012584254 ) ) ;
#1014 = CARTESIAN_POINT ( 'NONE',  ( 0.5923140863501175080, 1.039086043264515480, 1.413223904176423629 ) ) ;
#1015 = ADVANCED_FACE ( 'NONE', ( #2474 ), #2443, .T. ) ;
#1016 = CARTESIAN_POINT ( 'NONE',  ( 0.6101402057537148593, 0.9804893817817786905, 1.409335564211345870 ) ) ;
#1017 = ORIENTED_EDGE ( 'NONE', *, *, #5987, .T. ) ;
#1018 = VERTEX_POINT ( 'NONE', #4715 ) ;
#1019 = CARTESIAN_POINT ( 'NONE',  ( 0.6356034204517915231, 0.9989612407447722164, 1.425674655547869651 ) ) ;
#1020 = EDGE_CURVE ( 'NONE', #5534, #3966, #2641, .T. ) ;
#1021 = CARTESIAN_POINT ( 'NONE',  ( 0.6273131484553613468, 0.9950714876864534819, 1.431598923475638552 ) ) ;
#1023 = CARTESIAN_POINT ( 'NONE',  ( 0.5829325035188680504, 1.060055431725670960, 1.406579474983830291 ) ) ;
#1022 = CARTESIAN_POINT ( 'NONE',  ( 0.5766349362956744162, 1.067740169190038779, 1.396618802252439728 ) ) ;
#1024 = CARTESIAN_POINT ( 'NONE',  ( 0.6347283584200644757, 0.9674632516270678106, 1.418796898982093158 ) ) ;
#1025 = CARTESIAN_POINT ( 'NONE',  ( 0.5948803431487863502, 1.032133707158800373, 1.414919415649565915 ) ) ;
#1026 = ORIENTED_EDGE ( 'NONE', *, *, #5018, .T. ) ;
#1027 = MANIFOLD_SOLID_BREP ( 'Rod - Copy-1-solid1', #2248 ) ;
#1028 = PLANE ( 'NONE',  #99 ) ;
#1029 = CARTESIAN_POINT ( 'NONE',  ( 0.6002494399439730621, 1.010827774908973131, 1.410614338387508715 ) ) ;
#1030 = CARTESIAN_POINT ( 'NONE',  ( 0.6202724861660383615, 0.9923353465594552114, 1.432198748775023622 ) ) ;
#1031 = CARTESIAN_POINT ( 'NONE',  ( 0.5889485400447744823, 1.039499218225507171, 1.401159597380009281 ) ) ;
#1032 = CARTESIAN_POINT ( 'NONE',  ( 0.5880687073875665583, 1.043259729072770536, 1.403137781408366314 ) ) ;
#1033 = CARTESIAN_POINT ( 'NONE',  ( 0.6077870339309826564, 0.9659088866108502813, 1.419175987269428951 ) ) ;
#1034 = ORIENTED_EDGE ( 'NONE', *, *, #5244, .T. ) ;
#1035 = ADVANCED_FACE ( 'NONE', ( #133 ), #3209, .T. ) ;
#1036 = CARTESIAN_POINT ( 'NONE',  ( 0.6045672111600831622, 0.9951291590888708960, 1.411059620515926261 ) ) ;
#1037 = ORIENTED_EDGE ( 'NONE', *, *, #5285, .T. ) ;
#1038 = DIRECTION ( 'NONE',  ( 0.3410085708455593001, -0.9076310146233584897, 0.2447837737752281140 ) ) ;
#1039 = CARTESIAN_POINT ( 'NONE',  ( 0.5906797299892188047, 1.038171060975519477, 1.406543915168571246 ) ) ;
#1040 = CARTESIAN_POINT ( 'NONE',  ( 0.5965359686818548779, 1.023290693422555409, 1.410731988617364374 ) ) ;
#1041 = PLANE ( 'NONE',  #5824 ) ;
#1042 = CARTESIAN_POINT ( 'NONE',  ( 0.6041227499816382851, 1.083317095265375229, 1.407411493048916995 ) ) ;
#1043 = CARTESIAN_POINT ( 'NONE',  ( 0.5907871614300397312, 1.042895309651793667, 1.412133567380066568 ) ) ;
#1044 = CARTESIAN_POINT ( 'NONE',  ( 0.6101219057980389326, 0.9805783032083043027, 1.409321537064525787 ) ) ;
#1045 = VERTEX_POINT ( 'NONE', #2759 ) ;
#1046 = VERTEX_POINT ( 'NONE', #2413 ) ;
#1047 = CARTESIAN_POINT ( 'NONE',  ( 0.6230178835474233789, 1.002649495631010579, 1.417487517043098944 ) ) ;
#1048 = CARTESIAN_POINT ( 'NONE',  ( 0.6214178569750141712, 0.9925444905266848084, 1.433420532202857478 ) ) ;
#1050 = DIRECTION ( 'NONE',  ( -0.5475970315697696877, 0.01985330331922309163, 0.8365066272082317678 ) ) ;
#1049 = CARTESIAN_POINT ( 'NONE',  ( 0.5916673763711716161, 1.033789033120293244, 1.404451258796756141 ) ) ;
#1051 = LINE ( 'NONE', #3381, #3020 ) ;
#1052 = FACE_OUTER_BOUND ( 'NONE', #6, .T. ) ;
#1053 = ADVANCED_FACE ( 'NONE', ( #2279 ), #1758, .T. ) ;
#1054 = VERTEX_POINT ( 'NONE', #3053 ) ;
#1055 = CARTESIAN_POINT ( 'NONE',  ( 0.6345948910624000794, 0.9912766150625889061, 1.437273931713546338 ) ) ;
#1056 = CARTESIAN_POINT ( 'NONE',  ( 0.6086608783648962406, 0.9851739385776956404, 1.419547673856244252 ) ) ;
#1057 = CARTESIAN_POINT ( 'NONE',  ( 0.6217509236350500235, 0.9924142610990358548, 1.432928645111356536 ) ) ;
#1058 = CARTESIAN_POINT ( 'NONE',  ( 0.5896130153746331759, 1.037862581070036816, 1.401633608742008930 ) ) ;
#1059 = CARTESIAN_POINT ( 'NONE',  ( 0.6273825455324282263, 0.9779065142301006652, 1.420912279358602426 ) ) ;
#1060 = CARTESIAN_POINT ( 'NONE',  ( 0.6100339361000732818, 1.016953896740341312, 1.425281232497805695 ) ) ;
#1061 = CARTESIAN_POINT ( 'NONE',  ( 0.6074191912934440163, 0.9667377483702415120, 1.419149033604521826 ) ) ;
#1062 = ORIENTED_EDGE ( 'NONE', *, *, #4028, .F. ) ;
#1063 = CARTESIAN_POINT ( 'NONE',  ( 0.6018974640676320043, 1.003623228429039616, 1.409112024194162593 ) ) ;
#1064 = ORIENTED_EDGE ( 'NONE', *, *, #2482, .T. ) ;
#1065 = EDGE_CURVE ( 'NONE', #1273, #2695, #1668, .T. ) ;
#1066 = FACE_OUTER_BOUND ( 'NONE', #5596, .T. ) ;
#1067 = DIRECTION ( 'NONE',  ( -0.7505752902509300606, -0.4501006340066251443, -0.4837831672676988770 ) ) ;
#1068 = CARTESIAN_POINT ( 'NONE',  ( 0.6479427698910054101, 0.9658573645624145554, 1.438303960836144091 ) ) ;
#1069 = CARTESIAN_POINT ( 'NONE',  ( 0.6274087103128862530, 1.052310003342218581, 1.433625288721253499 ) ) ;
#1070 = CIRCLE ( 'NONE', #3880, 0.0009999999999999566527 ) ;
#1071 = LINE ( 'NONE', #4772, #2238 ) ;
#1072 = CARTESIAN_POINT ( 'NONE',  ( 0.6088875052143225552, 1.063197446943388247, 1.410998851665971499 ) ) ;
#1073 = CARTESIAN_POINT ( 'NONE',  ( 0.6424942679501519649, 0.9733396134686955747, 1.439655834973937010 ) ) ;
#1074 = CIRCLE ( 'NONE', #689, 0.001000000000000008694 ) ;
#1075 = CARTESIAN_POINT ( 'NONE',  ( 0.6082199818942460867, 0.9788129623009189650, 1.413058441995295844 ) ) ;
#1076 = ORIENTED_EDGE ( 'NONE', *, *, #5326, .T. ) ;
#1077 = EDGE_LOOP ( 'NONE', ( #2956, #5472, #154, #1706, #3363, #367, #2128 ) ) ;
#1078 = CARTESIAN_POINT ( 'NONE',  ( 0.6315152045194889485, 0.9941557245118154418, 1.431564367483885825 ) ) ;
#1079 = CARTESIAN_POINT ( 'NONE',  ( 0.5934650393985286820, 1.078518700386149387, 1.410273265898813300 ) ) ;
#1081 = CARTESIAN_POINT ( 'NONE',  ( 0.5746504057148658084, 1.074812993843055953, 1.400798097000088838 ) ) ;
#1080 = CARTESIAN_POINT ( 'NONE',  ( 0.5938576270438481464, 1.028050114998344089, 1.406021433835964896 ) ) ;
#1082 = CARTESIAN_POINT ( 'NONE',  ( 0.5939800799559964428, 1.049954473704144409, 1.401504452515579979 ) ) ;
#1083 = CARTESIAN_POINT ( 'NONE',  ( 0.6067107927974825232, 1.054483721070109459, 1.415167588666823129 ) ) ;
#1084 = ORIENTED_EDGE ( 'NONE', *, *, #5433, .F. ) ;
#1085 = LINE ( 'NONE', #4700, #1181 ) ;
#1086 = CARTESIAN_POINT ( 'NONE',  ( 0.6043270891833449898, 1.001234287692001734, 1.416335103472985635 ) ) ;
#1087 = CARTESIAN_POINT ( 'NONE',  ( 0.5828604395184090459, 1.036633185549096670, 1.469587278268319475 ) ) ;
#1088 = CARTESIAN_POINT ( 'NONE',  ( 0.5867255353854936573, 1.044779910289248104, 1.399578164694388560 ) ) ;
#1089 = CARTESIAN_POINT ( 'NONE',  ( 0.5879169721773029877, 1.042952653299143329, 1.402200845628280845 ) ) ;
#1090 = CIRCLE ( 'NONE', #315, 0.02100000000000002559 ) ;
#1091 = ADVANCED_FACE ( 'NONE', ( #262 ), #3959, .T. ) ;
#1092 = CARTESIAN_POINT ( 'NONE',  ( 0.6501411479503421686, 0.9657823029970047379, 1.434963077768806272 ) ) ;
#1093 = CARTESIAN_POINT ( 'NONE',  ( 0.6061220907949660397, 1.000827362872436455, 1.423169469401484033 ) ) ;
#1094 = ORIENTED_EDGE ( 'NONE', *, *, #1483, .F. ) ;
#1095 = AXIS2_PLACEMENT_3D ( 'NONE', #22, #4215, #993 ) ;
#1096 = CARTESIAN_POINT ( 'NONE',  ( 0.5979695913559448517, 1.060565948388027202, 1.413640719841965820 ) ) ;
#1097 = CARTESIAN_POINT ( 'NONE',  ( 0.5716460783084732489, 1.071230512478223984, 1.386312632510286136 ) ) ;
#1098 = ORIENTED_EDGE ( 'NONE', *, *, #1947, .T. ) ;
#1099 = ADVANCED_FACE ( 'NONE', ( #3530 ), #2955, .F. ) ;
#1100 = DIRECTION ( 'NONE',  ( 0.5495945148342153974, -0.01876539135242208389, -0.8352207668344542313 ) ) ;
#1101 = CARTESIAN_POINT ( 'NONE',  ( 0.5842195782520755998, 1.048286263538669827, 1.400490726842539946 ) ) ;
#1102 = LINE ( 'NONE', #3341, #3709 ) ;
#1103 = VECTOR ( 'NONE', #4376, 1.000000000000000000 ) ;
#1104 = CARTESIAN_POINT ( 'NONE',  ( 0.6026836642652327880, 1.036250981320445019, 1.420110849427091537 ) ) ;
#1105 = ADVANCED_FACE ( 'NONE', ( #645 ), #733, .T. ) ;
#1106 = CARTESIAN_POINT ( 'NONE',  ( 0.6392121782551563047, 0.9780094851523470911, 1.438514705174074759 ) ) ;
#1107 = CC_DESIGN_APPROVAL ( #128, ( #2105 ) ) ;
#1108 = CARTESIAN_POINT ( 'NONE',  ( 0.6251735166426987123, 1.017729159844629194, 1.422736985031899160 ) ) ;
#1109 = CARTESIAN_POINT ( 'NONE',  ( 0.6397111241080131183, 0.9621178669137243622, 1.436845349927892368 ) ) ;
#1110 = CARTESIAN_POINT ( 'NONE',  ( 0.6102073511027679142, 0.9732372065563271724, 1.417661885896602803 ) ) ;
#1111 = EDGE_LOOP ( 'NONE', ( #4131, #4556 ) ) ;
#1112 = CIRCLE ( 'NONE', #2088, 0.0009999999999999974187 ) ;
#1113 = ORIENTED_EDGE ( 'NONE', *, *, #4952, .F. ) ;
#1114 = CARTESIAN_POINT ( 'NONE',  ( 0.6366206765142955470, 0.9933194027311270657, 1.431393869748218473 ) ) ;
#1115 = CARTESIAN_POINT ( 'NONE',  ( 0.6309487726677754926, 0.9338607324334901039, 1.430234982426185519 ) ) ;
#1117 = CARTESIAN_POINT ( 'NONE',  ( 0.6050905590150534863, 1.004083735753096951, 1.422417534889615975 ) ) ;
#1116 = CARTESIAN_POINT ( 'NONE',  ( 0.5803820536685108111, 1.063029520557392082, 1.402012364173650605 ) ) ;
#1118 = CARTESIAN_POINT ( 'NONE',  ( 0.6261438218539879808, 0.9724682914536767475, 1.420219354345975571 ) ) ;
#1119 = CARTESIAN_POINT ( 'NONE',  ( 0.6297837341428040858, 0.9806239013391062631, 1.415247534262352502 ) ) ;
#1120 = ORIENTED_EDGE ( 'NONE', *, *, #4056, .T. ) ;
#1121 = CARTESIAN_POINT ( 'NONE',  ( 0.6366350796343427376, 0.9884433914940990995, 1.438680078500185866 ) ) ;
#1122 = CARTESIAN_POINT ( 'NONE',  ( 0.6075301702826418904, 0.9900219741804223705, 1.418694718238340480 ) ) ;
#1123 = CARTESIAN_POINT ( 'NONE',  ( 0.5866633673473092836, 1.043548423001124936, 1.402211702725661313 ) ) ;
#1124 = CARTESIAN_POINT ( 'NONE',  ( 0.5843418040048324880, 1.050105036108795797, 1.397889971802587672 ) ) ;
#1125 = CARTESIAN_POINT ( 'NONE',  ( 0.6275307207381589647, 1.006692585503254911, 1.426192005781161898 ) ) ;
#1126 = CARTESIAN_POINT ( 'NONE',  ( 0.5866338610657549912, 1.043174072767467653, 1.400853492770544717 ) ) ;
#1127 = CARTESIAN_POINT ( 'NONE',  ( 0.6117755164582180383, 0.9598362778734957912, 1.420298013733818809 ) ) ;
#1128 = VERTEX_POINT ( 'NONE', #5926 ) ;
#1129 = CARTESIAN_POINT ( 'NONE',  ( 0.6122060791894650134, 1.029064004487936224, 1.420894394039096564 ) ) ;
#1130 = CARTESIAN_POINT ( 'NONE',  ( 0.6024695330777123381, 1.001882195012568033, 1.409527575599546445 ) ) ;
#1131 = ORIENTED_EDGE ( 'NONE', *, *, #1065, .T. ) ;
#1132 = CARTESIAN_POINT ( 'NONE',  ( 0.6005001445146349592, 1.023150956359015540, 1.395022777245312540 ) ) ;
#1133 = CARTESIAN_POINT ( 'NONE',  ( 0.6087948580171296253, 0.9905604700809043095, 1.425158884095079070 ) ) ;
#1134 = CARTESIAN_POINT ( 'NONE',  ( 0.6025122642976470377, 1.000485964636362635, 1.408212753252171323 ) ) ;
#1135 = CARTESIAN_POINT ( 'NONE',  ( 0.5925732937769709885, 1.096716279335941291, 1.395337621235647863 ) ) ;
#1136 = CARTESIAN_POINT ( 'NONE',  ( 0.6058177929496690872, 1.045631289154584920, 1.416639728161690037 ) ) ;
#1137 = EDGE_CURVE ( 'NONE', #3347, #870, #1070, .T. ) ;
#1138 = EDGE_CURVE ( 'NONE', #3611, #2544, #5198, .T. ) ;
#1139 = CARTESIAN_POINT ( 'NONE',  ( 0.6417465313059952381, 0.9931770042725839298, 1.422837292641751628 ) ) ;
#1140 = CARTESIAN_POINT ( 'NONE',  ( 0.5987123089890428185, 1.086036278792516407, 1.407913117537315406 ) ) ;
#1141 = CARTESIAN_POINT ( 'NONE',  ( 0.6115425555862117335, 1.055294924840596060, 1.411485259452600172 ) ) ;
#1142 = CARTESIAN_POINT ( 'NONE',  ( 0.6062412805948260708, 1.058638749833959558, 1.412685059869105197 ) ) ;
#1143 = ORIENTED_EDGE ( 'NONE', *, *, #258, .T. ) ;
#1144 = ORIENTED_EDGE ( 'NONE', *, *, #2997, .F. ) ;
#1145 = CARTESIAN_POINT ( 'NONE',  ( 0.6371833235330534029, 0.9857450138006360607, 1.434855693784253372 ) ) ;
#1146 = CARTESIAN_POINT ( 'NONE',  ( 0.6016426405798778188, 1.038844995413827244, 1.419367723627547040 ) ) ;
#1148 = CYLINDRICAL_SURFACE ( 'NONE', #2458, 0.0009999999999999800715 ) ;
#1147 = CARTESIAN_POINT ( 'NONE',  ( 0.5823559323163484125, 1.059348109726595322, 1.403393934219067773 ) ) ;
#1149 = CARTESIAN_POINT ( 'NONE',  ( 0.6069865782336504312, 0.9668893630318192711, 1.425698115104555130 ) ) ;
#1150 = EDGE_CURVE ( 'NONE', #4979, #1445, #3042, .T. ) ;
#1151 = CARTESIAN_POINT ( 'NONE',  ( 0.6081091736892478838, 1.053571117413309777, 1.413786979750487616 ) ) ;
#1152 = ORIENTED_EDGE ( 'NONE', *, *, #2254, .F. ) ;
#1153 = B_SPLINE_CURVE_WITH_KNOTS ( 'NONE', 3,
 ( #4742, #2019, #5164, #3858 ),
 .UNSPECIFIED., .F., .F.,
 ( 4, 4 ),
 ( -0.0009659954102528362429, 0.006279316626218540628 ),
 .UNSPECIFIED. ) ;
#1154 = CARTESIAN_POINT ( 'NONE',  ( 0.6224846917768880328, 1.024645366056187168, 1.420812285865323155 ) ) ;
#1155 = CARTESIAN_POINT ( 'NONE',  ( 0.6005458549336077922, 1.012439554884121629, 1.413595208923070334 ) ) ;
#1156 = CARTESIAN_POINT ( 'NONE',  ( 0.6372660995311502097, 0.9993460073669010457, 1.419750462683447179 ) ) ;
#1157 = CARTESIAN_POINT ( 'NONE',  ( 0.5866013470275847075, 1.045065752947109905, 1.399490023699125674 ) ) ;
#1158 = FACE_OUTER_BOUND ( 'NONE', #5480, .T. ) ;
#1159 = CARTESIAN_POINT ( 'NONE',  ( 0.5871412739657192459, 1.042851361599993476, 1.399895997567339290 ) ) ;
#1160 = CARTESIAN_POINT ( 'NONE',  ( 0.6161978450187869383, 1.003354729657990330, 1.429603450307286305 ) ) ;
#1161 = ORIENTED_EDGE ( 'NONE', *, *, #3507, .F. ) ;
#1162 = CARTESIAN_POINT ( 'NONE',  ( 0.6029239746412743406, 1.000472061072769980, 1.409858290922792801 ) ) ;
#1163 = VERTEX_POINT ( 'NONE', #5531 ) ;
#1164 = CARTESIAN_POINT ( 'NONE',  ( 0.6156456443826440195, 0.9639249269866057013, 1.406319530925257633 ) ) ;
#1165 = DIRECTION ( 'NONE',  ( -0.5495945148342156195, 0.01876539135242259390, 0.8352207668344541203 ) ) ;
#1166 = CARTESIAN_POINT ( 'NONE',  ( 0.5997029596096004056, 1.008789218957172551, 1.406177611968127961 ) ) ;
#1167 = CARTESIAN_POINT ( 'NONE',  ( 0.5956627887700098878, 1.035002588996497552, 1.413124596419597534 ) ) ;
#1168 = CARTESIAN_POINT ( 'NONE',  ( 0.6457525313047001170, 0.9604294397207554512, 1.436984685713828203 ) ) ;
#1169 = CARTESIAN_POINT ( 'NONE',  ( 0.5877871720674542333, 1.042343835518922068, 1.396144649246400249 ) ) ;
#1170 = CARTESIAN_POINT ( 'NONE',  ( 0.6211691600075979203, 1.015110814474341705, 1.424283766805115592 ) ) ;
#1171 = CARTESIAN_POINT ( 'NONE',  ( 0.6392769888796930866, 0.9613959819154199726, 1.436528413332706755 ) ) ;
#1172 = CARTESIAN_POINT ( 'NONE',  ( 0.6076202443245438678, 0.9817252373765423812, 1.412611322513840806 ) ) ;
#1173 = ADVANCED_FACE ( 'NONE', ( #1380 ), #926, .F. ) ;
#1174 = VECTOR ( 'NONE', #4292, 1.000000000000000000 ) ;
#1175 = ORIENTED_EDGE ( 'NONE', *, *, #3468, .T. ) ;
#1176 = DIRECTION ( 'NONE',  ( 0.5499811533590958090, -0.01855456084503767644, -0.8349709331597398032 ) ) ;
#1177 = ADVANCED_FACE ( 'NONE', ( #1864 ), #2267, .T. ) ;
#1178 = CARTESIAN_POINT ( 'NONE',  ( 0.6234489138615231241, 0.9954367203419688392, 1.434670983928793220 ) ) ;
#1180 = CARTESIAN_POINT ( 'NONE',  ( 0.5877080910016054816, 1.042451485854091864, 1.400600431117680955 ) ) ;
#1179 = CARTESIAN_POINT ( 'NONE',  ( 0.5869421552158430311, 1.049721268516883521, 1.406628066438259550 ) ) ;
#1181 = VECTOR ( 'NONE', #2852, 1.000000000000000000 ) ;
#1182 = FACE_OUTER_BOUND ( 'NONE', #423, .T. ) ;
#1183 = ORIENTED_EDGE ( 'NONE', *, *, #1926, .F. ) ;
#1184 = CARTESIAN_POINT ( 'NONE',  ( 0.6268436945147507489, 1.014239847385103532, 1.423914396981147412 ) ) ;
#1185 = CARTESIAN_POINT ( 'NONE',  ( 0.5858626964263453640, 1.049625829080183870, 1.403097866528805193 ) ) ;
#1186 = EDGE_LOOP ( 'NONE', ( #732, #986, #3307, #5228, #5296 ) ) ;
#1187 = CARTESIAN_POINT ( 'NONE',  ( 0.5908653878931808823, 1.034713592402320526, 1.402528448886212864 ) ) ;
#1188 = CIRCLE ( 'NONE', #1958, 0.001499999999999958181 ) ;
#1189 = CARTESIAN_POINT ( 'NONE',  ( 0.5860870140293795716, 1.043264236741583861, 1.401832439525251495 ) ) ;
#1190 = DIRECTION ( 'NONE',  ( -0.5495945148342156195, 0.01876539135242259390, 0.8352207668344541203 ) ) ;
#1191 = CARTESIAN_POINT ( 'NONE',  ( 0.6219424369901008776, 1.005111304972018393, 1.428113838238350697 ) ) ;
#1192 = ORIENTED_EDGE ( 'NONE', *, *, #3915, .F. ) ;
#1193 = CARTESIAN_POINT ( 'NONE',  ( 0.6097899637165429265, 0.9748603457597246891, 1.416326013700986763 ) ) ;
#1194 = AXIS2_PLACEMENT_3D ( 'NONE', #3784, #3817, #1492 ) ;
#1195 = ORIENTED_EDGE ( 'NONE', *, *, #528, .T. ) ;
#1196 = CARTESIAN_POINT ( 'NONE',  ( 0.5896716335838109169, 1.035488672863063897, 1.398976896060976749 ) ) ;
#1197 = CARTESIAN_POINT ( 'NONE',  ( 0.5843293760544577831, 1.096997760206227746, 1.407865932738164627 ) ) ;
#1198 = CARTESIAN_POINT ( 'NONE',  ( 0.5990445602963984095, 1.010636899147621781, 1.405702857138362738 ) ) ;
#1199 = LINE ( 'NONE', #3012, #4291 ) ;
#1200 = CARTESIAN_POINT ( 'NONE',  ( 0.6073955286136463183, 0.9955607309236964575, 1.423864628230894880 ) ) ;
#1201 = VECTOR ( 'NONE', #3889, 1.000000000000000000 ) ;
#1202 = CARTESIAN_POINT ( 'NONE',  ( 0.6168079934613658333, 1.030461162297463762, 1.419694829216791465 ) ) ;
#1203 = CARTESIAN_POINT ( 'NONE',  ( 0.6358892474417481289, 0.9573582087834201504, 1.434192449704532857 ) ) ;
#1204 = CARTESIAN_POINT ( 'NONE',  ( 0.6044364660866534678, 0.9941524888349458910, 1.410237112900046164 ) ) ;
#1205 = ORIENTED_EDGE ( 'NONE', *, *, #4647, .F. ) ;
#1206 = CARTESIAN_POINT ( 'NONE',  ( 0.6364156959339501984, 0.9883806922456801480, 1.439127937559041337 ) ) ;
#1207 = CARTESIAN_POINT ( 'NONE',  ( 0.6219308335388727960, 0.9955315311897168229, 1.433987199758775199 ) ) ;
#1209 = DIRECTION ( 'NONE',  ( -0.7505752902509450486, -0.4501006340066284750, -0.4837831672676724537 ) ) ;
#1208 = CARTESIAN_POINT ( 'NONE',  ( 0.6073036683282850845, 0.9905205607647767918, 1.418534472696793891 ) ) ;
#1210 = DIRECTION ( 'NONE',  ( -0.5495945148342155084, 0.01876539135242229206, 0.8352207668344542313 ) ) ;
#1211 = ORIENTED_EDGE ( 'NONE', *, *, #2657, .F. ) ;
#1212 = ADVANCED_FACE ( 'NONE', ( #3104 ), #801, .F. ) ;
#1213 = CARTESIAN_POINT ( 'NONE',  ( 0.6281247650840500185, 1.007536254283814214, 1.426282288752567684 ) ) ;
#1214 = CARTESIAN_POINT ( 'NONE',  ( 0.6049651042431574144, 1.001847539027104883, 1.419563189252400326 ) ) ;
#1215 = ORIENTED_EDGE ( 'NONE', *, *, #1137, .F. ) ;
#1216 = LINE ( 'NONE', #1242, #2838 ) ;
#1217 = DIRECTION ( 'NONE',  ( -0.7738664612090516703, -0.3881086756343407607, -0.5005021040047059611 ) ) ;
#1218 = FACE_OUTER_BOUND ( 'NONE', #3366, .T. ) ;
#1219 = ORIENTED_EDGE ( 'NONE', *, *, #5812, .T. ) ;
#1220 = CARTESIAN_POINT ( 'NONE',  ( 0.6048419864827672132, 0.9955415939751415255, 1.412605472992445987 ) ) ;
#1221 = EDGE_LOOP ( 'NONE', ( #5797, #497, #3943, #2604 ) ) ;
#1222 = CARTESIAN_POINT ( 'NONE',  ( 0.5865958594564515405, 1.042934690290220345, 1.396785671784740002 ) ) ;
#1223 = PERSON_AND_ORGANIZATION ( #5130, #4593 ) ;
#1224 = CARTESIAN_POINT ( 'NONE',  ( 0.6001178681597535425, 1.007608443091419392, 1.406477160535976489 ) ) ;
#1225 = EDGE_CURVE ( 'NONE', #4625, #1314, #2203, .T. ) ;
#1226 = CARTESIAN_POINT ( 'NONE',  ( 0.5951033047385969610, 1.034187927967457954, 1.413185442957202387 ) ) ;
#1227 = CARTESIAN_POINT ( 'NONE',  ( 0.6138181261956869861, 0.9933225118858992619, 1.428402253931704280 ) ) ;
#1228 = CARTESIAN_POINT ( 'NONE',  ( 0.6345225079058200990, 0.9917397663580241884, 1.432221364158915211 ) ) ;
#1229 = FACE_OUTER_BOUND ( 'NONE', #5465, .T. ) ;
#1230 = CARTESIAN_POINT ( 'NONE',  ( 0.6098277437799558554, 1.055962710128284021, 1.412090692392398816 ) ) ;
#1231 = DIRECTION ( 'NONE',  ( -0.7626657353480700285, -0.4193492594260343487, -0.4924298678439642529 ) ) ;
#1232 = CARTESIAN_POINT ( 'NONE',  ( 0.6256282830947671458, 0.9950103431028473056, 1.435573961286960021 ) ) ;
#1234 = DIRECTION ( 'NONE',  ( 0.7512883676660683241, -0.4257273140144343104, 0.5043035224066056976 ) ) ;
#1233 = CARTESIAN_POINT ( 'NONE',  ( 0.5923121110186057026, 1.036778161783977747, 1.410452421440073323 ) ) ;
#1235 = DIRECTION ( 'NONE',  ( -0.5495945148342158415, 0.01876539135242347514, 0.8352207668344540092 ) ) ;
#1236 = ORIENTED_EDGE ( 'NONE', *, *, #616, .T. ) ;
#1237 = CARTESIAN_POINT ( 'NONE',  ( 0.6273646708089019031, 0.9882911827139039262, 1.434607198871948652 ) ) ;
#1238 = CARTESIAN_POINT ( 'NONE',  ( 0.6126222978545105002, 1.046237898106234132, 1.415211775643673064 ) ) ;
#1239 = CARTESIAN_POINT ( 'NONE',  ( 0.6020505573577493719, 1.008145429970178641, 1.414681816403787318 ) ) ;
#1240 = CARTESIAN_POINT ( 'NONE',  ( 0.5872225096824895685, 1.043581540980801803, 1.397308059423409743 ) ) ;
#1241 = ADVANCED_FACE ( 'NONE', ( #3794 ), #1925, .T. ) ;
#1242 = CARTESIAN_POINT ( 'NONE',  ( 0.5982090007769749196, 1.059729191783335578, 1.417836380334450919 ) ) ;
#1243 = CARTESIAN_POINT ( 'NONE',  ( 0.6049816552358646682, 0.9759941605679570698, 1.420044545761815602 ) ) ;
#1244 = FACE_OUTER_BOUND ( 'NONE', #4227, .T. ) ;
#1245 = ORIENTED_EDGE ( 'NONE', *, *, #1396, .T. ) ;
#1246 = EDGE_CURVE ( 'NONE', #1315, #3085, #2430, .T. ) ;
#1247 = CARTESIAN_POINT ( 'NONE',  ( 0.6038542797676863527, 0.9987989741606531080, 1.411882353751616970 ) ) ;
#1248 = CARTESIAN_POINT ( 'NONE',  ( 0.6108699024518362553, 0.9869858437921890104, 1.426072452146941671 ) ) ;
#1249 = EDGE_LOOP ( 'NONE', ( #220, #995, #571, #3287 ) ) ;
#1250 = EDGE_CURVE ( 'NONE', #2040, #3157, #952, .T. ) ;
#1251 = CARTESIAN_POINT ( 'NONE',  ( 0.5899028096159318890, 1.034906614343856557, 1.399142092665990322 ) ) ;
#1252 = FACE_BOUND ( 'NONE', #5567, .T. ) ;
#1253 = CARTESIAN_POINT ( 'NONE',  ( 0.6026584700795621918, 1.000029468391432141, 1.408319216393409734 ) ) ;
#1254 = CARTESIAN_POINT ( 'NONE',  ( 0.6114975342819234383, 1.044951745909069585, 1.415874856300215701 ) ) ;
#1255 = CARTESIAN_POINT ( 'NONE',  ( 0.6171407486437801015, 1.042785367272969443, 1.412543008840716485 ) ) ;
#1256 = PLANE ( 'NONE',  #5934 ) ;
#1257 = DIRECTION ( 'NONE',  ( -0.7512883676660563337, 0.4257273140144645640, -0.5043035224065977040 ) ) ;
#1258 = CARTESIAN_POINT ( 'NONE',  ( 0.5845915924571913891, 1.095907472656042936, 1.399677537073265698 ) ) ;
#1259 = CARTESIAN_POINT ( 'NONE',  ( 0.5749563881265447041, 1.090704777802117054, 1.393446605114106118 ) ) ;
#1261 = CARTESIAN_POINT ( 'NONE',  ( 0.6087332610445244097, 0.9986457822768912695, 1.422542117974521680 ) ) ;
#1260 = CARTESIAN_POINT ( 'NONE',  ( 0.5877456345199518761, 1.050084044842145570, 1.409970659071966503 ) ) ;
#1262 = CARTESIAN_POINT ( 'NONE',  ( 0.5842322995093184312, 1.097209713722001601, 1.394028477317602377 ) ) ;
#1263 = ORIENTED_EDGE ( 'NONE', *, *, #55, .T. ) ;
#1264 = CIRCLE ( 'NONE', #3980, 0.001499999999999958181 ) ;
#1265 = CARTESIAN_POINT ( 'NONE',  ( 0.6037621083306188297, 1.042720117595952622, 1.417853282190627784 ) ) ;
#1266 = CARTESIAN_POINT ( 'NONE',  ( 0.6112172193014484556, 1.055132857745918917, 1.412713049052645164 ) ) ;
#1267 = CARTESIAN_POINT ( 'NONE',  ( 0.5983033010289455778, 1.018581290310687004, 1.411981566820762923 ) ) ;
#1268 = CARTESIAN_POINT ( 'NONE',  ( 0.5860870441701567790, 1.043264235742658919, 1.401832393402778765 ) ) ;
#1269 = CARTESIAN_POINT ( 'NONE',  ( 0.5862421429148176877, 1.043227981744222932, 1.401600300900159857 ) ) ;
#1270 = CARTESIAN_POINT ( 'NONE',  ( 0.6052188339469813938, 0.9808307391060520075, 1.421513475371855462 ) ) ;
#1271 = LINE ( 'NONE', #818, #2172 ) ;
#1272 = CIRCLE ( 'NONE', #4175, 0.02059315284945592225 ) ;
#1273 = VERTEX_POINT ( 'NONE', #3311 ) ;
#1274 = CARTESIAN_POINT ( 'NONE',  ( 0.6008022011047599031, 1.008057179445981388, 1.409666006157194618 ) ) ;
#1275 = CARTESIAN_POINT ( 'NONE',  ( 0.6092724610774921112, 0.9842024042820821661, 1.424466062928981591 ) ) ;
#1276 = ORIENTED_EDGE ( 'NONE', *, *, #4394, .F. ) ;
#1277 = EDGE_CURVE ( 'NONE', #3394, #2799, #5618, .T. ) ;
#1278 = CARTESIAN_POINT ( 'NONE',  ( 0.5862537499368151162, 1.043726306338814025, 1.396542770137087386 ) ) ;
#1279 = CARTESIAN_POINT ( 'NONE',  ( 0.6070410481487121812, 1.053261633641608519, 1.414131880821584364 ) ) ;
#1280 = CARTESIAN_POINT ( 'NONE',  ( 0.6390897211909015718, 0.9905029950433885677, 1.430888387560805608 ) ) ;
#1281 = PRODUCT ( 'Rod 0', 'Rod 0', '', ( #2136 ) ) ;
#1282 = CARTESIAN_POINT ( 'NONE',  ( 0.6027276796793585856, 1.037045870805523684, 1.419307396503290741 ) ) ;
#1283 = EDGE_CURVE ( 'NONE', #1342, #3686, #5134, .T. ) ;
#1284 = ORIENTED_EDGE ( 'NONE', *, *, #4553, .T. ) ;
#1285 = CARTESIAN_POINT ( 'NONE',  ( 0.6062109692970466535, 1.055688518317932312, 1.413531105848868430 ) ) ;
#1286 = CARTESIAN_POINT ( 'NONE',  ( 0.6308615662178167494, 0.9817733912157895482, 1.423114675777345850 ) ) ;
#1287 = AXIS2_PLACEMENT_3D ( 'NONE', #1291, #3681, #897 ) ;
#1288 = CARTESIAN_POINT ( 'NONE',  ( 0.5863249597224854393, 1.057656880150462442, 1.384919914256846685 ) ) ;
#1289 = EDGE_CURVE ( 'NONE', #878, #2318, #4075, .T. ) ;
#1290 = AXIS2_PLACEMENT_3D ( 'NONE', #756, #2159, #2131 ) ;
#1291 = CARTESIAN_POINT ( 'NONE',  ( 0.6028700036550700414, 1.054615454792608320, 1.421018320962441406 ) ) ;
#1292 = CARTESIAN_POINT ( 'NONE',  ( 0.6115631103651566480, 0.9743626838306740368, 1.424522347599500804 ) ) ;
#1293 = DIRECTION ( 'NONE',  ( 0.7514598057664136910, -0.4257331870643820126, 0.5040430673558637942 ) ) ;
#1294 = ORIENTED_EDGE ( 'NONE', *, *, #89, .F. ) ;
#1295 = AXIS2_PLACEMENT_3D ( 'NONE', #4635, #4095, #3694 ) ;
#1296 = ORIENTED_EDGE ( 'NONE', *, *, #985, .T. ) ;
#1297 = CARTESIAN_POINT ( 'NONE',  ( 0.6170419485469024190, 1.016659889713161569, 1.424355198004001455 ) ) ;
#1298 = CARTESIAN_POINT ( 'NONE',  ( 0.6013289473122499507, 1.072980702712162060, 1.409928253093149175 ) ) ;
#1299 = CARTESIAN_POINT ( 'NONE',  ( 0.5974354061102042923, 1.023260260285578482, 1.414127382257598153 ) ) ;
#1300 = CARTESIAN_POINT ( 'NONE',  ( 0.5842509948809615494, 1.104609875847707645, 1.407643330284496397 ) ) ;
#1301 = APPROVAL_PERSON_ORGANIZATION ( #5551, #758, #1457 ) ;
#1302 = CARTESIAN_POINT ( 'NONE',  ( 0.6309095970781805063, 0.9812990522901161583, 1.415973209013253964 ) ) ;
#1303 = CARTESIAN_POINT ( 'NONE',  ( 0.5636291972102658310, 1.093367171919320757, 1.394326308500046130 ) ) ;
#1304 = CARTESIAN_POINT ( 'NONE',  ( 0.5917702341145114620, 0.9323370436563347408, 1.405661781010215439 ) ) ;
#1305 = ORIENTED_EDGE ( 'NONE', *, *, #2152, .F. ) ;
#1306 = CARTESIAN_POINT ( 'NONE',  ( 0.6376004404555151162, 0.9639498010396496674, 1.435738163910370124 ) ) ;
#1307 = CARTESIAN_POINT ( 'NONE',  ( 0.5755650301487613696, 1.065395841300837088, 1.390396794496640220 ) ) ;
#1308 = CARTESIAN_POINT ( 'NONE',  ( 0.5865531661402569874, 1.043325303721581720, 1.401531112945439528 ) ) ;
#1309 = VERTEX_POINT ( 'NONE', #4770 ) ;
#1310 = CARTESIAN_POINT ( 'NONE',  ( 0.5857432505078504770, 1.044893661623524483, 1.396180622095802404 ) ) ;
#1311 = DIRECTION ( 'NONE',  ( -0.5495945148342159525, 0.01876539135242308309, 0.8352207668344540092 ) ) ;
#1312 = CARTESIAN_POINT ( 'NONE',  ( 0.5463001173185650927, 1.019406786893485739, 1.359442032578070503 ) ) ;
#1313 = CARTESIAN_POINT ( 'NONE',  ( 0.6294395567739859976, 0.9538115520805997560, 1.430027883426334689 ) ) ;
#1314 = VERTEX_POINT ( 'NONE', #5653 ) ;
#1315 = VERTEX_POINT ( 'NONE', #575 ) ;
#1316 = CARTESIAN_POINT ( 'NONE',  ( 0.6173911200556966294, 1.035922203036860001, 1.417822556151246749 ) ) ;
#1317 = ADVANCED_FACE ( 'NONE', ( #1502, #5192, #3284, #3342 ), #1041, .F. ) ;
#1318 = CARTESIAN_POINT ( 'NONE',  ( 0.5817618532531148023, 1.097294064801864089, 1.397782823405194108 ) ) ;
#1319 = CARTESIAN_POINT ( 'NONE',  ( 0.5344161280423131988, 1.075829496203756230, 1.436829196494174399 ) ) ;
#1320 = EDGE_CURVE ( 'NONE', #5188, #3346, #5236, .T. ) ;
#1321 = CARTESIAN_POINT ( 'NONE',  ( 0.5876806935098215501, 1.043659710845152189, 1.402873314949278249 ) ) ;
#1322 = CARTESIAN_POINT ( 'NONE',  ( 0.6025782914406188073, 1.008715501315606167, 1.417838304908577207 ) ) ;
#1323 = DIRECTION ( 'NONE',  ( 0.3648206900211672932, 0.9046615475245238791, 0.2202120536278908969 ) ) ;
#1324 = ORIENTED_EDGE ( 'NONE', *, *, #346, .F. ) ;
#1325 = B_SPLINE_SURFACE_WITH_KNOTS ( 'NONE', 2, 1, ( 
 ( #190, #2048 ),
 ( #2619, #3928 ),
 ( #2083, #2981 ) ),
 .UNSPECIFIED., .F., .F., .F.,
 ( 3, 3 ),
 ( 2, 2 ),
 ( 0.000000000000000000, 0.9213433172501406254 ),
 ( 0.000000000000000000, 1.000000000000000000 ),
 .UNSPECIFIED. ) ;
#1326 = ORIENTED_EDGE ( 'NONE', *, *, #17, .T. ) ;
#1327 = CARTESIAN_POINT ( 'NONE',  ( 0.6307093583502557665, 1.004149584327196365, 1.427301583943244800 ) ) ;
#1328 = EDGE_CURVE ( 'NONE', #5956, #4909, #2630, .T. ) ;
#1329 = CARTESIAN_POINT ( 'NONE',  ( 0.6249720356400438881, 1.010726251508817564, 1.425510352869226560 ) ) ;
#1330 = CARTESIAN_POINT ( 'NONE',  ( 0.5941126085449670580, 1.031907758399660535, 1.411746616499550688 ) ) ;
#1331 = CARTESIAN_POINT ( 'NONE',  ( 0.5877032576603893332, 1.044113977228811718, 1.402878082952738303 ) ) ;
#1332 = CARTESIAN_POINT ( 'NONE',  ( 0.6030065204845216353, 0.9742095118669309439, 1.422914679326126475 ) ) ;
#1333 = CARTESIAN_POINT ( 'NONE',  ( 0.6050256480452624874, 0.9784332082249500573, 1.420739086285972563 ) ) ;
#1334 = DIRECTION ( 'NONE',  ( 0.5495945148342146203, -0.01876539135242280207, -0.8352207668344547864 ) ) ;
#1335 = ORIENTED_EDGE ( 'NONE', *, *, #836, .F. ) ;
#1336 = CARTESIAN_POINT ( 'NONE',  ( 0.6157519515610405669, 0.9947067775735581874, 1.430840942727483078 ) ) ;
#1337 = CARTESIAN_POINT ( 'NONE',  ( 0.5912506172093258128, 1.033446868268135255, 1.402810398883830745 ) ) ;
#1338 = LINE ( 'NONE', #3186, #5 ) ;
#1339 = CARTESIAN_POINT ( 'NONE',  ( 0.5882624711660754402, 1.040071350383752424, 1.399320983422950082 ) ) ;
#1340 = CARTESIAN_POINT ( 'NONE',  ( 0.6414367678221708502, 0.9889748361248580366, 1.430193343717562238 ) ) ;
#1341 = CARTESIAN_POINT ( 'NONE',  ( 0.6064719600457550985, 0.9937172916613622453, 1.407418043943815089 ) ) ;
#1342 = VERTEX_POINT ( 'NONE', #1987 ) ;
#1343 = CARTESIAN_POINT ( 'NONE',  ( 0.5869469495311054885, 1.045340080661049331, 1.401085585027334712 ) ) ;
#1344 = ORIENTED_EDGE ( 'NONE', *, *, #1426, .T. ) ;
#1345 = CARTESIAN_POINT ( 'NONE',  ( 0.6200971649679363207, 1.034684354940957229, 1.414668982843964029 ) ) ;
#1346 = DIRECTION ( 'NONE',  ( -0.7634919178089629721, -0.4164058896336371718, -0.4936458513132780390 ) ) ;
#1347 = CARTESIAN_POINT ( 'NONE',  ( 0.5741108864210070495, 1.074474155756370619, 1.376504928988772081 ) ) ;
#1348 = CARTESIAN_POINT ( 'NONE',  ( 0.6072225907230001107, 1.024018391212954349, 1.423372577379738768 ) ) ;
#1349 = CARTESIAN_POINT ( 'NONE',  ( 0.5920808609621868168, 1.037369084074067693, 1.410286976977863649 ) ) ;
#1350 = DIRECTION ( 'NONE',  ( -0.5495945148342156195, 0.01876539135242333983, 0.8352207668344541203 ) ) ;
#1351 = EDGE_CURVE ( 'NONE', #1445, #1163, #1011, .T. ) ;
#1352 = EDGE_LOOP ( 'NONE', ( #401, #2829, #1037, #4589 ) ) ;
#1353 = EDGE_CURVE ( 'NONE', #4234, #4284, #5639, .T. ) ;
#1354 = EDGE_LOOP ( 'NONE', ( #4827, #4636, #470, #892 ) ) ;
#1355 = CARTESIAN_POINT ( 'NONE',  ( 0.6001415508787827369, 1.054736884830547394, 1.410834914982185717 ) ) ;
#1356 = CARTESIAN_POINT ( 'NONE',  ( 0.6209700724799925853, 1.016007979586435850, 1.424132605492330672 ) ) ;
#1357 = CARTESIAN_POINT ( 'NONE',  ( 0.6043232262117950171, 1.003867439082828827, 1.419095436442866731 ) ) ;
#1358 = CARTESIAN_POINT ( 'NONE',  ( 0.6358542213554408962, 0.9681384025780777058, 1.419522573732994619 ) ) ;
#1359 = CARTESIAN_POINT ( 'NONE',  ( 0.6118706162198057630, 0.9790097954859695584, 1.409786497465335797 ) ) ;
#1360 = CARTESIAN_POINT ( 'NONE',  ( 0.6089867702945611638, 0.9748758911391093296, 1.413487668143990739 ) ) ;
#1361 = CARTESIAN_POINT ( 'NONE',  ( 0.6021030388731505312, 1.038513719611325659, 1.417283542806832886 ) ) ;
#1362 = ORIENTED_EDGE ( 'NONE', *, *, #2777, .T. ) ;
#1363 = AXIS2_PLACEMENT_3D ( 'NONE', #1367, #853, #2253 ) ;
#1364 =( BOUNDED_SURFACE ( )  B_SPLINE_SURFACE ( 3, 2, ( 
 ( #532, #1514, #5665 ),
 ( #50, #963, #447 ),
 ( #4695, #3748, #5143 ),
 ( #1906, #2847, #1391 ) ),
 .UNSPECIFIED., .F., .F., .F. ) 
 B_SPLINE_SURFACE_WITH_KNOTS ( ( 4, 4 ),
 ( 3, 3 ),
 ( 3.252606517456513302E-17, 0.001275971289524944693 ),
 ( 0.000000000000000000, 1.000000000000000000 ),
 .UNSPECIFIED. ) 
 GEOMETRIC_REPRESENTATION_ITEM ( )  RATIONAL_B_SPLINE_SURFACE ( (
 ( 1.000000000000000000, 0.7183431315280053298, 1.000000000000000000),
 ( 1.000000000000000000, 0.7187932763040191242, 1.000000000000000000),
 ( 1.000000000000000000, 0.7192126313985289787, 1.000000000000000000),
 ( 1.000000000000000000, 0.7196023533778075354, 1.000000000000000000) ) ) 
 REPRESENTATION_ITEM ( '' )  SURFACE ( )  );
#1365 = CARTESIAN_POINT ( 'NONE',  ( 0.5861332595819986890, 1.043257705628149123, 1.401862979819503474 ) ) ;
#1366 = CARTESIAN_POINT ( 'NONE',  ( 0.6031089023656737158, 1.002433560585921368, 1.412684528267677875 ) ) ;
#1367 = CARTESIAN_POINT ( 'NONE',  ( 0.5842509948809615494, 1.104609875847707645, 1.407643330284496397 ) ) ;
#1368 = CARTESIAN_POINT ( 'NONE',  ( 0.5899073415600708525, 1.036014477798366418, 1.400494494172209503 ) ) ;
#1369 = PERSON_AND_ORGANIZATION_ROLE ( 'classification_officer' ) ;
#1370 = AXIS2_PLACEMENT_3D ( 'NONE', #4288, #127, #608 ) ;
#1371 = DIRECTION ( 'NONE',  ( 0.5495945148342157305, -0.01876539135242311085, -0.8352207668344540092 ) ) ;
#1372 = B_SPLINE_CURVE_WITH_KNOTS ( 'NONE', 3,
 ( #1592, #2949, #2888, #5617, #5289, #4740, #225, #1467, #4800, #5253 ),
 .UNSPECIFIED., .F., .F.,
 ( 4, 2, 2, 2, 4 ),
 ( 0.0009959542813375841554, 0.02097404429862210345, 0.02596856680294322081, 0.03096308930726434164, 0.04095213431590653819 ),
 .UNSPECIFIED. ) ;
#1373 = CARTESIAN_POINT ( 'NONE',  ( 0.6326566247171487856, 0.9551185523582836900, 1.432078002099709257 ) ) ;
#1374 = ORIENTED_EDGE ( 'NONE', *, *, #2762, .T. ) ;
#1375 = CARTESIAN_POINT ( 'NONE',  ( 0.5908526281112579381, 1.035870748357309079, 1.403868364554828885 ) ) ;
#1376 = ORIENTED_EDGE ( 'NONE', *, *, #4874, .F. ) ;
#1377 = CARTESIAN_POINT ( 'NONE',  ( 0.5265724806078104780, 1.086629227134072284, 1.431425251857104453 ) ) ;
#1378 = DIRECTION ( 'NONE',  ( 0.5495945148342156195, -0.01876539135242316983, -0.8352207668344541203 ) ) ;
#1379 = CARTESIAN_POINT ( 'NONE',  ( 0.5902170819839788196, 1.037146460574958962, 1.403423341580271044 ) ) ;
#1380 = FACE_OUTER_BOUND ( 'NONE', #4071, .T. ) ;
#1381 = B_SPLINE_SURFACE_WITH_KNOTS ( 'NONE', 3, 1, ( 
 ( #5360, #3532 ),
 ( #290, #3560 ),
 ( #3055, #347 ),
 ( #4904, #5415 ) ),
 .UNSPECIFIED., .F., .F., .F.,
 ( 4, 4 ),
 ( 2, 2 ),
 ( 5.965812122987848021, 19.22870310259050441 ),
 ( 0.000000000000000000, 1.000000000000000000 ),
 .UNSPECIFIED. ) ;
#1382 = CARTESIAN_POINT ( 'NONE',  ( 0.6522496634346716116, 0.9637099332357401682, 1.439988955406088955 ) ) ;
#1383 = CARTESIAN_POINT ( 'NONE',  ( 0.5934619338340585415, 1.036145595357865989, 1.414045279032031699 ) ) ;
#1384 = VECTOR ( 'NONE', #2234, 1.000000000000000000 ) ;
#1385 = ORIENTED_EDGE ( 'NONE', *, *, #3432, .F. ) ;
#1386 = AXIS2_PLACEMENT_3D ( 'NONE', #1644, #4485, #2190 ) ;
#1387 = ORIENTED_EDGE ( 'NONE', *, *, #1583, .F. ) ;
#1388 = PLANE ( 'NONE',  #3742 ) ;
#1389 = CARTESIAN_POINT ( 'NONE',  ( 0.6081698352977995548, 1.054312157383071824, 1.413474847855956451 ) ) ;
#1390 = CARTESIAN_POINT ( 'NONE',  ( 0.6106044826661829461, 0.9831952060350436229, 1.426515138498997359 ) ) ;
#1391 = CARTESIAN_POINT ( 'NONE',  ( 0.6081154479261680068, 1.053572826726200340, 1.413784552209867318 ) ) ;
#1392 = CARTESIAN_POINT ( 'NONE',  ( 0.6217012865177919956, 0.9930533487400793335, 1.416422186752006152 ) ) ;
#1393 = VECTOR ( 'NONE', #5041, 1.000000000000000000 ) ;
#1394 = DIRECTION ( 'NONE',  ( -0.3385274322565200444, 0.9089894737290767912, -0.2431816486899108787 ) ) ;
#1395 = ORIENTED_EDGE ( 'NONE', *, *, #4077, .T. ) ;
#1396 = EDGE_CURVE ( 'NONE', #4140, #788, #3472, .T. ) ;
#1397 = LOCAL_TIME ( 12, 22, 21.00000000000000000, #3551 ) ;
#1398 = CARTESIAN_POINT ( 'NONE',  ( 0.6397157636181522999, 0.9704201366249496363, 1.437683925218966152 ) ) ;
#1399 = CARTESIAN_POINT ( 'NONE',  ( 0.5987228719262356336, 1.013882210769829317, 1.408166885262212675 ) ) ;
#1400 = CARTESIAN_POINT ( 'NONE',  ( 0.6233748569287187458, 0.9923181098261797395, 1.433679424384594281 ) ) ;
#1401 = CARTESIAN_POINT ( 'NONE',  ( 0.5920809376970391780, 1.030443584685553526, 1.402049935027338767 ) ) ;
#1402 = PERSON_AND_ORGANIZATION_ROLE ( 'creator' ) ;
#1403 = DIRECTION ( 'NONE',  ( 0.5495945148342158415, -0.01876539135242344045, -0.8352207668344541203 ) ) ;
#1404 = CARTESIAN_POINT ( 'NONE',  ( 0.6327829631239355601, 0.9551868478169677212, 1.432159515191627541 ) ) ;
#1405 =( BOUNDED_CURVE ( )  B_SPLINE_CURVE ( 3, ( #5520, #1827, #5032, #3670 ),
 .UNSPECIFIED., .F., .F. ) 
 B_SPLINE_CURVE_WITH_KNOTS ( ( 4, 4 ),
 ( 6.252279135163084867, 9.393871788752694130 ),
 .UNSPECIFIED. ) 
 CURVE ( )  GEOMETRIC_REPRESENTATION_ITEM ( )  RATIONAL_B_SPLINE_CURVE ( ( 1.000000000000000000, 0.3333333333333946547, 0.3333333333333946547, 1.000000000000000000 ) ) 
 REPRESENTATION_ITEM ( '' )  );
#1406 = ORIENTED_EDGE ( 'NONE', *, *, #3757, .F. ) ;
#1407 = CARTESIAN_POINT ( 'NONE',  ( 0.5854511159784764329, 1.048716060295477481, 1.400025441973153040 ) ) ;
#1408 = ORIENTED_EDGE ( 'NONE', *, *, #3244, .T. ) ;
#1409 = EDGE_CURVE ( 'NONE', #4097, #4625, #3255, .T. ) ;
#1410 = CARTESIAN_POINT ( 'NONE',  ( 0.5344161328500790509, 1.075829483407369391, 1.436829199945298896 ) ) ;
#1411 = CARTESIAN_POINT ( 'NONE',  ( 0.5981302212320402933, 1.053727777582534664, 1.409532510534460714 ) ) ;
#1412 = CARTESIAN_POINT ( 'NONE',  ( 0.6055008950434878079, 0.9945940044527816770, 1.414436640961838298 ) ) ;
#1413 = CARTESIAN_POINT ( 'NONE',  ( 0.6490419589206738449, 0.9658198337797095911, 1.436633519302475070 ) ) ;
#1414 = FACE_OUTER_BOUND ( 'NONE', #5010, .T. ) ;
#1415 = CARTESIAN_POINT ( 'NONE',  ( 0.5911507437259683195, 1.041999714718518266, 1.412392934763579744 ) ) ;
#1416 = ORIENTED_EDGE ( 'NONE', *, *, #3244, .F. ) ;
#1417 = VERTEX_POINT ( 'NONE', #2833 ) ;
#1418 = CARTESIAN_POINT ( 'NONE',  ( 0.6058485194310266886, 0.9713578662027777533, 1.419340830455846358 ) ) ;
#1419 = CARTESIAN_POINT ( 'NONE',  ( 0.6095971909674915423, 1.045352442088234524, 1.415989688206186425 ) ) ;
#1421 = CARTESIAN_POINT ( 'NONE',  ( 0.5968682330060398611, 1.024752387327381609, 1.413720644795615433 ) ) ;
#1420 = CARTESIAN_POINT ( 'NONE',  ( 0.5870685789710252678, 1.047254544312019586, 1.403944642072298521 ) ) ;
#1422 = FACE_OUTER_BOUND ( 'NONE', #2673, .T. ) ;
#1423 = FACE_OUTER_BOUND ( 'NONE', #1474, .T. ) ;
#1424 = DIRECTION ( 'NONE',  ( 0.3650397643841983286, 0.9046541402764898265, 0.2198791870526495551 ) ) ;
#1425 = ORIENTED_EDGE ( 'NONE', *, *, #5375, .T. ) ;
#1426 = EDGE_CURVE ( 'NONE', #4909, #1586, #4461, .T. ) ;
#1427 = CARTESIAN_POINT ( 'NONE',  ( 0.6138382312834651522, 0.9936545247399051206, 1.429605312254394356 ) ) ;
#1428 = CARTESIAN_POINT ( 'NONE',  ( 0.6039525204635519673, 0.9997805318762825744, 1.413299255560870105 ) ) ;
#1429 = CARTESIAN_POINT ( 'NONE',  ( 0.6466417155704047293, 0.9663018631408313297, 1.438635138535622637 ) ) ;
#1430 = CARTESIAN_POINT ( 'NONE',  ( 0.5861778957615078056, 1.044968332603767980, 1.397839261409972389 ) ) ;
#1431 = CARTESIAN_POINT ( 'NONE',  ( 0.5923400968996860305, 1.042188380153249883, 1.389225552954357790 ) ) ;
#1432 = EDGE_CURVE ( 'NONE', #3832, #2475, #723, .T. ) ;
#1433 = LINE ( 'NONE', #5920, #3617 ) ;
#1434 = ADVANCED_FACE ( 'NONE', ( #4435 ), #1325, .F. ) ;
#1435 = CARTESIAN_POINT ( 'NONE',  ( 0.5863990335614420735, 1.046593523127879788, 1.400696881869036403 ) ) ;
#1436 = EDGE_LOOP ( 'NONE', ( #1950, #2761, #3537, #81 ) ) ;
#1437 = LINE ( 'NONE', #977, #4201 ) ;
#1438 = DIRECTION ( 'NONE',  ( -0.7738664612090468964, -0.3881086756342786437, -0.5005021040047612502 ) ) ;
#1439 = FACE_OUTER_BOUND ( 'NONE', #1221, .T. ) ;
#1440 = DIRECTION ( 'NONE',  ( 0.3650397643841978290, 0.9046541402764898265, 0.2198791870526504155 ) ) ;
#1441 = CARTESIAN_POINT ( 'NONE',  ( 0.6245890088923924388, 1.019148932513657790, 1.422320466601052713 ) ) ;
#1442 = B_SPLINE_CURVE_WITH_KNOTS ( 'NONE', 3,
 ( #4134, #4101, #1308, #335 ),
 .UNSPECIFIED., .F., .F.,
 ( 4, 4 ),
 ( 5.087681048627601209E-16, 0.0006683181883516812506 ),
 .UNSPECIFIED. ) ;
#1443 = CARTESIAN_POINT ( 'NONE',  ( 0.5887851209645078576, 1.047691152548680948, 1.410708427615318117 ) ) ;
#1444 = EDGE_LOOP ( 'NONE', ( #3040, #1416, #5984, #5333 ) ) ;
#1445 = VERTEX_POINT ( 'NONE', #3983 ) ;
#1446 = CARTESIAN_POINT ( 'NONE',  ( 0.6261234817091304583, 1.004476849210726552, 1.427784815873716084 ) ) ;
#1447 = CARTESIAN_POINT ( 'NONE',  ( 0.6064912707701521910, 1.044443331821102827, 1.416788382080456543 ) ) ;
#1449 = CARTESIAN_POINT ( 'NONE',  ( 0.5946029566738437744, 1.032971388345856223, 1.414867415116436655 ) ) ;
#1448 = CARTESIAN_POINT ( 'NONE',  ( 0.5900202110865401250, 1.040241418913119276, 1.406044452006213419 ) ) ;
#1450 = CARTESIAN_POINT ( 'NONE',  ( 0.5880687073875665583, 1.043259729072770536, 1.403137781408366314 ) ) ;
#1451 = CARTESIAN_POINT ( 'NONE',  ( 0.6074832597756383290, 0.9980194129033242989, 1.422930949572592807 ) ) ;
#1452 = EDGE_LOOP ( 'NONE', ( #4164, #1476 ) ) ;
#1453 = FACE_OUTER_BOUND ( 'NONE', #215, .T. ) ;
#1454 = CARTESIAN_POINT ( 'NONE',  ( 0.5971347231549063439, 1.019327770979474801, 1.408373808590358767 ) ) ;
#1455 = CARTESIAN_POINT ( 'NONE',  ( 0.6072470723455882791, 1.023955612231177481, 1.423390003589893871 ) ) ;
#1456 = CARTESIAN_POINT ( 'NONE',  ( 0.5827180152454378703, 1.052502965302544613, 1.395393295306128989 ) ) ;
#1457 = APPROVAL_ROLE ( '' ) ;
#1458 = CARTESIAN_POINT ( 'NONE',  ( 0.6086360387768832148, 0.9805313960057672196, 1.416199418889934503 ) ) ;
#1459 = CARTESIAN_POINT ( 'NONE',  ( 0.6070732207642051126, 0.9675541477590411388, 1.419134346838876404 ) ) ;
#1460 = VECTOR ( 'NONE', #4391, 0.9999999999999998890 ) ;
#1461 = EDGE_CURVE ( 'NONE', #5845, #1816, #1272, .T. ) ;
#1462 = CARTESIAN_POINT ( 'NONE',  ( 0.5870499947562788368, 1.045102184326992534, 1.401158736115970527 ) ) ;
#1463 = VECTOR ( 'NONE', #4338, 1.000000000000000000 ) ;
#1464 = ORIENTED_EDGE ( 'NONE', *, *, #2395, .T. ) ;
#1465 = CARTESIAN_POINT ( 'NONE',  ( 0.6097529337444604902, 1.045226399493638159, 1.416097529211893136 ) ) ;
#1466 = DIRECTION ( 'NONE',  ( 0.7738664612090511152, 0.3881086756342738697, 0.5005021040047583636 ) ) ;
#1467 = CARTESIAN_POINT ( 'NONE',  ( 0.5929445705624470930, 1.032337651218959707, 1.407839826109654302 ) ) ;
#1468 = CARTESIAN_POINT ( 'NONE',  ( 0.6263125232137483067, 1.004075626473570626, 1.427918280980061017 ) ) ;
#1469 = AXIS2_PLACEMENT_3D ( 'NONE', #311, #5351, #3050 ) ;
#1470 = EDGE_CURVE ( 'NONE', #1679, #3586, #707, .T. ) ;
#1471 = CARTESIAN_POINT ( 'NONE',  ( 0.6044342372038540301, 1.073946252578239280, 1.409201303280592565 ) ) ;
#1472 = CARTESIAN_POINT ( 'NONE',  ( 0.5786176949549813875, 1.094025303684390105, 1.390405484109574985 ) ) ;
#1473 = CARTESIAN_POINT ( 'NONE',  ( 0.6078629086779102630, 0.9805651578750451680, 1.412797318010585057 ) ) ;
#1474 = EDGE_LOOP ( 'NONE', ( #4655, #560, #443, #5887, #2742 ) ) ;
#1475 = EDGE_CURVE ( 'NONE', #3647, #3733, #4656, .T. ) ;
#1476 = ORIENTED_EDGE ( 'NONE', *, *, #2620, .T. ) ;
#1477 = AXIS2_PLACEMENT_3D ( 'NONE', #754, #1673, #2582 ) ;
#1478 = CARTESIAN_POINT ( 'NONE',  ( 0.6367374766407564168, 0.9969160583614037341, 1.426467734675188392 ) ) ;
#1479 = CARTESIAN_POINT ( 'NONE',  ( 0.5941960731168662857, 1.075171641624397267, 1.410829503252754913 ) ) ;
#1481 = CARTESIAN_POINT ( 'NONE',  ( 0.6043301767372873945, 1.006429002491608049, 1.421864493351914449 ) ) ;
#1480 = CARTESIAN_POINT ( 'NONE',  ( 0.5903270846222274937, 1.039482168817348118, 1.406263440379594831 ) ) ;
#1482 = CARTESIAN_POINT ( 'NONE',  ( 0.6068642556386907305, 1.054448908391909745, 1.414835482738326711 ) ) ;
#1483 = EDGE_CURVE ( 'NONE', #2577, #4066, #303, .T. ) ;
#1484 = CARTESIAN_POINT ( 'NONE',  ( 0.6484923644058395720, 0.9658385991710620733, 1.437468740069309581 ) ) ;
#1485 = AXIS2_PLACEMENT_3D ( 'NONE', #2803, #925, #5959 ) ;
#1486 = ORIENTED_EDGE ( 'NONE', *, *, #244, .T. ) ;
#1487 = CARTESIAN_POINT ( 'NONE',  ( 0.5879005087051349943, 1.041880897270542006, 1.398327566736348837 ) ) ;
#1488 = CARTESIAN_POINT ( 'NONE',  ( 0.5995838955584089636, 1.012686100948287926, 1.410134642748963163 ) ) ;
#1489 = CARTESIAN_POINT ( 'NONE',  ( 0.5765341178108743803, 1.087971954058307267, 1.384979937625519852 ) ) ;
#1490 = AXIS2_PLACEMENT_3D ( 'NONE', #5806, #1038, #1100 ) ;
#1491 = CARTESIAN_POINT ( 'NONE',  ( 0.5868574148143361757, 1.044475310625813336, 1.399671788016157770 ) ) ;
#1492 = DIRECTION ( 'NONE',  ( 0.7512883676660403465, -0.4257273140144764434, 0.5043035224066118039 ) ) ;
#1493 = CARTESIAN_POINT ( 'NONE',  ( 0.6045688304026733961, 1.008066567856350071, 1.420787452591895761 ) ) ;
#1494 = ORIENTED_EDGE ( 'NONE', *, *, #2942, .F. ) ;
#1495 = CIRCLE ( 'NONE', #2567, 0.02100000000000002559 ) ;
#1496 = CARTESIAN_POINT ( 'NONE',  ( 0.6063643519868923137, 0.9885409878052426880, 1.412390200881456614 ) ) ;
#1497 = ORIENTED_EDGE ( 'NONE', *, *, #1328, .F. ) ;
#1498 = CARTESIAN_POINT ( 'NONE',  ( 0.6061636265033639726, 1.054157372545918347, 1.414801412927165103 ) ) ;
#1499 = FACE_OUTER_BOUND ( 'NONE', #2840, .T. ) ;
#1500 = AXIS2_PLACEMENT_3D ( 'NONE', #3736, #2379, #1438 ) ;
#1501 = CARTESIAN_POINT ( 'NONE',  ( 0.6040621465790887434, 1.002089182416142643, 1.416160489833722780 ) ) ;
#1502 = FACE_BOUND ( 'NONE', #205, .T. ) ;
#1503 = CARTESIAN_POINT ( 'NONE',  ( 0.6528073974225374609, 0.9581881814373189865, 1.434493576449600738 ) ) ;
#1504 = ADVANCED_FACE ( 'NONE', ( #4832 ), #4864, .F. ) ;
#1505 = CARTESIAN_POINT ( 'NONE',  ( 0.6104687626252428556, 0.9833126623620965789, 1.426423192624268976 ) ) ;
#1506 = EDGE_CURVE ( 'NONE', #3520, #5764, #1566, .T. ) ;
#1507 = CARTESIAN_POINT ( 'NONE',  ( 0.5896879369908027968, 1.051929889370454063, 1.404011673802680216 ) ) ;
#1508 = ORIENTED_EDGE ( 'NONE', *, *, #3171, .T. ) ;
#1509 = ORIENTED_EDGE ( 'NONE', *, *, #4699, .F. ) ;
#1510 = CARTESIAN_POINT ( 'NONE',  ( 0.6405039838763982862, 0.9878863619109696792, 1.433495886594166491 ) ) ;
#1511 = CARTESIAN_POINT ( 'NONE',  ( 0.6163046725927685543, 1.010561641192154081, 1.426829101774067077 ) ) ;
#1513 = CARTESIAN_POINT ( 'NONE',  ( 0.6015791998733656110, 1.014425946402859768, 1.419874615174839372 ) ) ;
#1512 = CARTESIAN_POINT ( 'NONE',  ( 0.5871275946274624458, 1.047119674143778045, 1.403986505941043683 ) ) ;
#1514 = CARTESIAN_POINT ( 'NONE',  ( 0.6067180485608058005, 1.054151046434188999, 1.413925634981597623 ) ) ;
#1515 = CARTESIAN_POINT ( 'NONE',  ( 0.6069172561892127726, 1.004641414670507604, 1.421212437559758790 ) ) ;
#1516 = ORIENTED_EDGE ( 'NONE', *, *, #1657, .T. ) ;
#1517 = EDGE_CURVE ( 'NONE', #4777, #4979, #4555, .T. ) ;
#1518 = CARTESIAN_POINT ( 'NONE',  ( 0.6421831027554616433, 0.9882539594268384686, 1.430248727748743232 ) ) ;
#1519 = CARTESIAN_POINT ( 'NONE',  ( 0.5758474440011488449, 1.066825686954434138, 1.393299124937478650 ) ) ;
#1520 = CARTESIAN_POINT ( 'NONE',  ( 0.6275522676979978787, 0.9912896190382630701, 1.435415018073963989 ) ) ;
#1521 = CARTESIAN_POINT ( 'NONE',  ( 0.5866962832658100258, 1.044847326877664573, 1.399557401437679260 ) ) ;
#1522 = DIRECTION ( 'NONE',  ( -0.7738664612090090378, -0.3881086756343966049, -0.5005021040047283876 ) ) ;
#1523 = B_SPLINE_CURVE_WITH_KNOTS ( 'NONE', 3,
 ( #3554, #4409, #5895, #3584, #256, #5868, #4460, #791 ),
 .UNSPECIFIED., .F., .F.,
 ( 4, 2, 2, 4 ),
 ( 0.009118432467678214831, 0.02903569636473292762, 0.03899432831326025972, 0.04895296026178758142 ),
 .UNSPECIFIED. ) ;
#1524 = DIRECTION ( 'NONE',  ( 0.3650397643841989392, 0.9046541402764890494, 0.2198791870526518311 ) ) ;
#1525 = DIRECTION ( 'NONE',  ( 0.5495945148342146203, -0.01876539135242325657, -0.8352207668344547864 ) ) ;
#1526 = EDGE_LOOP ( 'NONE', ( #2613, #4718, #5499, #73, #2484, #5227, #5138, #4644, #1362, #1576, #4566, #2022, #2297, #569, #590, #2909, #289, #1387 ) ) ;
#1527 = CARTESIAN_POINT ( 'NONE',  ( 0.6028281107098198977, 1.000771684965153563, 1.409788478421939883 ) ) ;
#1528 = ORIENTED_EDGE ( 'NONE', *, *, #5736, .T. ) ;
#1529 = CARTESIAN_POINT ( 'NONE',  ( 0.5767348873853666014, 0.9581550729032869418, 1.467319775304199103 ) ) ;
#1530 = DIRECTION ( 'NONE',  ( -0.5495945148342156195, 0.01876539135242259390, 0.8352207668344541203 ) ) ;
#1531 = CARTESIAN_POINT ( 'NONE',  ( 0.5942195603159756701, 1.032890883639648427, 1.413328008829835669 ) ) ;
#1532 = DIRECTION ( 'NONE',  ( -0.5495945148342155084, 0.01876539135242274656, 0.8352207668344542313 ) ) ;
#1533 = CARTESIAN_POINT ( 'NONE',  ( 0.6346918467233364503, 1.007141779214849597, 1.417881392858341361 ) ) ;
#1534 = CARTESIAN_POINT ( 'NONE',  ( 0.5957924796924800592, 1.104215802629306742, 1.390103694180972793 ) ) ;
#1535 = CARTESIAN_POINT ( 'NONE',  ( 0.6422296181710062113, 0.9765661632847529861, 1.439957907429571637 ) ) ;
#1536 = CARTESIAN_POINT ( 'NONE',  ( 0.6085858162319996989, 0.9815678416749077373, 1.416759118282871155 ) ) ;
#1537 = ORIENTED_EDGE ( 'NONE', *, *, #1246, .F. ) ;
#1538 = B_SPLINE_CURVE_WITH_KNOTS ( 'NONE', 3,
 ( #4504, #1206, #1632, #2989 ),
 .UNSPECIFIED., .F., .F.,
 ( 4, 4 ),
 ( -0.02949792095801999706, 0.000000000000000000 ),
 .UNSPECIFIED. ) ;
#1539 = ORIENTED_EDGE ( 'NONE', *, *, #5787, .F. ) ;
#1540 = CARTESIAN_POINT ( 'NONE',  ( 0.6352054994225579954, 0.9956822113139237596, 1.430449741958435217 ) ) ;
#1541 = EDGE_CURVE ( 'NONE', #2023, #442, #4897, .T. ) ;
#1542 = CARTESIAN_POINT ( 'NONE',  ( 0.6043052851585852814, 1.050698674111276709, 1.415209410747235941 ) ) ;
#1544 = CARTESIAN_POINT ( 'NONE',  ( 0.5999328377594497219, 1.018960200581326081, 1.418689397229239590 ) ) ;
#1543 = CARTESIAN_POINT ( 'NONE',  ( 0.5864971228540337700, 1.048549104897681161, 1.403539525129781529 ) ) ;
#1545 = DIRECTION ( 'NONE',  ( -0.5495945148342156195, 0.01876539135242333983, 0.8352207668344541203 ) ) ;
#1546 = CARTESIAN_POINT ( 'NONE',  ( 0.6055870984330105067, 1.004292093757249260, 1.421542299732758696 ) ) ;
#1547 = EDGE_CURVE ( 'NONE', #3531, #819, #2682, .T. ) ;
#1548 = CARTESIAN_POINT ( 'NONE',  ( 0.6285485788533571316, 0.9956661150726697773, 1.420386756901197645 ) ) ;
#1549 = CARTESIAN_POINT ( 'NONE',  ( 0.6006631410850735708, 1.009657923174097194, 1.410912847013561899 ) ) ;
#1550 = EDGE_LOOP ( 'NONE', ( #2055, #3289 ) ) ;
#1551 = CARTESIAN_POINT ( 'NONE',  ( 0.5860650421047686187, 1.046288467843928816, 1.399109651251475128 ) ) ;
#1552 = LINE ( 'NONE', #5213, #701 ) ;
#1553 = DIRECTION ( 'NONE',  ( 0.3385274322565199334, -0.9089894737290769022, 0.2431816486899107954 ) ) ;
#1554 = CARTESIAN_POINT ( 'NONE',  ( 0.6057783842213735337, 0.9716428310855804718, 1.419371968272376217 ) ) ;
#1555 = ORIENTED_EDGE ( 'NONE', *, *, #2657, .T. ) ;
#1556 = CARTESIAN_POINT ( 'NONE',  ( 0.5904134337673642152, 1.077963857060883157, 1.411099740487786969 ) ) ;
#1557 = CARTESIAN_POINT ( 'NONE',  ( 0.5987697410621095617, 1.012578054044668940, 1.406852717086561011 ) ) ;
#1558 = ORIENTED_EDGE ( 'NONE', *, *, #912, .F. ) ;
#1559 = LINE ( 'NONE', #3399, #1103 ) ;
#1560 = CARTESIAN_POINT ( 'NONE',  ( 0.6219646523849112763, 0.9746093438708377521, 1.431788719094103435 ) ) ;
#1561 = CARTESIAN_POINT ( 'NONE',  ( 0.6076000186377328305, 0.9980226726470592391, 1.421810418118677255 ) ) ;
#1562 = CARTESIAN_POINT ( 'NONE',  ( 0.6123456884158313684, 0.9856302827157026325, 1.403660416974257030 ) ) ;
#1563 = DIRECTION ( 'NONE',  ( -0.5495945148342156195, 0.01876539135242333983, 0.8352207668344541203 ) ) ;
#1564 = CARTESIAN_POINT ( 'NONE',  ( 0.6343184654263904765, 0.9984669606113281137, 1.429187347152679477 ) ) ;
#1565 = CARTESIAN_POINT ( 'NONE',  ( 0.6423340545533436918, 0.9701865944879171089, 1.439174872986237474 ) ) ;
#1566 = CIRCLE ( 'NONE', #1469, 0.001299999999999973486 ) ;
#1567 = CARTESIAN_POINT ( 'NONE',  ( 0.5916992666375450183, 1.052938996618466350, 1.405314078250404997 ) ) ;
#1568 = EDGE_LOOP ( 'NONE', ( #5788, #4676, #1971, #2077 ) ) ;
#1569 = ORIENTED_EDGE ( 'NONE', *, *, #5612, .T. ) ;
#1570 = CARTESIAN_POINT ( 'NONE',  ( 0.6355066208214853463, 0.9951638911111099217, 1.430657872908850381 ) ) ;
#1571 = CARTESIAN_POINT ( 'NONE',  ( 0.6214271304913436822, 0.9955407131189467629, 1.433754005460328163 ) ) ;
#1573 = CARTESIAN_POINT ( 'NONE',  ( 0.6009985266354060940, 1.016040463868181476, 1.419456244496748898 ) ) ;
#1572 = CARTESIAN_POINT ( 'NONE',  ( 0.5890541570417806572, 1.044837768538671163, 1.408127532755248046 ) ) ;
#1574 = DIRECTION ( 'NONE',  ( 0.5495945148342153974, -0.01876539135242232328, -0.8352207668344542313 ) ) ;
#1575 = DIRECTION ( 'NONE',  ( 0.8281763348194122187, -0.1170195653184740725, 0.5481152978870051928 ) ) ;
#1576 = ORIENTED_EDGE ( 'NONE', *, *, #1769, .F. ) ;
#1577 = CARTESIAN_POINT ( 'NONE',  ( 0.6358416904366559486, 0.9946273032503336609, 1.425450334223143045 ) ) ;
#1578 = CARTESIAN_POINT ( 'NONE',  ( 0.5994589521017231748, 1.013031841472847860, 1.410044659121049371 ) ) ;
#1579 = ORIENTED_EDGE ( 'NONE', *, *, #4098, .F. ) ;
#1580 = CARTESIAN_POINT ( 'NONE',  ( 0.5829167474622026779, 1.053112675507494211, 1.396884677366837746 ) ) ;
#1581 = CARTESIAN_POINT ( 'NONE',  ( 0.6166937759972882516, 1.003156119535738799, 1.428176144013236781 ) ) ;
#1582 = VECTOR ( 'NONE', #2689, 1.000000000000000000 ) ;
#1583 = EDGE_CURVE ( 'NONE', #2893, #4689, #1664, .T. ) ;
#1584 = CARTESIAN_POINT ( 'NONE',  ( 0.6160954804184435307, 1.055139469474923875, 1.404566163160557934 ) ) ;
#1585 = CARTESIAN_POINT ( 'NONE',  ( 0.6074283913307122473, 0.9667169506657971034, 1.419149688136746468 ) ) ;
#1586 = VERTEX_POINT ( 'NONE', #5410 ) ;
#1587 = CARTESIAN_POINT ( 'NONE',  ( 0.5911385160351674273, 1.074440840808667641, 1.411656014989512986 ) ) ;
#1588 = CARTESIAN_POINT ( 'NONE',  ( 0.6032440986721168130, 0.9994617034838597647, 1.410091640205663355 ) ) ;
#1589 = EDGE_LOOP ( 'NONE', ( #4280, #2209, #5402, #1508 ) ) ;
#1590 = CARTESIAN_POINT ( 'NONE',  ( 0.6088358167618238559, 0.9864318411182604329, 1.408341139983406265 ) ) ;
#1591 = LINE ( 'NONE', #1197, #5170 ) ;
#1592 = CARTESIAN_POINT ( 'NONE',  ( 0.6040621465790887434, 1.002089182416142643, 1.416160489833722780 ) ) ;
#1593 = AXIS2_PLACEMENT_3D ( 'NONE', #5219, #604, #2466 ) ;
#1594 = DIRECTION ( 'NONE',  ( 0.7512883676660886412, -0.4257273140144409163, 0.5043035224065696154 ) ) ;
#1595 = EDGE_CURVE ( 'NONE', #552, #4208, #3555, .T. ) ;
#1596 = CARTESIAN_POINT ( 'NONE',  ( 0.5424448162416939390, 1.025041131040021369, 1.369948736135565559 ) ) ;
#1597 = LOCAL_TIME ( 12, 22, 21.00000000000000000, #5034 ) ;
#1598 = CARTESIAN_POINT ( 'NONE',  ( 0.6137717246151861428, 1.038675744397628886, 1.417512332536018826 ) ) ;
#1599 = CARTESIAN_POINT ( 'NONE',  ( 0.6413871096374252900, 0.9797983791098336948, 1.440021656524055560 ) ) ;
#1600 = CARTESIAN_POINT ( 'NONE',  ( 0.6071212470952521700, 1.057657754363548586, 1.412734914202690595 ) ) ;
#1601 = ORIENTED_EDGE ( 'NONE', *, *, #1595, .F. ) ;
#1602 = EDGE_LOOP ( 'NONE', ( #134, #5297, #3182, #2730, #2957, #1385 ) ) ;
#1603 = CARTESIAN_POINT ( 'NONE',  ( 0.6324417361886913724, 1.000717477953915635, 1.428517395858679873 ) ) ;
#1604 = LINE ( 'NONE', #3508, #5932 ) ;
#1606 = CARTESIAN_POINT ( 'NONE',  ( 0.5866450462670969035, 1.042406048576902222, 1.397967122001762208 ) ) ;
#1605 = CARTESIAN_POINT ( 'NONE',  ( 0.5943598984874702840, 1.029082612713297928, 1.409150777734732296 ) ) ;
#1607 = CARTESIAN_POINT ( 'NONE',  ( 0.6149929829056971498, 1.007001382056228689, 1.426473429107851576 ) ) ;
#1608 = DIRECTION ( 'NONE',  ( -0.3650397643841978290, -0.9046541402764898265, -0.2198791870526504155 ) ) ;
#1609 = ORIENTED_EDGE ( 'NONE', *, *, #5822, .T. ) ;
#1610 = CARTESIAN_POINT ( 'NONE',  ( 0.6053199944860492288, 1.076963533874481183, 1.408342056690751631 ) ) ;
#1611 = CARTESIAN_POINT ( 'NONE',  ( 0.6013395846185780602, 1.010195489931196455, 1.414167920063857720 ) ) ;
#1612 = CARTESIAN_POINT ( 'NONE',  ( 0.5876348137529570081, 1.043973761990511839, 1.402449251109135542 ) ) ;
#1613 = CARTESIAN_POINT ( 'NONE',  ( 0.5878949955564726215, 1.042043587802650606, 1.400409174991517736 ) ) ;
#1614 = FACE_OUTER_BOUND ( 'NONE', #2842, .T. ) ;
#1615 = CYLINDRICAL_SURFACE ( 'NONE', #3112, 0.1584028434131250496 ) ;
#1616 = CARTESIAN_POINT ( 'NONE',  ( 0.5860962746761546605, 1.043237873496333679, 1.401840335043947006 ) ) ;
#1617 = ORIENTED_EDGE ( 'NONE', *, *, #4584, .T. ) ;
#1618 = B_SPLINE_CURVE_WITH_KNOTS ( 'NONE', 3,
 ( #4603, #2816, #4662, #4240, #992, #79, #3325 ),
 .UNSPECIFIED., .F., .F.,
 ( 4, 3, 4 ),
 ( 0.4530512504949339991, 1.100000078698259998, 1.145191526258940495 ),
 .UNSPECIFIED. ) ;
#1619 = CARTESIAN_POINT ( 'NONE',  ( 0.6027256502974425167, 1.001090573822412733, 1.409713892447418848 ) ) ;
#1620 = EDGE_LOOP ( 'NONE', ( #3044, #5271, #2414, #3093 ) ) ;
#1621 = EDGE_CURVE ( 'NONE', #583, #1018, #217, .T. ) ;
#1622 = CARTESIAN_POINT ( 'NONE',  ( 0.5608053861359409975, 1.024506296806401151, 1.455347044750715080 ) ) ;
#1623 = CARTESIAN_POINT ( 'NONE',  ( 0.6143878257982993141, 0.9936357593485527495, 1.428770091487559846 ) ) ;
#1624 = CARTESIAN_POINT ( 'NONE',  ( 0.6025630939508395123, 1.000327567641854376, 1.408249759133016310 ) ) ;
#1625 = CARTESIAN_POINT ( 'NONE',  ( 0.6056403132097992748, 0.9938823300037507025, 1.409188555977546775 ) ) ;
#1626 = DIRECTION ( 'NONE',  ( 0.5495945148342146203, -0.01876539135242325657, -0.8352207668344547864 ) ) ;
#1627 = CARTESIAN_POINT ( 'NONE',  ( 0.6082790207855048870, 0.9984364181647248371, 1.422398621780061045 ) ) ;
#1628 = CARTESIAN_POINT ( 'NONE',  ( 0.6306476412820545274, 1.001848582993412284, 1.428070187661424129 ) ) ;
#1629 = DIRECTION ( 'NONE',  ( -0.5495945148342157305, 0.01876539135242308309, 0.8352207668344541203 ) ) ;
#1630 = CARTESIAN_POINT ( 'NONE',  ( 0.6090738703358321571, 1.056308178582911150, 1.412386982297948013 ) ) ;
#1631 = ORIENTED_EDGE ( 'NONE', *, *, #567, .T. ) ;
#1632 = CARTESIAN_POINT ( 'NONE',  ( 0.6364804368066918627, 0.9883084376602597754, 1.439144265172404902 ) ) ;
#1633 = CARTESIAN_POINT ( 'NONE',  ( 0.6257526036033599359, 0.9949796430414570292, 1.435623900735760072 ) ) ;
#1635 = CARTESIAN_POINT ( 'NONE',  ( 0.6505530180052382372, 0.9594653809985121962, 1.432981447247533069 ) ) ;
#1634 = CARTESIAN_POINT ( 'NONE',  ( 0.5919559438904499205, 1.035370692290135786, 1.407427642257627731 ) ) ;
#1636 = CARTESIAN_POINT ( 'NONE',  ( 0.6261438218539879808, 0.9724682914536767475, 1.420219354345975571 ) ) ;
#1637 = EDGE_LOOP ( 'NONE', ( #2663, #1930, #2394, #3714 ) ) ;
#1638 = CARTESIAN_POINT ( 'NONE',  ( 0.6119878773885134571, 1.052824157911858904, 1.413272030739767704 ) ) ;
#1639 = CARTESIAN_POINT ( 'NONE',  ( 0.6050535993304951843, 1.001564295405857452, 1.419627784858895847 ) ) ;
#1640 = LINE ( 'NONE', #2034, #3891 ) ;
#1641 = CARTESIAN_POINT ( 'NONE',  ( 0.5936130245640980352, 1.027547296244419428, 1.404497466492511393 ) ) ;
#1642 = DIRECTION ( 'NONE',  ( 0.5495945148342157305, -0.01876539135242311085, -0.8352207668344541203 ) ) ;
#1643 = LINE ( 'NONE', #5701, #1463 ) ;
#1644 = CARTESIAN_POINT ( 'NONE',  ( 0.4832528194575980707, 0.9427001594515681537, 1.341230058211239085 ) ) ;
#1645 = VERTEX_POINT ( 'NONE', #630 ) ;
#1646 = CARTESIAN_POINT ( 'NONE',  ( 0.6024546673598931701, 1.003181034751527978, 1.410862922221722160 ) ) ;
#1647 = ORIENTED_EDGE ( 'NONE', *, *, #5704, .F. ) ;
#1648 = CARTESIAN_POINT ( 'NONE',  ( 0.5912590932628440932, 1.031440450916187856, 1.400112434877649470 ) ) ;
#1649 = CARTESIAN_POINT ( 'NONE',  ( 0.5948803431487863502, 1.032133707158800373, 1.414919415649565915 ) ) ;
#1650 = CARTESIAN_POINT ( 'NONE',  ( 0.6023175803899314396, 1.001089637870871574, 1.408071083675695556 ) ) ;
#1651 = CARTESIAN_POINT ( 'NONE',  ( 0.5950247332968882086, 1.033943520350034673, 1.413308632314416835 ) ) ;
#1652 = CARTESIAN_POINT ( 'NONE',  ( 0.6375660024568580164, 0.9954582633247603951, 1.427047299547131942 ) ) ;
#1653 = CARTESIAN_POINT ( 'NONE',  ( 0.6168279111107810575, 1.025957962701380843, 1.421183415777478976 ) ) ;
#1654 = CARTESIAN_POINT ( 'NONE',  ( 0.6424230844584820632, 0.9711010883011491623, 1.439333972443203269 ) ) ;
#1655 = B_SPLINE_SURFACE_WITH_KNOTS ( 'NONE', 3, 1, ( 
 ( #147, #2005 ),
 ( #5239, #5338 ),
 ( #1087, #4397 ),
 ( #2069, #1156 ),
 ( #4789, #2487 ) ),
 .UNSPECIFIED., .F., .F., .F.,
 ( 4, 1, 4 ),
 ( 2, 2 ),
 ( 0.000000000000000000, 0.5000000000000000000, 1.000000000000000000 ),
 ( -6.222550413933849889, 1.000000000000000000 ),
 .UNSPECIFIED. ) ;
#1656 = CARTESIAN_POINT ( 'NONE',  ( 0.6092681428499234775, 0.9844993097433484275, 1.408669977061046241 ) ) ;
#1657 = EDGE_CURVE ( 'NONE', #2976, #5263, #3361, .T. ) ;
#1658 = AXIS2_PLACEMENT_3D ( 'NONE', #551, #5972, #5226 ) ;
#1659 = ORIENTED_EDGE ( 'NONE', *, *, #3725, .T. ) ;
#1660 = CARTESIAN_POINT ( 'NONE',  ( 0.5837731828998573569, 1.098303172049876375, 1.399085227852919111 ) ) ;
#1661 = CARTESIAN_POINT ( 'NONE',  ( 0.5976601274393691376, 1.050168064938570289, 1.416492736194796542 ) ) ;
#1663 = CARTESIAN_POINT ( 'NONE',  ( 0.6026367834709105420, 1.013027715839386778, 1.419404656179954038 ) ) ;
#1662 = CARTESIAN_POINT ( 'NONE',  ( 0.5810558127393080641, 1.061802479210398831, 1.402483281823606376 ) ) ;
#1664 = CIRCLE ( 'NONE', #2911, 0.002999999999999976210 ) ;
#1665 = CARTESIAN_POINT ( 'NONE',  ( 0.5906183012827007639, 1.038227513847583161, 1.406469439440428237 ) ) ;
#1666 = B_SPLINE_CURVE_WITH_KNOTS ( 'NONE', 3,
 ( #894, #4621, #464, #2322, #4168, #1040, #4769, #4316, #5651, #1501 ),
 .UNSPECIFIED., .F., .F.,
 ( 4, 2, 2, 2, 4 ),
 ( 0.005981405620103912198, 0.01589937863608622756, 0.02085836514407768405, 0.02581735165206914054, 0.04565329768403414423 ),
 .UNSPECIFIED. ) ;
#1667 = ORIENTED_EDGE ( 'NONE', *, *, #1805, .F. ) ;
#1668 = B_SPLINE_CURVE_WITH_KNOTS ( 'NONE', 3,
 ( #769, #2054, #4384, #3473, #232, #4468, #5786, #5843, #3502, #1230, #3896, #2087, #1630, #5754, #5325, #743, #1600, #5295, #1142, #2624, #5414, #4870 ),
 .UNSPECIFIED., .F., .F.,
 ( 4, 2, 2, 2, 2, 2, 2, 2, 2, 2, 4 ),
 ( 0.000000000000000000, 0.001309156160022493208, 0.001963734240033463557, 0.002618312320044433907, 0.003927468480065851586, 0.004582046560076559125, 0.005236624640087266663, 0.006545780800108374695, 0.007854936960129482726, 0.009164093120150590757, 0.01047324928017169879 ),
 .UNSPECIFIED. ) ;
#1669 = ADVANCED_FACE ( 'NONE', ( #2490 ), #3391, .F. ) ;
#1670 = CARTESIAN_POINT ( 'NONE',  ( 0.6331312462173200872, 0.9975660743822367671, 1.429800674566070740 ) ) ;
#1671 = CARTESIAN_POINT ( 'NONE',  ( 0.6000978210064367158, 1.013686942424525839, 1.413272366490382126 ) ) ;
#1672 = ORIENTED_EDGE ( 'NONE', *, *, #279, .T. ) ;
#1673 = DIRECTION ( 'NONE',  ( 0.5495945148342156195, -0.01876539135242269105, -0.8352207668344541203 ) ) ;
#1674 = DIRECTION ( 'NONE',  ( -0.7512883676660403465, 0.4257273140144764434, -0.5043035224066118039 ) ) ;
#1675 = CARTESIAN_POINT ( 'NONE',  ( 0.6461562618865643870, 0.9596155041293312760, 1.439663213382208706 ) ) ;
#1676 = ORIENTED_EDGE ( 'NONE', *, *, #258, .F. ) ;
#1677 = CARTESIAN_POINT ( 'NONE',  ( 0.6011125216356354439, 1.007160998768010574, 1.409890339231986589 ) ) ;
#1678 = CIRCLE ( 'NONE', #1477, 0.003750000000000010703 ) ;
#1679 = VERTEX_POINT ( 'NONE', #5737 ) ;
#1680 = CARTESIAN_POINT ( 'NONE',  ( 0.5874410294884390149, 1.040949302709327950, 1.397386420004311569 ) ) ;
#1681 = CARTESIAN_POINT ( 'NONE',  ( 0.6019307925061004871, 1.002273839980805992, 1.407789962174992970 ) ) ;
#1682 = CARTESIAN_POINT ( 'NONE',  ( 0.6050795191949909224, 0.9943516296850770653, 1.411709909831744270 ) ) ;
#1683 = CARTESIAN_POINT ( 'NONE',  ( 0.6402218803479207132, 0.9912044632441657788, 1.428724890337220499 ) ) ;
#1684 = VECTOR ( 'NONE', #3100, 1.000000000000000000 ) ;
#1685 = CARTESIAN_POINT ( 'NONE',  ( 0.6183318301206268686, 1.026424091297667429, 1.420788252085242620 ) ) ;
#1686 = CARTESIAN_POINT ( 'NONE',  ( 0.6235564801860442596, 1.025506508273308359, 1.417152441483945147 ) ) ;
#1687 = CIRCLE ( 'NONE', #5756, 0.01000000000000003490 ) ;
#1688 = DIRECTION ( 'NONE',  ( -0.7505752902509433833, -0.4501006340066260325, -0.4837831672676775052 ) ) ;
#1689 = AXIS2_PLACEMENT_3D ( 'NONE', #2226, #5836, #3979 ) ;
#1690 = EDGE_CURVE ( 'NONE', #2788, #5304, #432, .T. ) ;
#1691 = EDGE_LOOP ( 'NONE', ( #4859, #2867, #1751, #1995 ) ) ;
#1692 = CARTESIAN_POINT ( 'NONE',  ( 0.5753308986586203044, 1.096505283837795552, 1.393564391121138391 ) ) ;
#1693 = CARTESIAN_POINT ( 'NONE',  ( 0.6356100166646273530, 0.9892824818799110798, 1.438926614836852691 ) ) ;
#1695 = CARTESIAN_POINT ( 'NONE',  ( 0.6394172262691910635, 0.9549833251759964892, 1.422162675871502691 ) ) ;
#1694 = CARTESIAN_POINT ( 'NONE',  ( 0.5877288642871587587, 1.047933838931381700, 1.407185898360732157 ) ) ;
#1696 = DIRECTION ( 'NONE',  ( -0.7738664612090516703, -0.3881086756343407607, -0.5005021040047059611 ) ) ;
#1697 = ORIENTED_EDGE ( 'NONE', *, *, #2358, .F. ) ;
#1698 = EDGE_CURVE ( 'NONE', #5186, #5441, #5673, .T. ) ;
#1699 = CARTESIAN_POINT ( 'NONE',  ( 0.5949285583367409647, 1.072157148063180632, 1.411379223792135207 ) ) ;
#1700 = CARTESIAN_POINT ( 'NONE',  ( 0.6139537186158227078, 1.042545877201391580, 1.416170831975031241 ) ) ;
#1701 = CARTESIAN_POINT ( 'NONE',  ( 0.6099816550554620909, 0.9825869249918268711, 1.423296934740684527 ) ) ;
#1702 = CARTESIAN_POINT ( 'NONE',  ( 0.5880907701852832181, 1.042642769794830837, 1.395786039237306042 ) ) ;
#1703 = CARTESIAN_POINT ( 'NONE',  ( 0.6052426596421205396, 0.9944362014860219645, 1.411796221511850691 ) ) ;
#1704 = FACE_OUTER_BOUND ( 'NONE', #3628, .T. ) ;
#1705 = FACE_BOUND ( 'NONE', #5099, .T. ) ;
#1706 = ORIENTED_EDGE ( 'NONE', *, *, #4761, .T. ) ;
#1707 = ADVANCED_FACE ( 'NONE', ( #5310 ), #1615, .T. ) ;
#1708 = CARTESIAN_POINT ( 'NONE',  ( 0.6033904370048031041, 1.000282170338207877, 1.411543810690694345 ) ) ;
#1709 = CARTESIAN_POINT ( 'NONE',  ( 0.6087368457770826469, 0.9827932022958120184, 1.423793496783056778 ) ) ;
#1710 = EDGE_LOOP ( 'NONE', ( #5280, #4779, #4797, #930 ) ) ;
#1711 = CARTESIAN_POINT ( 'NONE',  ( 0.5848110613377097700, 1.046980997446735673, 1.395520322747171527 ) ) ;
#1712 = CARTESIAN_POINT ( 'NONE',  ( 0.6042924358373992222, 0.9947167242026002665, 1.409513768039406534 ) ) ;
#1713 = FACE_OUTER_BOUND ( 'NONE', #3490, .T. ) ;
#1714 = DIRECTION ( 'NONE',  ( -0.3650397643841983841, -0.9046541402764898265, -0.2198791870526495829 ) ) ;
#1715 = CARTESIAN_POINT ( 'NONE',  ( 0.6224231022491231169, 1.020315963301971829, 1.422243334029984485 ) ) ;
#1716 = CARTESIAN_POINT ( 'NONE',  ( 0.6222459665967960962, 1.028920074709016141, 1.416214597990891999 ) ) ;
#1717 = DIRECTION ( 'NONE',  ( 0.3410085708455583564, -0.9076310146233587117, 0.2447837737752288079 ) ) ;
#1718 = DIRECTION ( 'NONE',  ( -0.6056461288796766151, 0.2202822971003285113, 0.7646361724096401025 ) ) ;
#1719 = CARTESIAN_POINT ( 'NONE',  ( 0.5849885017450769942, 1.046159666587933579, 1.401044460492035570 ) ) ;
#1720 = CARTESIAN_POINT ( 'NONE',  ( 0.5769677177732872586, 1.091713885050129118, 1.394749009561831121 ) ) ;
#1722 = LINE ( 'NONE', #3083, #714 ) ;
#1721 = CARTESIAN_POINT ( 'NONE',  ( 0.5903106675579610219, 1.041796967487775616, 1.409022665083080161 ) ) ;
#1723 = CARTESIAN_POINT ( 'NONE',  ( 0.6138181261956869861, 0.9933225118858992619, 1.428402253931704280 ) ) ;
#1724 = ORIENTED_EDGE ( 'NONE', *, *, #4653, .T. ) ;
#1725 = EDGE_CURVE ( 'NONE', #4293, #4087, #4627, .T. ) ;
#1726 = CARTESIAN_POINT ( 'NONE',  ( 0.6221480895412329071, 1.004804771871017355, 1.427981512301441880 ) ) ;
#1727 = CARTESIAN_POINT ( 'NONE',  ( 0.6115608332861581786, 1.049227061270922023, 1.414446148223413191 ) ) ;
#1728 = CARTESIAN_POINT ( 'NONE',  ( 0.6106923248966830142, 0.9793333905780193804, 1.423837670928145727 ) ) ;
#1729 = PLANE ( 'NONE',  #3403 ) ;
#1730 = CARTESIAN_POINT ( 'NONE',  ( 0.6116607156319829874, 0.9739140224571952720, 1.409762867740856240 ) ) ;
#1731 = DIRECTION ( 'NONE',  ( 0.3650397643841983841, 0.9046541402764898265, 0.2198791870526496106 ) ) ;
#1732 = LINE ( 'NONE', #4426, #4775 ) ;
#1733 = EDGE_LOOP ( 'NONE', ( #400, #5171, #750, #3546, #2850, #144, #4716, #2163 ) ) ;
#1734 = ADVANCED_FACE ( 'NONE', ( #2939 ), #4822, .T. ) ;
#1735 = CARTESIAN_POINT ( 'NONE',  ( 0.6393555610474817019, 0.9774358356230210543, 1.438498016877506336 ) ) ;
#1736 = CARTESIAN_POINT ( 'NONE',  ( 0.5973069400599519962, 1.016556195952943442, 1.405800781081456341 ) ) ;
#1737 = CARTESIAN_POINT ( 'NONE',  ( 0.6104953553487619811, 0.9864317657540152551, 1.425724291107322239 ) ) ;
#1738 = EDGE_LOOP ( 'NONE', ( #1763, #2120, #4871, #354 ) ) ;
#1739 = CARTESIAN_POINT ( 'NONE',  ( 0.5854018892425123521, 1.045664470450335504, 1.395938680304692925 ) ) ;
#1740 = CARTESIAN_POINT ( 'NONE',  ( 0.6071594189402222952, 0.9835336456029083463, 1.411651565738869296 ) ) ;
#1741 = EDGE_CURVE ( 'NONE', #2544, #3251, #5439, .T. ) ;
#1742 = CARTESIAN_POINT ( 'NONE',  ( 0.5841186151520911807, 1.048569141245621728, 1.400417938112552108 ) ) ;
#1743 = CARTESIAN_POINT ( 'NONE',  ( 0.6251641283436046859, 1.005933455491456963, 1.427118741115291689 ) ) ;
#1744 = ORIENTED_EDGE ( 'NONE', *, *, #4584, .F. ) ;
#1745 = CARTESIAN_POINT ( 'NONE',  ( 0.6116347350292774543, 1.052098674795369559, 1.413671431031958248 ) ) ;
#1746 = CARTESIAN_POINT ( 'NONE',  ( 0.6058636009976119396, 0.9892839562715316504, 1.485787711408563361 ) ) ;
#1747 = CARTESIAN_POINT ( 'NONE',  ( 0.6311095298010249710, 1.007264094080047689, 1.423325452808247515 ) ) ;
#1748 = DIRECTION ( 'NONE',  ( 0.7623876645303943045, 0.4193586969262916297, 0.4928522418374231551 ) ) ;
#1749 = CARTESIAN_POINT ( 'NONE',  ( 0.5882427511826212596, 1.048947895202889002, 1.410323299829173704 ) ) ;
#1750 = CARTESIAN_POINT ( 'NONE',  ( 0.6328222154577448633, 0.9552085104361776047, 1.432185133267756427 ) ) ;
#1751 = ORIENTED_EDGE ( 'NONE', *, *, #466, .T. ) ;
#1752 = CIRCLE ( 'NONE', #2144, 0.001000000000000116464 ) ;
#1753 = ORIENTED_EDGE ( 'NONE', *, *, #3623, .T. ) ;
#1754 = CARTESIAN_POINT ( 'NONE',  ( 0.6289684143221936363, 0.9854239805777295080, 1.435726918167030686 ) ) ;
#1755 = CARTESIAN_POINT ( 'NONE',  ( 0.6039473768615567506, 1.062404123155068714, 1.411888870258529494 ) ) ;
#1756 = CARTESIAN_POINT ( 'NONE',  ( 0.6015010925064149250, 1.012198671015437812, 1.417051224780437213 ) ) ;
#1757 = FACE_OUTER_BOUND ( 'NONE', #5982, .T. ) ;
#1758 =( BOUNDED_SURFACE ( )  B_SPLINE_SURFACE ( 3, 2, ( 
 ( #5658, #4155, #3665 ),
 ( #1110, #4776, #5514 ),
 ( #5056, #1360, #4261 ),
 ( #4575, #909, #3407 ),
 ( #421, #1075, #2921 ),
 ( #72, #4606, #1929 ),
 ( #614, #4323, #3318 ),
 ( #5623, #1473, #1016 ),
 ( #3345, #164, #5195 ),
 ( #100, #1959, #1044 ),
 ( #581, #1993, #5685 ),
 ( #1536, #3374, #3860 ),
 ( #2534, #194, #316 ),
 ( #3079, #713, #4414 ),
 ( #677, #2118, #4806 ),
 ( #2503, #1172, #4928 ),
 ( #2986, #4438, #2174 ),
 ( #3018, #2570, #1656 ),
 ( #4351, #4836, #5356 ),
 ( #3987, #3441, #288 ),
 ( #3933, #3559, #2143 ),
 ( #4902, #1204, #5386 ) ),
 .UNSPECIFIED., .F., .F., .F. ) 
 B_SPLINE_SURFACE_WITH_KNOTS ( ( 4, 2, 2, 2, 2, 2, 2, 2, 2, 2, 4 ),
 ( 3, 3 ),
 ( 0.04062515026785028932, 0.04709704531570139963, 0.05033299283962695825, 0.05114197972060834790, 0.05124310308073101727, 0.05134422644085369358, 0.05154647316109904620, 0.05195096660158973756, 0.05356894036355251687, 0.06004083541140362718, 0.06651273045925473748 ),
 ( 0.000000000000000000, 1.000000000000000000 ),
 .UNSPECIFIED. ) 
 GEOMETRIC_REPRESENTATION_ITEM ( )  RATIONAL_B_SPLINE_SURFACE ( (
 ( 1.000000000000000000, 0.9227566257762835900, 1.000000000000000000),
 ( 1.000000000000000000, 0.9233178071013069532, 1.000000000000000000),
 ( 1.000000000000000000, 0.9236013850533220104, 1.000000000000000000),
 ( 1.000000000000000000, 0.9238211310385495700, 1.000000000000000000),
 ( 1.000000000000000000, 0.9238592318030990347, 1.000000000000000000),
 ( 1.000000000000000000, 0.9238767819912790946, 1.000000000000000000),
 ( 1.000000000000000000, 0.9238787706324794735, 1.000000000000000000),
 ( 1.000000000000000000, 0.9238794518403912193, 1.000000000000000000),
 ( 1.000000000000000000, 0.9238795053588815254, 1.000000000000000000),
 ( 1.000000000000000000, 0.9238795716327226071, 1.000000000000000000),
 ( 1.000000000000000000, 0.9238796031038808421, 1.000000000000000000),
 ( 1.000000000000000000, 0.9238796927477724852, 1.000000000000000000),
 ( 1.000000000000000000, 0.9238797461539681732, 1.000000000000000000),
 ( 1.000000000000000000, 0.9238798890688154630, 1.000000000000000000),
 ( 1.000000000000000000, 0.9238799612994675892, 1.000000000000000000),
 ( 1.000000000000000000, 0.9238802291405647793, 1.000000000000000000),
 ( 1.000000000000000000, 0.9238801525782359692, 1.000000000000000000),
 ( 1.000000000000000000, 0.9238793950129117194, 1.000000000000000000),
 ( 1.000000000000000000, 0.9238791144441722558, 1.000000000000000000),
 ( 1.000000000000000000, 0.9238801441668151870, 1.000000000000000000),
 ( 1.000000000000000000, 0.9238793771577846758, 1.000000000000000000),
 ( 1.000000000000000000, 0.9238794713204976361, 1.000000000000000000) ) ) 
 REPRESENTATION_ITEM ( '' )  SURFACE ( )  );
#1759 = CARTESIAN_POINT ( 'NONE',  ( 0.6115499954767219526, 0.9739178028934768472, 1.409931129560225038 ) ) ;
#1760 = CARTESIAN_POINT ( 'NONE',  ( 0.6051530740518004103, 0.9803074311457526946, 1.421330269436715366 ) ) ;
#1761 = CARTESIAN_POINT ( 'NONE',  ( 0.6111349711857581024, 1.014707491320830046, 1.423761630831829716 ) ) ;
#1762 = CIRCLE ( 'NONE', #4085, 0.02055532872779399986 ) ;
#1763 = ORIENTED_EDGE ( 'NONE', *, *, #1137, .T. ) ;
#1764 = EDGE_CURVE ( 'NONE', #3328, #828, #2438, .T. ) ;
#1765 = CARTESIAN_POINT ( 'NONE',  ( 0.6360755056142082253, 0.9616762820424894498, 1.434624485788113413 ) ) ;
#1766 = CARTESIAN_POINT ( 'NONE',  ( 0.5953865991354559961, 1.021649714735355818, 1.404422713440262260 ) ) ;
#1767 = CARTESIAN_POINT ( 'NONE',  ( 0.6090178683860584252, 0.9835636528643415533, 1.424154944321908811 ) ) ;
#1768 = VERTEX_POINT ( 'NONE', #3038 ) ;
#1769 = EDGE_CURVE ( 'NONE', #2495, #1309, #1074, .T. ) ;
#1770 = CARTESIAN_POINT ( 'NONE',  ( 0.5864568883851843939, 1.043257016514774982, 1.396686983725835107 ) ) ;
#1771 = COORDINATED_UNIVERSAL_TIME_OFFSET ( 2, 0, .AHEAD. ) ;
#1772 = LINE ( 'NONE', #1312, #2545 ) ;
#1773 = CARTESIAN_POINT ( 'NONE',  ( 0.6319874208702225271, 0.9547793516704659034, 1.431647502311867992 ) ) ;
#1774 = AXIS2_PLACEMENT_3D ( 'NONE', #2295, #4563, #2325 ) ;
#1775 = ORIENTED_EDGE ( 'NONE', *, *, #3651, .F. ) ;
#1776 = CARTESIAN_POINT ( 'NONE',  ( 0.5441017392592258917, 1.019481848458895445, 1.362782915645412318 ) ) ;
#1777 = CARTESIAN_POINT ( 'NONE',  ( 0.5787324958702112498, 1.087896892492897560, 1.381639054558182034 ) ) ;
#1778 = CIRCLE ( 'NONE', #3411, 0.001300000000000059571 ) ;
#1779 = DIRECTION ( 'NONE',  ( 0.7505752902509679192, 0.4501006340066093236, 0.4837831672676545791 ) ) ;
#1780 = EDGE_CURVE ( 'NONE', #14, #2751, #1643, .T. ) ;
#1781 = VECTOR ( 'NONE', #2874, 1.000000000000000000 ) ;
#1782 = CARTESIAN_POINT ( 'NONE',  ( 0.5866622866337364295, 1.043546235178993919, 1.402205029294070648 ) ) ;
#1783 = CARTESIAN_POINT ( 'NONE',  ( 0.5911206195650460238, 1.039791756118131349, 1.409600684423162775 ) ) ;
#1784 = PLANE ( 'NONE',  #4557 ) ;
#1785 = ORIENTED_EDGE ( 'NONE', *, *, #5657, .T. ) ;
#1786 = AXIS2_PLACEMENT_3D ( 'NONE', #2760, #4607, #5574 ) ;
#1787 = ORIENTED_EDGE ( 'NONE', *, *, #641, .T. ) ;
#1788 = CARTESIAN_POINT ( 'NONE',  ( 0.6086147481118150404, 0.9839720446050606029, 1.418762202749525025 ) ) ;
#1789 = CARTESIAN_POINT ( 'NONE',  ( 0.5999195072204291934, 1.079433298742169312, 1.408855834795183171 ) ) ;
#1790 = CARTESIAN_POINT ( 'NONE',  ( 0.6029789759654052839, 1.007936614985507573, 1.418119464253665640 ) ) ;
#1791 = DIRECTION ( 'NONE',  ( -0.5495945148342157305, 0.01876539135242308309, 0.8352207668344541203 ) ) ;
#1792 =( GEOMETRIC_REPRESENTATION_CONTEXT ( 3 ) GLOBAL_UNCERTAINTY_ASSIGNED_CONTEXT ( ( #4502 ) ) GLOBAL_UNIT_ASSIGNED_CONTEXT ( ( #4432, #5407, #4105 ) ) REPRESENTATION_CONTEXT ( 'NONE', 'WORKASPACE' ) );
#1793 = CARTESIAN_POINT ( 'NONE',  ( 0.6189414262566899083, 0.9914711890533185468, 1.414400479223004048 ) ) ;
#1794 = CARTESIAN_POINT ( 'NONE',  ( 0.6062075028185717196, 0.9848437865368940836, 1.423192162429522289 ) ) ;
#1795 = CARTESIAN_POINT ( 'NONE',  ( 0.5918725537929486746, 0.9320940673831313861, 1.405710226908784666 ) ) ;
#1796 = ORIENTED_EDGE ( 'NONE', *, *, #5517, .T. ) ;
#1797 =( BOUNDED_SURFACE ( )  B_SPLINE_SURFACE ( 3, 2, ( 
 ( #4648, #4594, #5474 ),
 ( #2745, #1924, #67 ),
 ( #5561, #437, #1379 ),
 ( #5988, #3165, #1809 ),
 ( #4230, #3283, #40 ),
 ( #951, #1836, #490 ),
 ( #3679, #1863, #2293 ),
 ( #5013, #3194, #3708 ),
 ( #5530, #3225, #5128 ),
 ( #3652, #5042, #979 ),
 ( #861, #2348, #5102 ),
 ( #3737, #2381, #1412 ) ),
 .UNSPECIFIED., .F., .F., .F. ) 
 B_SPLINE_SURFACE_WITH_KNOTS ( ( 4, 2, 2, 2, 2, 4 ),
 ( 3, 3 ),
 ( 0.07342048184330926541, 0.08769815107457495929, 0.09483698569020780622, 0.1019758203058406532, 0.1162534895371063470, 0.1305311587683720409 ),
 ( 0.000000000000000000, 1.000000000000000000 ),
 .UNSPECIFIED. ) 
 GEOMETRIC_REPRESENTATION_ITEM ( )  RATIONAL_B_SPLINE_SURFACE ( (
 ( 1.000000000000000000, 0.9238794011974356124, 1.000000000000000000),
 ( 1.000000000000000000, 0.9238798916127111127, 1.000000000000000000),
 ( 1.000000000000000000, 0.9238794187074955699, 1.000000000000000000),
 ( 1.000000000000000000, 0.9238795360037934667, 1.000000000000000000),
 ( 1.000000000000000000, 0.9238795236396510901, 1.000000000000000000),
 ( 1.000000000000000000, 0.9238795236396510901, 1.000000000000000000),
 ( 1.000000000000000000, 0.9238795337336241920, 1.000000000000000000),
 ( 1.000000000000000000, 0.9238795337336241920, 1.000000000000000000),
 ( 1.000000000000000000, 0.9238793799847734300, 1.000000000000000000),
 ( 1.000000000000000000, 0.9238796893560284884, 1.000000000000000000),
 ( 1.000000000000000000, 0.9238793707619701312, 1.000000000000000000),
 ( 1.000000000000000000, 0.9238795500747213341, 1.000000000000000000) ) ) 
 REPRESENTATION_ITEM ( '' )  SURFACE ( )  );
#1798 = CARTESIAN_POINT ( 'NONE',  ( 0.6241847059604677117, 0.9944188490513242717, 1.418025655445839250 ) ) ;
#1799 = CARTESIAN_POINT ( 'NONE',  ( 0.5975527475879723882, 1.017055797456390298, 1.407325613658285679 ) ) ;
#1800 = CARTESIAN_POINT ( 'NONE',  ( 0.6082786106166991891, 0.9724042294640632411, 1.420837333898288035 ) ) ;
#1801 = CARTESIAN_POINT ( 'NONE',  ( 0.5850244128846320280, 1.047559351729649535, 1.397022029155831957 ) ) ;
#1802 = CALENDAR_DATE ( 2026, 6, 9 ) ;
#1803 = CARTESIAN_POINT ( 'NONE',  ( 0.5873172536058918203, 1.043220281696086715, 1.398015149044441241 ) ) ;
#1804 = CARTESIAN_POINT ( 'NONE',  ( 0.6311434356026802694, 0.9544038422814100642, 1.431107599849807732 ) ) ;
#1805 = EDGE_CURVE ( 'NONE', #870, #2023, #4604, .T. ) ;
#1806 = VERTEX_POINT ( 'NONE', #4762 ) ;
#1807 = CARTESIAN_POINT ( 'NONE',  ( 0.5891798985426568436, 1.040035793596751246, 1.402674091448565807 ) ) ;
#1808 = CARTESIAN_POINT ( 'NONE',  ( 0.6187793509260676172, 1.020969410635847119, 1.422581494681028458 ) ) ;
#1809 = CARTESIAN_POINT ( 'NONE',  ( 0.5927213974994453016, 1.030838849779333044, 1.405212820736733592 ) ) ;
#1810 = CARTESIAN_POINT ( 'NONE',  ( 0.5701890602998727076, 1.079874027619722066, 1.373802954944674637 ) ) ;
#1811 = EDGE_CURVE ( 'NONE', #5378, #1342, #4792, .T. ) ;
#1812 = CARTESIAN_POINT ( 'NONE',  ( 0.6072188832559591853, 1.024027864627807149, 1.423369924936247477 ) ) ;
#1813 = CARTESIAN_POINT ( 'NONE',  ( 0.6124187433252089585, 0.9702048988189195811, 1.425178789185045813 ) ) ;
#1814 = LINE ( 'NONE', #5977, #96 ) ;
#1815 = ORIENTED_EDGE ( 'NONE', *, *, #5470, .T. ) ;
#1816 = VERTEX_POINT ( 'NONE', #3818 ) ;
#1817 = CARTESIAN_POINT ( 'NONE',  ( 0.6090707684215505013, 0.9894630276635999477, 1.425365096378276464 ) ) ;
#1818 = CARTESIAN_POINT ( 'NONE',  ( 0.6094512527751445585, 1.050504634484257682, 1.414403595924543344 ) ) ;
#1819 = CARTESIAN_POINT ( 'NONE',  ( 0.6039235060088467000, 1.005097838294424895, 1.418804767240934073 ) ) ;
#1820 = DIRECTION ( 'NONE',  ( -0.7626657353480704726, -0.4193492594260337936, -0.4924298678439644195 ) ) ;
#1821 = LINE ( 'NONE', #5909, #596 ) ;
#1822 = DIRECTION ( 'NONE',  ( 0.5495945148342156195, -0.01876539135242316983, -0.8352207668344541203 ) ) ;
#1823 = CARTESIAN_POINT ( 'NONE',  ( 0.6027597604114577345, 1.037609855087242572, 1.418804215490271137 ) ) ;
#1824 = EDGE_LOOP ( 'NONE', ( #5803, #3822, #2588, #3220 ) ) ;
#1825 = CARTESIAN_POINT ( 'NONE',  ( 0.6253314540668053478, 0.9562702699735564638, 1.427731182346903438 ) ) ;
#1826 = CARTESIAN_POINT ( 'NONE',  ( 0.6033810086487912949, 1.001588569778485649, 1.412882565374047550 ) ) ;
#1827 = CARTESIAN_POINT ( 'NONE',  ( 0.5829547733425236578, 1.100698871443708926, 1.398492918632572746 ) ) ;
#1828 = CARTESIAN_POINT ( 'NONE',  ( 0.5894432026418980897, 1.037173113859684248, 1.400163048315417269 ) ) ;
#1829 = PERSON_AND_ORGANIZATION ( #5130, #4593 ) ;
#1830 = CARTESIAN_POINT ( 'NONE',  ( 0.6228537817086785555, 0.9898234557249701027, 1.434426538846417465 ) ) ;
#1831 = CARTESIAN_POINT ( 'NONE',  ( 0.6261731441146265453, 0.9952510541367960428, 1.431678665389750194 ) ) ;
#1832 = ORIENTED_EDGE ( 'NONE', *, *, #3797, .F. ) ;
#1833 = CARTESIAN_POINT ( 'NONE',  ( 0.5903787575125907239, 1.037066087668971459, 1.403529690394674789 ) ) ;
#1834 = CARTESIAN_POINT ( 'NONE',  ( 0.6122910121219271584, 1.059915131896716600, 1.401955437746961630 ) ) ;
#1835 = DIRECTION ( 'NONE',  ( 0.7738664612090511152, 0.3881086756342737587, 0.5005021040047585856 ) ) ;
#1836 = CARTESIAN_POINT ( 'NONE',  ( 0.5945660949272431051, 1.023174539687035756, 1.403090296487059074 ) ) ;
#1837 = CARTESIAN_POINT ( 'NONE',  ( 0.5759508811961842056, 0.9652802802303780405, 1.466643794979535453 ) ) ;
#1838 = CARTESIAN_POINT ( 'NONE',  ( 0.5818687819245405013, 1.083042973376613149, 1.402968470697749215 ) ) ;
#1839 = CARTESIAN_POINT ( 'NONE',  ( 0.6078864612888819074, 0.9913034915406314651, 1.421722408775353053 ) ) ;
#1840 = EDGE_CURVE ( 'NONE', #5451, #306, #2721, .T. ) ;
#1841 = ORIENTED_EDGE ( 'NONE', *, *, #761, .F. ) ;
#1842 = ORIENTED_EDGE ( 'NONE', *, *, #5955, .T. ) ;
#1843 = CARTESIAN_POINT ( 'NONE',  ( 0.6166937759972882516, 1.003156119535738799, 1.428176144013236781 ) ) ;
#1844 = CARTESIAN_POINT ( 'NONE',  ( 0.6007929192834975396, 1.082853110590278334, 1.407979420878304078 ) ) ;
#1845 = CARTESIAN_POINT ( 'NONE',  ( 0.5999923291940651993, 1.016395205051520811, 1.415964137772767195 ) ) ;
#1846 = CARTESIAN_POINT ( 'NONE',  ( 0.6052137486104460784, 1.053695361770353722, 1.414316430246311151 ) ) ;
#1847 = CARTESIAN_POINT ( 'NONE',  ( 0.6215905663625310718, 0.9930571291763610198, 1.416590448571374949 ) ) ;
#1848 = CARTESIAN_POINT ( 'NONE',  ( 0.6337129099069723770, 0.9328800306008194765, 1.429680932564292295 ) ) ;
#1849 = EDGE_LOOP ( 'NONE', ( #2200, #2923, #4917, #1098 ) ) ;
#1850 = EDGE_CURVE ( 'NONE', #1679, #2183, #546, .T. ) ;
#1851 = CARTESIAN_POINT ( 'NONE',  ( 0.6178441070087449249, 0.9583546492586553223, 1.423554395362889080 ) ) ;
#1852 = CARTESIAN_POINT ( 'NONE',  ( 0.6029960255820232540, 1.002781396585559204, 1.412602437708476710 ) ) ;
#1853 = LINE ( 'NONE', #5091, #3199 ) ;
#1854 = CARTESIAN_POINT ( 'NONE',  ( 0.5914995712185873167, 1.031954098006501397, 1.401633444902704362 ) ) ;
#1855 = CARTESIAN_POINT ( 'NONE',  ( 0.6115149310515770598, 1.013164184382766120, 1.426440904031971213 ) ) ;
#1856 = CARTESIAN_POINT ( 'NONE',  ( 0.6246648696757626240, 0.9532915613371202301, 1.427088429516789159 ) ) ;
#1857 = VECTOR ( 'NONE', #5883, 1.000000000000000000 ) ;
#1858 = ORIENTED_EDGE ( 'NONE', *, *, #458, .F. ) ;
#1859 = CARTESIAN_POINT ( 'NONE',  ( 0.5914650527358613630, 1.034308465031732460, 1.404306454802304094 ) ) ;
#1860 = ORIENTED_EDGE ( 'NONE', *, *, #4254, .F. ) ;
#1861 = CARTESIAN_POINT ( 'NONE',  ( 0.6295080737072631383, 0.9741374034398491144, 1.421198320456395159 ) ) ;
#1862 = CARTESIAN_POINT ( 'NONE',  ( 0.6028700036550700414, 1.054615454792608320, 1.421018320962441406 ) ) ;
#1863 = CARTESIAN_POINT ( 'NONE',  ( 0.5953792540769430319, 1.021044215020638690, 1.403673273828887513 ) ) ;
#1864 = FACE_OUTER_BOUND ( 'NONE', #553, .T. ) ;
#1865 = CARTESIAN_POINT ( 'NONE',  ( 0.6427867002126713691, 0.9618171034760881755, 1.436199211286480315 ) ) ;
#1866 = CARTESIAN_POINT ( 'NONE',  ( 0.5925695928910110766, 1.038436834673720721, 1.413406619516743845 ) ) ;
#1867 = VECTOR ( 'NONE', #1898, 1.000000000000000000 ) ;
#1868 = ORIENTED_EDGE ( 'NONE', *, *, #3503, .F. ) ;
#1869 = EDGE_CURVE ( 'NONE', #263, #2013, #4755, .T. ) ;
#1870 = VECTOR ( 'NONE', #5886, 1.000000000000000000 ) ;
#1871 = ORIENTED_EDGE ( 'NONE', *, *, #87, .F. ) ;
#1872 = FACE_OUTER_BOUND ( 'NONE', #1710, .T. ) ;
#1873 = EDGE_CURVE ( 'NONE', #4026, #2495, #2638, .T. ) ;
#1874 = CARTESIAN_POINT ( 'NONE',  ( 0.6039187992807283356, 1.068541794695765601, 1.410357862630376324 ) ) ;
#1876 = CARTESIAN_POINT ( 'NONE',  ( 0.5981390522513656549, 1.021393345622072735, 1.414632342695121059 ) ) ;
#1875 = CARTESIAN_POINT ( 'NONE',  ( 0.5870096216848988968, 1.047389111488385538, 1.403902823420057899 ) ) ;
#1877 = CYLINDRICAL_SURFACE ( 'NONE', #3787, 0.003750000000000010703 ) ;
#1878 = LINE ( 'NONE', #2817, #5941 ) ;
#1879 = VECTOR ( 'NONE', #3181, 1.000000000000000000 ) ;
#1880 = DIRECTION ( 'NONE',  ( 0.7637702840998409348, 0.4163964417921020567, 0.4932230290537179540 ) ) ;
#1881 = ORIENTED_EDGE ( 'NONE', *, *, #3217, .F. ) ;
#1882 = CIRCLE ( 'NONE', #3329, 0.009000000000000030545 ) ;
#1883 = FACE_OUTER_BOUND ( 'NONE', #1077, .T. ) ;
#1884 = CARTESIAN_POINT ( 'NONE',  ( 0.6036124181999282801, 1.000862219140955300, 1.413051157535005542 ) ) ;
#1885 = CARTESIAN_POINT ( 'NONE',  ( 0.6282086140053476653, 0.9910296019380084864, 1.435665402482689590 ) ) ;
#1886 = CARTESIAN_POINT ( 'NONE',  ( 0.5799760021282438505, 1.057819539135568476, 1.393469536916435381 ) ) ;
#1887 = DATE_TIME_ROLE ( 'classification_date' ) ;
#1888 = CARTESIAN_POINT ( 'NONE',  ( 0.6160287648822182494, 1.003263136350873053, 1.429499378251573027 ) ) ;
#1889 = B_SPLINE_CURVE_WITH_KNOTS ( 'NONE', 3,
 ( #5009, #4642, #3161, #889, #1890, #484, #371, #3276, #2315, #1831, #5523, #2343, #2229, #3674, #4163, #2827 ),
 .UNSPECIFIED., .F., .F.,
 ( 4, 2, 2, 1, 1, 1, 1, 2, 2, 4 ),
 ( 0.000000000000000000, 0.2500000000007827627, 0.3750000000011745604, 0.4375000000013600232, 0.4687500000014386270, 0.4843750000014779844, 0.4921875000014975798, 0.4960937500014923618, 0.5000000000014870327, 1.000000000000000000 ),
 .UNSPECIFIED. ) ;
#1890 = CARTESIAN_POINT ( 'NONE',  ( 0.6280416524140279844, 0.9949654736846684777, 1.431587250089140895 ) ) ;
#1891 = ADVANCED_FACE ( 'NONE', ( #1704 ), #4034, .T. ) ;
#1892 = CARTESIAN_POINT ( 'NONE',  ( 0.5869175499303074250, 1.045407837147089847, 1.401064717087975087 ) ) ;
#1893 = ORIENTED_EDGE ( 'NONE', *, *, #3915, .T. ) ;
#1894 = CARTESIAN_POINT ( 'NONE',  ( 0.5741108912287729016, 1.074474142959983780, 1.376504932439896578 ) ) ;
#1895 = DIRECTION ( 'NONE',  ( 0.7634921837107437881, 0.4164058806629341025, 0.4936454476260527802 ) ) ;
#1896 = CYLINDRICAL_SURFACE ( 'NONE', #2841, 0.01799999999999997088 ) ;
#1897 = DIRECTION ( 'NONE',  ( -0.5495945148342156195, 0.01876539135242259390, 0.8352207668344541203 ) ) ;
#1898 = DIRECTION ( 'NONE',  ( -0.5495945148342157305, 0.01876539135242311085, 0.8352207668344541203 ) ) ;
#1899 = CARTESIAN_POINT ( 'NONE',  ( 0.6376874134414377560, 0.9868853343897544539, 1.439441469664204609 ) ) ;
#1900 = EDGE_LOOP ( 'NONE', ( #5107, #4055, #4974, #3516 ) ) ;
#1901 = ORIENTED_EDGE ( 'NONE', *, *, #1246, .T. ) ;
#1902 = CARTESIAN_POINT ( 'NONE',  ( 0.6508926077561085766, 0.9653565698099404457, 1.435467120836162014 ) ) ;
#1903 = CARTESIAN_POINT ( 'NONE',  ( 0.5997068632699538160, 1.054302563789123237, 1.414924607911425714 ) ) ;
#1905 = CARTESIAN_POINT ( 'NONE',  ( 0.5964855986654058473, 1.028102268376836159, 1.416215634292053771 ) ) ;
#1904 = CARTESIAN_POINT ( 'NONE',  ( 0.5931903624910113138, 1.029820599618638255, 1.405542579872022690 ) ) ;
#1906 = CARTESIAN_POINT ( 'NONE',  ( 0.6080472485340050470, 1.054787508098527837, 1.414454319198215959 ) ) ;
#1907 = LINE ( 'NONE', #4302, #3800 ) ;
#1908 = CARTESIAN_POINT ( 'NONE',  ( 0.5424448162416939390, 1.025041131040021369, 1.369948736135565559 ) ) ;
#1909 = ORIENTED_EDGE ( 'NONE', *, *, #2395, .F. ) ;
#1910 = ADVANCED_FACE ( 'NONE', ( #4939 ), #4915, .F. ) ;
#1911 = CARTESIAN_POINT ( 'NONE',  ( 0.6055273668460806613, 0.9955327118748705795, 1.415465334158461541 ) ) ;
#1912 = CARTESIAN_POINT ( 'NONE',  ( 0.6033581442277807794, 1.001659919611751715, 1.412865916999787252 ) ) ;
#1913 = CARTESIAN_POINT ( 'NONE',  ( 0.6345410266722966153, 0.9865155123008944038, 1.437720043994590746 ) ) ;
#1914 = CC_DESIGN_PERSON_AND_ORGANIZATION_ASSIGNMENT ( #2313, #1001, ( #1981 ) ) ;
#1915 = CARTESIAN_POINT ( 'NONE',  ( 0.5865332414248061177, 1.044152585735106387, 1.398091414906408980 ) ) ;
#1916 = CARTESIAN_POINT ( 'NONE',  ( 0.5878411037996611466, 1.042799115289910983, 1.401732377903467386 ) ) ;
#1917 = ADVANCED_FACE ( 'NONE', ( #5910 ), #5027, .T. ) ;
#1918 = CARTESIAN_POINT ( 'NONE',  ( 0.6054888142827259401, 0.9937434535579247052, 1.408884670896934033 ) ) ;
#1919 = CARTESIAN_POINT ( 'NONE',  ( 0.5868808274239288858, 1.045492391757889994, 1.401038653094713426 ) ) ;
#1920 = EDGE_LOOP ( 'NONE', ( #3459, #1667, #1215, #1881 ) ) ;
#1921 = EDGE_CURVE ( 'NONE', #2444, #5904, #2609, .T. ) ;
#1922 = CARTESIAN_POINT ( 'NONE',  ( 0.5877233305089192283, 1.042158003999938742, 1.399467384950692450 ) ) ;
#1923 = CARTESIAN_POINT ( 'NONE',  ( 0.5933838713490608985, 1.029141948463561773, 1.405686915228099521 ) ) ;
#1924 = CARTESIAN_POINT ( 'NONE',  ( 0.5879258822668661510, 1.039913508857098767, 1.398344358284358879 ) ) ;
#1925 = CYLINDRICAL_SURFACE ( 'NONE', #5619, 0.0009999999999999800715 ) ;
#1926 = EDGE_CURVE ( 'NONE', #1938, #2988, #5942, .T. ) ;
#1927 = CARTESIAN_POINT ( 'NONE',  ( 0.6256363449257481557, 1.016620274820771330, 1.423066450675042338 ) ) ;
#1928 = CARTESIAN_POINT ( 'NONE',  ( 0.6098496901990544394, 0.9863205999654028888, 1.425948247613608499 ) ) ;
#1929 = CARTESIAN_POINT ( 'NONE',  ( 0.6102435487680467618, 0.9799856896510413806, 1.409413309848823070 ) ) ;
#1930 = ORIENTED_EDGE ( 'NONE', *, *, #3437, .T. ) ;
#1931 = EDGE_LOOP ( 'NONE', ( #1494, #74, #5805, #4486 ) ) ;
#1932 = CARTESIAN_POINT ( 'NONE',  ( 0.6350325470856306165, 0.9959831834736118106, 1.430329128949877848 ) ) ;
#1933 = CARTESIAN_POINT ( 'NONE',  ( 0.6039105765662601266, 1.051874853984096969, 1.414923257478059027 ) ) ;
#1935 = CARTESIAN_POINT ( 'NONE',  ( 0.6048661859791533146, 1.004783227342346930, 1.422254176375741253 ) ) ;
#1934 = CARTESIAN_POINT ( 'NONE',  ( 0.5875354997038931826, 1.046181092332927554, 1.404276004546894496 ) ) ;
#1936 = CARTESIAN_POINT ( 'NONE',  ( 0.6006007109099052999, 1.053643425020080127, 1.405778098458813519 ) ) ;
#1937 = FACE_OUTER_BOUND ( 'NONE', #1352, .T. ) ;
#1938 = VERTEX_POINT ( 'NONE', #2246 ) ;
#1939 = CARTESIAN_POINT ( 'NONE',  ( 0.6403643536190166685, 0.9910796221526418925, 1.428506058653143507 ) ) ;
#1940 = CARTESIAN_POINT ( 'NONE',  ( 0.5977985551159927802, 1.017555398959837154, 1.408850446235115017 ) ) ;
#1941 = CYLINDRICAL_SURFACE ( 'NONE', #5526, 0.001300000000000059571 ) ;
#1942 = CARTESIAN_POINT ( 'NONE',  ( 0.5940612678444312511, 1.025194541799694603, 1.403470971210435625 ) ) ;
#1943 = COORDINATED_UNIVERSAL_TIME_OFFSET ( 2, 0, .AHEAD. ) ;
#1944 = CARTESIAN_POINT ( 'NONE',  ( 0.6091257104535602318, 0.9930718873730528529, 1.422925590673599361 ) ) ;
#1945 = CARTESIAN_POINT ( 'NONE',  ( 0.5997922977958478619, 1.019909985189073387, 1.418575579330127789 ) ) ;
#1946 = EDGE_CURVE ( 'NONE', #4816, #5719, #1762, .T. ) ;
#1947 = EDGE_CURVE ( 'NONE', #323, #5719, #2499, .T. ) ;
#1948 = CARTESIAN_POINT ( 'NONE',  ( 0.6003951771561921724, 1.008018693083211348, 1.408024729317519652 ) ) ;
#1949 = AXIS2_PLACEMENT_3D ( 'NONE', #2565, #765, #673 ) ;
#1950 = ORIENTED_EDGE ( 'NONE', *, *, #285, .F. ) ;
#1951 = B_SPLINE_CURVE_WITH_KNOTS ( 'NONE', 3,
 ( #3905, #623, #4331, #4815, #3558 ),
 .UNSPECIFIED., .F., .F.,
 ( 4, 1, 4 ),
 ( 0.2239798702755022575, 0.5000000000000000000, 0.6922354783692818980 ),
 .UNSPECIFIED. ) ;
#1952 = CARTESIAN_POINT ( 'NONE',  ( 0.6140784734033920556, 1.033301621956795868, 1.419210136310250059 ) ) ;
#1953 = CARTESIAN_POINT ( 'NONE',  ( 0.5910687089591847299, 1.035030699256946018, 1.404031127466964790 ) ) ;
#1954 = CARTESIAN_POINT ( 'NONE',  ( 0.6069849164821985443, 0.9937866592564805757, 1.406960651042114874 ) ) ;
#1955 = DIRECTION ( 'NONE',  ( 0.7637702840998402687, 0.4163964417921049432, 0.4932230290537164552 ) ) ;
#1956 = CARTESIAN_POINT ( 'NONE',  ( 0.6198357491304726796, 1.026890219893953793, 1.420393088393006042 ) ) ;
#1957 = CARTESIAN_POINT ( 'NONE',  ( 0.6386212667499535645, 0.9855599567939737904, 1.439643435567985241 ) ) ;
#1958 = AXIS2_PLACEMENT_3D ( 'NONE', #1024, #5176, #5572 ) ;
#1959 = CARTESIAN_POINT ( 'NONE',  ( 0.6078441883427244674, 0.9806561335836774251, 1.412782964122970109 ) ) ;
#1960 = ORIENTED_EDGE ( 'NONE', *, *, #4056, .F. ) ;
#1961 = EDGE_CURVE ( 'NONE', #5956, #5544, #2018, .T. ) ;
#1962 = VERTEX_POINT ( 'NONE', #5682 ) ;
#1963 = CARTESIAN_POINT ( 'NONE',  ( 0.6361167983626251354, 0.9941329304157957569, 1.431070623113426699 ) ) ;
#1964 = CARTESIAN_POINT ( 'NONE',  ( 0.6094056658042155128, 1.027475052346253470, 1.421909392840370989 ) ) ;
#1966 = LINE ( 'NONE', #3808, #5854 ) ;
#1965 = CARTESIAN_POINT ( 'NONE',  ( 0.5866136890088988753, 1.048286895799716678, 1.403622119550811398 ) ) ;
#1967 = CARTESIAN_POINT ( 'NONE',  ( 0.5878254527568828047, 1.043829464428794651, 1.402964893172453431 ) ) ;
#1968 = B_SPLINE_CURVE_WITH_KNOTS ( 'NONE', 3,
 ( #3739, #1348, #1812, #5045 ),
 .UNSPECIFIED., .F., .F.,
 ( 4, 4 ),
 ( 0.000000000000000000, 1.000000000000000000 ),
 .UNSPECIFIED. ) ;
#1969 = CARTESIAN_POINT ( 'NONE',  ( 0.5955743135726120352, 1.035218465683418465, 1.413061527473284951 ) ) ;
#1970 = AXIS2_PLACEMENT_3D ( 'NONE', #5000, #4093, #846 ) ;
#1971 = ORIENTED_EDGE ( 'NONE', *, *, #850, .T. ) ;
#1972 = CARTESIAN_POINT ( 'NONE',  ( 0.6318208795018407375, 0.9913713310962191105, 1.441489607089267544 ) ) ;
#1973 = CARTESIAN_POINT ( 'NONE',  ( 0.5989714511624758542, 1.014374295430145789, 1.409693710572225367 ) ) ;
#1974 = CARTESIAN_POINT ( 'NONE',  ( 0.6271528993950495900, 0.9914385830148937373, 1.435260716814699133 ) ) ;
#1975 = AXIS2_PLACEMENT_3D ( 'NONE', #3092, #2520, #3489 ) ;
#1976 = CARTESIAN_POINT ( 'NONE',  ( 0.5867914179190152346, 1.044627899645234725, 1.399624932231574581 ) ) ;
#1977 = CARTESIAN_POINT ( 'NONE',  ( 0.5879928401113869718, 1.043106191235445790, 1.402669313448831279 ) ) ;
#1978 = DIRECTION ( 'NONE',  ( -0.7505752902509438274, -0.4501006340066260325, -0.4837831672676764505 ) ) ;
#1979 = CARTESIAN_POINT ( 'NONE',  ( 0.6163822631413081732, 0.9559825428203895248, 1.422426096832221765 ) ) ;
#1980 = ORIENTED_EDGE ( 'NONE', *, *, #346, .T. ) ;
#1981 = PRODUCT_DEFINITION_FORMATION_WITH_SPECIFIED_SOURCE ( 'ANY', '', #1281, .NOT_KNOWN. ) ;
#1982 = CARTESIAN_POINT ( 'NONE',  ( 0.5995259532630462518, 1.010478999645986420, 1.407397482821579393 ) ) ;
#1983 = VERTEX_POINT ( 'NONE', #5429 ) ;
#1984 = CARTESIAN_POINT ( 'NONE',  ( 0.6051789168830030707, 0.9950642738531638720, 1.414213844125912445 ) ) ;
#1985 = CARTESIAN_POINT ( 'NONE',  ( 0.6089800037388880538, 0.9898308809753280091, 1.425296821029026217 ) ) ;
#1986 = LINE ( 'NONE', #3763, #708 ) ;
#1987 = CARTESIAN_POINT ( 'NONE',  ( 0.6497934187264401418, 0.9653941005926452990, 1.437137562369831034 ) ) ;
#1988 = ADVANCED_FACE ( 'NONE', ( #820 ), #5783, .F. ) ;
#1989 =( BOUNDED_CURVE ( )  B_SPLINE_CURVE ( 3, ( #2009, #5610, #1093, #4339 ),
 .UNSPECIFIED., .F., .F. ) 
 B_SPLINE_CURVE_WITH_KNOTS ( ( 4, 4 ),
 ( 0.000000000000000000, 0.8040271530340107331 ),
 .UNSPECIFIED. ) 
 CURVE ( )  GEOMETRIC_REPRESENTATION_ITEM ( )  RATIONAL_B_SPLINE_CURVE ( ( 1.000000000000000000, 0.9998147898506630771, 0.9998147898506630771, 1.000000000000000000 ) ) 
 REPRESENTATION_ITEM ( '' )  );
#1990 = CARTESIAN_POINT ( 'NONE',  ( 0.6373259451032484701, 0.9930902731551973783, 1.431287139264910468 ) ) ;
#1991 = CARTESIAN_POINT ( 'NONE',  ( 0.6389326918898813323, 0.9850733512319568286, 1.439705323326018416 ) ) ;
#1992 = EDGE_CURVE ( 'NONE', #3328, #2031, #4900, .T. ) ;
#1993 = CARTESIAN_POINT ( 'NONE',  ( 0.6078380659665850727, 0.9806858262770746792, 1.412778266325581900 ) ) ;
#1994 = ORIENTED_EDGE ( 'NONE', *, *, #945, .T. ) ;
#1995 = ORIENTED_EDGE ( 'NONE', *, *, #5879, .F. ) ;
#1996 = CARTESIAN_POINT ( 'NONE',  ( 0.6369657142902385161, 0.9965097952796548864, 1.426627250592552132 ) ) ;
#1997 = CARTESIAN_POINT ( 'NONE',  ( 0.5960065003615809820, 1.066882548768713690, 1.412207041982970868 ) ) ;
#1999 = CARTESIAN_POINT ( 'NONE',  ( 0.6049907147223221315, 1.004395800350468271, 1.422344823706739314 ) ) ;
#1998 = CARTESIAN_POINT ( 'NONE',  ( 0.5874016056027381305, 1.046490345292897750, 1.404180950975986386 ) ) ;
#2000 = CARTESIAN_POINT ( 'NONE',  ( 0.6130639770457275706, 1.010854436688529479, 1.425117529969840424 ) ) ;
#2001 = CARTESIAN_POINT ( 'NONE',  ( 0.5972849784690387187, 1.028766319561384979, 1.414332148530638822 ) ) ;
#2002 = ORIENTED_EDGE ( 'NONE', *, *, #5844, .T. ) ;
#2003 = CARTESIAN_POINT ( 'NONE',  ( 0.6057783842213735337, 0.9716428310855804718, 1.419371968272376217 ) ) ;
#2004 = CARTESIAN_POINT ( 'NONE',  ( 0.6038211177323480339, 1.002824787916269056, 1.415966427901792724 ) ) ;
#2005 = CARTESIAN_POINT ( 'NONE',  ( 0.6087294210601738031, 1.085952753203667243, 1.399026826339699880 ) ) ;
#2006 = CARTESIAN_POINT ( 'NONE',  ( 0.5884920272991012169, 1.040612322082352437, 1.400834192719042859 ) ) ;
#2007 = CARTESIAN_POINT ( 'NONE',  ( 0.6101970783655129571, 0.9746214382918427788, 1.412228605273312398 ) ) ;
#2008 = CARTESIAN_POINT ( 'NONE',  ( 0.6067110382319247375, 1.054402498484104278, 1.414875297328243464 ) ) ;
#2009 = CARTESIAN_POINT ( 'NONE',  ( 0.6043661804122116843, 1.006320828519104538, 1.421890519188427016 ) ) ;
#2010 = VERTEX_POINT ( 'NONE', #4519 ) ;
#2011 = CARTESIAN_POINT ( 'NONE',  ( 0.6217892076920328304, 0.9982590981731760404, 1.430714460675824196 ) ) ;
#2012 = CARTESIAN_POINT ( 'NONE',  ( 0.6010093895826862376, 1.006245608136264735, 1.408468732182630578 ) ) ;
#2013 = VERTEX_POINT ( 'NONE', #364 ) ;
#2014 = CARTESIAN_POINT ( 'NONE',  ( 0.6101563779510373875, 0.9804120719909449333, 1.409349225718337761 ) ) ;
#2015 = CARTESIAN_POINT ( 'NONE',  ( 0.5949034295527256822, 1.032481954179085504, 1.414564732057733920 ) ) ;
#2016 = CARTESIAN_POINT ( 'NONE',  ( 0.9151444463853652955, 1.202638843825544868, 1.619584509218915169 ) ) ;
#2017 = CARTESIAN_POINT ( 'NONE',  ( 0.6016417781966637568, 1.010277933373759929, 1.403074093062302685 ) ) ;
#2018 = LINE ( 'NONE', #1596, #5137 ) ;
#2019 = CARTESIAN_POINT ( 'NONE',  ( 0.6072167615357654258, 1.055765512559701413, 1.413316319555870892 ) ) ;
#2020 = CARTESIAN_POINT ( 'NONE',  ( 0.6423627202088258992, 0.9704403482166864547, 1.439220879140252984 ) ) ;
#2021 = CARTESIAN_POINT ( 'NONE',  ( 0.5905063465481364959, 1.049534189976620846, 1.404603983023026581 ) ) ;
#2022 = ORIENTED_EDGE ( 'NONE', *, *, #1283, .T. ) ;
#2023 = VERTEX_POINT ( 'NONE', #4976 ) ;
#2024 = CARTESIAN_POINT ( 'NONE',  ( 0.6351479864704061562, 0.9957820731405866432, 1.430409641725413517 ) ) ;
#2025 = EDGE_CURVE ( 'NONE', #1045, #2125, #2802, .T. ) ;
#2026 = CARTESIAN_POINT ( 'NONE',  ( 0.6033853494366679948, 1.043534233048853288, 1.417587074948855053 ) ) ;
#2028 = CARTESIAN_POINT ( 'NONE',  ( 0.6051488821227377635, 1.003900830986892423, 1.422460022266604618 ) ) ;
#2027 = CARTESIAN_POINT ( 'NONE',  ( 0.5950574620803685821, 1.027220076533915671, 1.409651637341353902 ) ) ;
#2029 = CARTESIAN_POINT ( 'NONE',  ( 0.6345303909065619363, 1.007053003262218915, 1.417777145790678706 ) ) ;
#2030 = DIRECTION ( 'NONE',  ( 0.3650397643841978290, 0.9046541402764898265, 0.2198791870526504155 ) ) ;
#2031 = VERTEX_POINT ( 'NONE', #228 ) ;
#2032 = CARTESIAN_POINT ( 'NONE',  ( 0.6328462394405988123, 0.9947295801266503590, 1.430002531907824448 ) ) ;
#2033 = CARTESIAN_POINT ( 'NONE',  ( 0.6009386124054990619, 1.008871143933920411, 1.411111790518857934 ) ) ;
#2034 = CARTESIAN_POINT ( 'NONE',  ( 0.6528073974225374609, 0.9581881814373189865, 1.434493576449600738 ) ) ;
#2035 = CARTESIAN_POINT ( 'NONE',  ( 0.5861804392102448746, 1.046026902626427946, 1.399191461944625070 ) ) ;
#2036 = CARTESIAN_POINT ( 'NONE',  ( 0.6053232056157376029, 0.9942962332838486406, 1.411165026288730973 ) ) ;
#2037 = CARTESIAN_POINT ( 'NONE',  ( 0.6182843148168284397, 1.048383354689661706, 1.406158260208432154 ) ) ;
#2038 = B_SPLINE_CURVE_WITH_KNOTS ( 'NONE', 3,
 ( #2886, #636, #1590, #3887, #5708, #5743, #2014, #5189, #2559, #4314, #2496, #3339 ),
 .UNSPECIFIED., .F., .F.,
 ( 4, 2, 2, 2, 2, 4 ),
 ( 0.08536421514921249676, 0.09690874726565058828, 0.09835181378020534104, 0.09979488029476009381, 0.1026810133238692802, 0.1084532793820873198 ),
 .UNSPECIFIED. ) ;
#2039 = CARTESIAN_POINT ( 'NONE',  ( 0.6164421459869328102, 0.9559451012046833451, 1.422456663222631645 ) ) ;
#2040 = VERTEX_POINT ( 'NONE', #5712 ) ;
#2041 = EDGE_CURVE ( 'NONE', #54, #5775, #4079, .T. ) ;
#2042 = CARTESIAN_POINT ( 'NONE',  ( 0.6163880136233309548, 1.009903886703738651, 1.426898720246159380 ) ) ;
#2043 = CARTESIAN_POINT ( 'NONE',  ( 0.5773126956796148512, 1.061406121471945685, 1.390262127659188218 ) ) ;
#2044 = ORIENTED_EDGE ( 'NONE', *, *, #402, .F. ) ;
#2045 = DIRECTION ( 'NONE',  ( 0.3650397643841989392, 0.9046541402764890494, 0.2198791870526518866 ) ) ;
#2046 = DIRECTION ( 'NONE',  ( -0.7626657353480682522, -0.4193492594260357920, -0.4924298678439659738 ) ) ;
#2047 = DIRECTION ( 'NONE',  ( -0.7505752902509438274, -0.4501006340066259215, -0.4837831672676765615 ) ) ;
#2048 = CARTESIAN_POINT ( 'NONE',  ( 0.5875910495856033755, 1.044052803019688946, 1.402805621889926302 ) ) ;
#2049 = AXIS2_PLACEMENT_3D ( 'NONE', #5762, #2511, #4843 ) ;
#2050 = CARTESIAN_POINT ( 'NONE',  ( 0.5852383259088902445, 1.097714255000326045, 1.394679130052808524 ) ) ;
#2051 = CARTESIAN_POINT ( 'NONE',  ( 0.6109130968684227669, 1.056640847657444704, 1.412479048594760478 ) ) ;
#2052 = CARTESIAN_POINT ( 'NONE',  ( 0.6423280492759975147, 0.9701358670466374567, 1.439165546239096427 ) ) ;
#2053 = VECTOR ( 'NONE', #1524, 1.000000000000000000 ) ;
#2054 = CARTESIAN_POINT ( 'NONE',  ( 0.6126340752099411757, 1.055257655922593241, 1.409826473142804515 ) ) ;
#2055 = ORIENTED_EDGE ( 'NONE', *, *, #2666, .F. ) ;
#2056 = VECTOR ( 'NONE', #4515, 1.000000000000000000 ) ;
#2057 = ORIENTED_EDGE ( 'NONE', *, *, #5553, .F. ) ;
#2058 = DIRECTION ( 'NONE',  ( 0.7505752902509450486, 0.4501006340066284750, 0.4837831672676724537 ) ) ;
#2059 = CARTESIAN_POINT ( 'NONE',  ( 0.6322560462814342808, 0.9740435764830870369, 1.417022216622222830 ) ) ;
#2061 = CARTESIAN_POINT ( 'NONE',  ( 0.5864617040945609983, 1.042677940744945353, 1.399238654929099157 ) ) ;
#2060 = CARTESIAN_POINT ( 'NONE',  ( 0.6117516129496448629, 0.9698171692808805755, 1.421926477927268229 ) ) ;
#2062 = LINE ( 'NONE', #4878, #4847 ) ;
#2063 = CARTESIAN_POINT ( 'NONE',  ( 0.6076477359226333252, 1.054181061489694038, 1.413986593120512003 ) ) ;
#2064 = ORIENTED_EDGE ( 'NONE', *, *, #4294, .F. ) ;
#2065 = EDGE_CURVE ( 'NONE', #5019, #14, #4679, .T. ) ;
#2066 = VECTOR ( 'NONE', #3109, 1.000000000000000000 ) ;
#2067 = CARTESIAN_POINT ( 'NONE',  ( 0.6345665985136712539, 0.9981815007447243371, 1.429357038036166427 ) ) ;
#2068 = CARTESIAN_POINT ( 'NONE',  ( 0.6039023347456085045, 1.002571878678311323, 1.416025552827545164 ) ) ;
#2069 = CARTESIAN_POINT ( 'NONE',  ( 0.5975713586250338549, 1.000701347217701764, 1.480074703635710476 ) ) ;
#2070 = CARTESIAN_POINT ( 'NONE',  ( 0.5987576434768884237, 1.012312911199226173, 1.406850713715370293 ) ) ;
#2071 = DIRECTION ( 'NONE',  ( -0.5495945148342156195, 0.01876539135242333983, 0.8352207668344541203 ) ) ;
#2072 = CARTESIAN_POINT ( 'NONE',  ( 0.6243051107391681676, 1.031616426792771213, 1.410496795026419115 ) ) ;
#2073 = CARTESIAN_POINT ( 'NONE',  ( 0.5983129721520431543, 1.023289316640845881, 1.417506797811355357 ) ) ;
#2074 = ORIENTED_EDGE ( 'NONE', *, *, #458, .T. ) ;
#2075 = CARTESIAN_POINT ( 'NONE',  ( 0.5960766571311304496, 1.055680382612933732, 1.415326927784740452 ) ) ;
#2076 = CARTESIAN_POINT ( 'NONE',  ( 0.5786529192725600179, 1.059082534091582373, 1.391196231063758670 ) ) ;
#2077 = ORIENTED_EDGE ( 'NONE', *, *, #4952, .T. ) ;
#2078 = CARTESIAN_POINT ( 'NONE',  ( 0.5775188887667830340, 0.9510298783725830152, 1.467995752177738256 ) ) ;
#2079 = CARTESIAN_POINT ( 'NONE',  ( 0.6042428485979440822, 1.031984378129675362, 1.421232498171717262 ) ) ;
#2080 = CARTESIAN_POINT ( 'NONE',  ( 0.6030630047007794481, 0.9987501799393183610, 1.408614152016564924 ) ) ;
#2081 = CARTESIAN_POINT ( 'NONE',  ( 0.5949881630299762580, 1.033785606679597846, 1.413407079392094534 ) ) ;
#2082 = VECTOR ( 'NONE', #1394, 1.000000000000000000 ) ;
#2083 = CARTESIAN_POINT ( 'NONE',  ( 0.6087673941023645785, 1.039567584890765284, 1.424039740850314484 ) ) ;
#2084 = CARTESIAN_POINT ( 'NONE',  ( 0.5842195782520755998, 1.048286263538669827, 1.400490726842539946 ) ) ;
#2085 = CARTESIAN_POINT ( 'NONE',  ( 0.6028776852490764782, 1.073653412151573283, 1.409557939915754510 ) ) ;
#2086 = CARTESIAN_POINT ( 'NONE',  ( 0.6393719795730601341, 0.9615478095445481044, 1.436597175189294973 ) ) ;
#2087 = CARTESIAN_POINT ( 'NONE',  ( 0.6092611814575461526, 1.056215053588155373, 1.412322639574862704 ) ) ;
#2088 = AXIS2_PLACEMENT_3D ( 'NONE', #4209, #2812, #46 ) ;
#2089 = ORIENTED_EDGE ( 'NONE', *, *, #5201, .F. ) ;
#2090 = CARTESIAN_POINT ( 'NONE',  ( 0.6289584791924289764, 0.9741561688312015965, 1.422033541223229447 ) ) ;
#2091 = CARTESIAN_POINT ( 'NONE',  ( 0.6318050655056055565, 0.9923408339915329446, 1.437805010072379597 ) ) ;
#2093 = CARTESIAN_POINT ( 'NONE',  ( 0.5877812579989880604, 1.042023907912903224, 1.398878789918158949 ) ) ;
#2092 = CARTESIAN_POINT ( 'NONE',  ( 0.5879614179896924808, 1.047397839964048671, 1.407350966657855640 ) ) ;
#2094 = CARTESIAN_POINT ( 'NONE',  ( 0.6347283584200644757, 0.9674632516270678106, 1.418796898982093158 ) ) ;
#2095 = ORIENTED_EDGE ( 'NONE', *, *, #4430, .T. ) ;
#2096 = CARTESIAN_POINT ( 'NONE',  ( 0.6200806084892008796, 1.030821499786889417, 1.419091580859308976 ) ) ;
#2097 = CARTESIAN_POINT ( 'NONE',  ( 0.6035365805070318501, 1.003704615501072483, 1.415759428250782603 ) ) ;
#2098 = CARTESIAN_POINT ( 'NONE',  ( 0.5875584686094493803, 1.043819253669659997, 1.401977992225496461 ) ) ;
#2099 = CARTESIAN_POINT ( 'NONE',  ( 0.5929470258612290490, 1.029314421553583658, 1.404019520962622947 ) ) ;
#2100 = CARTESIAN_POINT ( 'NONE',  ( 0.6280857628782445801, 1.006812159465770184, 1.425862142862620363 ) ) ;
#2101 = EDGE_CURVE ( 'NONE', #2549, #657, #5921, .T. ) ;
#2102 = CARTESIAN_POINT ( 'NONE',  ( 0.6068642556386907305, 1.054448908391909523, 1.414835482738326711 ) ) ;
#2103 = CARTESIAN_POINT ( 'NONE',  ( 0.5825587584672705654, 1.044197654447796886, 1.386249183092877146 ) ) ;
#2104 = VERTEX_POINT ( 'NONE', #709 ) ;
#2105 = PRODUCT_DEFINITION ( 'UNKNOWN', '', #1981, #3590 ) ;
#2106 = CARTESIAN_POINT ( 'NONE',  ( 0.6091111938078425103, 0.9779678395178634798, 1.415809549584813531 ) ) ;
#2107 = ORIENTED_EDGE ( 'NONE', *, *, #4986, .F. ) ;
#2108 = EDGE_CURVE ( 'NONE', #3336, #788, #642, .T. ) ;
#2109 = CARTESIAN_POINT ( 'NONE',  ( 0.5865982328398895440, 1.044736792408564874, 1.398321905630465212 ) ) ;
#2110 = DIRECTION ( 'NONE',  ( -0.7738664612090494499, -0.3881086756342737032, -0.5005021040047613612 ) ) ;
#2111 = CARTESIAN_POINT ( 'NONE',  ( 0.5999020484495037886, 1.008224509833579585, 1.406321304662138783 ) ) ;
#2112 = FACE_OUTER_BOUND ( 'NONE', #5420, .T. ) ;
#2113 = CARTESIAN_POINT ( 'NONE',  ( 0.6373400888028826206, 0.9958516332393902992, 1.426888582640051917 ) ) ;
#2114 = EDGE_CURVE ( 'NONE', #5451, #3153, #1071, .T. ) ;
#2115 = CARTESIAN_POINT ( 'NONE',  ( 0.6086323610769351911, 0.9985903027598191928, 1.422476969960912330 ) ) ;
#2116 = CARTESIAN_POINT ( 'NONE',  ( 0.6216021018866180192, 1.018163841758034316, 1.423125754117531727 ) ) ;
#2117 = CARTESIAN_POINT ( 'NONE',  ( 0.6413421791417945883, 0.9799373148728225402, 1.440020979247842225 ) ) ;
#2118 = CARTESIAN_POINT ( 'NONE',  ( 0.6077454363611374255, 0.9811312519621334660, 1.412707229654603269 ) ) ;
#2119 = EDGE_CURVE ( 'NONE', #435, #5544, #3778, .T. ) ;
#2120 = ORIENTED_EDGE ( 'NONE', *, *, #832, .F. ) ;
#2121 = DIRECTION ( 'NONE',  ( 0.7626657353480694734, 0.4193492594260378459, 0.4924298678439620880 ) ) ;
#2123 = DIRECTION ( 'NONE',  ( 0.7634919178089624170, 0.4164058896336400584, 0.4936458513132763182 ) ) ;
#2122 = CARTESIAN_POINT ( 'NONE',  ( 0.5870600213697796388, 1.049456139826932644, 1.406711581884814155 ) ) ;
#2124 = LINE ( 'NONE', #1118, #1460 ) ;
#2125 = VERTEX_POINT ( 'NONE', #3404 ) ;
#2126 = CARTESIAN_POINT ( 'NONE',  ( 0.6098940507266596978, 0.9905229270903000982, 1.423488445257125923 ) ) ;
#2127 = CARTESIAN_POINT ( 'NONE',  ( 0.6036505409616683693, 1.003353439516140755, 1.415842306931863748 ) ) ;
#2128 = ORIENTED_EDGE ( 'NONE', *, *, #3277, .T. ) ;
#2129 = DIRECTION ( 'NONE',  ( -0.7738664612091029626, -0.3881086756341956545, -0.5005021040047390457 ) ) ;
#2130 = DIRECTION ( 'NONE',  ( 0.5495945148342156195, -0.01876539135242259390, -0.8352207668344541203 ) ) ;
#2131 = DIRECTION ( 'NONE',  ( -0.7626657353480701396, -0.4193492594260345152, -0.4924298678439641974 ) ) ;
#2132 = VERTEX_POINT ( 'NONE', #259 ) ;
#2133 = CARTESIAN_POINT ( 'NONE',  ( 0.6006839414051168280, 1.008396119857779549, 1.409580573377556378 ) ) ;
#2134 = ORIENTED_EDGE ( 'NONE', *, *, #398, .T. ) ;
#2135 = CARTESIAN_POINT ( 'NONE',  ( 0.5788463552146561053, 1.058891912090496712, 1.391327799187495717 ) ) ;
#2136 = MECHANICAL_CONTEXT ( 'NONE', #120, 'mechanical' ) ;
#2137 = CARTESIAN_POINT ( 'NONE',  ( 0.6033161913099214235, 0.9979363271028944826, 1.408799039946468490 ) ) ;
#2138 = CARTESIAN_POINT ( 'NONE',  ( 0.5860840145501755583, 1.043264336150263816, 1.401837029433354420 ) ) ;
#2139 = CARTESIAN_POINT ( 'NONE',  ( 0.6140996335568231768, 0.9779754479954405610, 1.404986538931534357 ) ) ;
#2140 = EDGE_CURVE ( 'NONE', #1938, #5374, #4969, .T. ) ;
#2141 = CARTESIAN_POINT ( 'NONE',  ( 0.6209271452130987745, 1.019829600475624432, 1.422644191498733779 ) ) ;
#2142 = CARTESIAN_POINT ( 'NONE',  ( 0.6152578902955582185, 1.030127435926906809, 1.420058820744143802 ) ) ;
#2143 = CARTESIAN_POINT ( 'NONE',  ( 0.6072737763079590900, 0.9921533728776603667, 1.407187438181542127 ) ) ;
#2144 = AXIS2_PLACEMENT_3D ( 'NONE', #588, #4301, #720 ) ;
#2145 = ORIENTED_EDGE ( 'NONE', *, *, #3623, .F. ) ;
#2146 = DIRECTION ( 'NONE',  ( 0.3410085708455593001, -0.9076310146233583787, 0.2447837737752286691 ) ) ;
#2147 = FACE_OUTER_BOUND ( 'NONE', #1354, .T. ) ;
#2149 = CARTESIAN_POINT ( 'NONE',  ( 0.5878411037996612576, 1.042799115289910983, 1.401732377903467608 ) ) ;
#2148 = CARTESIAN_POINT ( 'NONE',  ( 0.5880667567365337467, 1.047153940597018273, 1.407425761810247700 ) ) ;
#2150 = AXIS2_PLACEMENT_3D ( 'NONE', #5320, #3956, #284 ) ;
#2151 = CARTESIAN_POINT ( 'NONE',  ( 0.6148933825455741298, 1.007002286722006534, 1.426627617923207358 ) ) ;
#2152 = EDGE_CURVE ( 'NONE', #4234, #122, #4609, .T. ) ;
#2153 = ORIENTED_EDGE ( 'NONE', *, *, #2367, .F. ) ;
#2154 = CARTESIAN_POINT ( 'NONE',  ( 0.5852383259088902445, 1.097714255000326045, 1.394679130052808524 ) ) ;
#2155 = CARTESIAN_POINT ( 'NONE',  ( 0.6014269659621742647, 1.009945595199144508, 1.414231033532387771 ) ) ;
#2156 = CARTESIAN_POINT ( 'NONE',  ( 0.5889011511957487066, 1.042305799742114569, 1.394451731146494566 ) ) ;
#2157 = CARTESIAN_POINT ( 'NONE',  ( 0.6032884398317870378, 0.9717278479109947575, 1.423155945743608930 ) ) ;
#2158 = CARTESIAN_POINT ( 'NONE',  ( 0.5776116685554095742, 1.093520762406065661, 1.389754831374368838 ) ) ;
#2159 = DIRECTION ( 'NONE',  ( -0.5495945148342156195, 0.01876539135242261125, 0.8352207668344542313 ) ) ;
#2160 = ORIENTED_EDGE ( 'NONE', *, *, #3912, .T. ) ;
#2161 = CARTESIAN_POINT ( 'NONE',  ( 0.5884876722833033424, 1.039183713719338265, 1.399489113998390932 ) ) ;
#2162 = VECTOR ( 'NONE', #4073, 1.000000000000000000 ) ;
#2163 = ORIENTED_EDGE ( 'NONE', *, *, #945, .F. ) ;
#2164 = CARTESIAN_POINT ( 'NONE',  ( 0.5952152451709875614, 1.020914534474724356, 1.402952165909388205 ) ) ;
#2165 = PERSON_AND_ORGANIZATION ( #5130, #4593 ) ;
#2166 = CARTESIAN_POINT ( 'NONE',  ( 0.6005999963602962621, 1.006220124183330178, 1.406825604173459254 ) ) ;
#2167 = PLANE ( 'NONE',  #4102 ) ;
#2168 = CARTESIAN_POINT ( 'NONE',  ( 0.5880981554985578175, 1.104478518141915000, 1.401796786415452578 ) ) ;
#2169 = AXIS2_PLACEMENT_3D ( 'NONE', #174, #2030, #5413 ) ;
#2170 = CARTESIAN_POINT ( 'NONE',  ( 0.6023238453516359669, 1.076344554887160188, 1.409133037027272328 ) ) ;
#2171 = CARTESIAN_POINT ( 'NONE',  ( 0.6226041037808663914, 1.022197268157190253, 1.421562042001240256 ) ) ;
#2172 = VECTOR ( 'NONE', #1880, 1.000000000000000222 ) ;
#2173 = DIRECTION ( 'NONE',  ( 0.3385274322565170468, -0.9089894737290784565, 0.2431816486899090191 ) ) ;
#2174 = CARTESIAN_POINT ( 'NONE',  ( 0.6097954283432668321, 0.9821212828888277180, 1.409071552131457405 ) ) ;
#2175 = EDGE_CURVE ( 'NONE', #2799, #3611, #4499, .T. ) ;
#2176 = CARTESIAN_POINT ( 'NONE',  ( 0.6016067373094771131, 1.054147966298404793, 1.406428751194019666 ) ) ;
#2177 = ADVANCED_FACE ( 'NONE', ( #1883 ), #838, .T. ) ;
#2178 = CARTESIAN_POINT ( 'NONE',  ( 0.5991896373808379694, 1.045694062192201290, 1.417599709013692477 ) ) ;
#2180 = CYLINDRICAL_SURFACE ( 'NONE', #126, 0.02055532872779399986 ) ;
#2179 = CARTESIAN_POINT ( 'NONE',  ( 0.5915833812542400372, 1.038629749239845301, 1.409931299765652124 ) ) ;
#2181 = LINE ( 'NONE', #2236, #4948 ) ;
#2182 = EDGE_CURVE ( 'NONE', #2237, #4879, #1085, .T. ) ;
#2183 = VERTEX_POINT ( 'NONE', #2003 ) ;
#2184 = CARTESIAN_POINT ( 'NONE',  ( 0.6163593475142021827, 1.018344526408977213, 1.423868181078144168 ) ) ;
#2185 = CARTESIAN_POINT ( 'NONE',  ( 0.6104676040964234218, 1.052403555573730332, 1.413655410072398366 ) ) ;
#2186 = CARTESIAN_POINT ( 'NONE',  ( 0.5919699434784492231, 1.035053502995282093, 1.407443980785794135 ) ) ;
#2187 = DIRECTION ( 'NONE',  ( -0.5495945148342156195, 0.01876539135242259390, 0.8352207668344541203 ) ) ;
#2188 = CARTESIAN_POINT ( 'NONE',  ( 0.6188307061014288735, 0.9914749694896001220, 1.414568741042372846 ) ) ;
#2189 = CARTESIAN_POINT ( 'NONE',  ( 0.6057783842213735337, 0.9716428310855804718, 1.419371968272376217 ) ) ;
#2190 = DIRECTION ( 'NONE',  ( -0.7505752902509438274, -0.4501006340066260325, -0.4837831672676764505 ) ) ;
#2191 = EDGE_LOOP ( 'NONE', ( #3249, #4440, #3897, #849 ) ) ;
#2192 = CARTESIAN_POINT ( 'NONE',  ( 0.6029555904110129871, 1.001643537717634036, 1.411227084975895218 ) ) ;
#2193 = CARTESIAN_POINT ( 'NONE',  ( 0.6079335996272575704, 0.9747547031103288573, 1.421229775676062790 ) ) ;
#2194 = ORIENTED_EDGE ( 'NONE', *, *, #4996, .T. ) ;
#2195 = CARTESIAN_POINT ( 'NONE',  ( 0.5862827070942699947, 1.043659569545645871, 1.396563324028496256 ) ) ;
#2196 = FACE_BOUND ( 'NONE', #1824, .T. ) ;
#2197 = CARTESIAN_POINT ( 'NONE',  ( 0.6020577456462555821, 1.001887030715848947, 1.407882190936255107 ) ) ;
#2198 = CARTESIAN_POINT ( 'NONE',  ( 0.6026933708764945496, 1.036634040321749106, 1.419693280360240228 ) ) ;
#2199 = CARTESIAN_POINT ( 'NONE',  ( 0.6331207893071059134, 0.9910645129594376490, 1.432688476605917804 ) ) ;
#2200 = ORIENTED_EDGE ( 'NONE', *, *, #1946, .F. ) ;
#2201 = CARTESIAN_POINT ( 'NONE',  ( 0.6139123308202391049, 1.052021204037618674, 1.410209917760490761 ) ) ;
#2202 = CARTESIAN_POINT ( 'NONE',  ( 0.6070437177315074484, 1.054472947223985546, 1.414675512623967402 ) ) ;
#2203 = LINE ( 'NONE', #4049, #3393 ) ;
#2204 = B_SPLINE_SURFACE_WITH_KNOTS ( 'NONE', 3, 3, ( 
 ( #2634, #4479, #4395, #5305, #2067, #3941, #241, #5765, #1184, #3062, #1154, #2096, #5795, #3567, #5422, #725, #5395, #4421, #1638, #297, #1266, #5881, #658, #3540, #3031, #1610, #3451, #3998 ),
 ( #3118, #5367, #270, #4447, #1670, #3514, #1213, #4910, #2514, #751, #4362, #2605, #5856, #1700, #1238, #3087, #1727, #327, #2185, #4030, #208, #2755, #5510, #3690, #4601, #2724, #3633, #2667 ),
 ( #472, #5968, #841, #872, #2242, #2214, #5483, #1329, #2301, #18, #4512, #5569, #445, #4571, #356, #5538, #904, #1818, #932, #3175, #1389, #4059, #2697, #1874, #416, #4125, #2783, #1844 ),
 ( #5082, #4630, #4997, #4151, #2331, #5052, #5996, #3234, #383, #1356, #2275, #4540, #4090, #3718, #1419, #5906, #4178, #3205, #4966, #5937, #5453, #812, #1755, #3600, #1298, #3147, #1789, #3661 ),
 ( #5022, #4781, #5598, #3291, #1021, #2870, #529, #4298, #5202, #3806, #47, #2359, #2448, #2844, #1447, #5140, #989, #3378, #1542, #1933, #5173, #3745, #3263, #4692, #2478, #104, #619, #4266 ),
 ( #5690, #2926, #4327, #170, #4659, #138, #5629, #2813, #1511, #2388, #4720, #1964, #4237, #500, #2026, #5721, #5230, #555, #2417, #5662, #585, #1903, #960, #1997, #4211, #1479, #1079, #3865 ),
 ( #3322, #3350, #76, #5109, #1048, #3771, #2895, #4748, #3835, #3962, #3081, #4875, #3991, #1146, #5849, #2539, #2178, #4905, #3477, #1661, #291, #746, #2600, #4810, #235, #4021, #5265, #650 ) ),
 .UNSPECIFIED., .F., .F., .F.,
 ( 4, 3, 4 ),
 ( 4, 3, 1, 1, 1, 1, 1, 1, 2, 1, 1, 1, 1, 1, 1, 1, 1, 1, 1, 3, 4 ),
 ( -0.05146102377507694170, 0.2928932187522629849, 1.000000000000000000 ),
 ( 0.04450978441669639629, 0.9260794135906189606, 1.648002184247040036, 2.369924954903460002, 2.550405647567560052, 2.730886340231669873, 3.091847725559880189, 3.452809110888090061, 4.535693266872720564, 5.475148787643699499, 5.592580727740069868, 5.710012667836440237, 5.944876548029189856, 6.179740428221929704, 6.414604308414679323, 6.532036248511049692, 6.649468188607420061, 6.884332068800170568, 7.354059829185660035, 9.232970870727621460, 10.50548853139444283 ),
 .UNSPECIFIED. ) ;
#2205 = FACE_OUTER_BOUND ( 'NONE', #3280, .T. ) ;
#2207 = CARTESIAN_POINT ( 'NONE',  ( 0.5860918939329700095, 1.043246806272569271, 1.401839614078266516 ) ) ;
#2206 = CARTESIAN_POINT ( 'NONE',  ( 0.5882806116437134802, 1.048860720415704106, 1.410350171491893567 ) ) ;
#2208 = CARTESIAN_POINT ( 'NONE',  ( 0.6166937759972882516, 1.003156119535738799, 1.428176144013236781 ) ) ;
#2209 = ORIENTED_EDGE ( 'NONE', *, *, #2810, .F. ) ;
#2210 = EDGE_CURVE ( 'NONE', #433, #5307, #4562, .T. ) ;
#2211 = ADVANCED_FACE ( 'NONE', ( #591 ), #3257, .F. ) ;
#2212 = ORIENTED_EDGE ( 'NONE', *, *, #2428, .F. ) ;
#2213 = CARTESIAN_POINT ( 'NONE',  ( 0.6155371342599346152, 1.011896933938581045, 1.426294043061026473 ) ) ;
#2214 = CARTESIAN_POINT ( 'NONE',  ( 0.6292604786218283230, 1.001518673812379356, 1.428539119201793994 ) ) ;
#2215 = CARTESIAN_POINT ( 'NONE',  ( 0.5969356471894047278, 1.022221084714038941, 1.410999841692049284 ) ) ;
#2216 = CARTESIAN_POINT ( 'NONE',  ( 0.6401549694403465551, 0.9883232081444763839, 1.433330889264135877 ) ) ;
#2217 = CARTESIAN_POINT ( 'NONE',  ( 0.6119426349792482789, 0.9714323585012589746, 1.410004134158338696 ) ) ;
#2218 = CARTESIAN_POINT ( 'NONE',  ( 0.5776116685554095742, 1.093520762406065661, 1.389754831374368838 ) ) ;
#2219 = CARTESIAN_POINT ( 'NONE',  ( 0.6101700455088188146, 0.9894232919198546750, 1.423694762328681529 ) ) ;
#2220 = VERTEX_POINT ( 'NONE', #3779 ) ;
#2221 = CARTESIAN_POINT ( 'NONE',  ( 0.6171321494875685598, 1.003600547763684681, 1.429213335825933573 ) ) ;
#2222 = CARTESIAN_POINT ( 'NONE',  ( 0.5910150366331791139, 1.032920692663371387, 1.401292892932855638 ) ) ;
#2223 = CARTESIAN_POINT ( 'NONE',  ( 0.6098745384945534198, 0.9854081968955485937, 1.425116571928394249 ) ) ;
#2224 = ORIENTED_EDGE ( 'NONE', *, *, #3503, .T. ) ;
#2225 = CARTESIAN_POINT ( 'NONE',  ( 0.5880329150330497745, 1.039530378685152412, 1.397807774126857083 ) ) ;
#2226 = CARTESIAN_POINT ( 'NONE',  ( 0.6067117523195602047, 1.054481145426037880, 1.415168277923156026 ) ) ;
#2227 = CARTESIAN_POINT ( 'NONE',  ( 0.5871198639219069593, 1.043669829804922733, 1.397910857704934617 ) ) ;
#2228 = EDGE_CURVE ( 'NONE', #233, #2751, #845, .T. ) ;
#2229 = CARTESIAN_POINT ( 'NONE',  ( 0.6260760713502880881, 0.9952628205197959765, 1.431684966507345225 ) ) ;
#2230 = ORIENTED_EDGE ( 'NONE', *, *, #729, .F. ) ;
#2231 = CARTESIAN_POINT ( 'NONE',  ( 0.6217179017696397025, 1.024452354966127965, 1.420928099426226332 ) ) ;
#2232 = CARTESIAN_POINT ( 'NONE',  ( 0.5966783862435183217, 1.001930866455077895, 1.479459482902644396 ) ) ;
#2233 = CARTESIAN_POINT ( 'NONE',  ( 0.5935333910315382377, 1.082884249468866855, 1.384307277250732993 ) ) ;
#2234 = DIRECTION ( 'NONE',  ( 0.5495945148341953024, -0.01876539135241235903, -0.8352207668344677760 ) ) ;
#2235 = CARTESIAN_POINT ( 'NONE',  ( 0.6053974631285343744, 0.9999888822736939797, 1.419889450887684257 ) ) ;
#2236 = CARTESIAN_POINT ( 'NONE',  ( 0.6118910195012340347, 0.9714341208635216551, 1.410082574386483545 ) ) ;
#2237 = VERTEX_POINT ( 'NONE', #5180 ) ;
#2238 = VECTOR ( 'NONE', #2566, 1.000000000000000000 ) ;
#2239 = ORIENTED_EDGE ( 'NONE', *, *, #4536, .T. ) ;
#2240 = CARTESIAN_POINT ( 'NONE',  ( 0.6298631256961133573, 1.005900017111118538, 1.426704969875499662 ) ) ;
#2241 = B_SPLINE_CURVE_WITH_KNOTS ( 'NONE', 3,
 ( #3247, #3216, #397, #942, #1803, #2227, #3583 ),
 .UNSPECIFIED., .F., .F.,
 ( 4, 3, 4 ),
 ( -0.0009542754582349442186, 1.026739457343772699E-16, 0.001505779401695501790 ),
 .UNSPECIFIED. ) ;
#2242 = CARTESIAN_POINT ( 'NONE',  ( 0.6316958939209688095, 0.9969506480197490861, 1.430244311095975052 ) ) ;
#2243 = CARTESIAN_POINT ( 'NONE',  ( 0.6018616457067593739, 1.011173449941251024, 1.417311511335235696 ) ) ;
#2244 = CARTESIAN_POINT ( 'NONE',  ( 0.6127484164874663630, 1.000853502361116254, 1.425134580664927597 ) ) ;
#2245 = CARTESIAN_POINT ( 'NONE',  ( 0.6114392753214609177, 0.9739215833297585334, 1.410099391379593836 ) ) ;
#2246 = CARTESIAN_POINT ( 'NONE',  ( 0.6377378843306132916, 0.9818734200777391452, 1.438417650831878003 ) ) ;
#2247 = CARTESIAN_POINT ( 'NONE',  ( 0.6199125848219684265, 0.9954271987259586396, 1.432364912067081386 ) ) ;
#2248 = CLOSED_SHELL ( 'NONE', ( #1988, #770, #3882, #868, #3097, #3629, #4913, #3023, #4371, #4503, #2806, #5537, #3929, #207, #1105, #3734, #2731, #3618, #3654, #2211, #1504, #5689, #5949, #1173, #2851, #4439, #3660, #317, #2501, #802, #142, #4218, #2614, #982, #4686, #4837, #5545, #682, #1035, #5995, #1015, #699, #2289, #3384, #1891, #3570, #496, #4650, #3828, #2405, #1434, #1099, #351, #326, #26, #5071, #2796, #2839, #3997, #3201, #3240 ) ) ;
#2249 = ORIENTED_EDGE ( 'NONE', *, *, #1432, .T. ) ;
#2250 = ADVANCED_FACE ( 'NONE', ( #1453 ), #1028, .F. ) ;
#2251 = CARTESIAN_POINT ( 'NONE',  ( 0.6221602659651433997, 0.9933703766390143963, 1.416958286127230515 ) ) ;
#2252 = CARTESIAN_POINT ( 'NONE',  ( 0.6032546533993694560, 1.001982015410388005, 1.412790580935547213 ) ) ;
#2253 = DIRECTION ( 'NONE',  ( -0.3385188374787402310, 0.9089891801586811315, -0.2431947101120645049 ) ) ;
#2254 = EDGE_CURVE ( 'NONE', #4625, #5346, #3409, .T. ) ;
#2255 = CARTESIAN_POINT ( 'NONE',  ( 0.5907478716464855673, 1.032756574566350283, 1.399746469154913076 ) ) ;
#2256 = CARTESIAN_POINT ( 'NONE',  ( 0.6060441995913159463, 1.052959607541724019, 1.414390942740612056 ) ) ;
#2257 = DIRECTION ( 'NONE',  ( -0.3385274322565195448, 0.9089894737290771243, -0.2431816486899106289 ) ) ;
#2258 = CARTESIAN_POINT ( 'NONE',  ( 0.6246179019663729015, 0.9532937838971099476, 1.427060181291500474 ) ) ;
#2259 = VECTOR ( 'NONE', #3140, 1.000000000000000222 ) ;
#2260 = ORIENTED_EDGE ( 'NONE', *, *, #3383, .T. ) ;
#2261 = CARTESIAN_POINT ( 'NONE',  ( 0.5803296730502662815, 1.059123902388128036, 1.396421575437612139 ) ) ;
#2262 = ORIENTED_EDGE ( 'NONE', *, *, #5535, .F. ) ;
#2263 = CARTESIAN_POINT ( 'NONE',  ( 0.6244024364283885520, 1.017733321334387542, 1.422845561830179850 ) ) ;
#2264 = DIRECTION ( 'NONE',  ( 0.7623876645305751598, 0.4193586969258101815, 0.4928522418375530512 ) ) ;
#2265 = B_SPLINE_CURVE_WITH_KNOTS ( 'NONE', 3,
 ( #1723, #3084, #4908, #4024 ),
 .UNSPECIFIED., .F., .F.,
 ( 4, 4 ),
 ( 0.000000000000000000, 0.6885845954575720018 ),
 .UNSPECIFIED. ) ;
#2266 = AXIS2_PLACEMENT_3D ( 'NONE', #2016, #2528, #2047 ) ;
#2267 = CYLINDRICAL_SURFACE ( 'NONE', #2530, 0.003000000000000023915 ) ;
#2268 = FACE_BOUND ( 'NONE', #333, .T. ) ;
#2269 = CARTESIAN_POINT ( 'NONE',  ( 0.5904981472034513956, 1.041336220296007475, 1.409156382886333603 ) ) ;
#2270 = CARTESIAN_POINT ( 'NONE',  ( 0.5999807275408811646, 1.018826201623085792, 1.418723807396240044 ) ) ;
#2271 = ORIENTED_EDGE ( 'NONE', *, *, #2182, .T. ) ;
#2272 = CIRCLE ( 'NONE', #1500, 0.01000000000000003490 ) ;
#2273 = ORIENTED_EDGE ( 'NONE', *, *, #4802, .T. ) ;
#2274 = CARTESIAN_POINT ( 'NONE',  ( 0.6087531095022821193, 0.9870651640828865814, 1.421909521474242988 ) ) ;
#2275 = CARTESIAN_POINT ( 'NONE',  ( 0.6179919062939986940, 1.023197714605930342, 1.422011367537289184 ) ) ;
#2276 = CARTESIAN_POINT ( 'NONE',  ( 0.6042818573735768695, 1.003995704993360327, 1.419065332968939330 ) ) ;
#2277 = CARTESIAN_POINT ( 'NONE',  ( 0.5886894765531001106, 1.042350539045469260, 1.394787332931966883 ) ) ;
#2278 = CARTESIAN_POINT ( 'NONE',  ( 0.6190521464119509432, 0.9914674086170367495, 1.414232217403635250 ) ) ;
#2279 = FACE_OUTER_BOUND ( 'NONE', #3906, .T. ) ;
#2280 = CARTESIAN_POINT ( 'NONE',  ( 0.6027516677275176482, 1.037467584439396129, 1.418931147908472745 ) ) ;
#2281 = VERTEX_POINT ( 'NONE', #2126 ) ;
#2282 = CARTESIAN_POINT ( 'NONE',  ( 0.6117757156080337877, 0.9642138548300115408, 1.421023062842652784 ) ) ;
#2283 = CARTESIAN_POINT ( 'NONE',  ( 0.5776337497704687740, 1.062768783970317932, 1.393191393710594195 ) ) ;
#2284 = CARTESIAN_POINT ( 'NONE',  ( 0.6078254400783489331, 0.9765048673314060679, 1.421617808415675643 ) ) ;
#2285 = CARTESIAN_POINT ( 'NONE',  ( 0.5853064496497267788, 1.046934020966898249, 1.397221665518080691 ) ) ;
#2286 = CARTESIAN_POINT ( 'NONE',  ( 0.5825587584672705654, 1.044197654447796886, 1.386249183092877146 ) ) ;
#2287 = CARTESIAN_POINT ( 'NONE',  ( 0.6061620181869310509, 0.9937569863226689559, 1.407997007711936144 ) ) ;
#2288 = CC_DESIGN_PERSON_AND_ORGANIZATION_ASSIGNMENT ( #2165, #4010, ( #2105 ) ) ;
#2289 = ADVANCED_FACE ( 'NONE', ( #5825 ), #3967, .T. ) ;
#2290 = ORIENTED_EDGE ( 'NONE', *, *, #5506, .T. ) ;
#2291 = CARTESIAN_POINT ( 'NONE',  ( 0.5778481040003677904, 1.063582319608694426, 1.394688475951293860 ) ) ;
#2292 = CARTESIAN_POINT ( 'NONE',  ( 0.6026836642652327880, 1.036250981320445019, 1.420110849427091537 ) ) ;
#2293 = CARTESIAN_POINT ( 'NONE',  ( 0.5959988111561104196, 1.022340959861546716, 1.407560462944940083 ) ) ;
#2294 = CARTESIAN_POINT ( 'NONE',  ( 0.6265525768853413835, 1.006499567080730406, 1.426838968315530698 ) ) ;
#2295 = CARTESIAN_POINT ( 'NONE',  ( 0.5982090007769749196, 1.059729191783335578, 1.417836380334450919 ) ) ;
#2296 = CARTESIAN_POINT ( 'NONE',  ( 0.5807333094164521814, 1.064390337200477266, 1.405034959731481736 ) ) ;
#2297 = ORIENTED_EDGE ( 'NONE', *, *, #4172, .T. ) ;
#2298 = ADVANCED_FACE ( 'NONE', ( #3483 ), #2204, .F. ) ;
#2299 = ORIENTED_EDGE ( 'NONE', *, *, #2041, .F. ) ;
#2300 = CARTESIAN_POINT ( 'NONE',  ( 0.6028700036550700414, 1.054615454792608320, 1.421018320962441406 ) ) ;
#2301 = CARTESIAN_POINT ( 'NONE',  ( 0.6238778300116137876, 1.013204714213360669, 1.424734655281456375 ) ) ;
#2302 = CARTESIAN_POINT ( 'NONE',  ( 0.5898858916380945727, 1.042497689494060520, 1.408727409208149650 ) ) ;
#2303 = CARTESIAN_POINT ( 'NONE',  ( 0.6060382185075253725, 1.052957795390984996, 1.414392497115022351 ) ) ;
#2304 = CARTESIAN_POINT ( 'NONE',  ( 0.6187199859461678386, 0.9914787499258818082, 1.414737002861741644 ) ) ;
#2305 = CARTESIAN_POINT ( 'NONE',  ( 0.6196859118928327304, 0.9737087964768108561, 1.415935918539789951 ) ) ;
#2306 = CARTESIAN_POINT ( 'NONE',  ( 0.6295697352349289844, 1.002304440720060752, 1.439762661736301519 ) ) ;
#2307 = VERTEX_POINT ( 'NONE', #2990 ) ;
#2308 = CARTESIAN_POINT ( 'NONE',  ( 0.6212999746821593616, 0.9945173455062977785, 1.422409591976040666 ) ) ;
#2309 = CARTESIAN_POINT ( 'NONE',  ( 0.6042706453792474619, 0.9987526677029778810, 1.413531682710524429 ) ) ;
#2310 = CARTESIAN_POINT ( 'NONE',  ( 0.6082556415528754812, 0.9810547853252216122, 1.423060597905120739 ) ) ;
#2311 = CARTESIAN_POINT ( 'NONE',  ( 0.5909869320096108325, 1.033273871388144416, 1.401266464370710008 ) ) ;
#2312 = B_SPLINE_CURVE_WITH_KNOTS ( 'NONE', 3,
 ( #5609, #2856, #4791, #4760 ),
 .UNSPECIFIED., .F., .F.,
 ( 4, 4 ),
 ( 1.954008783516539838, 2.641125901359230088 ),
 .UNSPECIFIED. ) ;
#2313 = PERSON_AND_ORGANIZATION ( #5130, #4593 ) ;
#2314 = CARTESIAN_POINT ( 'NONE',  ( 0.6335514276887295182, 0.9933116885757811154, 1.431647229812726740 ) ) ;
#2315 = CARTESIAN_POINT ( 'NONE',  ( 0.6262842207354455404, 0.9952372659442075831, 1.431671619370917137 ) ) ;
#2316 = EDGE_LOOP ( 'NONE', ( #823, #1236, #668 ) ) ;
#2317 = CARTESIAN_POINT ( 'NONE',  ( 0.6099451939220866814, 0.9731917929401185940, 1.416465647101863734 ) ) ;
#2318 = VERTEX_POINT ( 'NONE', #4840 ) ;
#2319 = CARTESIAN_POINT ( 'NONE',  ( 0.6148125480818311672, 1.031321031680676681, 1.419738797404559882 ) ) ;
#2320 = CARTESIAN_POINT ( 'NONE',  ( 0.5878411037996611466, 1.042799115289910983, 1.401732377903467386 ) ) ;
#2321 = EDGE_CURVE ( 'NONE', #15, #4148, #5044, .T. ) ;
#2322 = CARTESIAN_POINT ( 'NONE',  ( 0.5948188335431776608, 1.027777379548189485, 1.409501238642793419 ) ) ;
#2323 = CARTESIAN_POINT ( 'NONE',  ( 0.5775188839590171819, 0.9510298911689695212, 1.467995748726613758 ) ) ;
#2324 = ADVANCED_FACE ( 'NONE', ( #2147 ), #3936, .F. ) ;
#2325 = DIRECTION ( 'NONE',  ( -0.3385188374787373444, 0.9089891801586826858, -0.2431947101120626731 ) ) ;
#2326 = CARTESIAN_POINT ( 'NONE',  ( 0.6393873653231681997, 0.9843168131425945599, 1.439790205163477665 ) ) ;
#2327 = EDGE_CURVE ( 'NONE', #263, #4912, #1604, .T. ) ;
#2328 = ORIENTED_EDGE ( 'NONE', *, *, #4210, .F. ) ;
#2329 = ORIENTED_EDGE ( 'NONE', *, *, #3424, .F. ) ;
#2330 = LINE ( 'NONE', #4177, #4717 ) ;
#2331 = CARTESIAN_POINT ( 'NONE',  ( 0.6302605416246176429, 0.9963352216572614051, 1.430687947625879364 ) ) ;
#2333 = CARTESIAN_POINT ( 'NONE',  ( 0.5744001209975849731, 1.073275979946631598, 1.397845901433921068 ) ) ;
#2332 = CARTESIAN_POINT ( 'NONE',  ( 0.5874684982723127336, 1.046336003936532588, 1.404228435571448719 ) ) ;
#2334 = CARTESIAN_POINT ( 'NONE',  ( 0.6161978450187869383, 1.003354729657990330, 1.429603450307286305 ) ) ;
#2335 = CARTESIAN_POINT ( 'NONE',  ( 0.4190415917354268771, 1.230748757340526689, 1.419055537865533845 ) ) ;
#2336 = ORIENTED_EDGE ( 'NONE', *, *, #1946, .T. ) ;
#2337 = CARTESIAN_POINT ( 'NONE',  ( 0.6108369905196130434, 0.9657224519070989333, 1.420786249892229236 ) ) ;
#2338 = CARTESIAN_POINT ( 'NONE',  ( 0.5928931063644513610, 1.029262516154634710, 1.403985206879825087 ) ) ;
#2339 = CARTESIAN_POINT ( 'NONE',  ( 0.6365452231412933592, 0.9882363483098124401, 1.439160750311552439 ) ) ;
#2340 = CARTESIAN_POINT ( 'NONE',  ( 0.5760637862734609982, 1.064835418443750292, 1.390737578868763924 ) ) ;
#2341 = AXIS2_PLACEMENT_3D ( 'NONE', #3971, #3604, #1674 ) ;
#2342 = CARTESIAN_POINT ( 'NONE',  ( 0.6315854420108194534, 0.9940380052426506241, 1.431611375516130158 ) ) ;
#2343 = CARTESIAN_POINT ( 'NONE',  ( 0.6260936071145031256, 0.9952607140955718190, 1.431683818563771249 ) ) ;
#2344 = CARTESIAN_POINT ( 'NONE',  ( 0.6012552253848630901, 1.006353565531415972, 1.410002382660755949 ) ) ;
#2345 = ORIENTED_EDGE ( 'NONE', *, *, #4207, .F. ) ;
#2346 = CARTESIAN_POINT ( 'NONE',  ( 0.5802639412869359248, 1.048700755484234248, 1.406275899891014980 ) ) ;
#2347 = CARTESIAN_POINT ( 'NONE',  ( 0.6041604524458485947, 0.9992593325177262509, 1.413449069673655245 ) ) ;
#2348 = CARTESIAN_POINT ( 'NONE',  ( 0.6035911603215118326, 0.9977900774033466869, 1.409599033792496847 ) ) ;
#2349 = CARTESIAN_POINT ( 'NONE',  ( 0.5947943524967889140, 1.028402962045160463, 1.398161009349776052 ) ) ;
#2350 = CARTESIAN_POINT ( 'NONE',  ( 0.6314981957445093830, 0.9338419729151876680, 1.429400022114401647 ) ) ;
#2351 = CARTESIAN_POINT ( 'NONE',  ( 0.6371511336424882099, 0.9875621367692278829, 1.439314926635691716 ) ) ;
#2352 = AXIS2_PLACEMENT_3D ( 'NONE', #1059, #3304, #60 ) ;
#2353 = EDGE_CURVE ( 'NONE', #2220, #956, #953, .T. ) ;
#2354 = VERTEX_POINT ( 'NONE', #265 ) ;
#2355 = AXIS2_PLACEMENT_3D ( 'NONE', #3354, #5206, #3295 ) ;
#2356 = ORIENTED_EDGE ( 'NONE', *, *, #166, .T. ) ;
#2357 = LINE ( 'NONE', #5568, #360 ) ;
#2358 = EDGE_CURVE ( 'NONE', #4608, #3153, #3875, .T. ) ;
#2359 = CARTESIAN_POINT ( 'NONE',  ( 0.6124899175256520722, 1.028442359712955723, 1.421095133061412996 ) ) ;
#2361 = CARTESIAN_POINT ( 'NONE',  ( 0.6031054317969457568, 1.010070338364350340, 1.420976770939564870 ) ) ;
#2360 = CARTESIAN_POINT ( 'NONE',  ( 0.5882175061043593001, 1.044588561315716424, 1.404760560799119151 ) ) ;
#2362 = PLANE ( 'NONE',  #4567 ) ;
#2363 = DIRECTION ( 'NONE',  ( 0.7738664612090511152, 0.3881086756342739252, 0.5005021040047585856 ) ) ;
#2364 = VECTOR ( 'NONE', #3373, 1.000000000000000000 ) ;
#2365 = DIRECTION ( 'NONE',  ( -0.3650397643841983841, -0.9046541402764898265, -0.2198791870526495829 ) ) ;
#2366 = ORIENTED_EDGE ( 'NONE', *, *, #4103, .T. ) ;
#2367 = EDGE_CURVE ( 'NONE', #306, #4608, #3056, .T. ) ;
#2368 = CC_DESIGN_SECURITY_CLASSIFICATION ( #4206, ( #1981 ) ) ;
#2369 = CARTESIAN_POINT ( 'NONE',  ( 0.5876193999990674266, 1.042080187891738952, 1.400312871048259522 ) ) ;
#2370 = CARTESIAN_POINT ( 'NONE',  ( 0.6041233239965687618, 0.9992302976895324207, 1.413424010654191321 ) ) ;
#2371 = DIRECTION ( 'NONE',  ( -0.7738664612090516703, -0.3881086756343407607, -0.5005021040047059611 ) ) ;
#2372 = CARTESIAN_POINT ( 'NONE',  ( 0.5775391132510185876, 1.062197677583188948, 1.391767641683471224 ) ) ;
#2373 = SHAPE_DEFINITION_REPRESENTATION ( #5495, #5715 ) ;
#2374 = DIRECTION ( 'NONE',  ( -0.3410085708455583009, 0.9076310146233586007, -0.2447837737752287801 ) ) ;
#2375 = CARTESIAN_POINT ( 'NONE',  ( 0.6058251922506040499, 0.9714535825185406370, 1.419351309710521258 ) ) ;
#2376 = CARTESIAN_POINT ( 'NONE',  ( 0.5815869914408401398, 1.056750362920546804, 1.397302247610847203 ) ) ;
#2377 = ORIENTED_EDGE ( 'NONE', *, *, #5844, .F. ) ;
#2378 = DIRECTION ( 'NONE',  ( 0.3410085708455602993, -0.9076310146233572684, 0.2447837737752308895 ) ) ;
#2379 = DIRECTION ( 'NONE',  ( -0.5495945148342157305, 0.01876539135242308309, 0.8352207668344541203 ) ) ;
#2380 =( BOUNDED_SURFACE ( )  B_SPLINE_SURFACE ( 3, 2, ( 
 ( #4883, #243, #4850 ),
 ( #1123, #2098, #2968 ),
 ( #4819, #1612, #210 ),
 ( #2516, #3453, #3485 ) ),
 .UNSPECIFIED., .F., .F., .F. ) 
 B_SPLINE_SURFACE_WITH_KNOTS ( ( 4, 4 ),
 ( 3, 3 ),
 ( 8.023096076392732812E-17, 0.001505347403896828504 ),
 ( 0.000000000000000000, 1.000000000000000000 ),
 .UNSPECIFIED. ) 
 GEOMETRIC_REPRESENTATION_ITEM ( )  RATIONAL_B_SPLINE_SURFACE ( (
 ( 1.000000000000000000, 0.7199840558485136599, 1.000000000000000000),
 ( 1.000000000000000000, 0.7199694382979743290, 1.000000000000000000),
 ( 1.000000000000000000, 0.7199548415890180131, 1.000000000000000000),
 ( 1.000000000000000000, 0.7199402792899731729, 1.000000000000000000) ) ) 
 REPRESENTATION_ITEM ( '' )  SURFACE ( )  );
#2381 = CARTESIAN_POINT ( 'NONE',  ( 0.6047928836399318886, 0.9935640591819145939, 1.410485252634108067 ) ) ;
#2382 = CARTESIAN_POINT ( 'NONE',  ( 0.6087948580171296253, 0.9905604700809043095, 1.425158884095079070 ) ) ;
#2383 = CARTESIAN_POINT ( 'NONE',  ( 0.6145269940258859531, 1.045825635120683383, 1.415100067896071234 ) ) ;
#2384 = CARTESIAN_POINT ( 'NONE',  ( 0.5906051474843621030, 1.043341190488618508, 1.412003780144317711 ) ) ;
#2385 = ORIENTED_EDGE ( 'NONE', *, *, #2581, .T. ) ;
#2386 = ORIENTED_EDGE ( 'NONE', *, *, #1470, .T. ) ;
#2387 = CARTESIAN_POINT ( 'NONE',  ( 0.6374257822383593286, 0.9957041421897611100, 1.426948272541967322 ) ) ;
#2388 = CARTESIAN_POINT ( 'NONE',  ( 0.6148577056338009328, 1.013934152366949837, 1.425801191992699612 ) ) ;
#2390 = CARTESIAN_POINT ( 'NONE',  ( 0.6047338962857125022, 1.005192959328812918, 1.422157921021286242 ) ) ;
#2389 = CARTESIAN_POINT ( 'NONE',  ( 0.5896549745387967834, 1.041137607799952569, 1.405783982742178750 ) ) ;
#2391 = DIRECTION ( 'NONE',  ( 0.7637702840998400466, 0.4163964417921055539, 0.4932230290537166217 ) ) ;
#2392 = CARTESIAN_POINT ( 'NONE',  ( 0.5991058930819381789, 1.022737227503609070, 1.416863099671599846 ) ) ;
#2393 = ADVANCED_FACE ( 'NONE', ( #471 ), #5021, .F. ) ;
#2394 = ORIENTED_EDGE ( 'NONE', *, *, #2210, .F. ) ;
#2395 = EDGE_CURVE ( 'NONE', #1645, #1816, #5585, .T. ) ;
#2396 = CARTESIAN_POINT ( 'NONE',  ( 0.6356202510011581541, 0.9946348640930200435, 1.425786856532103020 ) ) ;
#2397 = CARTESIAN_POINT ( 'NONE',  ( 0.6100562495385469797, 0.9787857468027736374, 1.420609387473887208 ) ) ;
#2398 = CARTESIAN_POINT ( 'NONE',  ( 0.6072264595902749917, 1.024008980752575182, 1.423375234774910014 ) ) ;
#2399 = CARTESIAN_POINT ( 'NONE',  ( 0.6077167043060440754, 0.9804825800788428136, 1.412086822419844401 ) ) ;
#2400 = COORDINATED_UNIVERSAL_TIME_OFFSET ( 2, 0, .AHEAD. ) ;
#2401 = CARTESIAN_POINT ( 'NONE',  ( 0.5926379547932604241, 1.050558955935821270, 1.391628060188114357 ) ) ;
#2402 = CARTESIAN_POINT ( 'NONE',  ( 0.6063155062061172940, 0.9696347928732999000, 1.419185409392015762 ) ) ;
#2403 = CARTESIAN_POINT ( 'NONE',  ( 0.6031238946288410840, 0.9998428441246574039, 1.410003979865981361 ) ) ;
#2404 = VERTEX_POINT ( 'NONE', #5139 ) ;
#2405 = ADVANCED_FACE ( 'NONE', ( #1872 ), #4150, .F. ) ;
#2406 = DIRECTION ( 'NONE',  ( 0.5495945148342156195, -0.01876539135242259390, -0.8352207668344541203 ) ) ;
#2407 = CARTESIAN_POINT ( 'NONE',  ( 0.5941462526772204322, 1.027173692474647293, 1.406232802900918788 ) ) ;
#2408 = CARTESIAN_POINT ( 'NONE',  ( 0.6487023691698032835, 0.9599286449682814526, 1.434147845713846126 ) ) ;
#2409 = CARTESIAN_POINT ( 'NONE',  ( 0.6566464195533452397, 0.9635598101049207553, 1.433307189271413318 ) ) ;
#2410 =( BOUNDED_SURFACE ( )  B_SPLINE_SURFACE ( 3, 2, ( 
 ( #2149, #267, #4358 ),
 ( #321, #3510, #3993 ),
 ( #1180, #201, #4473 ),
 ( #237, #5363, #2061 ),
 ( #2093, #5390, #5792 ),
 ( #3903, #5851, #1606 ) ),
 .UNSPECIFIED., .F., .F., .F. ) 
 B_SPLINE_SURFACE_WITH_KNOTS ( ( 4, 2, 4 ),
 ( 3, 3 ),
 ( -1.647987302177966740E-17, 0.001950705839058935456, 0.003901411678117887392 ),
 ( 0.000000000000000000, 1.000000000000000000 ),
 .UNSPECIFIED. ) 
 GEOMETRIC_REPRESENTATION_ITEM ( )  RATIONAL_B_SPLINE_SURFACE ( (
 ( 1.000000000000000000, 0.7199840558484120745, 1.000000000000000000),
 ( 1.000000000000000000, 0.7207704162637389445, 1.000000000000000000),
 ( 1.000000000000000000, 0.7214778387330983422, 1.000000000000000000),
 ( 1.000000000000000000, 0.7227376735128708818, 1.000000000000000000),
 ( 1.000000000000000000, 0.7232904820188278405, 1.000000000000000000),
 ( 1.000000000000000000, 0.7237599650031343312, 1.000000000000000000) ) ) 
 REPRESENTATION_ITEM ( '' )  SURFACE ( )  );
#2411 = FACE_OUTER_BOUND ( 'NONE', #1733, .T. ) ;
#2412 = CARTESIAN_POINT ( 'NONE',  ( 0.5929377265033335398, 1.037495151016976092, 1.413670017273532586 ) ) ;
#2413 = CARTESIAN_POINT ( 'NONE',  ( 0.5721440391482320864, 1.088121849193627533, 1.391651556006175960 ) ) ;
#2414 = ORIENTED_EDGE ( 'NONE', *, *, #1769, .T. ) ;
#2415 = ORIENTED_EDGE ( 'NONE', *, *, #2025, .T. ) ;
#2416 = CARTESIAN_POINT ( 'NONE',  ( 0.6349749497015597655, 0.9960839295197531085, 1.430288940230156847 ) ) ;
#2417 = CARTESIAN_POINT ( 'NONE',  ( 0.6011835239476550630, 1.049834946283323411, 1.415996661235768839 ) ) ;
#2419 = CARTESIAN_POINT ( 'NONE',  ( 0.5993127982456931679, 1.020633068516678232, 1.418243811640365948 ) ) ;
#2418 = CARTESIAN_POINT ( 'NONE',  ( 0.5796957592617699717, 1.062267720634461954, 1.398755846998838370 ) ) ;
#2420 = CARTESIAN_POINT ( 'NONE',  ( 0.6154864350816731111, 0.9935995383580258355, 1.427099239039603340 ) ) ;
#2421 = CARTESIAN_POINT ( 'NONE',  ( 0.6138181261956869861, 0.9933225118858992619, 1.428402253931704280 ) ) ;
#2422 = VERTEX_POINT ( 'NONE', #959 ) ;
#2423 = CARTESIAN_POINT ( 'NONE',  ( 0.6425152619087083350, 0.9882426181628088946, 1.429743944285303048 ) ) ;
#2424 = CARTESIAN_POINT ( 'NONE',  ( 0.6046757845986732161, 1.000115985732187296, 1.416589678634405880 ) ) ;
#2425 = CARTESIAN_POINT ( 'NONE',  ( 0.6198749930105106332, 0.9922875310028327345, 1.431994804941916888 ) ) ;
#2426 = CARTESIAN_POINT ( 'NONE',  ( 0.5864557271503783031, 1.045399586782471912, 1.399386702024476792 ) ) ;
#2427 = CARTESIAN_POINT ( 'NONE',  ( 0.6098940507266598088, 0.9905229270902995431, 1.423488445257125923 ) ) ;
#2428 = EDGE_CURVE ( 'NONE', #2875, #2577, #1112, .T. ) ;
#2429 = CARTESIAN_POINT ( 'NONE',  ( 0.6097703964529140874, 0.9624906585087049660, 1.419620969600631000 ) ) ;
#2430 = CIRCLE ( 'NONE', #5436, 0.4064141769983863894 ) ;
#2431 = ORIENTED_EDGE ( 'NONE', *, *, #2101, .T. ) ;
#2432 = EDGE_CURVE ( 'NONE', #3733, #352, #2330, .T. ) ;
#2433 = CARTESIAN_POINT ( 'NONE',  ( 0.5847746485548204198, 1.046722283413733301, 1.395502174975624232 ) ) ;
#2434 = AXIS2_PLACEMENT_3D ( 'NONE', #2059, #4442, #3533 ) ;
#2435 = EDGE_LOOP ( 'NONE', ( #5964, #3976, #1555, #2153 ) ) ;
#2436 = FACE_OUTER_BOUND ( 'NONE', #4963, .T. ) ;
#2437 = CARTESIAN_POINT ( 'NONE',  ( 0.6057684879995298699, 1.027867514452026843, 1.422328882297958064 ) ) ;
#2438 = B_SPLINE_CURVE_WITH_KNOTS ( 'NONE', 3,
 ( #2553, #181, #1060, #2519 ),
 .UNSPECIFIED., .F., .F.,
 ( 4, 4 ),
 ( 0.005083857167154206061, 0.02837739748547460361 ),
 .UNSPECIFIED. ) ;
#2439 = CARTESIAN_POINT ( 'NONE',  ( 0.6081091736892478838, 1.053571117413309777, 1.413786979750487616 ) ) ;
#2440 = CARTESIAN_POINT ( 'NONE',  ( 0.9151444463853652955, 1.202638843825544868, 1.619584509218915169 ) ) ;
#2441 = CARTESIAN_POINT ( 'NONE',  ( 0.6269274647158260549, 1.013581278447674094, 1.423984316156029273 ) ) ;
#2442 = CARTESIAN_POINT ( 'NONE',  ( 0.6059518254083910982, 1.000869971897750954, 1.423056473531038479 ) ) ;
#2443 = PLANE ( 'NONE',  #1658 ) ;
#2444 = VERTEX_POINT ( 'NONE', #2754 ) ;
#2445 = ORIENTED_EDGE ( 'NONE', *, *, #3468, .F. ) ;
#2446 = AXIS2_PLACEMENT_3D ( 'NONE', #2489, #4337, #5582 ) ;
#2447 = CARTESIAN_POINT ( 'NONE',  ( 0.6308087964061757091, 0.9953995941009743387, 1.431071174457825279 ) ) ;
#2448 = CARTESIAN_POINT ( 'NONE',  ( 0.6093604337786105996, 1.036637996030458808, 1.418851724493378264 ) ) ;
#2450 = CARTESIAN_POINT ( 'NONE',  ( 0.6052989478318666627, 1.003427863975723477, 1.422569395387210278 ) ) ;
#2449 = CARTESIAN_POINT ( 'NONE',  ( 0.6094400337934287037, 0.9774153935961420459, 1.417412656394614778 ) ) ;
#2451 = CYLINDRICAL_SURFACE ( 'NONE', #5724, 0.001499999999999958181 ) ;
#2452 = CARTESIAN_POINT ( 'NONE',  ( 0.6004143856497120568, 1.054727569142139165, 1.410420286996563632 ) ) ;
#2453 = VECTOR ( 'NONE', #768, 1.000000000000000000 ) ;
#2454 = ORIENTED_EDGE ( 'NONE', *, *, #2692, .F. ) ;
#2455 = CARTESIAN_POINT ( 'NONE',  ( 0.6359524101544048458, 0.9946235228289904695, 1.425282073068662836 ) ) ;
#2456 = CARTESIAN_POINT ( 'NONE',  ( 0.5931319022780695560, 1.029780496075013652, 1.405505012734177717 ) ) ;
#2457 = CARTESIAN_POINT ( 'NONE',  ( 0.6239192372692105026, 0.9922494125337275594, 1.433921465770996662 ) ) ;
#2458 = AXIS2_PLACEMENT_3D ( 'NONE', #3479, #748, #3026 ) ;
#2459 = CARTESIAN_POINT ( 'NONE',  ( 0.6080171388989195069, 0.9807915323320134382, 1.413651884292127958 ) ) ;
#2460 = DIRECTION ( 'NONE',  ( 0.5495945148342156195, -0.01876539135242259390, -0.8352207668344541203 ) ) ;
#2461 = DIRECTION ( 'NONE',  ( -0.5495945148342159525, 0.01876539135242175083, 0.8352207668344540092 ) ) ;
#2462 = FACE_OUTER_BOUND ( 'NONE', #3450, .T. ) ;
#2463 = ORIENTED_EDGE ( 'NONE', *, *, #842, .F. ) ;
#2464 = CARTESIAN_POINT ( 'NONE',  ( 0.6094742614411933213, 0.9746208420778942338, 1.414749345000249514 ) ) ;
#2465 = ORIENTED_EDGE ( 'NONE', *, *, #1873, .F. ) ;
#2466 = DIRECTION ( 'NONE',  ( 0.7512883676660403465, -0.4257273140144764434, 0.5043035224066118039 ) ) ;
#2467 = DIRECTION ( 'NONE',  ( 0.5495945148342156195, -0.01876539135242259390, -0.8352207668344541203 ) ) ;
#2468 = CARTESIAN_POINT ( 'NONE',  ( 0.6072264595902749917, 1.024008980752575182, 1.423375234774910014 ) ) ;
#2469 = CARTESIAN_POINT ( 'NONE',  ( 0.6111139213775833579, 1.054333973922322087, 1.408490009459924641 ) ) ;
#2470 = EDGE_CURVE ( 'NONE', #4912, #2354, #119, .T. ) ;
#2471 = CARTESIAN_POINT ( 'NONE',  ( 0.6442254789932101433, 0.9676707615048115718, 1.437014443341440462 ) ) ;
#2472 = CARTESIAN_POINT ( 'NONE',  ( 0.6233041636895150228, 1.022342970518227423, 1.421403246532439990 ) ) ;
#2473 = CARTESIAN_POINT ( 'NONE',  ( 0.6393166951001496567, 1.009684736964078011, 1.420867515571659467 ) ) ;
#2474 = FACE_OUTER_BOUND ( 'NONE', #1452, .T. ) ;
#2475 = VERTEX_POINT ( 'NONE', #3204 ) ;
#2476 = ORIENTED_EDGE ( 'NONE', *, *, #4430, .F. ) ;
#2477 = CARTESIAN_POINT ( 'NONE',  ( 0.6377738217315145342, 0.9951042018987023008, 1.427189066413428353 ) ) ;
#2478 = CARTESIAN_POINT ( 'NONE',  ( 0.5981280270737271421, 1.072402642787403160, 1.410656996849922962 ) ) ;
#2480 = CARTESIAN_POINT ( 'NONE',  ( 0.6022259844857320576, 1.012601322593071451, 1.420341209242626856 ) ) ;
#2479 = CARTESIAN_POINT ( 'NONE',  ( 0.5885174915246307314, 1.046102604019048865, 1.407745976680534472 ) ) ;
#2481 = DIRECTION ( 'NONE',  ( 0.7505752902509551516, 0.4501006340066256439, 0.4837831672676594086 ) ) ;
#2482 = EDGE_CURVE ( 'NONE', #2882, #6001, #2357, .T. ) ;
#2483 = CARTESIAN_POINT ( 'NONE',  ( 0.6363731271496347874, 1.000575526604277066, 1.419135241950381099 ) ) ;
#2484 = ORIENTED_EDGE ( 'NONE', *, *, #1961, .T. ) ;
#2485 = CARTESIAN_POINT ( 'NONE',  ( 0.6300722278800392484, 0.9948242961602806744, 1.434218207283545654 ) ) ;
#2486 = CARTESIAN_POINT ( 'NONE',  ( 0.6045030624345115733, 1.000672402964524643, 1.416463522119484786 ) ) ;
#2487 = CARTESIAN_POINT ( 'NONE',  ( 0.6455583467114942575, 0.9879286036243444258, 1.425463473907424339 ) ) ;
#2488 = CARTESIAN_POINT ( 'NONE',  ( 0.5869014760695668853, 1.044373290968338086, 1.399703073472682968 ) ) ;
#2489 = CARTESIAN_POINT ( 'NONE',  ( 0.6344641982746385134, 0.9324543032868050085, 1.430185236086698897 ) ) ;
#2490 = FACE_OUTER_BOUND ( 'NONE', #3667, .T. ) ;
#2491 = CARTESIAN_POINT ( 'NONE',  ( 0.6058485194310266886, 0.9713578662027777533, 1.419340830455846358 ) ) ;
#2492 = EDGE_LOOP ( 'NONE', ( #1868, #4420 ) ) ;
#2493 = CARTESIAN_POINT ( 'NONE',  ( 0.6091115418537002002, 1.028123889664961599, 1.421701274696047568 ) ) ;
#2494 = CARTESIAN_POINT ( 'NONE',  ( 0.6028507457329592700, 1.000701050977483186, 1.409804959763794052 ) ) ;
#2495 = VERTEX_POINT ( 'NONE', #1902 ) ;
#2496 = CARTESIAN_POINT ( 'NONE',  ( 0.6115440154391006411, 0.9733575352643133449, 1.410092054960912611 ) ) ;
#2497 = DIRECTION ( 'NONE',  ( -0.5495945148342156195, 0.01876539135242259390, 0.8352207668344541203 ) ) ;
#2498 = CARTESIAN_POINT ( 'NONE',  ( 0.6056691379401293318, 1.044558346015864059, 1.416996594242267316 ) ) ;
#2499 = LINE ( 'NONE', #4348, #886 ) ;
#2500 = CARTESIAN_POINT ( 'NONE',  ( 0.6471913100852388911, 0.9662830977494788476, 1.437799917768788127 ) ) ;
#2501 = ADVANCED_FACE ( 'NONE', ( #444 ), #1388, .F. ) ;
#2502 = CARTESIAN_POINT ( 'NONE',  ( 0.6393986750115384643, 0.9842971764795307443, 1.439792221739927713 ) ) ;
#2503 = CARTESIAN_POINT ( 'NONE',  ( 0.6083811368030402900, 0.9825431207189828653, 1.416602267007670113 ) ) ;
#2504 = ORIENTED_EDGE ( 'NONE', *, *, #1690, .T. ) ;
#2505 = EDGE_CURVE ( 'NONE', #5460, #3461, #3630, .T. ) ;
#2506 = ORIENTED_EDGE ( 'NONE', *, *, #1657, .F. ) ;
#2507 = CARTESIAN_POINT ( 'NONE',  ( 0.6425445381031416048, 0.9881443030559391438, 1.429858464807631790 ) ) ;
#2508 = EDGE_CURVE ( 'NONE', #2281, #4097, #3262, .T. ) ;
#2509 = CARTESIAN_POINT ( 'NONE',  ( 0.6315780229189498218, 0.9924844586433814175, 1.437731856671406794 ) ) ;
#2510 = CARTESIAN_POINT ( 'NONE',  ( 0.5972109830862677438, 1.021390123814948092, 1.411199688740578662 ) ) ;
#2511 = DIRECTION ( 'NONE',  ( 0.7514598057663975927, -0.4257331870643830674, 0.5040430673558869978 ) ) ;
#2512 = LINE ( 'NONE', #799, #5753 ) ;
#2513 = ORIENTED_EDGE ( 'NONE', *, *, #5088, .F. ) ;
#2514 = CARTESIAN_POINT ( 'NONE',  ( 0.6253607622631822682, 1.013722280799232101, 1.424324526131302004 ) ) ;
#2515 = CARTESIAN_POINT ( 'NONE',  ( 0.6012076401902179956, 1.008097999783369669, 1.411306187681648172 ) ) ;
#2516 = CARTESIAN_POINT ( 'NONE',  ( 0.5868159814426088250, 1.043857416230076662, 1.403154239039553497 ) ) ;
#2517 = CARTESIAN_POINT ( 'NONE',  ( 0.5946130225091696975, 1.023708672187551461, 1.403867422394593723 ) ) ;
#2518 = CARTESIAN_POINT ( 'NONE',  ( 0.5927877282962313865, 1.050534076547878781, 1.405495988318123946 ) ) ;
#2519 = CARTESIAN_POINT ( 'NONE',  ( 0.6072470723455882791, 1.023955612231177481, 1.423390003589893871 ) ) ;
#2520 = DIRECTION ( 'NONE',  ( -0.5495945148342156195, 0.01876539135242333983, 0.8352207668344541203 ) ) ;
#2521 = EDGE_LOOP ( 'NONE', ( #966, #1296, #5675, #4242, #3724, #5635, #2506, #3475 ) ) ;
#2522 = CARTESIAN_POINT ( 'NONE',  ( 0.6318171177032354535, 0.9868624623151033282, 1.434747076002179433 ) ) ;
#2523 = CARTESIAN_POINT ( 'NONE',  ( 0.5754238232225675764, 1.064680918474038451, 1.388945629276221005 ) ) ;
#2524 = EDGE_LOOP ( 'NONE', ( #498, #635, #4786, #5992 ) ) ;
#2525 = CARTESIAN_POINT ( 'NONE',  ( 0.5872179321040008615, 1.056427360913086311, 1.385535134989912764 ) ) ;
#2526 = DIRECTION ( 'NONE',  ( 0.5495945148342155084, -0.01876539135242228165, -0.8352207668344541203 ) ) ;
#2527 = CARTESIAN_POINT ( 'NONE',  ( 0.6025405353189854374, 1.000397909937815522, 1.408233334611995957 ) ) ;
#2528 = DIRECTION ( 'NONE',  ( -0.5495945148342156195, 0.01876539135242259390, 0.8352207668344541203 ) ) ;
#2529 = CARTESIAN_POINT ( 'NONE',  ( 0.6100417391149576263, 0.9935879981922525195, 1.401965574604891573 ) ) ;
#2530 = AXIS2_PLACEMENT_3D ( 'NONE', #4081, #3710, #1257 ) ;
#2531 = CARTESIAN_POINT ( 'NONE',  ( 0.6232327158106515386, 1.005466192136304171, 1.427632231399087459 ) ) ;
#2532 = CARTESIAN_POINT ( 'NONE',  ( 0.6194311881770744321, 1.019343237649277256, 1.423045048967483295 ) ) ;
#2533 = CARTESIAN_POINT ( 'NONE',  ( 0.6424636628252938797, 0.9717116262069812604, 1.439431415870749742 ) ) ;
#2534 = CARTESIAN_POINT ( 'NONE',  ( 0.6085731750483238667, 0.9816288273254115682, 1.416749421501930284 ) ) ;
#2535 = AXIS2_PLACEMENT_3D ( 'NONE', #272, #3969, #3207 ) ;
#2536 = VERTEX_POINT ( 'NONE', #1418 ) ;
#2537 = FACE_OUTER_BOUND ( 'NONE', #451, .T. ) ;
#2538 = ADVANCED_FACE ( 'NONE', ( #931 ), #5114, .T. ) ;
#2539 = CARTESIAN_POINT ( 'NONE',  ( 0.5997621618362621865, 1.044071274138907546, 1.418012903425176718 ) ) ;
#2540 = B_SPLINE_CURVE_WITH_KNOTS ( 'NONE', 3,
 ( #1279, #4457, #2256, #4981 ),
 .UNSPECIFIED., .F., .F.,
 ( 4, 4 ),
 ( 0.000000000000000000, 0.001609996817041549474 ),
 .UNSPECIFIED. ) ;
#2542 = CARTESIAN_POINT ( 'NONE',  ( 0.5972422737130714809, 1.027495608467453359, 1.415529885857127690 ) ) ;
#2541 = CARTESIAN_POINT ( 'NONE',  ( 0.5874602129062426181, 1.048548696346522036, 1.406995305200580582 ) ) ;
#2543 = FACE_OUTER_BOUND ( 'NONE', #4324, .T. ) ;
#2544 = VERTEX_POINT ( 'NONE', #1047 ) ;
#2545 = VECTOR ( 'NONE', #5035, 1.000000000000000000 ) ;
#2546 = EDGE_CURVE ( 'NONE', #4538, #323, #4771, .T. ) ;
#2547 = CARTESIAN_POINT ( 'NONE',  ( 0.6064774750032906336, 0.9977086787340404550, 1.422209980496221826 ) ) ;
#2548 = CARTESIAN_POINT ( 'NONE',  ( 0.5761374010234212584, 1.068293723258323391, 1.396278975554442248 ) ) ;
#2549 = VERTEX_POINT ( 'NONE', #5758 ) ;
#2550 = CARTESIAN_POINT ( 'NONE',  ( 0.5910932159214380421, 1.034131414716301656, 1.402691445104909063 ) ) ;
#2551 = CARTESIAN_POINT ( 'NONE',  ( 0.6056201976099923057, 0.9940679362874151881, 1.409904786505415508 ) ) ;
#2552 = AXIS2_PLACEMENT_3D ( 'NONE', #80, #5633, #2363 ) ;
#2553 = CARTESIAN_POINT ( 'NONE',  ( 0.6160287648822182494, 1.003263136350873053, 1.429499378251573027 ) ) ;
#2554 = DIRECTION ( 'NONE',  ( -0.7738664612090686568, -0.3881086756342213007, -0.5005021040047721304 ) ) ;
#2555 = ORIENTED_EDGE ( 'NONE', *, *, #1475, .T. ) ;
#2556 = EDGE_CURVE ( 'NONE', #5717, #5019, #75, .T. ) ;
#2557 = CARTESIAN_POINT ( 'NONE',  ( 0.5717486449962005945, 1.072012618460247424, 1.387736862120138026 ) ) ;
#2558 = ORIENTED_EDGE ( 'NONE', *, *, #1805, .T. ) ;
#2559 = CARTESIAN_POINT ( 'NONE',  ( 0.6106298510143831626, 0.9780777496182707642, 1.409679082421565033 ) ) ;
#2560 = CARTESIAN_POINT ( 'NONE',  ( 0.6289584791924289764, 0.9741561688312015965, 1.422033541223229447 ) ) ;
#2561 = CARTESIAN_POINT ( 'NONE',  ( 0.6002920072956678954, 1.007109571976120499, 1.406602956528846260 ) ) ;
#2562 = EDGE_CURVE ( 'NONE', #352, #250, #3703, .T. ) ;
#2563 = CARTESIAN_POINT ( 'NONE',  ( 0.6336024954846880552, 0.9667881006760579155, 1.418071224231191696 ) ) ;
#2564 = AXIS2_PLACEMENT_3D ( 'NONE', #1861, #2406, #2378 ) ;
#2565 = CARTESIAN_POINT ( 'NONE',  ( 0.5860968679130487136, 1.043237857735943575, 1.401839450302058143 ) ) ;
#2566 = DIRECTION ( 'NONE',  ( -0.5495945148342156195, 0.01876539135242333983, 0.8352207668344541203 ) ) ;
#2567 = AXIS2_PLACEMENT_3D ( 'NONE', #4861, #2467, #2046 ) ;
#2568 = CARTESIAN_POINT ( 'NONE',  ( 0.6153008632231126152, 1.030003592108638566, 1.420087687559998813 ) ) ;
#2569 = CARTESIAN_POINT ( 'NONE',  ( 0.6413649536080260338, 0.9798671362360661385, 1.440021352281730005 ) ) ;
#2570 = CARTESIAN_POINT ( 'NONE',  ( 0.6069901248823039719, 0.9845783816661792809, 1.412131184696186592 ) ) ;
#2571 = ORIENTED_EDGE ( 'NONE', *, *, #3538, .F. ) ;
#2572 = DIRECTION ( 'NONE',  ( 0.7738664612090494499, 0.3881086756342737032, 0.5005021040047613612 ) ) ;
#2573 = CARTESIAN_POINT ( 'NONE',  ( 0.6155520962544792640, 0.9945968877870970948, 1.430711902287305382 ) ) ;
#2575 = CARTESIAN_POINT ( 'NONE',  ( 0.6033201581897090771, 0.9714441947357107532, 1.423183190155241862 ) ) ;
#2574 = CARTESIAN_POINT ( 'NONE',  ( 0.5872967686684866795, 1.048920535389826325, 1.406879400800733704 ) ) ;
#2576 = PLANE ( 'NONE',  #3297 ) ;
#2577 = VERTEX_POINT ( 'NONE', #2599 ) ;
#2578 = CARTESIAN_POINT ( 'NONE',  ( 0.6051789168830030707, 0.9950642738531638720, 1.414213844125912445 ) ) ;
#2579 = CARTESIAN_POINT ( 'NONE',  ( 0.6014037905856592925, 1.010011906996112874, 1.414214293734733729 ) ) ;
#2580 = CYLINDRICAL_SURFACE ( 'NONE', #2535, 0.02059315284945592225 ) ;
#2581 = EDGE_CURVE ( 'NONE', #5087, #2475, #1090, .T. ) ;
#2582 = DIRECTION ( 'NONE',  ( -0.7505752902509300606, -0.4501006340066251443, -0.4837831672676988770 ) ) ;
#2583 = EDGE_CURVE ( 'NONE', #2220, #858, #1538, .T. ) ;
#2584 = CARTESIAN_POINT ( 'NONE',  ( 0.4832528194575980707, 0.9427001594515681537, 1.341230058211239085 ) ) ;
#2585 = CARTESIAN_POINT ( 'NONE',  ( 0.5842509948809615494, 1.104609875847707645, 1.407643330284496397 ) ) ;
#2586 = ORIENTED_EDGE ( 'NONE', *, *, #3912, .F. ) ;
#2587 = CARTESIAN_POINT ( 'NONE',  ( 0.6009519856063108012, 1.007625802590708997, 1.409774259806480190 ) ) ;
#2588 = ORIENTED_EDGE ( 'NONE', *, *, #4019, .T. ) ;
#2589 = CARTESIAN_POINT ( 'NONE',  ( 0.5859581594964451412, 1.044404312067009677, 1.396333031664997781 ) ) ;
#2590 = DIRECTION ( 'NONE',  ( -0.5495945148342156195, 0.01876539135242333983, 0.8352207668344541203 ) ) ;
#2591 = CARTESIAN_POINT ( 'NONE',  ( 0.5982257134537550813, 1.012898041449196151, 1.405113234642187514 ) ) ;
#2592 = CARTESIAN_POINT ( 'NONE',  ( 0.5841871488760507214, 1.048381192826565833, 1.400467256663999516 ) ) ;
#2593 = DIRECTION ( 'NONE',  ( -0.5495945148342156195, 0.01876539135242259390, 0.8352207668344541203 ) ) ;
#2594 = EDGE_CURVE ( 'NONE', #2988, #1983, #5155, .T. ) ;
#2595 = CARTESIAN_POINT ( 'NONE',  ( 0.6218061044539719973, 1.021861876953115589, 1.421802602317893793 ) ) ;
#2596 = CARTESIAN_POINT ( 'NONE',  ( 0.6329673017335578633, 0.9552890361837829136, 1.432278591357325048 ) ) ;
#2597 = DIRECTION ( 'NONE',  ( -0.5495945148342159525, 0.01876539135242175083, 0.8352207668344540092 ) ) ;
#2598 = EDGE_LOOP ( 'NONE', ( #3974, #4262, #4933, #183 ) ) ;
#2599 = CARTESIAN_POINT ( 'NONE',  ( 0.6450012429370339806, 0.9608551670347699192, 1.436480382191421601 ) ) ;
#2600 = CARTESIAN_POINT ( 'NONE',  ( 0.5944755770006299178, 1.060146037525689700, 1.414173047687543594 ) ) ;
#2602 = CARTESIAN_POINT ( 'NONE',  ( 0.6161978450187869383, 1.003354729657990330, 1.429603450307286305 ) ) ;
#2601 = CARTESIAN_POINT ( 'NONE',  ( 0.5875794260984029682, 1.048276426273358153, 1.407079867478948643 ) ) ;
#2603 = CARTESIAN_POINT ( 'NONE',  ( 0.6314307913310592824, 0.9675758439751823703, 1.423808223583099775 ) ) ;
#2604 = ORIENTED_EDGE ( 'NONE', *, *, #5136, .T. ) ;
#2605 = CARTESIAN_POINT ( 'NONE',  ( 0.6185785211214192003, 1.030350702560602461, 1.419488054707068514 ) ) ;
#2606 = CARTESIAN_POINT ( 'NONE',  ( 0.5821330167793333787, 1.057514959021273571, 1.400466401682461282 ) ) ;
#2607 = LINE ( 'NONE', #2244, #5626 ) ;
#2608 = DIRECTION ( 'NONE',  ( 0.5469531862365775154, -0.01812711159347917336, -0.8369669168437504636 ) ) ;
#2609 = LINE ( 'NONE', #1303, #5729 ) ;
#2610 = DIRECTION ( 'NONE',  ( -0.5495945148342156195, 0.01876539135242333983, 0.8352207668344541203 ) ) ;
#2611 = VERTEX_POINT ( 'NONE', #4050 ) ;
#2612 = CARTESIAN_POINT ( 'NONE',  ( 0.6029325487138872397, 1.001714958337654560, 1.411210318359457982 ) ) ;
#2613 = ORIENTED_EDGE ( 'NONE', *, *, #3467, .T. ) ;
#2614 = ADVANCED_FACE ( 'NONE', ( #2537 ), #3476, .F. ) ;
#2615 = CARTESIAN_POINT ( 'NONE',  ( 0.5870790052573821027, 1.041803470265756815, 1.397129008636395220 ) ) ;
#2616 = APPLICATION_PROTOCOL_DEFINITION ( 'international standard', 'config_control_design', 1994, #4898 ) ;
#2617 = CARTESIAN_POINT ( 'NONE',  ( 0.5935049108474365065, 1.025423974081861367, 1.401725410298835461 ) ) ;
#2618 = CARTESIAN_POINT ( 'NONE',  ( 0.5953925030943498786, 1.034759598559016114, 1.413027210221713403 ) ) ;
#2619 = CARTESIAN_POINT ( 'NONE',  ( 0.6093757346867857416, 1.045714058346626452, 1.417908635935394512 ) ) ;
#2620 = EDGE_CURVE ( 'NONE', #2013, #263, #1778, .T. ) ;
#2621 = CARTESIAN_POINT ( 'NONE',  ( 0.6063324119686570590, 1.055439182393248077, 1.413614763709616584 ) ) ;
#2622 = CARTESIAN_POINT ( 'NONE',  ( 0.6183963097276463650, 1.039317008127481623, 1.413446483040323942 ) ) ;
#2623 = LINE ( 'NONE', #4080, #5260 ) ;
#2624 = CARTESIAN_POINT ( 'NONE',  ( 0.6057619633765950473, 1.059366995200482497, 1.412587519637395150 ) ) ;
#2625 = CIRCLE ( 'NONE', #3106, 0.0009999999999999800715 ) ;
#2626 = CARTESIAN_POINT ( 'NONE',  ( 0.6286578712074276654, 0.9799487503880963679, 1.414521859511451041 ) ) ;
#2627 = CARTESIAN_POINT ( 'NONE',  ( 0.6196779143838078152, 0.9954484560622809397, 1.432906985439403647 ) ) ;
#2629 = FACE_OUTER_BOUND ( 'NONE', #1849, .T. ) ;
#2628 = CARTESIAN_POINT ( 'NONE',  ( 0.5870607958653758507, 1.051623993505268695, 1.409485420529630550 ) ) ;
#2630 = CIRCLE ( 'NONE', #1370, 0.02099999999999995273 ) ;
#2631 = CYLINDRICAL_SURFACE ( 'NONE', #486, 0.001299999999999973486 ) ;
#2632 = ORIENTED_EDGE ( 'NONE', *, *, #4067, .F. ) ;
#2633 = CARTESIAN_POINT ( 'NONE',  ( 0.6247681169493011222, 0.9994659821429970892, 1.429825500420441209 ) ) ;
#2634 = CARTESIAN_POINT ( 'NONE',  ( 0.6405615533079959123, 0.9877878969189128888, 1.433535375612971841 ) ) ;
#2635 = CARTESIAN_POINT ( 'NONE',  ( 0.5963700206778703716, 1.023709145448686408, 1.410594213283754117 ) ) ;
#2636 = CARTESIAN_POINT ( 'NONE',  ( 0.5875521243333372556, 1.043130983088804697, 1.396730268788113571 ) ) ;
#2637 = CARTESIAN_POINT ( 'NONE',  ( 0.6291463474980349968, 1.007007780710885481, 1.425109982972976086 ) ) ;
#2638 = LINE ( 'NONE', #5487, #4463 ) ;
#2639 = CARTESIAN_POINT ( 'NONE',  ( 0.6040192358878380130, 1.008085333247702664, 1.421622673358732047 ) ) ;
#2640 = ORIENTED_EDGE ( 'NONE', *, *, #2594, .F. ) ;
#2641 =( BOUNDED_CURVE ( )  B_SPLINE_CURVE ( 3, ( #3767, #1567, #1507, #2021 ),
 .UNSPECIFIED., .F., .F. ) 
 B_SPLINE_CURVE_WITH_KNOTS ( ( 4, 4 ),
 ( 6.252279135163084867, 9.393871788752877094 ),
 .UNSPECIFIED. ) 
 CURVE ( )  GEOMETRIC_REPRESENTATION_ITEM ( )  RATIONAL_B_SPLINE_CURVE ( ( 1.000000000000000000, 0.3333333333333337034, 0.3333333333333337034, 1.000000000000000000 ) ) 
 REPRESENTATION_ITEM ( '' )  );
#2642 = CARTESIAN_POINT ( 'NONE',  ( 0.6035112781670175508, 0.9998990093960449244, 1.411631935660609516 ) ) ;
#2643 = CARTESIAN_POINT ( 'NONE',  ( 0.6088744765104033840, 0.9831805356594733869, 1.423973267332361736 ) ) ;
#2644 = CIRCLE ( 'NONE', #3030, 0.001499999999999958181 ) ;
#2645 = EDGE_LOOP ( 'NONE', ( #5040, #5011, #4941, #412 ) ) ;
#2646 = CARTESIAN_POINT ( 'NONE',  ( 0.5855152994815872036, 1.045409366243395421, 1.396019038430670545 ) ) ;
#2647 = APPROVAL_ROLE ( '' ) ;
#2648 = CARTESIAN_POINT ( 'NONE',  ( 0.6022062868255568802, 1.001432594226072448, 1.407990144545081312 ) ) ;
#2649 = CARTESIAN_POINT ( 'NONE',  ( 0.6050779516159591198, 0.9948587171937760543, 1.413592317725054004 ) ) ;
#2650 = VECTOR ( 'NONE', #5311, 1.000000000000000000 ) ;
#2651 = CARTESIAN_POINT ( 'NONE',  ( 0.6254444611873030135, 1.013063846970114090, 1.424394395368747457 ) ) ;
#2652 = ORIENTED_EDGE ( 'NONE', *, *, #2583, .T. ) ;
#2653 = CARTESIAN_POINT ( 'NONE',  ( 0.6140405381328750689, 1.045173452379442036, 1.415411022216731540 ) ) ;
#2654 = AXIS2_PLACEMENT_3D ( 'NONE', #2818, #2365, #4664 ) ;
#2655 = DIRECTION ( 'NONE',  ( -0.7626657353482539925, -0.4193492594255529005, -0.4924298678440893196 ) ) ;
#2656 = CARTESIAN_POINT ( 'NONE',  ( 0.6347283584200644757, 0.9674632516270678106, 1.418796898982093158 ) ) ;
#2657 = EDGE_CURVE ( 'NONE', #3153, #4608, #5747, .T. ) ;
#2658 = VECTOR ( 'NONE', #2590, 1.000000000000000000 ) ;
#2659 = CARTESIAN_POINT ( 'NONE',  ( 0.5869214477606886637, 1.044119027930536792, 1.397807020094118613 ) ) ;
#2661 = CARTESIAN_POINT ( 'NONE',  ( 0.6070410481487121812, 1.053261633641608519, 1.414131880821584364 ) ) ;
#2660 = CARTESIAN_POINT ( 'NONE',  ( 0.5873871952329364765, 1.050893418230195886, 1.409716613096522408 ) ) ;
#2662 = DIRECTION ( 'NONE',  ( -0.7512883676660403465, 0.4257273140144764434, -0.5043035224066118039 ) ) ;
#2663 = ORIENTED_EDGE ( 'NONE', *, *, #2321, .T. ) ;
#2664 = ORIENTED_EDGE ( 'NONE', *, *, #5812, .F. ) ;
#2665 = CARTESIAN_POINT ( 'NONE',  ( 0.6132874882640102498, 1.017345860483410691, 1.424691299939807587 ) ) ;
#2666 = EDGE_CURVE ( 'NONE', #3922, #1417, #5508, .T. ) ;
#2667 = CARTESIAN_POINT ( 'NONE',  ( 0.6023710513924761534, 1.083046624423383841, 1.407639216110407654 ) ) ;
#2668 = CARTESIAN_POINT ( 'NONE',  ( 0.6091154631758408655, 0.9865524585291254311, 1.422637864568532917 ) ) ;
#2669 = CARTESIAN_POINT ( 'NONE',  ( 0.6004981891824197060, 1.086377227549575331, 1.388811796186775860 ) ) ;
#2670 = CARTESIAN_POINT ( 'NONE',  ( 0.6147692578240808725, 0.9872347490976874917, 1.411750278797304192 ) ) ;
#2671 = CARTESIAN_POINT ( 'NONE',  ( 0.6063396007080285033, 0.9852059547545803930, 1.423367087317046087 ) ) ;
#2672 = CARTESIAN_POINT ( 'NONE',  ( 0.6488384458439505620, 0.9640150495837076505, 1.442526593333351093 ) ) ;
#2673 = EDGE_LOOP ( 'NONE', ( #5575, #3940, #692, #167 ) ) ;
#2674 = CARTESIAN_POINT ( 'NONE',  ( 0.6193389327774072584, 1.004275399829453574, 1.428641339780199582 ) ) ;
#2675 = CARTESIAN_POINT ( 'NONE',  ( 0.6035982914974208358, 0.9996218374526812944, 1.411695419820967912 ) ) ;
#2676 = CARTESIAN_POINT ( 'NONE',  ( 0.6160827253612216614, 0.9912302210705592476, 1.429866695348681160 ) ) ;
#2677 = ORIENTED_EDGE ( 'NONE', *, *, #5136, .F. ) ;
#2678 = CARTESIAN_POINT ( 'NONE',  ( 0.5892091128968161007, 1.036643269351143815, 1.398646605797041254 ) ) ;
#2679 = PLANE ( 'NONE',  #4013 ) ;
#2680 = CARTESIAN_POINT ( 'NONE',  ( 0.6205102866863584365, 0.9963602581630195409, 1.430343022486211479 ) ) ;
#2681 = DIRECTION ( 'NONE',  ( -0.3650397643841984396, -0.9046541402764898265, -0.2198791870526496106 ) ) ;
#2682 = B_SPLINE_CURVE_WITH_KNOTS ( 'NONE', 3,
 ( #1104, #740, #3527, #2498, #5290, #1136, #5711, #2950, #4924, #4801, #639, #4347 ),
 .UNSPECIFIED., .F., .F.,
 ( 4, 2, 2, 2, 2, 4 ),
 ( 0.000000000000000000, 0.008986473253077944048, 0.01010978240971305286, 0.01123309156634815995, 0.01347970987961837584, 0.01797294650615944428 ),
 .UNSPECIFIED. ) ;
#2683 = B_SPLINE_CURVE_WITH_KNOTS ( 'NONE', 3,
 ( #4023, #3563, #5761, #3938, #1663, #4907, #2542, #4390 ),
 .UNSPECIFIED., .F., .F.,
 ( 4, 2, 2, 4 ),
 ( 0.005080970329855175049, 0.01463059542522488453, 0.02418022052059459401, 0.04327947071133477625 ),
 .UNSPECIFIED. ) ;
#2684 = VERTEX_POINT ( 'NONE', #2626 ) ;
#2685 = CARTESIAN_POINT ( 'NONE',  ( 0.6294863323796398014, 1.011106867338201321, 1.421378129589268458 ) ) ;
#2686 = CARTESIAN_POINT ( 'NONE',  ( 0.6087294162524079510, 1.085952766000053638, 1.399026822888575383 ) ) ;
#2687 = CARTESIAN_POINT ( 'NONE',  ( 0.6298091871199121838, 1.007166297395286181, 1.424774342534918636 ) ) ;
#2688 = B_SPLINE_SURFACE_WITH_KNOTS ( 'NONE', 3, 3, ( 
 ( #3011, #3099, #4043, #1740, #309, #4922, #2979, #790, #1712, #3552, #4862, #2137, #3925, #3464, #2080, #705, #4408, #5893, #339, #5288, #5867, #1253, #5381, #5317, #1624, #2527, #1134, #5408, #4949, #255, #4433, #5779, #1650, #2648, #2197, #1681, #4459, #3496, #4493, #2166, #4830, #2561, #3954, #4378, #1224, #671, #2111, #1166, #5808, #5349, #1198, #3047, #4893, #738, #2591, #282, #3981, #5837, #3524, #3074, #763, #2617, #4011, #2884, #5283, #2433, #4765, #2076, #2043, #2523, #2944, #1097 ),
 ( #2464, #3921, #4796, #219, #5187, #634, #1496, #3884, #1036, #4252, #5741, #4735, #185, #542, #4373, #1588, #5676, #2403, #5774, #3821, #3006, #1162, #3430, #2494, #1527, #4312, #4342, #153, #1619, #2910, #570, #5313, #3460, #1130, #5249, #2975, #1063, #4826, #2012, #602, #667, #3365, #90, #1948, #4283, #3789, #5647, #3337, #121, #1982, #5217, #3851, #5706, #1557, #3396, #5889, #1736, #3521, #3126, #1766, #4942, #5863, #5463, #2222, #2161, #3608, #4918, #3577, #3070, #1307, #3043, #2557 ),
 ( #1193, #2106, #4857, #4977, #821, #5833, #4007, #5345, #1220, #365, #5915, #1247, #4038, #759, #2675, #2642, #786, #1708, #277, #4520, #4488, #3949, #5804, #4890, #4069, #700, #734, #334, #5403, #5430, #2192, #2612, #5377, #4404, #251, #1646, #4428, #3547, #3491, #1677, #2587, #1274, #2133, #4454, #3975, #305, #3094, #5547, #3697, #5947, #4100, #2706, #5062, #509, #1399, #2822, #1799, #3242, #3641, #480, #5491, #852, #2338, #1337, #2790, #3155, #968, #4188, #2283, #5004, #4668, #426 ),
 ( #5090, #5031, #882, #392, #4220, #938, #5579, #5605, #3185, #4638, #2309, #2370, #5976, #1428, #57, #4548, #28, #2733, #1884, #3727, #4581, #3271, #4133, #1826, #1912, #915, #3752, #5118, #2252, #6003, #3669, #5519, #1366, #1852, #3213, #2765, #4610, #453, #4159, #4306, #2515, #3386, #2033, #5181, #112, #537, #1549, #2853, #1029, #3780, #3331, #1488, #1578, #5732, #1973, #3357, #1940, #1454, #2877, #659, #146, #2967, #2456, #4729, #4701, #4757, #626, #5669, #83, #1519, #5210, #2934 ),
 ( #4245, #2397, #997, #1056, #4818, #3843, #1122, #5637, #5697, #563, #4788, #2424, #5149, #2486, #4275, #1086, #3299, #5273, #4334, #3814, #2901, #4363, #592, #3909, #2068, #177, #5238, #2004, #3873, #3421, #209, #813, #2127, #2097, #4514, #3568, #328, #4448, #1239, #271, #780, #3515, #3968, #2155, #2579, #1611, #3452, #3484, #298, #1155, #5826, #1671, #5423, #5857, #3942, #5337, #1267, #357, #2215, #2635, #5396, #5306, #3119, #2186, #4031, #1185, #2606, #4396, #5796, #2548, #3032, #4882 ),
 ( #5882, #1728, #1701, #3999, #2668, #3541, #4967, #726, #4422, #4849, #3088, #2999, #5368, #1639, #1214, #3063, #5766, #691, #4911, #752, #242, #4936, #4480, #3265, #905, #5571, #5053, #5938, #5454, #1357, #3235, #2276, #2699, #4126, #1819, #5539, #4541, #1790, #933, #2725, #4060, #4091, #4661, #4602, #474, #2243, #5907, #1756, #5111, #5511, #3206, #20, #3601, #2756, #1845, #502, #5997, #1876, #1299, #1421, #962, #3148, #1330, #446, #2302, #3634, #5484, #4998, #2815, #4152, #2333, #843 ),
 ( #4632, #3691, #1390, #4572, #5083, #3662, #417, #2784, #873, #384, #3177, #5023, #4180, #5969, #3720, #557, #172, #2450, #531, #78, #2028, #1117, #4812, #3380, #1999, #49, #3867, #4783, #621, #1935, #5204, #991, #2390, #5142, #3773, #1481, #2961, #3415, #2361, #2928, #4329, #4300, #4239, #4694, #5600, #4213, #2480, #5723, #3324, #1513, #2846, #4722, #1573, #5267, #4750, #1544, #2419, #140, #3352, #5631, #1905, #3837, #1449, #3293, #5175, #3747, #1023, #2872, #5692, #2897, #1081, #5232 ) ),
 .UNSPECIFIED., .F., .F., .F.,
 ( 4, 3, 4 ),
 ( 4, 3, 1, 1, 1, 1, 1, 1, 1, 1, 1, 1, 1, 1, 1, 1, 1, 1, 1, 1, 1, 1, 1, 1, 1, 1, 1, 1, 1, 1, 1, 1, 1, 1, 1, 1, 1, 1, 1, 1, 1, 1, 1, 1, 1, 1, 1, 1, 1, 1, 1, 1, 1, 1, 1, 1, 2, 1, 1, 1, 1, 1, 1, 3, 4 ),
 ( -0.05146255606314409370, 0.2928932187591780090, 1.000000000000000000 ),
 ( 2.569921467756182132, 2.867870329746180058, 2.933073060561549816, 2.998275791376910249, 3.128681253007630225, 3.259086714638359972, 3.280820958243479968, 3.302555201848599964, 3.313422323651159740, 3.318855884552440294, 3.324289445453719960, 3.335156567256280180, 3.340590128157559846, 3.346023689058839956, 3.351457249960119622, 3.354174030410759677, 3.356890810861399732, 3.362324371762679842, 3.367757932663969722, 3.370474713114609777, 3.373191493565249832, 3.374549883790570082, 3.375908274015889887, 3.378625054466529942, 3.381341834917169997, 3.382700225142489803, 3.384058615367810052, 3.385417005593129858, 3.386775395818450107, 3.389492176269090162, 3.405792858972930048, 3.413943200324849769, 3.422093541676769934, 3.438394224380610265, 3.454694907084449707, 3.458770077760410011, 3.460807663098389941, 3.462845248436369872, 3.466920419112330176, 3.467939211781319919, 3.468193909948570131, 3.468448608115819898, 3.468958004450310106, 3.470995589788290037, 3.475070760464249897, 3.477108345802229827, 3.479145931140210202, 3.483221101816170062, 3.485258687154149992, 3.486277479823140180, 3.487296272492129923, 3.491371443168089783, 3.495446613844050088, 3.503596955195969809, 3.507672125871930113, 3.511747296547889974, 3.519897637899810139, 3.529867107220790334, 3.534851841881279988, 3.539836576541769642, 3.559775515183730032, 3.579714453825700193, 3.599653392467659696, 3.619592331109620087, 3.647693695853384988 ),
 .UNSPECIFIED. ) ;
#2689 = DIRECTION ( 'NONE',  ( -0.3650397643841969963, -0.9046541402764899376, -0.2198791870526518588 ) ) ;
#2690 = CARTESIAN_POINT ( 'NONE',  ( 0.5884171273302145622, 1.048545672999355638, 1.410447080313807833 ) ) ;
#2691 = FACE_OUTER_BOUND ( 'NONE', #1589, .T. ) ;
#2692 = EDGE_CURVE ( 'NONE', #4234, #54, #3927, .T. ) ;
#2693 = ORIENTED_EDGE ( 'NONE', *, *, #2367, .T. ) ;
#2694 = EDGE_CURVE ( 'NONE', #3443, #5891, #4959, .T. ) ;
#2695 = VERTEX_POINT ( 'NONE', #5817 ) ;
#2696 = CARTESIAN_POINT ( 'NONE',  ( 0.5961597140397538741, 1.082306384549474476, 1.409139288374149590 ) ) ;
#2697 = CARTESIAN_POINT ( 'NONE',  ( 0.6054849527459469360, 1.062770679129119600, 1.411518090721559648 ) ) ;
#2698 = B_SPLINE_CURVE_WITH_KNOTS ( 'NONE', 3,
 ( #654, #1607, #2000, #203 ),
 .UNSPECIFIED., .F., .F.,
 ( 4, 4 ),
 ( 5.965812122988058519, 19.14960037308988916 ),
 .UNSPECIFIED. ) ;
#2699 = CARTESIAN_POINT ( 'NONE',  ( 0.6041922576897178487, 1.004273080398593310, 1.419000142357100369 ) ) ;
#2700 = PLANE ( 'NONE',  #4665 ) ;
#2701 = LINE ( 'NONE', #4543, #1781 ) ;
#2702 = CARTESIAN_POINT ( 'NONE',  ( 0.6060792703461642672, 0.9844765017727220568, 1.423017818246681943 ) ) ;
#2703 = CARTESIAN_POINT ( 'NONE',  ( 0.6027133200338298247, 1.037997266879941760, 1.418395768623530895 ) ) ;
#2704 = VERTEX_POINT ( 'NONE', #2659 ) ;
#2705 = CARTESIAN_POINT ( 'NONE',  ( 0.6166122428440246050, 0.9935598087062749162, 1.425389636878673150 ) ) ;
#2706 = CARTESIAN_POINT ( 'NONE',  ( 0.5993336176646714142, 1.012198698548583353, 1.408606594484090646 ) ) ;
#2707 = CARTESIAN_POINT ( 'NONE',  ( 0.6081016314655927069, 0.9802193776697084582, 1.422751640821675156 ) ) ;
#2708 = CARTESIAN_POINT ( 'NONE',  ( 0.5810253018543524162, 1.054852715420183662, 1.392852347280794989 ) ) ;
#2709 = APPROVAL_DATE_TIME ( #308, #128 ) ;
#2710 = CARTESIAN_POINT ( 'NONE',  ( 0.6363786574743067748, 0.9920092338442513258, 1.431406195756814714 ) ) ;
#2711 = CARTESIAN_POINT ( 'NONE',  ( 0.6068235892406009802, 0.9936978789137537182, 1.406856208578302292 ) ) ;
#2712 = ORIENTED_EDGE ( 'NONE', *, *, #2428, .T. ) ;
#2713 = CARTESIAN_POINT ( 'NONE',  ( 0.6126857828937037898, 1.037089597330294710, 1.418209148651797369 ) ) ;
#2714 = DIRECTION ( 'NONE',  ( 0.5495945148342156195, -0.01876539135242259390, -0.8352207668344541203 ) ) ;
#2715 = CARTESIAN_POINT ( 'NONE',  ( 0.5304943019211788569, 1.081229368067107677, 1.434127222450077177 ) ) ;
#2716 = DIRECTION ( 'NONE',  ( -0.5495945148342153974, 0.01876539135242232328, 0.8352207668344542313 ) ) ;
#2717 = CARTESIAN_POINT ( 'NONE',  ( 0.5913467726843076866, 1.039225486148255273, 1.409762221105213431 ) ) ;
#2718 = CARTESIAN_POINT ( 'NONE',  ( 0.6185292738435801407, 1.038947408216560842, 1.413542091379047294 ) ) ;
#2719 = AXIS2_PLACEMENT_3D ( 'NONE', #4649, #1440, #980 ) ;
#2720 = ORIENTED_EDGE ( 'NONE', *, *, #1725, .T. ) ;
#2721 = CIRCLE ( 'NONE', #4374, 0.001299999999999973486 ) ;
#2722 = VERTEX_POINT ( 'NONE', #4387 ) ;
#2723 = CARTESIAN_POINT ( 'NONE',  ( 0.6297837341428040858, 0.9806239013391062631, 1.415247534262352502 ) ) ;
#2724 = CARTESIAN_POINT ( 'NONE',  ( 0.6037547387461459358, 1.076711356158709387, 1.408692052441889775 ) ) ;
#2725 = CARTESIAN_POINT ( 'NONE',  ( 0.6024212227808181108, 1.009563421283002693, 1.417715899398609869 ) ) ;
#2726 = DIRECTION ( 'NONE',  ( -0.5495945148342156195, 0.01876539135242259390, 0.8352207668344541203 ) ) ;
#2727 = CARTESIAN_POINT ( 'NONE',  ( 0.6117738059529993500, 0.9873370260038810686, 1.416302477811763216 ) ) ;
#2728 = CARTESIAN_POINT ( 'NONE',  ( 0.6052368029002709315, 0.9738220768620312606, 1.419609641121517107 ) ) ;
#2729 = CYLINDRICAL_SURFACE ( 'NONE', #4487, 0.01000000000000003490 ) ;
#2730 = ORIENTED_EDGE ( 'NONE', *, *, #2810, .T. ) ;
#2731 = ADVANCED_FACE ( 'NONE', ( #3506 ), #1381, .F. ) ;
#2732 = CARTESIAN_POINT ( 'NONE',  ( 0.6370296627826584901, 0.9630005843830651280, 1.435310974965818165 ) ) ;
#2733 = CARTESIAN_POINT ( 'NONE',  ( 0.6036569793807651241, 1.000721496551758349, 1.413083641515407107 ) ) ;
#2734 = CIRCLE ( 'NONE', #4282, 0.0009999999999999800715 ) ;
#2735 = CARTESIAN_POINT ( 'NONE',  ( 0.6097652582746849736, 0.9678576579605563390, 1.420627822328639711 ) ) ;
#2736 = CARTESIAN_POINT ( 'NONE',  ( 0.5866572443467569231, 1.043865964857299877, 1.398179451365258341 ) ) ;
#2737 = CARTESIAN_POINT ( 'NONE',  ( 0.6095814983599736614, 1.017936053109578243, 1.425061448405389841 ) ) ;
#2738 = LINE ( 'NONE', #3731, #3907 ) ;
#2739 = AXIS2_PLACEMENT_3D ( 'NONE', #4732, #3730, #1522 ) ;
#2740 = ORIENTED_EDGE ( 'NONE', *, *, #3553, .F. ) ;
#2741 = CARTESIAN_POINT ( 'NONE',  ( 0.5857364326979659364, 1.048083469622250519, 1.400227399733626754 ) ) ;
#2742 = ORIENTED_EDGE ( 'NONE', *, *, #616, .F. ) ;
#2743 = ADVANCED_FACE ( 'NONE', ( #2205 ), #745, .F. ) ;
#2744 = CARTESIAN_POINT ( 'NONE',  ( 0.6205939244621949680, 1.016465148781519279, 1.423876607533793415 ) ) ;
#2745 = CARTESIAN_POINT ( 'NONE',  ( 0.5902038852945664660, 1.039835059652392424, 1.394883122824772448 ) ) ;
#2746 = AXIS2_PLACEMENT_3D ( 'NONE', #404, #2832, #2264 ) ;
#2747 = CARTESIAN_POINT ( 'NONE',  ( 0.6314735901725966327, 1.007251663578716316, 1.422772188948236316 ) ) ;
#2748 = VECTOR ( 'NONE', #2800, 1.000000000000000000 ) ;
#2749 = FACE_OUTER_BOUND ( 'NONE', #1602, .T. ) ;
#2750 = CARTESIAN_POINT ( 'NONE',  ( 0.5918269337659523011, 1.038014279287740038, 1.410105391053610768 ) ) ;
#2751 = VERTEX_POINT ( 'NONE', #3591 ) ;
#2752 = CC_DESIGN_APPROVAL ( #494, ( #4206 ) ) ;
#2753 = ORIENTED_EDGE ( 'NONE', *, *, #2620, .F. ) ;
#2754 = CARTESIAN_POINT ( 'NONE',  ( 0.5674838710754210869, 1.093235557680708014, 1.388468346721583035 ) ) ;
#2755 = CARTESIAN_POINT ( 'NONE',  ( 0.6090311865677163761, 1.056749543958105608, 1.412612570379922827 ) ) ;
#2756 = CARTESIAN_POINT ( 'NONE',  ( 0.6002926867866795746, 1.015569640665918261, 1.416180328427193214 ) ) ;
#2757 = CARTESIAN_POINT ( 'NONE',  ( 0.6289584791924289764, 0.9741561688312015965, 1.422033541223229447 ) ) ;
#2758 = DIRECTION ( 'NONE',  ( 0.3650397643841971074, 0.9046541402764898265, 0.2198791870526519143 ) ) ;
#2759 = CARTESIAN_POINT ( 'NONE',  ( 0.6346918467233364503, 1.007141779214849597, 1.417881392858341361 ) ) ;
#2760 = CARTESIAN_POINT ( 'NONE',  ( 0.5841677232574560286, 1.044142717847912349, 1.383804033496954355 ) ) ;
#2761 = ORIENTED_EDGE ( 'NONE', *, *, #4250, .T. ) ;
#2762 = EDGE_CURVE ( 'NONE', #2788, #2912, #3990, .T. ) ;
#2763 = CARTESIAN_POINT ( 'NONE',  ( 0.6185259631216000198, 0.9946120615399279830, 1.426625267351761872 ) ) ;
#2764 = B_SPLINE_CURVE_WITH_KNOTS ( 'NONE', 3,
 ( #3965, #1665, #2962, #3939 ),
 .UNSPECIFIED., .F., .F.,
 ( 4, 4 ),
 ( 8.940582242814470629E-06, 0.0002913818536651746356 ),
 .UNSPECIFIED. ) ;
#2765 = CARTESIAN_POINT ( 'NONE',  ( 0.6027166047867894560, 1.003634632136888971, 1.412399402245086533 ) ) ;
#2766 = CARTESIAN_POINT ( 'NONE',  ( 0.6064787527000201628, 1.059378342778865001, 1.405326626865580408 ) ) ;
#2767 = CARTESIAN_POINT ( 'NONE',  ( 0.5908545369520994406, 1.033613140530897478, 1.401171722814011478 ) ) ;
#2768 = CARTESIAN_POINT ( 'NONE',  ( 0.6381974503446975477, 0.9910275024282251266, 1.431090809268157571 ) ) ;
#2769 = CARTESIAN_POINT ( 'NONE',  ( 0.6325316834793403009, 0.9550519694270420690, 1.431997443512624146 ) ) ;
#2770 = ORIENTED_EDGE ( 'NONE', *, *, #279, .F. ) ;
#2771 = CARTESIAN_POINT ( 'NONE',  ( 0.5877548847685369893, 1.043456860320201018, 1.401659536443018661 ) ) ;
#2772 = ORIENTED_EDGE ( 'NONE', *, *, #4027, .T. ) ;
#2773 = DIRECTION ( 'NONE',  ( 0.5495945148342156195, -0.01876539135242259390, -0.8352207668344541203 ) ) ;
#2774 = FACE_BOUND ( 'NONE', #5757, .T. ) ;
#2775 = FACE_OUTER_BOUND ( 'NONE', #4522, .T. ) ;
#2776 = CARTESIAN_POINT ( 'NONE',  ( 0.6087910533144262892, 1.040515753622254680, 1.407275089341224694 ) ) ;
#2777 = EDGE_CURVE ( 'NONE', #3886, #1309, #3712, .T. ) ;
#2778 = DIRECTION ( 'NONE',  ( 0.7505752902509679192, 0.4501006340066093236, 0.4837831672676545791 ) ) ;
#2779 = CARTESIAN_POINT ( 'NONE',  ( 0.6165167640467174026, 1.003246474075223826, 1.428757764160845767 ) ) ;
#2780 = VERTEX_POINT ( 'NONE', #4596 ) ;
#2781 = ORIENTED_EDGE ( 'NONE', *, *, #3864, .T. ) ;
#2782 = CARTESIAN_POINT ( 'NONE',  ( 0.6086704322791001154, 0.9855406530415636857, 1.420284558618448267 ) ) ;
#2783 = CARTESIAN_POINT ( 'NONE',  ( 0.6014912011448700913, 1.079656144516607963, 1.408510734535665998 ) ) ;
#2784 = CARTESIAN_POINT ( 'NONE',  ( 0.6077896547300090102, 0.9950638745251270123, 1.424396256553952522 ) ) ;
#2785 = CARTESIAN_POINT ( 'NONE',  ( 0.6053599758156549271, 1.053993259284005557, 1.415226382888899126 ) ) ;
#2786 = CARTESIAN_POINT ( 'NONE',  ( 0.6048492962599042455, 1.010860271922633391, 1.419711949576329069 ) ) ;
#2787 = DIRECTION ( 'NONE',  ( -0.5495945148342156195, 0.01876539135242259390, 0.8352207668344541203 ) ) ;
#2788 = VERTEX_POINT ( 'NONE', #3625 ) ;
#2789 = CARTESIAN_POINT ( 'NONE',  ( 0.6389765592724150345, 0.9670362282024071998, 1.436859305239604367 ) ) ;
#2790 = CARTESIAN_POINT ( 'NONE',  ( 0.5887166322544336028, 1.039726380697622909, 1.401001892917380420 ) ) ;
#2791 = CARTESIAN_POINT ( 'NONE',  ( 0.5820339214499815617, 1.097284775287411307, 1.397369360384940196 ) ) ;
#2792 = CARTESIAN_POINT ( 'NONE',  ( 0.5911881148824905674, 1.032757368144721299, 1.401410451917100675 ) ) ;
#2793 = DATE_AND_TIME ( #4671, #5954 ) ;
#2794 = CARTESIAN_POINT ( 'NONE',  ( 0.6403840906032202129, 0.9896824713329308576, 1.430529328727535354 ) ) ;
#2795 = CARTESIAN_POINT ( 'NONE',  ( 0.6190035734829333336, 0.9545402893758333507, 1.423806365350928527 ) ) ;
#2796 = ADVANCED_FACE ( 'NONE', ( #4083, #2268 ), #3196, .T. ) ;
#2797 = ORIENTED_EDGE ( 'NONE', *, *, #390, .T. ) ;
#2798 = CARTESIAN_POINT ( 'NONE',  ( 0.5871532355647135493, 1.044863142722417759, 1.401232041634359549 ) ) ;
#2799 = VERTEX_POINT ( 'NONE', #5503 ) ;
#2800 = DIRECTION ( 'NONE',  ( -0.5495945148342156195, 0.01876539135242259390, 0.8352207668344541203 ) ) ;
#2801 = CARTESIAN_POINT ( 'NONE',  ( 0.5993231413214487047, 1.057132584224380834, 1.410242605761839130 ) ) ;
#2802 = B_SPLINE_CURVE_WITH_KNOTS ( 'NONE', 3,
 ( #1533, #5888, #1139, #2983 ),
 .UNSPECIFIED., .F., .F.,
 ( 4, 4 ),
 ( 0.7701578762307895731, 1.000000000000000000 ),
 .UNSPECIFIED. ) ;
#2803 = CARTESIAN_POINT ( 'NONE',  ( 0.6255384366529666007, 0.9796488811943586672, 1.422652887076034656 ) ) ;
#2804 = CARTESIAN_POINT ( 'NONE',  ( 0.5955726209283551675, 1.026398950603196747, 1.398718184231324990 ) ) ;
#2805 = PRODUCT_RELATED_PRODUCT_CATEGORY ( 'detail', '', ( #1281 ) ) ;
#2806 = ADVANCED_FACE ( 'NONE', ( #408 ), #5990, .F. ) ;
#2807 = CARTESIAN_POINT ( 'NONE',  ( 0.5880088876301331480, 1.043400103954706948, 1.403095259768313063 ) ) ;
#2808 = CARTESIAN_POINT ( 'NONE',  ( 0.5886661519867905090, 1.042032813472152597, 1.403763947571743387 ) ) ;
#2809 = ORIENTED_EDGE ( 'NONE', *, *, #5625, .T. ) ;
#2810 = EDGE_CURVE ( 'NONE', #4304, #797, #5563, .T. ) ;
#2811 = ORIENTED_EDGE ( 'NONE', *, *, #888, .T. ) ;
#2812 = DIRECTION ( 'NONE',  ( -0.3650397643841978290, -0.9046541402764898265, -0.2198791870526504155 ) ) ;
#2813 = CARTESIAN_POINT ( 'NONE',  ( 0.6174231703208743482, 1.008028127743938906, 1.427622020980427120 ) ) ;
#2815 = CARTESIAN_POINT ( 'NONE',  ( 0.5784535354704227750, 1.066248232642214910, 1.400671038071815921 ) ) ;
#2814 = CARTESIAN_POINT ( 'NONE',  ( 0.5781653477787221940, 1.065003944912250367, 1.397687324625638938 ) ) ;
#2816 = CARTESIAN_POINT ( 'NONE',  ( 0.6069635826459034433, 0.9716023635924262436, 1.417570817951060880 ) ) ;
#2817 = CARTESIAN_POINT ( 'NONE',  ( 0.6347959342716147368, 0.9337293746940231731, 1.424388437058344392 ) ) ;
#2818 = CARTESIAN_POINT ( 'NONE',  ( 0.6527432565915434193, 0.9648933058401711893, 1.434300722369848957 ) ) ;
#2819 = ORIENTED_EDGE ( 'NONE', *, *, #4394, .T. ) ;
#2820 = VECTOR ( 'NONE', #4257, 1.000000000000000000 ) ;
#2821 = CARTESIAN_POINT ( 'NONE',  ( 0.6237915585771278693, 0.9563505180729225952, 1.426821578714995598 ) ) ;
#2822 = CARTESIAN_POINT ( 'NONE',  ( 0.5981630469907160963, 1.015409193924775799, 1.407764199931967886 ) ) ;
#2823 = CARTESIAN_POINT ( 'NONE',  ( 0.6185684881349654551, 0.9920616236952418676, 1.431304003712751127 ) ) ;
#2824 = CARTESIAN_POINT ( 'NONE',  ( 0.5866791822273755841, 1.043815153741556534, 1.398195028599259038 ) ) ;
#2825 = VECTOR ( 'NONE', #3425, 1.000000000000000000 ) ;
#2826 = PLANE ( 'NONE',  #2352 ) ;
#2827 = CARTESIAN_POINT ( 'NONE',  ( 0.6199125848219684265, 0.9954271987259586396, 1.432364912067081386 ) ) ;
#2828 = CARTESIAN_POINT ( 'NONE',  ( 0.5872648561908373477, 1.044604194801208585, 1.401311308512735110 ) ) ;
#2829 = ORIENTED_EDGE ( 'NONE', *, *, #169, .T. ) ;
#2830 = CARTESIAN_POINT ( 'NONE',  ( 0.6055319096260970424, 1.053128602337465303, 1.414469746067898992 ) ) ;
#2831 = CARTESIAN_POINT ( 'NONE',  ( 0.6205102866863584365, 0.9963602581630195409, 1.430343022486211479 ) ) ;
#2832 = DIRECTION ( 'NONE',  ( 0.3410085708451546793, -0.9076310146235807563, 0.2447837737749674614 ) ) ;
#2833 = CARTESIAN_POINT ( 'NONE',  ( 0.5837731828998573569, 1.098303172049876375, 1.399085227852919111 ) ) ;
#2834 =( BOUNDED_SURFACE ( )  B_SPLINE_SURFACE ( 3, 2, ( 
 ( #1451, #2899, #5694 ),
 ( #3776, #3382, #143 ),
 ( #1546, #2848, #1515 ),
 ( #3749, #4271, #2786 ),
 ( #4724, #533, #3839 ),
 ( #2392, #4241, #504 ),
 ( #108, #2001, #5113 ),
 ( #4634, #964, #1969 ) ),
 .UNSPECIFIED., .F., .F., .F. ) 
 B_SPLINE_SURFACE_WITH_KNOTS ( ( 4, 2, 2, 4 ),
 ( 3, 3 ),
 ( 0.004871795535996007939, 0.01495478896926453333, 0.02503778240253306045, 0.04520376926907011123 ),
 ( 0.000000000000000000, 1.000000000000000000 ),
 .UNSPECIFIED. ) 
 GEOMETRIC_REPRESENTATION_ITEM ( )  RATIONAL_B_SPLINE_SURFACE ( (
 ( 1.000000000000000000, 0.7071067811866001973, 1.000000000000000000),
 ( 1.000000000000000000, 0.7071067811866001973, 1.000000000000000000),
 ( 1.000000000000000000, 0.7071067811865454633, 1.000000000000000000),
 ( 1.000000000000000000, 0.7071067811865454633, 1.000000000000000000),
 ( 1.000000000000000000, 0.7071067811865827668, 1.000000000000000000),
 ( 1.000000000000000000, 0.7071067811865827668, 1.000000000000000000),
 ( 1.000000000000000000, 0.7071067811864472086, 1.000000000000000000),
 ( 1.000000000000000000, 0.7071067811864472086, 1.000000000000000000) ) ) 
 REPRESENTATION_ITEM ( '' )  SURFACE ( )  );
#2835 = CARTESIAN_POINT ( 'NONE',  ( 0.6085657895736205081, 1.058855918175228172, 1.412259003295122550 ) ) ;
#2836 = EDGE_CURVE ( 'NONE', #4111, #1962, #1968, .T. ) ;
#2837 = CARTESIAN_POINT ( 'NONE',  ( 0.5913269997339225537, 1.041562451067298056, 1.412518739536269718 ) ) ;
#2838 = VECTOR ( 'NONE', #1642, 1.000000000000000000 ) ;
#2839 = ADVANCED_FACE ( 'NONE', ( #1414 ), #5928, .F. ) ;
#2840 = EDGE_LOOP ( 'NONE', ( #2134, #4185, #1893, #2900 ) ) ;
#2841 = AXIS2_PLACEMENT_3D ( 'NONE', #5501, #2714, #4560 ) ;
#2842 = EDGE_LOOP ( 'NONE', ( #4599, #4578, #2160, #2712, #336, #4429, #976, #735, #101, #516, #4591, #1113, #3482, #5405, #4453, #2513, #5106, #3320 ) ) ;
#2843 = DIRECTION ( 'NONE',  ( 0.7634921837107437881, 0.4164058806629341025, 0.4936454476260527802 ) ) ;
#2844 = CARTESIAN_POINT ( 'NONE',  ( 0.6078384685304353274, 1.040707619891861224, 1.417758801672455604 ) ) ;
#2846 = CARTESIAN_POINT ( 'NONE',  ( 0.6013429055428463066, 1.015085718764673572, 1.419704304569354703 ) ) ;
#2845 = CARTESIAN_POINT ( 'NONE',  ( 0.5877227664511937011, 1.045746925708549213, 1.404408985057145287 ) ) ;
#2847 = CARTESIAN_POINT ( 'NONE',  ( 0.6077978819116746090, 1.054461046127092905, 1.413581173323914975 ) ) ;
#2848 = CARTESIAN_POINT ( 'NONE',  ( 0.6061366929480305199, 1.004273328365523188, 1.420707078966296555 ) ) ;
#2849 = VECTOR ( 'NONE', #2773, 1.000000000000000000 ) ;
#2850 = ORIENTED_EDGE ( 'NONE', *, *, #1547, .F. ) ;
#2851 = ADVANCED_FACE ( 'NONE', ( #2749 ), #440, .T. ) ;
#2852 = DIRECTION ( 'NONE',  ( -0.3385274322565194893, 0.9089894737290771243, -0.2431816486899106011 ) ) ;
#2853 = CARTESIAN_POINT ( 'NONE',  ( 0.6004620021629791804, 1.010228446755622400, 1.410767674681406403 ) ) ;
#2854 = CARTESIAN_POINT ( 'NONE',  ( 0.6267537635082599534, 0.9915800633730081914, 1.435104922570268782 ) ) ;
#2855 = CARTESIAN_POINT ( 'NONE',  ( 0.5864750166013126265, 1.044286816608239299, 1.398050085787383434 ) ) ;
#2856 = CARTESIAN_POINT ( 'NONE',  ( 0.6180079410466128298, 0.9952012237830452079, 1.431117038556666721 ) ) ;
#2857 = CARTESIAN_POINT ( 'NONE',  ( 0.6064370493542787788, 0.9893560799254169646, 1.413794034671317812 ) ) ;
#2858 = ORIENTED_EDGE ( 'NONE', *, *, #3066, .F. ) ;
#2859 = CARTESIAN_POINT ( 'NONE',  ( 0.6055173881701961802, 1.052963915435742859, 1.414479651708473895 ) ) ;
#2860 = CARTESIAN_POINT ( 'NONE',  ( 0.6169219887656669510, 1.003148327423927899, 1.427829328245862950 ) ) ;
#2861 = LINE ( 'NONE', #3435, #3135 ) ;
#2862 = CARTESIAN_POINT ( 'NONE',  ( 0.6044559689291361115, 1.002101401191721308, 1.405109645379433392 ) ) ;
#2863 = LINE ( 'NONE', #2500, #116 ) ;
#2864 = CARTESIAN_POINT ( 'NONE',  ( 0.5974818932685683759, 1.025450523057678476, 1.416930797409946319 ) ) ;
#2865 = LINE ( 'NONE', #5716, #1174 ) ;
#2866 = EDGE_LOOP ( 'NONE', ( #459, #2677, #1609, #4340 ) ) ;
#2867 = ORIENTED_EDGE ( 'NONE', *, *, #3424, .T. ) ;
#2868 = CARTESIAN_POINT ( 'NONE',  ( 0.6344592100099067933, 0.9969948527964460627, 1.429928753691460441 ) ) ;
#2869 = EDGE_CURVE ( 'NONE', #2023, #3695, #5076, .T. ) ;
#2870 = CARTESIAN_POINT ( 'NONE',  ( 0.6248170983598518857, 0.9997543466138698598, 1.429851252465018652 ) ) ;
#2872 = CARTESIAN_POINT ( 'NONE',  ( 0.5802493361122421645, 1.065105128302644477, 1.404700434514698282 ) ) ;
#2871 = CARTESIAN_POINT ( 'NONE',  ( 0.5819714528463567627, 1.058049251564231241, 1.400348084629116308 ) ) ;
#2873 = CARTESIAN_POINT ( 'NONE',  ( 0.5902974230793610610, 1.048078741204139686, 1.391254204132924777 ) ) ;
#2874 = DIRECTION ( 'NONE',  ( 0.5495945148342159525, -0.01876539135242344392, -0.8352207668344540092 ) ) ;
#2875 = VERTEX_POINT ( 'NONE', #5532 ) ;
#2876 = DIRECTION ( 'NONE',  ( 0.5495945148342156195, -0.01876539135242261125, -0.8352207668344542313 ) ) ;
#2877 = CARTESIAN_POINT ( 'NONE',  ( 0.5964358916744253447, 1.021181912605020559, 1.407872303289814386 ) ) ;
#2878 = DIRECTION ( 'NONE',  ( -0.5495945148342156195, 0.01876539135242333983, 0.8352207668344541203 ) ) ;
#2879 = CARTESIAN_POINT ( 'NONE',  ( 0.5897486252393737693, 1.037525653309200546, 1.401730413110768625 ) ) ;
#2880 = CARTESIAN_POINT ( 'NONE',  ( 0.6289584743846630133, 0.9741561816275882135, 1.422033537772104950 ) ) ;
#2881 = CARTESIAN_POINT ( 'NONE',  ( 0.6149550203162484907, 0.9569655569175790077, 1.421717541716481126 ) ) ;
#2882 = VERTEX_POINT ( 'NONE', #1865 ) ;
#2883 = B_SPLINE_CURVE_WITH_KNOTS ( 'NONE', 3,
 ( #4886, #4852, #3970, #3456, #1125, #2100, #273, #2637, #3423, #3090, #5309, #3036 ),
 .UNSPECIFIED., .F., .F.,
 ( 4, 2, 2, 2, 2, 4 ),
 ( 7.364386412590295383E-16, 0.001954412440784230286, 0.002931618661175910447, 0.003908824881567589740, 0.005863237322351694258, 0.007817649763135800511 ),
 .UNSPECIFIED. ) ;
#2884 = CARTESIAN_POINT ( 'NONE',  ( 0.5907794560570323039, 1.032394517058607519, 1.399775386981880532 ) ) ;
#2885 = EDGE_LOOP ( 'NONE', ( #5312, #186 ) ) ;
#2886 = CARTESIAN_POINT ( 'NONE',  ( 0.6068235892406009802, 0.9936978789137537182, 1.406856208578302292 ) ) ;
#2887 = DIRECTION ( 'NONE',  ( 0.7623873706702107844, 0.4193587068394460937, 0.4928526879712744058 ) ) ;
#2888 = CARTESIAN_POINT ( 'NONE',  ( 0.5997988854443851992, 1.014179249226001334, 1.412555861938845858 ) ) ;
#2889 = DIRECTION ( 'NONE',  ( 0.7505752902509679192, 0.4501006340066093236, 0.4837831672676545791 ) ) ;
#2890 = CARTESIAN_POINT ( 'NONE',  ( 0.5424448162416939390, 1.025041131040021369, 1.369948736135565559 ) ) ;
#2891 = CARTESIAN_POINT ( 'NONE',  ( 0.6383993474247708910, 0.9858889894272574450, 1.439597193419657417 ) ) ;
#2892 = ORIENTED_EDGE ( 'NONE', *, *, #1289, .T. ) ;
#2893 = VERTEX_POINT ( 'NONE', #1382 ) ;
#2894 = CARTESIAN_POINT ( 'NONE',  ( 0.6315597319717767277, 0.9940783884529640346, 1.431595412622769237 ) ) ;
#2895 = CARTESIAN_POINT ( 'NONE',  ( 0.6161273015304334910, 1.003080692942343255, 1.429702501787694757 ) ) ;
#2897 = CARTESIAN_POINT ( 'NONE',  ( 0.5767167852562760100, 1.071230142598313284, 1.402238320369831870 ) ) ;
#2896 = CARTESIAN_POINT ( 'NONE',  ( 0.5873348014746271328, 1.046644227418156214, 1.404133534960660512 ) ) ;
#2898 = LINE ( 'NONE', #1149, #405 ) ;
#2899 = CARTESIAN_POINT ( 'NONE',  ( 0.6080328542904724909, 0.9980006475119719278, 1.422095728805758519 ) ) ;
#2900 = ORIENTED_EDGE ( 'NONE', *, *, #4615, .T. ) ;
#2901 = CARTESIAN_POINT ( 'NONE',  ( 0.6040573177322769993, 1.002086874701382913, 1.416138432071625264 ) ) ;
#2902 = CARTESIAN_POINT ( 'NONE',  ( 0.6255480265855403177, 0.9919359340211347797, 1.434618377744395934 ) ) ;
#2903 = CARTESIAN_POINT ( 'NONE',  ( 0.5933684220843480350, 1.027044477490494767, 1.402973499149058112 ) ) ;
#2904 = LINE ( 'NONE', #595, #3128 ) ;
#2905 = EDGE_CURVE ( 'NONE', #2945, #878, #3229, .T. ) ;
#2906 = CARTESIAN_POINT ( 'NONE',  ( 0.5866372109938652324, 1.043495465522490617, 1.402050164436580149 ) ) ;
#2907 = CARTESIAN_POINT ( 'NONE',  ( 0.5904395767339235546, 1.050634017501230977, 1.394968943255452176 ) ) ;
#2908 = VECTOR ( 'NONE', #5580, 1.000000000000000000 ) ;
#2909 = ORIENTED_EDGE ( 'NONE', *, *, #679, .F. ) ;
#2910 = CARTESIAN_POINT ( 'NONE',  ( 0.6027084793258004058, 1.001143875339540523, 1.409701395996095119 ) ) ;
#2911 = AXIS2_PLACEMENT_3D ( 'NONE', #5869, #1714, #4014 ) ;
#2912 = VERTEX_POINT ( 'NONE', #4990 ) ;
#2913 = CARTESIAN_POINT ( 'NONE',  ( 0.6138163244848021671, 0.8684232394680002631, 1.410853353011272571 ) ) ;
#2914 = CARTESIAN_POINT ( 'NONE',  ( 0.5949861063555682561, 1.050459014982469075, 1.402155105250786127 ) ) ;
#2915 = CARTESIAN_POINT ( 'NONE',  ( 0.5945535478272924168, 1.032494571217443369, 1.414114861877235896 ) ) ;
#2916 = CARTESIAN_POINT ( 'NONE',  ( 0.5860849584033975823, 1.043264312011161543, 1.401835440363088159 ) ) ;
#2917 = EDGE_CURVE ( 'NONE', #753, #3934, #2644, .T. ) ;
#2918 = CARTESIAN_POINT ( 'NONE',  ( 0.6182355387045070927, 1.003937968752626642, 1.428927322483111828 ) ) ;
#2919 = CARTESIAN_POINT ( 'NONE',  ( 0.6120313675290570687, 1.053198282888974768, 1.413292242570881596 ) ) ;
#2920 = CARTESIAN_POINT ( 'NONE',  ( 0.6394032756729823852, 0.9842891779847412481, 1.439793040863654783 ) ) ;
#2921 = CARTESIAN_POINT ( 'NONE',  ( 0.6104848229321869768, 0.9788016106890481405, 1.409586775088377042 ) ) ;
#2922 = ORIENTED_EDGE ( 'NONE', *, *, #4281, .T. ) ;
#2923 = ORIENTED_EDGE ( 'NONE', *, *, #5913, .F. ) ;
#2924 = VECTOR ( 'NONE', #2758, 0.9999999999999998890 ) ;
#2925 = CARTESIAN_POINT ( 'NONE',  ( 0.6287475428193247673, 0.9992029519304332918, 1.429629200937407640 ) ) ;
#2926 = CARTESIAN_POINT ( 'NONE',  ( 0.6291132123721590030, 0.9855762992380554532, 1.435818776389185869 ) ) ;
#2928 = CARTESIAN_POINT ( 'NONE',  ( 0.6029474374173182660, 1.010529426280984744, 1.420862492400729815 ) ) ;
#2927 = CARTESIAN_POINT ( 'NONE',  ( 0.6109127173880503081, 0.9738927279693432304, 1.421282897362363240 ) ) ;
#2929 = FACE_OUTER_BOUND ( 'NONE', #5527, .T. ) ;
#2930 = DIRECTION ( 'NONE',  ( 0.7512883676659563026, -0.4257273140144288148, 0.5043035224067773381 ) ) ;
#2931 = ORIENTED_EDGE ( 'NONE', *, *, #4874, .T. ) ;
#2932 = VECTOR ( 'NONE', #4527, 1.000000000000000000 ) ;
#2933 = CARTESIAN_POINT ( 'NONE',  ( 0.5868184778208360708, 1.043982993061228770, 1.399936512665697963 ) ) ;
#2934 = CARTESIAN_POINT ( 'NONE',  ( 0.5719537783716551749, 1.073576830424294304, 1.390585321339841585 ) ) ;
#2935 = ORIENTED_EDGE ( 'NONE', *, *, #402, .T. ) ;
#2936 = VECTOR ( 'NONE', #653, 1.000000000000000000 ) ;
#2937 = CARTESIAN_POINT ( 'NONE',  ( 0.5972347949627707653, 1.016553083700591165, 1.405753377869488174 ) ) ;
#2938 = FACE_OUTER_BOUND ( 'NONE', #5816, .T. ) ;
#2939 = FACE_OUTER_BOUND ( 'NONE', #3129, .T. ) ;
#2940 = CARTESIAN_POINT ( 'NONE',  ( 0.6094455107788336878, 0.9629780102212304183, 1.419527579175674070 ) ) ;
#2941 = ORIENTED_EDGE ( 'NONE', *, *, #4172, .F. ) ;
#2942 = EDGE_CURVE ( 'NONE', #1046, #3833, #4623, .T. ) ;
#2943 = CARTESIAN_POINT ( 'NONE',  ( 0.6011241734350307730, 1.061326369648064150, 1.412877387289959374 ) ) ;
#2944 = CARTESIAN_POINT ( 'NONE',  ( 0.5735349507655204127, 1.067955715476131218, 1.387629130893253571 ) ) ;
#2945 = VERTEX_POINT ( 'NONE', #4651 ) ;
#2946 = EDGE_CURVE ( 'NONE', #435, #5648, #493, .T. ) ;
#2947 = FACE_OUTER_BOUND ( 'NONE', #4405, .T. ) ;
#2948 = CARTESIAN_POINT ( 'NONE',  ( 0.6072154619512560858, 1.024037470503954550, 1.423367358013366113 ) ) ;
#2949 = CARTESIAN_POINT ( 'NONE',  ( 0.6020112040676425247, 1.008126724109080552, 1.414239700089525931 ) ) ;
#2950 = CARTESIAN_POINT ( 'NONE',  ( 0.6059452140088761318, 1.047062935974740761, 1.416177996470829203 ) ) ;
#2951 = EDGE_CURVE ( 'NONE', #6001, #3886, #5015, .T. ) ;
#2952 = CARTESIAN_POINT ( 'NONE',  ( 0.6395917055653668193, 0.9762722283603388895, 1.438440950367490645 ) ) ;
#2953 = CARTESIAN_POINT ( 'NONE',  ( 0.6032164804584019269, 1.079863758231272675, 1.408267039229580408 ) ) ;
#2954 = CARTESIAN_POINT ( 'NONE',  ( 0.6333971354377131435, 0.9555377426156991261, 1.432556827560083956 ) ) ;
#2955 = PLANE ( 'NONE',  #296 ) ;
#2956 = ORIENTED_EDGE ( 'NONE', *, *, #4464, .F. ) ;
#2957 = ORIENTED_EDGE ( 'NONE', *, *, #4098, .T. ) ;
#2958 = CARTESIAN_POINT ( 'NONE',  ( 0.6403444998011965650, 0.9910271588689266720, 1.428792816513674513 ) ) ;
#2959 = CARTESIAN_POINT ( 'NONE',  ( 0.6329261556726628601, 0.9915841659932231877, 1.438158245998686358 ) ) ;
#2961 = CARTESIAN_POINT ( 'NONE',  ( 0.6040237492750206716, 1.007358652905194774, 1.421641970021954471 ) ) ;
#2960 = CARTESIAN_POINT ( 'NONE',  ( 0.6020462993742135005, 1.007765785372896961, 1.414687544248730333 ) ) ;
#2962 = CARTESIAN_POINT ( 'NONE',  ( 0.5906025595714772258, 1.038309040956897800, 1.406425015489262575 ) ) ;
#2963 = DIRECTION ( 'NONE',  ( 0.7505752902509679192, 0.4501006340066093236, 0.4837831672676545791 ) ) ;
#2964 = EDGE_LOOP ( 'NONE', ( #4558, #1406, #3060, #3192 ) ) ;
#2965 = B_SPLINE_CURVE_WITH_KNOTS ( 'NONE', 3,
 ( #156, #4739, #2015, #1649 ),
 .UNSPECIFIED., .F., .F.,
 ( 4, 4 ),
 ( 9.420554752102649521E-16, 0.001492420972496985663 ),
 .UNSPECIFIED. ) ;
#2966 = CARTESIAN_POINT ( 'NONE',  ( 0.6062230226869972372, 0.9969483118430925161, 1.419745102442076634 ) ) ;
#2967 = CARTESIAN_POINT ( 'NONE',  ( 0.5942268612903477409, 1.026963602498703665, 1.406288809789362437 ) ) ;
#2968 = CARTESIAN_POINT ( 'NONE',  ( 0.5879174273655636274, 1.042953574481939150, 1.402203656297843937 ) ) ;
#2969 = CARTESIAN_POINT ( 'NONE',  ( 0.6061532301668537404, 0.9889747104706596570, 1.412241533158214102 ) ) ;
#2970 = CARTESIAN_POINT ( 'NONE',  ( 0.5947716718363078581, 1.096641217770531584, 1.391996738168310044 ) ) ;
#2971 = CARTESIAN_POINT ( 'NONE',  ( 0.5878858532972812689, 1.041914716830933285, 1.398319652446438077 ) ) ;
#2972 = PLANE ( 'NONE',  #1290 ) ;
#2973 = ORIENTED_EDGE ( 'NONE', *, *, #1869, .F. ) ;
#2974 = CARTESIAN_POINT ( 'NONE',  ( 0.5962249039986882160, 1.066716161401366714, 1.412354494931854276 ) ) ;
#2975 = CARTESIAN_POINT ( 'NONE',  ( 0.6021927299329967731, 1.002727437366166985, 1.409326442198357565 ) ) ;
#2976 = VERTEX_POINT ( 'NONE', #1534 ) ;
#2977 = CARTESIAN_POINT ( 'NONE',  ( 0.6164296457640604521, 0.9567997324559014416, 1.406995507798796785 ) ) ;
#2978 = CARTESIAN_POINT ( 'NONE',  ( 0.5860961208724619897, 1.043237925806056454, 1.401840521599811540 ) ) ;
#2979 = CARTESIAN_POINT ( 'NONE',  ( 0.6060767384388741075, 0.9881756206228222705, 1.410834843059258326 ) ) ;
#2980 = CARTESIAN_POINT ( 'NONE',  ( 0.6083609827802048953, 0.9955719670354347128, 1.422366211493331090 ) ) ;
#2981 = CARTESIAN_POINT ( 'NONE',  ( 0.5898416321551496200, 1.029249534952081602, 1.411817974922675134 ) ) ;
#2982 = EDGE_CURVE ( 'NONE', #389, #5441, #4232, .T. ) ;
#2983 = CARTESIAN_POINT ( 'NONE',  ( 0.6455583467118289898, 0.9879286036238834612, 1.425463473907655265 ) ) ;
#2984 = CARTESIAN_POINT ( 'NONE',  ( 0.6099828044099422364, 1.044514801303262574, 1.416262250502287934 ) ) ;
#2985 = CARTESIAN_POINT ( 'NONE',  ( 0.6374845091625980231, 0.9588952769426809519, 1.435264057802491999 ) ) ;
#2986 = CARTESIAN_POINT ( 'NONE',  ( 0.6082757497715567396, 0.9830301774739050868, 1.416521728650594891 ) ) ;
#2987 = EDGE_CURVE ( 'NONE', #3, #4689, #4804, .T. ) ;
#2988 = VERTEX_POINT ( 'NONE', #3343 ) ;
#2989 = CARTESIAN_POINT ( 'NONE',  ( 0.6365452231412933592, 0.9882363483098124401, 1.439160750311552439 ) ) ;
#2990 = CARTESIAN_POINT ( 'NONE',  ( 0.5918054260984544346, 1.048306682265833345, 1.388736263787491598 ) ) ;
#2992 = DIRECTION ( 'NONE',  ( -0.7626657353482539925, -0.4193492594255529005, -0.4924298678440893196 ) ) ;
#2991 = CARTESIAN_POINT ( 'NONE',  ( 0.5839316909990363014, 1.056226271849587395, 1.404500959900089718 ) ) ;
#2993 = CARTESIAN_POINT ( 'NONE',  ( 0.6297837341428040858, 0.9806239013391062631, 1.415247534262352502 ) ) ;
#2994 = ADVANCED_FACE ( 'NONE', ( #4289 ), #4349, .F. ) ;
#2995 = CARTESIAN_POINT ( 'NONE',  ( 0.5830399478495533749, 1.097789316565735751, 1.398020013120146343 ) ) ;
#2996 = ORIENTED_EDGE ( 'NONE', *, *, #2432, .T. ) ;
#2997 = EDGE_CURVE ( 'NONE', #3375, #890, #2863, .T. ) ;
#2998 = DIRECTION ( 'NONE',  ( 0.7505752902509437163, 0.4501006340066260325, 0.4837831672676767836 ) ) ;
#2999 = CARTESIAN_POINT ( 'NONE',  ( 0.6052282339956829293, 1.001001721653061560, 1.419755338165701986 ) ) ;
#3000 = ORIENTED_EDGE ( 'NONE', *, *, #3176, .T. ) ;
#3001 = CARTESIAN_POINT ( 'NONE',  ( 0.5868794257020375493, 1.044424362728522793, 1.399687416363652126 ) ) ;
#3002 = DIRECTION ( 'NONE',  ( -0.3650397643841978290, -0.9046541402764898265, -0.2198791870526503878 ) ) ;
#3003 = CARTESIAN_POINT ( 'NONE',  ( 0.5865043041312408834, 1.043193946089553847, 1.401108130475692048 ) ) ;
#3004 = CYLINDRICAL_SURFACE ( 'NONE', #1975, 0.001300000000000059571 ) ;
#3005 = VERTEX_POINT ( 'NONE', #1503 ) ;
#3006 = CARTESIAN_POINT ( 'NONE',  ( 0.6029799507846281825, 1.000296516449850515, 1.409899068578533754 ) ) ;
#3007 = ORIENTED_EDGE ( 'NONE', *, *, #3467, .F. ) ;
#3008 = CYLINDRICAL_SURFACE ( 'NONE', #4108, 0.02100000000000004988 ) ;
#3009 = LINE ( 'NONE', #4345, #611 ) ;
#3010 = AXIS2_PLACEMENT_3D ( 'NONE', #1413, #4682, #3256 ) ;
#3011 = CARTESIAN_POINT ( 'NONE',  ( 0.6091585591658437160, 0.9743813383960637786, 1.413172676299512043 ) ) ;
#3012 = CARTESIAN_POINT ( 'NONE',  ( 0.6485005038788711484, 0.9603356127639933737, 1.432808581879655874 ) ) ;
#3013 = DIRECTION ( 'NONE',  ( -0.3650397643841978290, -0.9046541402764898265, -0.2198791870526504155 ) ) ;
#3014 = VECTOR ( 'NONE', #4187, 1.000000000000000000 ) ;
#3015 = CARTESIAN_POINT ( 'NONE',  ( 0.6077895670873600942, 0.9982797311962975373, 1.422499502461761489 ) ) ;
#3016 = CARTESIAN_POINT ( 'NONE',  ( 0.6226582216469813691, 1.015613967923151728, 1.423877994761757915 ) ) ;
#3017 = CARTESIAN_POINT ( 'NONE',  ( 0.6392083515421557172, 0.9612879047623134054, 1.436478881542218256 ) ) ;
#3018 = CARTESIAN_POINT ( 'NONE',  ( 0.6077360422803615991, 0.9854640067364638378, 1.416110759576776346 ) ) ;
#3019 = EDGE_CURVE ( 'NONE', #5834, #2695, #1153, .T. ) ;
#3020 = VECTOR ( 'NONE', #3416, 1.000000000000000000 ) ;
#3021 = ORIENTED_EDGE ( 'NONE', *, *, #3277, .F. ) ;
#3022 = CARTESIAN_POINT ( 'NONE',  ( 0.5761493082159536705, 1.094109584443962335, 1.394156700341484756 ) ) ;
#3023 = ADVANCED_FACE ( 'NONE', ( #2411 ), #5927, .T. ) ;
#3024 = CARTESIAN_POINT ( 'NONE',  ( 0.6203002542963577115, 0.9955026575760267393, 1.433214822261723809 ) ) ;
#3026 = DIRECTION ( 'NONE',  ( 0.7512883676660403465, -0.4257273140144764434, 0.5043035224066118039 ) ) ;
#3025 = CARTESIAN_POINT ( 'NONE',  ( 0.5956122429729602263, 1.025726052371175312, 1.410050263066225051 ) ) ;
#3027 = DIRECTION ( 'NONE',  ( -0.7738664612091029626, -0.3881086756341956545, -0.5005021040047390457 ) ) ;
#3028 = B_SPLINE_CURVE_WITH_KNOTS ( 'NONE', 3,
 ( #5512, #3089, #3120, #4032 ),
 .UNSPECIFIED., .F., .F.,
 ( 4, 4 ),
 ( 0.000000000000000000, 1.000000000000000000 ),
 .UNSPECIFIED. ) ;
#3029 = ORIENTED_EDGE ( 'NONE', *, *, #5476, .T. ) ;
#3030 = AXIS2_PLACEMENT_3D ( 'NONE', #11, #2716, #2778 ) ;
#3031 = CARTESIAN_POINT ( 'NONE',  ( 0.6060053999783463485, 1.073825231683477321, 1.408863579364871832 ) ) ;
#3032 = CARTESIAN_POINT ( 'NONE',  ( 0.5741508959036832893, 1.071738272585787133, 1.394894418704827999 ) ) ;
#3033 = CARTESIAN_POINT ( 'NONE',  ( 0.6194109719936434777, 0.9963976956245355066, 1.432013383427401143 ) ) ;
#3034 =( BOUNDED_SURFACE ( )  B_SPLINE_SURFACE ( 3, 2, ( 
 ( #4466, #860, #4016 ),
 ( #3649, #3619, #4112 ),
 ( #2685, #4927, #3078 ),
 ( #4047, #5500, #373 ),
 ( #893, #2263, #2744 ),
 ( #767, #5841, #5473 ),
 ( #3193, #2171, #1808 ),
 ( #4559, #2231, #5871 ),
 ( #1686, #403, #5923 ),
 ( #1716, #5385, #4592 ),
 ( #4498, #313, #2142 ),
 ( #1345, #5897, #3985 ),
 ( #3164, #1316, #3557 ),
 ( #5012, #3529, #2713 ),
 ( #2622, #5412, #5958 ),
 ( #1255, #3102, #4955 ),
 ( #798, #2653, #343 ),
 ( #2201, #1745, #3587 ),
 ( #5442, #4985, #1285 ),
 ( #829, #5190, #489 ) ),
 .UNSPECIFIED., .F., .F., .F. ) 
 B_SPLINE_SURFACE_WITH_KNOTS ( ( 4, 2, 2, 2, 2, 2, 2, 2, 2, 4 ),
 ( 3, 3 ),
 ( 0.06260100333775328596, 0.07031846303821073785, 0.07803592273866818974, 0.08189465258889691568, 0.08575338243912564162, 0.09347084213958307963, 0.09732957198981179170, 0.1011883018400405176, 0.1089057615404979695, 0.1243406809414128733 ),
 ( 0.000000000000000000, 1.000000000000000000 ),
 .UNSPECIFIED. ) 
 GEOMETRIC_REPRESENTATION_ITEM ( )  RATIONAL_B_SPLINE_SURFACE ( (
 ( 1.000000000000000000, 0.9238794387467411662, 1.000000000000000000),
 ( 1.000000000000000000, 0.9238811391805719087, 1.000000000000000000),
 ( 1.000000000000000000, 0.9238794229550896242, 1.000000000000000000),
 ( 1.000000000000000000, 0.9238790446959456171, 1.000000000000000000),
 ( 1.000000000000000000, 0.9238794613301716252, 1.000000000000000000),
 ( 1.000000000000000000, 0.9238795379044592027, 1.000000000000000000),
 ( 1.000000000000000000, 0.9238795110359527829, 1.000000000000000000),
 ( 1.000000000000000000, 0.9238795110359527829, 1.000000000000000000),
 ( 1.000000000000000000, 0.9238796495335194203, 1.000000000000000000),
 ( 1.000000000000000000, 0.9238796495335194203, 1.000000000000000000),
 ( 1.000000000000000000, 0.9238791736849173430, 1.000000000000000000),
 ( 1.000000000000000000, 0.9238794451386518336, 1.000000000000000000),
 ( 1.000000000000000000, 0.9238797490728980488, 1.000000000000000000),
 ( 1.000000000000000000, 0.9238798059911383920, 1.000000000000000000),
 ( 1.000000000000000000, 0.9238797264673164200, 1.000000000000000000),
 ( 1.000000000000000000, 0.9238795248751558997, 1.000000000000000000),
 ( 1.000000000000000000, 0.9238794982745347495, 1.000000000000000000),
 ( 1.000000000000000000, 0.9238796258688168894, 1.000000000000000000),
 ( 1.000000000000000000, 0.9238793826179318991, 1.000000000000000000),
 ( 1.000000000000000000, 0.9238795916352063875, 1.000000000000000000) ) ) 
 REPRESENTATION_ITEM ( '' )  SURFACE ( )  );
#3035 = CARTESIAN_POINT ( 'NONE',  ( 0.5906153884042896207, 1.035348807224172774, 1.402349671719193225 ) ) ;
#3036 = CARTESIAN_POINT ( 'NONE',  ( 0.6313122343108084067, 1.007162884213215648, 1.422667789978620423 ) ) ;
#3037 = AXIS2_PLACEMENT_3D ( 'NONE', #4587, #4074, #5584 ) ;
#3038 = CARTESIAN_POINT ( 'NONE',  ( 0.5905865429999681560, 1.038390682693754563, 1.406380919955771969 ) ) ;
#3039 = CARTESIAN_POINT ( 'NONE',  ( 0.6230755262930408600, 1.005457791741891205, 1.427820064577484116 ) ) ;
#3040 = ORIENTED_EDGE ( 'NONE', *, *, #1470, .F. ) ;
#3041 = EDGE_CURVE ( 'NONE', #6001, #435, #4386, .T. ) ;
#3042 = B_SPLINE_CURVE_WITH_KNOTS ( 'NONE', 3,
 ( #2747, #1747, #4622, #2687, #4531, #4561, #406, #375, #2294, #4595, #5989, #3680 ),
 .UNSPECIFIED., .F., .F.,
 ( 4, 2, 2, 2, 2, 4 ),
 ( 0.000000000000000000, 0.001948154161900518501, 0.003896308323801037001, 0.005844462485701555285, 0.006818539566651741352, 0.007792616647601926551 ),
 .UNSPECIFIED. ) ;
#3043 = CARTESIAN_POINT ( 'NONE',  ( 0.5736568375724809821, 1.068704229880542256, 1.389066828308389123 ) ) ;
#3044 = ORIENTED_EDGE ( 'NONE', *, *, #3788, .T. ) ;
#3045 = CARTESIAN_POINT ( 'NONE',  ( 0.5864859384182689039, 1.043189693646179528, 1.396707611899246748 ) ) ;
#3046 = DATE_AND_TIME ( #3644, #1397 ) ;
#3047 = CARTESIAN_POINT ( 'NONE',  ( 0.5988330618771962044, 1.011223893749173985, 1.405550497954345390 ) ) ;
#3048 = DIRECTION ( 'NONE',  ( 0.5495945148342156195, -0.01876539135242259390, -0.8352207668344541203 ) ) ;
#3049 = AXIS2_PLACEMENT_3D ( 'NONE', #573, #1165, #4377 ) ;
#3050 = DIRECTION ( 'NONE',  ( -0.7738664612091029626, -0.3881086756341956545, -0.5005021040047390457 ) ) ;
#3051 = CARTESIAN_POINT ( 'NONE',  ( 0.6089861922615993350, 1.052370692628584070, 1.414055649572854234 ) ) ;
#3052 = CARTESIAN_POINT ( 'NONE',  ( 0.6344212623011320495, 0.9562063142729884113, 1.433224118393723101 ) ) ;
#3053 = CARTESIAN_POINT ( 'NONE',  ( 0.6043661804122116843, 1.006320828519104538, 1.421890519188427016 ) ) ;
#3054 = ORIENTED_EDGE ( 'NONE', *, *, #162, .T. ) ;
#3055 = CARTESIAN_POINT ( 'NONE',  ( 0.6130408289754080142, 1.010900673344117040, 1.425101259180184599 ) ) ;
#3056 = LINE ( 'NONE', #3561, #2066 ) ;
#3058 = DIRECTION ( 'NONE',  ( 0.5495945148342156195, -0.01876539135242259390, -0.8352207668344541203 ) ) ;
#3057 = CARTESIAN_POINT ( 'NONE',  ( 0.6048430796553794231, 0.9991074962259911540, 1.416722420958574036 ) ) ;
#3059 = CARTESIAN_POINT ( 'NONE',  ( 0.6313122343108084067, 1.007162884213215648, 1.422667789978620423 ) ) ;
#3060 = ORIENTED_EDGE ( 'NONE', *, *, #1277, .F. ) ;
#3061 = EDGE_CURVE ( 'NONE', #4176, #3394, #32, .T. ) ;
#3062 = CARTESIAN_POINT ( 'NONE',  ( 0.6254351086314138275, 1.017522783278172582, 1.422913755372174016 ) ) ;
#3063 = CARTESIAN_POINT ( 'NONE',  ( 0.6048757188063456081, 1.002132267546364419, 1.419497974413361563 ) ) ;
#3064 = EDGE_LOOP ( 'NONE', ( #5449, #4824 ) ) ;
#3065 = LINE ( 'NONE', #662, #4869 ) ;
#3066 = EDGE_CURVE ( 'NONE', #4293, #2704, #2241, .T. ) ;
#3067 = DIRECTION ( 'NONE',  ( -0.7738664612090513373, -0.3881086756342739807, -0.5005021040047583636 ) ) ;
#3068 = CARTESIAN_POINT ( 'NONE',  ( 0.6181126977849525916, 1.003940231463280819, 1.429106842195990712 ) ) ;
#3069 = ORIENTED_EDGE ( 'NONE', *, *, #5256, .F. ) ;
#3070 = CARTESIAN_POINT ( 'NONE',  ( 0.5774732227250417571, 1.062087452721131919, 1.391726760684891318 ) ) ;
#3071 = ORIENTED_EDGE ( 'NONE', *, *, #3580, .F. ) ;
#3072 = CARTESIAN_POINT ( 'NONE',  ( 0.5856290831616551840, 1.045152438557579888, 1.396099683258590796 ) ) ;
#3073 = APPROVAL_STATUS ( 'not_yet_approved' ) ;
#3074 = CARTESIAN_POINT ( 'NONE',  ( 0.5951439838325029985, 1.021141642271131911, 1.402900171743110658 ) ) ;
#3075 = CARTESIAN_POINT ( 'NONE',  ( 0.5955180334497128802, 1.034901421314993408, 1.413048933767609761 ) ) ;
#3076 = CARTESIAN_POINT ( 'NONE',  ( 0.6067117523195602047, 1.054481145426037880, 1.415168277923156026 ) ) ;
#3077 = CARTESIAN_POINT ( 'NONE',  ( 0.6000785768251917229, 1.079397882012776977, 1.408961301989654302 ) ) ;
#3078 = CARTESIAN_POINT ( 'NONE',  ( 0.6234338432244785899, 1.009837631954372927, 1.425894582098811370 ) ) ;
#3079 = CARTESIAN_POINT ( 'NONE',  ( 0.6085351281982575022, 0.9818117584515173579, 1.416720243815217772 ) ) ;
#3080 = CARTESIAN_POINT ( 'NONE',  ( 0.6322560462814342808, 0.9740435764830870369, 1.417022216622222830 ) ) ;
#3081 = CARTESIAN_POINT ( 'NONE',  ( 0.6087662135411459063, 1.020225282517444265, 1.424473538753609381 ) ) ;
#3083 = CARTESIAN_POINT ( 'NONE',  ( 0.6154864350816731111, 0.9935995383580258355, 1.427099239039603340 ) ) ;
#3082 = CARTESIAN_POINT ( 'NONE',  ( 0.6107074774051043375, 0.9785204688424282704, 1.423865906013955795 ) ) ;
#3084 = CARTESIAN_POINT ( 'NONE',  ( 0.6120736387209020357, 0.9923633111551947161, 1.427275891887562320 ) ) ;
#3085 = VERTEX_POINT ( 'NONE', #2680 ) ;
#3086 = CARTESIAN_POINT ( 'NONE',  ( 0.5936351639857286866, 1.078442178789842831, 1.410386931053506654 ) ) ;
#3087 = CARTESIAN_POINT ( 'NONE',  ( 0.6121178629931153248, 1.047648174362677764, 1.414848160380690167 ) ) ;
#3088 = CARTESIAN_POINT ( 'NONE',  ( 0.6053789250152924462, 1.000513157259181884, 1.419865473190496497 ) ) ;
#3089 = CARTESIAN_POINT ( 'NONE',  ( 0.6195774357050274350, 0.9960734813069500593, 1.432129729319976175 ) ) ;
#3090 = CARTESIAN_POINT ( 'NONE',  ( 0.6305347253712172417, 1.007159795776338518, 1.423739487040754703 ) ) ;
#3091 = CARTESIAN_POINT ( 'NONE',  ( 0.6213863354360653624, 0.9749746722385856934, 1.433794541642835485 ) ) ;
#3092 = CARTESIAN_POINT ( 'NONE',  ( 0.5917817018966595732, 1.050029535269554115, 1.404845335582917798 ) ) ;
#3093 = ORIENTED_EDGE ( 'NONE', *, *, #4210, .T. ) ;
#3094 = CARTESIAN_POINT ( 'NONE',  ( 0.6004094435398836804, 1.009180118727257991, 1.409382332896420786 ) ) ;
#3095 = CARTESIAN_POINT ( 'NONE',  ( 0.6094992730859691843, 0.9846954438731549963, 1.424722186588169848 ) ) ;
#3096 = ORIENTED_EDGE ( 'NONE', *, *, #2583, .F. ) ;
#3097 = ADVANCED_FACE ( 'NONE', ( #4106 ), #856, .F. ) ;
#3098 = CARTESIAN_POINT ( 'NONE',  ( 0.5959556130318608425, 1.018901166444875939, 1.403484580537915027 ) ) ;
#3099 = CARTESIAN_POINT ( 'NONE',  ( 0.6084921790906365757, 0.9774321074650119678, 1.412665639445964461 ) ) ;
#3100 = DIRECTION ( 'NONE',  ( 0.5495945148342153974, -0.01876539135242232328, -0.8352207668344542313 ) ) ;
#3101 = CARTESIAN_POINT ( 'NONE',  ( 0.6266329104070309519, 1.006483113624396353, 1.426698579795728561 ) ) ;
#3102 = CARTESIAN_POINT ( 'NONE',  ( 0.6148631207312413860, 1.042862916445365551, 1.416004502860844561 ) ) ;
#3103 = LINE ( 'NONE', #1083, #2453 ) ;
#3104 = FACE_OUTER_BOUND ( 'NONE', #3874, .T. ) ;
#3105 = B_SPLINE_CURVE_WITH_KNOTS ( 'NONE', 3,
 ( #5100, #2859, #2830, #3223, #4619, #4709, #3791, #1498, #3761, #4228 ),
 .UNSPECIFIED., .F., .F.,
 ( 4, 2, 2, 2, 4 ),
 ( 0.000000000000000000, 0.0004803785699995047364, 0.0009607571399990094728, 0.001441135709998514263, 0.001921514279998018946 ),
 .UNSPECIFIED. ) ;
#3106 = AXIS2_PLACEMENT_3D ( 'NONE', #5332, #4813, #4784 ) ;
#3107 = EDGE_CURVE ( 'NONE', #4736, #2040, #5153, .T. ) ;
#3108 = CARTESIAN_POINT ( 'NONE',  ( 0.5825802628104486125, 1.094898365408030427, 1.398375132625540473 ) ) ;
#3109 = DIRECTION ( 'NONE',  ( -0.5495945148342156195, 0.01876539135242333983, 0.8352207668344541203 ) ) ;
#3111 = FACE_OUTER_BOUND ( 'NONE', #1738, .T. ) ;
#3110 = CARTESIAN_POINT ( 'NONE',  ( 0.5879710015617166663, 1.049570882858719134, 1.410130485288848989 ) ) ;
#3112 = AXIS2_PLACEMENT_3D ( 'NONE', #2584, #1190, #1978 ) ;
#3113 = CARTESIAN_POINT ( 'NONE',  ( 0.6158048586904752986, 1.005077726248936987, 1.427385975552015074 ) ) ;
#3114 = ORIENTED_EDGE ( 'NONE', *, *, #1225, .T. ) ;
#3115 = VECTOR ( 'NONE', #2187, 1.000000000000000000 ) ;
#3116 = B_SPLINE_SURFACE_WITH_KNOTS ( 'NONE', 3, 1, ( 
 ( #1746, #5872 ),
 ( #2232, #2483 ),
 ( #5269, #4956 ),
 ( #5726, #5443 ),
 ( #5763, #2686 ) ),
 .UNSPECIFIED., .F., .F., .F.,
 ( 4, 1, 4 ),
 ( 2, 2 ),
 ( 0.000000000000000000, 0.5000000000000000000, 1.000000000000000000 ),
 ( -6.222550413933849889, 1.000000000000000000 ),
 .UNSPECIFIED. ) ;
#3117 = CARTESIAN_POINT ( 'NONE',  ( 0.5954625814726809407, 1.085693208815131205, 1.408604465324364119 ) ) ;
#3118 = CARTESIAN_POINT ( 'NONE',  ( 0.6391874066405482946, 0.9870660407810603054, 1.434021678077110451 ) ) ;
#3119 = CARTESIAN_POINT ( 'NONE',  ( 0.5936222504069461614, 1.030844126021209117, 1.408625811351063906 ) ) ;
#3120 = CARTESIAN_POINT ( 'NONE',  ( 0.6197444785346676310, 0.9957499875728554883, 1.432246865001524094 ) ) ;
#3121 = CARTESIAN_POINT ( 'NONE',  ( 0.6115384557540226584, 0.9790211367948145060, 1.410291282923442191 ) ) ;
#3122 = CARTESIAN_POINT ( 'NONE',  ( 0.6082362693043746882, 0.9888439170156281266, 1.425416776149722731 ) ) ;
#3123 = FACE_BOUND ( 'NONE', #1111, .T. ) ;
#3124 = ORIENTED_EDGE ( 'NONE', *, *, #4537, .T. ) ;
#3125 = CARTESIAN_POINT ( 'NONE',  ( 0.6251796301620771157, 1.006061635742614646, 1.427127821347360825 ) ) ;
#3126 = CARTESIAN_POINT ( 'NONE',  ( 0.5959491371922225333, 1.020169774336040280, 1.404826127129834124 ) ) ;
#3127 = CARTESIAN_POINT ( 'NONE',  ( 0.6142404441301599904, 0.9902531805418415267, 1.428688512020262147 ) ) ;
#3128 = VECTOR ( 'NONE', #2460, 1.000000000000000000 ) ;
#3129 = EDGE_LOOP ( 'NONE', ( #5125, #2571, #4205, #4944 ) ) ;
#3130 = CARTESIAN_POINT ( 'NONE',  ( 0.5863479279852419346, 1.043509085526147739, 1.396609621890072761 ) ) ;
#3131 = LINE ( 'NONE', #4921, #4303 ) ;
#3132 = CARTESIAN_POINT ( 'NONE',  ( 0.6029568543152136195, 1.035462970431807461, 1.420308492480301554 ) ) ;
#3133 = CARTESIAN_POINT ( 'NONE',  ( 0.5949380851294839845, 1.033483487689595304, 1.413624539999917662 ) ) ;
#3134 = EDGE_CURVE ( 'NONE', #1163, #4777, #4119, .T. ) ;
#3135 = VECTOR ( 'NONE', #5746, 1.000000000000000000 ) ;
#3136 = EDGE_CURVE ( 'NONE', #583, #5698, #4982, .T. ) ;
#3137 = AXIS2_PLACEMENT_3D ( 'NONE', #5529, #1378, #1466 ) ;
#3138 = DIRECTION ( 'NONE',  ( -0.5495945148342153974, 0.01876539135242232328, 0.8352207668344542313 ) ) ;
#3139 = CARTESIAN_POINT ( 'NONE',  ( 0.6130254473901493029, 0.9877378812733409452, 1.404060361402378554 ) ) ;
#3140 = DIRECTION ( 'NONE',  ( 0.7514598057664156894, -0.4257331870643815130, 0.5040430673558610186 ) ) ;
#3141 = CARTESIAN_POINT ( 'NONE',  ( 0.5883791692758143510, 1.048633398110207393, 1.410420132067999655 ) ) ;
#3142 = CARTESIAN_POINT ( 'NONE',  ( 0.6043661804122116843, 1.006320828519104538, 1.421890519188427016 ) ) ;
#3143 = ORIENTED_EDGE ( 'NONE', *, *, #5787, .T. ) ;
#3144 = AXIS2_PLACEMENT_3D ( 'NONE', #2723, #4570, #3290 ) ;
#3145 = ORIENTED_EDGE ( 'NONE', *, *, #2065, .T. ) ;
#3146 = CARTESIAN_POINT ( 'NONE',  ( 0.6241571837823184365, 0.9940255869862525406, 1.432367760281784141 ) ) ;
#3147 = CARTESIAN_POINT ( 'NONE',  ( 0.6006242272663395720, 1.076207000727165575, 1.409392043944166284 ) ) ;
#3148 = CARTESIAN_POINT ( 'NONE',  ( 0.5952151907815540488, 1.029071243485773390, 1.412535870656049353 ) ) ;
#3149 = LINE ( 'NONE', #5485, #1857 ) ;
#3150 = CYLINDRICAL_SURFACE ( 'NONE', #1970, 0.001299999999999973486 ) ;
#3151 = CARTESIAN_POINT ( 'NONE',  ( 0.6132685316808528242, 0.9933412772772517441, 1.429237474698538790 ) ) ;
#3152 = CARTESIAN_POINT ( 'NONE',  ( 0.6489407655223877747, 0.9637720733105044069, 1.442575039231920320 ) ) ;
#3153 = VERTEX_POINT ( 'NONE', #5919 ) ;
#3154 = CARTESIAN_POINT ( 'NONE',  ( 0.6357317485888366315, 0.9612611335360240483, 1.434383337096771349 ) ) ;
#3155 = CARTESIAN_POINT ( 'NONE',  ( 0.5852052670390442968, 1.047871424427179177, 1.398508334234663586 ) ) ;
#3156 = CARTESIAN_POINT ( 'NONE',  ( 0.6080018707462999661, 0.9741684399084311607, 1.421120193583201852 ) ) ;
#3157 = VERTEX_POINT ( 'NONE', #3188 ) ;
#3158 = CARTESIAN_POINT ( 'NONE',  ( 0.5797991666672325239, 1.057167357509288586, 1.391993517655847112 ) ) ;
#3159 = CARTESIAN_POINT ( 'NONE',  ( 0.6429244246726093515, 0.9681152600832284572, 1.437345621040918786 ) ) ;
#3160 = CARTESIAN_POINT ( 'NONE',  ( 0.5980839834111074671, 1.049407938802585649, 1.416788721389828476 ) ) ;
#3161 = CARTESIAN_POINT ( 'NONE',  ( 0.6298975862340289167, 0.9945618472530488585, 1.431557180036783228 ) ) ;
#3162 = ORIENTED_EDGE ( 'NONE', *, *, #1461, .T. ) ;
#3163 = EDGE_LOOP ( 'NONE', ( #3387, #195, #1344, #4569 ) ) ;
#3164 = CARTESIAN_POINT ( 'NONE',  ( 0.6196687142896113443, 1.035844724708092413, 1.414361046615890682 ) ) ;
#3165 = CARTESIAN_POINT ( 'NONE',  ( 0.5921135350673990549, 1.029511812631459078, 1.401334007554935868 ) ) ;
#3166 = CARTESIAN_POINT ( 'NONE',  ( 0.6164296409562947110, 0.9567997452522879476, 1.406995504347672288 ) ) ;
#3167 = EDGE_CURVE ( 'NONE', #5864, #5186, #1772, .T. ) ;
#3168 = CARTESIAN_POINT ( 'NONE',  ( 0.5875518801841651539, 1.043699616969945732, 1.402787581016287310 ) ) ;
#3169 = CARTESIAN_POINT ( 'NONE',  ( 0.5908465045148207917, 1.040473988185381282, 1.409404982297134623 ) ) ;
#3170 = DIRECTION ( 'NONE',  ( -0.3650397643841983841, -0.9046541402764898265, -0.2198791870526495829 ) ) ;
#3171 = EDGE_CURVE ( 'NONE', #2422, #4476, #115, .T. ) ;
#3172 = ORIENTED_EDGE ( 'NONE', *, *, #4469, .T. ) ;
#3173 = EDGE_LOOP ( 'NONE', ( #5358, #2194, #1219, #1617, #4415, #4994 ) ) ;
#3174 = DIRECTION ( 'NONE',  ( -0.3385274322565194338, 0.9089894737290771243, -0.2431816486899105734 ) ) ;
#3175 = CARTESIAN_POINT ( 'NONE',  ( 0.6085577400768616974, 1.053143917280236153, 1.413756345671755454 ) ) ;
#3176 = EDGE_CURVE ( 'NONE', #1806, #1645, #863, .T. ) ;
#3177 = CARTESIAN_POINT ( 'NONE',  ( 0.6059330549977770541, 1.001393444571841096, 1.423032361002823043 ) ) ;
#3178 = FACE_OUTER_BOUND ( 'NONE', #4036, .T. ) ;
#3179 = CARTESIAN_POINT ( 'NONE',  ( 0.6032164210723445219, 0.9793052848957050083, 1.422938309050606032 ) ) ;
#3180 = CARTESIAN_POINT ( 'NONE',  ( 0.6089249420255515854, 0.9897050460944791794, 1.426019480723180965 ) ) ;
#3181 = DIRECTION ( 'NONE',  ( 0.3650397643841984952, 0.9046541402764898265, 0.2198791870526496384 ) ) ;
#3182 = ORIENTED_EDGE ( 'NONE', *, *, #398, .F. ) ;
#3183 = ADVANCED_FACE ( 'NONE', ( #3389 ), #973, .T. ) ;
#3184 = CARTESIAN_POINT ( 'NONE',  ( 0.6114505391993664274, 0.9647066770366543587, 1.420932991210009932 ) ) ;
#3185 = CARTESIAN_POINT ( 'NONE',  ( 0.6051167618054511532, 0.9959540288614122661, 1.414151325468965936 ) ) ;
#3186 = CARTESIAN_POINT ( 'NONE',  ( 0.6133227313279303594, 0.8672398668635692420, 1.416541586047512347 ) ) ;
#3187 = CARTESIAN_POINT ( 'NONE',  ( 0.5866353408601165942, 1.043916664216539170, 1.398163899274186717 ) ) ;
#3188 = CARTESIAN_POINT ( 'NONE',  ( 0.5956627887700098878, 1.035002588996497552, 1.413124596419597534 ) ) ;
#3189 = CARTESIAN_POINT ( 'NONE',  ( 0.6322393229727343300, 0.9549010716315884384, 1.431809212601418135 ) ) ;
#3190 = VERTEX_POINT ( 'NONE', #5184 ) ;
#3191 = CARTESIAN_POINT ( 'NONE',  ( 0.5869763636574318877, 1.045272248631690992, 1.401106464222102499 ) ) ;
#3192 = ORIENTED_EDGE ( 'NONE', *, *, #3061, .F. ) ;
#3193 = CARTESIAN_POINT ( 'NONE',  ( 0.6248816307320751440, 1.022119955243660394, 1.418100475698721219 ) ) ;
#3194 = CARTESIAN_POINT ( 'NONE',  ( 0.5977791521789478368, 1.014681919189857062, 1.405395427188080637 ) ) ;
#3195 = CARTESIAN_POINT ( 'NONE',  ( 0.6156456395748780563, 0.9639249397829923183, 1.406319527474133135 ) ) ;
#3196 = PLANE ( 'NONE',  #5642 ) ;
#3197 = CARTESIAN_POINT ( 'NONE',  ( 0.5929681317674815322, 1.035090862528388778, 1.410922007747829721 ) ) ;
#3198 = CARTESIAN_POINT ( 'NONE',  ( 0.5891221673193152153, 1.042298253353018733, 1.394115852146203594 ) ) ;
#3199 = VECTOR ( 'NONE', #5638, 0.9999999999999998890 ) ;
#3200 = ORIENTED_EDGE ( 'NONE', *, *, #2508, .T. ) ;
#3201 = ADVANCED_FACE ( 'NONE', ( #4278 ), #2826, .F. ) ;
#3202 = VECTOR ( 'NONE', #1553, 1.000000000000000000 ) ;
#3203 = EDGE_LOOP ( 'NONE', ( #1631, #4385, #948, #5603 ) ) ;
#3204 = CARTESIAN_POINT ( 'NONE',  ( 0.6148616430012275869, 0.9710501215173098499, 1.405643554051718258 ) ) ;
#3205 = CARTESIAN_POINT ( 'NONE',  ( 0.6079330218111577144, 1.050078036986001662, 1.414788453852891426 ) ) ;
#3206 = CARTESIAN_POINT ( 'NONE',  ( 0.6008276950418564022, 1.014088443734772360, 1.416565655104041976 ) ) ;
#3207 = DIRECTION ( 'NONE',  ( -0.7505752902509447155, -0.4501006340066262545, -0.4837831672676748407 ) ) ;
#3208 = CARTESIAN_POINT ( 'NONE',  ( 0.6026836642652327880, 1.036250981320445019, 1.420110849427091537 ) ) ;
#3209 = PLANE ( 'NONE',  #5334 ) ;
#3210 = CYLINDRICAL_SURFACE ( 'NONE', #4975, 0.001000000000000063555 ) ;
#3211 = ORIENTED_EDGE ( 'NONE', *, *, #2869, .T. ) ;
#3212 = CARTESIAN_POINT ( 'NONE',  ( 0.6048769738061223755, 1.050933955294339750, 1.404463376273955566 ) ) ;
#3213 = CARTESIAN_POINT ( 'NONE',  ( 0.6028453172819386863, 1.003242462881131170, 1.412492909128519436 ) ) ;
#3214 = CARTESIAN_POINT ( 'NONE',  ( 0.6085546633842580100, 0.9712472629720082518, 1.420714032543446637 ) ) ;
#3215 = CARTESIAN_POINT ( 'NONE',  ( 0.6071509347911163701, 0.9832319985002818674, 1.411652760254330063 ) ) ;
#3216 = CARTESIAN_POINT ( 'NONE',  ( 0.5877621786215658783, 1.042200074270187127, 1.398252880902596917 ) ) ;
#3217 = EDGE_CURVE ( 'NONE', #3695, #3347, #4191, .T. ) ;
#3218 = CARTESIAN_POINT ( 'NONE',  ( 0.6273903881674561811, 0.9533448063187465182, 1.428746367683382035 ) ) ;
#3219 = AXIS2_PLACEMENT_3D ( 'NONE', #3877, #4938, #2129 ) ;
#3220 = ORIENTED_EDGE ( 'NONE', *, *, #912, .T. ) ;
#3221 = CARTESIAN_POINT ( 'NONE',  ( 0.5845499042073014628, 1.050694934003872483, 1.399387963348507791 ) ) ;
#3222 = ORIENTED_EDGE ( 'NONE', *, *, #2182, .F. ) ;
#3223 = CARTESIAN_POINT ( 'NONE',  ( 0.6056158391622096238, 1.053438555958406520, 1.414492791290737239 ) ) ;
#3224 = CARTESIAN_POINT ( 'NONE',  ( 0.5986407766669021857, 1.015318612071405946, 1.409456723402785494 ) ) ;
#3225 = CARTESIAN_POINT ( 'NONE',  ( 0.5993292690034760506, 1.010458239409870451, 1.406510333990775186 ) ) ;
#3226 = VECTOR ( 'NONE', #4251, 1.000000000000000000 ) ;
#3227 = CARTESIAN_POINT ( 'NONE',  ( 0.5751668798147677730, 0.9724054747610819671, 1.465967818105996301 ) ) ;
#3228 = VECTOR ( 'NONE', #676, 1.000000000000000222 ) ;
#3229 = LINE ( 'NONE', #5077, #227 ) ;
#3230 = CARTESIAN_POINT ( 'NONE',  ( 0.6390830419545900920, 0.9848317790437719488, 1.439734399086502137 ) ) ;
#3231 = ORIENTED_EDGE ( 'NONE', *, *, #380, .T. ) ;
#3232 = ORIENTED_EDGE ( 'NONE', *, *, #2254, .T. ) ;
#3233 = CARTESIAN_POINT ( 'NONE',  ( 0.6252817997808770567, 1.006278974436315421, 1.427190272962529649 ) ) ;
#3234 = CARTESIAN_POINT ( 'NONE',  ( 0.6234938535427917428, 1.010197915330686813, 1.425923849697104062 ) ) ;
#3235 = CARTESIAN_POINT ( 'NONE',  ( 0.6043054853252023406, 1.003922467459658963, 1.419082526176007164 ) ) ;
#3236 = DIRECTION ( 'NONE',  ( 0.3650397643841984952, 0.9046541402764898265, 0.2198791870526496384 ) ) ;
#3237 = CARTESIAN_POINT ( 'NONE',  ( 0.5863780858977282184, 1.043213307273252344, 1.401356206130252913 ) ) ;
#3238 = CARTESIAN_POINT ( 'NONE',  ( 0.6023591379154278336, 1.038508010952026384, 1.417566488215293186 ) ) ;
#3239 = ORIENTED_EDGE ( 'NONE', *, *, #641, .F. ) ;
#3240 = ADVANCED_FACE ( 'NONE', ( #5700 ), #1002, .F. ) ;
#3241 = CARTESIAN_POINT ( 'NONE',  ( 0.6385913235976610203, 0.9659727056729638939, 1.436522042012750466 ) ) ;
#3242 = CARTESIAN_POINT ( 'NONE',  ( 0.5968901753208858407, 1.018824806780059378, 1.406849880472863301 ) ) ;
#3243 = CARTESIAN_POINT ( 'NONE',  ( 0.6250082572455567531, 0.9920613187906246466, 1.434392774390793601 ) ) ;
#3244 = EDGE_CURVE ( 'NONE', #956, #1679, #1552, .T. ) ;
#3245 = CARTESIAN_POINT ( 'NONE',  ( 0.5888935911835827541, 1.038530489425422809, 1.399770894361049844 ) ) ;
#3246 = DATE_AND_TIME ( #5608, #1597 ) ;
#3247 = CARTESIAN_POINT ( 'NONE',  ( 0.5878858532972812689, 1.041914716830933285, 1.398319652446438077 ) ) ;
#3248 = CARTESIAN_POINT ( 'NONE',  ( 0.6232232761780127639, 0.9534205427774047337, 1.426228231630438659 ) ) ;
#3249 = ORIENTED_EDGE ( 'NONE', *, *, #5588, .F. ) ;
#3250 = CARTESIAN_POINT ( 'NONE',  ( 0.6040187470436340078, 0.9977973224689158371, 1.412013081701711581 ) ) ;
#3251 = VERTEX_POINT ( 'NONE', #3360 ) ;
#3252 = CARTESIAN_POINT ( 'NONE',  ( 0.5877502138858849978, 1.042618792642919123, 1.401175676774162326 ) ) ;
#3253 = CARTESIAN_POINT ( 'NONE',  ( 0.6427865287745709866, 0.9618171093491381107, 1.436199471741530953 ) ) ;
#3254 = CARTESIAN_POINT ( 'NONE',  ( 0.5905063465481364959, 1.049534189976620846, 1.404603983023026581 ) ) ;
#3255 = B_SPLINE_CURVE_WITH_KNOTS ( 'NONE', 3,
 ( #2382, #68, #1200, #5781 ),
 .UNSPECIFIED., .F., .F.,
 ( 4, 4 ),
 ( 0.000000000000000000, 0.008020808951509096271 ),
 .UNSPECIFIED. ) ;
#3256 = DIRECTION ( 'NONE',  ( -0.7512883676660403465, 0.4257273140144764434, -0.5043035224066118039 ) ) ;
#3257 =( BOUNDED_SURFACE ( )  B_SPLINE_SURFACE ( 3, 2, ( 
 ( #1487, #2369, #4756 ),
 ( #4305, #2933, #145 ),
 ( #4787, #3872, #625 ),
 ( #4333, #82, #4219 ) ),
 .UNSPECIFIED., .F., .F., .F. ) 
 B_SPLINE_SURFACE_WITH_KNOTS ( ( 4, 4 ),
 ( 3, 3 ),
 ( 0.1069014975019858676, 0.1129947371700348452 ),
 ( 0.000000000000000000, 0.9155945992352676477 ),
 .UNSPECIFIED. ) 
 GEOMETRIC_REPRESENTATION_ITEM ( )  RATIONAL_B_SPLINE_SURFACE ( (
 ( 1.000000000000000000, 0.9785180454892453694, 0.9963736140406200814),
 ( 1.000000000000000000, 0.9771830943144765858, 0.9961482598628046414),
 ( 1.000000000000000000, 0.9755717560885422968, 0.9958762485653495089),
 ( 1.000000000000000000, 0.9735981734090390916, 0.9955430864913379363) ) ) 
 REPRESENTATION_ITEM ( '' )  SURFACE ( )  );
#3258 = CARTESIAN_POINT ( 'NONE',  ( 0.5879099299213369489, 1.043510788193623640, 1.403027618404979249 ) ) ;
#3259 = CARTESIAN_POINT ( 'NONE',  ( 0.5895202483761358137, 1.045961281583426716, 1.411231024413817758 ) ) ;
#3260 = ORIENTED_EDGE ( 'NONE', *, *, #5625, .F. ) ;
#3261 = ORIENTED_EDGE ( 'NONE', *, *, #2140, .F. ) ;
#3262 = LINE ( 'NONE', #3689, #5255 ) ;
#3263 = CARTESIAN_POINT ( 'NONE',  ( 0.6007900748734767982, 1.061651426707782342, 1.412650239489862569 ) ) ;
#3265 = CARTESIAN_POINT ( 'NONE',  ( 0.6044698592704221829, 1.003411022770188232, 1.419202178946143977 ) ) ;
#3264 = CARTESIAN_POINT ( 'NONE',  ( 0.5868478994129069370, 1.047757032580199477, 1.403788140140269203 ) ) ;
#3266 = DIRECTION ( 'NONE',  ( -0.7505752902509300606, -0.4501006340066251443, -0.4837831672676988770 ) ) ;
#3267 = CARTESIAN_POINT ( 'NONE',  ( 0.5919063878695465242, 1.048023804604255371, 1.388809054537001986 ) ) ;
#3268 = DIRECTION ( 'NONE',  ( -0.7512883676660685461, 0.4257273140144484103, -0.5043035224065935962 ) ) ;
#3269 = ORIENTED_EDGE ( 'NONE', *, *, #4579, .T. ) ;
#3270 = CARTESIAN_POINT ( 'NONE',  ( 0.6293188932019945225, 0.9569122432003644985, 1.430175168519787210 ) ) ;
#3271 = CARTESIAN_POINT ( 'NONE',  ( 0.6034549837646985271, 1.001357246435445658, 1.412936439981558490 ) ) ;
#3272 = CARTESIAN_POINT ( 'NONE',  ( 0.6302398752230553569, 0.9899910053599140225, 1.436393613386768298 ) ) ;
#3273 = CARTESIAN_POINT ( 'NONE',  ( 0.5865041212398818260, 1.044219739917447098, 1.398070744361442408 ) ) ;
#3274 = PERSON_AND_ORGANIZATION ( #5130, #4593 ) ;
#3275 = CARTESIAN_POINT ( 'NONE',  ( 0.6090592813849852183, 0.9779604598077080713, 1.414474358030390233 ) ) ;
#3276 = CARTESIAN_POINT ( 'NONE',  ( 0.6265053998523087975, 0.9952087613290944157, 1.431658119763868919 ) ) ;
#3277 = EDGE_CURVE ( 'NONE', #4816, #5853, #2312, .T. ) ;
#3278 = ADVANCED_FACE ( 'NONE', ( #5672 ), #5243, .F. ) ;
#3279 = CARTESIAN_POINT ( 'NONE',  ( 0.5895422876738746210, 1.039146591066850922, 1.402932530080349460 ) ) ;
#3280 = EDGE_LOOP ( 'NONE', ( #4217, #3427, #2809, #1796, #627, #2064, #1152, #3114, #698, #3606 ) ) ;
#3281 = CARTESIAN_POINT ( 'NONE',  ( 0.5475231737253070108, 1.057782701360471700, 1.445859402495315083 ) ) ;
#3282 = DIRECTION ( 'NONE',  ( -0.7738664612091029626, -0.3881086756341956545, -0.5005021040047390457 ) ) ;
#3283 = CARTESIAN_POINT ( 'NONE',  ( 0.5929345217042861771, 1.027406905052464348, 1.401921589968056603 ) ) ;
#3284 = FACE_BOUND ( 'NONE', #5687, .T. ) ;
#3285 = CARTESIAN_POINT ( 'NONE',  ( 0.6018774814551939301, 1.086370422390992241, 1.407239758011298747 ) ) ;
#3286 = CARTESIAN_POINT ( 'NONE',  ( 0.5920689581738873830, 1.039705495080480935, 1.413048686602041970 ) ) ;
#3287 = ORIENTED_EDGE ( 'NONE', *, *, #1138, .T. ) ;
#3288 = EDGE_CURVE ( 'NONE', #1962, #599, #4096, .T. ) ;
#3289 = ORIENTED_EDGE ( 'NONE', *, *, #792, .F. ) ;
#3290 = DIRECTION ( 'NONE',  ( 0.7505752902509679192, 0.4501006340066093236, 0.4837831672676545791 ) ) ;
#3291 = CARTESIAN_POINT ( 'NONE',  ( 0.6286649992951320876, 0.9927274074348200195, 1.432541138301879347 ) ) ;
#3293 = CARTESIAN_POINT ( 'NONE',  ( 0.5929374448567413802, 1.037214422830547766, 1.413676139227225681 ) ) ;
#3292 = CARTESIAN_POINT ( 'NONE',  ( 0.5872754974462065514, 1.046780606705049355, 1.404091447430256157 ) ) ;
#3294 = DIRECTION ( 'NONE',  ( 0.5495945148342158415, -0.01876539135242344045, -0.8352207668344541203 ) ) ;
#3295 = DIRECTION ( 'NONE',  ( -0.7738664612090494499, -0.3881086756342737032, -0.5005021040047613612 ) ) ;
#3296 = ORIENTED_EDGE ( 'NONE', *, *, #4462, .T. ) ;
#3297 = AXIS2_PLACEMENT_3D ( 'NONE', #622, #173, #2481 ) ;
#3298 = CARTESIAN_POINT ( 'NONE',  ( 0.6224855244657337972, 0.9749371414558808402, 1.432124100109166465 ) ) ;
#3299 = CARTESIAN_POINT ( 'NONE',  ( 0.6042603180971373167, 1.001446308679402097, 1.416286402960321489 ) ) ;
#3300 = CARTESIAN_POINT ( 'NONE',  ( 0.6377378843306132916, 0.9818734200777391452, 1.438417650831878003 ) ) ;
#3301 = CARTESIAN_POINT ( 'NONE',  ( 0.5863080458713786358, 1.044670585801233287, 1.397931592832783787 ) ) ;
#3302 = SECURITY_CLASSIFICATION_LEVEL ( 'unclassified' ) ;
#3303 = AXIS2_PLACEMENT_3D ( 'NONE', #4853, #2461, #5214 ) ;
#3304 = DIRECTION ( 'NONE',  ( -0.5499811533590946988, 0.01855456084503823155, 0.8349709331597404693 ) ) ;
#3305 = CARTESIAN_POINT ( 'NONE',  ( 0.6143878257982994251, 0.9936357593485527495, 1.428770091487559846 ) ) ;
#3306 = CARTESIAN_POINT ( 'NONE',  ( 0.5763455977443195932, 1.066268653230499908, 1.393639436783044250 ) ) ;
#3307 = ORIENTED_EDGE ( 'NONE', *, *, #87, .T. ) ;
#3308 = LINE ( 'NONE', #5126, #2748 ) ;
#3309 = DIRECTION ( 'NONE',  ( -0.5495945148342156195, 0.01876539135242259390, 0.8352207668344541203 ) ) ;
#3310 = DIRECTION ( 'NONE',  ( 0.5495945148342153974, -0.01876539135242232328, -0.8352207668344542313 ) ) ;
#3311 = CARTESIAN_POINT ( 'NONE',  ( 0.6128772395659548566, 1.055249353302788462, 1.409456935393763821 ) ) ;
#3312 = VECTOR ( 'NONE', #5121, 1.000000000000000000 ) ;
#3313 = EDGE_CURVE ( 'NONE', #702, #5087, #2904, .T. ) ;
#3314 = DIRECTION ( 'NONE',  ( 0.7514598057663981479, -0.4257331870643814575, 0.5040430673558873309 ) ) ;
#3315 = CARTESIAN_POINT ( 'NONE',  ( 0.6365452231412933592, 0.9882363483098124401, 1.439160750311552439 ) ) ;
#3316 = AXIS2_PLACEMENT_3D ( 'NONE', #1119, #3138, #2963 ) ;
#3317 = ADVANCED_FACE ( 'NONE', ( #2938 ), #629, .T. ) ;
#3318 = CARTESIAN_POINT ( 'NONE',  ( 0.6101950457795526361, 0.9802226492471761699, 1.409377365984047170 ) ) ;
#3319 = ORIENTED_EDGE ( 'NONE', *, *, #3349, .F. ) ;
#3320 = ORIENTED_EDGE ( 'NONE', *, *, #1289, .F. ) ;
#3321 = CARTESIAN_POINT ( 'NONE',  ( 0.6351913482025965951, 0.9957067683558342708, 1.430439873425995323 ) ) ;
#3322 = CARTESIAN_POINT ( 'NONE',  ( 0.6279758284762664289, 0.9811737641496166562, 1.437991301330669103 ) ) ;
#3324 = CARTESIAN_POINT ( 'NONE',  ( 0.6018037870703848435, 1.013795200196677682, 1.420036570069111770 ) ) ;
#3323 = CARTESIAN_POINT ( 'NONE',  ( 0.6110840852109451493, 0.9694273071117168739, 1.418673953110455077 ) ) ;
#3325 = CARTESIAN_POINT ( 'NONE',  ( 0.6095823492119313292, 0.9715129482541229322, 1.413591068953570229 ) ) ;
#3326 = FACE_OUTER_BOUND ( 'NONE', #1931, .T. ) ;
#3327 = AXIS2_PLACEMENT_3D ( 'NONE', #4854, #2610, #2554 ) ;
#3328 = VERTEX_POINT ( 'NONE', #1888 ) ;
#3329 = AXIS2_PLACEMENT_3D ( 'NONE', #3400, #637, #2110 ) ;
#3330 = CARTESIAN_POINT ( 'NONE',  ( 0.6057137669742919117, 0.9959119794386104285, 1.416611941868750613 ) ) ;
#3331 = CARTESIAN_POINT ( 'NONE',  ( 0.5997972714114876425, 1.012093895847738345, 1.410288354395057953 ) ) ;
#3332 = CARTESIAN_POINT ( 'NONE',  ( 0.6440317531753094737, 0.9625747428934549044, 1.431015021317596281 ) ) ;
#3333 = CARTESIAN_POINT ( 'NONE',  ( 0.5863395989507087513, 1.045664811029151320, 1.399304328044957968 ) ) ;
#3334 = CARTESIAN_POINT ( 'NONE',  ( 0.6118910195012340347, 0.9714341208635216551, 1.410082574386483545 ) ) ;
#3335 = DIRECTION ( 'NONE',  ( 0.3385188374787366783, -0.9089891801586830189, 0.2431947101120622567 ) ) ;
#3336 = VERTEX_POINT ( 'NONE', #1431 ) ;
#3337 = CARTESIAN_POINT ( 'NONE',  ( 0.5999559737940599602, 1.009268961556655686, 1.407707632872554182 ) ) ;
#3338 = ORIENTED_EDGE ( 'NONE', *, *, #4025, .T. ) ;
#3339 = CARTESIAN_POINT ( 'NONE',  ( 0.6118910195012340347, 0.9714341208635216551, 1.410082574386483545 ) ) ;
#3340 = DIRECTION ( 'NONE',  ( -0.5495945148342156195, 0.01876539135242333983, 0.8352207668344541203 ) ) ;
#3341 = CARTESIAN_POINT ( 'NONE',  ( 0.6286578712074276654, 0.9799487503880963679, 1.414521859511451041 ) ) ;
#3342 = FACE_OUTER_BOUND ( 'NONE', #4157, .T. ) ;
#3343 = CARTESIAN_POINT ( 'NONE',  ( 0.6426864624286942052, 0.9817044555008702655, 1.430897278844420750 ) ) ;
#3344 = CARTESIAN_POINT ( 'NONE',  ( 0.6122137682510205847, 0.9748340614460864195, 1.427761940209329783 ) ) ;
#3345 = CARTESIAN_POINT ( 'NONE',  ( 0.6086235646272527555, 0.9813848462703784747, 1.416788083122856312 ) ) ;
#3346 = VERTEX_POINT ( 'NONE', #4366 ) ;
#3347 = VERTEX_POINT ( 'NONE', #4424 ) ;
#3348 = CARTESIAN_POINT ( 'NONE',  ( 0.6373104784503299536, 0.9959050089505856462, 1.426867862303887513 ) ) ;
#3349 = EDGE_CURVE ( 'NONE', #2031, #5698, #2883, .T. ) ;
#3350 = CARTESIAN_POINT ( 'NONE',  ( 0.6262585902715913644, 0.9841512467059039260, 1.436794422178399477 ) ) ;
#3352 = CARTESIAN_POINT ( 'NONE',  ( 0.5979351616251836754, 1.024299432394596865, 1.417254920659833051 ) ) ;
#3351 = CARTESIAN_POINT ( 'NONE',  ( 0.5872014716852412830, 1.046950523178227010, 1.404038919161035182 ) ) ;
#3353 = CARTESIAN_POINT ( 'NONE',  ( 0.6062166056493872857, 1.053999148353119253, 1.414055901490714806 ) ) ;
#3354 = CARTESIAN_POINT ( 'NONE',  ( 0.5935333910315382377, 1.082884249468866855, 1.384307277250732993 ) ) ;
#3355 = ORIENTED_EDGE ( 'NONE', *, *, #5730, .F. ) ;
#3356 = CARTESIAN_POINT ( 'NONE',  ( 0.6404750733367655657, 0.9910758417312988122, 1.428337797498663519 ) ) ;
#3357 = CARTESIAN_POINT ( 'NONE',  ( 0.5984102148452894454, 1.015905127828593546, 1.409290010037118623 ) ) ;
#3358 = CARTESIAN_POINT ( 'NONE',  ( 0.6317052251415709030, 0.9890597482256247019, 1.436885927058512591 ) ) ;
#3359 = CARTESIAN_POINT ( 'NONE',  ( 0.5891256401765648798, 1.039065373939253689, 1.401285880780774873 ) ) ;
#3360 = CARTESIAN_POINT ( 'NONE',  ( 0.6230183690883795977, 1.002648904552098097, 1.417484648980523287 ) ) ;
#3361 = LINE ( 'NONE', #4887, #3202 ) ;
#3362 = LINE ( 'NONE', #1918, #3226 ) ;
#3363 = ORIENTED_EDGE ( 'NONE', *, *, #3134, .F. ) ;
#3364 = EDGE_CURVE ( 'NONE', #5764, #5534, #5769, .T. ) ;
#3365 = CARTESIAN_POINT ( 'NONE',  ( 0.6005471042002139548, 1.007583375711051055, 1.408134481343020550 ) ) ;
#3366 = EDGE_LOOP ( 'NONE', ( #2336, #2781, #3162, #5614, #1263, #3021 ) ) ;
#3367 = CYLINDRICAL_SURFACE ( 'NONE', #1593, 0.0009999999999999800715 ) ;
#3368 = CARTESIAN_POINT ( 'NONE',  ( 0.6046275068544235687, 1.030942318293961213, 1.421509020301097603 ) ) ;
#3369 = CARTESIAN_POINT ( 'NONE',  ( 0.5948803431487863502, 1.032133707158800373, 1.414919415649565915 ) ) ;
#3370 = CARTESIAN_POINT ( 'NONE',  ( 0.6315854420108194534, 0.9940380052426506241, 1.431611375516130158 ) ) ;
#3371 = CARTESIAN_POINT ( 'NONE',  ( 0.6074181424781429639, 0.9982436267730068202, 1.422883063346431332 ) ) ;
#3372 = DIRECTION ( 'NONE',  ( -0.5495945148341937481, 0.01876539135241214046, 0.8352207668344687752 ) ) ;
#3373 = DIRECTION ( 'NONE',  ( -0.5495945148342162856, 0.01876539135242323575, 0.8352207668344536762 ) ) ;
#3374 = CARTESIAN_POINT ( 'NONE',  ( 0.6078196670331434959, 0.9807749057089120148, 1.412764149994520047 ) ) ;
#3375 = VERTEX_POINT ( 'NONE', #695 ) ;
#3376 = EDGE_LOOP ( 'NONE', ( #5169, #2935 ) ) ;
#3377 = CARTESIAN_POINT ( 'NONE',  ( 0.6347156549324179942, 0.9890148236341224086, 1.433605033223596559 ) ) ;
#3378 = CARTESIAN_POINT ( 'NONE',  ( 0.6048154432320289597, 1.049202049567736772, 1.415578732052906297 ) ) ;
#3380 = CARTESIAN_POINT ( 'NONE',  ( 0.6050142853132536302, 1.004322246871180102, 1.422361986267682177 ) ) ;
#3379 = CARTESIAN_POINT ( 'NONE',  ( 0.6086180080846705920, 0.9814094368383545763, 1.416782008036694629 ) ) ;
#3381 = CARTESIAN_POINT ( 'NONE',  ( 0.5947716718363078581, 1.096641217770531584, 1.391996738168310044 ) ) ;
#3382 = CARTESIAN_POINT ( 'NONE',  ( 0.6071192509273317661, 1.001152869314466010, 1.421423733934234601 ) ) ;
#3383 = EDGE_CURVE ( 'NONE', #4140, #233, #3895, .T. ) ;
#3384 = ADVANCED_FACE ( 'NONE', ( #1158 ), #300, .F. ) ;
#3385 = CARTESIAN_POINT ( 'NONE',  ( 0.6402536339012677713, 0.9910834025739851949, 1.428674319807623716 ) ) ;
#3386 = CARTESIAN_POINT ( 'NONE',  ( 0.6010572980093058515, 1.008530983180911944, 1.411197530971368685 ) ) ;
#3387 = ORIENTED_EDGE ( 'NONE', *, *, #1961, .F. ) ;
#3388 = CARTESIAN_POINT ( 'NONE',  ( 0.5857209174686025532, 1.047062869643515359, 1.398865810373258523 ) ) ;
#3389 = FACE_OUTER_BOUND ( 'NONE', #2598, .T. ) ;
#3390 = ADVANCED_FACE ( 'NONE', ( #1614 ), #5398, .T. ) ;
#3391 = CYLINDRICAL_SURFACE ( 'NONE', #10, 0.001499999999999958181 ) ;
#3392 = CARTESIAN_POINT ( 'NONE',  ( 0.6154159858572184616, 0.9566234624983953605, 1.421940907331202819 ) ) ;
#3393 = VECTOR ( 'NONE', #4115, 1.000000000000000000 ) ;
#3394 = VERTEX_POINT ( 'NONE', #3945 ) ;
#3395 = CARTESIAN_POINT ( 'NONE',  ( 0.5917322903468084094, 1.071555821214412285, 1.412111551587237779 ) ) ;
#3396 = CARTESIAN_POINT ( 'NONE',  ( 0.5984742926899953019, 1.013390126109512623, 1.406640059952200206 ) ) ;
#3397 = VECTOR ( 'NONE', #3488, 1.000000000000000000 ) ;
#3398 = ORIENTED_EDGE ( 'NONE', *, *, #2666, .T. ) ;
#3399 = CARTESIAN_POINT ( 'NONE',  ( 0.6482826453610153195, 0.9616294495625640204, 1.427847003618132549 ) ) ;
#3400 = CARTESIAN_POINT ( 'NONE',  ( 0.5913350129722013682, 1.082959311034276562, 1.387648160318070811 ) ) ;
#3401 = CARTESIAN_POINT ( 'NONE',  ( 0.6098940507266596978, 0.9905229270903000982, 1.423488445257125923 ) ) ;
#3402 = CARTESIAN_POINT ( 'NONE',  ( 0.6314735901725966327, 1.007251663578716316, 1.422772188948236316 ) ) ;
#3403 = AXIS2_PLACEMENT_3D ( 'NONE', #1300, #418, #4937 ) ;
#3404 = CARTESIAN_POINT ( 'NONE',  ( 0.6455583467118289898, 0.9879286036238834612, 1.425463473907655265 ) ) ;
#3405 = CARTESIAN_POINT ( 'NONE',  ( 0.6198222539378724916, 1.031376302675113710, 1.418909112530377215 ) ) ;
#3406 = CARTESIAN_POINT ( 'NONE',  ( 0.6407086376118867888, 0.9816520122850520558, 1.439981799629686421 ) ) ;
#3407 = CARTESIAN_POINT ( 'NONE',  ( 0.6106738696332854044, 0.9778566386728735349, 1.409705566354586770 ) ) ;
#3408 = VERTEX_POINT ( 'NONE', #5799 ) ;
#3409 = B_SPLINE_CURVE_WITH_KNOTS ( 'NONE', 3,
 ( #4848, #2547, #690, #779, #4935, #5336, #2578 ),
 .UNSPECIFIED., .F., .F.,
 ( 4, 3, 4 ),
 ( 0.0003782796889325166405, 0.003728404741516980463, 0.01001656813310362708 ),
 .UNSPECIFIED. ) ;
#3410 = EDGE_LOOP ( 'NONE', ( #3769, #5660, #2558, #5935, #929 ) ) ;
#3411 = AXIS2_PLACEMENT_3D ( 'NONE', #2176, #4929, #4873 ) ;
#3412 = CARTESIAN_POINT ( 'NONE',  ( 0.6316212803360103933, 0.9939717031299443173, 1.431638290571632055 ) ) ;
#3413 = CARTESIAN_POINT ( 'NONE',  ( 0.6195554281486138626, 0.9954355838705488679, 1.432845719867993362 ) ) ;
#3415 = CARTESIAN_POINT ( 'NONE',  ( 0.6035096089179162737, 1.008889735234553831, 1.421269254098712187 ) ) ;
#3414 = CARTESIAN_POINT ( 'NONE',  ( 0.6100738218264558643, 0.9779682866578058853, 1.420639316797458029 ) ) ;
#3416 = DIRECTION ( 'NONE',  ( -0.3385274322565171579, 0.9089894737290783455, -0.2431816486899091023 ) ) ;
#3417 = FACE_OUTER_BOUND ( 'NONE', #4361, .T. ) ;
#3418 = VERTEX_POINT ( 'NONE', #5735 ) ;
#3419 = AXIS2_PLACEMENT_3D ( 'NONE', #4017, #1608, #2930 ) ;
#3420 = CARTESIAN_POINT ( 'NONE',  ( 0.6373689026229595322, 0.9911818990289585907, 1.433058256337824909 ) ) ;
#3421 = CARTESIAN_POINT ( 'NONE',  ( 0.6037802738783606404, 1.002951627822980196, 1.415936701918447005 ) ) ;
#3422 = CARTESIAN_POINT ( 'NONE',  ( 0.5863976320265703590, 1.045532353140526061, 1.399345491154946997 ) ) ;
#3423 = CARTESIAN_POINT ( 'NONE',  ( 0.6296338530712108916, 1.007075837394554307, 1.424683184985809703 ) ) ;
#3424 = EDGE_CURVE ( 'NONE', #4148, #15, #1678, .T. ) ;
#3425 = DIRECTION ( 'NONE',  ( 0.3385274322565199334, -0.9089894737290770133, 0.2431816486899108509 ) ) ;
#3426 = CARTESIAN_POINT ( 'NONE',  ( 0.6162428654183322863, 0.9560707524588908379, 1.422355171278165464 ) ) ;
#3427 = ORIENTED_EDGE ( 'NONE', *, *, #1150, .F. ) ;
#3428 = AXIS2_PLACEMENT_3D ( 'NONE', #38, #5127, #1835 ) ;
#3429 = CARTESIAN_POINT ( 'NONE',  ( 0.6151803345404831536, 1.021316453378026345, 1.423025591353529684 ) ) ;
#3430 = CARTESIAN_POINT ( 'NONE',  ( 0.6028789694718160730, 1.000612876777604576, 1.409825512695561889 ) ) ;
#3431 = EDGE_LOOP ( 'NONE', ( #4122, #534, #3054, #1858 ) ) ;
#3432 = EDGE_CURVE ( 'NONE', #5556, #3408, #1216, .T. ) ;
#3433 = CARTESIAN_POINT ( 'NONE',  ( 0.5751668846225337361, 0.9724054619646953501, 1.465967821557120798 ) ) ;
#3434 = CYLINDRICAL_SURFACE ( 'NONE', #3526, 0.003750000000000010703 ) ;
#3435 = CARTESIAN_POINT ( 'NONE',  ( 0.6462219917616146558, 0.9680026677351138975, 1.432334296439912169 ) ) ;
#3436 = DIRECTION ( 'NONE',  ( 0.7505752902509447155, 0.4501006340066262545, 0.4837831672676748407 ) ) ;
#3437 = EDGE_CURVE ( 'NONE', #4148, #5307, #3065, .T. ) ;
#3438 = DIRECTION ( 'NONE',  ( 0.7514598057663981479, -0.4257331870643814575, 0.5040430673558873309 ) ) ;
#3439 = CARTESIAN_POINT ( 'NONE',  ( 0.6314588941897152363, 0.9972170765204761977, 1.430082373806137008 ) ) ;
#3440 = CARTESIAN_POINT ( 'NONE',  ( 0.6328638491995556281, 0.9552313830360927849, 1.432211747960139947 ) ) ;
#3441 = CARTESIAN_POINT ( 'NONE',  ( 0.6055284998457480805, 0.9903125454273360440, 1.411042511305780289 ) ) ;
#3442 = ORIENTED_EDGE ( 'NONE', *, *, #5955, .F. ) ;
#3443 = VERTEX_POINT ( 'NONE', #2970 ) ;
#3444 = CARTESIAN_POINT ( 'NONE',  ( 0.6374835256151226703, 0.9956038851750564911, 1.426988528617970653 ) ) ;
#3445 = CARTESIAN_POINT ( 'NONE',  ( 0.6275022464890321894, 0.9944604952079462157, 1.436306058296930477 ) ) ;
#3447 = CARTESIAN_POINT ( 'NONE',  ( 0.6471914815233392737, 0.9662830918764290233, 1.437799657313737489 ) ) ;
#3446 = CARTESIAN_POINT ( 'NONE',  ( 0.6086396994037404085, 0.9849356022186459558, 1.419539092453440565 ) ) ;
#3448 = CARTESIAN_POINT ( 'NONE',  ( 0.6183381112737995622, 0.9987034956041209721, 1.431170734077790385 ) ) ;
#3449 = CARTESIAN_POINT ( 'NONE',  ( 0.6077545089963293234, 1.054089663526715848, 1.413898413307936863 ) ) ;
#3450 = EDGE_LOOP ( 'NONE', ( #1558, #1753, #2811, #4808, #1192, #5020 ) ) ;
#3451 = CARTESIAN_POINT ( 'NONE',  ( 0.6046345889937519980, 1.080101836065485266, 1.407820534016631431 ) ) ;
#3452 = CARTESIAN_POINT ( 'NONE',  ( 0.6011840885112651467, 1.010639056029038585, 1.414055634183527754 ) ) ;
#3453 = CARTESIAN_POINT ( 'NONE',  ( 0.5877111566649535490, 1.044128267025427048, 1.402920500812095517 ) ) ;
#3454 =( BOUNDED_CURVE ( )  B_SPLINE_CURVE ( 3, ( #3401, #4379, #2980, #1561 ),
 .UNSPECIFIED., .F., .F. ) 
 B_SPLINE_CURVE_WITH_KNOTS ( ( 4, 4 ),
 ( 5.623451629499353288, 5.651549253029621411 ),
 .UNSPECIFIED. ) 
 CURVE ( )  GEOMETRIC_REPRESENTATION_ITEM ( )  RATIONAL_B_SPLINE_CURVE ( ( 1.000000000000000000, 0.9999342113780601560, 0.9999342113780601560, 1.000000000000000000 ) ) 
 REPRESENTATION_ITEM ( '' )  );
#3455 = CARTESIAN_POINT ( 'NONE',  ( 0.5896772923869799676, 1.037702958368224682, 1.401679490833793063 ) ) ;
#3456 = CARTESIAN_POINT ( 'NONE',  ( 0.6272482822978802108, 1.006627064911862712, 1.426342528046011582 ) ) ;
#3457 = CARTESIAN_POINT ( 'NONE',  ( 0.6345303909065619363, 1.007053003262218915, 1.417777145790678706 ) ) ;
#3458 = CARTESIAN_POINT ( 'NONE',  ( 0.6028700036550700414, 1.054615454792608320, 1.421018320962441406 ) ) ;
#3459 = ORIENTED_EDGE ( 'NONE', *, *, #2869, .F. ) ;
#3460 = CARTESIAN_POINT ( 'NONE',  ( 0.6025813543818454576, 1.001537612109221431, 1.409608898539689736 ) ) ;
#3461 = VERTEX_POINT ( 'NONE', #1581 ) ;
#3462 = CARTESIAN_POINT ( 'NONE',  ( 0.5902358239425329334, 1.082996841816981526, 1.389318601851739832 ) ) ;
#3463 = CARTESIAN_POINT ( 'NONE',  ( 0.5787324958702112498, 1.087896892492897560, 1.381639054558182034 ) ) ;
#3464 = CARTESIAN_POINT ( 'NONE',  ( 0.6031481908544539250, 0.9984775279971755957, 1.408676332299022560 ) ) ;
#3465 = CARTESIAN_POINT ( 'NONE',  ( 0.6207145614699156599, 0.9744376497014879401, 1.434561852725746434 ) ) ;
#3466 = CARTESIAN_POINT ( 'NONE',  ( 0.6208654633552428415, 0.9746468746535426053, 1.433459160627772455 ) ) ;
#3467 = EDGE_CURVE ( 'NONE', #2893, #2780, #4821, .T. ) ;
#3468 = EDGE_CURVE ( 'NONE', #4284, #122, #4914, .T. ) ;
#3469 = CARTESIAN_POINT ( 'NONE',  ( 0.6081534942634481133, 0.9983911518746207969, 1.422405650559165124 ) ) ;
#3470 = CARTESIAN_POINT ( 'NONE',  ( 0.6212595275770950165, 1.023248981560219262, 1.421411777248369868 ) ) ;
#3471 = CARTESIAN_POINT ( 'NONE',  ( 0.6413800508443696646, 0.9798203612280189656, 1.440021568858341983 ) ) ;
#3472 = B_SPLINE_CURVE_WITH_KNOTS ( 'NONE', 3,
 ( #1012, #4231, #2862, #2017, #4712, #5562, #5103, #2804, #2349, #491, #41, #3738 ),
 .UNSPECIFIED., .F., .F.,
 ( 4, 2, 2, 2, 2, 4 ),
 ( 0.02341829258010383330, 0.03671581428302830852, 0.05001333598595279067, 0.05666209683741525033, 0.06331085768887770304, 0.07660837939180278888 ),
 .UNSPECIFIED. ) ;
#3473 = CARTESIAN_POINT ( 'NONE',  ( 0.6119142687074627940, 1.055356523042199512, 1.410640327673216454 ) ) ;
#3474 = B_SPLINE_CURVE_WITH_KNOTS ( 'NONE', 3,
 ( #94, #547, #3793, #125, #3825, #1531, #2915, #3369 ),
 .UNSPECIFIED., .F., .F.,
 ( 4, 2, 2, 4 ),
 ( 0.007597015617862828106, 0.01319043999877093573, 0.01598715218922504983, 0.01878386437967916739 ),
 .UNSPECIFIED. ) ;
#3475 = ORIENTED_EDGE ( 'NONE', *, *, #4553, .F. ) ;
#3476 = PLANE ( 'NONE',  #3610 ) ;
#3477 = CARTESIAN_POINT ( 'NONE',  ( 0.5980617515939972151, 1.048971269497126713, 1.416783903245344867 ) ) ;
#3479 = CARTESIAN_POINT ( 'NONE',  ( 0.6452029367898659551, 0.9604482051121079333, 1.437819906480662491 ) ) ;
#3478 = CARTESIAN_POINT ( 'NONE',  ( 0.5769231282954794260, 1.069213741966745124, 1.399597367052780816 ) ) ;
#3480 = DIRECTION ( 'NONE',  ( -0.5495945148342153974, 0.01876539135242232328, 0.8352207668344542313 ) ) ;
#3481 = ADVANCED_FACE ( 'NONE', ( #4450 ), #407, .T. ) ;
#3482 = ORIENTED_EDGE ( 'NONE', *, *, #1426, .F. ) ;
#3483 = FACE_OUTER_BOUND ( 'NONE', #1186, .T. ) ;
#3484 = CARTESIAN_POINT ( 'NONE',  ( 0.6009815463630838739, 1.011213559450537147, 1.413909449078883052 ) ) ;
#3485 = CARTESIAN_POINT ( 'NONE',  ( 0.5880700729988602715, 1.043262492754628346, 1.403146213834082667 ) ) ;
#3486 = CARTESIAN_POINT ( 'NONE',  ( 0.5943070342385237126, 1.025694251946350777, 1.404995774279242049 ) ) ;
#3487 = DIRECTION ( 'NONE',  ( -0.5495945148342156195, 0.01876539135242228512, 0.8352207668344542313 ) ) ;
#3488 = DIRECTION ( 'NONE',  ( 0.3650397643841984952, 0.9046541402764898265, 0.2198791870526496384 ) ) ;
#3489 = DIRECTION ( 'NONE',  ( -0.7738664612090516703, -0.3881086756343407607, -0.5005021040047059611 ) ) ;
#3490 = EDGE_LOOP ( 'NONE', ( #4296, #3261, #4005, #3849 ) ) ;
#3491 = CARTESIAN_POINT ( 'NONE',  ( 0.6012662511870717763, 1.006714304244609171, 1.410001532965992954 ) ) ;
#3492 = ORIENTED_EDGE ( 'NONE', *, *, #5018, .F. ) ;
#3493 = CARTESIAN_POINT ( 'NONE',  ( 0.5938155014503390117, 1.024694831653038207, 1.401946168141629201 ) ) ;
#3494 = CARTESIAN_POINT ( 'NONE',  ( 0.6138175464493922373, 0.9933238216780772012, 1.428401843017416795 ) ) ;
#3495 = AXIS2_PLACEMENT_3D ( 'NONE', #807, #3170, #2662 ) ;
#3496 = CARTESIAN_POINT ( 'NONE',  ( 0.6011424413393509081, 1.004637963420878854, 1.407218092799215059 ) ) ;
#3497 = DIRECTION ( 'NONE',  ( -0.3385274322565171023, 0.9089894737290785676, -0.2431816486899090746 ) ) ;
#3498 = CARTESIAN_POINT ( 'NONE',  ( 0.6366691583610241123, 0.9970384538903065419, 1.426419972619382914 ) ) ;
#3499 = AXIS2_PLACEMENT_3D ( 'NONE', #2218, #274, #3067 ) ;
#3500 = CARTESIAN_POINT ( 'NONE',  ( 0.6328886798080528564, 0.9978420185659020447, 1.429634860479408243 ) ) ;
#3501 = CARTESIAN_POINT ( 'NONE',  ( 0.6418011167918893367, 0.9670791023737128622, 1.438526423948736754 ) ) ;
#3502 = CARTESIAN_POINT ( 'NONE',  ( 0.6103844824408883873, 1.055747655539688967, 1.411814689657717503 ) ) ;
#3503 = EDGE_CURVE ( 'NONE', #3966, #5534, #4697, .T. ) ;
#3504 = VECTOR ( 'NONE', #3294, 1.000000000000000000 ) ;
#3505 = ORIENTED_EDGE ( 'NONE', *, *, #5470, .F. ) ;
#3506 = FACE_OUTER_BOUND ( 'NONE', #2316, .T. ) ;
#3507 = EDGE_CURVE ( 'NONE', #2875, #3375, #1821, .T. ) ;
#3508 = CARTESIAN_POINT ( 'NONE',  ( 0.5984023328505684303, 1.053718486585489833, 1.409118981526151337 ) ) ;
#3510 = CARTESIAN_POINT ( 'NONE',  ( 0.5873886706680814251, 1.043479029119995571, 1.400942637482666342 ) ) ;
#3509 = CARTESIAN_POINT ( 'NONE',  ( 0.5930616506022866607, 1.032510137765089375, 1.408219492502796655 ) ) ;
#3511 = CARTESIAN_POINT ( 'NONE',  ( 0.5994083592501402435, 1.054223027863814499, 1.409769634261357485 ) ) ;
#3512 = ORIENTED_EDGE ( 'NONE', *, *, #198, .T. ) ;
#3513 = AXIS2_PLACEMENT_3D ( 'NONE', #4525, #5066, #5522 ) ;
#3514 = CARTESIAN_POINT ( 'NONE',  ( 0.6307156888576583853, 1.002096492240523995, 1.428109394613116034 ) ) ;
#3515 = CARTESIAN_POINT ( 'NONE',  ( 0.6015811189069548703, 1.009503900896955519, 1.414342393526091257 ) ) ;
#3516 = ORIENTED_EDGE ( 'NONE', *, *, #1690, .F. ) ;
#3517 = CARTESIAN_POINT ( 'NONE',  ( 0.6069849164821985443, 0.9937866592564805757, 1.406960651042114874 ) ) ;
#3518 = CARTESIAN_POINT ( 'NONE',  ( 0.6116180949630125596, 0.9923252997484456328, 1.428135423202210319 ) ) ;
#3519 = CARTESIAN_POINT ( 'NONE',  ( 0.6253417172405406621, 1.006150790909478676, 1.427232595087813527 ) ) ;
#3520 = VERTEX_POINT ( 'NONE', #3664 ) ;
#3521 = CARTESIAN_POINT ( 'NONE',  ( 0.5966456274868653376, 1.018321842580643954, 1.405325952355367836 ) ) ;
#3522 = VERTEX_POINT ( 'NONE', #1302 ) ;
#3523 = CARTESIAN_POINT ( 'NONE',  ( 0.5759228805380317562, 1.064118801050375707, 1.389286649911623872 ) ) ;
#3524 = CARTESIAN_POINT ( 'NONE',  ( 0.5957057599511211832, 1.019663705201550030, 1.403303039049843992 ) ) ;
#3525 = CARTESIAN_POINT ( 'NONE',  ( 0.5949245182436513346, 1.033337560143857470, 1.413745028134278492 ) ) ;
#3526 = AXIS2_PLACEMENT_3D ( 'NONE', #2560, #5709, #1067 ) ;
#3527 = CARTESIAN_POINT ( 'NONE',  ( 0.6051006571230973519, 1.041375767089603777, 1.418080560745004659 ) ) ;
#3528 = CARTESIAN_POINT ( 'NONE',  ( 0.6239614576587798611, 1.012546415492553864, 1.424804474581465863 ) ) ;
#3529 = CARTESIAN_POINT ( 'NONE',  ( 0.6165410602728559342, 1.038237287892511684, 1.417211585290734766 ) ) ;
#3530 = FACE_OUTER_BOUND ( 'NONE', #3064, .T. ) ;
#3531 = VERTEX_POINT ( 'NONE', #3208 ) ;
#3532 = CARTESIAN_POINT ( 'NONE',  ( 0.6166924067206779325, 1.003156166288409645, 1.428178224907840965 ) ) ;
#3533 = DIRECTION ( 'NONE',  ( -0.7505752902509300606, -0.4501006340066251443, -0.4837831672676988770 ) ) ;
#3535 = DIRECTION ( 'NONE',  ( 0.3650397643841978290, 0.9046541402764898265, 0.2198791870526504155 ) ) ;
#3534 = CARTESIAN_POINT ( 'NONE',  ( 0.5880140794424063566, 1.047275988590065099, 1.407388356813266572 ) ) ;
#3536 = DIRECTION ( 'NONE',  ( -0.7626657353480682522, -0.4193492594260357920, -0.4924298678439659738 ) ) ;
#3537 = ORIENTED_EDGE ( 'NONE', *, *, #5208, .F. ) ;
#3538 = EDGE_CURVE ( 'NONE', #2945, #3, #4033, .T. ) ;
#3539 = CARTESIAN_POINT ( 'NONE',  ( 0.6257609272956101698, 0.9911583848500782334, 1.433487479576866397 ) ) ;
#3540 = CARTESIAN_POINT ( 'NONE',  ( 0.6070174220407638099, 1.069191433017545156, 1.409633623460216700 ) ) ;
#3541 = CARTESIAN_POINT ( 'NONE',  ( 0.6087943424266627490, 0.9879733969035612295, 1.422394634664418289 ) ) ;
#3542 = DIRECTION ( 'NONE',  ( 0.5495945148342153974, -0.01876539135242232328, -0.8352207668344542313 ) ) ;
#3543 = CARTESIAN_POINT ( 'NONE',  ( 0.5463001173185650927, 1.019406786893485739, 1.359442032578070503 ) ) ;
#3544 = DIRECTION ( 'NONE',  ( -0.5495945148342156195, 0.01876539135242333983, 0.8352207668344541203 ) ) ;
#3545 = FACE_OUTER_BOUND ( 'NONE', #776, .T. ) ;
#3546 = ORIENTED_EDGE ( 'NONE', *, *, #5965, .T. ) ;
#3547 = CARTESIAN_POINT ( 'NONE',  ( 0.6016592699891556428, 1.005566288450609358, 1.410285941535484255 ) ) ;
#3548 = CARTESIAN_POINT ( 'NONE',  ( 0.6089693158716036336, 0.9834371640885535282, 1.424094318089444533 ) ) ;
#3549 = ORIENTED_EDGE ( 'NONE', *, *, #1547, .T. ) ;
#3550 = CARTESIAN_POINT ( 'NONE',  ( 0.5886615421906007395, 1.037995604911591929, 1.398255907941324816 ) ) ;
#3551 = COORDINATED_UNIVERSAL_TIME_OFFSET ( 2, 0, .AHEAD. ) ;
#3552 = CARTESIAN_POINT ( 'NONE',  ( 0.6036638699338299219, 0.9968022182091134109, 1.409053301179289619 ) ) ;
#3553 = EDGE_CURVE ( 'NONE', #4628, #4087, #5049, .T. ) ;
#3554 = CARTESIAN_POINT ( 'NONE',  ( 0.5956627887700098878, 1.035002588996497552, 1.413124596419597534 ) ) ;
#3555 = LINE ( 'NONE', #2168, #2825 ) ;
#3556 = CARTESIAN_POINT ( 'NONE',  ( 0.6236824537736970209, 1.017230810821484921, 1.423141332276214310 ) ) ;
#3557 = CARTESIAN_POINT ( 'NONE',  ( 0.6135386647937992599, 1.034766821973842843, 1.418822149801256538 ) ) ;
#3558 = CARTESIAN_POINT ( 'NONE',  ( 0.5923400968996860305, 1.042188380153249883, 1.389225552954357790 ) ) ;
#3559 = CARTESIAN_POINT ( 'NONE',  ( 0.6049958442187701735, 0.9922319352857699171, 1.410648710459575073 ) ) ;
#3560 = CARTESIAN_POINT ( 'NONE',  ( 0.6147518268255485197, 1.007032339248504105, 1.426814190375001568 ) ) ;
#3561 = CARTESIAN_POINT ( 'NONE',  ( 0.5744072640965008913, 1.093091282693150923, 1.392445061706500509 ) ) ;
#3563 = CARTESIAN_POINT ( 'NONE',  ( 0.6065451514467077310, 1.001243391745413769, 1.422241217660432655 ) ) ;
#3562 = CARTESIAN_POINT ( 'NONE',  ( 0.5908072984740192490, 1.040571334017995841, 1.409376996693152195 ) ) ;
#3564 = DIRECTION ( 'NONE',  ( 0.7505752902509679192, 0.4501006340066093236, 0.4837831672676545791 ) ) ;
#3565 = ORIENTED_EDGE ( 'NONE', *, *, #2546, .F. ) ;
#3566 = CARTESIAN_POINT ( 'NONE',  ( 0.6286678033523103171, 0.9924933945921357026, 1.432548241138942968 ) ) ;
#3567 = CARTESIAN_POINT ( 'NONE',  ( 0.6154623797989011713, 1.042999383993211238, 1.415779072323511301 ) ) ;
#3568 = CARTESIAN_POINT ( 'NONE',  ( 0.6032544721447995473, 1.004566057745497787, 1.415554439921811181 ) ) ;
#3569 = CARTESIAN_POINT ( 'NONE',  ( 0.5869214477606886637, 1.044119027930536792, 1.397807020094118613 ) ) ;
#3570 = ADVANCED_FACE ( 'NONE', ( #5085 ), #3150, .F. ) ;
#3571 = CARTESIAN_POINT ( 'NONE',  ( 0.6218120066730530304, 0.9930495683037976473, 1.416253924932637354 ) ) ;
#3572 = CARTESIAN_POINT ( 'NONE',  ( 0.6069950217618559352, 0.9867101801098723257, 1.424149415464095680 ) ) ;
#3573 = CARTESIAN_POINT ( 'NONE',  ( 0.5966107124219526270, 1.027724189662384546, 1.416238174464631072 ) ) ;
#3574 = ORIENTED_EDGE ( 'NONE', *, *, #3432, .T. ) ;
#3575 = EDGE_CURVE ( 'NONE', #2695, #5263, #2701, .T. ) ;
#3576 = DIRECTION ( 'NONE',  ( -0.7512883676660403465, 0.4257273140144764434, -0.5043035224066118039 ) ) ;
#3577 = CARTESIAN_POINT ( 'NONE',  ( 0.5788271546440935111, 1.059740030896747287, 1.392670419986324459 ) ) ;
#3578 = CARTESIAN_POINT ( 'NONE',  ( 0.6055457754442497009, 1.052808595144575809, 1.414520474967680075 ) ) ;
#3579 = ORIENTED_EDGE ( 'NONE', *, *, #439, .T. ) ;
#3580 = EDGE_CURVE ( 'NONE', #1128, #2010, #5064, .T. ) ;
#3581 = CARTESIAN_POINT ( 'NONE',  ( 0.5858290621865992476, 1.044698662313672477, 1.396241469321266360 ) ) ;
#3582 = DIRECTION ( 'NONE',  ( -0.7626657353480703616, -0.4193492594260337936, -0.4924298678439644750 ) ) ;
#3583 = CARTESIAN_POINT ( 'NONE',  ( 0.5869214477606886637, 1.044119027930536792, 1.397807020094118613 ) ) ;
#3584 = CARTESIAN_POINT ( 'NONE',  ( 0.6037381863353877831, 1.014026971767967744, 1.418909665547490651 ) ) ;
#3585 = CARTESIAN_POINT ( 'NONE',  ( 0.6277466282369834616, 1.000672985146194183, 1.428936275617506135 ) ) ;
#3586 = VERTEX_POINT ( 'NONE', #2421 ) ;
#3587 = CARTESIAN_POINT ( 'NONE',  ( 0.6077510377987057621, 1.051031479320206685, 1.414648486414350925 ) ) ;
#3588 = DIRECTION ( 'NONE',  ( -0.5495945148342156195, 0.01876539135242333983, 0.8352207668344541203 ) ) ;
#3589 = DIRECTION ( 'NONE',  ( -0.9357587216283619336, -0.2610391750426213076, 0.2370952635324488633 ) ) ;
#3590 = DESIGN_CONTEXT ( 'detailed design', #4898, 'design' ) ;
#3591 = CARTESIAN_POINT ( 'NONE',  ( 0.6068685140736487238, 0.9982623453114263246, 1.423718157396245854 ) ) ;
#3592 = CARTESIAN_POINT ( 'NONE',  ( 0.5883109192536832843, 1.048790871264293267, 1.410371683939347420 ) ) ;
#3593 = AXIS2_PLACEMENT_3D ( 'NONE', #876, #5458, #5001 ) ;
#3594 = CARTESIAN_POINT ( 'NONE',  ( 0.6322560462814342808, 0.9740435764830870369, 1.417022216622222830 ) ) ;
#3595 = VERTEX_POINT ( 'NONE', #3267 ) ;
#3596 = VECTOR ( 'NONE', #781, 1.000000000000000000 ) ;
#3597 = B_SPLINE_SURFACE_WITH_KNOTS ( 'NONE', 3, 3, ( 
 ( #4798, #3523, #5865, #2135, #4009, #3158, #2708, #4041, #824, #1711, #5918, #5434, #1739, #2646, #3072, #1310, #3581, #4892, #2589, #3978, #5466, #5007, #5835, #1278, #2195, #368, #3130, #5406, #307, #5347, #1770, #3045, #1222, #337, #855, #2615, #1680, #2225, #5379, #3550, #4550, #4980, #3613, #5892, #2678, #4431, #280, #1196, #1251, #394, #4523, #736, #2255, #4104, #1648, #4072, #4920, #762, #3493, #4456, #2164, #3098, #4946, #789, #4491, #455, #5493, #3215, #2399, #539, #5120, #31 ),
 ( #1000, #2340, #2372, #5950, #429, #1886, #5092, #1456, #3699, #1801, #2285, #970, #4190, #4135, #3729, #5581, #5151, #482, #1430, #884, #3301, #59, #3643, #2855, #3273, #1915, #4585, #5607, #3187, #2736, #2824, #4670, #4612, #4222, #4703, #511, #940, #1339, #5033, #3245, #5978, #6005, #3754, #4161, #1828, #3671, #5521, #1368, #5065, #5550, #917, #2767, #2311, #2792, #1854, #1401, #4640, #2903, #1942, #2517, #5640, #3816, #2937, #2070, #5212, #565, #2969, #114, #2459, #5768, #5734, #211 ),
 ( #4759, #4247, #4277, #4851, #4790, #3876, #4308, #1580, #1124, #5308, #5699, #3388, #3913, #85, #1551, #2035, #693, #3333, #3422, #2426, #5241, #1157, #5183, #1521, #1088, #628, #1976, #5671, #1491, #3001, #2488, #661, #3782, #4731, #4336, #179, #1613, #2006, #1031, #3359, #5275, #4820, #1058, #4365, #3455, #2879, #594, #148, #3845, #3035, #1187, #2550, #4398, #4885, #245, #3944, #2099, #1641, #3486, #5798, #5339, #921, #515, #5156, #2344, #3250, #2857, #5613, #5557, #1005, #2317, #974 ),
 ( #3705, #3306, #2291, #4590, #5498, #2261, #2376, #4226, #3221, #1407, #2741, #4617, #3759, #4707, #4643, #1435, #460, #62, #35, #4195, #5098, #3676, #1919, #1892, #1343, #3191, #434, #1462, #4110, #4141, #3732, #2798, #2828, #5586, #5124, #2771, #5957, #5983, #1807, #485, #3279, #4165, #4675, #3648, #5038, #947, #891, #1833, #5525, #1375, #5069, #4, #1859, #1049, #4721, #4660, #1904, #1080, #5231, #3807, #556, #3746, #530, #5174, #4238, #5691, #990, #961, #3379, #2449, #5203, #3323 ),
 ( #5663, #1022, #2814, #2418, #4267, #3836, #2871, #105, #5570, #139, #4749, #4631, #1543, #1965, #586, #3264, #4299, #1875, #1420, #1512, #3351, #3292, #2896, #473, #1998, #5630, #2332, #4179, #1934, #19, #4693, #3719, #2845, #5110, #501, #2360, #4212, #48, #2389, #5599, #1448, #5141, #1480, #77, #3772, #5850, #5791, #4357, #5760, #292, #4417, #200, #1634, #3992, #4876, #3509, #652, #1605, #2027, #3025, #4328, #2510, #5266, #4811, #2960, #3057, #1208, #3446, #4841, #3414, #2927, #2060 ),
 ( #3902, #3478, #747, #5300, #1116, #1662, #1147, #2991, #4443, #266, #4906, #5330, #1179, #2122, #684, #2574, #4782, #2541, #3963, #2601, #5819, #1694, #3866, #4389, #3937, #718, #236, #2092, #171, #3534, #5362, #2148, #5389, #620, #2479, #5722, #1572, #4991, #3682, #1721, #2269, #3626, #3562, #3169, #5016, #441, #1783, #2717, #2179, #2750, #1349, #1233, #4147, #865, #3197, #5875, #898, #4472, #4022, #4120, #5962, #5901, #5504, #5991, #1322, #2235, #1839, #4597, #4533, #3082, #1292, #1813 ),
 ( #5046, #5417, #4564, #834, #2296, #409, #4931, #4084, #773, #3656, #2628, #5929, #2660, #4052, #320, #1260, #4505, #5478, #3110, #4960, #805, #348, #1749, #2206, #3592, #5447, #3141, #2690, #377, #5564, #5656, #3799, #4203, #1443, #12, #5533, #3259, #4743, #2384, #1043, #524, #1415, #928, #2837, #4714, #3740, #4171, #5594, #3286, #1014, #1866, #5105, #2412, #43, #1383, #955, #132, #70, #5166, #5133, #2864, #4260, #579, #984, #4685, #2442, #4233, #1928, #1505, #3713, #3344, #5194 ) ),
 .UNSPECIFIED., .F., .F., .F.,
 ( 4, 3, 4 ),
 ( 4, 3, 1, 1, 1, 1, 1, 1, 1, 1, 1, 1, 1, 1, 1, 1, 1, 1, 1, 1, 1, 1, 1, 1, 1, 1, 1, 1, 1, 1, 1, 1, 1, 1, 1, 1, 1, 1, 1, 1, 1, 1, 1, 1, 1, 1, 1, 1, 1, 1, 1, 1, 1, 1, 1, 1, 2, 1, 1, 1, 1, 1, 1, 3, 4 ),
 ( -0.05146255606314409370, 0.2928932187591780090, 1.000000000000000000 ),
 ( 2.569921467756182132, 2.867870329746180058, 2.933073060561549816, 2.998275791376910249, 3.128681253007630225, 3.259086714638359972, 3.280820958243479968, 3.302555201848599964, 3.313422323651159740, 3.318855884552440294, 3.324289445453719960, 3.335156567256280180, 3.340590128157559846, 3.346023689058839956, 3.351457249960119622, 3.354174030410759677, 3.356890810861399732, 3.362324371762679842, 3.367757932663969722, 3.370474713114609777, 3.373191493565249832, 3.374549883790570082, 3.375908274015889887, 3.378625054466529942, 3.381341834917169997, 3.382700225142489803, 3.384058615367810052, 3.385417005593129858, 3.386775395818450107, 3.389492176269090162, 3.405792858972930048, 3.413943200324849769, 3.422093541676769934, 3.438394224380610265, 3.454694907084449707, 3.458770077760410011, 3.460807663098389941, 3.462845248436369872, 3.466920419112330176, 3.467939211781319919, 3.468193909948570131, 3.468448608115819898, 3.468958004450310106, 3.470995589788290037, 3.475070760464249897, 3.477108345802229827, 3.479145931140210202, 3.483221101816170062, 3.485258687154149992, 3.486277479823140180, 3.487296272492129923, 3.491371443168089783, 3.495446613844050088, 3.503596955195969809, 3.507672125871930113, 3.511747296547889974, 3.519897637899810139, 3.529867107220790334, 3.534851841881279988, 3.539836576541769642, 3.559775515183730032, 3.579714453825700193, 3.599653392467659696, 3.619592331109620087, 3.647693695853384988 ),
 .UNSPECIFIED. ) ;
#3598 = ORIENTED_EDGE ( 'NONE', *, *, #4653, .F. ) ;
#3599 = CARTESIAN_POINT ( 'NONE',  ( 0.6185904697374116079, 1.012940454265901291, 1.425457727360013971 ) ) ;
#3600 = CARTESIAN_POINT ( 'NONE',  ( 0.6023694879007106540, 1.068216975534875823, 1.410719982215456136 ) ) ;
#3601 = CARTESIAN_POINT ( 'NONE',  ( 0.6004853360647099958, 1.015037588905871591, 1.416319050009067437 ) ) ;
#3602 = CARTESIAN_POINT ( 'NONE',  ( 0.6172330844609957845, 1.003319382374216362, 1.428030193192375341 ) ) ;
#3603 = CARTESIAN_POINT ( 'NONE',  ( 0.6219227268283140653, 0.9930457878675160721, 1.416085663113268556 ) ) ;
#3604 = DIRECTION ( 'NONE',  ( 0.3650397643841984952, 0.9046541402764898265, 0.2198791870526496384 ) ) ;
#3605 = CARTESIAN_POINT ( 'NONE',  ( 0.6026790141441379367, 1.038117115068774243, 1.418251048108122081 ) ) ;
#3606 = ORIENTED_EDGE ( 'NONE', *, *, #64, .T. ) ;
#3607 = CARTESIAN_POINT ( 'NONE',  ( 0.6147538271273463861, 0.9607155375057736535, 1.422113474374056885 ) ) ;
#3608 = CARTESIAN_POINT ( 'NONE',  ( 0.5849899577969324138, 1.047296853920456128, 1.397005254605143909 ) ) ;
#3609 = CARTESIAN_POINT ( 'NONE',  ( 0.6078453907553655888, 0.9759237682338096631, 1.421478808773407154 ) ) ;
#3610 = AXIS2_PLACEMENT_3D ( 'NONE', #318, #1176, #681 ) ;
#3611 = VERTEX_POINT ( 'NONE', #589 ) ;
#3612 = EDGE_CURVE ( 'NONE', #4476, #797, #1907, .T. ) ;
#3613 = CARTESIAN_POINT ( 'NONE',  ( 0.5891452975893174404, 1.036801745588255663, 1.398601053275978501 ) ) ;
#3614 = FACE_BOUND ( 'NONE', #1550, .T. ) ;
#3615 = CARTESIAN_POINT ( 'NONE',  ( 0.6060167578200527094, 1.027184302044259256, 1.422507981175145098 ) ) ;
#3616 = CARTESIAN_POINT ( 'NONE',  ( 0.6314821785220012806, 0.9545459851028995635, 1.431323791750713559 ) ) ;
#3617 = VECTOR ( 'NONE', #399, 1.000000000000000000 ) ;
#3618 = ADVANCED_FACE ( 'NONE', ( #1052 ), #2834, .F. ) ;
#3619 = CARTESIAN_POINT ( 'NONE',  ( 0.6281772503810246766, 1.009042369645203996, 1.425525221619364125 ) ) ;
#3620 = VECTOR ( 'NONE', #1334, 1.000000000000000000 ) ;
#3621 = CARTESIAN_POINT ( 'NONE',  ( 0.6100417391149576263, 0.9935879981922525195, 1.401965574604891573 ) ) ;
#3622 = CARTESIAN_POINT ( 'NONE',  ( 0.5265724758000447370, 1.086629239930458901, 1.431425248405979955 ) ) ;
#3623 = EDGE_CURVE ( 'NONE', #4687, #2404, #3810, .T. ) ;
#3624 = VECTOR ( 'NONE', #5778, 1.000000000000000000 ) ;
#3625 = CARTESIAN_POINT ( 'NONE',  ( 0.6064046034580323763, 1.054309678749250079, 1.414954926754753650 ) ) ;
#3626 = CARTESIAN_POINT ( 'NONE',  ( 0.5906715188694132701, 1.040908099839157552, 1.409280084270041922 ) ) ;
#3627 = CARTESIAN_POINT ( 'NONE',  ( 0.6337127384688721055, 0.9328800364738694118, 1.429681193019342933 ) ) ;
#3628 = EDGE_LOOP ( 'NONE', ( #4352, #665 ) ) ;
#3629 = ADVANCED_FACE ( 'NONE', ( #1937 ), #5573, .F. ) ;
#3630 = B_SPLINE_CURVE_WITH_KNOTS ( 'NONE', 3,
 ( #3744, #5994, #4629, #1843 ),
 .UNSPECIFIED., .F., .F.,
 ( 4, 4 ),
 ( 0.0002030131513518452439, 0.0008246129026993167296 ),
 .UNSPECIFIED. ) ;
#3631 = EDGE_LOOP ( 'NONE', ( #5645, #5369, #715, #5432, #2445 ) ) ;
#3632 = CARTESIAN_POINT ( 'NONE',  ( 0.6086470071624806577, 0.9850232372394971403, 1.419756416640282515 ) ) ;
#3633 = CARTESIAN_POINT ( 'NONE',  ( 0.6030628950693111001, 1.079878990291046614, 1.408165634276148825 ) ) ;
#3634 = CARTESIAN_POINT ( 'NONE',  ( 0.5863050151116344644, 1.050805487622510359, 1.406184453782785448 ) ) ;
#3635 = FACE_OUTER_BOUND ( 'NONE', #1691, .T. ) ;
#3636 = CARTESIAN_POINT ( 'NONE',  ( 0.6159459743856083858, 0.9915734659595120126, 1.418952678237463072 ) ) ;
#3637 = CARTESIAN_POINT ( 'NONE',  ( 0.6076967720328649847, 0.9880235883160396471, 1.424898331509946381 ) ) ;
#3638 = CARTESIAN_POINT ( 'NONE',  ( 0.5735879520438930124, 1.097222931218387654, 1.375649716130115996 ) ) ;
#3639 = ORIENTED_EDGE ( 'NONE', *, *, #2101, .F. ) ;
#3640 = CARTESIAN_POINT ( 'NONE',  ( 0.6048766614312530709, 1.050934333902802553, 1.404465226325439353 ) ) ;
#3641 = CARTESIAN_POINT ( 'NONE',  ( 0.5961925144333239945, 1.020675843470530531, 1.406349215209824255 ) ) ;
#3642 = FACE_OUTER_BOUND ( 'NONE', #2521, .T. ) ;
#3643 = CARTESIAN_POINT ( 'NONE',  ( 0.5864386634110111407, 1.044370520855837592, 1.398024283918217536 ) ) ;
#3644 = CALENDAR_DATE ( 2026, 6, 9 ) ;
#3645 = CARTESIAN_POINT ( 'NONE',  ( 0.6325806257254336096, 0.9936970967422265044, 1.431660887107113922 ) ) ;
#3646 = CARTESIAN_POINT ( 'NONE',  ( 0.6245474848696876968, 0.9532972770684000619, 1.427017847191394129 ) ) ;
#3647 = VERTEX_POINT ( 'NONE', #4753 ) ;
#3648 = CARTESIAN_POINT ( 'NONE',  ( 0.5898855137212889455, 1.038297059939849110, 1.403177467640806642 ) ) ;
#3649 = CARTESIAN_POINT ( 'NONE',  ( 0.6304542142120300730, 1.008966168558743215, 1.422063280059931323 ) ) ;
#3650 =( BOUNDED_CURVE ( )  B_SPLINE_CURVE ( 3, ( #3707, #2801, #5560, #1411 ),
 .UNSPECIFIED., .F., .F. ) 
 B_SPLINE_CURVE_WITH_KNOTS ( ( 4, 4 ),
 ( 6.252279135163057333, 9.393871788753035190 ),
 .UNSPECIFIED. ) 
 CURVE ( )  GEOMETRIC_REPRESENTATION_ITEM ( )  RATIONAL_B_SPLINE_CURVE ( ( 1.000000000000000000, 0.3333333333332717530, 0.3333333333332717530, 1.000000000000000000 ) ) 
 REPRESENTATION_ITEM ( '' )  );
#3651 = EDGE_CURVE ( 'NONE', #2013, #2354, #5145, .T. ) ;
#3652 = CARTESIAN_POINT ( 'NONE',  ( 0.6045127548332996925, 1.001934977474308930, 1.405150748276968287 ) ) ;
#3653 = CARTESIAN_POINT ( 'NONE',  ( 0.5869255869947032078, 1.042484936689862529, 1.401983616409893330 ) ) ;
#3654 = ADVANCED_FACE ( 'NONE', ( #1423 ), #30, .F. ) ;
#3655 = CARTESIAN_POINT ( 'NONE',  ( 0.5880687073875665583, 1.043259729072770536, 1.403137781408366314 ) ) ;
#3656 = CARTESIAN_POINT ( 'NONE',  ( 0.5867654761672937980, 1.052278761309898947, 1.409276382312167231 ) ) ;
#3657 = ORIENTED_EDGE ( 'NONE', *, *, #3797, .T. ) ;
#3658 = ORIENTED_EDGE ( 'NONE', *, *, #5576, .F. ) ;
#3659 = CARTESIAN_POINT ( 'NONE',  ( 0.6086229667137811328, 0.9843256937913508198, 1.419083036879724258 ) ) ;
#3660 = ADVANCED_FACE ( 'NONE', ( #3326 ), #4182, .T. ) ;
#3661 = CARTESIAN_POINT ( 'NONE',  ( 0.5992147871745188148, 1.082659596757172826, 1.408319625646200279 ) ) ;
#3662 = CARTESIAN_POINT ( 'NONE',  ( 0.6093960045550226301, 0.9886776865937885184, 1.425596753965330699 ) ) ;
#3663 = LINE ( 'NONE', #4968, #3596 ) ;
#3664 = CARTESIAN_POINT ( 'NONE',  ( 0.5929740535564246295, 1.049449932425819743, 1.400853799780373832 ) ) ;
#3665 = CARTESIAN_POINT ( 'NONE',  ( 0.6119148135879379780, 0.9713020900192173013, 1.410081725312870571 ) ) ;
#3666 = FACE_BOUND ( 'NONE', #381, .T. ) ;
#3667 = EDGE_LOOP ( 'NONE', ( #5029, #1395, #5250, #102 ) ) ;
#3668 = CARTESIAN_POINT ( 'NONE',  ( 0.6207670552143820242, 0.9569992931081575671, 1.425099295455406478 ) ) ;
#3669 = CARTESIAN_POINT ( 'NONE',  ( 0.6032199194500544870, 1.002089793743680346, 1.412765303677768314 ) ) ;
#3670 = CARTESIAN_POINT ( 'NONE',  ( 0.5817618532531148023, 1.097294064801864089, 1.397782823405194108 ) ) ;
#3671 = CARTESIAN_POINT ( 'NONE',  ( 0.5895142809521216609, 1.036996441477428643, 1.400213788883060362 ) ) ;
#3672 = APPROVAL_DATE_TIME ( #3783, #494 ) ;
#3673 = CARTESIAN_POINT ( 'NONE',  ( 0.6161160840190296195, 1.002547498892566891, 1.429707099987866270 ) ) ;
#3674 = CARTESIAN_POINT ( 'NONE',  ( 0.6242278213322229874, 0.9954835149873734190, 1.431806626614269273 ) ) ;
#3675 = ORIENTED_EDGE ( 'NONE', *, *, #1921, .F. ) ;
#3676 = CARTESIAN_POINT ( 'NONE',  ( 0.5868221324358835478, 1.045627370468453998, 1.400996997794477172 ) ) ;
#3677 = CARTESIAN_POINT ( 'NONE',  ( 0.6340168618999757477, 0.9883226768427453290, 1.443003110010947942 ) ) ;
#3678 = CARTESIAN_POINT ( 'NONE',  ( 0.6436758844783758704, 0.9676895268961639429, 1.437849664108274750 ) ) ;
#3679 = CARTESIAN_POINT ( 'NONE',  ( 0.5976569589763323087, 1.020966446902973335, 1.400211835840003971 ) ) ;
#3680 = CARTESIAN_POINT ( 'NONE',  ( 0.6253417172405406621, 1.006150790909478676, 1.427232595087813527 ) ) ;
#3681 = DIRECTION ( 'NONE',  ( -0.3385274322565194338, 0.9089894737290771243, -0.2431816486899105734 ) ) ;
#3682 = CARTESIAN_POINT ( 'NONE',  ( 0.5901300714882221632, 1.042239376285417185, 1.408893888850704768 ) ) ;
#3683 = EDGE_CURVE ( 'NONE', #5624, #3886, #1878, .T. ) ;
#3684 = B_SPLINE_CURVE_WITH_KNOTS ( 'NONE', 3,
 ( #4554, #4107, #4193, #5122 ),
 .UNSPECIFIED., .F., .F.,
 ( 4, 4 ),
 ( 0.000000000000000000, 9.679264306099529978E-05 ),
 .UNSPECIFIED. ) ;
#3685 = AXIS2_PLACEMENT_3D ( 'NONE', #3511, #378, #1696 ) ;
#3686 = VERTEX_POINT ( 'NONE', #1484 ) ;
#3687 = AXIS2_PLACEMENT_3D ( 'NONE', #3878, #3916, #696 ) ;
#3688 = ORIENTED_EDGE ( 'NONE', *, *, #89, .T. ) ;
#3689 = CARTESIAN_POINT ( 'NONE',  ( 0.6098940507266596978, 0.9905229270903000982, 1.423488445257125923 ) ) ;
#3690 = CARTESIAN_POINT ( 'NONE',  ( 0.6054681106607461283, 1.068866613856655379, 1.409995743045296512 ) ) ;
#3691 = CARTESIAN_POINT ( 'NONE',  ( 0.6113278732687803529, 0.9798834318365132745, 1.427065553747793203 ) ) ;
#3692 = CARTESIAN_POINT ( 'NONE',  ( 0.6058614022806690924, 1.054145142029335291, 1.415096081950930840 ) ) ;
#3693 = DIRECTION ( 'NONE',  ( 0.3650397643841984952, 0.9046541402764898265, 0.2198791870526496384 ) ) ;
#3694 = DIRECTION ( 'NONE',  ( 0.3410085708455593556, -0.9076310146233583787, 0.2447837737752288079 ) ) ;
#3695 = VERTEX_POINT ( 'NONE', #5177 ) ;
#3696 = CARTESIAN_POINT ( 'NONE',  ( 0.6325706692042224466, 0.9584390261632927954, 1.432254131902025440 ) ) ;
#3697 = CARTESIAN_POINT ( 'NONE',  ( 0.5999971217404458379, 1.010346070029028542, 1.409084819542274936 ) ) ;
#3698 = CARTESIAN_POINT ( 'NONE',  ( 0.6210799903931227828, 0.9923903256030930375, 1.432600806584059416 ) ) ;
#3699 = CARTESIAN_POINT ( 'NONE',  ( 0.5841337038023636241, 1.049515138213718890, 1.396391980256667775 ) ) ;
#3700 = CALENDAR_DATE ( 2026, 6, 9 ) ;
#3701 = DIRECTION ( 'NONE',  ( 0.7738664612090468964, 0.3881086756342786437, 0.5005021040047612502 ) ) ;
#3702 = CARTESIAN_POINT ( 'NONE',  ( 0.6237777411048297527, 0.9533566101566809392, 1.426557435250906281 ) ) ;
#3703 = CIRCLE ( 'NONE', #4964, 0.009000000000000030545 ) ;
#3704 = ORIENTED_EDGE ( 'NONE', *, *, #655, .T. ) ;
#3705 = CARTESIAN_POINT ( 'NONE',  ( 0.5748430914882712850, 1.068954986852305389, 1.392590397614794862 ) ) ;
#3706 = CARTESIAN_POINT ( 'NONE',  ( 0.5304943067289447090, 1.081229355270721060, 1.434127225901201674 ) ) ;
#3707 = CARTESIAN_POINT ( 'NONE',  ( 0.6001415508787827369, 1.054736884830547394, 1.410834914982185717 ) ) ;
#3708 = CARTESIAN_POINT ( 'NONE',  ( 0.5984088156025346716, 1.015951872478611406, 1.409289868528991629 ) ) ;
#3709 = VECTOR ( 'NONE', #3310, 1.000000000000000000 ) ;
#3710 = DIRECTION ( 'NONE',  ( 0.3650397643841984396, 0.9046541402764890494, 0.2198791870526528303 ) ) ;
#3711 = CIRCLE ( 'NONE', #420, 0.001000000000000063555 ) ;
#3712 = LINE ( 'NONE', #954, #2259 ) ;
#3713 = CARTESIAN_POINT ( 'NONE',  ( 0.6113412654381317202, 0.9790733619040915547, 1.427092566416799269 ) ) ;
#3714 = ORIENTED_EDGE ( 'NONE', *, *, #466, .F. ) ;
#3715 = VECTOR ( 'NONE', #5679, 1.000000000000000222 ) ;
#3716 = VERTEX_POINT ( 'NONE', #1025 ) ;
#3717 = CARTESIAN_POINT ( 'NONE',  ( 0.5989486307893743255, 1.051332078188702335, 1.410124819754807302 ) ) ;
#3718 = CARTESIAN_POINT ( 'NONE',  ( 0.6109363962496657807, 1.041638863617752264, 1.416954351278071345 ) ) ;
#3720 = CARTESIAN_POINT ( 'NONE',  ( 0.6055146883528025326, 1.002742478191311459, 1.422726756583943653 ) ) ;
#3719 = CARTESIAN_POINT ( 'NONE',  ( 0.5876099825028640034, 1.046008573578513845, 1.404328892024625075 ) ) ;
#3721 = CARTESIAN_POINT ( 'NONE',  ( 0.6350137927894727863, 0.9324355378954525264, 1.429350015319864386 ) ) ;
#3722 = DIRECTION ( 'NONE',  ( 0.7505752902509679192, 0.4501006340066093236, 0.4837831672676545791 ) ) ;
#3723 = CARTESIAN_POINT ( 'NONE',  ( 0.6023032873046292313, 1.038527296268339173, 1.417489983319213609 ) ) ;
#3724 = ORIENTED_EDGE ( 'NONE', *, *, #3019, .T. ) ;
#3725 = EDGE_CURVE ( 'NONE', #2912, #4208, #3103, .T. ) ;
#3726 = CARTESIAN_POINT ( 'NONE',  ( 0.6334217858204066465, 0.9590377503957898675, 1.432813761297626165 ) ) ;
#3727 = CARTESIAN_POINT ( 'NONE',  ( 0.6035677060394939453, 1.001003198844642617, 1.413018568429807997 ) ) ;
#3728 = LINE ( 'NONE', #1489, #2908 ) ;
#3729 = CARTESIAN_POINT ( 'NONE',  ( 0.5858470626332118458, 1.045720453200754241, 1.397604667255032851 ) ) ;
#3730 = DIRECTION ( 'NONE',  ( 0.5495945148342157305, -0.01876539135242311085, -0.8352207668344540092 ) ) ;
#3731 = CARTESIAN_POINT ( 'NONE',  ( 0.6514503417439767574, 0.9598348180115192640, 1.429971741879670022 ) ) ;
#3732 = CARTESIAN_POINT ( 'NONE',  ( 0.5871237699117581865, 1.044931428195119638, 1.401211118346106677 ) ) ;
#3733 = VERTEX_POINT ( 'NONE', #656 ) ;
#3734 = ADVANCED_FACE ( 'NONE', ( #3417 ), #3116, .F. ) ;
#3735 = CARTESIAN_POINT ( 'NONE',  ( 0.5383379589712132818, 1.070429611544018167, 1.439531173989396118 ) ) ;
#3736 = CARTESIAN_POINT ( 'NONE',  ( 0.6199287149629255644, 1.064079096314637596, 1.406887668037498873 ) ) ;
#3737 = CARTESIAN_POINT ( 'NONE',  ( 0.6070706917159963689, 0.9934859280535963677, 1.407023891193798226 ) ) ;
#3738 = CARTESIAN_POINT ( 'NONE',  ( 0.5891221673193152153, 1.042298253353018733, 1.394115852146203594 ) ) ;
#3739 = CARTESIAN_POINT ( 'NONE',  ( 0.6072264595902749917, 1.024008980752575182, 1.423375234774910014 ) ) ;
#3740 = CARTESIAN_POINT ( 'NONE',  ( 0.5914265915231730064, 1.041314947981816452, 1.412589834024951641 ) ) ;
#3741 = ORIENTED_EDGE ( 'NONE', *, *, #4116, .F. ) ;
#3742 = AXIS2_PLACEMENT_3D ( 'NONE', #2300, #3174, #2843 ) ;
#3743 = ORIENTED_EDGE ( 'NONE', *, *, #3288, .F. ) ;
#3744 = CARTESIAN_POINT ( 'NONE',  ( 0.6165167640467174026, 1.003246474075223826, 1.428757764160845767 ) ) ;
#3745 = CARTESIAN_POINT ( 'NONE',  ( 0.6028421782250489303, 1.055125299147091189, 1.414147197100636300 ) ) ;
#3747 = CARTESIAN_POINT ( 'NONE',  ( 0.5867471352568236487, 1.051985321768792225, 1.409270906447407379 ) ) ;
#3746 = CARTESIAN_POINT ( 'NONE',  ( 0.5967008728188375466, 1.020378754533664889, 1.408064712010252517 ) ) ;
#3748 = CARTESIAN_POINT ( 'NONE',  ( 0.6074452234203937540, 1.054365854554780491, 1.413716283996040213 ) ) ;
#3749 = CARTESIAN_POINT ( 'NONE',  ( 0.6035267678054498930, 1.010488007848221459, 1.420047347482817468 ) ) ;
#3750 = ORIENTED_EDGE ( 'NONE', *, *, #4250, .F. ) ;
#3751 = CARTESIAN_POINT ( 'NONE',  ( 0.6065458140141577470, 0.9976053571055282232, 1.421731672227899868 ) ) ;
#3752 = CARTESIAN_POINT ( 'NONE',  ( 0.6033065410847715526, 1.001820726945175100, 1.412828347990327416 ) ) ;
#3753 = LINE ( 'NONE', #2791, #5233 ) ;
#3754 = CARTESIAN_POINT ( 'NONE',  ( 0.5893791564819753637, 1.037332163329146351, 1.400117331008993604 ) ) ;
#3755 = B_SPLINE_CURVE_WITH_KNOTS ( 'NONE', 3,
 ( #5315, #2109, #5777, #187, #3952, #703 ),
 .UNSPECIFIED., .F., .F.,
 ( 4, 2, 4 ),
 ( 0.000000000000000000, 0.002566892457323836224, 0.005133784914647672448 ),
 .UNSPECIFIED. ) ;
#3756 = DIRECTION ( 'NONE',  ( 0.5495945148342158415, -0.01876539135242308656, -0.8352207668344540092 ) ) ;
#3757 = EDGE_CURVE ( 'NONE', #2799, #3251, #4785, .T. ) ;
#3758 = B_SPLINE_CURVE_WITH_KNOTS ( 'NONE', 3,
 ( #3519, #4368, #3039, #1191, #784, #3068, #1160 ),
 .UNSPECIFIED., .F., .F.,
 ( 4, 3, 4 ),
 ( 6.277185363184645565E-05, 0.003725042559843216080, 0.009914132791979609477 ),
 .UNSPECIFIED. ) ;
#3759 = CARTESIAN_POINT ( 'NONE',  ( 0.5860520828369404356, 1.047376955184368796, 1.400450978471518670 ) ) ;
#3760 = ORIENTED_EDGE ( 'NONE', *, *, #5583, .T. ) ;
#3761 = CARTESIAN_POINT ( 'NONE',  ( 0.6062811463574565574, 1.054242371735002237, 1.414875201363007040 ) ) ;
#3762 = LINE ( 'NONE', #545, #4117 ) ;
#3763 = CARTESIAN_POINT ( 'NONE',  ( 0.6059830457689817651, 0.9938208671961550333, 1.408483197579210922 ) ) ;
#3764 = DIRECTION ( 'NONE',  ( -0.7626657353480702506, -0.4193492594260345152, -0.4924298678439641419 ) ) ;
#3765 = CARTESIAN_POINT ( 'NONE',  ( 0.6025469809567979285, 1.083117090311132458, 1.407753398620439578 ) ) ;
#3766 = LINE ( 'NONE', #98, #908 ) ;
#3767 = CARTESIAN_POINT ( 'NONE',  ( 0.5925176761948790505, 1.050543297224633355, 1.405906387470751584 ) ) ;
#3768 = ORIENTED_EDGE ( 'NONE', *, *, #169, .F. ) ;
#3769 = ORIENTED_EDGE ( 'NONE', *, *, #3553, .T. ) ;
#3770 = CARTESIAN_POINT ( 'NONE',  ( 0.6351191062358637618, 0.9958323189138630349, 1.430389502253380130 ) ) ;
#3771 = CARTESIAN_POINT ( 'NONE',  ( 0.6188410324822168906, 0.9973810563143989949, 1.431616256355584538 ) ) ;
#3773 = CARTESIAN_POINT ( 'NONE',  ( 0.6044625775980014826, 1.006025595133581474, 1.421960679757886759 ) ) ;
#3772 = CARTESIAN_POINT ( 'NONE',  ( 0.5903920665238128196, 1.039320795796835784, 1.406309825630173815 ) ) ;
#3774 = AXIS2_PLACEMENT_3D ( 'NONE', #2305, #5168, #449 ) ;
#3775 = FACE_OUTER_BOUND ( 'NONE', #1900, .T. ) ;
#3776 = CARTESIAN_POINT ( 'NONE',  ( 0.6065696564122677881, 1.001171634705100066, 1.422258954699798794 ) ) ;
#3777 = ORIENTED_EDGE ( 'NONE', *, *, #4258, .F. ) ;
#3778 = CIRCLE ( 'NONE', #5622, 0.0009999999999999800715 ) ;
#3779 = CARTESIAN_POINT ( 'NONE',  ( 0.6363510124633700027, 0.9884530907023149071, 1.439111776404674359 ) ) ;
#3780 = CARTESIAN_POINT ( 'NONE',  ( 0.6000291835505952021, 1.011446358367635634, 1.410455506529380454 ) ) ;
#3781 = LINE ( 'NONE', #3332, #975 ) ;
#3782 = CARTESIAN_POINT ( 'NONE',  ( 0.5870418572793754119, 1.044047693297545765, 1.399802762936736666 ) ) ;
#3783 = DATE_AND_TIME ( #3700, #5469 ) ;
#3784 = CARTESIAN_POINT ( 'NONE',  ( 0.6366625763339752719, 0.9323792417213953021, 1.426844353019361078 ) ) ;
#3785 = CARTESIAN_POINT ( 'NONE',  ( 0.6140477500127228261, 0.9576784282772151657, 1.421287076032472063 ) ) ;
#3786 = EDGE_LOOP ( 'NONE', ( #2740, #1006, #1034, #3948, #4235, #5742, #2858, #2720 ) ) ;
#3787 = AXIS2_PLACEMENT_3D ( 'NONE', #2757, #21, #3266 ) ;
#3788 = EDGE_CURVE ( 'NONE', #624, #4026, #901, .T. ) ;
#3789 = CARTESIAN_POINT ( 'NONE',  ( 0.6003090466409757298, 1.008265010738014222, 1.407962519291170445 ) ) ;
#3790 = ORIENTED_EDGE ( 'NONE', *, *, #2470, .T. ) ;
#3791 = CARTESIAN_POINT ( 'NONE',  ( 0.6059497170826554369, 1.053958823752553231, 1.414671721256351766 ) ) ;
#3792 = CARTESIAN_POINT ( 'NONE',  ( 0.6053409327000921492, 0.9951534339467195123, 1.414318735408295780 ) ) ;
#3793 = CARTESIAN_POINT ( 'NONE',  ( 0.5921535585257212686, 1.035727740934557106, 1.408973731013228203 ) ) ;
#3794 = FACE_OUTER_BOUND ( 'NONE', #1568, .T. ) ;
#3795 = CC_DESIGN_PERSON_AND_ORGANIZATION_ASSIGNMENT ( #4223, #1369, ( #4206 ) ) ;
#3796 = VECTOR ( 'NONE', #1231, 1.000000000000000222 ) ;
#3797 = EDGE_CURVE ( 'NONE', #25, #3336, #1951, .T. ) ;
#3798 = DIRECTION ( 'NONE',  ( 0.3648206900211672932, 0.9046615475245238791, 0.2202120536278908969 ) ) ;
#3799 = CARTESIAN_POINT ( 'NONE',  ( 0.5885235036746843118, 1.048299371453113915, 1.410522612200513448 ) ) ;
#3800 = VECTOR ( 'NONE', #4696, 1.000000000000000000 ) ;
#3801 = CARTESIAN_POINT ( 'NONE',  ( 0.5250374596004142580, 1.195626126616379903, 1.348675220636191385 ) ) ;
#3802 = ORIENTED_EDGE ( 'NONE', *, *, #1583, .T. ) ;
#3803 = VECTOR ( 'NONE', #1050, 1.000000000000000000 ) ;
#3804 = ORIENTED_EDGE ( 'NONE', *, *, #244, .F. ) ;
#3805 = CARTESIAN_POINT ( 'NONE',  ( 0.6353855696190048308, 0.9953707879952704562, 1.430574887154201447 ) ) ;
#3806 = CARTESIAN_POINT ( 'NONE',  ( 0.6179138617999536676, 1.014971132612783711, 1.424966879309666368 ) ) ;
#3808 = CARTESIAN_POINT ( 'NONE',  ( 0.6514422022709427385, 0.9653378044185880746, 1.434631900069327726 ) ) ;
#3807 = CARTESIAN_POINT ( 'NONE',  ( 0.5951060484702324072, 1.024704068939222390, 1.406918101473628280 ) ) ;
#3809 = EDGE_CURVE ( 'NONE', #5648, #2882, #231, .T. ) ;
#3810 = LINE ( 'NONE', #476, #5549 ) ;
#3811 = AXIS2_PLACEMENT_3D ( 'NONE', #338, #4551, #395 ) ;
#3812 = ORIENTED_EDGE ( 'NONE', *, *, #3349, .T. ) ;
#3813 = CARTESIAN_POINT ( 'NONE',  ( 0.6226683965789916453, 0.9958668884039598712, 1.429322891116080463 ) ) ;
#3814 = CARTESIAN_POINT ( 'NONE',  ( 0.6041140805656848300, 1.001908313535552653, 1.416179795161979671 ) ) ;
#3815 = CARTESIAN_POINT ( 'NONE',  ( 0.6274185501048736846, 0.9913407412591754841, 1.435363621034143611 ) ) ;
#3816 = CARTESIAN_POINT ( 'NONE',  ( 0.5962040329608531142, 1.019393695807805589, 1.405011291028694043 ) ) ;
#3817 = DIRECTION ( 'NONE',  ( -0.3650397643841983841, -0.9046541402764898265, -0.2198791870526495829 ) ) ;
#3818 = CARTESIAN_POINT ( 'NONE',  ( 0.6090707684215505013, 0.9894630276635999477, 1.425365096378276464 ) ) ;
#3819 = CARTESIAN_POINT ( 'NONE',  ( 0.6087651103261159102, 0.9640843027955022793, 1.419356164056897240 ) ) ;
#3820 = ORIENTED_EDGE ( 'NONE', *, *, #4989, .F. ) ;
#3821 = CARTESIAN_POINT ( 'NONE',  ( 0.6030355453296800672, 1.000121630518725935, 1.409939580334584663 ) ) ;
#3822 = ORIENTED_EDGE ( 'NONE', *, *, #5060, .T. ) ;
#3823 = FACE_OUTER_BOUND ( 'NONE', #5659, .T. ) ;
#3824 = CARTESIAN_POINT ( 'NONE',  ( 0.5751706820217843408, 1.092973098700919854, 1.376786672396522526 ) ) ;
#3825 = CARTESIAN_POINT ( 'NONE',  ( 0.5935407730271908822, 1.033755260265863285, 1.411806739133613542 ) ) ;
#3826 = DIRECTION ( 'NONE',  ( -0.7505752902509438274, -0.4501006340066259215, -0.4837831672676765615 ) ) ;
#3827 = CARTESIAN_POINT ( 'NONE',  ( 0.6213396681403184907, 1.027356348490240157, 1.419997924700769687 ) ) ;
#3828 = ADVANCED_FACE ( 'NONE', ( #374 ), #1256, .T. ) ;
#3829 = CARTESIAN_POINT ( 'NONE',  ( 0.6400083818523827350, 0.9626505596776477880, 1.437066104284088652 ) ) ;
#3830 = B_SPLINE_CURVE_WITH_KNOTS ( 'NONE', 3,
 ( #5744, #2978, #5287, #4799 ),
 .UNSPECIFIED., .F., .F.,
 ( 4, 4 ),
 ( 0.0001692363700292634596, 0.0001699788905781117899 ),
 .UNSPECIFIED. ) ;
#3831 = DIRECTION ( 'NONE',  ( 0.7738664612090511152, 0.3881086756342738697, 0.5005021040047583636 ) ) ;
#3832 = VERTEX_POINT ( 'NONE', #3621 ) ;
#3833 = VERTEX_POINT ( 'NONE', #344 ) ;
#3834 = CARTESIAN_POINT ( 'NONE',  ( 0.6352354639694596239, 0.9956302736949265153, 1.430470620350952515 ) ) ;
#3835 = CARTESIAN_POINT ( 'NONE',  ( 0.6132595773922013827, 1.009498855265862360, 1.427671272618640019 ) ) ;
#3837 = CARTESIAN_POINT ( 'NONE',  ( 0.5957093464302827268, 1.030125077701953051, 1.415659394795124593 ) ) ;
#3836 = CARTESIAN_POINT ( 'NONE',  ( 0.5806927903922345369, 1.060463104702307646, 1.399452461819414628 ) ) ;
#3838 = DIRECTION ( 'NONE',  ( 0.5495945148342156195, -0.01876539135242259390, -0.8352207668344541203 ) ) ;
#3839 = CARTESIAN_POINT ( 'NONE',  ( 0.6037676553128096257, 1.013945125846953177, 1.418930895693808036 ) ) ;
#3840 = ORIENTED_EDGE ( 'NONE', *, *, #4294, .T. ) ;
#3841 = EDGE_CURVE ( 'NONE', #3522, #2684, #803, .T. ) ;
#3842 = CARTESIAN_POINT ( 'NONE',  ( 0.6357309707189070513, 0.9946310836716768522, 1.425618595377623032 ) ) ;
#3843 = CARTESIAN_POINT ( 'NONE',  ( 0.6081926355268998385, 0.9872693070224671796, 1.419192481413662499 ) ) ;
#3844 = ORIENTED_EDGE ( 'NONE', *, *, #5848, .F. ) ;
#3845 = CARTESIAN_POINT ( 'NONE',  ( 0.5903757543559259302, 1.035954374886652873, 1.402178381350938752 ) ) ;
#3846 = CARTESIAN_POINT ( 'NONE',  ( 0.6109749227846967834, 0.9730038072248516912, 1.411139300127552287 ) ) ;
#3847 = CARTESIAN_POINT ( 'NONE',  ( 0.6065578208383523018, 1.054356088603177977, 1.414915112000263653 ) ) ;
#3848 = CARTESIAN_POINT ( 'NONE',  ( 0.6074053959318758134, 0.9667689861815473851, 1.419148067266560620 ) ) ;
#3849 = ORIENTED_EDGE ( 'NONE', *, *, #5894, .F. ) ;
#3850 = CARTESIAN_POINT ( 'NONE',  ( 0.6191321228214011763, 1.003676182513006943, 1.428844328801716079 ) ) ;
#3851 = CARTESIAN_POINT ( 'NONE',  ( 0.5990833397709338648, 1.011711296148878780, 1.407078546219217907 ) ) ;
#3852 = EDGE_LOOP ( 'NONE', ( #4253, #2212, #859, #3069 ) ) ;
#3853 = FACE_OUTER_BOUND ( 'NONE', #1444, .T. ) ;
#3854 = DIRECTION ( 'NONE',  ( -0.5495945148342156195, 0.01876539135242259390, 0.8352207668344541203 ) ) ;
#3855 = DIRECTION ( 'NONE',  ( -0.5495945148342158415, 0.01876539135242344045, 0.8352207668344541203 ) ) ;
#3856 = DIRECTION ( 'NONE',  ( 0.7514598057663981479, -0.4257331870643814575, 0.5040430673558873309 ) ) ;
#3857 = CARTESIAN_POINT ( 'NONE',  ( 0.5843663261905230888, 1.047832983109307392, 1.400597459922947818 ) ) ;
#3858 = CARTESIAN_POINT ( 'NONE',  ( 0.6053887002245283977, 1.060150804889250509, 1.412444906037261028 ) ) ;
#3859 = CARTESIAN_POINT ( 'NONE',  ( 0.6411764214328200540, 0.9804292968466489233, 1.440015986364685086 ) ) ;
#3860 = CARTESIAN_POINT ( 'NONE',  ( 0.6100974225661703887, 0.9806968817671076755, 1.409302756791206201 ) ) ;
#3861 = ORIENTED_EDGE ( 'NONE', *, *, #4103, .F. ) ;
#3862 = ORIENTED_EDGE ( 'NONE', *, *, #4254, .T. ) ;
#3863 = CARTESIAN_POINT ( 'NONE',  ( 0.6375124236293246982, 0.9955537981183658625, 1.427008660814442775 ) ) ;
#3864 = EDGE_CURVE ( 'NONE', #5719, #5845, #2512, .T. ) ;
#3865 = CARTESIAN_POINT ( 'NONE',  ( 0.5927340056801910784, 1.081865759147901285, 1.409717028544871686 ) ) ;
#3867 = CARTESIAN_POINT ( 'NONE',  ( 0.6049375243105532540, 1.004561553982042277, 1.422306099106491528 ) ) ;
#3866 = CARTESIAN_POINT ( 'NONE',  ( 0.5877887771319227905, 1.047796059542623226, 1.407228417963226397 ) ) ;
#3868 = CARTESIAN_POINT ( 'NONE',  ( 0.5939800799559964428, 1.049954473704144409, 1.401504452515579979 ) ) ;
#3869 = CARTESIAN_POINT ( 'NONE',  ( 0.5509344657670165457, 1.044445197522231528, 1.455301119541726917 ) ) ;
#3870 = ORIENTED_EDGE ( 'NONE', *, *, #1621, .F. ) ;
#3871 = EDGE_CURVE ( 'NONE', #3190, #5834, #3972, .T. ) ;
#3872 = CARTESIAN_POINT ( 'NONE',  ( 0.5860007656056912539, 1.045894430900608851, 1.399576737094568202 ) ) ;
#3873 = CARTESIAN_POINT ( 'NONE',  ( 0.6037977859791308077, 1.002897267074546850, 1.415949446638966380 ) ) ;
#3874 = EDGE_LOOP ( 'NONE', ( #5695, #2922, #5218, #5392 ) ) ;
#3875 =( BOUNDED_CURVE ( )  B_SPLINE_CURVE ( 3, ( #5874, #1259, #1720, #5416 ),
 .UNSPECIFIED., .F., .F. ) 
 B_SPLINE_CURVE_WITH_KNOTS ( ( 4, 4 ),
 ( 3.110686481573107010, 6.252279135162900126 ),
 .UNSPECIFIED. ) 
 CURVE ( )  GEOMETRIC_REPRESENTATION_ITEM ( )  RATIONAL_B_SPLINE_CURVE ( ( 1.000000000000000000, 0.3333333333333333703, 0.3333333333333333703, 1.000000000000000000 ) ) 
 REPRESENTATION_ITEM ( '' )  );
#3876 = CARTESIAN_POINT ( 'NONE',  ( 0.5801528375892550660, 1.058471720761848367, 1.394945556177023871 ) ) ;
#3877 = CARTESIAN_POINT ( 'NONE',  ( 0.5830399478495533749, 1.097789316565735751, 1.398020013120146343 ) ) ;
#3878 = CARTESIAN_POINT ( 'NONE',  ( 0.6176952395235295601, 1.000524394530666994, 1.417022860279212093 ) ) ;
#3879 = CARTESIAN_POINT ( 'NONE',  ( 0.6107431442471770167, 0.9610712149321404274, 1.419911820735317187 ) ) ;
#3880 = AXIS2_PLACEMENT_3D ( 'NONE', #3653, #5899, #3589 ) ;
#3881 = ORIENTED_EDGE ( 'NONE', *, *, #1409, .T. ) ;
#3882 = ADVANCED_FACE ( 'NONE', ( #5898 ), #5924, .F. ) ;
#3883 = CARTESIAN_POINT ( 'NONE',  ( 0.5943462476045335841, 1.074986788413414107, 1.410932474731616537 ) ) ;
#3884 = CARTESIAN_POINT ( 'NONE',  ( 0.6054970261588802360, 0.9918741760137036456, 1.411744591815872418 ) ) ;
#3885 = AXIS2_PLACEMENT_3D ( 'NONE', #4200, #1897, #2889 ) ;
#3886 = VERTEX_POINT ( 'NONE', #830 ) ;
#3887 = CARTESIAN_POINT ( 'NONE',  ( 0.6097630653134599177, 0.9822690457432805555, 1.409046860915439403 ) ) ;
#3888 = CARTESIAN_POINT ( 'NONE',  ( 0.6273051636246198548, 1.049674107035424964, 1.436010951306502692 ) ) ;
#3889 = DIRECTION ( 'NONE',  ( -0.3385274322565171579, 0.9089894737290783455, -0.2431816486899091023 ) ) ;
#3890 = CARTESIAN_POINT ( 'NONE',  ( 0.6412889995046561209, 0.9897017832257993808, 1.429296271764649573 ) ) ;
#3891 = VECTOR ( 'NONE', #3910, 1.000000000000000000 ) ;
#3892 = CARTESIAN_POINT ( 'NONE',  ( 0.6396844901323919252, 0.9756799237012325765, 1.438400261684646297 ) ) ;
#3893 = CARTESIAN_POINT ( 'NONE',  ( 0.6058150042645222833, 1.062456928963418923, 1.411742321435527359 ) ) ;
#3894 = CARTESIAN_POINT ( 'NONE',  ( 0.6392290145890051623, 0.9613202936477990290, 1.436493779088935829 ) ) ;
#3895 = B_SPLINE_CURVE_WITH_KNOTS ( 'NONE', 3,
 ( #3517, #212, #3914, #5277, #180, #2551, #5371, #2036, #1703, #728, #4399, #5828 ),
 .UNSPECIFIED., .F., .F.,
 ( 4, 2, 2, 2, 2, 4 ),
 ( 0.000000000000000000, 0.001954294932761446290, 0.002931442399142152305, 0.003908589865522858753, 0.005862884798284905691, 0.007817179731046954363 ),
 .UNSPECIFIED. ) ;
#3896 = CARTESIAN_POINT ( 'NONE',  ( 0.6096381405861180935, 1.056042257195848100, 1.412174566149664079 ) ) ;
#3897 = ORIENTED_EDGE ( 'NONE', *, *, #1065, .F. ) ;
#3898 = EDGE_LOOP ( 'NONE', ( #1775, #2973, #5922, #3790 ) ) ;
#3899 = AXIS2_PLACEMENT_3D ( 'NONE', #5387, #2146, #1748 ) ;
#3900 = CARTESIAN_POINT ( 'NONE',  ( 0.6296482402992619187, 0.9974925589498837564, 1.430259611311330836 ) ) ;
#3901 = CARTESIAN_POINT ( 'NONE',  ( 0.6348216543221718577, 0.9900446566426639450, 1.438713950023749577 ) ) ;
#3903 = CARTESIAN_POINT ( 'NONE',  ( 0.5878896953626145949, 1.041910674324304731, 1.398298994011918372 ) ) ;
#3902 = CARTESIAN_POINT ( 'NONE',  ( 0.5753642383096571056, 1.072000885309100315, 1.398508961140104478 ) ) ;
#3904 = DIRECTION ( 'NONE',  ( 0.7512883676660403465, -0.4257273140144764434, 0.5043035224066118039 ) ) ;
#3905 = CARTESIAN_POINT ( 'NONE',  ( 0.6102031949317323622, 0.9936767741448834235, 1.402069821672554450 ) ) ;
#3906 = EDGE_LOOP ( 'NONE', ( #3840, #1425, #3000, #2366 ) ) ;
#3907 = VECTOR ( 'NONE', #972, 1.000000000000000000 ) ;
#3908 = DIRECTION ( 'NONE',  ( -0.7738664612090513373, -0.3881086756342739807, -0.5005021040047583636 ) ) ;
#3909 = CARTESIAN_POINT ( 'NONE',  ( 0.6039254346916227423, 1.002499793879477519, 1.416042372695585971 ) ) ;
#3910 = DIRECTION ( 'NONE',  ( -0.3650397643841989392, -0.9046541402764890494, -0.2198791870526518866 ) ) ;
#3911 = AXIS2_PLACEMENT_3D ( 'NONE', #518, #3340, #3282 ) ;
#3912 = EDGE_CURVE ( 'NONE', #4325, #2875, #2623, .T. ) ;
#3913 = CARTESIAN_POINT ( 'NONE',  ( 0.5858353516387977411, 1.046806126939691106, 1.398946879082576755 ) ) ;
#3914 = CARTESIAN_POINT ( 'NONE',  ( 0.6063142904588556537, 0.9938385521973477355, 1.408087314219691466 ) ) ;
#3915 = EDGE_CURVE ( 'NONE', #5891, #2422, #314, .T. ) ;
#3916 = DIRECTION ( 'NONE',  ( -0.3410085708455591891, 0.9076310146233583787, -0.2447837737752286968 ) ) ;
#3917 = B_SPLINE_CURVE_WITH_KNOTS ( 'NONE', 3,
 ( #1007, #2207, #5528, #4053 ),
 .UNSPECIFIED., .F., .F.,
 ( 4, 4 ),
 ( 0.0001548083315028141171, 0.0001838924221802424870 ),
 .UNSPECIFIED. ) ;
#3918 = DIRECTION ( 'NONE',  ( 0.5495945148342157305, -0.01876539135242311085, -0.8352207668344540092 ) ) ;
#3919 = ORIENTED_EDGE ( 'NONE', *, *, #5704, .T. ) ;
#3920 = CARTESIAN_POINT ( 'NONE',  ( 0.6023621050101546359, 1.057278550949315443, 1.413782919498288271 ) ) ;
#3921 = CARTESIAN_POINT ( 'NONE',  ( 0.6088016864492395985, 0.9776999734914376683, 1.414237594515388885 ) ) ;
#3922 = VERTEX_POINT ( 'NONE', #1318 ) ;
#3923 = DIRECTION ( 'NONE',  ( 0.3410085708455602993, -0.9076310146233572684, 0.2447837737752308895 ) ) ;
#3924 = CARTESIAN_POINT ( 'NONE',  ( 0.6065116488286133034, 1.025887535788057248, 1.422862375717227623 ) ) ;
#3925 = CARTESIAN_POINT ( 'NONE',  ( 0.6032324869628896691, 0.9982064154807540612, 1.408737892324025687 ) ) ;
#3926 = CARTESIAN_POINT ( 'NONE',  ( 0.6050392562443438482, 0.9946755727171295858, 1.412967144939178743 ) ) ;
#3927 = B_SPLINE_CURVE_WITH_KNOTS ( 'NONE', 3,
 ( #4470, #3961, #1719, #804 ),
 .UNSPECIFIED., .F., .F.,
 ( 4, 4 ),
 ( 0.0005283085958494567001, 0.005321326885007428807 ),
 .UNSPECIFIED. ) ;
#3928 = CARTESIAN_POINT ( 'NONE',  ( 0.5904499727395707831, 1.035396008407942769, 1.405686870007755163 ) ) ;
#3929 = ADVANCED_FACE ( 'NONE', ( #2775 ), #1797, .T. ) ;
#3930 = CARTESIAN_POINT ( 'NONE',  ( 0.6160287648822182494, 1.003263136350873053, 1.429499378251573027 ) ) ;
#3931 = CARTESIAN_POINT ( 'NONE',  ( 0.6329907010477676677, 0.9944784214392501376, 1.431151868982526221 ) ) ;
#3932 = CARTESIAN_POINT ( 'NONE',  ( 0.6398368472199673640, 0.9835338236036003101, 1.439870057861555086 ) ) ;
#3933 = CARTESIAN_POINT ( 'NONE',  ( 0.6057057656570686843, 0.9932555785678551796, 1.414601497633834359 ) ) ;
#3934 = VERTEX_POINT ( 'NONE', #4199 ) ;
#3935 = DIRECTION ( 'NONE',  ( -0.5495945148342156195, 0.01876539135242321146, 0.8352207668344542313 ) ) ;
#3936 = PLANE ( 'NONE',  #5745 ) ;
#3938 = CARTESIAN_POINT ( 'NONE',  ( 0.6036570699524660411, 1.010103909832473112, 1.420141719052699703 ) ) ;
#3937 = CARTESIAN_POINT ( 'NONE',  ( 0.5878562631820507534, 1.047640606632444404, 1.407276317990695969 ) ) ;
#3939 = CARTESIAN_POINT ( 'NONE',  ( 0.5905865429999681560, 1.038390682693754563, 1.406380919955771969 ) ) ;
#3940 = ORIENTED_EDGE ( 'NONE', *, *, #4318, .F. ) ;
#3941 = CARTESIAN_POINT ( 'NONE',  ( 0.6321708990934884476, 1.002674310668668634, 1.427679670024438296 ) ) ;
#3942 = CARTESIAN_POINT ( 'NONE',  ( 0.5994818885544779263, 1.015384751550516995, 1.412828923074577192 ) ) ;
#3943 = ORIENTED_EDGE ( 'NONE', *, *, #4989, .T. ) ;
#3944 = CARTESIAN_POINT ( 'NONE',  ( 0.5923228847648575046, 1.030953414275242119, 1.403571997532008897 ) ) ;
#3945 = CARTESIAN_POINT ( 'NONE',  ( 0.6009774058164411015, 1.048807693180980438, 1.401944110760803275 ) ) ;
#3946 = CARTESIAN_POINT ( 'NONE',  ( 0.6543920401360461270, 0.9648370096661138540, 1.431795060069345649 ) ) ;
#3947 = DIRECTION ( 'NONE',  ( 0.5495945148342158415, -0.01876539135242344045, -0.8352207668344541203 ) ) ;
#3948 = ORIENTED_EDGE ( 'NONE', *, *, #1353, .F. ) ;
#3949 = CARTESIAN_POINT ( 'NONE',  ( 0.6031894792029863783, 1.000914653754107819, 1.411397365452175645 ) ) ;
#3950 = EDGE_LOOP ( 'NONE', ( #5135, #1175, #1305 ) ) ;
#3951 = ADVANCED_FACE ( 'NONE', ( #5591 ), #1896, .F. ) ;
#3952 = CARTESIAN_POINT ( 'NONE',  ( 0.5849302344082754068, 1.047056236363355319, 1.400209889483581271 ) ) ;
#3953 = CARTESIAN_POINT ( 'NONE',  ( 0.6190692258301417894, 1.000477481051665674, 1.414934808332623417 ) ) ;
#3954 = CARTESIAN_POINT ( 'NONE',  ( 0.6001745994043524712, 1.007446071705498269, 1.406518139094953490 ) ) ;
#3955 = CARTESIAN_POINT ( 'NONE',  ( 0.5953379989369199654, 1.034679834743873927, 1.413032707002384480 ) ) ;
#3956 = DIRECTION ( 'NONE',  ( -0.5495945148342157305, 0.01876539135242308309, 0.8352207668344541203 ) ) ;
#3957 = CARTESIAN_POINT ( 'NONE',  ( 0.6025748697545965094, 1.068094276931349729, 1.410857884949953789 ) ) ;
#3958 = CARTESIAN_POINT ( 'NONE',  ( 0.6412881361316424833, 0.9801011740118236171, 1.440019770221951045 ) ) ;
#3959 = PLANE ( 'NONE',  #678 ) ;
#3960 = ORIENTED_EDGE ( 'NONE', *, *, #3651, .T. ) ;
#3961 = CARTESIAN_POINT ( 'NONE',  ( 0.5855400718031857910, 1.044713308387854367, 1.401439910997952509 ) ) ;
#3962 = CARTESIAN_POINT ( 'NONE',  ( 0.6118014949537620151, 1.012897305393298142, 1.426635465810035086 ) ) ;
#3964 = CARTESIAN_POINT ( 'NONE',  ( 0.6314735901725966327, 1.007251663578716316, 1.422772188948236316 ) ) ;
#3963 = CARTESIAN_POINT ( 'NONE',  ( 0.5875197908823243109, 1.048412712223983689, 1.407037564116472295 ) ) ;
#3965 = CARTESIAN_POINT ( 'NONE',  ( 0.5906337661397398353, 1.038146102197360365, 1.406514194191713862 ) ) ;
#3966 = VERTEX_POINT ( 'NONE', #3254 ) ;
#3967 = PLANE ( 'NONE',  #4273 ) ;
#3968 = CARTESIAN_POINT ( 'NONE',  ( 0.6014615587433340682, 1.009846567522111993, 1.414256021292176868 ) ) ;
#3969 = DIRECTION ( 'NONE',  ( -0.5495945148342156195, 0.01876539135242259390, 0.8352207668344541203 ) ) ;
#3970 = CARTESIAN_POINT ( 'NONE',  ( 0.6263865603436282736, 1.006413705130744018, 1.426751879597072392 ) ) ;
#3971 = CARTESIAN_POINT ( 'NONE',  ( 0.6355633873043069482, 0.9324167725041001553, 1.428514794553029876 ) ) ;
#3972 = B_SPLINE_CURVE_WITH_KNOTS ( 'NONE', 3,
 ( #4360, #2202, #204, #4987, #4048, #2063, #3449, #4530, #5303, #1151 ),
 .UNSPECIFIED., .F., .F.,
 ( 4, 2, 2, 2, 4 ),
 ( 0.000000000000000000, 0.0004822623613478243957, 0.0009645247226956487913, 0.001446787084043473295, 0.001929049445391297583 ),
 .UNSPECIFIED. ) ;
#3973 = LINE ( 'NONE', #1675, #5457 ) ;
#3974 = ORIENTED_EDGE ( 'NONE', *, *, #1409, .F. ) ;
#3975 = CARTESIAN_POINT ( 'NONE',  ( 0.6006267997797354319, 1.008559665928770555, 1.409539298386232486 ) ) ;
#3976 = ORIENTED_EDGE ( 'NONE', *, *, #2114, .T. ) ;
#3977 = B_SPLINE_CURVE_WITH_KNOTS ( 'NONE', 3,
 ( #4287, #5680, #4256, #1010, #574, #4831 ),
 .UNSPECIFIED., .F., .F.,
 ( 4, 2, 4 ),
 ( 0.01063954828977963472, 0.01779443184978353812, 0.02494931540978743978 ),
 .UNSPECIFIED. ) ;
#3978 = CARTESIAN_POINT ( 'NONE',  ( 0.5860156516682507588, 1.044272923711782264, 1.396373814817821080 ) ) ;
#3979 = DIRECTION ( 'NONE',  ( -0.3147729127535225380, 0.9214228405960748214, -0.2278112425332070035 ) ) ;
#3980 = AXIS2_PLACEMENT_3D ( 'NONE', #2993, #3480, #4419 ) ;
#3981 = CARTESIAN_POINT ( 'NONE',  ( 0.5970611325319314933, 1.016056594449496586, 1.404275948504627003 ) ) ;
#3982 = CARTESIAN_POINT ( 'NONE',  ( 0.6051789168830030707, 0.9950642738531638720, 1.414213844125912445 ) ) ;
#3983 = CARTESIAN_POINT ( 'NONE',  ( 0.6253417172405406621, 1.006150790909478676, 1.427232595087813527 ) ) ;
#3984 = CARTESIAN_POINT ( 'NONE',  ( 0.6221913909046953295, 1.016732461798340426, 1.423545679520529461 ) ) ;
#3985 = CARTESIAN_POINT ( 'NONE',  ( 0.6139676581390650645, 1.033604939034589387, 1.419130490547947598 ) ) ;
#3986 = CC_DESIGN_DATE_AND_TIME_ASSIGNMENT ( #3246, #1887, ( #4206 ) ) ;
#3987 = CARTESIAN_POINT ( 'NONE',  ( 0.6062471473859214477, 0.9913049208017858938, 1.415001738041346657 ) ) ;
#3988 = ADVANCED_FACE ( 'NONE', ( #1439 ), #4143, .F. ) ;
#3989 = ORIENTED_EDGE ( 'NONE', *, *, #5913, .T. ) ;
#3990 = LINE ( 'NONE', #5446, #4194 ) ;
#3991 = CARTESIAN_POINT ( 'NONE',  ( 0.6031776293899395736, 1.034740947941105604, 1.420469989667681121 ) ) ;
#3993 = CARTESIAN_POINT ( 'NONE',  ( 0.5864867584700450553, 1.043190851186377888, 1.401120986927810730 ) ) ;
#3992 = CARTESIAN_POINT ( 'NONE',  ( 0.5921594387575346286, 1.034848253487037129, 1.407573284507168010 ) ) ;
#3994 = CARTESIAN_POINT ( 'NONE',  ( 0.6544561809670401686, 0.9581318852632617622, 1.431987914149097429 ) ) ;
#3995 = ORIENTED_EDGE ( 'NONE', *, *, #4986, .T. ) ;
#3996 = AXIS2_PLACEMENT_3D ( 'NONE', #2090, #5900, #2121 ) ;
#3997 = ADVANCED_FACE ( 'NONE', ( #4114 ), #5074, .F. ) ;
#3998 = CARTESIAN_POINT ( 'NONE',  ( 0.6039491835014547672, 1.083240138256489349, 1.407299011342511452 ) ) ;
#3999 = CARTESIAN_POINT ( 'NONE',  ( 0.6092709852142411675, 0.9858404594056343617, 1.422756198553223106 ) ) ;
#4000 = LINE ( 'NONE', #2669, #2056 ) ;
#4001 = CARTESIAN_POINT ( 'NONE',  ( 0.6060624513923463796, 0.9716331318773644421, 1.418940270367887502 ) ) ;
#4002 = AXIS2_PLACEMENT_3D ( 'NONE', #151, #117, #3335 ) ;
#4003 = CARTESIAN_POINT ( 'NONE',  ( 0.6064816344647516733, 0.9855602930595888100, 1.423544975509470012 ) ) ;
#4004 = CARTESIAN_POINT ( 'NONE',  ( 0.5860236638707494450, 1.050853280770735587, 1.401622003602462252 ) ) ;
#4005 = ORIENTED_EDGE ( 'NONE', *, *, #1926, .T. ) ;
#4006 = CIRCLE ( 'NONE', #5262, 0.009000000000000030545 ) ;
#4007 = CARTESIAN_POINT ( 'NONE',  ( 0.6066519655349105200, 0.9889063549876629944, 1.413945558703654903 ) ) ;
#4008 = ORIENTED_EDGE ( 'NONE', *, *, #2108, .F. ) ;
#4009 = CARTESIAN_POINT ( 'NONE',  ( 0.5791662398604848772, 1.058319989392795257, 1.391551140377490059 ) ) ;
#4010 = PERSON_AND_ORGANIZATION_ROLE ( 'creator' ) ;
#4011 = CARTESIAN_POINT ( 'NONE',  ( 0.5924155145372150821, 1.028226556313877271, 1.400945595171120051 ) ) ;
#4012 = CARTESIAN_POINT ( 'NONE',  ( 0.5860868445849909403, 1.043264263943510795, 1.401832261312750516 ) ) ;
#4013 = AXIS2_PLACEMENT_3D ( 'NONE', #737, #1311, #3582 ) ;
#4014 = DIRECTION ( 'NONE',  ( -0.7512883676660683241, 0.4257273140144343104, -0.5043035224066056976 ) ) ;
#4015 = CARTESIAN_POINT ( 'NONE',  ( 0.6042787537896221473, 1.062086669973434150, 1.412114056320305400 ) ) ;
#4016 = CARTESIAN_POINT ( 'NONE',  ( 0.6254351501562775972, 1.005522149781351793, 1.427307908189338503 ) ) ;
#4017 = CARTESIAN_POINT ( 'NONE',  ( 0.6479509093640368755, 0.9603543781553458558, 1.433643802646490384 ) ) ;
#4018 = CARTESIAN_POINT ( 'NONE',  ( 0.6250545810520793388, 1.064477375072780285, 1.426998598303930166 ) ) ;
#4019 = EDGE_CURVE ( 'NONE', #5556, #4687, #4680, .T. ) ;
#4020 = DIRECTION ( 'NONE',  ( 0.5495945148342156195, -0.01876539135242259390, -0.8352207668344541203 ) ) ;
#4021 = CARTESIAN_POINT ( 'NONE',  ( 0.5909819325273697466, 1.074653812740997472, 1.411548194468002615 ) ) ;
#4023 = CARTESIAN_POINT ( 'NONE',  ( 0.6074181424781429639, 0.9982436267730068202, 1.422883063346431332 ) ) ;
#4022 = CARTESIAN_POINT ( 'NONE',  ( 0.5955621279240486121, 1.028246191802068887, 1.412782700208695452 ) ) ;
#4024 = CARTESIAN_POINT ( 'NONE',  ( 0.6090707684215505013, 0.9894630276635999477, 1.425365096378276464 ) ) ;
#4025 = EDGE_CURVE ( 'NONE', #4311, #2237, #1666, .T. ) ;
#4026 = VERTEX_POINT ( 'NONE', #2408 ) ;
#4027 = EDGE_CURVE ( 'NONE', #5834, #2722, #5197, .T. ) ;
#4028 = EDGE_CURVE ( 'NONE', #2281, #1314, #3454, .T. ) ;
#4029 = CARTESIAN_POINT ( 'NONE',  ( 0.6000616908711277064, 1.053794085303356720, 1.415169516933350691 ) ) ;
#4030 = CARTESIAN_POINT ( 'NONE',  ( 0.6100796894733770959, 1.053559536423675613, 1.413374181214804626 ) ) ;
#4031 = CARTESIAN_POINT ( 'NONE',  ( 0.5894157430406691267, 1.041383370502346306, 1.405621041208823474 ) ) ;
#4032 = CARTESIAN_POINT ( 'NONE',  ( 0.6199125848219684265, 0.9954271987259586396, 1.432364912067081386 ) ) ;
#4033 = LINE ( 'NONE', #5425, #2924 ) ;
#4034 = PLANE ( 'NONE',  #3499 ) ;
#4035 = CARTESIAN_POINT ( 'NONE',  ( 0.6074698118210198894, 0.9980657928277345547, 1.422921058463733512 ) ) ;
#4036 = EDGE_LOOP ( 'NONE', ( #2819, #1284, #3492, #3675 ) ) ;
#4037 = CARTESIAN_POINT ( 'NONE',  ( 0.6377378843306132916, 0.9818734200777391452, 1.438417650831878003 ) ) ;
#4038 = CARTESIAN_POINT ( 'NONE',  ( 0.6037696365591718184, 0.9990720973272928518, 1.411820520152312852 ) ) ;
#4039 = CARTESIAN_POINT ( 'NONE',  ( 0.6102805230872093700, 0.9860975153887227007, 1.425519782581214034 ) ) ;
#4040 = EDGE_LOOP ( 'NONE', ( #1144, #1161, #2586, #4919 ) ) ;
#4041 = CARTESIAN_POINT ( 'NONE',  ( 0.5825192830286731738, 1.051893255097594793, 1.393901913245420232 ) ) ;
#4042 = CARTESIAN_POINT ( 'NONE',  ( 0.6449769387989765512, 0.9672450283177472796, 1.437518486408796203 ) ) ;
#4043 = CARTESIAN_POINT ( 'NONE',  ( 0.6078257990154294355, 0.9804828765339601571, 1.412158602592416878 ) ) ;
#4044 = LINE ( 'NONE', #4895, #2932 ) ;
#4045 = CARTESIAN_POINT ( 'NONE',  ( 0.6300291085713776162, 0.9965921344750502398, 1.430529887132865552 ) ) ;
#4046 = ORIENTED_EDGE ( 'NONE', *, *, #1780, .T. ) ;
#4047 = CARTESIAN_POINT ( 'NONE',  ( 0.6275996953615972096, 1.015451100082515046, 1.420038344032453548 ) ) ;
#4048 = CARTESIAN_POINT ( 'NONE',  ( 0.6074396715362290200, 1.054324915833659615, 1.414187339948456579 ) ) ;
#4049 = CARTESIAN_POINT ( 'NONE',  ( 0.6076000186377328305, 0.9980226726470592391, 1.421810418118677255 ) ) ;
#4050 = CARTESIAN_POINT ( 'NONE',  ( 0.5949226004580597804, 1.033199290920493008, 1.413875339436088563 ) ) ;
#4051 = B_SPLINE_CURVE_WITH_KNOTS ( 'NONE', 3,
 ( #949, #4645, #4255, #5615, #923, #2319, #1952, #5649, #4961, #1465, #5158, #2661 ),
 .UNSPECIFIED., .F., .F.,
 ( 4, 2, 2, 2, 2, 4 ),
 ( 0.02511410323154059446, 0.03813290422088955883, 0.05115170521023852668, 0.05766110570491309040, 0.06417050619958765412, 0.07718930718893661502 ),
 .UNSPECIFIED. ) ;
#4053 = CARTESIAN_POINT ( 'NONE',  ( 0.5860840145501755583, 1.043264336150263816, 1.401837029433354420 ) ) ;
#4052 = CARTESIAN_POINT ( 'NONE',  ( 0.5875063437697385371, 1.050625402520718676, 1.409801037244907684 ) ) ;
#4054 = CYLINDRICAL_SURFACE ( 'NONE', #3685, 0.001300000000000059571 ) ;
#4055 = ORIENTED_EDGE ( 'NONE', *, *, #5965, .F. ) ;
#4056 = EDGE_CURVE ( 'NONE', #25, #4140, #1986, .T. ) ;
#4057 = ORIENTED_EDGE ( 'NONE', *, *, #439, .F. ) ;
#4058 = CARTESIAN_POINT ( 'NONE',  ( 0.6150538451621844205, 1.013044350993935527, 1.425950248008636789 ) ) ;
#4059 = CARTESIAN_POINT ( 'NONE',  ( 0.6075043288729440327, 1.056348835064114589, 1.412991170066236091 ) ) ;
#4060 = CARTESIAN_POINT ( 'NONE',  ( 0.6022575641579308581, 1.010037266386115684, 1.417597562098857233 ) ) ;
#4061 = CARTESIAN_POINT ( 'NONE',  ( 0.6363510124633700027, 0.9884530907023149071, 1.439111776404674359 ) ) ;
#4062 = CARTESIAN_POINT ( 'NONE',  ( 0.6117598960645447281, 0.9790135759222511336, 1.409954759284704595 ) ) ;
#4063 = CC_DESIGN_DATE_AND_TIME_ASSIGNMENT ( #3046, #885, ( #2105 ) ) ;
#4064 = CARTESIAN_POINT ( 'NONE',  ( 0.6016067373094771131, 1.054147966298404793, 1.406428751194019666 ) ) ;
#4065 = CARTESIAN_POINT ( 'NONE',  ( 0.5723992038270528937, 0.9708694110658907528, 1.402849403514596860 ) ) ;
#4066 = VERTEX_POINT ( 'NONE', #4711 ) ;
#4067 = EDGE_CURVE ( 'NONE', #2237, #1768, #1372, .T. ) ;
#4068 = CARTESIAN_POINT ( 'NONE',  ( 0.6151773574511983922, 0.9603311823892313193, 1.422297060446126471 ) ) ;
#4069 = CARTESIAN_POINT ( 'NONE',  ( 0.6030931274688003940, 1.001215802288452528, 1.411327197710863457 ) ) ;
#4070 = CARTESIAN_POINT ( 'NONE',  ( 0.6078342875091110598, 0.9776705607163247436, 1.421926795106226216 ) ) ;
#4071 = EDGE_LOOP ( 'NONE', ( #3768, #2377, #2996, #5794 ) ) ;
#4072 = CARTESIAN_POINT ( 'NONE',  ( 0.5918389906292209623, 1.029933755095865155, 1.400527872522668638 ) ) ;
#4073 = DIRECTION ( 'NONE',  ( -0.5495945148342162856, 0.01876539135242323575, 0.8352207668344536762 ) ) ;
#4074 = DIRECTION ( 'NONE',  ( -0.5495945148342157305, 0.01876539135242311085, 0.8352207668344540092 ) ) ;
#4075 = CIRCLE ( 'NONE', #2719, 0.002999999999999976210 ) ;
#4076 = VERTEX_POINT ( 'NONE', #672 ) ;
#4077 = EDGE_CURVE ( 'NONE', #1128, #2684, #1102, .T. ) ;
#4078 = CARTESIAN_POINT ( 'NONE',  ( 0.5925176761948790505, 1.050543297224633355, 1.405906387470751584 ) ) ;
#4079 =( BOUNDED_CURVE ( )  B_SPLINE_CURVE ( 3, ( #191, #3857, #4833, #2084 ),
 .UNSPECIFIED., .F., .F. ) 
 B_SPLINE_CURVE_WITH_KNOTS ( ( 4, 4 ),
 ( 3.037452769106882666, 3.110686481572782380 ),
 .UNSPECIFIED. ) 
 CURVE ( )  GEOMETRIC_REPRESENTATION_ITEM ( )  RATIONAL_B_SPLINE_CURVE ( ( 1.000000000000000000, 0.9995531185478894187, 0.9995531185478894187, 1.000000000000000000 ) ) 
 REPRESENTATION_ITEM ( '' )  );
#4080 = CARTESIAN_POINT ( 'NONE',  ( 0.6499474221324436085, 0.9606862843856480705, 1.428963655744958761 ) ) ;
#4081 = CARTESIAN_POINT ( 'NONE',  ( 0.6110683519106312467, 0.8685170664247624517, 1.415029456845444678 ) ) ;
#4082 = VECTOR ( 'NONE', #5606, 1.000000000000000000 ) ;
#4083 = FACE_OUTER_BOUND ( 'NONE', #5216, .T. ) ;
#4084 = CARTESIAN_POINT ( 'NONE',  ( 0.5843397715610594290, 1.057478262529093715, 1.407563392551588688 ) ) ;
#4085 = AXIS2_PLACEMENT_3D ( 'NONE', #3091, #4094, #783 ) ;
#4086 = CARTESIAN_POINT ( 'NONE',  ( 0.6121002170557811040, 1.012779480033783042, 1.424440102613742543 ) ) ;
#4087 = VERTEX_POINT ( 'NONE', #5160 ) ;
#4088 = ORIENTED_EDGE ( 'NONE', *, *, #842, .T. ) ;
#4089 = DIRECTION ( 'NONE',  ( -0.2097476241884997095, 0.8827424475986160868, -0.4204422735107457010 ) ) ;
#4090 = CARTESIAN_POINT ( 'NONE',  ( 0.6124517529206059407, 1.037586805833225823, 1.418042530835579296 ) ) ;
#4091 = CARTESIAN_POINT ( 'NONE',  ( 0.6021049475073926294, 1.010476798920293851, 1.417487261591874992 ) ) ;
#4092 = DIRECTION ( 'NONE',  ( 0.7626657353480703616, 0.4193492594260339046, 0.4924298678439643639 ) ) ;
#4093 = DIRECTION ( 'NONE',  ( -0.5495945148342156195, 0.01876539135242333983, 0.8352207668344541203 ) ) ;
#4094 = DIRECTION ( 'NONE',  ( -0.5495945148342156195, 0.01876539135242259390, 0.8352207668344541203 ) ) ;
#4095 = DIRECTION ( 'NONE',  ( 0.5495945148342156195, -0.01876539135242258002, -0.8352207668344541203 ) ) ;
#4096 = CIRCLE ( 'NONE', #2739, 0.4064141769983863339 ) ;
#4097 = VERTEX_POINT ( 'NONE', #638 ) ;
#4098 = EDGE_CURVE ( 'NONE', #797, #3408, #5191, .T. ) ;
#4099 = CARTESIAN_POINT ( 'NONE',  ( 0.6222709856828922970, 0.9933665962176712050, 1.416790024972750306 ) ) ;
#4100 = CARTESIAN_POINT ( 'NONE',  ( 0.5995463677064578611, 1.011608230281032750, 1.408759855309492881 ) ) ;
#4101 = CARTESIAN_POINT ( 'NONE',  ( 0.5865255804752327329, 1.043258643534736851, 1.401320344969783305 ) ) ;
#4102 = AXIS2_PLACEMENT_3D ( 'NONE', #706, #3497, #4863 ) ;
#4103 = EDGE_CURVE ( 'NONE', #1645, #5346, #3977, .T. ) ;
#4104 = CARTESIAN_POINT ( 'NONE',  ( 0.5909484841381500431, 1.032241535656935438, 1.399890048477272941 ) ) ;
#4105 =( NAMED_UNIT ( * ) SI_UNIT ( $, .STERADIAN. ) SOLID_ANGLE_UNIT ( ) );
#4106 = FACE_OUTER_BOUND ( 'NONE', #342, .T. ) ;
#4107 = CARTESIAN_POINT ( 'NONE',  ( 0.6068942215704734577, 1.054457985142134513, 1.414827695886228254 ) ) ;
#4108 = AXIS2_PLACEMENT_3D ( 'NONE', #4285, #123, #3923 ) ;
#4109 = ORIENTED_EDGE ( 'NONE', *, *, #957, .F. ) ;
#4110 = CARTESIAN_POINT ( 'NONE',  ( 0.5870794887685557573, 1.045033957035087724, 1.401179676758128601 ) ) ;
#4111 = VERTEX_POINT ( 'NONE', #2468 ) ;
#4112 = CARTESIAN_POINT ( 'NONE',  ( 0.6244186259481876444, 1.007659431587276666, 1.426591668219220121 ) ) ;
#4113 = CIRCLE ( 'NONE', #3049, 0.01799999999999997088 ) ;
#4114 = FACE_OUTER_BOUND ( 'NONE', #2524, .T. ) ;
#4115 = DIRECTION ( 'NONE',  ( 0.5495945148342156195, -0.01876539135242259390, -0.8352207668344541203 ) ) ;
#4116 = EDGE_CURVE ( 'NONE', #389, #5956, #2861, .T. ) ;
#4117 = VECTOR ( 'NONE', #2887, 0.9999999999999998890 ) ;
#4118 = DIRECTION ( 'NONE',  ( -0.7623876645303940824, -0.4193586969262914632, -0.4928522418374231551 ) ) ;
#4119 = B_SPLINE_CURVE_WITH_KNOTS ( 'NONE', 3,
 ( #2342, #3645, #2314, #5494, #2710, #2768, #1280, #2794, #456, #1340, #4641, #4162, #370, #5552 ),
 .UNSPECIFIED., .F., .F.,
 ( 4, 2, 2, 2, 2, 2, 4 ),
 ( 0.000000000000000000, 0.003122122295688976087, 0.006244244591377952174, 0.009366366887066927827, 0.01092742803491127991, 0.01170795860883358866, 0.01248848918275589567 ),
 .UNSPECIFIED. ) ;
#4120 = CARTESIAN_POINT ( 'NONE',  ( 0.5961184241987433907, 1.026748084171166475, 1.413182414835574052 ) ) ;
#4121 = CARTESIAN_POINT ( 'NONE',  ( 0.5860958330161897267, 1.043238041193875754, 1.401840907467040820 ) ) ;
#4122 = ORIENTED_EDGE ( 'NONE', *, *, #4077, .F. ) ;
#4123 = ORIENTED_EDGE ( 'NONE', *, *, #3809, .T. ) ;
#4124 = CARTESIAN_POINT ( 'NONE',  ( 0.6088803220000457150, 0.9883180931318246154, 1.423540469677156306 ) ) ;
#4125 = CARTESIAN_POINT ( 'NONE',  ( 0.6021894830062427539, 1.076459178442937592, 1.409042048193027918 ) ) ;
#4126 = CARTESIAN_POINT ( 'NONE',  ( 0.6040771086299216996, 1.004627917445947594, 1.418916399291207942 ) ) ;
#4127 = CARTESIAN_POINT ( 'NONE',  ( 0.5882842045242864248, 1.042524012136316625, 1.395456997650930342 ) ) ;
#4128 = CARTESIAN_POINT ( 'NONE',  ( 0.6132685316808528242, 0.9933412772772517441, 1.429237474698538790 ) ) ;
#4129 = PLANE ( 'NONE',  #3774 ) ;
#4130 = CARTESIAN_POINT ( 'NONE',  ( 0.6020292096823576244, 1.038473469011130135, 1.417235865831342201 ) ) ;
#4131 = ORIENTED_EDGE ( 'NONE', *, *, #2210, .T. ) ;
#4132 = CARTESIAN_POINT ( 'NONE',  ( 0.6135399937886787392, 0.9619185067314838244, 1.421612292742753691 ) ) ;
#4133 = CARTESIAN_POINT ( 'NONE',  ( 0.6034095191172876849, 1.001499499805522886, 1.412903327106382445 ) ) ;
#4134 = CARTESIAN_POINT ( 'NONE',  ( 0.5865043041312408834, 1.043193946089553847, 1.401108130475692048 ) ) ;
#4135 = CARTESIAN_POINT ( 'NONE',  ( 0.5857326551907048318, 1.045978788530907311, 1.397523580350686023 ) ) ;
#4136 = CARTESIAN_POINT ( 'NONE',  ( 0.6212212213877886802, 0.9927423132418541352, 1.433286696856243214 ) ) ;
#4137 = B_SPLINE_CURVE_WITH_KNOTS ( 'NONE', 3,
 ( #2280, #1823, #5002, #2703, #3605, #4183, #5515, #3238, #3723, #4545, #1361, #4130 ),
 .UNSPECIFIED., .F., .F.,
 ( 4, 2, 2, 2, 2, 4 ),
 ( 0.000000000000000000, 0.0005648087664048607754, 0.001129617532809721551, 0.001694426299214582326, 0.001976830682416732664, 0.002259235065618883220 ),
 .UNSPECIFIED. ) ;
#4138 = CYLINDRICAL_SURFACE ( 'NONE', #3037, 0.4064141769983862784 ) ;
#4139 = ADVANCED_FACE ( 'NONE', ( #157 ), #189, .T. ) ;
#4140 = VERTEX_POINT ( 'NONE', #1954 ) ;
#4141 = CARTESIAN_POINT ( 'NONE',  ( 0.5871016070573182866, 1.044982760599745930, 1.401195381362045689 ) ) ;
#4142 = DIRECTION ( 'NONE',  ( 0.5495945148342157305, -0.01876539135242311085, -0.8352207668344541203 ) ) ;
#4143 = PLANE ( 'NONE',  #2746 ) ;
#4144 = CARTESIAN_POINT ( 'NONE',  ( 0.5466302013437914775, 1.059012220597848053, 1.445244181762249003 ) ) ;
#4145 = EDGE_CURVE ( 'NONE', #4311, #3716, #3474, .T. ) ;
#4146 = CARTESIAN_POINT ( 'NONE',  ( 0.5531770221506338014, 0.9927026691177198714, 1.477901178712440977 ) ) ;
#4147 = CARTESIAN_POINT ( 'NONE',  ( 0.5924468353487450933, 1.036432923758572544, 1.410548829818208949 ) ) ;
#4148 = VERTEX_POINT ( 'NONE', #5221 ) ;
#4149 = EDGE_LOOP ( 'NONE', ( #1579, #5993, #165, #744 ) ) ;
#4150 = PLANE ( 'NONE',  #5376 ) ;
#4151 = CARTESIAN_POINT ( 'NONE',  ( 0.6315854420115776247, 0.9940380052429906854, 1.431611375515888795 ) ) ;
#4152 = CARTESIAN_POINT ( 'NONE',  ( 0.5764268282340039296, 1.069762106294423143, 1.399258469752868494 ) ) ;
#4153 = CARTESIAN_POINT ( 'NONE',  ( 0.6057151724091234257, 1.053847253487830926, 1.414186166553110358 ) ) ;
#4154 = CARTESIAN_POINT ( 'NONE',  ( 0.6160425432414121660, 0.9932465612436215396, 1.425021799322817584 ) ) ;
#4155 = CARTESIAN_POINT ( 'NONE',  ( 0.6096809360652938325, 0.9709378134531013727, 1.413594309959130824 ) ) ;
#4156 = CARTESIAN_POINT ( 'NONE',  ( 0.6344641982746385134, 0.9324543032868050085, 1.430185236086698897 ) ) ;
#4157 = EDGE_LOOP ( 'NONE', ( #2415, #5667, #4666, #4497, #5050, #660, #2385, #680, #4807 ) ) ;
#4158 = CARTESIAN_POINT ( 'NONE',  ( 0.6394084568004212432, 0.9686993800636573004, 1.437299227601420704 ) ) ;
#4159 = CARTESIAN_POINT ( 'NONE',  ( 0.6015231127914572040, 1.007183000352953606, 1.411534333749355330 ) ) ;
#4160 = CARTESIAN_POINT ( 'NONE',  ( 0.6083839027747869332, 0.9816000355085655604, 1.423278071024290048 ) ) ;
#4161 = CARTESIAN_POINT ( 'NONE',  ( 0.5894175184824882452, 1.037236913186879050, 1.400144714129917034 ) ) ;
#4162 = CARTESIAN_POINT ( 'NONE',  ( 0.6420567069109406333, 0.9885394623868746233, 1.429975382696623498 ) ) ;
#4163 = CARTESIAN_POINT ( 'NONE',  ( 0.6221664888721181175, 0.9955644041673696876, 1.432024836440424886 ) ) ;
#4164 = ORIENTED_EDGE ( 'NONE', *, *, #1869, .T. ) ;
#4165 = CARTESIAN_POINT ( 'NONE',  ( 0.5897130763552103083, 1.038724850110673392, 1.403054388468684133 ) ) ;
#4166 = LINE ( 'NONE', #2346, #5945 ) ;
#4167 = PLANE ( 'NONE',  #4495 ) ;
#4168 = CARTESIAN_POINT ( 'NONE',  ( 0.5953931828463899789, 1.026282947664066025, 1.409912761734063880 ) ) ;
#4169 = DIRECTION ( 'NONE',  ( -0.7738664612090494499, -0.3881086756342737032, -0.5005021040047613612 ) ) ;
#4170 = DIRECTION ( 'NONE',  ( 0.7634919178089629721, 0.4164058896336372273, 0.4936458513132780390 ) ) ;
#4171 = CARTESIAN_POINT ( 'NONE',  ( 0.5916030710572478535, 1.040875350044768055, 1.412715838328739704 ) ) ;
#4172 = EDGE_CURVE ( 'NONE', #3686, #5080, #5846, .T. ) ;
#4173 = CIRCLE ( 'NONE', #576, 0.001499999999999958181 ) ;
#4174 = ORIENTED_EDGE ( 'NONE', *, *, #3217, .T. ) ;
#4175 = AXIS2_PLACEMENT_3D ( 'NONE', #3466, #2593, #3436 ) ;
#4176 = VERTEX_POINT ( 'NONE', #4494 ) ;
#4177 = CARTESIAN_POINT ( 'NONE',  ( 0.5865685928806567695, 1.079391271388158380, 1.379802758314690125 ) ) ;
#4178 = CARTESIAN_POINT ( 'NONE',  ( 0.6085287794790770199, 1.048361171843322559, 1.415219049938431395 ) ) ;
#4180 = CARTESIAN_POINT ( 'NONE',  ( 0.6056927049755312931, 1.002171333797914121, 1.422856727858332837 ) ) ;
#4179 = CARTESIAN_POINT ( 'NONE',  ( 0.5875057040968009181, 1.046250017362299500, 1.404254849771922498 ) ) ;
#4181 = CARTESIAN_POINT ( 'NONE',  ( 0.6172641488377077490, 1.001022580218618341, 1.430371789807084015 ) ) ;
#4182 = PLANE ( 'NONE',  #1095 ) ;
#4183 = CARTESIAN_POINT ( 'NONE',  ( 0.6025744931252879910, 1.038328961488343527, 1.417951606132473064 ) ) ;
#4184 = CLOSED_SHELL ( 'NONE', ( #5357, #1212, #1669, #5776, #3317, #5321, #3951, #4725, #4243, #1734, #1317, #5167, #2298, #5399, #4691, #5393, #3481, #2177, #5281, #13, #4626, #4958, #1917, #4139, #3183, #1707, #52, #3988, #2250, #4894, #428, #1091, #3390, #647, #4814, #1910, #2994, #577, #2324, #247, #2393, #535, #5095, #1241, #3278, #1177, #5335, #2538, #1053, #2743 ) ) ;
#4185 = ORIENTED_EDGE ( 'NONE', *, *, #2694, .T. ) ;
#4186 = EDGE_CURVE ( 'NONE', #3157, #2611, #5643, .T. ) ;
#4187 = DIRECTION ( 'NONE',  ( 0.8281805803149189238, -0.1170197085502264200, 0.5481088525102145725 ) ) ;
#4188 = CARTESIAN_POINT ( 'NONE',  ( 0.5790013900156271154, 1.060397527701912423, 1.394144608908890026 ) ) ;
#4189 = DIRECTION ( 'NONE',  ( -0.5495945148342156195, 0.01876539135242333983, 0.8352207668344541203 ) ) ;
#4190 = CARTESIAN_POINT ( 'NONE',  ( 0.5856186204406550466, 1.046235298695013194, 1.397442779693634840 ) ) ;
#4191 = B_SPLINE_CURVE_WITH_KNOTS ( 'NONE', 3,
 ( #1032, #1977, #1089, #1916 ),
 .UNSPECIFIED., .F., .F.,
 ( 4, 4 ),
 ( 0.0001139130535799164691, 0.001610284485334118184 ),
 .UNSPECIFIED. ) ;
#4192 = CARTESIAN_POINT ( 'NONE',  ( 0.6124838378311523446, 1.010853368490937987, 1.427130385470724683 ) ) ;
#4193 = CARTESIAN_POINT ( 'NONE',  ( 0.6069241663830379219, 1.054467018365002895, 1.414819775732647278 ) ) ;
#4194 = VECTOR ( 'NONE', #4839, 1.000000000000000000 ) ;
#4195 = CARTESIAN_POINT ( 'NONE',  ( 0.5866757648914420198, 1.045962918317816737, 1.400893145627804648 ) ) ;
#4196 = ORIENTED_EDGE ( 'NONE', *, *, #216, .T. ) ;
#4197 = DIRECTION ( 'NONE',  ( 0.3650397643841984952, 0.9046541402764898265, 0.2198791870526496661 ) ) ;
#4198 = LINE ( 'NONE', #436, #913 ) ;
#4199 = CARTESIAN_POINT ( 'NONE',  ( 0.6336024954846880552, 0.9667881006760579155, 1.418071224231191696 ) ) ;
#4200 = CARTESIAN_POINT ( 'NONE',  ( 0.6314307913310592824, 0.9675758439751823703, 1.423808223583099775 ) ) ;
#4201 = VECTOR ( 'NONE', #806, 1.000000000000000000 ) ;
#4202 = DIRECTION ( 'NONE',  ( 0.3410085708455591336, -0.9076310146233583787, 0.2447837737752286413 ) ) ;
#4203 = CARTESIAN_POINT ( 'NONE',  ( 0.5886384901001217029, 1.048032615267017853, 1.410604269285246737 ) ) ;
#4204 = B_SPLINE_CURVE_WITH_KNOTS ( 'NONE', 3,
 ( #2320, #4646, #1953, #1923, #2407, #4678, #978, #3224, #924, #5986, #2347, #3792 ),
 .UNSPECIFIED., .F., .F.,
 ( 4, 2, 2, 2, 2, 4 ),
 ( 0.03465556549062375619, 0.04767946933948549043, 0.05419142126391660041, 0.06070337318834770346, 0.07372727703720992343, 0.08675118088607212952 ),
 .UNSPECIFIED. ) ;
#4205 = ORIENTED_EDGE ( 'NONE', *, *, #2905, .T. ) ;
#4206 = SECURITY_CLASSIFICATION ( '', '', #3302 ) ;
#4207 = EDGE_CURVE ( 'NONE', #3157, #5019, #1523, .T. ) ;
#4208 = VERTEX_POINT ( 'NONE', #310 ) ;
#4209 = CARTESIAN_POINT ( 'NONE',  ( 0.6457525313047001170, 0.9604294397207554512, 1.436984685713828203 ) ) ;
#4210 = EDGE_CURVE ( 'NONE', #1309, #624, #1199, .T. ) ;
#4211 = CARTESIAN_POINT ( 'NONE',  ( 0.5949271068352040004, 1.071824582862645370, 1.411385740606696526 ) ) ;
#4213 = CARTESIAN_POINT ( 'NONE',  ( 0.6023837053302538713, 1.012151410251943773, 1.420455101636060036 ) ) ;
#4212 = CARTESIAN_POINT ( 'NONE',  ( 0.5885880699248446923, 1.043714243394066932, 1.405024044143690753 ) ) ;
#4214 = CARTESIAN_POINT ( 'NONE',  ( 0.5636291972102658310, 1.093367171919320757, 1.394326308500046130 ) ) ;
#4215 = DIRECTION ( 'NONE',  ( 0.3385274322565171023, -0.9089894737290785676, 0.2431816486899091023 ) ) ;
#4216 = FACE_OUTER_BOUND ( 'NONE', #1526, .T. ) ;
#4217 = ORIENTED_EDGE ( 'NONE', *, *, #4513, .F. ) ;
#4218 = ADVANCED_FACE ( 'NONE', ( #2112 ), #2167, .T. ) ;
#4219 = CARTESIAN_POINT ( 'NONE',  ( 0.5841343381414965119, 1.047581925846211792, 1.401210539195959504 ) ) ;
#4220 = CARTESIAN_POINT ( 'NONE',  ( 0.6079008747284539993, 0.9851936643089036494, 1.416225095317443783 ) ) ;
#4221 = CARTESIAN_POINT ( 'NONE',  ( 0.6209436082714770988, 0.9923835901996195252, 1.432533635251015847 ) ) ;
#4222 = CARTESIAN_POINT ( 'NONE',  ( 0.5869599240340204194, 1.043162688807291349, 1.398394422488234090 ) ) ;
#4223 = PERSON_AND_ORGANIZATION ( #5130, #4593 ) ;
#4224 = CARTESIAN_POINT ( 'NONE',  ( 0.6098550512588846173, 0.9754489061793382154, 1.412785643448421169 ) ) ;
#4225 = CARTESIAN_POINT ( 'NONE',  ( 0.6058018129737631208, 0.9715485571368613904, 1.419361686569305503 ) ) ;
#4226 = CARTESIAN_POINT ( 'NONE',  ( 0.5831154796789674855, 1.053722385712444032, 1.398376059427546503 ) ) ;
#4227 = EDGE_LOOP ( 'NONE', ( #4856, #269, #911, #2224 ) ) ;
#4228 = CARTESIAN_POINT ( 'NONE',  ( 0.6064046034580323763, 1.054309678749250079, 1.414954926754753650 ) ) ;
#4229 = FACE_OUTER_BOUND ( 'NONE', #4402, .T. ) ;
#4230 = CARTESIAN_POINT ( 'NONE',  ( 0.5952122006744892113, 1.027329204924853023, 1.398460132683566615 ) ) ;
#4231 = CARTESIAN_POINT ( 'NONE',  ( 0.6057877891778813417, 0.9979711983412823395, 1.406078272615684854 ) ) ;
#4232 = LINE ( 'NONE', #5193, #24 ) ;
#4233 = CARTESIAN_POINT ( 'NONE',  ( 0.6084692610754633968, 0.9920866029252339846, 1.424910345287725200 ) ) ;
#4234 = VERTEX_POINT ( 'NONE', #4012 ) ;
#4235 = ORIENTED_EDGE ( 'NONE', *, *, #2692, .T. ) ;
#4236 = CARTESIAN_POINT ( 'NONE',  ( 0.6224855244657337972, 0.9749371414558808402, 1.432124100109166465 ) ) ;
#4237 = CARTESIAN_POINT ( 'NONE',  ( 0.6062689485319348037, 1.035689757743872619, 1.419660796009882153 ) ) ;
#4239 = CARTESIAN_POINT ( 'NONE',  ( 0.6025074507255407941, 1.011797421045705470, 1.420544482239895157 ) ) ;
#4238 = CARTESIAN_POINT ( 'NONE',  ( 0.6015143034613705808, 1.006816069930577262, 1.411536781046596190 ) ) ;
#4240 = CARTESIAN_POINT ( 'NONE',  ( 0.6093339794949633736, 0.9715214286061180093, 1.413968517308429762 ) ) ;
#4241 = CARTESIAN_POINT ( 'NONE',  ( 0.5996554875981855437, 1.022718462113358928, 1.416027878908181270 ) ) ;
#4242 = ORIENTED_EDGE ( 'NONE', *, *, #3871, .T. ) ;
#4243 = ADVANCED_FACE ( 'NONE', ( #1713 ), #340, .F. ) ;
#4244 = CARTESIAN_POINT ( 'NONE',  ( 0.6394090911949021905, 0.9883486754604687841, 1.434464403124464438 ) ) ;
#4245 = CARTESIAN_POINT ( 'NONE',  ( 0.6107539351253723492, 0.9755916509153126359, 1.421140244282708576 ) ) ;
#4246 = CARTESIAN_POINT ( 'NONE',  ( 0.6138382312834651522, 0.9936545247399051206, 1.429605312254394356 ) ) ;
#4247 = CARTESIAN_POINT ( 'NONE',  ( 0.5762046920088903512, 1.065552035837125100, 1.392188507825904198 ) ) ;
#4248 = APPROVAL_STATUS ( 'not_yet_approved' ) ;
#4249 = CARTESIAN_POINT ( 'NONE',  ( 0.6072551986163582383, 0.9956097230028362333, 1.424046675676202245 ) ) ;
#4250 = EDGE_CURVE ( 'NONE', #5775, #2104, #4896, .T. ) ;
#4251 = DIRECTION ( 'NONE',  ( 0.5495945148342155084, -0.01876539135242229206, -0.8352207668344542313 ) ) ;
#4252 = CARTESIAN_POINT ( 'NONE',  ( 0.6039349093664545531, 0.9972270299751874179, 1.410596417275479020 ) ) ;
#4253 = ORIENTED_EDGE ( 'NONE', *, *, #4802, .F. ) ;
#4254 = EDGE_CURVE ( 'NONE', #599, #3418, #137, .T. ) ;
#4255 = CARTESIAN_POINT ( 'NONE',  ( 0.6217379599694499159, 1.013684058571693747, 1.424692237257793925 ) ) ;
#4256 = CARTESIAN_POINT ( 'NONE',  ( 0.6076084124830778421, 0.9860129884318672433, 1.416014217778201134 ) ) ;
#4257 = DIRECTION ( 'NONE',  ( -0.7637702840998400466, -0.4163964417921056649, -0.4932230290537166773 ) ) ;
#4258 = EDGE_CURVE ( 'NONE', #442, #122, #4044, .T. ) ;
#4259 = CARTESIAN_POINT ( 'NONE',  ( 0.6130122641539046402, 1.045388690514876373, 1.415487462098143467 ) ) ;
#4260 = CARTESIAN_POINT ( 'NONE',  ( 0.5982311984926943493, 1.023412897006725109, 1.417469638048569180 ) ) ;
#4261 = CARTESIAN_POINT ( 'NONE',  ( 0.6112282780816828964, 0.9750303227353324109, 1.409994048743229422 ) ) ;
#4262 = ORIENTED_EDGE ( 'NONE', *, *, #2508, .F. ) ;
#4263 = ORIENTED_EDGE ( 'NONE', *, *, #166, .F. ) ;
#4264 = CARTESIAN_POINT ( 'NONE',  ( 0.6317632047858096067, 0.9937263446526287680, 1.431736873409190869 ) ) ;
#4265 = B_SPLINE_CURVE_WITH_KNOTS ( 'NONE', 3,
 ( #5427, #332, #3573, #2073, #249, #5373 ),
 .UNSPECIFIED., .F., .F.,
 ( 4, 2, 4 ),
 ( 0.03306382680622933085, 0.04043685996466828136, 0.04780989312310722494 ),
 .UNSPECIFIED. ) ;
#4266 = CARTESIAN_POINT ( 'NONE',  ( 0.5959742058830743705, 1.082262229956491462, 1.409018211778395813 ) ) ;
#4268 = LINE ( 'NONE', #106, #3803 ) ;
#4267 = CARTESIAN_POINT ( 'NONE',  ( 0.5800306724656648649, 1.061668928969867087, 1.398989681007146491 ) ) ;
#4269 = CIRCLE ( 'NONE', #4458, 0.02100000000000002559 ) ;
#4270 = CARTESIAN_POINT ( 'NONE',  ( 0.6065396332882185826, 1.053109714298957833, 1.414262188543708110 ) ) ;
#4271 = CARTESIAN_POINT ( 'NONE',  ( 0.6040763623200982035, 1.010469242457242789, 1.419212126715610367 ) ) ;
#4272 = EDGE_LOOP ( 'NONE', ( #2002, #2555 ) ) ;
#4273 = AXIS2_PLACEMENT_3D ( 'NONE', #2154, #4881, #3908 ) ;
#4274 = CARTESIAN_POINT ( 'NONE',  ( 0.6289584791924289764, 0.9741561688312015965, 1.422033541223229447 ) ) ;
#4275 = CARTESIAN_POINT ( 'NONE',  ( 0.6044155190053867033, 1.000952605373569337, 1.416399621054712732 ) ) ;
#4276 = CARTESIAN_POINT ( 'NONE',  ( 0.6241939418701631936, 0.9922073840915661691, 1.434041700323972268 ) ) ;
#4277 = CARTESIAN_POINT ( 'NONE',  ( 0.5776936086256931890, 1.062889998595941687, 1.393228058817382431 ) ) ;
#4278 = FACE_OUTER_BOUND ( 'NONE', #1249, .T. ) ;
#4279 = CARTESIAN_POINT ( 'NONE',  ( 0.6067197224961132784, 0.9684688773245956339, 1.419142373862271267 ) ) ;
#4280 = ORIENTED_EDGE ( 'NONE', *, *, #3612, .T. ) ;
#4281 = EDGE_CURVE ( 'NONE', #3346, #3934, #283, .T. ) ;
#4282 = AXIS2_PLACEMENT_3D ( 'NONE', #687, #5821, #3904 ) ;
#4283 = CARTESIAN_POINT ( 'NONE',  ( 0.6003723339697444317, 1.008084054510094862, 1.408008229461104488 ) ) ;
#4284 = VERTEX_POINT ( 'NONE', #2138 ) ;
#4285 = CARTESIAN_POINT ( 'NONE',  ( 0.6295080737072631383, 0.9741374034398491144, 1.421198320456395159 ) ) ;
#4286 = CARTESIAN_POINT ( 'NONE',  ( 0.6149167354790606721, 0.9932862908953723480, 1.426731401483747774 ) ) ;
#4287 = CARTESIAN_POINT ( 'NONE',  ( 0.6086180080846776974, 0.9814094368391568235, 1.416782008037331009 ) ) ;
#4288 = CARTESIAN_POINT ( 'NONE',  ( 0.6262105066182579449, 0.9742499957879637851, 1.426209645057401776 ) ) ;
#4289 = FACE_OUTER_BOUND ( 'NONE', #5261, .T. ) ;
#4290 = CARTESIAN_POINT ( 'NONE',  ( 0.5905865429999681560, 1.038390682693754563, 1.406380919955771969 ) ) ;
#4291 = VECTOR ( 'NONE', #2681, 1.000000000000000000 ) ;
#4292 = DIRECTION ( 'NONE',  ( 0.6104595705477386947, -0.2176689561478124257, -0.7615506143758220547 ) ) ;
#4293 = VERTEX_POINT ( 'NONE', #4950 ) ;
#4294 = EDGE_CURVE ( 'NONE', #5346, #5471, #5718, .T. ) ;
#4295 = AXIS2_PLACEMENT_3D ( 'NONE', #1908, #1424, #3268 ) ;
#4296 = ORIENTED_EDGE ( 'NONE', *, *, #390, .F. ) ;
#4297 = CARTESIAN_POINT ( 'NONE',  ( 0.6315740554297720744, 0.9940535300075590275, 1.431605401560408941 ) ) ;
#4298 = CARTESIAN_POINT ( 'NONE',  ( 0.6204585124440017418, 1.009113014817793585, 1.426772935826755795 ) ) ;
#4300 = CARTESIAN_POINT ( 'NONE',  ( 0.6026287684050416482, 1.011449716636336982, 1.420632124146597564 ) ) ;
#4299 = CARTESIAN_POINT ( 'NONE',  ( 0.5869360331285841115, 1.047556757764722457, 1.403850633847407936 ) ) ;
#4301 = DIRECTION ( 'NONE',  ( -0.9287668205486498962, -0.2813256236609254501, 0.2413464035773967842 ) ) ;
#4302 = CARTESIAN_POINT ( 'NONE',  ( 0.6064787527000201628, 1.059378342778865001, 1.405326626865580408 ) ) ;
#4303 = VECTOR ( 'NONE', #4947, 1.000000000000000000 ) ;
#4304 = VERTEX_POINT ( 'NONE', #5468 ) ;
#4305 = CARTESIAN_POINT ( 'NONE',  ( 0.5870770602389010495, 1.043781398215617884, 1.397882777909058793 ) ) ;
#4306 = CARTESIAN_POINT ( 'NONE',  ( 0.6013687842733050903, 1.007631436060350882, 1.411422706761250145 ) ) ;
#4307 = EDGE_LOOP ( 'NONE', ( #1539, #3844, #3124, #3200 ) ) ;
#4308 = CARTESIAN_POINT ( 'NONE',  ( 0.5813997615786775652, 1.056117813753759238, 1.395818947500829799 ) ) ;
#4309 = CARTESIAN_POINT ( 'NONE',  ( 0.5874943200485128747, 1.042501409575106619, 1.399206351216541355 ) ) ;
#4310 = CARTESIAN_POINT ( 'NONE',  ( 0.6134624751471743354, 0.9581919472542834715, 1.421021801662915029 ) ) ;
#4311 = VERTEX_POINT ( 'NONE', #5036 ) ;
#4312 = CARTESIAN_POINT ( 'NONE',  ( 0.6028054376500474598, 1.000842384078166170, 1.409771970587895273 ) ) ;
#4313 = ORIENTED_EDGE ( 'NONE', *, *, #3136, .T. ) ;
#4314 = CARTESIAN_POINT ( 'NONE',  ( 0.6111850540179294411, 0.9752562112125890970, 1.409977577041196639 ) ) ;
#4315 = CARTESIAN_POINT ( 'NONE',  ( 0.6090707684215505013, 0.9894630276635999477, 1.425365096378276464 ) ) ;
#4316 = CARTESIAN_POINT ( 'NONE',  ( 0.5999225372142662494, 1.014289968261470998, 1.413162676069387613 ) ) ;
#4317 = CARTESIAN_POINT ( 'NONE',  ( 0.6253417172405406621, 1.006150790909478676, 1.427232595087813527 ) ) ;
#4318 = EDGE_CURVE ( 'NONE', #5304, #3190, #3684, .T. ) ;
#4319 = CARTESIAN_POINT ( 'NONE',  ( 0.6075635795592359001, 0.9982386609597202476, 1.422662042089635648 ) ) ;
#4320 = DIRECTION ( 'NONE',  ( 0.7514598057664150232, -0.4257331870643820682, 0.5040430673558616848 ) ) ;
#4321 = CARTESIAN_POINT ( 'NONE',  ( 0.6353221339361143638, 0.9568754261184458931, 1.433816009106105627 ) ) ;
#4322 = EDGE_CURVE ( 'NONE', #1163, #4816, #1889, .T. ) ;
#4323 = CARTESIAN_POINT ( 'NONE',  ( 0.6079197640888549525, 0.9802885325403922767, 1.412840683772995654 ) ) ;
#4324 = EDGE_LOOP ( 'NONE', ( #1841, #5587, #3007, #1335 ) ) ;
#4325 = VERTEX_POINT ( 'NONE', #457 ) ;
#4326 = CARTESIAN_POINT ( 'NONE',  ( 0.6329871193461660273, 1.004071719427647613, 1.423840195877648984 ) ) ;
#4327 = CARTESIAN_POINT ( 'NONE',  ( 0.6274288844754227767, 0.9884965544323522924, 1.434644838738527772 ) ) ;
#4329 = CARTESIAN_POINT ( 'NONE',  ( 0.6027825302051224021, 1.011006885197315963, 1.420743252306788440 ) ) ;
#4328 = CARTESIAN_POINT ( 'NONE',  ( 0.5964656746819921862, 1.023416900644424254, 1.410663721857313480 ) ) ;
#4330 = DIRECTION ( 'NONE',  ( -0.5495945148342156195, 0.01876539135242335718, 0.8352207668344541203 ) ) ;
#4331 = CARTESIAN_POINT ( 'NONE',  ( 0.6016184839227127767, 1.019178955514479901, 1.395847911607470238 ) ) ;
#4332 = ORIENTED_EDGE ( 'NONE', *, *, #2505, .T. ) ;
#4333 = CARTESIAN_POINT ( 'NONE',  ( 0.5853624554318116457, 1.047593179368485838, 1.397010919799114292 ) ) ;
#4334 = CARTESIAN_POINT ( 'NONE',  ( 0.6041592667537071248, 1.001765839279348036, 1.416212729767237333 ) ) ;
#4335 = CARTESIAN_POINT ( 'NONE',  ( 0.6074181424781429639, 0.9982436267730068202, 1.422883063346431332 ) ) ;
#4336 = CARTESIAN_POINT ( 'NONE',  ( 0.5873707247553467958, 1.043279210166276005, 1.400036431273729010 ) ) ;
#4337 = DIRECTION ( 'NONE',  ( 0.3650397643841984952, 0.9046541402764898265, 0.2198791870526496384 ) ) ;
#4338 = DIRECTION ( 'NONE',  ( -0.5495945148342157305, 0.01876539135242311085, 0.8352207668344540092 ) ) ;
#4339 = CARTESIAN_POINT ( 'NONE',  ( 0.6068685140736487238, 0.9982623453114263246, 1.423718157396245854 ) ) ;
#4340 = ORIENTED_EDGE ( 'NONE', *, *, #5848, .T. ) ;
#4341 = CARTESIAN_POINT ( 'NONE',  ( 0.6176385371943797775, 1.015210788737985537, 1.424780324879761473 ) ) ;
#4342 = CARTESIAN_POINT ( 'NONE',  ( 0.6027770232266885797, 1.000930885405966864, 1.409751284831556761 ) ) ;
#4343 = ORIENTED_EDGE ( 'NONE', *, *, #1320, .F. ) ;
#4344 = CARTESIAN_POINT ( 'NONE',  ( 0.5735092044899539054, 0.9874708606926602128, 1.464538546737062630 ) ) ;
#4345 = CARTESIAN_POINT ( 'NONE',  ( 0.6210116104690428518, 0.9953896710256715519, 1.430694711836210109 ) ) ;
#4346 = CARTESIAN_POINT ( 'NONE',  ( 0.6077577330958819912, 1.053475336593707512, 1.413922818968093686 ) ) ;
#4347 = CARTESIAN_POINT ( 'NONE',  ( 0.6055457754442497009, 1.052808595144575809, 1.414520474967680075 ) ) ;
#4348 = CARTESIAN_POINT ( 'NONE',  ( 0.6154864350816731111, 0.9935995383580258355, 1.427099239039603340 ) ) ;
#4349 = PLANE ( 'NONE',  #4577 ) ;
#4350 = CARTESIAN_POINT ( 'NONE',  ( 0.6419012558789329859, 0.9781879012613517999, 1.440026909188718340 ) ) ;
#4351 = CARTESIAN_POINT ( 'NONE',  ( 0.6072631181958132451, 0.9874068574249572627, 1.415756266755104908 ) ) ;
#4352 = ORIENTED_EDGE ( 'NONE', *, *, #5553, .T. ) ;
#4353 = ORIENTED_EDGE ( 'NONE', *, *, #609, .T. ) ;
#4354 = CARTESIAN_POINT ( 'NONE',  ( 0.6314855528590707090, 0.9942073165608232843, 1.431543689707370115 ) ) ;
#4355 = EDGE_CURVE ( 'NONE', #5378, #4026, #2738, .T. ) ;
#4356 = CARTESIAN_POINT ( 'NONE',  ( 0.6174171663511828223, 0.9951861887741288992, 1.431768528503533089 ) ) ;
#4358 = CARTESIAN_POINT ( 'NONE',  ( 0.5865870595624467221, 1.043393926163591612, 1.401740434761203469 ) ) ;
#4357 = CARTESIAN_POINT ( 'NONE',  ( 0.5908627648114140873, 1.038145785651542363, 1.406645955589311159 ) ) ;
#4359 = PLANE ( 'NONE',  #2049 ) ;
#4360 = CARTESIAN_POINT ( 'NONE',  ( 0.6069540883403949927, 1.054476007535825488, 1.414811722732975952 ) ) ;
#4361 = EDGE_LOOP ( 'NONE', ( #4518, #4657, #3029, #1787 ) ) ;
#4362 = CARTESIAN_POINT ( 'NONE',  ( 0.6209870966159249939, 1.024162815572768226, 1.421211979755978572 ) ) ;
#4363 = CARTESIAN_POINT ( 'NONE',  ( 0.6040001759460519315, 1.002266074772833360, 1.416096805266918279 ) ) ;
#4364 = FACE_OUTER_BOUND ( 'NONE', #5344, .T. ) ;
#4365 = CARTESIAN_POINT ( 'NONE',  ( 0.5896515161018885953, 1.037766986563364080, 1.401661090885361949 ) ) ;
#4366 = CARTESIAN_POINT ( 'NONE',  ( 0.6303049283956828619, 0.9669006930241724751, 1.423082548832198313 ) ) ;
#4367 = CARTESIAN_POINT ( 'NONE',  ( 0.5870170127745152344, 1.042955021642150815, 1.400131394801588103 ) ) ;
#4368 = CARTESIAN_POINT ( 'NONE',  ( 0.6242086196393525910, 1.005804286906924361, 1.427526316412113250 ) ) ;
#4369 = AXIS2_PLACEMENT_3D ( 'NONE', #1082, #4330, #4752 ) ;
#4370 = ORIENTED_EDGE ( 'NONE', *, *, #2140, .T. ) ;
#4371 = ADVANCED_FACE ( 'NONE', ( #33 ), #4138, .T. ) ;
#4372 = CARTESIAN_POINT ( 'NONE',  ( 0.5992193849185754040, 1.056479461895764249, 1.414554926283305258 ) ) ;
#4373 = CARTESIAN_POINT ( 'NONE',  ( 0.6033306480991001974, 0.9991860086959998277, 1.410154785918766418 ) ) ;
#4374 = AXIS2_PLACEMENT_3D ( 'NONE', #2158, #301, #387 ) ;
#4375 = ORIENTED_EDGE ( 'NONE', *, *, #1764, .T. ) ;
#4376 = DIRECTION ( 'NONE',  ( -0.5495945148341954134, 0.01876539135241191147, 0.8352207668344676650 ) ) ;
#4377 = DIRECTION ( 'NONE',  ( 0.7626657353480694734, 0.4193492594260378459, 0.4924298678439620880 ) ) ;
#4378 = CARTESIAN_POINT ( 'NONE',  ( 0.6001406293931522695, 1.007543316125869115, 1.406493601197617238 ) ) ;
#4379 = CARTESIAN_POINT ( 'NONE',  ( 0.6091257104535603428, 0.9930718873730527418, 1.422925590673599361 ) ) ;
#4380 = CARTESIAN_POINT ( 'NONE',  ( 0.6330426005779762333, 1.003907596305443128, 1.423880188790287216 ) ) ;
#4381 = DIRECTION ( 'NONE',  ( -0.7738664612090516703, -0.3881086756343407607, -0.5005021040047059611 ) ) ;
#4382 = CARTESIAN_POINT ( 'NONE',  ( 0.6201086483837308094, 1.017671296380222579, 1.423528397875771345 ) ) ;
#4383 = CARTESIAN_POINT ( 'NONE',  ( 0.6407198808821903402, 0.9640997006317050255, 1.437612134625944726 ) ) ;
#4384 = CARTESIAN_POINT ( 'NONE',  ( 0.6123623747279426377, 1.055285146647962025, 1.410168054456700570 ) ) ;
#4385 = ORIENTED_EDGE ( 'NONE', *, *, #3538, .T. ) ;
#4386 = CIRCLE ( 'NONE', #3513, 0.0009999999999999800715 ) ;
#4387 = CARTESIAN_POINT ( 'NONE',  ( 0.6070410481487121812, 1.053261633641608519, 1.414131880821584364 ) ) ;
#4388 = CARTESIAN_POINT ( 'NONE',  ( 0.6322569252575084287, 0.9920431566124812139, 1.437948610459093723 ) ) ;
#4390 = CARTESIAN_POINT ( 'NONE',  ( 0.5949226004580597804, 1.033199290920493008, 1.413875339436088563 ) ) ;
#4389 = CARTESIAN_POINT ( 'NONE',  ( 0.5878262584126419110, 1.047709757831527311, 1.407255020500612464 ) ) ;
#4391 = DIRECTION ( 'NONE',  ( -0.5495945148342156195, 0.01876539135242228512, 0.8352207668344542313 ) ) ;
#4392 = ORIENTED_EDGE ( 'NONE', *, *, #3364, .T. ) ;
#4393 = AXIS2_PLACEMENT_3D ( 'NONE', #1068, #5838, #4434 ) ;
#4394 = EDGE_CURVE ( 'NONE', #2444, #552, #1433, .T. ) ;
#4395 = CARTESIAN_POINT ( 'NONE',  ( 0.6374219344773413010, 0.9932311330081615708, 1.431347137705091477 ) ) ;
#4396 = CARTESIAN_POINT ( 'NONE',  ( 0.5795334036553105861, 1.062405141111964380, 1.398645925761905273 ) ) ;
#4397 = CARTESIAN_POINT ( 'NONE',  ( 0.6225551804245254006, 1.035277845698295840, 1.409263037316056177 ) ) ;
#4398 = CARTESIAN_POINT ( 'NONE',  ( 0.5912259923727360977, 1.033791168209938327, 1.402786459586507162 ) ) ;
#4399 = CARTESIAN_POINT ( 'NONE',  ( 0.6052401191966944038, 0.9949483409553274704, 1.413698716814689726 ) ) ;
#4400 = DIRECTION ( 'NONE',  ( 0.7505752902509679192, 0.4501006340066093236, 0.4837831672676545791 ) ) ;
#4401 = FACE_OUTER_BOUND ( 'NONE', #1436, .T. ) ;
#4402 = EDGE_LOOP ( 'NONE', ( #2504, #5489, #1205, #2239 ) ) ;
#4403 = CIRCLE ( 'NONE', #5270, 0.003750000000000010703 ) ;
#4404 = CARTESIAN_POINT ( 'NONE',  ( 0.6027327793298677960, 1.002331795799063618, 1.411065006654011578 ) ) ;
#4405 = EDGE_LOOP ( 'NONE', ( #3232, #3861, #1464, #3143, #3881 ) ) ;
#4406 = CARTESIAN_POINT ( 'NONE',  ( 0.6476031801401349597, 0.9599661757509863058, 1.435818287247515146 ) ) ;
#4407 = CARTESIAN_POINT ( 'NONE',  ( 0.6467797257494806162, 0.9624809159366928268, 1.426838917483423952 ) ) ;
#4408 = CARTESIAN_POINT ( 'NONE',  ( 0.6029119066165282703, 0.9992308332085456657, 1.408503926877698431 ) ) ;
#4409 = CARTESIAN_POINT ( 'NONE',  ( 0.5980918933319573361, 1.029072382394812468, 1.414856240612746729 ) ) ;
#4410 = CARTESIAN_POINT ( 'NONE',  ( 0.5402545776553887569, 1.019613206198362487, 1.368629461013249671 ) ) ;
#4411 = DIRECTION ( 'NONE',  ( -0.3650397643841983841, -0.9046541402764898265, -0.2198791870526495829 ) ) ;
#4412 = CARTESIAN_POINT ( 'NONE',  ( 0.6074636046278705237, 1.051956897498388610, 1.414437353073840775 ) ) ;
#4413 = CARTESIAN_POINT ( 'NONE',  ( 0.6423429307422392487, 0.9702626973010559652, 1.439188802336220929 ) ) ;
#4414 = CARTESIAN_POINT ( 'NONE',  ( 0.6100481308892754528, 0.9809340977695748531, 1.409264960471527717 ) ) ;
#4415 = ORIENTED_EDGE ( 'NONE', *, *, #724, .T. ) ;
#4416 = CARTESIAN_POINT ( 'NONE',  ( 0.6138382312834651522, 0.9936545247399051206, 1.429605312254394356 ) ) ;
#4418 = LINE ( 'NONE', #293, #2936 ) ;
#4417 = CARTESIAN_POINT ( 'NONE',  ( 0.5915921286581460325, 1.036301329650122449, 1.407167334278003779 ) ) ;
#4419 = DIRECTION ( 'NONE',  ( 0.7505752902509679192, 0.4501006340066093236, 0.4837831672676545791 ) ) ;
#4420 = ORIENTED_EDGE ( 'NONE', *, *, #1020, .F. ) ;
#4421 = CARTESIAN_POINT ( 'NONE',  ( 0.6124877147031181357, 1.051357829480769723, 1.413633880067846738 ) ) ;
#4422 = CARTESIAN_POINT ( 'NONE',  ( 0.6062452704523380032, 0.9976476147701917041, 1.420499930267519639 ) ) ;
#4423 = ORIENTED_EDGE ( 'NONE', *, *, #4186, .T. ) ;
#4424 = CARTESIAN_POINT ( 'NONE',  ( 0.5878411037996611466, 1.042799115289910983, 1.401732377903467386 ) ) ;
#4425 = DIRECTION ( 'NONE',  ( -0.7512883676659077858, 0.4257273140144642309, -0.5043035224068194156 ) ) ;
#4426 = CARTESIAN_POINT ( 'NONE',  ( 0.6169219887656669510, 1.003148327423927899, 1.427829328245862950 ) ) ;
#4427 = ORIENTED_EDGE ( 'NONE', *, *, #5782, .F. ) ;
#4428 = CARTESIAN_POINT ( 'NONE',  ( 0.6021580294199073702, 1.004080988021135212, 1.410647507846080284 ) ) ;
#4429 = ORIENTED_EDGE ( 'NONE', *, *, #424, .T. ) ;
#4430 = EDGE_CURVE ( 'NONE', #702, #2536, #4846, .T. ) ;
#4431 = CARTESIAN_POINT ( 'NONE',  ( 0.5892799366648694415, 1.036467229645656740, 1.398697164655352321 ) ) ;
#4432 =( LENGTH_UNIT ( ) NAMED_UNIT ( * ) SI_UNIT ( $, .METRE. ) );
#4433 = CARTESIAN_POINT ( 'NONE',  ( 0.6024269323329296544, 1.000751025665540972, 1.408150647572149028 ) ) ;
#4434 = DIRECTION ( 'NONE',  ( 0.7512883676660886412, -0.4257273140144409163, 0.5043035224065696154 ) ) ;
#4435 = FACE_OUTER_BOUND ( 'NONE', #4794, .T. ) ;
#4436 = CARTESIAN_POINT ( 'NONE',  ( 0.6359242265045342846, 0.9924150197566108389, 1.431754251711912840 ) ) ;
#4437 = CARTESIAN_POINT ( 'NONE',  ( 0.6395581301222815762, 0.9618532236620146447, 1.436732673871469190 ) ) ;
#4438 = CARTESIAN_POINT ( 'NONE',  ( 0.6075174012828175041, 0.9822005720557740460, 1.412532721023269877 ) ) ;
#4439 = ADVANCED_FACE ( 'NONE', ( #2462 ), #5246, .T. ) ;
#4440 = ORIENTED_EDGE ( 'NONE', *, *, #3575, .F. ) ;
#4441 = CARTESIAN_POINT ( 'NONE',  ( 0.5733195690118777499, 1.095496176589783488, 1.392261986673413388 ) ) ;
#4442 = DIRECTION ( 'NONE',  ( 0.5495945148342156195, -0.01876539135242269105, -0.8352207668344541203 ) ) ;
#4444 = DIRECTION ( 'NONE',  ( -0.5495945148342156195, 0.01876539135242259390, 0.8352207668344541203 ) ) ;
#4443 = CARTESIAN_POINT ( 'NONE',  ( 0.5854044360210290954, 1.053117738742685994, 1.405539901292086613 ) ) ;
#4445 = DIRECTION ( 'NONE',  ( -0.7634921837107448983, -0.4164058806629312159, -0.4936454476260536128 ) ) ;
#4446 = ORIENTED_EDGE ( 'NONE', *, *, #5375, .F. ) ;
#4447 = CARTESIAN_POINT ( 'NONE',  ( 0.6344298973785351681, 0.9953145024495209103, 1.430705804339397202 ) ) ;
#4448 = CARTESIAN_POINT ( 'NONE',  ( 0.6024483172665692221, 1.006983571214520090, 1.414969655748665511 ) ) ;
#4449 = CARTESIAN_POINT ( 'NONE',  ( 0.7350591037944609329, 1.081467393095391305, 1.503806632714707048 ) ) ;
#4450 = FACE_OUTER_BOUND ( 'NONE', #722, .T. ) ;
#4451 = CARTESIAN_POINT ( 'NONE',  ( 0.6124136717252524065, 0.9928712353274444791, 1.428685517851062015 ) ) ;
#4452 = CYLINDRICAL_SURFACE ( 'NONE', #1004, 0.01000000000000003490 ) ;
#4453 = ORIENTED_EDGE ( 'NONE', *, *, #3167, .T. ) ;
#4454 = CARTESIAN_POINT ( 'NONE',  ( 0.6006497249192320753, 1.008494070040553581, 1.409555857437422066 ) ) ;
#4455 = ORIENTED_EDGE ( 'NONE', *, *, #2327, .F. ) ;
#4456 = CARTESIAN_POINT ( 'NONE',  ( 0.5943665095286383426, 1.023210973811716107, 1.402342082855076555 ) ) ;
#4457 = CARTESIAN_POINT ( 'NONE',  ( 0.6065426238264910452, 1.053110620376227935, 1.414261411362454091 ) ) ;
#4458 = AXIS2_PLACEMENT_3D ( 'NONE', #3594, #5364, #3536 ) ;
#4459 = CARTESIAN_POINT ( 'NONE',  ( 0.6016368987153566383, 1.003165468836944019, 1.407576540542244903 ) ) ;
#4460 = CARTESIAN_POINT ( 'NONE',  ( 0.6078233096122046542, 1.001767942785587451, 1.421873201561083988 ) ) ;
#4461 = LINE ( 'NONE', #4410, #492 ) ;
#4462 = EDGE_CURVE ( 'NONE', #2536, #2183, #795, .T. ) ;
#4463 = VECTOR ( 'NONE', #1731, 1.000000000000000000 ) ;
#4464 = EDGE_CURVE ( 'NONE', #956, #5853, #61, .T. ) ;
#4465 = CARTESIAN_POINT ( 'NONE',  ( 0.6182599961006333134, 1.022295453834297874, 1.422208048427197724 ) ) ;
#4466 = CARTESIAN_POINT ( 'NONE',  ( 0.6314542898678343619, 1.006863506693984611, 1.422767891101355930 ) ) ;
#4467 = DIRECTION ( 'NONE',  ( 0.5495945148341941922, -0.01876539135241119330, -0.8352207668344685532 ) ) ;
#4468 = CARTESIAN_POINT ( 'NONE',  ( 0.6114321049783592033, 1.055454717721267199, 1.411078733742235691 ) ) ;
#4469 = EDGE_CURVE ( 'NONE', #5471, #3832, #3362, .T. ) ;
#4470 = CARTESIAN_POINT ( 'NONE',  ( 0.5860868445849909403, 1.043264263943510795, 1.401832261312750516 ) ) ;
#4471 = CARTESIAN_POINT ( 'NONE',  ( 0.6263819943537128898, 0.9948135843303572701, 1.435874158641497589 ) ) ;
#4473 = CARTESIAN_POINT ( 'NONE',  ( 0.5864425444216387895, 1.043007350260054533, 1.400496627552880513 ) ) ;
#4472 = CARTESIAN_POINT ( 'NONE',  ( 0.5948621656439252448, 1.030115132024514324, 1.412280118327229550 ) ) ;
#4474 = CARTESIAN_POINT ( 'NONE',  ( 0.6128772395659548566, 1.055249353302788462, 1.409456935393763821 ) ) ;
#4475 = EDGE_CURVE ( 'NONE', #1054, #2751, #1989, .T. ) ;
#4476 = VERTEX_POINT ( 'NONE', #2907 ) ;
#4477 = AXIS2_PLACEMENT_3D ( 'NONE', #1838, #42, #5961 ) ;
#4478 = CARTESIAN_POINT ( 'NONE',  ( 0.5922129967481190027, 1.085352959542700280, 1.409295843697286887 ) ) ;
#4479 = CARTESIAN_POINT ( 'NONE',  ( 0.6389917438926685511, 0.9905095149635373408, 1.432441256659031659 ) ) ;
#4480 = CARTESIAN_POINT ( 'NONE',  ( 0.6044989588335756281, 1.003320112399110675, 1.419223369665636669 ) ) ;
#4481 = LINE ( 'NONE', #5024, #5925 ) ;
#4482 = CARTESIAN_POINT ( 'NONE',  ( 0.6118319148239872440, 0.9714361389375405498, 1.410172395977707493 ) ) ;
#4483 = AXIS2_PLACEMENT_3D ( 'NONE', #3465, #3048, #5409 ) ;
#4484 = CARTESIAN_POINT ( 'NONE',  ( 0.6094029350503386011, 0.9902700899623362307, 1.426427414947919470 ) ) ;
#4485 = DIRECTION ( 'NONE',  ( -0.5495945148342156195, 0.01876539135242259390, 0.8352207668344541203 ) ) ;
#4486 = ORIENTED_EDGE ( 'NONE', *, *, #5770, .F. ) ;
#4487 = AXIS2_PLACEMENT_3D ( 'NONE', #5057, #6000, #910 ) ;
#4488 = CARTESIAN_POINT ( 'NONE',  ( 0.6032457429166101504, 1.000738207312675598, 1.411438352597463863 ) ) ;
#4489 = CARTESIAN_POINT ( 'NONE',  ( 0.6080562798618688314, 0.9799407799191168777, 1.422652052990183158 ) ) ;
#4490 = ORIENTED_EDGE ( 'NONE', *, *, #3313, .F. ) ;
#4491 = CARTESIAN_POINT ( 'NONE',  ( 0.6007370692318478866, 1.005428556733093393, 1.406933585889075689 ) ) ;
#4492 = CARTESIAN_POINT ( 'NONE',  ( 0.5840459742491251882, 1.098293857844060195, 1.398670665855352491 ) ) ;
#4493 = CARTESIAN_POINT ( 'NONE',  ( 0.6007525279783008099, 1.005776912027920300, 1.406935931399268203 ) ) ;
#4494 = CARTESIAN_POINT ( 'NONE',  ( 0.6189923659877276663, 1.000435219918770713, 1.414885182290324117 ) ) ;
#4495 = AXIS2_PLACEMENT_3D ( 'NONE', #1862, #5616, #1895 ) ;
#4496 = CARTESIAN_POINT ( 'NONE',  ( 0.6231306923374990703, 1.014492226110062179, 1.424214094192225222 ) ) ;
#4497 = ORIENTED_EDGE ( 'NONE', *, *, #1698, .F. ) ;
#4498 = CARTESIAN_POINT ( 'NONE',  ( 0.6213839085102904614, 1.031216308674434812, 1.415594793698586873 ) ) ;
#4499 =( BOUNDED_CURVE ( )  B_SPLINE_CURVE ( 3, ( #851, #3212, #27, #3640 ),
 .UNSPECIFIED., .F., .F. ) 
 B_SPLINE_CURVE_WITH_KNOTS ( ( 4, 4 ),
 ( 2.691795786331927509, 2.692295104962858510 ),
 .UNSPECIFIED. ) 
 CURVE ( )  GEOMETRIC_REPRESENTATION_ITEM ( )  RATIONAL_B_SPLINE_CURVE ( ( 1.000000000000000000, 0.9999999792234088858, 0.9999999792234088858, 1.000000000000000000 ) ) 
 REPRESENTATION_ITEM ( '' )  );
#4500 = DIRECTION ( 'NONE',  ( 0.1078779742998679514, 0.9929562508402209886, 0.04899210730606693570 ) ) ;
#4501 = CARTESIAN_POINT ( 'NONE',  ( 0.5733306890114554522, 0.9890932217207265564, 1.464384628907780872 ) ) ;
#4502 = UNCERTAINTY_MEASURE_WITH_UNIT (LENGTH_MEASURE( 1.000000000000000082E-05 ), #4432, 'distance_accuracy_value', 'NONE');
#4503 = ADVANCED_FACE ( 'NONE', ( #1003 ), #5319, .F. ) ;
#4504 = CARTESIAN_POINT ( 'NONE',  ( 0.6363510124633700027, 0.9884530907023149071, 1.439111776404674359 ) ) ;
#4506 = DIRECTION ( 'NONE',  ( -0.5495945148342159525, 0.01876539135242342657, 0.8352207668344538982 ) ) ;
#4505 = CARTESIAN_POINT ( 'NONE',  ( 0.5878356521532652756, 1.049879488517507564, 1.410034488635490524 ) ) ;
#4507 = CARTESIAN_POINT ( 'NONE',  ( 0.6200131619784113868, 1.034907175332977491, 1.414608611636617441 ) ) ;
#4508 = EDGE_CURVE ( 'NONE', #4689, #878, #3973, .T. ) ;
#4509 = ORIENTED_EDGE ( 'NONE', *, *, #4508, .T. ) ;
#4510 = ORIENTED_EDGE ( 'NONE', *, *, #1283, .F. ) ;
#4511 = CARTESIAN_POINT ( 'NONE',  ( 0.6139752708726623487, 1.015648436681241717, 1.425182013757431587 ) ) ;
#4512 = CARTESIAN_POINT ( 'NONE',  ( 0.6194895014549617329, 1.023680265089349284, 1.421611673646633767 ) ) ;
#4513 = EDGE_CURVE ( 'NONE', #1445, #5003, #3758, .T. ) ;
#4514 = CARTESIAN_POINT ( 'NONE',  ( 0.6033843888710935799, 1.004170219720287527, 1.415648821645472566 ) ) ;
#4515 = DIRECTION ( 'NONE',  ( -0.5495945148342157305, 0.01876539135242311085, 0.8352207668344541203 ) ) ;
#4516 = CARTESIAN_POINT ( 'NONE',  ( 0.6096515511756298578, 0.9905389688123786840, 1.426631571986503921 ) ) ;
#4517 = FACE_OUTER_BOUND ( 'NONE', #2885, .T. ) ;
#4518 = ORIENTED_EDGE ( 'NONE', *, *, #3136, .F. ) ;
#4519 = CARTESIAN_POINT ( 'NONE',  ( 0.6276120299891752019, 0.9814116446382307180, 1.420984533614260581 ) ) ;
#4520 = CARTESIAN_POINT ( 'NONE',  ( 0.6033016256845870062, 1.000562414681684276, 1.411479074382196330 ) ) ;
#4521 = CARTESIAN_POINT ( 'NONE',  ( 0.6170508527099000107, 0.9916196168881130646, 1.430446880106134744 ) ) ;
#4522 = EDGE_LOOP ( 'NONE', ( #5755, #2260, #4889, #900, #4766, #2356 ) ) ;
#4523 = CARTESIAN_POINT ( 'NONE',  ( 0.5903893702208985461, 1.033673619106023400, 1.399489963180391427 ) ) ;
#4524 = PLANE ( 'NONE',  #1689 ) ;
#4525 = CARTESIAN_POINT ( 'NONE',  ( 0.6442254789932101433, 0.9676707615048115718, 1.437014443341440462 ) ) ;
#4526 = B_SPLINE_SURFACE_WITH_KNOTS ( 'NONE', 3, 1, ( 
 ( #1377, #37 ),
 ( #3706, #5559 ),
 ( #1410, #1894 ),
 ( #3735, #5589 ),
 ( #3281, #2525 ),
 ( #1622, #1132 ),
 ( #4344, #4767 ),
 ( #3433, #572 ),
 ( #5678, #1164 ),
 ( #1529, #2977 ),
 ( #2078, #4828 ) ),
 .UNSPECIFIED., .F., .F., .F.,
 ( 4, 3, 1, 3, 4 ),
 ( 2, 2 ),
 ( -0.2134858153091279964, 0.000000000000000000, 0.5000000000000000000, 1.000000000000000000, 1.236475471355370059 ),
 ( -6.222553593109960701, 1.000000000000000000 ),
 .UNSPECIFIED. ) ;
#4527 = DIRECTION ( 'NONE',  ( -0.3385274322565170468, 0.9089894737290784565, -0.2431816486899090191 ) ) ;
#4528 = EDGE_LOOP ( 'NONE', ( #3639, #1017, #304, #5284 ) ) ;
#4529 = LINE ( 'NONE', #1776, #1393 ) ;
#4530 = CARTESIAN_POINT ( 'NONE',  ( 0.6079543119775213667, 1.053861419587373227, 1.413781704208573409 ) ) ;
#4531 = CARTESIAN_POINT ( 'NONE',  ( 0.6293222149588800773, 1.007098963263297620, 1.425203076566268656 ) ) ;
#4532 = CARTESIAN_POINT ( 'NONE',  ( 0.6444273442841422783, 0.9672637937090996507, 1.438353707175630936 ) ) ;
#4533 = CARTESIAN_POINT ( 'NONE',  ( 0.6098518444450520271, 0.9826782538541826151, 1.423209464428410786 ) ) ;
#4534 = DIRECTION ( 'NONE',  ( -0.5495945148342156195, 0.01876539135242259390, 0.8352207668344541203 ) ) ;
#4535 = ORIENTED_EDGE ( 'NONE', *, *, #655, .F. ) ;
#4536 = EDGE_CURVE ( 'NONE', #4076, #2788, #5830, .T. ) ;
#4537 = EDGE_CURVE ( 'NONE', #4726, #2281, #601, .T. ) ;
#4538 = VERTEX_POINT ( 'NONE', #4940 ) ;
#4539 = CARTESIAN_POINT ( 'NONE',  ( 0.6043370799393642523, 1.051107198826285671, 1.415221153883124972 ) ) ;
#4540 = CARTESIAN_POINT ( 'NONE',  ( 0.6155743463858559528, 1.029409108108028992, 1.420281002402587367 ) ) ;
#4541 = CARTESIAN_POINT ( 'NONE',  ( 0.6034886993614672068, 1.006418680541102173, 1.418488978313551474 ) ) ;
#4542 = CARTESIAN_POINT ( 'NONE',  ( 0.6399066077369597316, 0.9883316882228526667, 1.433708325440727904 ) ) ;
#4543 = CARTESIAN_POINT ( 'NONE',  ( 0.6007495273104086486, 1.060309205115117503, 1.419495073850485234 ) ) ;
#4544 = CARTESIAN_POINT ( 'NONE',  ( 0.6054727417337180118, 0.9823786194621692003, 1.422089584255486372 ) ) ;
#4545 = CARTESIAN_POINT ( 'NONE',  ( 0.6021742304443464811, 1.038530607895356450, 1.417347071039577244 ) ) ;
#4546 = ORIENTED_EDGE ( 'NONE', *, *, #2228, .F. ) ;
#4547 = CARTESIAN_POINT ( 'NONE',  ( 0.6193862544045839469, 0.9934650926726447118, 1.421173961502951721 ) ) ;
#4548 = CARTESIAN_POINT ( 'NONE',  ( 0.6037784576619182886, 1.000336315308229862, 1.413172231115555677 ) ) ;
#4549 = CARTESIAN_POINT ( 'NONE',  ( 0.6122425943013595218, 0.9885740546448613664, 1.427216705769617011 ) ) ;
#4550 = CARTESIAN_POINT ( 'NONE',  ( 0.5888440521678368622, 1.037547071865646764, 1.398386081165998718 ) ) ;
#4551 = DIRECTION ( 'NONE',  ( 0.000000000000000000, 0.000000000000000000, 1.000000000000000000 ) ) ;
#4552 = CARTESIAN_POINT ( 'NONE',  ( 0.6119961637026036794, 1.012011161412618376, 1.426783471846371887 ) ) ;
#4553 = EDGE_CURVE ( 'NONE', #552, #2976, #697, .T. ) ;
#4554 = CARTESIAN_POINT ( 'NONE',  ( 0.6068642556386907305, 1.054448908391909523, 1.414835482738326711 ) ) ;
#4555 = B_SPLINE_CURVE_WITH_KNOTS ( 'NONE', 3,
 ( #257, #3890, #1683, #5383, #5748, #1652, #2113, #5839, #3498, #5810, #4380, #3402 ),
 .UNSPECIFIED., .F., .F.,
 ( 4, 2, 2, 2, 2, 4 ),
 ( 0.0002853204384936103852, 0.006050311783605006460, 0.008932807456160703902, 0.01037405529243836527, 0.01181530312871602491, 0.02334528581893704005 ),
 .UNSPECIFIED. ) ;
#4556 = ORIENTED_EDGE ( 'NONE', *, *, #5879, .T. ) ;
#4557 = AXIS2_PLACEMENT_3D ( 'NONE', #3627, #1293, #1323 ) ;
#4558 = ORIENTED_EDGE ( 'NONE', *, *, #5736, .F. ) ;
#4559 = CARTESIAN_POINT ( 'NONE',  ( 0.6239959154402309194, 1.024373800643677113, 1.417466881376018506 ) ) ;
#4560 = DIRECTION ( 'NONE',  ( 0.7626657353480694734, 0.4193492594260378459, 0.4924298678439620880 ) ) ;
#4561 = CARTESIAN_POINT ( 'NONE',  ( 0.6282633714886467491, 1.006909198987355092, 1.425974527848793860 ) ) ;
#4562 = CIRCLE ( 'NONE', #5343, 0.003750000000000010703 ) ;
#4563 = DIRECTION ( 'NONE',  ( -0.7637702840998411569, -0.4163964417921021122, -0.4932230290537176765 ) ) ;
#4564 = CARTESIAN_POINT ( 'NONE',  ( 0.5787992620596575932, 1.067848223927940543, 1.403684621639804009 ) ) ;
#4565 = FACE_OUTER_BOUND ( 'NONE', #3898, .T. ) ;
#4566 = ORIENTED_EDGE ( 'NONE', *, *, #4945, .T. ) ;
#4567 = AXIS2_PLACEMENT_3D ( 'NONE', #4214, #2391, #5112 ) ;
#4568 = B_SPLINE_SURFACE_WITH_KNOTS ( 'NONE', 2, 1, ( 
 ( #5401, #2335 ),
 ( #450, #5488 ),
 ( #2306, #4065 ),
 ( #5943, #362 ),
 ( #2672, #848 ),
 ( #3152, #1304 ),
 ( #5542, #1795 ) ),
 .UNSPECIFIED., .F., .F., .F.,
 ( 3, 2, 2, 3 ),
 ( 2, 2 ),
 ( -6.983216214073630468, 0.000000000000000000, 1.000000000000000000, 1.012345122108099904 ),
 ( 0.02359223153759520270, 7.519737496511959662 ),
 .UNSPECIFIED. ) ;
#4569 = ORIENTED_EDGE ( 'NONE', *, *, #850, .F. ) ;
#4570 = DIRECTION ( 'NONE',  ( 0.5495945148342153974, -0.01876539135242232328, -0.8352207668344542313 ) ) ;
#4571 = CARTESIAN_POINT ( 'NONE',  ( 0.6124450574327442443, 1.042092370409571922, 1.416562591626551182 ) ) ;
#4572 = CARTESIAN_POINT ( 'NONE',  ( 0.6098810920635856503, 0.9865069802335739713, 1.425964723250201738 ) ) ;
#4573 = CARTESIAN_POINT ( 'NONE',  ( 0.6375362108878999123, 0.9884126232091607900, 1.437310626083359022 ) ) ;
#4574 = CARTESIAN_POINT ( 'NONE',  ( 0.5925176761948790505, 1.050543297224633355, 1.405906387470751584 ) ) ;
#4575 = CARTESIAN_POINT ( 'NONE',  ( 0.6092129837053010810, 0.9784692637200312904, 1.417201256380994812 ) ) ;
#4576 = CARTESIAN_POINT ( 'NONE',  ( 0.6424636464385183876, 0.9882443805248283253, 1.429822384501548083 ) ) ;
#4577 = AXIS2_PLACEMENT_3D ( 'NONE', #5655, #4320, #3798 ) ;
#4578 = ORIENTED_EDGE ( 'NONE', *, *, #567, .F. ) ;
#4579 = EDGE_CURVE ( 'NONE', #3461, #5717, #1732, .T. ) ;
#4580 = CARTESIAN_POINT ( 'NONE',  ( 0.6278526368837105132, 0.9564982793781214854, 1.429260065884484066 ) ) ;
#4581 = CARTESIAN_POINT ( 'NONE',  ( 0.6035115350485922292, 1.001179898175500682, 1.412977636616393973 ) ) ;
#4582 = CARTESIAN_POINT ( 'NONE',  ( 0.6078631582090178176, 0.9782459969541751343, 1.422094440683355554 ) ) ;
#4583 = VECTOR ( 'NONE', #1525, 1.000000000000000000 ) ;
#4584 = EDGE_CURVE ( 'NONE', #3716, #5933, #4265, .T. ) ;
#4585 = CARTESIAN_POINT ( 'NONE',  ( 0.5865696729521285846, 1.044068492585691121, 1.398117277060823671 ) ) ;
#4586 = CARTESIAN_POINT ( 'NONE',  ( 0.5969263213829993919, 1.052971574109779818, 1.415946886823715056 ) ) ;
#4587 = CARTESIAN_POINT ( 'NONE',  ( 0.9161189233570815604, 1.200045168480750046, 1.620284011140530778 ) ) ;
#4588 = CIRCLE ( 'NONE', #5366, 0.001499999999999958181 ) ;
#4589 = ORIENTED_EDGE ( 'NONE', *, *, #2432, .F. ) ;
#4590 = CARTESIAN_POINT ( 'NONE',  ( 0.5793506102564160987, 1.060895985986888945, 1.395737515119543470 ) ) ;
#4591 = ORIENTED_EDGE ( 'NONE', *, *, #3809, .F. ) ;
#4592 = CARTESIAN_POINT ( 'NONE',  ( 0.6161255540292011057, 1.027816261505483109, 1.420682629100457950 ) ) ;
#4593 = ORGANIZATION ( 'UNSPECIFIED', 'UNSPECIFIED', '' ) ;
#4594 = CARTESIAN_POINT ( 'NONE',  ( 0.5861668305596704487, 1.043938783586656482, 1.397096122253446371 ) ) ;
#4595 = CARTESIAN_POINT ( 'NONE',  ( 0.6259545018978555087, 1.006333823306326147, 1.427057587817083917 ) ) ;
#4596 = CARTESIAN_POINT ( 'NONE',  ( 0.6549976360088427541, 0.9636161062789779796, 1.435812851571916626 ) ) ;
#4597 = CARTESIAN_POINT ( 'NONE',  ( 0.6092447417919929498, 0.9856283532885606880, 1.422743695288173127 ) ) ;
#4598 = EDGE_LOOP ( 'NONE', ( #2753, #3960, #3919, #4455 ) ) ;
#4599 = ORIENTED_EDGE ( 'NONE', *, *, #2905, .F. ) ;
#4600 = DIRECTION ( 'NONE',  ( 0.3650397643841968853, 0.9046541402764899376, 0.2198791870526518311 ) ) ;
#4601 = CARTESIAN_POINT ( 'NONE',  ( 0.6044465824229808826, 1.073543722026372160, 1.409218470607630946 ) ) ;
#4602 = CARTESIAN_POINT ( 'NONE',  ( 0.6019496610212599075, 1.010921742092349085, 1.417375082707584610 ) ) ;
#4603 = CARTESIAN_POINT ( 'NONE',  ( 0.6057783842213735337, 0.9716428310855804718, 1.419371968272376217 ) ) ;
#4604 = B_SPLINE_CURVE_WITH_KNOTS ( 'NONE', 3,
 ( #730, #5771, #2906, #5245 ),
 .UNSPECIFIED., .F., .F.,
 ( 4, 4 ),
 ( 0.000000000000000000, 0.0004946768929288119371 ),
 .UNSPECIFIED. ) ;
#4605 = CARTESIAN_POINT ( 'NONE',  ( 0.5865043041312408834, 1.043193946089553847, 1.401108130475692048 ) ) ;
#4606 = CARTESIAN_POINT ( 'NONE',  ( 0.6079700324441305037, 0.9800426220876597982, 1.412878019087994597 ) ) ;
#4607 = DIRECTION ( 'NONE',  ( -0.5495945148342157305, 0.01876539135242308309, 0.8352207668344541203 ) ) ;
#4608 = VERTEX_POINT ( 'NONE', #214 ) ;
#4609 = LINE ( 'NONE', #1365, #3014 ) ;
#4610 = CARTESIAN_POINT ( 'NONE',  ( 0.6024185947721826251, 1.004538747613231031, 1.412182991497997975 ) ) ;
#4611 = CARTESIAN_POINT ( 'NONE',  ( 0.6081256463612987329, 0.9803570752942036837, 1.422801783518889973 ) ) ;
#4612 = CARTESIAN_POINT ( 'NONE',  ( 0.5868188583679134762, 1.043491191793883166, 1.398294217360738223 ) ) ;
#4613 = CARTESIAN_POINT ( 'NONE',  ( 0.6244863420295685419, 0.9869045982080861812, 1.435566380836591716 ) ) ;
#4614 = CARTESIAN_POINT ( 'NONE',  ( 0.6240563064579880415, 0.9533294801081760861, 1.426723417866936350 ) ) ;
#4615 = EDGE_CURVE ( 'NONE', #2422, #4304, #5772, .T. ) ;
#4616 = ORIENTED_EDGE ( 'NONE', *, *, #2175, .T. ) ;
#4617 = CARTESIAN_POINT ( 'NONE',  ( 0.5859370123621103765, 1.047635123527518974, 1.400369459028416141 ) ) ;
#4618 = ORIENTED_EDGE ( 'NONE', *, *, #5131, .F. ) ;
#4619 = CARTESIAN_POINT ( 'NONE',  ( 0.6056843907957810691, 1.053583478655941930, 1.414525117333833126 ) ) ;
#4620 = CARTESIAN_POINT ( 'NONE',  ( 0.5907027119137171489, 1.038183540365249513, 1.406558775656826965 ) ) ;
#4621 = CARTESIAN_POINT ( 'NONE',  ( 0.5919074781244660910, 1.035226826618485640, 1.407418038185303644 ) ) ;
#4622 = CARTESIAN_POINT ( 'NONE',  ( 0.6307028429029181149, 1.007248861740624113, 1.423835528996277411 ) ) ;
#4623 = LINE ( 'NONE', #833, #994 ) ;
#4624 = CARTESIAN_POINT ( 'NONE',  ( 0.6393304159460062586, 0.9844151743897897600, 1.439779991651269686 ) ) ;
#4625 = VERTEX_POINT ( 'NONE', #4916 ) ;
#4626 = ADVANCED_FACE ( 'NONE', ( #1218 ), #2972, .T. ) ;
#4627 = B_SPLINE_CURVE_WITH_KNOTS ( 'NONE', 3,
 ( #2971, #597, #4309, #1159, #4367, #5278, #1126, #3003 ),
 .UNSPECIFIED., .F., .F.,
 ( 4, 2, 2, 4 ),
 ( -1.417967952408955065E-05, 0.001682146135705942175, 0.002530309043320752918, 0.003378471950935563010 ),
 .UNSPECIFIED. ) ;
#4628 = VERTEX_POINT ( 'NONE', #1616 ) ;
#4629 = CARTESIAN_POINT ( 'NONE',  ( 0.6166940509035888640, 1.003210175441095808, 1.428376194327298565 ) ) ;
#4630 = CARTESIAN_POINT ( 'NONE',  ( 0.6348212228742945440, 0.9884275540845669505, 1.433866647175554565 ) ) ;
#4632 = CARTESIAN_POINT ( 'NONE',  ( 0.6120512638713776488, 0.9765716576379829261, 1.427615968996588824 ) ) ;
#4631 = CARTESIAN_POINT ( 'NONE',  ( 0.5863807457790096711, 1.048810200676084436, 1.403457080141244262 ) ) ;
#4633 = CARTESIAN_POINT ( 'NONE',  ( 0.5832710257916513541, 1.079503863736272828, 1.384814082915696964 ) ) ;
#4634 = CARTESIAN_POINT ( 'NONE',  ( 0.5942738477576600120, 1.034787851554579863, 1.413412754089852896 ) ) ;
#4635 = CARTESIAN_POINT ( 'NONE',  ( 0.5880374506909619159, 1.083071890586004615, 1.392659488370202148 ) ) ;
#4636 = ORIENTED_EDGE ( 'NONE', *, *, #3683, .T. ) ;
#4637 = CARTESIAN_POINT ( 'NONE',  ( 0.6164857632010378730, 0.9592811625004202813, 1.422896107182603398 ) ) ;
#4638 = CARTESIAN_POINT ( 'NONE',  ( 0.6044769882317039267, 0.9980766535073355428, 1.413682649467857821 ) ) ;
#4639 = CARTESIAN_POINT ( 'NONE',  ( 0.6175498020046387149, 0.9917863868169977115, 1.430735270015831340 ) ) ;
#4640 = CARTESIAN_POINT ( 'NONE',  ( 0.5927036892314466732, 1.028808243488529284, 1.402496462053223203 ) ) ;
#4641 = CARTESIAN_POINT ( 'NONE',  ( 0.6416444545060823179, 0.9888306776021286160, 1.430122141373614708 ) ) ;
#4642 = CARTESIAN_POINT ( 'NONE',  ( 0.6307680106990525282, 0.9943155321906732569, 1.431571798844522014 ) ) ;
#4643 = CARTESIAN_POINT ( 'NONE',  ( 0.5862830215763253916, 1.046856482487103168, 1.400614635247917183 ) ) ;
#4644 = ORIENTED_EDGE ( 'NONE', *, *, #2951, .T. ) ;
#4645 = CARTESIAN_POINT ( 'NONE',  ( 0.6233987042545163781, 1.009837396577700552, 1.425872304036251981 ) ) ;
#4646 = CARTESIAN_POINT ( 'NONE',  ( 0.5894871421548921742, 1.038938497133799377, 1.402902788332957895 ) ) ;
#4647 = EDGE_CURVE ( 'NONE', #4076, #3190, #4823, .T. ) ;
#4648 = CARTESIAN_POINT ( 'NONE',  ( 0.5884446222162335038, 1.043860821760905111, 1.393634740730620880 ) ) ;
#4649 = CARTESIAN_POINT ( 'NONE',  ( 0.6478050454310672057, 0.9595592079552742737, 1.437157551081705398 ) ) ;
#4650 = ADVANCED_FACE ( 'NONE', ( #1244 ), #3004, .F. ) ;
#4651 = CARTESIAN_POINT ( 'NONE',  ( 0.6446533422750316822, 0.9604669705034603044, 1.438655127247497001 ) ) ;
#4652 = CARTESIAN_POINT ( 'NONE',  ( 0.6543920401360461270, 0.9648370096661138540, 1.431795060069345649 ) ) ;
#4653 = EDGE_CURVE ( 'NONE', #657, #2549, #4778, .T. ) ;
#4654 = AXIS2_PLACEMENT_3D ( 'NONE', #2656, #345, #1779 ) ;
#4655 = ORIENTED_EDGE ( 'NONE', *, *, #2505, .F. ) ;
#4656 = CIRCLE ( 'NONE', #2150, 0.009000000000000030545 ) ;
#4657 = ORIENTED_EDGE ( 'NONE', *, *, #1621, .T. ) ;
#4658 = DIRECTION ( 'NONE',  ( -0.6056461288796766151, 0.2202822971003285113, 0.7646361724096401025 ) ) ;
#4659 = CARTESIAN_POINT ( 'NONE',  ( 0.6243652501442702452, 0.9938082244974929536, 1.432509556353098068 ) ) ;
#4661 = CARTESIAN_POINT ( 'NONE',  ( 0.6019845043877060098, 1.010821997457513222, 1.417400251466576222 ) ) ;
#4660 = CARTESIAN_POINT ( 'NONE',  ( 0.5925648318326757202, 1.031463243864930490, 1.405094060036679249 ) ) ;
#4662 = CARTESIAN_POINT ( 'NONE',  ( 0.6081487810704333530, 0.9715618960992721265, 1.415769667629745321 ) ) ;
#4663 = DIRECTION ( 'NONE',  ( 0.3650397643841984952, 0.9046541402764898265, 0.2198791870526496384 ) ) ;
#4664 = DIRECTION ( 'NONE',  ( -0.7512883676660683241, 0.4257273140144343104, -0.5043035224066056976 ) ) ;
#4665 = AXIS2_PLACEMENT_3D ( 'NONE', #385, #1791, #1820 ) ;
#4666 = ORIENTED_EDGE ( 'NONE', *, *, #2982, .T. ) ;
#4667 = CARTESIAN_POINT ( 'NONE',  ( 0.6397826707413085678, 0.9710007393156135924, 1.437795612370725618 ) ) ;
#4668 = CARTESIAN_POINT ( 'NONE',  ( 0.5737787243794414405, 1.069452744284953294, 1.390504525723524676 ) ) ;
#4669 = CARTESIAN_POINT ( 'NONE',  ( 0.6339217406283588208, 0.9871448376562947935, 1.437548647400933355 ) ) ;
#4670 = CARTESIAN_POINT ( 'NONE',  ( 0.5867083708004170450, 1.043747510004925605, 1.398215755144284200 ) ) ;
#4671 = CALENDAR_DATE ( 2026, 6, 9 ) ;
#4672 = CARTESIAN_POINT ( 'NONE',  ( 0.6114117759325171653, 0.9722107614574537759, 1.410604915719452013 ) ) ;
#4673 = CARTESIAN_POINT ( 'NONE',  ( 0.6096343894102727035, 0.9626922309528227473, 1.419581182266088426 ) ) ;
#4674 = VECTOR ( 'NONE', #2071, 1.000000000000000000 ) ;
#4675 = CARTESIAN_POINT ( 'NONE',  ( 0.5898468742672910992, 1.038392998810927503, 1.403149886475024033 ) ) ;
#4676 = ORIENTED_EDGE ( 'NONE', *, *, #2119, .T. ) ;
#4677 = CARTESIAN_POINT ( 'NONE',  ( 0.5878411037996611466, 1.042799115289910983, 1.401732377903467386 ) ) ;
#4678 = CARTESIAN_POINT ( 'NONE',  ( 0.5956590113787182394, 1.023230338395802130, 1.407316885118901517 ) ) ;
#4679 = B_SPLINE_CURVE_WITH_KNOTS ( 'NONE', 3,
 ( #5257, #2115, #674, #1627, #3469, #3015, #4319, #3371 ),
 .UNSPECIFIED., .F., .F.,
 ( 4, 2, 2, 4 ),
 ( 0.000000000000000000, 0.0003912719975013320239, 0.0007825439950026640478, 0.001565087990005542117 ),
 .UNSPECIFIED. ) ;
#4680 = LINE ( 'NONE', #521, #4872 ) ;
#4681 = VECTOR ( 'NONE', #664, 1.000000000000000000 ) ;
#4682 = DIRECTION ( 'NONE',  ( -0.3650397643841984952, -0.9046541402764898265, -0.2198791870526496661 ) ) ;
#4683 = CIRCLE ( 'NONE', #1786, 0.01000000000000003490 ) ;
#4684 = CARTESIAN_POINT ( 'NONE',  ( 0.6093862019018342346, 1.056240292569379235, 1.412857620299712513 ) ) ;
#4685 = CARTESIAN_POINT ( 'NONE',  ( 0.6031102873534613940, 1.009665216757926309, 1.420989068110711129 ) ) ;
#4686 = ADVANCED_FACE ( 'NONE', ( #4401 ), #4452, .F. ) ;
#4687 = VERTEX_POINT ( 'NONE', #4004 ) ;
#4688 = VECTOR ( 'NONE', #2497, 1.000000000000000000 ) ;
#4689 = VERTEX_POINT ( 'NONE', #5861 ) ;
#4690 = CARTESIAN_POINT ( 'NONE',  ( 0.6374690862196221719, 0.9956289406001618270, 1.426978460408691696 ) ) ;
#4691 = ADVANCED_FACE ( 'NONE', ( #1705, #3545 ), #4568, .F. ) ;
#4692 = CARTESIAN_POINT ( 'NONE',  ( 0.5991880879126219028, 1.067549982645057849, 1.411463568855635620 ) ) ;
#4694 = CARTESIAN_POINT ( 'NONE',  ( 0.6024723543011623050, 1.011897890293597779, 1.420519130682648123 ) ) ;
#4693 = CARTESIAN_POINT ( 'NONE',  ( 0.5875802323692924656, 1.046077517927820777, 1.404307766738205565 ) ) ;
#4695 = CARTESIAN_POINT ( 'NONE',  ( 0.6076612198052774305, 1.054683628070197443, 1.414603407183373296 ) ) ;
#4696 = DIRECTION ( 'NONE',  ( 0.7637702840998413789, 0.4163964417921021677, 0.4932230290537175099 ) ) ;
#4697 =( BOUNDED_CURVE ( )  B_SPLINE_CURVE ( 3, ( #5456, #5513, #5971, #4574 ),
 .UNSPECIFIED., .F., .F. ) 
 B_SPLINE_CURVE_WITH_KNOTS ( ( 4, 4 ),
 ( 3.110686481573291307, 6.252279135163084867 ),
 .UNSPECIFIED. ) 
 CURVE ( )  GEOMETRIC_REPRESENTATION_ITEM ( )  RATIONAL_B_SPLINE_CURVE ( ( 1.000000000000000000, 0.3333333333333332038, 0.3333333333333332038, 1.000000000000000000 ) ) 
 REPRESENTATION_ITEM ( '' )  );
#4698 = ORIENTED_EDGE ( 'NONE', *, *, #3019, .F. ) ;
#4699 = EDGE_CURVE ( 'NONE', #2404, #3408, #1271, .T. ) ;
#4700 = CARTESIAN_POINT ( 'NONE',  ( 0.6145673073839171829, 0.9738814814101440787, 1.423706886612389200 ) ) ;
#4701 = CARTESIAN_POINT ( 'NONE',  ( 0.5889455922255638631, 1.040269047675907554, 1.402514671836369686 ) ) ;
#4702 = CARTESIAN_POINT ( 'NONE',  ( 0.6365725584758005207, 0.9839588552233367036, 1.438214925018427737 ) ) ;
#4703 = CARTESIAN_POINT ( 'NONE',  ( 0.5871461586329722593, 1.042726370790968415, 1.398526772157658415 ) ) ;
#4704 = DIRECTION ( 'NONE',  ( -0.7626657353480701396, -0.4193492594260345152, -0.4924298678439641974 ) ) ;
#4705 = CARTESIAN_POINT ( 'NONE',  ( 0.5948247413915395132, 1.033439756994862124, 1.413805543223525696 ) ) ;
#4706 = EDGE_CURVE ( 'NONE', #2010, #1128, #4588, .T. ) ;
#4707 = CARTESIAN_POINT ( 'NONE',  ( 0.5861673666089398660, 1.047117633105931089, 1.400532664190717425 ) ) ;
#4708 = ORIENTED_EDGE ( 'NONE', *, *, #5208, .T. ) ;
#4709 = CARTESIAN_POINT ( 'NONE',  ( 0.6058510854455664285, 1.053843265963784859, 1.414614444729532794 ) ) ;
#4710 = CARTESIAN_POINT ( 'NONE',  ( 0.6460842673016763404, 0.9617045111279737268, 1.431187886685473698 ) ) ;
#4711 = CARTESIAN_POINT ( 'NONE',  ( 0.6463021258195343899, 0.9604106743294029691, 1.436149464946993692 ) ) ;
#4712 = CARTESIAN_POINT ( 'NONE',  ( 0.6001580512338254847, 1.014326768687406011, 1.402006806839443565 ) ) ;
#4713 = CARTESIAN_POINT ( 'NONE',  ( 0.6047854322750071399, 1.080096696340520523, 1.407919907849543462 ) ) ;
#4714 = CARTESIAN_POINT ( 'NONE',  ( 0.5913534367190240726, 1.041496781666972904, 1.412537611114448088 ) ) ;
#4715 = CARTESIAN_POINT ( 'NONE',  ( 0.6160954804184435307, 1.055139469474923875, 1.404566163160557934 ) ) ;
#4716 = ORIENTED_EDGE ( 'NONE', *, *, #2836, .F. ) ;
#4717 = VECTOR ( 'NONE', #988, 1.000000000000000000 ) ;
#4718 = ORIENTED_EDGE ( 'NONE', *, *, #4880, .F. ) ;
#4719 = CARTESIAN_POINT ( 'NONE',  ( 0.6325320443103560342, 0.9924235914716769136, 1.432258633505442580 ) ) ;
#4720 = CARTESIAN_POINT ( 'NONE',  ( 0.6118414179762902139, 1.021216165384504659, 1.423652795967252693 ) ) ;
#4722 = CARTESIAN_POINT ( 'NONE',  ( 0.6011256747922641974, 1.015688622552715303, 1.419547815938212221 ) ) ;
#4721 = CARTESIAN_POINT ( 'NONE',  ( 0.5919805271300738747, 1.032981392187128700, 1.404675464952814368 ) ) ;
#4723 = CARTESIAN_POINT ( 'NONE',  ( 0.5972006220934144016, 1.086489819897689779, 1.393823120787782699 ) ) ;
#4724 = CARTESIAN_POINT ( 'NONE',  ( 0.6024485148740418294, 1.013563265779009459, 1.419268738591241696 ) ) ;
#4725 = ADVANCED_FACE ( 'NONE', ( #3123, #3666, #4973, #4517 ), #422, .F. ) ;
#4726 = VERTEX_POINT ( 'NONE', #2219 ) ;
#4727 = EDGE_CURVE ( 'NONE', #2307, #5904, #5911, .T. ) ;
#4728 = CARTESIAN_POINT ( 'NONE',  ( 0.6401429141835188741, 0.9910871829953283862, 1.428842580962103703 ) ) ;
#4729 = CARTESIAN_POINT ( 'NONE',  ( 0.5914861977854725117, 1.033973043872899122, 1.404327904834805851 ) ) ;
#4730 = CARTESIAN_POINT ( 'NONE',  ( 0.5860236638707492229, 1.050853280770735365, 1.401622003602462252 ) ) ;
#4731 = CARTESIAN_POINT ( 'NONE',  ( 0.5871835888855401198, 1.043717639751790660, 1.399903441105454949 ) ) ;
#4732 = CARTESIAN_POINT ( 'NONE',  ( 0.9150197343274130146, 1.200082699263454789, 1.621954452674199576 ) ) ;
#4733 = CARTESIAN_POINT ( 'NONE',  ( 0.6159654055351627688, 0.9562505398739494789, 1.422214917700596715 ) ) ;
#4734 = ORIENTED_EDGE ( 'NONE', *, *, #5088, .T. ) ;
#4735 = CARTESIAN_POINT ( 'NONE',  ( 0.6035852355388039436, 0.9983676506317737953, 1.410340696849042619 ) ) ;
#4736 = VERTEX_POINT ( 'NONE', #1761 ) ;
#4737 = EDGE_CURVE ( 'NONE', #3418, #2040, #4137, .T. ) ;
#4738 = CYLINDRICAL_SURFACE ( 'NONE', #712, 0.003000000000000023915 ) ;
#4739 = CARTESIAN_POINT ( 'NONE',  ( 0.5949175770696961685, 1.032837112786347600, 1.414216672836241750 ) ) ;
#4740 = CARTESIAN_POINT ( 'NONE',  ( 0.5952516924479909211, 1.026284780134766761, 1.409377329673431545 ) ) ;
#4741 = CARTESIAN_POINT ( 'NONE',  ( 0.6307469073768433576, 0.9342677002292021360, 1.428895718591995045 ) ) ;
#4742 = CARTESIAN_POINT ( 'NONE',  ( 0.6081091736892478838, 1.053571117413309777, 1.413786979750487616 ) ) ;
#4743 = CARTESIAN_POINT ( 'NONE',  ( 0.5901356776901502954, 1.044485892655645953, 1.411669139509141857 ) ) ;
#4744 = FACE_OUTER_BOUND ( 'NONE', #372, .T. ) ;
#4745 = ORIENTED_EDGE ( 'NONE', *, *, #4475, .F. ) ;
#4746 = ORIENTED_EDGE ( 'NONE', *, *, #1517, .F. ) ;
#4747 = DIRECTION ( 'NONE',  ( -0.5495945148342156195, 0.01876539135242259390, 0.8352207668344541203 ) ) ;
#4748 = CARTESIAN_POINT ( 'NONE',  ( 0.6143878292220843473, 1.006943227231045679, 1.428471107110078631 ) ) ;
#4750 = CARTESIAN_POINT ( 'NONE',  ( 0.6005027665860669384, 1.017405661171892461, 1.419099350275119020 ) ) ;
#4749 = CARTESIAN_POINT ( 'NONE',  ( 0.5861779004349094713, 1.049263619627440969, 1.403313416002000213 ) ) ;
#4751 = VECTOR ( 'NONE', #1235, 1.000000000000000000 ) ;
#4752 = DIRECTION ( 'NONE',  ( -0.7738664612090513373, -0.3881086756342739807, -0.5005021040047583636 ) ) ;
#4753 = CARTESIAN_POINT ( 'NONE',  ( 0.5982998111230828364, 1.086452289114985037, 1.392152679254113679 ) ) ;
#4754 = ORIENTED_EDGE ( 'NONE', *, *, #2108, .T. ) ;
#4755 = CIRCLE ( 'NONE', #206, 0.001300000000000059571 ) ;
#4756 = CARTESIAN_POINT ( 'NONE',  ( 0.5866528203863955460, 1.041941552889709133, 1.402075447643983619 ) ) ;
#4757 = CARTESIAN_POINT ( 'NONE',  ( 0.5854205762811561797, 1.048445994933902004, 1.400011413864183263 ) ) ;
#4758 = CARTESIAN_POINT ( 'NONE',  ( 0.6356766141790511915, 0.9851540083908881806, 1.438005713025859000 ) ) ;
#4759 = CARTESIAN_POINT ( 'NONE',  ( 0.5747157753920874024, 1.068214073078308513, 1.391148956834425743 ) ) ;
#4760 = CARTESIAN_POINT ( 'NONE',  ( 0.6143878257982993141, 0.9936357593485527495, 1.428770091487559846 ) ) ;
#4761 = EDGE_CURVE ( 'NONE', #2132, #4777, #388, .T. ) ;
#4762 = CARTESIAN_POINT ( 'NONE',  ( 0.6118910195012340347, 0.9714341208635216551, 1.410082574386483545 ) ) ;
#4763 = CARTESIAN_POINT ( 'NONE',  ( 0.6177125353104867544, 0.9551600536766976512, 1.423107119075893934 ) ) ;
#4764 = ORIENTED_EDGE ( 'NONE', *, *, #285, .T. ) ;
#4765 = CARTESIAN_POINT ( 'NONE',  ( 0.5811491132863551012, 1.054389074012647143, 1.392944234958172878 ) ) ;
#4766 = ORIENTED_EDGE ( 'NONE', *, *, #3066, .T. ) ;
#4767 = CARTESIAN_POINT ( 'NONE',  ( 0.6132039628686477561, 0.9861155202452747126, 1.404214279231660312 ) ) ;
#4768 = LINE ( 'NONE', #3953, #3715 ) ;
#4769 = CARTESIAN_POINT ( 'NONE',  ( 0.5971044223483952251, 1.021792880890232125, 1.411139703477128915 ) ) ;
#4770 = CARTESIAN_POINT ( 'NONE',  ( 0.6506907424651763305, 0.9657635376056523668, 1.434127857001971762 ) ) ;
#4771 = CIRCLE ( 'NONE', #5058, 0.02055532872779399986 ) ;
#4772 = CARTESIAN_POINT ( 'NONE',  ( 0.5764193168956445179, 1.094100365249799811, 1.393746367176912804 ) ) ;
#4773 = DIRECTION ( 'NONE',  ( 0.7514598057663981479, -0.4257331870643814575, 0.5040430673558873309 ) ) ;
#4774 = CARTESIAN_POINT ( 'NONE',  ( 0.5841677232574560286, 1.044142717847912349, 1.383804033496954355 ) ) ;
#4775 = VECTOR ( 'NONE', #3918, 1.000000000000000000 ) ;
#4776 = CARTESIAN_POINT ( 'NONE',  ( 0.6093475125610352539, 0.9729056312826320774, 1.413600584376837999 ) ) ;
#4777 = VERTEX_POINT ( 'NONE', #4576 ) ;
#4778 = CIRCLE ( 'NONE', #3327, 0.001299999999999887617 ) ;
#4779 = ORIENTED_EDGE ( 'NONE', *, *, #2762, .F. ) ;
#4780 = CARTESIAN_POINT ( 'NONE',  ( 0.6313375894340068628, 0.9944655890900270245, 1.431440471159224126 ) ) ;
#4781 = CARTESIAN_POINT ( 'NONE',  ( 0.6319666007737267943, 0.9870025015524152012, 1.434842292964769062 ) ) ;
#4783 = CARTESIAN_POINT ( 'NONE',  ( 0.6049078518083865763, 1.004653834876682472, 1.422284500587571943 ) ) ;
#4782 = CARTESIAN_POINT ( 'NONE',  ( 0.5873858427593966480, 1.048718122727589463, 1.406942561328697439 ) ) ;
#4784 = DIRECTION ( 'NONE',  ( 0.7512883676660403465, -0.4257273140144764434, 0.5043035224066118039 ) ) ;
#4785 = LINE ( 'NONE', #1286, #5646 ) ;
#4786 = ORIENTED_EDGE ( 'NONE', *, *, #2175, .F. ) ;
#4787 = CARTESIAN_POINT ( 'NONE',  ( 0.5862304275121977826, 1.045689835177241456, 1.397443503236389661 ) ) ;
#4788 = CARTESIAN_POINT ( 'NONE',  ( 0.6048247753617318478, 0.9996329550156369814, 1.416698570522850975 ) ) ;
#4789 = CARTESIAN_POINT ( 'NONE',  ( 0.6058636058053779028, 0.9892839434751451444, 1.485787714859687858 ) ) ;
#4790 = CARTESIAN_POINT ( 'NONE',  ( 0.5795083577653106222, 1.059645404682119763, 1.394495103758706778 ) ) ;
#4791 = CARTESIAN_POINT ( 'NONE',  ( 0.6161324376642747236, 0.9945950284753465320, 1.429896533847277329 ) ) ;
#4792 = LINE ( 'NONE', #213, #3397 ) ;
#4793 = CARTESIAN_POINT ( 'NONE',  ( 0.6092860465666576353, 0.9632283608034888367, 1.419484885309237665 ) ) ;
#4794 = EDGE_LOOP ( 'NONE', ( #63, #5727, #526, #5146, #2664, #854, #4891, #5199, #1860, #5878, #3549, #785, #1374 ) ) ;
#4795 = CARTESIAN_POINT ( 'NONE',  ( 0.5930499159091019434, 1.066026889014385581, 1.413102801315467394 ) ) ;
#4796 = CARTESIAN_POINT ( 'NONE',  ( 0.6081291114572857648, 0.9807791049049811027, 1.413725844030528478 ) ) ;
#4797 = ORIENTED_EDGE ( 'NONE', *, *, #4536, .F. ) ;
#4798 = CARTESIAN_POINT ( 'NONE',  ( 0.5744611431997195261, 1.066732245530314982, 1.388266075273687949 ) ) ;
#4799 = CARTESIAN_POINT ( 'NONE',  ( 0.5860958330161897267, 1.043238041193875754, 1.401840907467040820 ) ) ;
#4800 = CARTESIAN_POINT ( 'NONE',  ( 0.5917764745935746307, 1.035364132557158534, 1.407093516135300426 ) ) ;
#4801 = CARTESIAN_POINT ( 'NONE',  ( 0.6059518078557664111, 1.049931112205227945, 1.415305148389920609 ) ) ;
#4802 = EDGE_CURVE ( 'NONE', #2577, #5080, #5973, .T. ) ;
#4803 = CARTESIAN_POINT ( 'NONE',  ( 0.6212858166772279311, 1.004870780162652855, 1.428136737540980139 ) ) ;
#4804 = LINE ( 'NONE', #2890, #5931 ) ;
#4805 = CARTESIAN_POINT ( 'NONE',  ( 0.6423986163303730956, 0.9707959298942049342, 1.439283335860756186 ) ) ;
#4806 = CARTESIAN_POINT ( 'NONE',  ( 0.6100232903275794039, 0.9810527407869630290, 1.409245922092647429 ) ) ;
#4807 = ORIENTED_EDGE ( 'NONE', *, *, #5517, .F. ) ;
#4808 = ORIENTED_EDGE ( 'NONE', *, *, #3171, .F. ) ;
#4809 = CARTESIAN_POINT ( 'NONE',  ( 0.6330629278582989850, 0.9915640525345562617, 1.432600296006198315 ) ) ;
#4810 = CARTESIAN_POINT ( 'NONE',  ( 0.5928251003734921198, 1.066215555878896160, 1.412950628623150129 ) ) ;
#4812 = CARTESIAN_POINT ( 'NONE',  ( 0.6050436792644895423, 1.004230416801249914, 1.422383391364727911 ) ) ;
#4811 = CARTESIAN_POINT ( 'NONE',  ( 0.5997838121718725990, 1.014256050448091750, 1.413052954958547325 ) ) ;
#4813 = DIRECTION ( 'NONE',  ( 0.3650397643841978290, 0.9046541402764898265, 0.2198791870526504155 ) ) ;
#4814 = ADVANCED_FACE ( 'NONE', ( #477 ), #3210, .T. ) ;
#4815 = CARTESIAN_POINT ( 'NONE',  ( 0.5951221940812473354, 1.035723988016401309, 1.391201476284521732 ) ) ;
#4816 = VERTEX_POINT ( 'NONE', #2247 ) ;
#4817 = CARTESIAN_POINT ( 'NONE',  ( 0.6244061453959655061, 0.9944112882086378891, 1.417689133136879054 ) ) ;
#4818 = CARTESIAN_POINT ( 'NONE',  ( 0.6085081977833772804, 0.9858729302535074179, 1.419431501861574185 ) ) ;
#4819 = CARTESIAN_POINT ( 'NONE',  ( 0.5867396747085115161, 1.043702919710470800, 1.402682970800732454 ) ) ;
#4820 = CARTESIAN_POINT ( 'NONE',  ( 0.5894796973929783412, 1.038193241734735928, 1.401538453291641506 ) ) ;
#4821 = LINE ( 'NONE', #5340, #5355 ) ;
#4822 = PLANE ( 'NONE',  #3303 ) ;
#4823 = LINE ( 'NONE', #3458, #4681 ) ;
#4824 = ORIENTED_EDGE ( 'NONE', *, *, #5811, .F. ) ;
#4825 = CARTESIAN_POINT ( 'NONE',  ( 0.5948150110013535885, 1.059805648062657202, 1.414404050811619573 ) ) ;
#4826 = CARTESIAN_POINT ( 'NONE',  ( 0.6014008556642532755, 1.005102125935744217, 1.408752017167349768 ) ) ;
#4827 = ORIENTED_EDGE ( 'NONE', *, *, #5291, .F. ) ;
#4828 = CARTESIAN_POINT ( 'NONE',  ( 0.6172136471454768847, 0.9496745379251974040, 1.407671484672335938 ) ) ;
#4829 = CARTESIAN_POINT ( 'NONE',  ( 0.6081091736892478838, 1.053571117413309777, 1.413786979750487616 ) ) ;
#4830 = CARTESIAN_POINT ( 'NONE',  ( 0.6004406764384964124, 1.006681408205388095, 1.406710404056144226 ) ) ;
#4831 = CARTESIAN_POINT ( 'NONE',  ( 0.6051789168830030707, 0.9950642738531638720, 1.414213844125912445 ) ) ;
#4832 = FACE_OUTER_BOUND ( 'NONE', #3631, .T. ) ;
#4833 = CARTESIAN_POINT ( 'NONE',  ( 0.5842964353899569030, 1.048061282541094208, 1.400546350815902619 ) ) ;
#4834 = CARTESIAN_POINT ( 'NONE',  ( 0.6188099859828859461, 1.020899689822891698, 1.422601313888801178 ) ) ;
#4835 = DIRECTION ( 'NONE',  ( -0.7738664612090468964, -0.3881086756342786437, -0.5005021040047612502 ) ) ;
#4836 = CARTESIAN_POINT ( 'NONE',  ( 0.6065262371171844524, 0.9864844516628713533, 1.411783462371456688 ) ) ;
#4837 = ADVANCED_FACE ( 'NONE', ( #877 ), #2729, .F. ) ;
#4838 = ORIENTED_EDGE ( 'NONE', *, *, #5822, .F. ) ;
#4839 = DIRECTION ( 'NONE',  ( -0.7637702840998400466, -0.4163964417921056649, -0.4932230290537166773 ) ) ;
#4840 = CARTESIAN_POINT ( 'NONE',  ( 0.6500594248483664295, 0.9582820083940810640, 1.438669680283773067 ) ) ;
#4842 = CARTESIAN_POINT ( 'NONE',  ( 0.6224855244657337972, 0.9749371414558808402, 1.432124100109166465 ) ) ;
#4841 = CARTESIAN_POINT ( 'NONE',  ( 0.6092349262648613095, 0.9820438453462685402, 1.419995736232552819 ) ) ;
#4843 = DIRECTION ( 'NONE',  ( 0.3648206900211685699, 0.9046615475245232130, 0.2202120536278918128 ) ) ;
#4844 = DIRECTION ( 'NONE',  ( -0.7738664612091029626, -0.3881086756341956545, -0.5005021040047390457 ) ) ;
#4845 = ORIENTED_EDGE ( 'NONE', *, *, #224, .F. ) ;
#4846 = B_SPLINE_CURVE_WITH_KNOTS ( 'NONE', 3,
 ( #431, #1404, #5981, #1373, #2769, #3189, #1773, #3616, #1804, #919, #1313, #3218, #5067, #857, #1856, #2258, #3646, #5496, #4614, #3702, #3248, #5096, #5554, #943, #2795, #4763, #5674, #5279, #2039, #1979, #3426, #4733, #3392, #2881, #3785, #4310, #1127, #3879, #598, #2429, #5738, #4673, #2940, #4793, #5644, #3819, #5154, #1033, #182, #1585, #1061, #3848, #568, #631, #5702, #1459, #5185, #4279, #2402, #5215, #513 ),
 .UNSPECIFIED., .F., .F.,
 ( 4, 2, 1, 1, 2, 2, 2, 2, 2, 1, 1, 1, 2, 2, 2, 2, 2, 1, 1, 1, 1, 2, 2, 2, 2, 1, 1, 2, 2, 2, 2, 1, 1, 1, 1, 2, 2, 4 ),
 ( 0.4998502746508541317, 0.5018039845154931289, 0.5037576943801320706, 0.5076651141094092878, 0.5154799535679678302, 0.5311096324850801409, 0.5623689903193067607, 0.6248877059877637752, 0.6258645609200872428, 0.6268414158524107105, 0.6287951257170575348, 0.6327025454463587328, 0.6405173849049645707, 0.6561470638221731377, 0.6874064216565902719, 0.7499251373254234299, 0.7509019922577484518, 0.7518788471900734738, 0.7538325570547235177, 0.7577399767840200528, 0.7655548162426144554, 0.7811844951598032605, 0.8124438529941861997, 0.8749625686629497467, 0.8769162785275959049, 0.8788699883922420630, 0.8827774081215380431, 0.8905922475801311133, 0.9062219264973128130, 0.9374812843316806532, 0.9379697117978413878, 0.9384581392640023445, 0.9394349941963191508, 0.9413887040609557610, 0.9452961237902248737, 0.9531109632487648753, 0.9687406421658449895, 1.000000000000000000 ),
 .UNSPECIFIED. ) ;
#4847 = VECTOR ( 'NONE', #5693, 1.000000000000000000 ) ;
#4848 = CARTESIAN_POINT ( 'NONE',  ( 0.6066475747837647425, 0.9980551929528092003, 1.423257850479456632 ) ) ;
#4849 = CARTESIAN_POINT ( 'NONE',  ( 0.6055900738544205408, 0.9998214138454096789, 1.420019955795332134 ) ) ;
#4850 = CARTESIAN_POINT ( 'NONE',  ( 0.5878411037996611466, 1.042799115289911205, 1.401732377903467386 ) ) ;
#4851 = CARTESIAN_POINT ( 'NONE',  ( 0.5791825252424961379, 1.060227961354758275, 1.394267609808860886 ) ) ;
#4852 = CARTESIAN_POINT ( 'NONE',  ( 0.6257930107839534406, 1.006249231858125981, 1.426968905598964277 ) ) ;
#4853 = CARTESIAN_POINT ( 'NONE',  ( 0.5402545776553887569, 1.019613206198362487, 1.368629461013249671 ) ) ;
#4854 = CARTESIAN_POINT ( 'NONE',  ( 0.5852383259088902445, 1.097714255000326045, 1.394679130052808524 ) ) ;
#4855 = VECTOR ( 'NONE', #5223, 1.000000000000000000 ) ;
#4856 = ORIENTED_EDGE ( 'NONE', *, *, #3364, .F. ) ;
#4857 = CARTESIAN_POINT ( 'NONE',  ( 0.6084324238991420941, 0.9810753332760020484, 1.415293085468640077 ) ) ;
#4858 = VECTOR ( 'NONE', #1626, 1.000000000000000000 ) ;
#4859 = ORIENTED_EDGE ( 'NONE', *, *, #3437, .F. ) ;
#4860 = DIRECTION ( 'NONE',  ( -0.7512883676660563337, 0.4257273140144645640, -0.5043035224065977040 ) ) ;
#4861 = CARTESIAN_POINT ( 'NONE',  ( 0.6322560462814342808, 0.9740435764830870369, 1.417022216622222830 ) ) ;
#4862 = CARTESIAN_POINT ( 'NONE',  ( 0.6034610737648902212, 0.9974665874630809226, 1.408904929855140820 ) ) ;
#4863 = DIRECTION ( 'NONE',  ( 0.7634921837107450093, 0.4164058806629312715, 0.4936454476260536128 ) ) ;
#4864 = PLANE ( 'NONE',  #1949 ) ;
#4865 = B_SPLINE_CURVE_WITH_KNOTS ( 'NONE', 3,
 ( #1331, #1967, #5540, #1450 ),
 .UNSPECIFIED., .F., .F.,
 ( 4, 4 ),
 ( 0.000000000000000000, 0.0009647469632236849993 ),
 .UNSPECIFIED. ) ;
#4866 = DIRECTION ( 'NONE',  ( -0.5495945148342156195, 0.01876539135242259390, 0.8352207668344541203 ) ) ;
#4867 = CARTESIAN_POINT ( 'NONE',  ( 0.6224784541302568197, 1.012028984014993860, 1.425214553794184269 ) ) ;
#4868 = CARTESIAN_POINT ( 'NONE',  ( 0.6331114233589923979, 0.9553707617420750253, 1.432371790032290537 ) ) ;
#4869 = VECTOR ( 'NONE', #3487, 0.9999999999999998890 ) ;
#4870 = CARTESIAN_POINT ( 'NONE',  ( 0.6053887002245283977, 1.060150804889250509, 1.412444906037261028 ) ) ;
#4871 = ORIENTED_EDGE ( 'NONE', *, *, #1725, .F. ) ;
#4872 = VECTOR ( 'NONE', #1346, 1.000000000000000000 ) ;
#4873 = DIRECTION ( 'NONE',  ( -0.7738664612090516703, -0.3881086756343407607, -0.5005021040047059611 ) ) ;
#4874 = EDGE_CURVE ( 'NONE', #3336, #3595, #4683, .T. ) ;
#4875 = CARTESIAN_POINT ( 'NONE',  ( 0.6063212369440117433, 1.026508303951180201, 1.422723523499196396 ) ) ;
#4877 = LINE ( 'NONE', #719, #324 ) ;
#4876 = CARTESIAN_POINT ( 'NONE',  ( 0.5924743291966507730, 1.034036125016606356, 1.407798736237016124 ) ) ;
#4878 = CARTESIAN_POINT ( 'NONE',  ( 0.6393166951001497678, 1.009684736964078011, 1.420867515571659911 ) ) ;
#4879 = VERTEX_POINT ( 'NONE', #505 ) ;
#4880 = EDGE_CURVE ( 'NONE', #5441, #2780, #5555, .T. ) ;
#4881 = DIRECTION ( 'NONE',  ( -0.5495945148342156195, 0.01876539135242335718, 0.8352207668344541203 ) ) ;
#4882 = CARTESIAN_POINT ( 'NONE',  ( 0.5721643907839453203, 1.075182821913251097, 1.393509861855213749 ) ) ;
#4883 = CARTESIAN_POINT ( 'NONE',  ( 0.5865870595624467221, 1.043393926163591612, 1.401740434761203469 ) ) ;
#4884 = VECTOR ( 'NONE', #5101, 0.9999999999999998890 ) ;
#4885 = CARTESIAN_POINT ( 'NONE',  ( 0.5914277456268310917, 1.033273200632507161, 1.402930855356928408 ) ) ;
#4886 = CARTESIAN_POINT ( 'NONE',  ( 0.6251796301620771157, 1.006061635742614646, 1.427127821347360825 ) ) ;
#4887 = CARTESIAN_POINT ( 'NONE',  ( 0.5942097497145887308, 1.108465635146774542, 1.388966737914566263 ) ) ;
#4888 = DIRECTION ( 'NONE',  ( -0.3650397643841984952, -0.9046541402764890494, -0.2198791870526528580 ) ) ;
#4889 = ORIENTED_EDGE ( 'NONE', *, *, #5583, .F. ) ;
#4890 = CARTESIAN_POINT ( 'NONE',  ( 0.6031158771908752270, 1.001144810377984307, 1.411343762568920912 ) ) ;
#4891 = ORIENTED_EDGE ( 'NONE', *, *, #1250, .F. ) ;
#4892 = CARTESIAN_POINT ( 'NONE',  ( 0.5859007317814497462, 1.044535388364992601, 1.396292297937412608 ) ) ;
#4893 = CARTESIAN_POINT ( 'NONE',  ( 0.5987091920599930672, 1.011566663395683463, 1.405461287554403693 ) ) ;
#4894 = ADVANCED_FACE ( 'NONE', ( #4216 ), #53, .T. ) ;
#4895 = CARTESIAN_POINT ( 'NONE',  ( 0.5860968679130487136, 1.043237857735943575, 1.401839450302058143 ) ) ;
#4896 =( BOUNDED_CURVE ( )  B_SPLINE_CURVE ( 3, ( #739, #2592, #827, #1742 ),
 .UNSPECIFIED., .F., .T. ) 
 B_SPLINE_CURVE_WITH_KNOTS ( ( 4, 4 ),
 ( 3.110686481572782380, 3.141592653589116768 ),
 .UNSPECIFIED. ) 
 CURVE ( )  GEOMETRIC_REPRESENTATION_ITEM ( )  RATIONAL_B_SPLINE_CURVE ( ( 1.000000000000000000, 0.9999204022949405024, 0.9999204022949405024, 1.000000000000000000 ) ) 
 REPRESENTATION_ITEM ( '' )  );
#4897 = LINE ( 'NONE', #3076, #4951 ) ;
#4898 = APPLICATION_CONTEXT ( 'configuration controlled 3d designs of mechanical parts and assemblies' ) ;
#4899 = CARTESIAN_POINT ( 'NONE',  ( 0.6203080452184288607, 1.021380783388003533, 1.422201958103347375 ) ) ;
#4900 = B_SPLINE_CURVE_WITH_KNOTS ( 'NONE', 3,
 ( #3930, #2221, #2918, #2674, #4803, #2531, #3125 ),
 .UNSPECIFIED., .F., .F.,
 ( 4, 3, 4 ),
 ( 0.0001587953923168914977, 0.003725042560243841793, 0.01001750811739828516 ),
 .UNSPECIFIED. ) ;
#4901 = CARTESIAN_POINT ( 'NONE',  ( 0.6391867754307771765, 0.9612541868426089930, 1.436463335273144626 ) ) ;
#4902 = CARTESIAN_POINT ( 'NONE',  ( 0.6051385964652794547, 0.9952028635134990697, 1.414184172956093999 ) ) ;
#4903 = ORIENTED_EDGE ( 'NONE', *, *, #2114, .F. ) ;
#4904 = CARTESIAN_POINT ( 'NONE',  ( 0.6111002490802786014, 1.014776846304211722, 1.423737224647345423 ) ) ;
#4905 = CARTESIAN_POINT ( 'NONE',  ( 0.5985802717725781097, 1.047450125418627476, 1.417159277903596859 ) ) ;
#4907 = CARTESIAN_POINT ( 'NONE',  ( 0.5994777095700194458, 1.021748485530627581, 1.417129978131373980 ) ) ;
#4906 = CARTESIAN_POINT ( 'NONE',  ( 0.5866193281284322047, 1.050443843500078467, 1.406399404261257091 ) ) ;
#4908 = CARTESIAN_POINT ( 'NONE',  ( 0.6104647928120920941, 0.9910482816141085172, 1.426246779733209680 ) ) ;
#4909 = VERTEX_POINT ( 'NONE', #5115 ) ;
#4910 = CARTESIAN_POINT ( 'NONE',  ( 0.6264502177372959224, 1.011254587686948536, 1.425096856041349058 ) ) ;
#4911 = CARTESIAN_POINT ( 'NONE',  ( 0.6047061144218903728, 1.002669462330929795, 1.419374301351274292 ) ) ;
#4912 = VERTEX_POINT ( 'NONE', #965 ) ;
#4913 = ADVANCED_FACE ( 'NONE', ( #223 ), #2688, .T. ) ;
#4914 = LINE ( 'NONE', #1189, #5842 ) ;
#4915 = CYLINDRICAL_SURFACE ( 'NONE', #2341, 0.0009999999999999800715 ) ;
#4916 = CARTESIAN_POINT ( 'NONE',  ( 0.6066475747837647425, 0.9980551929528092003, 1.423257850479456632 ) ) ;
#4917 = ORIENTED_EDGE ( 'NONE', *, *, #2546, .T. ) ;
#4918 = CARTESIAN_POINT ( 'NONE',  ( 0.5813438138330208060, 1.055007642321772243, 1.394432765066849100 ) ) ;
#4919 = ORIENTED_EDGE ( 'NONE', *, *, #794, .F. ) ;
#4920 = CARTESIAN_POINT ( 'NONE',  ( 0.5924603526016644084, 1.028302065423474687, 1.400973403143823459 ) ) ;
#4921 = CARTESIAN_POINT ( 'NONE',  ( 0.6170663585615514535, 1.003227708683871455, 1.427922543394011257 ) ) ;
#4922 = CARTESIAN_POINT ( 'NONE',  ( 0.6067119583732748511, 0.9855360657152619774, 1.411312136833942077 ) ) ;
#4923 = CARTESIAN_POINT ( 'NONE',  ( 0.5949226004580597804, 1.033199290920493008, 1.413875339436088563 ) ) ;
#4924 = CARTESIAN_POINT ( 'NONE',  ( 0.6059711966004381889, 1.047779471526383066, 1.415954721450708442 ) ) ;
#4925 = EDGE_CURVE ( 'NONE', #442, #4628, #4268, .T. ) ;
#4926 = CARTESIAN_POINT ( 'NONE',  ( 0.6007617107432661196, 1.076078683622907262, 1.409485394215823639 ) ) ;
#4927 = CARTESIAN_POINT ( 'NONE',  ( 0.6272078954075713808, 1.011186305361646554, 1.424839052287615537 ) ) ;
#4928 = CARTESIAN_POINT ( 'NONE',  ( 0.6098982284363738682, 0.9816461069723282362, 1.409150124491853173 ) ) ;
#4929 = DIRECTION ( 'NONE',  ( -0.5495945148342156195, 0.01876539135242333983, 0.8352207668344541203 ) ) ;
#4930 = DIRECTION ( 'NONE',  ( -0.5495945148342156195, 0.01876539135242333983, 0.8352207668344541203 ) ) ;
#4932 = DIRECTION ( 'NONE',  ( 0.3650397643841978290, 0.9046541402764898265, 0.2198791870526504155 ) ) ;
#4931 = CARTESIAN_POINT ( 'NONE',  ( 0.5827403937218649244, 1.060646998370279981, 1.406439771237336656 ) ) ;
#4933 = ORIENTED_EDGE ( 'NONE', *, *, #4028, .T. ) ;
#4934 = CARTESIAN_POINT ( 'NONE',  ( 0.6137397211047441736, 1.025000801003739248, 1.421994856125744944 ) ) ;
#4935 = CARTESIAN_POINT ( 'NONE',  ( 0.6058178492464023623, 0.9963651996048403792, 1.418147434710712362 ) ) ;
#4936 = CARTESIAN_POINT ( 'NONE',  ( 0.6045453668336999709, 1.003174907415709916, 1.419257169604255964 ) ) ;
#4937 = DIRECTION ( 'NONE',  ( -0.7634921837107437881, -0.4164058806629341025, -0.4936454476260527802 ) ) ;
#4938 = DIRECTION ( 'NONE',  ( -0.5495945148342156195, 0.01876539135242333983, 0.8352207668344541203 ) ) ;
#4939 = FACE_OUTER_BOUND ( 'NONE', #5832, .T. ) ;
#4940 = CARTESIAN_POINT ( 'NONE',  ( 0.6210116104690428518, 0.9953896710256715519, 1.430694711836210109 ) ) ;
#4941 = ORIENTED_EDGE ( 'NONE', *, *, #3134, .T. ) ;
#4942 = CARTESIAN_POINT ( 'NONE',  ( 0.5945135925818855194, 1.023935835357165480, 1.403796891403550795 ) ) ;
#4943 = CARTESIAN_POINT ( 'NONE',  ( 0.6111905587915514859, 0.9874066658456838175, 1.426354802872701555 ) ) ;
#4944 = ORIENTED_EDGE ( 'NONE', *, *, #4508, .F. ) ;
#4945 = EDGE_CURVE ( 'NONE', #2495, #1342, #1966, .T. ) ;
#4946 = CARTESIAN_POINT ( 'NONE',  ( 0.5969846234294714504, 1.016065381216370689, 1.404225406334408843 ) ) ;
#4947 = DIRECTION ( 'NONE',  ( 0.5495945148342157305, -0.01876539135242311085, -0.8352207668344540092 ) ) ;
#4948 = VECTOR ( 'NONE', #1210, 1.000000000000000000 ) ;
#4949 = CARTESIAN_POINT ( 'NONE',  ( 0.6024611487464790471, 1.000644853028424874, 1.408175548203354666 ) ) ;
#4950 = CARTESIAN_POINT ( 'NONE',  ( 0.5878858532972812689, 1.041914716830933285, 1.398319652446438077 ) ) ;
#4951 = VECTOR ( 'NONE', #226, 1.000000000000000222 ) ;
#4952 = EDGE_CURVE ( 'NONE', #1586, #5648, #5652, .T. ) ;
#4953 = CARTESIAN_POINT ( 'NONE',  ( 0.6246176185088044841, 1.015000432506579564, 1.423806803434134904 ) ) ;
#4954 = ORIENTED_EDGE ( 'NONE', *, *, #4067, .T. ) ;
#4955 = CARTESIAN_POINT ( 'NONE',  ( 0.6110003639824824750, 1.041735811398744715, 1.416996684314064225 ) ) ;
#4956 = CARTESIAN_POINT ( 'NONE',  ( 0.6230909147390004676, 1.033851931158348281, 1.409647599694980880 ) ) ;
#4957 = CARTESIAN_POINT ( 'NONE',  ( 0.6172136423377110326, 0.9496745507215840210, 1.407671481221211440 ) ) ;
#4958 = ADVANCED_FACE ( 'NONE', ( #2629 ), #2180, .T. ) ;
#4959 = LINE ( 'NONE', #5847, #5450 ) ;
#4961 = CARTESIAN_POINT ( 'NONE',  ( 0.6118952201304229677, 1.039253871145234820, 1.417640949394512351 ) ) ;
#4960 = CARTESIAN_POINT ( 'NONE',  ( 0.5880312558344237273, 1.049433182099319239, 1.410173227792187456 ) ) ;
#4962 = CARTESIAN_POINT ( 'NONE',  ( 0.6485005038788711484, 0.9603356127639934847, 1.432808581879655874 ) ) ;
#4963 = EDGE_LOOP ( 'NONE', ( #1815, #5524, #3355, #4109, #1497, #3741, #2230, #4618 ) ) ;
#4964 = AXIS2_PLACEMENT_3D ( 'NONE', #5789, #3935, #2572 ) ;
#4965 = CARTESIAN_POINT ( 'NONE',  ( 0.6121006793919137046, 1.020337444327553023, 1.423843138691920363 ) ) ;
#4966 = CARTESIAN_POINT ( 'NONE',  ( 0.6074270575122433513, 1.051562350897473630, 1.414422168737659691 ) ) ;
#4967 = CARTESIAN_POINT ( 'NONE',  ( 0.6081207543781628200, 0.9907722626985574488, 1.421888514455863728 ) ) ;
#4968 = CARTESIAN_POINT ( 'NONE',  ( 0.6309095970781805063, 0.9812990522901161583, 1.415973209013253964 ) ) ;
#4969 = B_SPLINE_CURVE_WITH_KNOTS ( 'NONE', 3,
 ( #4037, #160, #610, #1106, #1735, #2952, #3892, #967, #5030, #4667, #1398, #5975, #4158, #2789, #3241, #5089, #1306, #2732, #508, #1765, #3154, #452, #5518, #3726, #3696, #880, #5578, #937, #3270, #4580, #391, #1825, #914, #2821, #425, #5914, #3668, #5546, #1851, #4637, #5490, #4068, #3607, #4132, #479, #2282, #3184, #2337, #5462, #5117 ),
 .UNSPECIFIED., .F., .F.,
 ( 4, 2, 2, 2, 2, 2, 2, 2, 2, 2, 2, 2, 2, 2, 2, 2, 2, 2, 2, 2, 2, 2, 2, 2, 4 ),
 ( 0.000000000000000000, 0.003539888239785926507, 0.005309832359678726479, 0.007079776479571526886, 0.01061966471935709040, 0.01238960883925003739, 0.01415955295914298438, 0.01769944119892856091, 0.01946938531882146106, 0.02123932943871435428, 0.02300927355860725443, 0.02477921767850015111, 0.02831910591828623938, 0.03008905003817916035, 0.03185899415807208479, 0.03539888239785784346, 0.03716882651775056667, 0.03893877063764328295, 0.04247865887742928448, 0.04601854711721528601, 0.04778849123710841168, 0.04955843535700153735, 0.05309832359678758745, 0.05486826771668062291, 0.05663821183657365144 ),
 .UNSPECIFIED. ) ;
#4970 = CARTESIAN_POINT ( 'NONE',  ( 0.6117211946687262092, 0.9714399193738222360, 1.410340657797076291 ) ) ;
#4971 = AXIS2_PLACEMENT_3D ( 'NONE', #559, #51, #3722 ) ;
#4972 = CARTESIAN_POINT ( 'NONE',  ( 0.6105133024947038134, 0.9913924153948012741, 1.427313739559547212 ) ) ;
#4973 = FACE_BOUND ( 'NONE', #5733, .T. ) ;
#4974 = ORIENTED_EDGE ( 'NONE', *, *, #507, .F. ) ;
#4975 = AXIS2_PLACEMENT_3D ( 'NONE', #4156, #5028, #23 ) ;
#4976 = CARTESIAN_POINT ( 'NONE',  ( 0.5866622866337364295, 1.043546235178993919, 1.402205029294070648 ) ) ;
#4977 = CARTESIAN_POINT ( 'NONE',  ( 0.6077536539904416779, 0.9841828270341407281, 1.414776621352466623 ) ) ;
#4978 = CARTESIAN_POINT ( 'NONE',  ( 0.6156120755265414024, 0.9910071975242363829, 1.429574078803959480 ) ) ;
#4979 = VERTEX_POINT ( 'NONE', #3964 ) ;
#4980 = CARTESIAN_POINT ( 'NONE',  ( 0.5890129394685144071, 1.037130024982861221, 1.398506582937556475 ) ) ;
#4981 = CARTESIAN_POINT ( 'NONE',  ( 0.6055457754442497009, 1.052808595144575809, 1.414520474967680075 ) ) ;
#4982 = LINE ( 'NONE', #5952, #2162 ) ;
#4983 = CARTESIAN_POINT ( 'NONE',  ( 0.6027516677275176482, 1.037467584439396129, 1.418931147908472745 ) ) ;
#4984 = APPROVAL_PERSON_ORGANIZATION ( #3274, #494, #941 ) ;
#4985 = CARTESIAN_POINT ( 'NONE',  ( 0.6101090672658096015, 1.056713193695443254, 1.412564482803392751 ) ) ;
#4986 = EDGE_CURVE ( 'NONE', #2536, #2475, #685, .T. ) ;
#4987 = CARTESIAN_POINT ( 'NONE',  ( 0.6073354979401862641, 1.054379009084452479, 1.414302988360087054 ) ) ;
#4988 = CARTESIAN_POINT ( 'NONE',  ( 0.6061814587256548759, 1.047461473809292665, 1.405401847330707943 ) ) ;
#4989 = EDGE_CURVE ( 'NONE', #323, #5862, #1722, .T. ) ;
#4990 = CARTESIAN_POINT ( 'NONE',  ( 0.5877032576603893332, 1.044113977228811718, 1.402878082952738303 ) ) ;
#4991 = CARTESIAN_POINT ( 'NONE',  ( 0.5896643027047250296, 1.043375050949167715, 1.408561886392053486 ) ) ;
#4992 = LINE ( 'NONE', #3994, #4751 ) ;
#4993 = ORIENTED_EDGE ( 'NONE', *, *, #1250, .T. ) ;
#4994 = ORIENTED_EDGE ( 'NONE', *, *, #4475, .T. ) ;
#4995 = CARTESIAN_POINT ( 'NONE',  ( 0.6091599355692133289, 1.037305465101497237, 1.418704795634176730 ) ) ;
#4996 = EDGE_CURVE ( 'NONE', #14, #2611, #2683, .T. ) ;
#4997 = CARTESIAN_POINT ( 'NONE',  ( 0.6332033324429360288, 0.9912327796637788735, 1.432739011345721680 ) ) ;
#4998 = CARTESIAN_POINT ( 'NONE',  ( 0.5798915578440919649, 1.063755011697757880, 1.401673306584248824 ) ) ;
#4999 = LINE ( 'NONE', #1358, #5242 ) ;
#5000 = CARTESIAN_POINT ( 'NONE',  ( 0.5754132904960727046, 1.093595823971475367, 1.393095714441706656 ) ) ;
#5001 = DIRECTION ( 'NONE',  ( -0.7505752902509433833, -0.4501006340066261435, -0.4837831672676770056 ) ) ;
#5002 = CARTESIAN_POINT ( 'NONE',  ( 0.6027535990270063149, 1.037744225602085901, 1.418671748598721916 ) ) ;
#5003 = VERTEX_POINT ( 'NONE', #2602 ) ;
#5004 = CARTESIAN_POINT ( 'NONE',  ( 0.5757062370749551627, 1.066110764127635502, 1.391847959717059435 ) ) ;
#5005 = CARTESIAN_POINT ( 'NONE',  ( 0.6079434897270349358, 0.9790981773184571635, 1.422364966931597419 ) ) ;
#5006 = ORIENTED_EDGE ( 'NONE', *, *, #600, .F. ) ;
#5007 = CARTESIAN_POINT ( 'NONE',  ( 0.5861597762109871379, 1.043942517904421941, 1.396476075508422676 ) ) ;
#5008 = CARTESIAN_POINT ( 'NONE',  ( 0.6109085710358341803, 1.014637030014180485, 1.426008813885661475 ) ) ;
#5009 = CARTESIAN_POINT ( 'NONE',  ( 0.6315854420108194534, 0.9940380052426506241, 1.431611375516130158 ) ) ;
#5010 = EDGE_LOOP ( 'NONE', ( #414, #5207, #4616 ) ) ;
#5011 = ORIENTED_EDGE ( 'NONE', *, *, #1351, .T. ) ;
#5012 = CARTESIAN_POINT ( 'NONE',  ( 0.6188185047486018941, 1.038160218908444898, 1.413749970171333192 ) ) ;
#5013 = CARTESIAN_POINT ( 'NONE',  ( 0.6000568690869491073, 1.014604119441748331, 1.401933997450341307 ) ) ;
#5014 = CARTESIAN_POINT ( 'NONE',  ( 0.6048766614312530709, 1.050934333902802553, 1.404465226325439353 ) ) ;
#5015 = LINE ( 'NONE', #4532, #1384 ) ;
#5016 = CARTESIAN_POINT ( 'NONE',  ( 0.5908727523272734317, 1.040408788746902014, 1.409423718836443351 ) ) ;
#5017 = PLANE ( 'NONE',  #879 ) ;
#5018 = EDGE_CURVE ( 'NONE', #5904, #2976, #5331, .T. ) ;
#5019 = VERTEX_POINT ( 'NONE', #1261 ) ;
#5020 = ORIENTED_EDGE ( 'NONE', *, *, #5611, .F. ) ;
#5021 = CYLINDRICAL_SURFACE ( 'NONE', #3144, 0.001499999999999958181 ) ;
#5022 = CARTESIAN_POINT ( 'NONE',  ( 0.6336174015130240367, 0.9841400486112128476, 1.435992870296213919 ) ) ;
#5023 = CARTESIAN_POINT ( 'NONE',  ( 0.6057806945977874946, 1.001887409695715991, 1.422921006145916545 ) ) ;
#5024 = CARTESIAN_POINT ( 'NONE',  ( 0.6301189564393027132, 1.002285470065172657, 1.438927199934355361 ) ) ;
#5025 = MANIFOLD_SOLID_BREP ( 'Part22 - Copy-1-solid1', #4184 ) ;
#5026 = CARTESIAN_POINT ( 'NONE',  ( 0.6059904326329039748, 0.9792105688620748039, 1.418722633674884825 ) ) ;
#5027 = CYLINDRICAL_SURFACE ( 'NONE', #3593, 0.1605040745435042937 ) ;
#5028 = DIRECTION ( 'NONE',  ( 0.3650397643841984952, 0.9046541402764898265, 0.2198791870526496384 ) ) ;
#5029 = ORIENTED_EDGE ( 'NONE', *, *, #4706, .T. ) ;
#5030 = CARTESIAN_POINT ( 'NONE',  ( 0.6399040074514422693, 0.9727456668624964164, 1.438093597471961749 ) ) ;
#5031 = CARTESIAN_POINT ( 'NONE',  ( 0.6094207011664454221, 0.9782357055442891802, 1.417381504654237956 ) ) ;
#5032 = CARTESIAN_POINT ( 'NONE',  ( 0.5809434436957815473, 1.099689764195696862, 1.397190514184847743 ) ) ;
#5033 = CARTESIAN_POINT ( 'NONE',  ( 0.5887171815468922320, 1.038962642854262874, 1.399645103311452754 ) ) ;
#5034 = COORDINATED_UNIVERSAL_TIME_OFFSET ( 2, 0, .AHEAD. ) ;
#5035 = DIRECTION ( 'NONE',  ( 0.7514598057663981479, -0.4257331870643814575, 0.5040430673558873309 ) ) ;
#5036 = CARTESIAN_POINT ( 'NONE',  ( 0.5907027119137171489, 1.038183540365249513, 1.406558775656826965 ) ) ;
#5037 = ORIENTED_EDGE ( 'NONE', *, *, #2556, .F. ) ;
#5038 = CARTESIAN_POINT ( 'NONE',  ( 0.5899113821320619566, 1.038232802876765115, 1.403195933352169078 ) ) ;
#5039 = AXIS2_PLACEMENT_3D ( 'NONE', #2233, #465, #4169 ) ;
#5040 = ORIENTED_EDGE ( 'NONE', *, *, #1150, .T. ) ;
#5041 = DIRECTION ( 'NONE',  ( -0.7514598057664155784, 0.4257331870643819571, -0.5040430673558609076 ) ) ;
#5042 = CARTESIAN_POINT ( 'NONE',  ( 0.6022351784681240217, 1.002012379830451660, 1.408612273476370857 ) ) ;
#5043 = CARTESIAN_POINT ( 'NONE',  ( 0.5767348825776007493, 0.9581550856996735588, 1.467319771853074606 ) ) ;
#5044 = CIRCLE ( 'NONE', #2434, 0.003750000000000010703 ) ;
#5045 = CARTESIAN_POINT ( 'NONE',  ( 0.6072154619512560858, 1.024037470503954550, 1.423367358013366113 ) ) ;
#5046 = CARTESIAN_POINT ( 'NONE',  ( 0.5756256716340166779, 1.073522291924608574, 1.401468843404554576 ) ) ;
#5047 = DIRECTION ( 'NONE',  ( -0.7738664612091029626, -0.3881086756341956545, -0.5005021040047390457 ) ) ;
#5048 = ORIENTED_EDGE ( 'NONE', *, *, #64, .F. ) ;
#5049 = B_SPLINE_CURVE_WITH_KNOTS ( 'NONE', 3,
 ( #5884, #1269, #3237, #4605 ),
 .UNSPECIFIED., .F., .F.,
 ( 4, 4 ),
 ( 0.0003959096671341941947, 0.001232040458822244522 ),
 .UNSPECIFIED. ) ;
#5050 = ORIENTED_EDGE ( 'NONE', *, *, #3167, .F. ) ;
#5051 = CARTESIAN_POINT ( 'NONE',  ( 0.6086620149559736070, 0.9853682406788030201, 1.420105458437612045 ) ) ;
#5052 = CARTESIAN_POINT ( 'NONE',  ( 0.6278052683859982608, 1.000940855384234718, 1.428968843790471954 ) ) ;
#5053 = CARTESIAN_POINT ( 'NONE',  ( 0.6043938632256885546, 1.003647945103363970, 1.419146848725115095 ) ) ;
#5054 = DIRECTION ( 'NONE',  ( -0.7505752902509433833, -0.4501006340066261435, -0.4837831672676770056 ) ) ;
#5055 = CARTESIAN_POINT ( 'NONE',  ( 0.6062257828318805553, 0.9875264580711415885, 1.424733828563205851 ) ) ;
#5056 = CARTESIAN_POINT ( 'NONE',  ( 0.6098199935434596153, 0.9753401373988199730, 1.417531305756339455 ) ) ;
#5057 = CARTESIAN_POINT ( 'NONE',  ( 0.6183195945366812829, 1.064134038228569779, 1.409333054154101816 ) ) ;
#5058 = AXIS2_PLACEMENT_3D ( 'NONE', #4236, #4747, #2058 ) ;
#5059 = ORIENTED_EDGE ( 'NONE', *, *, #216, .F. ) ;
#5060 = EDGE_CURVE ( 'NONE', #3833, #5556, #4418, .T. ) ;
#5061 = CARTESIAN_POINT ( 'NONE',  ( 0.6223817054006411942, 0.9933628157963280136, 1.416621763818270319 ) ) ;
#5062 = CARTESIAN_POINT ( 'NONE',  ( 0.5992090320878131759, 1.012543448780459876, 1.408516868598834071 ) ) ;
#5063 = CARTESIAN_POINT ( 'NONE',  ( 0.6079929114361759535, 0.9795215238360728272, 1.422504995313758736 ) ) ;
#5064 = CIRCLE ( 'NONE', #4971, 0.001499999999999958181 ) ;
#5065 = CARTESIAN_POINT ( 'NONE',  ( 0.5901392819859289096, 1.035430494615254604, 1.400660237008464426 ) ) ;
#5066 = DIRECTION ( 'NONE',  ( -0.3650397643841983841, -0.9046541402764898265, -0.2198791870526495829 ) ) ;
#5067 = CARTESIAN_POINT ( 'NONE',  ( 0.6260298356043734191, 0.9532330714888749279, 1.427910032033216758 ) ) ;
#5068 = ORIENTED_EDGE ( 'NONE', *, *, #5987, .F. ) ;
#5069 = CARTESIAN_POINT ( 'NONE',  ( 0.5911033967293219948, 1.035233579050469199, 1.404047691739123582 ) ) ;
#5070 = ORIENTED_EDGE ( 'NONE', *, *, #2562, .F. ) ;
#5071 = ADVANCED_FACE ( 'NONE', ( #3111 ), #2410, .F. ) ;
#5072 = CARTESIAN_POINT ( 'NONE',  ( 0.6522018015497408339, 0.9594090848244548608, 1.430475784947029760 ) ) ;
#5073 = LINE ( 'NONE', #2831, #39 ) ;
#5074 = CYLINDRICAL_SURFACE ( 'NONE', #1485, 0.005750000000000097915 ) ;
#5075 = CARTESIAN_POINT ( 'NONE',  ( 0.6074862560200460226, 1.043988613715776559, 1.406338468335969871 ) ) ;
#5076 = B_SPLINE_CURVE_WITH_KNOTS ( 'NONE', 3,
 ( #1782, #376, #467, #864, #5477, #3168, #1321, #3258, #2807, #3655 ),
 .UNSPECIFIED., .F., .F.,
 ( 4, 2, 2, 2, 4 ),
 ( 1.110223024625156540E-16, 0.0004643621077587661134, 0.0009287242155174212045, 0.001393086323276076241, 0.001857448431034731387 ),
 .UNSPECIFIED. ) ;
#5077 = CARTESIAN_POINT ( 'NONE',  ( 0.5402545776553887569, 1.019613206198362487, 1.368629461013249671 ) ) ;
#5078 = CARTESIAN_POINT ( 'NONE',  ( 0.6392494306524760805, 0.9845534270121822917, 1.439765281370613215 ) ) ;
#5079 = EDGE_LOOP ( 'NONE', ( #1871, #3658, #4196, #3989 ) ) ;
#5080 = VERTEX_POINT ( 'NONE', #3447 ) ;
#5081 = CARTESIAN_POINT ( 'NONE',  ( 0.6290329789600169752, 1.007677430319111167, 1.426118573722388483 ) ) ;
#5082 = CARTESIAN_POINT ( 'NONE',  ( 0.6364391133056529481, 0.9856223285053551386, 1.434994283005387672 ) ) ;
#5083 = CARTESIAN_POINT ( 'NONE',  ( 0.6097227862307642576, 0.9872317244737291997, 1.425844271112663098 ) ) ;
#5084 = FACE_OUTER_BOUND ( 'NONE', #5507, .T. ) ;
#5085 = FACE_OUTER_BOUND ( 'NONE', #5247, .T. ) ;
#5086 = CARTESIAN_POINT ( 'NONE',  ( 0.6264861670537987814, 0.9807364936872208228, 1.420258858863359119 ) ) ;
#5087 = VERTEX_POINT ( 'NONE', #1695 ) ;
#5088 = EDGE_CURVE ( 'NONE', #3005, #5186, #34, .T. ) ;
#5089 = CARTESIAN_POINT ( 'NONE',  ( 0.6378672329470833624, 0.9644473366980793605, 1.435943691124768495 ) ) ;
#5090 = CARTESIAN_POINT ( 'NONE',  ( 0.6101056659918925318, 0.9750998494415552553, 1.417902682401724235 ) ) ;
#5091 = CARTESIAN_POINT ( 'NONE',  ( 0.6414856458920707993, 0.9622616020545049498, 1.436530388985958862 ) ) ;
#5092 = CARTESIAN_POINT ( 'NONE',  ( 0.5812125317165149907, 1.055485264586971450, 1.394335647390812394 ) ) ;
#5093 = APPROVAL_STATUS ( 'not_yet_approved' ) ;
#5094 = CARTESIAN_POINT ( 'NONE',  ( 0.6090210178317636558, 1.019358443871281272, 1.424660681618252100 ) ) ;
#5095 = ADVANCED_FACE ( 'NONE', ( #5301 ), #1148, .T. ) ;
#5096 = CARTESIAN_POINT ( 'NONE',  ( 0.6228571918251563089, 0.9534760627981855308, 1.426012447663465910 ) ) ;
#5097 = ORIENTED_EDGE ( 'NONE', *, *, #4537, .F. ) ;
#5098 = CARTESIAN_POINT ( 'NONE',  ( 0.5867488716315386599, 1.045795531053246075, 1.400945012334910089 ) ) ;
#5099 = EDGE_LOOP ( 'NONE', ( #4370, #4088 ) ) ;
#5100 = CARTESIAN_POINT ( 'NONE',  ( 0.6055457754442497009, 1.052808595144575809, 1.414520474967680075 ) ) ;
#5101 = DIRECTION ( 'NONE',  ( 0.5495945148342159525, -0.01876539135242205614, -0.8352207668344540092 ) ) ;
#5102 = CARTESIAN_POINT ( 'NONE',  ( 0.6042787903146842332, 0.9988917057320961801, 1.413535403454516892 ) ) ;
#5103 = CARTESIAN_POINT ( 'NONE',  ( 0.5971160400217644382, 1.022383429088462581, 1.399824048543029331 ) ) ;
#5104 = CARTESIAN_POINT ( 'NONE',  ( 0.6086771307593570324, 1.059303281213455294, 1.401985743798242590 ) ) ;
#5105 = CARTESIAN_POINT ( 'NONE',  ( 0.5928022190118460433, 1.037842395979644783, 1.413573048466151061 ) ) ;
#5106 = ORIENTED_EDGE ( 'NONE', *, *, #761, .T. ) ;
#5107 = ORIENTED_EDGE ( 'NONE', *, *, #5179, .F. ) ;
#5108 = CARTESIAN_POINT ( 'NONE',  ( 0.6009599604361164360, 1.052341185436714843, 1.411427224202532305 ) ) ;
#5109 = CARTESIAN_POINT ( 'NONE',  ( 0.6228241138622412354, 0.9901062118184785765, 1.434400663873860005 ) ) ;
#5111 = CARTESIAN_POINT ( 'NONE',  ( 0.6012856720109333031, 1.012806058117265096, 1.416895826609652076 ) ) ;
#5110 = CARTESIAN_POINT ( 'NONE',  ( 0.5878665314515584273, 1.045412137655576945, 1.404511107619043964 ) ) ;
#5112 = DIRECTION ( 'NONE',  ( 0.3385188374787402865, -0.9089891801586811315, 0.2431947101120645605 ) ) ;
#5113 = CARTESIAN_POINT ( 'NONE',  ( 0.5980402704429809146, 1.029204918701432492, 1.414819293791608201 ) ) ;
#5114 =( BOUNDED_SURFACE ( )  B_SPLINE_SURFACE ( 3, 2, ( 
 ( #3233, #5081, #5597 ),
 ( #1446, #2240, #5936 ),
 ( #5482, #1327, #4326 ),
 ( #2925, #1603, #168 ),
 ( #3900, #197, #1019 ),
 ( #2447, #2868, #1478 ),
 ( #554, #136, #1996 ),
 ( #4780, #2416, #5229 ),
 ( #5720, #1932, #3348 ),
 ( #4354, #3770, #584 ),
 ( #1078, #2024, #2387 ),
 ( #2894, #3321, #4690 ),
 ( #4297, #1540, #3444 ),
 ( #527, #3834, #3863 ),
 ( #3412, #103, #618 ),
 ( #4264, #3805, #5298 ),
 ( #5628, #1570, #2477 ),
 ( #4719, #1963, #5172 ),
 ( #4809, #1114, #5264 ),
 ( #3377, #5200, #2958 ),
 ( #5661, #5688, #649 ),
 ( #1145, #1510, #2507 ) ),
 .UNSPECIFIED., .F., .F., .F. ) 
 B_SPLINE_SURFACE_WITH_KNOTS ( ( 4, 2, 2, 2, 2, 2, 2, 2, 2, 2, 4 ),
 ( 3, 3 ),
 ( 0.1264495167915159202, 0.1328864518391270622, 0.1393233868867381764, 0.1409326206486409550, 0.1413349290891166565, 0.1415360833093544934, 0.1416366604194734258, 0.1417372375295923304, 0.1425418544105437335, 0.1457603219343493184, 0.1521972569819604604 ),
 ( 0.000000000000000000, 1.000000000000000000 ),
 .UNSPECIFIED. ) 
 GEOMETRIC_REPRESENTATION_ITEM ( )  RATIONAL_B_SPLINE_SURFACE ( (
 ( 1.000000000000000000, 0.9238794467765162333, 1.000000000000000000),
 ( 1.000000000000000000, 0.9238791051303187896, 1.000000000000000000),
 ( 1.000000000000000000, 0.9238798375431200860, 1.000000000000000000),
 ( 1.000000000000000000, 0.9238793968315142102, 1.000000000000000000),
 ( 1.000000000000000000, 0.9238796408043840058, 1.000000000000000000),
 ( 1.000000000000000000, 0.9238802476058060043, 1.000000000000000000),
 ( 1.000000000000000000, 0.9238802881387985222, 1.000000000000000000),
 ( 1.000000000000000000, 0.9238799767279158859, 1.000000000000000000),
 ( 1.000000000000000000, 0.9238798958684494300, 1.000000000000000000),
 ( 1.000000000000000000, 0.9238797403957709209, 1.000000000000000000),
 ( 1.000000000000000000, 0.9238796828661006710, 1.000000000000000000),
 ( 1.000000000000000000, 0.9238795871644808200, 1.000000000000000000),
 ( 1.000000000000000000, 0.9238795591277023656, 1.000000000000000000),
 ( 1.000000000000000000, 0.9238794743173776025, 1.000000000000000000),
 ( 1.000000000000000000, 0.9238794105168477433, 1.000000000000000000),
 ( 1.000000000000000000, 0.9238786413922863705, 1.000000000000000000),
 ( 1.000000000000000000, 0.9238765719680058774, 1.000000000000000000),
 ( 1.000000000000000000, 0.9238586093954669343, 1.000000000000000000),
 ( 1.000000000000000000, 0.9238201443682112490, 1.000000000000000000),
 ( 1.000000000000000000, 0.9235995075653457009, 1.000000000000000000),
 ( 1.000000000000000000, 0.9233154764685801430, 1.000000000000000000),
 ( 1.000000000000000000, 0.9227563301154585451, 1.000000000000000000) ) ) 
 REPRESENTATION_ITEM ( '' )  SURFACE ( )  );
#5115 = CARTESIAN_POINT ( 'NONE',  ( 0.6407341860863042804, 0.9626873352415694640, 1.436026345918602898 ) ) ;
#5116 = ORIENTED_EDGE ( 'NONE', *, *, #4880, .T. ) ;
#5117 = CARTESIAN_POINT ( 'NONE',  ( 0.6102819178580828341, 0.9667768467384019182, 1.420690175589495396 ) ) ;
#5118 = CARTESIAN_POINT ( 'NONE',  ( 0.6032777489422254114, 1.001910269941005627, 1.412807390282295961 ) ) ;
#5119 = CARTESIAN_POINT ( 'NONE',  ( 0.6263526843449472858, 0.9917057113492766529, 1.434944746229398271 ) ) ;
#5120 = CARTESIAN_POINT ( 'NONE',  ( 0.6093114627618860801, 0.9727326781124969735, 1.413310331800521347 ) ) ;
#5121 = DIRECTION ( 'NONE',  ( -0.5495945148342157305, 0.01876539135242311085, 0.8352207668344541203 ) ) ;
#5122 = CARTESIAN_POINT ( 'NONE',  ( 0.6069540883403949927, 1.054476007535825488, 1.414811722732975952 ) ) ;
#5123 = EDGE_CURVE ( 'NONE', #3394, #3611, #4877, .T. ) ;
#5124 = CARTESIAN_POINT ( 'NONE',  ( 0.5875952908777212214, 1.043832049541583595, 1.401546090389799382 ) ) ;
#5125 = ORIENTED_EDGE ( 'NONE', *, *, #2987, .F. ) ;
#5126 = CARTESIAN_POINT ( 'NONE',  ( 0.6149167354790606721, 0.9932862908953723480, 1.426731401483747774 ) ) ;
#5127 = DIRECTION ( 'NONE',  ( -0.5495945148342157305, 0.01876539135242311085, 0.8352207668344540092 ) ) ;
#5128 = CARTESIAN_POINT ( 'NONE',  ( 0.5999696331311286102, 1.011699626559476428, 1.410412459568700871 ) ) ;
#5129 = DIRECTION ( 'NONE',  ( -0.3650397643841969963, -0.9046541402764899376, -0.2198791870526518588 ) ) ;
#5130 = PERSON ( 'UNSPECIFIED', 'UNSPECIFIED', 'UNSPECIFIED', ('UNSPECIFIED'), ('UNSPECIFIED'), ('UNSPECIFIED') ) ;
#5131 = EDGE_CURVE ( 'NONE', #858, #2125, #5820, .T. ) ;
#5132 = CARTESIAN_POINT ( 'NONE',  ( 0.6038859799600060363, 1.076610426151413114, 1.408780679838721017 ) ) ;
#5133 = CARTESIAN_POINT ( 'NONE',  ( 0.5966246187014710989, 1.027770067603119397, 1.416314576428171046 ) ) ;
#5134 = CIRCLE ( 'NONE', #3010, 0.0009999999999999800715 ) ;
#5135 = ORIENTED_EDGE ( 'NONE', *, *, #1353, .T. ) ;
#5136 = EDGE_CURVE ( 'NONE', #5862, #5845, #3308, .T. ) ;
#5137 = VECTOR ( 'NONE', #3438, 1.000000000000000000 ) ;
#5138 = ORIENTED_EDGE ( 'NONE', *, *, #3041, .F. ) ;
#5139 = CARTESIAN_POINT ( 'NONE',  ( 0.5904137425333915168, 1.050703385635415099, 1.394950385221806144 ) ) ;
#5140 = CARTESIAN_POINT ( 'NONE',  ( 0.6059804547402571906, 1.045871452942930935, 1.416420166930544733 ) ) ;
#5142 = CARTESIAN_POINT ( 'NONE',  ( 0.6046176635549302958, 1.005551136361460873, 1.422073389833513835 ) ) ;
#5141 = CARTESIAN_POINT ( 'NONE',  ( 0.5901923012117655798, 1.039816464990033662, 1.406167238962221955 ) ) ;
#5143 = CARTESIAN_POINT ( 'NONE',  ( 0.6077648365064278746, 1.053477344916431191, 1.413920340915401530 ) ) ;
#5144 = EDGE_CURVE ( 'NONE', #3347, #4293, #5565, .T. ) ;
#5145 = LINE ( 'NONE', #2452, #999 ) ;
#5146 = ORIENTED_EDGE ( 'NONE', *, *, #4145, .T. ) ;
#5147 = B_SPLINE_CURVE_WITH_KNOTS ( 'NONE', 3,
 ( #2334, #4181, #3448, #5205 ),
 .UNSPECIFIED., .F., .F.,
 ( 4, 4 ),
 ( 0.01897807112809668170, 0.02700822954880077037 ),
 .UNSPECIFIED. ) ;
#5148 = CARTESIAN_POINT ( 'NONE',  ( 0.6338610680737832848, 0.9885381075277293039, 1.442895753875907072 ) ) ;
#5149 = CARTESIAN_POINT ( 'NONE',  ( 0.6045897080212906394, 1.000393742140086806, 1.416526797747620581 ) ) ;
#5150 = CARTESIAN_POINT ( 'NONE',  ( 0.6072401925161997616, 1.023973422637045827, 1.423385170100534225 ) ) ;
#5151 = CARTESIAN_POINT ( 'NONE',  ( 0.5860481160359714004, 1.045264238867382955, 1.397747215061049264 ) ) ;
#5152 = CARTESIAN_POINT ( 'NONE',  ( 0.6087339644577343112, 0.9796675675816888251, 1.415620144208827424 ) ) ;
#5153 = CIRCLE ( 'NONE', #411, 0.4074141769983861683 ) ;
#5154 = CARTESIAN_POINT ( 'NONE',  ( 0.6081650277483142686, 0.9651565940589088566, 1.419232288800947206 ) ) ;
#5155 = CIRCLE ( 'NONE', #3996, 0.01799999999999997088 ) ;
#5156 = CARTESIAN_POINT ( 'NONE',  ( 0.5990108047287796555, 1.012792293943258759, 1.408380839478637903 ) ) ;
#5157 = ORIENTED_EDGE ( 'NONE', *, *, #2321, .F. ) ;
#5158 = CARTESIAN_POINT ( 'NONE',  ( 0.6083624630433961400, 1.049226711472136975, 1.415092121926140756 ) ) ;
#5159 = LINE ( 'NONE', #66, #4884 ) ;
#5160 = CARTESIAN_POINT ( 'NONE',  ( 0.5865043041312408834, 1.043193946089553847, 1.401108130475692048 ) ) ;
#5161 = VECTOR ( 'NONE', #2173, 1.000000000000000000 ) ;
#5162 = CARTESIAN_POINT ( 'NONE',  ( 0.6293849414495615857, 0.9979800137215983913, 1.430075409832323841 ) ) ;
#5163 = VECTOR ( 'NONE', #3058, 1.000000000000000000 ) ;
#5164 = CARTESIAN_POINT ( 'NONE',  ( 0.6063095708541932360, 1.057958778179152182, 1.412869497931037222 ) ) ;
#5165 = EDGE_CURVE ( 'NONE', #3520, #3966, #1437, .T. ) ;
#5166 = CARTESIAN_POINT ( 'NONE',  ( 0.5960667893718012422, 1.029272306242977608, 1.415913760202000660 ) ) ;
#5167 = ADVANCED_FACE ( 'NONE', ( #65 ), #462, .T. ) ;
#5168 = DIRECTION ( 'NONE',  ( 0.7634919178089618619, 0.4164058896336401694, 0.4936458513132773174 ) ) ;
#5169 = ORIENTED_EDGE ( 'NONE', *, *, #1506, .T. ) ;
#5170 = VECTOR ( 'NONE', #605, 1.000000000000000000 ) ;
#5171 = ORIENTED_EDGE ( 'NONE', *, *, #1992, .T. ) ;
#5172 = CARTESIAN_POINT ( 'NONE',  ( 0.6383614710792674396, 0.9941112176529290911, 1.427585908367494216 ) ) ;
#5173 = CARTESIAN_POINT ( 'NONE',  ( 0.6035173508666573650, 1.053059182485190037, 1.414637896906494774 ) ) ;
#5175 = CARTESIAN_POINT ( 'NONE',  ( 0.5903560424531999473, 1.043612012320498827, 1.411833778580603216 ) ) ;
#5174 = CARTESIAN_POINT ( 'NONE',  ( 0.5992639659806708874, 1.013271676687291345, 1.409910965241905734 ) ) ;
#5176 = DIRECTION ( 'NONE',  ( -0.5495945148342153974, 0.01876539135242232328, 0.8352207668344542313 ) ) ;
#5177 = CARTESIAN_POINT ( 'NONE',  ( 0.5880687073875665583, 1.043259729072770536, 1.403137781408366314 ) ) ;
#5178 = ORIENTED_EDGE ( 'NONE', *, *, #129, .T. ) ;
#5179 = EDGE_CURVE ( 'NONE', #819, #2788, #3105, .T. ) ;
#5180 = CARTESIAN_POINT ( 'NONE',  ( 0.6040621465790887434, 1.002089182416142643, 1.416160489833722780 ) ) ;
#5181 = CARTESIAN_POINT ( 'NONE',  ( 0.6009042726822719782, 1.008969446997896036, 1.411086985557324480 ) ) ;
#5182 = DIRECTION ( 'NONE',  ( 0.5495945148342156195, -0.01876539135242259390, -0.8352207668344541203 ) ) ;
#5183 = CARTESIAN_POINT ( 'NONE',  ( 0.5866597454174700133, 1.044931456306863682, 1.399531468506465481 ) ) ;
#5184 = CARTESIAN_POINT ( 'NONE',  ( 0.6069540883403949927, 1.054476007535825488, 1.414811722732975952 ) ) ;
#5185 = CARTESIAN_POINT ( 'NONE',  ( 0.6068592552429438181, 0.9680944468278112058, 1.419135403166821963 ) ) ;
#5186 = VERTEX_POINT ( 'NONE', #5072 ) ;
#5187 = CARTESIAN_POINT ( 'NONE',  ( 0.6073093510528400074, 0.9845320693224887121, 1.413102102753402090 ) ) ;
#5188 = VERTEX_POINT ( 'NONE', #544 ) ;
#5189 = CARTESIAN_POINT ( 'NONE',  ( 0.6104420143795405984, 0.9790137910846699043, 1.409558081665536200 ) ) ;
#5190 = CARTESIAN_POINT ( 'NONE',  ( 0.6087228620133845469, 1.061332414361374044, 1.411548450740859328 ) ) ;
#5191 = LINE ( 'NONE', #1135, #1201 ) ;
#5192 = FACE_BOUND ( 'NONE', #175, .T. ) ;
#5193 = CARTESIAN_POINT ( 'NONE',  ( 0.5484903559048703858, 1.024834711735144843, 1.360761307700386391 ) ) ;
#5194 = CARTESIAN_POINT ( 'NONE',  ( 0.6130862710639093383, 0.9705947609880813953, 1.428431314001860075 ) ) ;
#5195 = CARTESIAN_POINT ( 'NONE',  ( 0.6101341093825927153, 0.9805190208687614151, 1.409330899417520877 ) ) ;
#5196 = ORIENTED_EDGE ( 'NONE', *, *, #1541, .F. ) ;
#5197 = B_SPLINE_CURVE_WITH_KNOTS ( 'NONE', 3,
 ( #2439, #4346, #5710, #606 ),
 .UNSPECIFIED., .F., .F.,
 ( 4, 4 ),
 ( 0.000000000000000000, 0.001164314873277389915 ),
 .UNSPECIFIED. ) ;
#5198 = B_SPLINE_CURVE_WITH_KNOTS ( 'NONE', 3,
 ( #5014, #4988, #5075, #2776, #831, #896, #5502 ),
 .UNSPECIFIED., .F., .F.,
 ( 4, 3, 4 ),
 ( 2.112335440630549858E-05, 0.01150000000000011256, 0.05321989779834062489 ),
 .UNSPECIFIED. ) ;
#5199 = ORIENTED_EDGE ( 'NONE', *, *, #4737, .F. ) ;
#5200 = CARTESIAN_POINT ( 'NONE',  ( 0.6381855447598429043, 0.9909175166906144527, 1.432339778668238361 ) ) ;
#5201 = EDGE_CURVE ( 'NONE', #2031, #2722, #4051, .T. ) ;
#5202 = CARTESIAN_POINT ( 'NONE',  ( 0.6193498025594779133, 1.011624361701197738, 1.425986955276184132 ) ) ;
#5204 = CARTESIAN_POINT ( 'NONE',  ( 0.6048482636656603573, 1.004838818179636384, 1.422241134088673142 ) ) ;
#5203 = CARTESIAN_POINT ( 'NONE',  ( 0.6102620595021869265, 0.9734213503539294043, 1.418043304752534928 ) ) ;
#5205 = CARTESIAN_POINT ( 'NONE',  ( 0.6194109719936434777, 0.9963976956245355066, 1.432013383427401143 ) ) ;
#5206 = DIRECTION ( 'NONE',  ( -0.5495945148342157305, 0.01876539135242311085, 0.8352207668344541203 ) ) ;
#5207 = ORIENTED_EDGE ( 'NONE', *, *, #1277, .T. ) ;
#5208 = EDGE_CURVE ( 'NONE', #2307, #2104, #4166, .T. ) ;
#5209 = CARTESIAN_POINT ( 'NONE',  ( 0.6422938224732105406, 0.9882501790054952773, 1.430080466594263022 ) ) ;
#5210 = CARTESIAN_POINT ( 'NONE',  ( 0.5739006111864020099, 1.070201258689364110, 1.391942223138660228 ) ) ;
#5211 = CARTESIAN_POINT ( 'NONE',  ( 0.6326277562369851948, 0.9883470292642198007, 1.437174067673823830 ) ) ;
#5212 = CARTESIAN_POINT ( 'NONE',  ( 0.6009961473083554884, 1.005891061132254682, 1.408467984274915707 ) ) ;
#5213 = CARTESIAN_POINT ( 'NONE',  ( 0.6295693619244685513, 1.002304235456525028, 1.439762420701189871 ) ) ;
#5214 = DIRECTION ( 'NONE',  ( -0.7505752902509433833, -0.4501006340066260325, -0.4837831672676775052 ) ) ;
#5215 = CARTESIAN_POINT ( 'NONE',  ( 0.6060651114695531083, 0.9704691436235486357, 1.419243530949813925 ) ) ;
#5216 = EDGE_LOOP ( 'NONE', ( #3579, #4313, #3319, #5558, #1842, #4332, #3269, #5707, #3145, #4046, #4546, #36, #1960 ) ) ;
#5217 = CARTESIAN_POINT ( 'NONE',  ( 0.5992954640014281908, 1.011122564714327376, 1.407231356223927810 ) ) ;
#5218 = ORIENTED_EDGE ( 'NONE', *, *, #2917, .F. ) ;
#5219 = CARTESIAN_POINT ( 'NONE',  ( 0.6307469073768433576, 0.9342677002292021360, 1.428895718591995045 ) ) ;
#5220 = LINE ( 'NONE', #3888, #3624 ) ;
#5221 = CARTESIAN_POINT ( 'NONE',  ( 0.6350707036198752764, 0.9757314538606118859, 1.418836403499476484 ) ) ;
#5222 = CARTESIAN_POINT ( 'NONE',  ( 0.5860859017483528444, 1.043264287942241353, 1.401833850989563590 ) ) ;
#5223 = DIRECTION ( 'NONE',  ( -0.5495945148342158415, 0.01876539135242344045, 0.8352207668344541203 ) ) ;
#5224 = CARTESIAN_POINT ( 'NONE',  ( 0.6054481145683758836, 1.076876297415665817, 1.408428322650169928 ) ) ;
#5225 = CARTESIAN_POINT ( 'NONE',  ( 0.6402138844917258931, 0.9827815770395820216, 1.439925838469818364 ) ) ;
#5226 = DIRECTION ( 'NONE',  ( -0.7738664612090513373, -0.3881086756342739807, -0.5005021040047583636 ) ) ;
#5227 = ORIENTED_EDGE ( 'NONE', *, *, #2119, .F. ) ;
#5228 = ORIENTED_EDGE ( 'NONE', *, *, #4322, .F. ) ;
#5229 = CARTESIAN_POINT ( 'NONE',  ( 0.6372529373876537617, 0.9960056530111377482, 1.426827715923205675 ) ) ;
#5230 = CARTESIAN_POINT ( 'NONE',  ( 0.6023026900796512040, 1.046583083163124428, 1.416806159847699753 ) ) ;
#5232 = CARTESIAN_POINT ( 'NONE',  ( 0.5725840261734554959, 1.078395845087798621, 1.399357873630345583 ) ) ;
#5231 = CARTESIAN_POINT ( 'NONE',  ( 0.5945528006326159520, 1.026193962093007173, 1.406520577348048473 ) ) ;
#5233 = VECTOR ( 'NONE', #4189, 1.000000000000000000 ) ;
#5234 = CARTESIAN_POINT ( 'NONE',  ( 0.6095823492119313292, 0.9715129482541229322, 1.413591068953570229 ) ) ;
#5235 = ORIENTED_EDGE ( 'NONE', *, *, #3683, .F. ) ;
#5236 = CIRCLE ( 'NONE', #3885, 0.001499999999999958181 ) ;
#5237 = CARTESIAN_POINT ( 'NONE',  ( 0.6424045421909594378, 0.9882463985841520859, 1.429912205439783035 ) ) ;
#5238 = CARTESIAN_POINT ( 'NONE',  ( 0.6038502021696361410, 1.002734335823854073, 1.415987598371703626 ) ) ;
#5239 = CARTESIAN_POINT ( 'NONE',  ( 0.5708708709573697693, 1.070620346094823594, 1.460934256490178385 ) ) ;
#5240 = CC_DESIGN_PERSON_AND_ORGANIZATION_ASSIGNMENT ( #5380, #5951, ( #1281 ) ) ;
#5241 = CARTESIAN_POINT ( 'NONE',  ( 0.5865284587514586478, 1.045233058427239570, 1.399438302583846827 ) ) ;
#5242 = VECTOR ( 'NONE', #3542, 1.000000000000000000 ) ;
#5243 = CYLINDRICAL_SURFACE ( 'NONE', #1194, 0.0009999999999999800715 ) ;
#5244 = EDGE_CURVE ( 'NONE', #632, #4284, #3917, .T. ) ;
#5245 = CARTESIAN_POINT ( 'NONE',  ( 0.5866622866337364295, 1.043546235178993919, 1.402205029294070648 ) ) ;
#5246 = PLANE ( 'NONE',  #4002 ) ;
#5247 = EDGE_LOOP ( 'NONE', ( #4903, #2057, #2693, #278 ) ) ;
#5248 = CARTESIAN_POINT ( 'NONE',  ( 0.6068724150725683941, 1.043617566840495225, 1.417057736758797759 ) ) ;
#5249 = CARTESIAN_POINT ( 'NONE',  ( 0.6023202695248166538, 1.002338841437609762, 1.409419097000343069 ) ) ;
#5250 = ORIENTED_EDGE ( 'NONE', *, *, #3841, .F. ) ;
#5251 = PLANE ( 'NONE',  #1490 ) ;
#5252 = CARTESIAN_POINT ( 'NONE',  ( 0.6101700455088188146, 0.9894232919198546750, 1.423694762328681529 ) ) ;
#5253 = CARTESIAN_POINT ( 'NONE',  ( 0.5905865429999681560, 1.038390682693754563, 1.406380919955771969 ) ) ;
#5254 = CARTESIAN_POINT ( 'NONE',  ( 0.6148616430012275869, 0.9710501215173098499, 1.405643554051718258 ) ) ;
#5255 = VECTOR ( 'NONE', #382, 1.000000000000000000 ) ;
#5256 = EDGE_CURVE ( 'NONE', #5080, #3375, #3711, .T. ) ;
#5257 = CARTESIAN_POINT ( 'NONE',  ( 0.6087332610445244097, 0.9986457822768912695, 1.422542117974521680 ) ) ;
#5258 = CARTESIAN_POINT ( 'NONE',  ( 0.6358222052648194733, 0.9957786168832627460, 1.430237243208795084 ) ) ;
#5259 = CARTESIAN_POINT ( 'NONE',  ( 0.6424795690186724251, 0.9721189446668033751, 1.439491270428521874 ) ) ;
#5260 = VECTOR ( 'NONE', #4467, 1.000000000000000000 ) ;
#5261 = EDGE_LOOP ( 'NONE', ( #5912, #5823, #295, #2465 ) ) ;
#5262 = AXIS2_PLACEMENT_3D ( 'NONE', #3462, #669, #5286 ) ;
#5263 = VERTEX_POINT ( 'NONE', #1834 ) ;
#5264 = CARTESIAN_POINT ( 'NONE',  ( 0.6388455607317183871, 0.9933294793920385279, 1.427894979345990523 ) ) ;
#5265 = CARTESIAN_POINT ( 'NONE',  ( 0.5902376784580581903, 1.078061102544108252, 1.410981904572534917 ) ) ;
#5267 = CARTESIAN_POINT ( 'NONE',  ( 0.6008047749217024780, 1.016575560347199314, 1.419316729079318495 ) ) ;
#5266 = CARTESIAN_POINT ( 'NONE',  ( 0.5982488450748245645, 1.018529946344595150, 1.411946887122629946 ) ) ;
#5268 = CARTESIAN_POINT ( 'NONE',  ( 0.6449767673608761687, 0.9672450341907972149, 1.437518746863847063 ) ) ;
#5269 = CARTESIAN_POINT ( 'NONE',  ( 0.5833961738328841129, 1.035207271009149110, 1.469971840647244399 ) ) ;
#5270 = AXIS2_PLACEMENT_3D ( 'NONE', #5316, #2526, #124 ) ;
#5271 = ORIENTED_EDGE ( 'NONE', *, *, #1873, .T. ) ;
#5272 = CARTESIAN_POINT ( 'NONE',  ( 0.6059001349635768641, 0.9962912372095801272, 1.417758558041313011 ) ) ;
#5273 = CARTESIAN_POINT ( 'NONE',  ( 0.6042043026298904440, 1.001623617461270488, 1.416245559792165931 ) ) ;
#5274 = FACE_OUTER_BOUND ( 'NONE', #1920, .T. ) ;
#5275 = CARTESIAN_POINT ( 'NONE',  ( 0.5893095425051954050, 1.038613417999782795, 1.401417047108899361 ) ) ;
#5276 = B_SPLINE_CURVE_WITH_KNOTS ( 'NONE', 3,
 ( #883, #5916, #2735, #5492, #5948, #3214, #1800, #3156, #2193, #3609, #2284, #4070, #4582, #5005, #5063, #4489, #2707, #4611, #2310, #4160, #366, #1709, #2643, #3548, #1767, #1275, #3095, #2223, #5404, #4039, #5890, #1737, #1248, #4943, #5464, #787, #4549, #822, #5431, #3127, #4978, #2676, #4521, #4639, #2823, #113, #2425, #1030, #593, #4221, #3698, #1057, #481, #5670, #1400, #2457, #4276, #3243, #2902, #5119, #2854, #1974, #3815, #1520, #1885, #564, #58, #3272, #3358, #5211, #4669, #1913, #84, #969, #4758, #4702, #6004, #3300 ),
 .UNSPECIFIED., .F., .F.,
 ( 4, 2, 2, 2, 2, 2, 2, 1, 2, 2, 2, 1, 2, 2, 2, 1, 2, 2, 2, 2, 2, 2, 2, 2, 2, 1, 2, 2, 2, 2, 2, 2, 1, 2, 2, 2, 2, 2, 1, 2, 2, 4 ),
 ( 0.000000000000000000, 0.03125000000001062345, 0.06250000000002124689, 0.1250000000000407452, 0.1562500000000481282, 0.1875000000000554834, 0.2187500000000628664, 0.2343750000000663081, 0.2421875000000711098, 0.2500000000000759393, 0.2812500000001058043, 0.2968750000001177947, 0.3046875000001215139, 0.3125000000001252332, 0.3437500000001277312, 0.3593750000001241229, 0.3671875000001183498, 0.3750000000001125211, 0.4062500000001098011, 0.4218750000001100786, 0.4375000000001103007, 0.5000000000001185718, 0.5312500000001186828, 0.5625000000001186828, 0.5937500000001187939, 0.6093750000001184608, 0.6171875000001154632, 0.6250000000001124656, 0.6562500000001003642, 0.6718750000000941469, 0.6875000000000879297, 0.7187500000000852651, 0.7343750000000839329, 0.7421875000000841549, 0.7500000000000842659, 0.7812500000000739409, 0.8125000000000636158, 0.8750000000000428546, 0.9062500000000325295, 0.9218750000000244249, 0.9375000000000163203, 1.000000000000000000 ),
 .UNSPECIFIED. ) ;
#5277 = CARTESIAN_POINT ( 'NONE',  ( 0.6059332927522446122, 0.9939367452875146336, 1.408982171644699743 ) ) ;
#5278 = CARTESIAN_POINT ( 'NONE',  ( 0.5867636576463016729, 1.043115666406394748, 1.400609787067395695 ) ) ;
#5279 = CARTESIAN_POINT ( 'NONE',  ( 0.6164820989715620314, 0.9559202208673830414, 1.422477078372182513 ) ) ;
#5280 = ORIENTED_EDGE ( 'NONE', *, *, #3725, .F. ) ;
#5281 = ADVANCED_FACE ( 'NONE', ( #7 ), #4526, .F. ) ;
#5282 = CARTESIAN_POINT ( 'NONE',  ( 0.5993998816650099037, 1.067405004544369040, 1.411606191333567129 ) ) ;
#5283 = CARTESIAN_POINT ( 'NONE',  ( 0.5882587123121730821, 1.038641046741053620, 1.397976335079401444 ) ) ;
#5284 = ORIENTED_EDGE ( 'NONE', *, *, #869, .F. ) ;
#5285 = EDGE_CURVE ( 'NONE', #250, #352, #4006, .T. ) ;
#5286 = DIRECTION ( 'NONE',  ( 0.7738664612090494499, 0.3881086756342737032, 0.5005021040047613612 ) ) ;
#5287 = CARTESIAN_POINT ( 'NONE',  ( 0.5860959769475070358, 1.043237983501641652, 1.401840714535356858 ) ) ;
#5288 = CARTESIAN_POINT ( 'NONE',  ( 0.6027694649747731281, 0.9996808463557675939, 1.408400086286973218 ) ) ;
#5289 = CARTESIAN_POINT ( 'NONE',  ( 0.5963959785827015470, 1.023258373815187250, 1.410160401584916734 ) ) ;
#5290 = CARTESIAN_POINT ( 'NONE',  ( 0.6057244361448307357, 1.044916001133141537, 1.416876476619447489 ) ) ;
#5291 = EDGE_CURVE ( 'NONE', #5624, #2882, #1559, .T. ) ;
#5292 = DIRECTION ( 'NONE',  ( -0.5495945148342156195, 0.01876539135242333983, 0.8352207668344541203 ) ) ;
#5293 = CARTESIAN_POINT ( 'NONE',  ( 0.6360543147638725303, 0.9890011112767982393, 1.433290859335304424 ) ) ;
#5294 = CARTESIAN_POINT ( 'NONE',  ( 0.6384057524518939042, 0.9600378572272532107, 1.435900977549333879 ) ) ;
#5295 = CARTESIAN_POINT ( 'NONE',  ( 0.6065184931823189851, 1.058291296157793049, 1.412717472858748824 ) ) ;
#5296 = ORIENTED_EDGE ( 'NONE', *, *, #1351, .F. ) ;
#5297 = ORIENTED_EDGE ( 'NONE', *, *, #5770, .T. ) ;
#5298 = CARTESIAN_POINT ( 'NONE',  ( 0.6376571659843245365, 0.9953035904154750035, 1.427109171523472719 ) ) ;
#5299 = CARTESIAN_POINT ( 'NONE',  ( 0.6267566140200401259, 0.9947009813430934821, 1.436019841186003010 ) ) ;
#5301 = FACE_OUTER_BOUND ( 'NONE', #3203, .T. ) ;
#5300 = CARTESIAN_POINT ( 'NONE',  ( 0.5800409082671238448, 1.063639455282034518, 1.401774178878133492 ) ) ;
#5302 = FACE_OUTER_BOUND ( 'NONE', #3376, .T. ) ;
#5303 = CARTESIAN_POINT ( 'NONE',  ( 0.6080483523169167848, 1.053720674009665181, 1.413754902420735204 ) ) ;
#5304 = VERTEX_POINT ( 'NONE', #221 ) ;
#5305 = CARTESIAN_POINT ( 'NONE',  ( 0.6358521250620139398, 0.9959527510527859118, 1.430253018751151295 ) ) ;
#5306 = CARTESIAN_POINT ( 'NONE',  ( 0.5947210169390764190, 1.028017436714883326, 1.409412333928437899 ) ) ;
#5307 = VERTEX_POINT ( 'NONE', #253 ) ;
#5308 = CARTESIAN_POINT ( 'NONE',  ( 0.5852377644315541749, 1.048137706012563619, 1.398523735564492609 ) ) ;
#5309 = CARTESIAN_POINT ( 'NONE',  ( 0.6309490293648577497, 1.007175285506838547, 1.423219753845229585 ) ) ;
#5310 = FACE_OUTER_BOUND ( 'NONE', #4307, .T. ) ;
#5311 = DIRECTION ( 'NONE',  ( 0.7637702840998413789, 0.4163964417921021677, 0.4932230290537175099 ) ) ;
#5312 = ORIENTED_EDGE ( 'NONE', *, *, #2594, .T. ) ;
#5313 = CARTESIAN_POINT ( 'NONE',  ( 0.6026683284021596698, 1.001268365051188214, 1.409672178780089657 ) ) ;
#5314 = ORIENTED_EDGE ( 'NONE', *, *, #4207, .T. ) ;
#5315 = CARTESIAN_POINT ( 'NONE',  ( 0.5869214477606886637, 1.044119027930536792, 1.397807020094118613 ) ) ;
#5316 = CARTESIAN_POINT ( 'NONE',  ( 0.6289584791924289764, 0.9741561688312015965, 1.422033541223229447 ) ) ;
#5317 = CARTESIAN_POINT ( 'NONE',  ( 0.6025856142750432021, 1.000257291576981844, 1.408266156958667192 ) ) ;
#5318 = CARTESIAN_POINT ( 'NONE',  ( 0.5952031903473229413, 1.034434207215013224, 1.413087825154248467 ) ) ;
#5319 =( BOUNDED_SURFACE ( )  B_SPLINE_SURFACE ( 3, 1, ( 
 ( #4705, #541 ),
 ( #88, #1945 ),
 ( #1493, #2639 ),
 ( #4035, #731 ) ),
 .UNSPECIFIED., .F., .F., .F. ) 
 B_SPLINE_SURFACE_WITH_KNOTS ( ( 4, 4 ),
 ( 2, 2 ),
 ( 0.000000000000000000, 1.000000000000000000 ),
 ( 0.000000000000000000, 1.000000000000000000 ),
 .UNSPECIFIED. ) 
 GEOMETRIC_REPRESENTATION_ITEM ( )  RATIONAL_B_SPLINE_SURFACE ( (
 ( 1.000000000000000000, 1.000000000000000000),
 ( 0.9971812656733263225, 0.9971812656733263225),
 ( 0.9971812656733263225, 0.9971812656733263225),
 ( 1.000000000000000000, 1.000000000000000000) ) ) 
 REPRESENTATION_ITEM ( '' )  SURFACE ( )  );
#5320 = CARTESIAN_POINT ( 'NONE',  ( 0.5913350129722013682, 1.082959311034276562, 1.387648160318070811 ) ) ;
#5321 = ADVANCED_FACE ( 'NONE', ( #2436 ), #3008, .T. ) ;
#5322 = DIRECTION ( 'NONE',  ( -0.7738664612090686568, -0.3881086756342213007, -0.5005021040047721304 ) ) ;
#5323 = CARTESIAN_POINT ( 'NONE',  ( 0.6281016924704573290, 1.007032771757335743, 1.426278418476165211 ) ) ;
#5324 = CARTESIAN_POINT ( 'NONE',  ( 0.6421403559280651763, 0.9685955758955123729, 1.438879818335654148 ) ) ;
#5325 = CARTESIAN_POINT ( 'NONE',  ( 0.6081519194532527539, 1.056839891395912723, 1.412629442042068417 ) ) ;
#5326 = EDGE_CURVE ( 'NONE', #2704, #54, #3755, .T. ) ;
#5327 = EDGE_LOOP ( 'NONE', ( #3442, #4375, #1994, #5966, #810, #3862, #5703 ) ) ;
#5328 = CARTESIAN_POINT ( 'NONE',  ( 0.6127484164874665851, 1.000853502361116254, 1.425134580664927819 ) ) ;
#5329 = CARTESIAN_POINT ( 'NONE',  ( 0.6244702848567018627, 0.9952838353598882914, 1.435105732504195153 ) ) ;
#5331 = LINE ( 'NONE', #5876, #5461 ) ;
#5330 = CARTESIAN_POINT ( 'NONE',  ( 0.5868245016449149531, 1.049985236128858190, 1.406544716962839114 ) ) ;
#5332 = CARTESIAN_POINT ( 'NONE',  ( 0.6452029367898659551, 0.9604482051121079333, 1.437819906480662491 ) ) ;
#5333 = ORIENTED_EDGE ( 'NONE', *, *, #55, .F. ) ;
#5334 = AXIS2_PLACEMENT_3D ( 'NONE', #3801, #1822, #3831 ) ;
#5335 = ADVANCED_FACE ( 'NONE', ( #3823 ), #4738, .T. ) ;
#5336 = CARTESIAN_POINT ( 'NONE',  ( 0.6054984160004058813, 0.9957147467650213635, 1.416180630747987834 ) ) ;
#5337 = CARTESIAN_POINT ( 'NONE',  ( 0.5989177540789898391, 1.016923488059716885, 1.412423137898251913 ) ) ;
#5338 = CARTESIAN_POINT ( 'NONE',  ( 0.6105656118634861240, 1.069265006244022986, 1.400610015537915087 ) ) ;
#5339 = CARTESIAN_POINT ( 'NONE',  ( 0.5957101297020357400, 1.021904900023125284, 1.406004181009283371 ) ) ;
#5340 = CARTESIAN_POINT ( 'NONE',  ( 0.6506008798901689039, 0.9637662294097973925, 1.442494617706592264 ) ) ;
#5341 = CARTESIAN_POINT ( 'NONE',  ( 0.6304522470086180164, 1.015670595424465361, 1.414900016650843639 ) ) ;
#5342 = CARTESIAN_POINT ( 'NONE',  ( 0.6250545810520793388, 1.064477375072780285, 1.426998598303930166 ) ) ;
#5343 = AXIS2_PLACEMENT_3D ( 'NONE', #4274, #536, #176 ) ;
#5344 = EDGE_LOOP ( 'NONE', ( #4746, #5917, #3512, #2652, #5944, #5739, #3260 ) ) ;
#5345 = CARTESIAN_POINT ( 'NONE',  ( 0.6057779798890920997, 0.9922650448109762156, 1.413294994364826307 ) ) ;
#5346 = VERTEX_POINT ( 'NONE', #1984 ) ;
#5347 = CARTESIAN_POINT ( 'NONE',  ( 0.5864350629914761859, 1.043307566986076740, 1.396671486366864778 ) ) ;
#5348 = CARTESIAN_POINT ( 'NONE',  ( 0.6034663733027535448, 1.034099387435102546, 1.420674049253858540 ) ) ;
#5349 = CARTESIAN_POINT ( 'NONE',  ( 0.5992743381192717766, 1.009995320285161702, 1.405868470967678974 ) ) ;
#5350 = CARTESIAN_POINT ( 'NONE',  ( 0.5955891602660615680, 1.034962447807824537, 1.413077049042464228 ) ) ;
#5351 = DIRECTION ( 'NONE',  ( -0.5495945148342156195, 0.01876539135242333983, 0.8352207668344541203 ) ) ;
#5352 = CIRCLE ( 'NONE', #895, 0.001299999999999973486 ) ;
#5353 = CARTESIAN_POINT ( 'NONE',  ( 0.6078593069352457023, 1.055839737481313767, 1.413236192004664549 ) ) ;
#5354 = CARTESIAN_POINT ( 'NONE',  ( 0.6423247490685709549, 0.9701084260640309154, 1.439160476522355792 ) ) ;
#5355 = VECTOR ( 'NONE', #782, 1.000000000000000000 ) ;
#5356 = CARTESIAN_POINT ( 'NONE',  ( 0.6088034931446506537, 0.9864084892280975403, 1.408321673418687414 ) ) ;
#5357 = ADVANCED_FACE ( 'NONE', ( #1066 ), #3367, .T. ) ;
#5358 = ORIENTED_EDGE ( 'NONE', *, *, #1780, .F. ) ;
#5359 = AXIS2_PLACEMENT_3D ( 'NONE', #2995, #3588, #4844 ) ;
#5360 = CARTESIAN_POINT ( 'NONE',  ( 0.6169219887656668400, 1.003148327423927899, 1.427829328245862950 ) ) ;
#5361 = CARTESIAN_POINT ( 'NONE',  ( 0.6294564577051067200, 0.9936763932391293741, 1.437022158870214561 ) ) ;
#5363 = CARTESIAN_POINT ( 'NONE',  ( 0.5873605486623763028, 1.043008961697706516, 1.399224718919431565 ) ) ;
#5362 = CARTESIAN_POINT ( 'NONE',  ( 0.5880366836070078929, 1.047223634270737280, 1.407404407149537962 ) ) ;
#5364 = DIRECTION ( 'NONE',  ( 0.5495945148342156195, -0.01876539135242259390, -0.8352207668344541203 ) ) ;
#5365 = ORIENTED_EDGE ( 'NONE', *, *, #1850, .F. ) ;
#5366 = AXIS2_PLACEMENT_3D ( 'NONE', #5086, #2787, #5459 ) ;
#5367 = CARTESIAN_POINT ( 'NONE',  ( 0.6376015702198771784, 0.9898155280038805071, 1.432916386831206035 ) ) ;
#5368 = CARTESIAN_POINT ( 'NONE',  ( 0.6051412083115536023, 1.001282529908389618, 1.419691764177168913 ) ) ;
#5369 = ORIENTED_EDGE ( 'NONE', *, *, #5445, .T. ) ;
#5370 = LOCAL_TIME ( 12, 22, 21.00000000000000000, #1771 ) ;
#5371 = CARTESIAN_POINT ( 'NONE',  ( 0.6055341467035467717, 0.9941208150366078744, 1.410220732649295705 ) ) ;
#5372 = CARTESIAN_POINT ( 'NONE',  ( 0.6050636330771569371, 0.9792441260168680550, 1.420984466729189322 ) ) ;
#5373 = CARTESIAN_POINT ( 'NONE',  ( 0.5999807275408811646, 1.018826201623085792, 1.418723807396240044 ) ) ;
#5374 = VERTEX_POINT ( 'NONE', #155 ) ;
#5375 = EDGE_CURVE ( 'NONE', #5471, #1806, #2038, .T. ) ;
#5376 = AXIS2_PLACEMENT_3D ( 'NONE', #903, #4089, #4658 ) ;
#5377 = CARTESIAN_POINT ( 'NONE',  ( 0.6028451283737595867, 1.001985586347571289, 1.411146713403683695 ) ) ;
#5378 = VERTEX_POINT ( 'NONE', #4406 ) ;
#5379 = CARTESIAN_POINT ( 'NONE',  ( 0.5884858230490098707, 1.038426067483018578, 1.398130609242896449 ) ) ;
#5380 = PERSON_AND_ORGANIZATION ( #5130, #4593 ) ;
#5381 = CARTESIAN_POINT ( 'NONE',  ( 0.6026136946490803226, 1.000169565263645532, 1.408286605490151722 ) ) ;
#5382 = CARTESIAN_POINT ( 'NONE',  ( 0.6051584753628806990, 0.9942108303542688263, 1.411077847636341476 ) ) ;
#5383 = CARTESIAN_POINT ( 'NONE',  ( 0.6387338753989026952, 0.9935075624268137062, 1.427824810843277392 ) ) ;
#5384 = CARTESIAN_POINT ( 'NONE',  ( 0.6291971347595189945, 1.001260784069803123, 1.428503231639465021 ) ) ;
#5385 = CARTESIAN_POINT ( 'NONE',  ( 0.6199684657984376734, 1.028997301993094027, 1.419676178347856865 ) ) ;
#5386 = CARTESIAN_POINT ( 'NONE',  ( 0.6067143342734754308, 0.9940741644259660781, 1.406775792497308775 ) ) ;
#5387 = CARTESIAN_POINT ( 'NONE',  ( 0.5531770221506335794, 0.9927026691177197604, 1.477901178712440977 ) ) ;
#5388 = CARTESIAN_POINT ( 'NONE',  ( 0.6363510124633700027, 0.9884530907023149071, 1.439111776404674359 ) ) ;
#5390 = CARTESIAN_POINT ( 'NONE',  ( 0.5874170246133925133, 1.042875020578784229, 1.398645441137685852 ) ) ;
#5389 = CARTESIAN_POINT ( 'NONE',  ( 0.5881805798397653495, 1.046889884359677447, 1.407506592740836560 ) ) ;
#5391 = DIRECTION ( 'NONE',  ( 0.3385274322565170468, -0.9089894737290785676, 0.2431816486899090468 ) ) ;
#5392 = ORIENTED_EDGE ( 'NONE', *, *, #129, .F. ) ;
#5393 = ADVANCED_FACE ( 'NONE', ( #3853 ), #5251, .F. ) ;
#5394 = CARTESIAN_POINT ( 'NONE',  ( 0.6157338286038195330, 1.019911798633259092, 1.423421362400334900 ) ) ;
#5395 = CARTESIAN_POINT ( 'NONE',  ( 0.6130768601896987580, 1.049660005984721645, 1.414059697365904089 ) ) ;
#5396 = CARTESIAN_POINT ( 'NONE',  ( 0.5954931407907412266, 1.026005404271424171, 1.409965614723424299 ) ) ;
#5397 = DIRECTION ( 'NONE',  ( 0.7626657353480702506, 0.4193492594260345152, 0.4924298678439641974 ) ) ;
#5398 = PLANE ( 'NONE',  #899 ) ;
#5399 = ADVANCED_FACE ( 'NONE', ( #2947 ), #3597, .F. ) ;
#5400 = CARTESIAN_POINT ( 'NONE',  ( 0.6090041177715186382, 0.9898017178096905067, 1.426088033471999861 ) ) ;
#5401 = CARTESIAN_POINT ( 'NONE',  ( 0.4762121231433032453, 1.262183786994696355, 1.455968796087238726 ) ) ;
#5402 = ORIENTED_EDGE ( 'NONE', *, *, #4615, .F. ) ;
#5403 = CARTESIAN_POINT ( 'NONE',  ( 0.6029901518484059864, 1.001536294616400369, 1.411252236691483031 ) ) ;
#5404 = CARTESIAN_POINT ( 'NONE',  ( 0.6100709321585983114, 0.9857578714607752035, 1.425316316240808456 ) ) ;
#5405 = ORIENTED_EDGE ( 'NONE', *, *, #957, .T. ) ;
#5406 = CARTESIAN_POINT ( 'NONE',  ( 0.5863842135169563541, 1.043425225720205241, 1.396635382733349307 ) ) ;
#5407 =( NAMED_UNIT ( * ) PLANE_ANGLE_UNIT ( ) SI_UNIT ( $, .RADIAN. ) );
#5408 = CARTESIAN_POINT ( 'NONE',  ( 0.6024838991912361275, 1.000574179462246027, 1.408192106384527076 ) ) ;
#5409 = DIRECTION ( 'NONE',  ( 0.7626657353480694734, 0.4193492594260378459, 0.4924298678439620880 ) ) ;
#5410 = CARTESIAN_POINT ( 'NONE',  ( 0.6414856458920706883, 0.9622616020545049498, 1.436530388985958862 ) ) ;
#5411 = CARTESIAN_POINT ( 'NONE',  ( 0.6241472832863648179, 1.016117121371961529, 1.423472222718400237 ) ) ;
#5412 = CARTESIAN_POINT ( 'NONE',  ( 0.6161188529122981761, 1.039394102399435971, 1.416908092390918750 ) ) ;
#5413 = DIRECTION ( 'NONE',  ( 0.7512883676660403465, -0.4257273140144764434, 0.5043035224066118039 ) ) ;
#5414 = CARTESIAN_POINT ( 'NONE',  ( 0.6055573679763800454, 1.059749310688782975, 1.412522674789863819 ) ) ;
#5415 = CARTESIAN_POINT ( 'NONE',  ( 0.6108706670352896939, 1.014784685168693468, 1.424086121309323438 ) ) ;
#5416 = CARTESIAN_POINT ( 'NONE',  ( 0.5761493082159536705, 1.094109584443962335, 1.394156700341484756 ) ) ;
#5418 = DIRECTION ( 'NONE',  ( 0.7637702840998402687, 0.4163964417921049987, 0.4932230290537167883 ) ) ;
#5417 = CARTESIAN_POINT ( 'NONE',  ( 0.5772124668468371356, 1.070685257926274447, 1.402576732522179181 ) ) ;
#5419 = CARTESIAN_POINT ( 'NONE',  ( 0.6130416148338172500, 1.010853059179399382, 1.425153937746986399 ) ) ;
#5420 = EDGE_LOOP ( 'NONE', ( #5428, #3574, #1509, #2145 ) ) ;
#5421 = CARTESIAN_POINT ( 'NONE',  ( 0.6012105080996134054, 1.050257637474689032, 1.416004920580544058 ) ) ;
#5422 = CARTESIAN_POINT ( 'NONE',  ( 0.6141348512980200347, 1.046680626115233936, 1.414822819362416162 ) ) ;
#5423 = CARTESIAN_POINT ( 'NONE',  ( 0.5999721426724193840, 1.014034716435157968, 1.413181853608730831 ) ) ;
#5424 = CARTESIAN_POINT ( 'NONE',  ( 0.5891221673193152153, 1.042298253353018733, 1.394115852146203594 ) ) ;
#5425 = CARTESIAN_POINT ( 'NONE',  ( 0.6468435808613369753, 0.9658948953451194086, 1.439974402369812889 ) ) ;
#5426 = CARTESIAN_POINT ( 'NONE',  ( 0.6061216397399057376, 0.9846005987670365389, 1.423076215284613477 ) ) ;
#5427 = CARTESIAN_POINT ( 'NONE',  ( 0.5948803431487863502, 1.032133707158800373, 1.414919415649565915 ) ) ;
#5428 = ORIENTED_EDGE ( 'NONE', *, *, #4019, .F. ) ;
#5429 = CARTESIAN_POINT ( 'NONE',  ( 0.6152304959561637476, 0.9666078821615329275, 1.413169803602038144 ) ) ;
#5430 = CARTESIAN_POINT ( 'NONE',  ( 0.6029728967184012633, 1.001589857451501420, 1.411239678990833912 ) ) ;
#5431 = CARTESIAN_POINT ( 'NONE',  ( 0.6133946413041868606, 0.9896449092846869577, 1.428097153540239139 ) ) ;
#5432 = ORIENTED_EDGE ( 'NONE', *, *, #4258, .T. ) ;
#5433 = EDGE_CURVE ( 'NONE', #2912, #1768, #5577, .T. ) ;
#5434 = CARTESIAN_POINT ( 'NONE',  ( 0.5852887276815867956, 1.045918361875508351, 1.395858513062943285 ) ) ;
#5435 = FACE_OUTER_BOUND ( 'NONE', #5536, .T. ) ;
#5436 = AXIS2_PLACEMENT_3D ( 'NONE', #2440, #95, #3826 ) ;
#5437 = DIRECTION ( 'NONE',  ( 0.7738664612090511152, 0.3881086756342739807, 0.5005021040047586967 ) ) ;
#5438 = CARTESIAN_POINT ( 'NONE',  ( 0.6026488820702033955, 1.036231861217778105, 1.420088564527862252 ) ) ;
#5439 = CIRCLE ( 'NONE', #3687, 0.005749999999999960872 ) ;
#5440 = CARTESIAN_POINT ( 'NONE',  ( 0.6346666296749701175, 0.9883007022016313536, 1.433767771342443931 ) ) ;
#5441 = VERTEX_POINT ( 'NONE', #4652 ) ;
#5442 = CARTESIAN_POINT ( 'NONE',  ( 0.6123867953793901142, 1.056635341184174903, 1.409103069795819785 ) ) ;
#5443 = CARTESIAN_POINT ( 'NONE',  ( 0.6103870963849877818, 1.070887367272089108, 1.400456097708633330 ) ) ;
#5444 = CARTESIAN_POINT ( 'NONE',  ( 0.6010358788291101373, 1.021725041819067314, 1.395407339624237686 ) ) ;
#5445 = EDGE_CURVE ( 'NONE', #632, #4628, #3766, .T. ) ;
#5446 = CARTESIAN_POINT ( 'NONE',  ( 0.6250545810520793388, 1.064477375072780285, 1.426998598303930166 ) ) ;
#5447 = CARTESIAN_POINT ( 'NONE',  ( 0.5883412398199374671, 1.048720948889955817, 1.410393206557477352 ) ) ;
#5448 = CARTESIAN_POINT ( 'NONE',  ( 0.6016120611832851406, 1.014428103713485685, 1.419896190204599895 ) ) ;
#5449 = ORIENTED_EDGE ( 'NONE', *, *, #5445, .F. ) ;
#5450 = VECTOR ( 'NONE', #264, 1.000000000000000000 ) ;
#5451 = VERTEX_POINT ( 'NONE', #1472 ) ;
#5452 = CARTESIAN_POINT ( 'NONE',  ( 0.5929240803669239002, 1.081897569166271555, 1.409841387375396771 ) ) ;
#5453 = CARTESIAN_POINT ( 'NONE',  ( 0.6066461432959751043, 1.053901807201648388, 1.413855747257612316 ) ) ;
#5454 = CARTESIAN_POINT ( 'NONE',  ( 0.6043409198960940643, 1.003812514979526949, 1.419108313306754798 ) ) ;
#5455 = CARTESIAN_POINT ( 'NONE',  ( 0.5877240863433230711, 1.042941698594327837, 1.396423960135033893 ) ) ;
#5456 = CARTESIAN_POINT ( 'NONE',  ( 0.5905063465481364959, 1.049534189976620846, 1.404603983023026581 ) ) ;
#5457 = VECTOR ( 'NONE', #4888, 1.000000000000000000 ) ;
#5458 = DIRECTION ( 'NONE',  ( -0.5495945148342156195, 0.01876539135242259390, 0.8352207668344541203 ) ) ;
#5459 = DIRECTION ( 'NONE',  ( 0.7505752902509679192, 0.4501006340066093236, 0.4837831672676545791 ) ) ;
#5460 = VERTEX_POINT ( 'NONE', #2779 ) ;
#5461 = VECTOR ( 'NONE', #5418, 1.000000000000000000 ) ;
#5462 = CARTESIAN_POINT ( 'NONE',  ( 0.6105497525517488144, 0.9662432383292085536, 1.420729775030746600 ) ) ;
#5463 = CARTESIAN_POINT ( 'NONE',  ( 0.5926543104508332771, 1.028744536234255991, 1.402465401025472680 ) ) ;
#5464 = CARTESIAN_POINT ( 'NONE',  ( 0.6117033211257805192, 0.9880043380797163266, 1.426783589936845953 ) ) ;
#5465 = EDGE_LOOP ( 'NONE', ( #2089, #3812, #3239, #1131, #4698, #2772 ) ) ;
#5466 = CARTESIAN_POINT ( 'NONE',  ( 0.5860876329912986238, 1.044108113175226782, 1.396424883081720747 ) ) ;
#5467 = CARTESIAN_POINT ( 'NONE',  ( 0.6188106964043508240, 0.9970520951699786139, 1.431603685478759269 ) ) ;
#5468 = CARTESIAN_POINT ( 'NONE',  ( 0.6086771307593570324, 1.059303281213455294, 1.401985743798242590 ) ) ;
#5469 = LOCAL_TIME ( 12, 22, 21.00000000000000000, #2400 ) ;
#5470 = EDGE_CURVE ( 'NONE', #858, #702, #793, .T. ) ;
#5471 = VERTEX_POINT ( 'NONE', #261 ) ;
#5472 = ORIENTED_EDGE ( 'NONE', *, *, #2353, .F. ) ;
#5473 = CARTESIAN_POINT ( 'NONE',  ( 0.6192296611342547052, 1.019838580608645628, 1.422903152698308915 ) ) ;
#5474 = CARTESIAN_POINT ( 'NONE',  ( 0.5867286215187459408, 1.045376919365177626, 1.400942124245694753 ) ) ;
#5475 = CARTESIAN_POINT ( 'NONE',  ( 0.6148616381934616237, 0.9710501343136963559, 1.405643550600593983 ) ) ;
#5476 = EDGE_CURVE ( 'NONE', #1018, #1273, #5785, .T. ) ;
#5477 = CARTESIAN_POINT ( 'NONE',  ( 0.5872933917520920533, 1.043728767930698353, 1.402616671295230599 ) ) ;
#5478 = CARTESIAN_POINT ( 'NONE',  ( 0.5879108020558032610, 1.049708285473676783, 1.410087785521907833 ) ) ;
#5479 = CARTESIAN_POINT ( 'NONE',  ( 0.6278023832924649605, 1.014922549706095634, 1.420184419783107943 ) ) ;
#5480 = EDGE_LOOP ( 'NONE', ( #5068, #3598, #240, #3398 ) ) ;
#5481 = ORIENTED_EDGE ( 'NONE', *, *, #5576, .T. ) ;
#5482 = CARTESIAN_POINT ( 'NONE',  ( 0.6269831601299100665, 1.002698485687862240, 1.428390901159664717 ) ) ;
#5483 = CARTESIAN_POINT ( 'NONE',  ( 0.6266545484419534517, 1.006990239140491905, 1.426701424237132532 ) ) ;
#5484 = CARTESIAN_POINT ( 'NONE',  ( 0.5825327016658868873, 1.058785251644419834, 1.403522898585571221 ) ) ;
#5485 = CARTESIAN_POINT ( 'NONE',  ( 0.5674838710754210869, 1.093235557680708014, 1.388468346721583035 ) ) ;
#5486 = CARTESIAN_POINT ( 'NONE',  ( 0.6085545436056404300, 0.9740200797996704241, 1.414483328574684062 ) ) ;
#5487 = CARTESIAN_POINT ( 'NONE',  ( 0.6508926077561085766, 0.9653565698099404457, 1.435467120836162014 ) ) ;
#5488 = CARTESIAN_POINT ( 'NONE',  ( 0.4957203977812400519, 1.100809084203208332, 1.410952470690065352 ) ) ;
#5489 = ORIENTED_EDGE ( 'NONE', *, *, #4318, .T. ) ;
#5490 = CARTESIAN_POINT ( 'NONE',  ( 0.6160429844091277474, 0.9596145406777965015, 1.422688286555892745 ) ) ;
#5491 = CARTESIAN_POINT ( 'NONE',  ( 0.5947552523129354674, 1.024446408969252653, 1.405318748117620364 ) ) ;
#5492 = CARTESIAN_POINT ( 'NONE',  ( 0.6093119609187181984, 0.9689667944877883299, 1.420616806843246094 ) ) ;
#5493 = CARTESIAN_POINT ( 'NONE',  ( 0.6058694109794287019, 0.9885933410159022383, 1.410689031645110392 ) ) ;
#5494 = CARTESIAN_POINT ( 'NONE',  ( 0.6354504984230096021, 0.9924678461585688671, 1.431520040258283055 ) ) ;
#5495 = PRODUCT_DEFINITION_SHAPE ( 'NONE', 'NONE',  #2105 ) ;
#5496 = CARTESIAN_POINT ( 'NONE',  ( 0.6243834230942064689, 0.9533065393711899205, 1.426919337684257272 ) ) ;
#5497 = ORIENTED_EDGE ( 'NONE', *, *, #2228, .T. ) ;
#5498 = CARTESIAN_POINT ( 'NONE',  ( 0.5796794167177236057, 1.060308112326781682, 1.395967085449315137 ) ) ;
#5499 = ORIENTED_EDGE ( 'NONE', *, *, #2982, .F. ) ;
#5500 = CARTESIAN_POINT ( 'NONE',  ( 0.6253223333737991663, 1.015528071814880695, 1.423500043777667257 ) ) ;
#5501 = CARTESIAN_POINT ( 'NONE',  ( 0.6207145614699156599, 0.9744376497014879401, 1.434561852725746434 ) ) ;
#5502 = CARTESIAN_POINT ( 'NONE',  ( 0.6230178835474233789, 1.002649495631010579, 1.417487517043098944 ) ) ;
#5503 = CARTESIAN_POINT ( 'NONE',  ( 0.6048771296614219306, 1.050933765858625524, 1.404462451219101515 ) ) ;
#5504 = CARTESIAN_POINT ( 'NONE',  ( 0.5987625602167455652, 1.019531411543213251, 1.415084458464249684 ) ) ;
#5505 = CARTESIAN_POINT ( 'NONE',  ( 0.5754132904960727046, 1.093595823971475367, 1.393095714441706656 ) ) ;
#5506 = EDGE_CURVE ( 'NONE', #3595, #2307, #1687, .T. ) ;
#5507 = EDGE_LOOP ( 'NONE', ( #4708, #3688, #808, #922 ) ) ;
#5508 =( BOUNDED_CURVE ( )  B_SPLINE_CURVE ( 3, ( #716, #3108, #1258, #1660 ),
 .UNSPECIFIED., .F., .F. ) 
 B_SPLINE_CURVE_WITH_KNOTS ( ( 4, 4 ),
 ( 3.110686481573107010, 6.252279135163084867 ),
 .UNSPECIFIED. ) 
 CURVE ( )  GEOMETRIC_REPRESENTATION_ITEM ( )  RATIONAL_B_SPLINE_CURVE ( ( 1.000000000000000000, 0.3333333333332717530, 0.3333333333332717530, 1.000000000000000000 ) ) 
 REPRESENTATION_ITEM ( '' )  );
#5509 = EDGE_LOOP ( 'NONE', ( #1832, #1120, #1245, #4008 ) ) ;
#5510 = CARTESIAN_POINT ( 'NONE',  ( 0.6070225286303372325, 1.063137235103170486, 1.411147311184589581 ) ) ;
#5511 = CARTESIAN_POINT ( 'NONE',  ( 0.6010625284903530208, 1.013432749886373774, 1.416734912781149269 ) ) ;
#5512 = CARTESIAN_POINT ( 'NONE',  ( 0.6194109719936434777, 0.9963976956245355066, 1.432013383427401143 ) ) ;
#5513 = CARTESIAN_POINT ( 'NONE',  ( 0.5913247561054706392, 1.047138490582787851, 1.405196292243373168 ) ) ;
#5514 = CARTESIAN_POINT ( 'NONE',  ( 0.6115808004119085428, 0.9731574942815445217, 1.410096451004138496 ) ) ;
#5515 = CARTESIAN_POINT ( 'NONE',  ( 0.6025050259587761969, 1.038422042429034464, 1.417796913742966902 ) ) ;
#5516 = ORIENTED_EDGE ( 'NONE', *, *, #1850, .T. ) ;
#5517 = EDGE_CURVE ( 'NONE', #1045, #3832, #613, .T. ) ;
#5518 = CARTESIAN_POINT ( 'NONE',  ( 0.6346211837681453583, 0.9600939316487611119, 1.433620155447137723 ) ) ;
#5519 = CARTESIAN_POINT ( 'NONE',  ( 0.6031967690256149206, 1.002161551624120683, 1.412748457938826085 ) ) ;
#5520 = CARTESIAN_POINT ( 'NONE',  ( 0.5837731828998573569, 1.098303172049876375, 1.399085227852919111 ) ) ;
#5521 = CARTESIAN_POINT ( 'NONE',  ( 0.5896858146909780274, 1.036569163341324096, 1.400336261943461613 ) ) ;
#5522 = DIRECTION ( 'NONE',  ( -0.7512883676660403465, 0.4257273140144764434, -0.5043035224066118039 ) ) ;
#5523 = CARTESIAN_POINT ( 'NONE',  ( 0.6261254357717399577, 0.9952568634619409771, 1.431681748790113895 ) ) ;
#5524 = ORIENTED_EDGE ( 'NONE', *, *, #3313, .T. ) ;
#5525 = CARTESIAN_POINT ( 'NONE',  ( 0.5906122267259230618, 1.036478255158050921, 1.403696525693412855 ) ) ;
#5526 = AXIS2_PLACEMENT_3D ( 'NONE', #939, #2878, #2371 ) ;
#5527 = EDGE_LOOP ( 'NONE', ( #946, #3704, #5178, #2770 ) ) ;
#5528 = CARTESIAN_POINT ( 'NONE',  ( 0.5860879544443393652, 1.043255571258041359, 1.401838321400299625 ) ) ;
#5529 = CARTESIAN_POINT ( 'NONE',  ( 0.5272358376597511276, 1.195551065050970196, 1.345334337568853567 ) ) ;
#5530 = CARTESIAN_POINT ( 'NONE',  ( 0.6016071131033925434, 1.010380074977330622, 1.403048990745321412 ) ) ;
#5531 = CARTESIAN_POINT ( 'NONE',  ( 0.6315854420108194534, 0.9940380052426506241, 1.431611375516130158 ) ) ;
#5532 = CARTESIAN_POINT ( 'NONE',  ( 0.6450010714989335980, 0.9608551729078198544, 1.436480642646472239 ) ) ;
#5533 = CARTESIAN_POINT ( 'NONE',  ( 0.5891427872146905997, 1.046851874349915557, 1.410962636803507086 ) ) ;
#5534 = VERTEX_POINT ( 'NONE', #4078 ) ;
#5535 = EDGE_CURVE ( 'NONE', #624, #5624, #4529, .T. ) ;
#5536 = EDGE_LOOP ( 'NONE', ( #5196, #3211, #3804, #1659, #1601, #1276, #1294, #3750, #2299, #2454, #91, #3777 ) ) ;
#5537 = ADVANCED_FACE ( 'NONE', ( #1229 ), #3034, .T. ) ;
#5538 = CARTESIAN_POINT ( 'NONE',  ( 0.6106037352850893773, 1.047209848766555096, 1.415235981848037561 ) ) ;
#5539 = CARTESIAN_POINT ( 'NONE',  ( 0.6037923093792774143, 1.005497576882999011, 1.418709455675189801 ) ) ;
#5540 = CARTESIAN_POINT ( 'NONE',  ( 0.5879472643478641514, 1.043544711043471684, 1.403051456129849939 ) ) ;
#5541 = CARTESIAN_POINT ( 'NONE',  ( 0.6103979512644894800, 0.9917628980267725325, 1.427384028988905484 ) ) ;
#5542 = CARTESIAN_POINT ( 'NONE',  ( 0.6490430852008249873, 0.9635290970373011632, 1.442623485130489547 ) ) ;
#5543 = AXIS2_PLACEMENT_3D ( 'NONE', #2286, #1403, #3701 ) ;
#5544 = VERTEX_POINT ( 'NONE', #3678 ) ;
#5545 = ADVANCED_FACE ( 'NONE', ( #1499, #2774 ), #93, .F. ) ;
#5546 = CARTESIAN_POINT ( 'NONE',  ( 0.6187894107994654780, 0.9578343892793983461, 1.424039426014636511 ) ) ;
#5547 = CARTESIAN_POINT ( 'NONE',  ( 0.6002089879785196258, 1.009748704156139043, 1.409237653776980181 ) ) ;
#5548 = FACE_OUTER_BOUND ( 'NONE', #4598, .T. ) ;
#5549 = VECTOR ( 'NONE', #5666, 1.000000000000000000 ) ;
#5550 = CARTESIAN_POINT ( 'NONE',  ( 0.5903781486973211923, 1.034826866091036690, 1.400830978883557787 ) ) ;
#5551 = PERSON_AND_ORGANIZATION ( #5130, #4593 ) ;
#5552 = CARTESIAN_POINT ( 'NONE',  ( 0.6424636464385183876, 0.9882443805248283253, 1.429822384501548083 ) ) ;
#5553 = EDGE_CURVE ( 'NONE', #306, #5451, #514, .T. ) ;
#5554 = CARTESIAN_POINT ( 'NONE',  ( 0.6217713584389322756, 0.9536789888237180435, 1.425377350279785960 ) ) ;
#5555 = CIRCLE ( 'NONE', #2654, 0.002999999999999976210 ) ;
#5556 = VERTEX_POINT ( 'NONE', #5650 ) ;
#5557 = CARTESIAN_POINT ( 'NONE',  ( 0.6083175734917950495, 0.9811004845851840628, 1.415216946164411294 ) ) ;
#5558 = ORIENTED_EDGE ( 'NONE', *, *, #1992, .F. ) ;
#5559 = CARTESIAN_POINT ( 'NONE',  ( 0.5701890651076386707, 1.079874014823335671, 1.373802958395799134 ) ) ;
#5560 = CARTESIAN_POINT ( 'NONE',  ( 0.5973118116747059281, 1.056123476976367881, 1.408940201314113905 ) ) ;
#5561 = CARTESIAN_POINT ( 'NONE',  ( 0.5919010328858483883, 1.035706112528867351, 1.396093167419878656 ) ) ;
#5562 = CARTESIAN_POINT ( 'NONE',  ( 0.5978823860248291266, 1.020372604071328126, 1.400373517465070883 ) ) ;
#5563 = LINE ( 'NONE', #5104, #1867 ) ;
#5564 = CARTESIAN_POINT ( 'NONE',  ( 0.5884703109171516289, 1.048422613535082926, 1.410484841188439864 ) ) ;
#5565 = B_SPLINE_CURVE_WITH_KNOTS ( 'NONE', 3,
 ( #4677, #3252, #517, #1922, #92, #488 ),
 .UNSPECIFIED., .F., .F.,
 ( 4, 2, 4 ),
 ( 0.000000000000000000, 0.001767604466865764458, 0.003535208933731528915 ),
 .UNSPECIFIED. ) ;
#5566 = ORIENTED_EDGE ( 'NONE', *, *, #4727, .T. ) ;
#5567 = EDGE_LOOP ( 'NONE', ( #5773, #1647 ) ) ;
#5568 = CARTESIAN_POINT ( 'NONE',  ( 0.6449769387989765512, 0.9672450283177472796, 1.437518486408796203 ) ) ;
#5569 = CARTESIAN_POINT ( 'NONE',  ( 0.6170764337536376321, 1.029879905334315726, 1.419884528554827829 ) ) ;
#5571 = CARTESIAN_POINT ( 'NONE',  ( 0.6044231515006377453, 1.003556722025991110, 1.419168170647073346 ) ) ;
#5570 = CARTESIAN_POINT ( 'NONE',  ( 0.5849772211716220971, 1.051906241704647194, 1.402463968044255882 ) ) ;
#5572 = DIRECTION ( 'NONE',  ( 0.7505752902509679192, 0.4501006340066093236, 0.4837831672676545791 ) ) ;
#5573 = CYLINDRICAL_SURFACE ( 'NONE', #2355, 0.009000000000000030545 ) ;
#5574 = DIRECTION ( 'NONE',  ( -0.7738664612090468964, -0.3881086756342786437, -0.5005021040047612502 ) ) ;
#5575 = ORIENTED_EDGE ( 'NONE', *, *, #3871, .F. ) ;
#5576 = EDGE_CURVE ( 'NONE', #3085, #45, #5073, .T. ) ;
#5577 = B_SPLINE_CURVE_WITH_KNOTS ( 'NONE', 3,
 ( #550, #2808, #5621, #4290 ),
 .UNSPECIFIED., .F., .F.,
 ( 4, 4 ),
 ( 0.000000000000000000, 0.007303304638604348267 ),
 .UNSPECIFIED. ) ;
#5578 = CARTESIAN_POINT ( 'NONE',  ( 0.6307567168279456515, 0.9574720159171543621, 1.431085289023808604 ) ) ;
#5579 = CARTESIAN_POINT ( 'NONE',  ( 0.6069395790829288373, 0.9892717221700833008, 1.415500916525853192 ) ) ;
#5580 = DIRECTION ( 'NONE',  ( 0.3385274322565170468, -0.9089894737290784565, 0.2431816486899090191 ) ) ;
#5581 = CARTESIAN_POINT ( 'NONE',  ( 0.5859618448590476758, 1.045460282124976104, 1.397686042020213737 ) ) ;
#5582 = DIRECTION ( 'NONE',  ( -0.7512883676660886412, 0.4257273140144409163, -0.5043035224065696154 ) ) ;
#5583 = EDGE_CURVE ( 'NONE', #3347, #233, #4204, .T. ) ;
#5584 = DIRECTION ( 'NONE',  ( -0.7738664612090512263, -0.3881086756342737032, -0.5005021040047584746 ) ) ;
#5585 = B_SPLINE_CURVE_WITH_KNOTS ( 'NONE', 3,
 ( #499, #415, #871, #1788, #3659, #5967, #3632, #5051, #2782, #2274, #4124, #1817 ),
 .UNSPECIFIED., .F., .F.,
 ( 4, 2, 2, 2, 2, 4 ),
 ( 0.000000000000000000, 0.2499999999999159561, 0.3749999999999042433, 0.4374999999999178435, 0.4999999999999314992, 1.000000000000000000 ),
 .UNSPECIFIED. ) ;
#5586 = CARTESIAN_POINT ( 'NONE',  ( 0.5874072537370598202, 1.044272590696290193, 1.401412459722675807 ) ) ;
#5587 = ORIENTED_EDGE ( 'NONE', *, *, #17, .F. ) ;
#5588 = EDGE_CURVE ( 'NONE', #5263, #1018, #2272, .T. ) ;
#5589 = CARTESIAN_POINT ( 'NONE',  ( 0.5780327173499071325, 1.069074271096632778, 1.379206906483993578 ) ) ;
#5590 = CARTESIAN_POINT ( 'NONE',  ( 0.6030750885441946707, 1.035171217239853503, 1.420392497874151783 ) ) ;
#5591 = FACE_OUTER_BOUND ( 'NONE', #469, .T. ) ;
#5592 = CARTESIAN_POINT ( 'NONE',  ( 0.5860868445849909403, 1.043264263943510795, 1.401832261312750516 ) ) ;
#5593 = CARTESIAN_POINT ( 'NONE',  ( 0.6227592933153258681, 1.023725745423180067, 1.421013641658956050 ) ) ;
#5594 = CARTESIAN_POINT ( 'NONE',  ( 0.5918307799831309390, 1.040305184130826177, 1.412878486299849801 ) ) ;
#5595 = ORIENTED_EDGE ( 'NONE', *, *, #724, .F. ) ;
#5596 = EDGE_LOOP ( 'NONE', ( #646, #252, #4123, #1064 ) ) ;
#5597 = CARTESIAN_POINT ( 'NONE',  ( 0.6313108174828944152, 1.007599378872230167, 1.422657226732155555 ) ) ;
#5598 = CARTESIAN_POINT ( 'NONE',  ( 0.6303158000344294409, 0.9898649544936176659, 1.433691715633324204 ) ) ;
#5600 = CARTESIAN_POINT ( 'NONE',  ( 0.6024488415245051742, 1.011965167560368917, 1.420502147176151864 ) ) ;
#5599 = CARTESIAN_POINT ( 'NONE',  ( 0.5898341830416254927, 1.040698600617102620, 1.405911769497486308 ) ) ;
#5601 = CARTESIAN_POINT ( 'NONE',  ( 0.5766056421558377609, 1.093016221127741217, 1.389104178639162690 ) ) ;
#5602 = DIRECTION ( 'NONE',  ( -0.5495945148342156195, 0.01876539135242333983, 0.8352207668344541203 ) ) ;
#5603 = ORIENTED_EDGE ( 'NONE', *, *, #794, .T. ) ;
#5604 = CARTESIAN_POINT ( 'NONE',  ( 0.6068685140736487238, 0.9982623453114263246, 1.423718157396245854 ) ) ;
#5605 = CARTESIAN_POINT ( 'NONE',  ( 0.6060589336193039633, 0.9926559136082486745, 1.414845396913780418 ) ) ;
#5606 = DIRECTION ( 'NONE',  ( -0.3385274322565164362, 0.9089894737290789006, -0.2431816486899086305 ) ) ;
#5607 = CARTESIAN_POINT ( 'NONE',  ( 0.5866061405967304410, 1.043984211922467598, 1.398143167194223047 ) ) ;
#5608 = CALENDAR_DATE ( 2026, 6, 9 ) ;
#5609 = CARTESIAN_POINT ( 'NONE',  ( 0.6199125848219684265, 0.9954271987259586396, 1.432364912067081386 ) ) ;
#5610 = CARTESIAN_POINT ( 'NONE',  ( 0.6052879852457443421, 1.003514102541631647, 1.422560244180794298 ) ) ;
#5611 = EDGE_CURVE ( 'NONE', #1046, #5891, #4198, .T. ) ;
#5612 = EDGE_CURVE ( 'NONE', #4311, #4879, #5801, .T. ) ;
#5613 = CARTESIAN_POINT ( 'NONE',  ( 0.6077401455948245879, 0.9839062365279633848, 1.414773946836779928 ) ) ;
#5614 = ORIENTED_EDGE ( 'NONE', *, *, #609, .F. ) ;
#5615 = CARTESIAN_POINT ( 'NONE',  ( 0.6185585697651821979, 1.021462250569678210, 1.422424882015246306 ) ) ;
#5616 = DIRECTION ( 'NONE',  ( -0.3385274322565194338, 0.9089894737290771243, -0.2431816486899105734 ) ) ;
#5617 = CARTESIAN_POINT ( 'NONE',  ( 0.5969660266637216717, 1.021745177256157211, 1.410555172160247173 ) ) ;
#5618 = LINE ( 'NONE', #2469, #202 ) ;
#5619 = AXIS2_PLACEMENT_3D ( 'NONE', #4741, #5129, #548 ) ;
#5620 = CARTESIAN_POINT ( 'NONE',  ( 0.6261045446801097869, 1.015508638903097172, 1.423399512676044587 ) ) ;
#5621 = CARTESIAN_POINT ( 'NONE',  ( 0.5896237782441836606, 1.040115511000917481, 1.404918976790608731 ) ) ;
#5622 = AXIS2_PLACEMENT_3D ( 'NONE', #2471, #4411, #3576 ) ;
#5623 = CARTESIAN_POINT ( 'NONE',  ( 0.6086305060116500298, 0.9813510997694869786, 1.416793397878993499 ) ) ;
#5624 = VERTEX_POINT ( 'NONE', #4710 ) ;
#5625 = EDGE_CURVE ( 'NONE', #4979, #1045, #5159, .T. ) ;
#5626 = VECTOR ( 'NONE', #5397, 1.000000000000000000 ) ;
#5627 = ORIENTED_EDGE ( 'NONE', *, *, #424, .F. ) ;
#5628 = CARTESIAN_POINT ( 'NONE',  ( 0.6318904268988030370, 0.9935087701738626320, 1.431824142846655601 ) ) ;
#5629 = CARTESIAN_POINT ( 'NONE',  ( 0.6191462861373886462, 1.004201895944441869, 1.428841837080264465 ) ) ;
#5631 = CARTESIAN_POINT ( 'NONE',  ( 0.5973664239425483524, 1.025795673112264605, 1.416847061244804529 ) ) ;
#5630 = CARTESIAN_POINT ( 'NONE',  ( 0.5874313215215334338, 1.046421817311477431, 1.404202044393514370 ) ) ;
#5632 = CARTESIAN_POINT ( 'NONE',  ( 0.6067180485608056895, 1.054151046434189221, 1.413925634981597623 ) ) ;
#5633 = DIRECTION ( 'NONE',  ( 0.5495945148342157305, -0.01876539135242311085, -0.8352207668344540092 ) ) ;
#5634 = AXIS2_PLACEMENT_3D ( 'NONE', #4449, #2726, #5054 ) ;
#5635 = ORIENTED_EDGE ( 'NONE', *, *, #3575, .T. ) ;
#5636 = CARTESIAN_POINT ( 'NONE',  ( 0.6053409327000921492, 0.9951534339467195123, 1.414318735408295780 ) ) ;
#5637 = CARTESIAN_POINT ( 'NONE',  ( 0.6066358494208472507, 0.9934585311257551066, 1.418029023372735731 ) ) ;
#5638 = DIRECTION ( 'NONE',  ( -0.3650397643841971074, -0.9046541402764898265, -0.2198791870526519143 ) ) ;
#5639 = B_SPLINE_CURVE_WITH_KNOTS ( 'NONE', 3,
 ( #5592, #5222, #2916, #159 ),
 .UNSPECIFIED., .F., .F.,
 ( 4, 4 ),
 ( 0.0003848368009576134388, 0.0003903820031619116408 ),
 .UNSPECIFIED. ) ;
#5640 = CARTESIAN_POINT ( 'NONE',  ( 0.5954626874365116507, 1.021409717248924931, 1.404478173459335677 ) ) ;
#5641 = CARTESIAN_POINT ( 'NONE',  ( 0.6087882665628132628, 0.9905606830577006194, 1.425168909439997078 ) ) ;
#5642 = AXIS2_PLACEMENT_3D ( 'NONE', #4146, #4202, #4118 ) ;
#5643 = B_SPLINE_CURVE_WITH_KNOTS ( 'NONE', 3,
 ( #1167, #5350, #3075, #2618, #3955, #5809, #5318, #764, #1226, #1651, #2081, #3133, #3525, #4923 ),
 .UNSPECIFIED., .F., .F.,
 ( 4, 2, 2, 2, 2, 2, 4 ),
 ( 2.560743305106871001E-15, 0.0002847869276392533153, 0.0005695738552759459618, 0.0008543607829126385542, 0.001139147710549331038, 0.001708721565822144631, 0.002278295421094958442 ),
 .UNSPECIFIED. ) ;
#5644 = CARTESIAN_POINT ( 'NONE',  ( 0.6089706555686928979, 0.9637362068984930419, 1.419404028412333707 ) ) ;
#5645 = ORIENTED_EDGE ( 'NONE', *, *, #5244, .F. ) ;
#5646 = VECTOR ( 'NONE', #1717, 0.9999999999999998890 ) ;
#5647 = CARTESIAN_POINT ( 'NONE',  ( 0.6001557459946936790, 1.008702314280418788, 1.407851818779279895 ) ) ;
#5648 = VERTEX_POINT ( 'NONE', #3253 ) ;
#5649 = CARTESIAN_POINT ( 'NONE',  ( 0.6126190616605531325, 1.037267763138057353, 1.418161188632841352 ) ) ;
#5650 = CARTESIAN_POINT ( 'NONE',  ( 0.6020569961998556430, 1.059597805573896157, 1.411988567808804884 ) ) ;
#5651 = CARTESIAN_POINT ( 'NONE',  ( 0.6021032994371506852, 1.008242243136302063, 1.414733498422915847 ) ) ;
#5652 = CIRCLE ( 'NONE', #809, 0.0009999999999999800715 ) ;
#5653 = CARTESIAN_POINT ( 'NONE',  ( 0.6076000186377328305, 0.9980226726470592391, 1.421810418118677255 ) ) ;
#5654 = EDGE_CURVE ( 'NONE', #3418, #5460, #721, .T. ) ;
#5655 = CARTESIAN_POINT ( 'NONE',  ( 0.6379636306545759528, 0.9319347431429785278, 1.426513175319882309 ) ) ;
#5656 = CARTESIAN_POINT ( 'NONE',  ( 0.5884931460645418388, 1.048369724003438863, 1.410501055541636850 ) ) ;
#5657 = EDGE_CURVE ( 'NONE', #4176, #2544, #3762, .T. ) ;
#5658 = CARTESIAN_POINT ( 'NONE',  ( 0.6105715856387033957, 0.9711119951655937665, 1.417673226625152827 ) ) ;
#5659 = EDGE_LOOP ( 'NONE', ( #5116, #1326, #4734, #958 ) ) ;
#5660 = ORIENTED_EDGE ( 'NONE', *, *, #832, .T. ) ;
#5661 = CARTESIAN_POINT ( 'NONE',  ( 0.6358969754692510579, 0.9873541847689689677, 1.434248079655616070 ) ) ;
#5662 = CARTESIAN_POINT ( 'NONE',  ( 0.6007853415534551988, 1.051021509091270012, 1.415707988845443799 ) ) ;
#5664 = DIRECTION ( 'NONE',  ( -0.5495945148341920827, 0.01876539135241059655, 0.8352207668344699965 ) ) ;
#5663 = CARTESIAN_POINT ( 'NONE',  ( 0.5751045248126266385, 1.070476393467827192, 1.395550279879240296 ) ) ;
#5665 = CARTESIAN_POINT ( 'NONE',  ( 0.6070410481487120702, 1.053261633641608297, 1.414131880821584142 ) ) ;
#5666 = DIRECTION ( 'NONE',  ( 0.5495945148342157305, -0.01876539135242311085, -0.8352207668344541203 ) ) ;
#5667 = ORIENTED_EDGE ( 'NONE', *, *, #729, .T. ) ;
#5668 = CARTESIAN_POINT ( 'NONE',  ( 0.6254424081395510981, 0.9957721723703296668, 1.425107215740359257 ) ) ;
#5669 = CARTESIAN_POINT ( 'NONE',  ( 0.5791756253871606086, 1.061055024507077338, 1.395618797831455815 ) ) ;
#5670 = CARTESIAN_POINT ( 'NONE',  ( 0.6231032641659531857, 0.9923451225365805817, 1.433556791068995695 ) ) ;
#5671 = CARTESIAN_POINT ( 'NONE',  ( 0.5868280676765046389, 1.044543198124729955, 1.399650951655096787 ) ) ;
#5672 = FACE_OUTER_BOUND ( 'NONE', #1620, .T. ) ;
#5673 = LINE ( 'NONE', #3946, #2053 ) ;
#5674 = CARTESIAN_POINT ( 'NONE',  ( 0.6165031704028788306, 0.9559071547880917397, 1.422487857559720625 ) ) ;
#5675 = ORIENTED_EDGE ( 'NONE', *, *, #4647, .T. ) ;
#5676 = CARTESIAN_POINT ( 'NONE',  ( 0.6031787381241695556, 0.9996692443823840257, 1.410043968516450308 ) ) ;
#5677 = EDGE_LOOP ( 'NONE', ( #2044, #4392, #44, #839 ) ) ;
#5678 = CARTESIAN_POINT ( 'NONE',  ( 0.5759508860039501688, 0.9652802674339912015, 1.466643798430659951 ) ) ;
#5679 = DIRECTION ( 'NONE',  ( -0.7626657353480700285, -0.4193492594260343487, -0.4924298678439642529 ) ) ;
#5680 = CARTESIAN_POINT ( 'NONE',  ( 0.6081421912179468814, 0.9837233884977464315, 1.416418671187530398 ) ) ;
#5681 = CARTESIAN_POINT ( 'NONE',  ( 0.6273113929917926157, 1.002023401246257883, 1.428621944367830299 ) ) ;
#5682 = CARTESIAN_POINT ( 'NONE',  ( 0.6072154619512560858, 1.024037470503954550, 1.423367358013366113 ) ) ;
#5683 = CARTESIAN_POINT ( 'NONE',  ( 0.6073512547394224192, 1.062827187953403474, 1.411370586550749540 ) ) ;
#5684 = CARTESIAN_POINT ( 'NONE',  ( 0.6328222154577448633, 0.9552085104361776047, 1.432185133267756427 ) ) ;
#5685 = CARTESIAN_POINT ( 'NONE',  ( 0.6101157931317265914, 0.9806079463671718566, 1.409316847924874772 ) ) ;
#5686 = ORIENTED_EDGE ( 'NONE', *, *, #5728, .F. ) ;
#5687 = EDGE_LOOP ( 'NONE', ( #5157, #2329 ) ) ;
#5688 = CARTESIAN_POINT ( 'NONE',  ( 0.6392997245601230727, 0.9893670136624064249, 1.432939006067291299 ) ) ;
#5689 = ADVANCED_FACE ( 'NONE', ( #4229 ), #4167, .F. ) ;
#5690 = CARTESIAN_POINT ( 'NONE',  ( 0.6307975402688952293, 0.9826560440437583921, 1.436992714039843744 ) ) ;
#5692 = CARTESIAN_POINT ( 'NONE',  ( 0.5787831647976862115, 1.067647291353570616, 1.403678543739575124 ) ) ;
#5691 = CARTESIAN_POINT ( 'NONE',  ( 0.6042887173755226993, 0.9982264066019340687, 1.413555398315220035 ) ) ;
#5693 = DIRECTION ( 'NONE',  ( 0.7626657353480701396, 0.4193492594260343487, 0.4924298678439641974 ) ) ;
#5694 = CARTESIAN_POINT ( 'NONE',  ( 0.6088225205093089620, 0.9983386691716155115, 1.422607752848592533 ) ) ;
#5695 = ORIENTED_EDGE ( 'NONE', *, *, #1320, .T. ) ;
#5696 = CARTESIAN_POINT ( 'NONE',  ( 0.6282164197001105510, 0.9956774563366993513, 1.420891540364638050 ) ) ;
#5697 = CARTESIAN_POINT ( 'NONE',  ( 0.6056809907459641540, 0.9968009306014882220, 1.417325608721538011 ) ) ;
#5698 = VERTEX_POINT ( 'NONE', #1008 ) ;
#5699 = CARTESIAN_POINT ( 'NONE',  ( 0.5855214411738464131, 1.047508745294574384, 1.398724532625853723 ) ) ;
#5700 = FACE_OUTER_BOUND ( 'NONE', #2964, .T. ) ;
#5701 = CARTESIAN_POINT ( 'NONE',  ( 0.6071433452207252168, 0.9982530094686831168, 1.423300673729849475 ) ) ;
#5702 = CARTESIAN_POINT ( 'NONE',  ( 0.6071813727791404158, 0.9672893305579206569, 1.419136170447553358 ) ) ;
#5703 = ORIENTED_EDGE ( 'NONE', *, *, #5654, .T. ) ;
#5704 = EDGE_CURVE ( 'NONE', #2354, #4912, #3650, .T. ) ;
#5705 = CARTESIAN_POINT ( 'NONE',  ( 0.5896883514995610032, 1.081486873313098673, 1.410543465986060951 ) ) ;
#5706 = CARTESIAN_POINT ( 'NONE',  ( 0.5989591120739030661, 1.012055056088071670, 1.406989078076618993 ) ) ;
#5707 = ORIENTED_EDGE ( 'NONE', *, *, #2556, .T. ) ;
#5708 = CARTESIAN_POINT ( 'NONE',  ( 0.6098638643346800947, 0.9818056867091137230, 1.409123850064956551 ) ) ;
#5709 = DIRECTION ( 'NONE',  ( -0.5495945148342156195, 0.01876539135242228512, 0.8352207668344542313 ) ) ;
#5710 = CARTESIAN_POINT ( 'NONE',  ( 0.6074016907221663208, 1.053372173881108820, 1.414037783054209907 ) ) ;
#5711 = CARTESIAN_POINT ( 'NONE',  ( 0.6058559378721314337, 1.045989082566583628, 1.416523031221480489 ) ) ;
#5712 = CARTESIAN_POINT ( 'NONE',  ( 0.6020292096823576244, 1.038473469011130135, 1.417235865831342201 ) ) ;
#5713 = CARTESIAN_POINT ( 'NONE',  ( 0.6239190592851474593, 1.020802326128319226, 1.421842476561234969 ) ) ;
#5714 = CARTESIAN_POINT ( 'NONE',  ( 0.6410743829510402447, 0.9807111298953608003, 1.440010363035139518 ) ) ;
#5715 = ADVANCED_BREP_SHAPE_REPRESENTATION ( 'Rod 0', ( #1027, #5025, #3811 ), #1792 ) ;
#5716 = CARTESIAN_POINT ( 'NONE',  ( 0.5951836472474930639, 1.058598788255584067, 1.429557996704537759 ) ) ;
#5717 = VERTEX_POINT ( 'NONE', #2860 ) ;
#5718 = B_SPLINE_CURVE_WITH_KNOTS ( 'NONE', 3,
 ( #3982, #2649, #3926, #1682, #5382, #5780, #1625, #2, #2287, #1341, #5953, #2711 ),
 .UNSPECIFIED., .F., .F.,
 ( 4, 2, 2, 2, 2, 4 ),
 ( 0.000000000000000000, 0.001948380381714546463, 0.003896760763429092927, 0.005845141145143639173, 0.006819331336001263795, 0.007793521526858888417 ),
 .UNSPECIFIED. ) ;
#5719 = VERTEX_POINT ( 'NONE', #950 ) ;
#5720 = CARTESIAN_POINT ( 'NONE',  ( 0.6313966961731590777, 0.9943621968039351167, 1.431481713153283097 ) ) ;
#5721 = CARTESIAN_POINT ( 'NONE',  ( 0.6028713146730684258, 1.044971344366409260, 1.417216539810017162 ) ) ;
#5723 = CARTESIAN_POINT ( 'NONE',  ( 0.6020206367065196185, 1.013183783710352781, 1.420192999177913862 ) ) ;
#5722 = CARTESIAN_POINT ( 'NONE',  ( 0.5886801658788681779, 1.045720173354400151, 1.407861612447406596 ) ) ;
#5724 = AXIS2_PLACEMENT_3D ( 'NONE', #2094, #1574, #141 ) ;
#5725 = CARTESIAN_POINT ( 'NONE',  ( 0.6026488820702033955, 1.036231861217778105, 1.420088564527862252 ) ) ;
#5726 = CARTESIAN_POINT ( 'NONE',  ( 0.5706923554788714270, 1.072242707122889938, 1.460780338660896627 ) ) ;
#5727 = ORIENTED_EDGE ( 'NONE', *, *, #528, .F. ) ;
#5728 = EDGE_CURVE ( 'NONE', #3531, #1962, #651, .T. ) ;
#5729 = VECTOR ( 'NONE', #847, 1.000000000000000000 ) ;
#5730 = EDGE_CURVE ( 'NONE', #5864, #5087, #1495, .T. ) ;
#5731 = CARTESIAN_POINT ( 'NONE',  ( 0.6242954256782166089, 0.9944150686299810804, 1.417857394291359263 ) ) ;
#5732 = CARTESIAN_POINT ( 'NONE',  ( 0.5992685073338848145, 1.013557804940703466, 1.409907524946897528 ) ) ;
#5733 = EDGE_LOOP ( 'NONE', ( #4343, #4535 ) ) ;
#5734 = CARTESIAN_POINT ( 'NONE',  ( 0.6096283283419863253, 0.9729622355263077838, 1.414887989451192540 ) ) ;
#5735 = CARTESIAN_POINT ( 'NONE',  ( 0.6027516677275176482, 1.037467584439396129, 1.418931147908472745 ) ) ;
#5736 = EDGE_CURVE ( 'NONE', #3251, #4176, #4768, .T. ) ;
#5737 = CARTESIAN_POINT ( 'NONE',  ( 0.6132685316808528242, 0.9933412772772517441, 1.429237474698538790 ) ) ;
#5738 = CARTESIAN_POINT ( 'NONE',  ( 0.6097159180311844118, 0.9625711068986795294, 1.419604949883135347 ) ) ;
#5739 = ORIENTED_EDGE ( 'NONE', *, *, #2025, .F. ) ;
#5740 = CARTESIAN_POINT ( 'NONE',  ( 0.6106514638380211579, 1.024043754463414224, 1.422806249627622810 ) ) ;
#5741 = CARTESIAN_POINT ( 'NONE',  ( 0.6037309309696760051, 0.9978952808763799087, 1.410447180806935430 ) ) ;
#5742 = ORIENTED_EDGE ( 'NONE', *, *, #5326, .F. ) ;
#5743 = CARTESIAN_POINT ( 'NONE',  ( 0.6100607928948528214, 0.9808771975808098231, 1.409274615398449226 ) ) ;
#5744 = CARTESIAN_POINT ( 'NONE',  ( 0.5860962746761546605, 1.043237873496333679, 1.401840335043947006 ) ) ;
#5745 = AXIS2_PLACEMENT_3D ( 'NONE', #1115, #5818, #683 ) ;
#5746 = DIRECTION ( 'NONE',  ( -0.5495945148342156195, 0.01876539135242259390, 0.8352207668344541203 ) ) ;
#5747 =( BOUNDED_CURVE ( )  B_SPLINE_CURVE ( 3, ( #3022, #1692, #4441, #771 ),
 .UNSPECIFIED., .F., .F. ) 
 B_SPLINE_CURVE_WITH_KNOTS ( ( 4, 4 ),
 ( 6.252279135162900126, 9.393871788752694130 ),
 .UNSPECIFIED. ) 
 CURVE ( )  GEOMETRIC_REPRESENTATION_ITEM ( )  RATIONAL_B_SPLINE_CURVE ( ( 1.000000000000000000, 0.3333333333333330373, 0.3333333333333330373, 1.000000000000000000 ) ) 
 REPRESENTATION_ITEM ( '' )  );
#5748 = CARTESIAN_POINT ( 'NONE',  ( 0.6382569394719150857, 0.9942835414252416681, 1.427517437950058365 ) ) ;
#5749 = AXIS2_PLACEMENT_3D ( 'NONE', #2880, #3756, #2374 ) ;
#5750 = CARTESIAN_POINT ( 'NONE',  ( 0.5917817018966595732, 1.050029535269554115, 1.404845335582917798 ) ) ;
#5751 = CARTESIAN_POINT ( 'NONE',  ( 0.6041210586013414652, 1.068429945994365804, 1.410493466894942705 ) ) ;
#5752 = CARTESIAN_POINT ( 'NONE',  ( 0.6329052659964657934, 0.9552543930806762784, 1.432238504515170874 ) ) ;
#5753 = VECTOR ( 'NONE', #2655, 1.000000000000000000 ) ;
#5754 = CARTESIAN_POINT ( 'NONE',  ( 0.6085171193528599032, 1.056609410498385637, 1.412553516172455614 ) ) ;
#5755 = ORIENTED_EDGE ( 'NONE', *, *, #1396, .F. ) ;
#5756 = AXIS2_PLACEMENT_3D ( 'NONE', #4774, #1629, #4835 ) ;
#5757 = EDGE_LOOP ( 'NONE', ( #5070, #5903 ) ) ;
#5758 = CARTESIAN_POINT ( 'NONE',  ( 0.5862443523084620578, 1.098218796278650489, 1.395329782788014672 ) ) ;
#5759 = CARTESIAN_POINT ( 'NONE',  ( 0.6279945264455596421, 0.9942797978878313847, 1.436490004231151252 ) ) ;
#5761 = CARTESIAN_POINT ( 'NONE',  ( 0.6056110600244493103, 1.004211647784758243, 1.421559874438572457 ) ) ;
#5760 = CARTESIAN_POINT ( 'NONE',  ( 0.5910978036455702966, 1.037554000998686554, 1.406813912529802701 ) ) ;
#5762 = CARTESIAN_POINT ( 'NONE',  ( 0.5656954661704868270, 0.8688660553454441438, 1.488920912720791190 ) ) ;
#5763 = CARTESIAN_POINT ( 'NONE',  ( 0.5690346753462917073, 1.087308105850854467, 1.459351063840838680 ) ) ;
#5764 = VERTEX_POINT ( 'NONE', #2914 ) ;
#5765 = CARTESIAN_POINT ( 'NONE',  ( 0.6279283998345479567, 1.011782923865079509, 1.424683359213471556 ) ) ;
#5766 = CARTESIAN_POINT ( 'NONE',  ( 0.6048082346955664379, 1.002346551388541673, 1.419448753873219449 ) ) ;
#5767 = CARTESIAN_POINT ( 'NONE',  ( 0.6468435808613368643, 0.9658948953451192976, 1.439974402369812889 ) ) ;
#5768 = CARTESIAN_POINT ( 'NONE',  ( 0.6088227336204529161, 0.9768768839291606110, 1.414269936871660249 ) ) ;
#5769 = LINE ( 'NONE', #2518, #4674 ) ;
#5770 = EDGE_CURVE ( 'NONE', #3833, #3443, #1591, .T. ) ;
#5771 = CARTESIAN_POINT ( 'NONE',  ( 0.5866121353009925432, 1.043444695849950588, 1.401895299592929023 ) ) ;
#5772 = LINE ( 'NONE', #275, #2650 ) ;
#5773 = ORIENTED_EDGE ( 'NONE', *, *, #2470, .F. ) ;
#5774 = CARTESIAN_POINT ( 'NONE',  ( 0.6030797957942526377, 0.9999821064870921816, 1.409971832927832569 ) ) ;
#5775 = VERTEX_POINT ( 'NONE', #1101 ) ;
#5776 = ADVANCED_FACE ( 'NONE', ( #254 ), #3434, .F. ) ;
#5777 = CARTESIAN_POINT ( 'NONE',  ( 0.5862244869846653383, 1.045334282896700495, 1.398813499119194725 ) ) ;
#5778 = DIRECTION ( 'NONE',  ( 0.7637702840998400466, 0.4163964417921056649, 0.4932230290537166773 ) ) ;
#5779 = CARTESIAN_POINT ( 'NONE',  ( 0.6024041080904319889, 1.000821771764722090, 1.408134039200721332 ) ) ;
#5780 = CARTESIAN_POINT ( 'NONE',  ( 0.6054411723933093015, 0.9939741442039160546, 1.409806416134486762 ) ) ;
#5781 = CARTESIAN_POINT ( 'NONE',  ( 0.6066475747837647425, 0.9980551929528092003, 1.423257850479456632 ) ) ;
#5782 = EDGE_CURVE ( 'NONE', #599, #3531, #5220, .T. ) ;
#5783 = CYLINDRICAL_SURFACE ( 'NONE', #5831, 0.001300000000000059571 ) ;
#5784 = CARTESIAN_POINT ( 'NONE',  ( 0.5993954429071172152, 1.082717080402646692, 1.408437209763484965 ) ) ;
#5785 = LINE ( 'NONE', #1141, #2364 ) ;
#5786 = CARTESIAN_POINT ( 'NONE',  ( 0.6112621909929807362, 1.055495206054392288, 1.411215626765540021 ) ) ;
#5787 = EDGE_CURVE ( 'NONE', #1816, #4097, #71, .T. ) ;
#5788 = ORIENTED_EDGE ( 'NONE', *, *, #2946, .F. ) ;
#5789 = CARTESIAN_POINT ( 'NONE',  ( 0.5902358239425329334, 1.082996841816981526, 1.389318601851739832 ) ) ;
#5790 = CARTESIAN_POINT ( 'NONE',  ( 0.6304112131247495698, 0.9931923783018362650, 1.437350660374872247 ) ) ;
#5792 = CARTESIAN_POINT ( 'NONE',  ( 0.5865252051882299256, 1.042531925154379646, 1.398604464405922343 ) ) ;
#5791 = CARTESIAN_POINT ( 'NONE',  ( 0.5906381668030545873, 1.038708161730480528, 1.406485529692391268 ) ) ;
#5793 = CARTESIAN_POINT ( 'NONE',  ( 0.5880981554985578175, 1.104478518141915000, 1.401796786415452578 ) ) ;
#5794 = ORIENTED_EDGE ( 'NONE', *, *, #2562, .T. ) ;
#5795 = CARTESIAN_POINT ( 'NONE',  ( 0.6169680815280348396, 1.038972989743205400, 1.416860322109207093 ) ) ;
#5796 = CARTESIAN_POINT ( 'NONE',  ( 0.5781239061431592274, 1.064849173930859649, 1.397663532404056497 ) ) ;
#5797 = ORIENTED_EDGE ( 'NONE', *, *, #3864, .F. ) ;
#5798 = CARTESIAN_POINT ( 'NONE',  ( 0.5948595354897010523, 1.024206370563386814, 1.405392761934111112 ) ) ;
#5799 = CARTESIAN_POINT ( 'NONE',  ( 0.6064529184994882360, 1.059447710913049123, 1.405308068831934154 ) ) ;
#5800 = DIRECTION ( 'NONE',  ( 0.5495945148342153974, -0.01876539135242232328, -0.8352207668344542313 ) ) ;
#5801 = B_SPLINE_CURVE_WITH_KNOTS ( 'NONE', 3,
 ( #4620, #1039, #463, #8 ),
 .UNSPECIFIED., .F., .F.,
 ( 4, 4 ),
 ( 0.001216897426953235774, 0.001307134022610729855 ),
 .UNSPECIFIED. ) ;
#5802 = DIRECTION ( 'NONE',  ( -0.7637702840998400466, -0.4163964417921056649, -0.4932230290537166773 ) ) ;
#5803 = ORIENTED_EDGE ( 'NONE', *, *, #2942, .T. ) ;
#5804 = CARTESIAN_POINT ( 'NONE',  ( 0.6031442442945518234, 1.001056188291563842, 1.411364419900972056 ) ) ;
#5805 = ORIENTED_EDGE ( 'NONE', *, *, #2694, .F. ) ;
#5806 = CARTESIAN_POINT ( 'NONE',  ( 0.6005532372183477463, 0.9863498142166984284, 1.421027599150752607 ) ) ;
#5807 = CARTESIAN_POINT ( 'NONE',  ( 0.6088883518395866723, 0.9901958173861129531, 1.425228338117307203 ) ) ;
#5808 = CARTESIAN_POINT ( 'NONE',  ( 0.5994924853333916115, 1.009382660269139809, 1.406025781851807377 ) ) ;
#5809 = CARTESIAN_POINT ( 'NONE',  ( 0.5952437457708341650, 1.034517848744666901, 1.413062873575011702 ) ) ;
#5810 = CARTESIAN_POINT ( 'NONE',  ( 0.6346861819867076759, 1.000623091015113486, 1.425033061643685039 ) ) ;
#5811 = EDGE_CURVE ( 'NONE', #4628, #632, #3830, .T. ) ;
#5812 = EDGE_CURVE ( 'NONE', #2611, #3716, #2965, .T. ) ;
#5813 = CARTESIAN_POINT ( 'NONE',  ( 0.6122613603813126248, 1.038226976941298174, 1.417902865059453399 ) ) ;
#5814 = CARTESIAN_POINT ( 'NONE',  ( 0.6424600094933552441, 0.9741516484843958379, 1.439745525721440655 ) ) ;
#5815 = CARTESIAN_POINT ( 'NONE',  ( 0.5402545776553887569, 1.019613206198362487, 1.368629461013249671 ) ) ;
#5816 = EDGE_LOOP ( 'NONE', ( #1094, #2273, #2941, #1676 ) ) ;
#5817 = CARTESIAN_POINT ( 'NONE',  ( 0.6053887002245283977, 1.060150804889250509, 1.412444906037261028 ) ) ;
#5818 = DIRECTION ( 'NONE',  ( -0.7514598057664128028, 0.4257331870643821237, -0.5040430673558652375 ) ) ;
#5820 = LINE ( 'NONE', #3677, #2849 ) ;
#5819 = CARTESIAN_POINT ( 'NONE',  ( 0.5876540731104383797, 1.048105512286423791, 1.407132826957415039 ) ) ;
#5821 = DIRECTION ( 'NONE',  ( 0.3650397643841978290, 0.9046541402764898265, 0.2198791870526504155 ) ) ;
#5822 = EDGE_CURVE ( 'NONE', #5862, #4726, #1009, .T. ) ;
#5823 = ORIENTED_EDGE ( 'NONE', *, *, #1811, .T. ) ;
#5824 = AXIS2_PLACEMENT_3D ( 'NONE', #2409, #1532, #3764 ) ;
#5825 = FACE_OUTER_BOUND ( 'NONE', #135, .T. ) ;
#5826 = CARTESIAN_POINT ( 'NONE',  ( 0.6003124819124774358, 1.013091170877639779, 1.413427003860370901 ) ) ;
#5827 = CARTESIAN_POINT ( 'NONE',  ( 0.6102031949317323622, 0.9936767741448834235, 1.402069821672554450 ) ) ;
#5828 = CARTESIAN_POINT ( 'NONE',  ( 0.6053409327000921492, 0.9951534339467195123, 1.414318735408295780 ) ) ;
#5829 = CARTESIAN_POINT ( 'NONE',  ( 0.6067790153235995687, 0.9862585559382972544, 1.423904579216686228 ) ) ;
#5830 = LINE ( 'NONE', #5342, #413 ) ;
#5831 = AXIS2_PLACEMENT_3D ( 'NONE', #5750, #5292, #4381 ) ;
#5832 = EDGE_LOOP ( 'NONE', ( #5627, #1143, #4510, #110 ) ) ;
#5833 = CARTESIAN_POINT ( 'NONE',  ( 0.6072979683901182923, 0.9862220334599135496, 1.414430953686480752 ) ) ;
#5834 = VERTEX_POINT ( 'NONE', #4829 ) ;
#5835 = CARTESIAN_POINT ( 'NONE',  ( 0.5862175814045522682, 1.043809585404811502, 1.396517099329969813 ) ) ;
#5836 = DIRECTION ( 'NONE',  ( 0.5499811533590955870, -0.01855456084503770420, -0.8349709331597398032 ) ) ;
#5837 = CARTESIAN_POINT ( 'NONE',  ( 0.5964010796528447234, 1.017818878381228309, 1.403802024237872592 ) ) ;
#5838 = DIRECTION ( 'NONE',  ( 0.3650397643841984952, 0.9046541402764898265, 0.2198791870526496661 ) ) ;
#5839 = CARTESIAN_POINT ( 'NONE',  ( 0.6368914045987731365, 0.9966417287487425725, 1.426575329103376699 ) ) ;
#5840 = CARTESIAN_POINT ( 'NONE',  ( 0.6002948952221183188, 1.086203350591754324, 1.407576437774307188 ) ) ;
#5841 = CARTESIAN_POINT ( 'NONE',  ( 0.6230505665235389623, 1.021076101088075561, 1.421880951427790807 ) ) ;
#5842 = VECTOR ( 'NONE', #2608, 1.000000000000000000 ) ;
#5843 = CARTESIAN_POINT ( 'NONE',  ( 0.6107443134027127352, 1.055633185444253996, 1.411596626054787196 ) ) ;
#5844 = EDGE_CURVE ( 'NONE', #3733, #3647, #1882, .T. ) ;
#5845 = VERTEX_POINT ( 'NONE', #3494 ) ;
#5846 = CIRCLE ( 'NONE', #4393, 0.001000000000000063555 ) ;
#5847 = CARTESIAN_POINT ( 'NONE',  ( 0.5947716718363078581, 1.096641217770531584, 1.391996738168310044 ) ) ;
#5848 = EDGE_CURVE ( 'NONE', #4726, #1816, #670, .T. ) ;
#5849 = CARTESIAN_POINT ( 'NONE',  ( 0.6002794292393287545, 1.042625122781721370, 1.418385768823124948 ) ) ;
#5851 = CARTESIAN_POINT ( 'NONE',  ( 0.5875253485790653540, 1.042759499699505765, 1.398062840032994192 ) ) ;
#5850 = CARTESIAN_POINT ( 'NONE',  ( 0.5904641766001725856, 1.039141558910379848, 1.406361302741924391 ) ) ;
#5852 = CARTESIAN_POINT ( 'NONE',  ( 0.6177938513187588576, 1.040970853563646159, 1.413013339184158168 ) ) ;
#5853 = VERTEX_POINT ( 'NONE', #1623 ) ;
#5854 = VECTOR ( 'NONE', #5664, 1.000000000000000000 ) ;
#5855 = CARTESIAN_POINT ( 'NONE',  ( 0.6302424605277728853, 0.9896779284536194599, 1.433647658570561090 ) ) ;
#5856 = CARTESIAN_POINT ( 'NONE',  ( 0.6154626386588918363, 1.038510928439878800, 1.417254391684664494 ) ) ;
#5857 = CARTESIAN_POINT ( 'NONE',  ( 0.5997805954689079400, 1.014563724621984075, 1.413043925599022810 ) ) ;
#5858 = CARTESIAN_POINT ( 'NONE',  ( 0.6400721822058842436, 0.9883260348372683302, 1.433456701322999960 ) ) ;
#5859 = CARTESIAN_POINT ( 'NONE',  ( 0.6088364629529057215, 0.9715384158437341267, 1.414724594992166296 ) ) ;
#5860 = CARTESIAN_POINT ( 'NONE',  ( 0.6057175304842473684, 0.9833811534252807629, 1.422508954186813446 ) ) ;
#5861 = CARTESIAN_POINT ( 'NONE',  ( 0.6483465004728696801, 0.9650434289709906022, 1.440982488504524595 ) ) ;
#5862 = VERTEX_POINT ( 'NONE', #4286 ) ;
#5863 = CARTESIAN_POINT ( 'NONE',  ( 0.5937455609950735846, 1.025937183554141985, 1.403246543462344453 ) ) ;
#5864 = VERTEX_POINT ( 'NONE', #4407 ) ;
#5865 = CARTESIAN_POINT ( 'NONE',  ( 0.5773846178763439863, 1.061505356570436209, 1.390307224549559795 ) ) ;
#5866 = FACE_BOUND ( 'NONE', #152, .T. ) ;
#5867 = CARTESIAN_POINT ( 'NONE',  ( 0.6027141586526462147, 0.9998548255870252088, 1.408359784559603645 ) ) ;
#5868 = CARTESIAN_POINT ( 'NONE',  ( 0.6068477747555964807, 1.004856287401958426, 1.421161889504236830 ) ) ;
#5869 = CARTESIAN_POINT ( 'NONE',  ( 0.6499952840173723878, 0.9649871327969332668, 1.438476826204021286 ) ) ;
#5870 = CARTESIAN_POINT ( 'NONE',  ( 0.6016475286417968249, 1.079630820122024826, 1.408614170609617355 ) ) ;
#5871 = CARTESIAN_POINT ( 'NONE',  ( 0.6178858918205548667, 1.023242965141077043, 1.421942361791385112 ) ) ;
#5872 = CARTESIAN_POINT ( 'NONE',  ( 0.6455583419037284054, 0.9879286164207308207, 1.425463470456300064 ) ) ;
#5873 = DIRECTION ( 'NONE',  ( -0.2097476241884997095, 0.8827424475986160868, -0.4204422735107457010 ) ) ;
#5874 = CARTESIAN_POINT ( 'NONE',  ( 0.5741379785692112270, 1.093100477195950271, 1.392854295893759753 ) ) ;
#5876 = CARTESIAN_POINT ( 'NONE',  ( 0.6024271740401867525, 1.107832941416028838, 1.394388207615373076 ) ) ;
#5875 = CARTESIAN_POINT ( 'NONE',  ( 0.5935584678546591553, 1.033557041638021978, 1.411344923746473246 ) ) ;
#5877 = CARTESIAN_POINT ( 'NONE',  ( 0.6111349711857581024, 1.014707491320830046, 1.423761630831829716 ) ) ;
#5878 = ORIENTED_EDGE ( 'NONE', *, *, #5782, .T. ) ;
#5879 = EDGE_CURVE ( 'NONE', #5307, #433, #4403, .T. ) ;
#5880 = CARTESIAN_POINT ( 'NONE',  ( 0.5981248653043665930, 1.072759244876138718, 1.410646904346019026 ) ) ;
#5881 = CARTESIAN_POINT ( 'NONE',  ( 0.6105580442624888304, 1.057150252852096628, 1.412233970693609342 ) ) ;
#5882 = CARTESIAN_POINT ( 'NONE',  ( 0.6114029947379039376, 0.9760798561642118898, 1.424378407115607148 ) ) ;
#5883 = DIRECTION ( 'NONE',  ( -0.3385274322565199889, 0.9089894737290769022, -0.2431816486899109342 ) ) ;
#5884 = CARTESIAN_POINT ( 'NONE',  ( 0.5860962746761546605, 1.043237873496333679, 1.401840335043947006 ) ) ;
#5885 = CARTESIAN_POINT ( 'NONE',  ( 0.6101597931153801557, 0.9910624541847836699, 1.427040435255275908 ) ) ;
#5886 = DIRECTION ( 'NONE',  ( 0.5495945148342157305, -0.01876539135242311085, -0.8352207668344541203 ) ) ;
#5887 = ORIENTED_EDGE ( 'NONE', *, *, #3107, .F. ) ;
#5888 = CARTESIAN_POINT ( 'NONE',  ( 0.6381326681262142753, 0.9998091691441690632, 1.420310278666395920 ) ) ;
#5889 = CARTESIAN_POINT ( 'NONE',  ( 0.5979158791361427472, 1.014913260020958052, 1.406238389826816926 ) ) ;
#5890 = CARTESIAN_POINT ( 'NONE',  ( 0.6104231887454205641, 0.9863217178974332811, 1.425656243260081668 ) ) ;
#5891 = VERTEX_POINT ( 'NONE', #3463 ) ;
#5892 = CARTESIAN_POINT ( 'NONE',  ( 0.5891835208630878951, 1.036706839810394021, 1.398628337374472341 ) ) ;
#5893 = CARTESIAN_POINT ( 'NONE',  ( 0.6028573522528790640, 0.9994035179111069311, 1.408464149041268376 ) ) ;
#5894 = EDGE_CURVE ( 'NONE', #1983, #2988, #4113, .T. ) ;
#5895 = CARTESIAN_POINT ( 'NONE',  ( 0.6004325300120375575, 1.023096560298055069, 1.416530695770501724 ) ) ;
#5896 = CARTESIAN_POINT ( 'NONE',  ( 0.6315749489392417093, 0.9938283237172439444, 1.431609181869391678 ) ) ;
#5897 = CARTESIAN_POINT ( 'NONE',  ( 0.6178192581290168350, 1.034762666884305515, 1.418130279083785750 ) ) ;
#5898 = FACE_OUTER_BOUND ( 'NONE', #4528, .T. ) ;
#5899 = DIRECTION ( 'NONE',  ( 0.1520734376574468527, 0.3078960453872116032, 0.9391877846277403297 ) ) ;
#5900 = DIRECTION ( 'NONE',  ( -0.5495945148342156195, 0.01876539135242259390, 0.8352207668344541203 ) ) ;
#5901 = CARTESIAN_POINT ( 'NONE',  ( 0.5977210882252640411, 1.022401527725441905, 1.414334661318243036 ) ) ;
#5902 = FACE_OUTER_BOUND ( 'NONE', #4040, .T. ) ;
#5903 = ORIENTED_EDGE ( 'NONE', *, *, #5285, .F. ) ;
#5904 = VERTEX_POINT ( 'NONE', #3824 ) ;
#5905 = CARTESIAN_POINT ( 'NONE',  ( 0.6181114785480170681, 1.014077624893024554, 1.425116990642850912 ) ) ;
#5906 = CARTESIAN_POINT ( 'NONE',  ( 0.6090896075770635409, 1.046771523170432650, 1.415623803315384732 ) ) ;
#5907 = CARTESIAN_POINT ( 'NONE',  ( 0.6017050370595403708, 1.011620189738130060, 1.417198422072661002 ) ) ;
#5908 = FACE_BOUND ( 'NONE', #4272, .T. ) ;
#5909 = CARTESIAN_POINT ( 'NONE',  ( 0.6337127384688721055, 0.9328800364738694118, 1.429681193019342933 ) ) ;
#5910 = FACE_OUTER_BOUND ( 'NONE', #5079, .T. ) ;
#5911 = LINE ( 'NONE', #3638, #2082 ) ;
#5912 = ORIENTED_EDGE ( 'NONE', *, *, #4355, .F. ) ;
#5913 = EDGE_CURVE ( 'NONE', #4538, #4816, #3009, .T. ) ;
#5914 = CARTESIAN_POINT ( 'NONE',  ( 0.6217662691462744196, 0.9566984531829961780, 1.425656287749733186 ) ) ;
#5915 = CARTESIAN_POINT ( 'NONE',  ( 0.6040007881744617890, 0.9983239742896788949, 1.411989431758730040 ) ) ;
#5916 = CARTESIAN_POINT ( 'NONE',  ( 0.6100130387759344908, 0.9673125358880283464, 1.420650421735088154 ) ) ;
#5917 = ORIENTED_EDGE ( 'NONE', *, *, #4761, .F. ) ;
#5918 = CARTESIAN_POINT ( 'NONE',  ( 0.5850914581256072555, 1.046359296639222114, 1.395718798410307659 ) ) ;
#5919 = CARTESIAN_POINT ( 'NONE',  ( 0.5761493082159536705, 1.094109584443962335, 1.394156700341484756 ) ) ;
#5920 = CARTESIAN_POINT ( 'NONE',  ( 0.5881008614740704799, 1.104479993971736240, 1.401798535999900563 ) ) ;
#5921 = CIRCLE ( 'NONE', #580, 0.001299999999999887617 ) ;
#5922 = ORIENTED_EDGE ( 'NONE', *, *, #2327, .T. ) ;
#5923 = CARTESIAN_POINT ( 'NONE',  ( 0.6174446952158835211, 1.024380249388093578, 1.421626653564919351 ) ) ;
#5924 = CYLINDRICAL_SURFACE ( 'NONE', #5359, 0.001299999999999973486 ) ;
#5925 = VECTOR ( 'NONE', #4092, 1.000000000000000000 ) ;
#5926 = CARTESIAN_POINT ( 'NONE',  ( 0.6253603041184224720, 0.9800613427362109276, 1.419533184112457658 ) ) ;
#5927 = B_SPLINE_SURFACE_WITH_KNOTS ( 'NONE', 3, 3, ( 
 ( #161, #1042, #4713, #5224, #192, #643, #1072, #578, #2051, #2919, #2383, #612, #3405, #3827, #5593, #2472, #5713, #1441, #1108, #1927, #5620, #2441, #131, #549, #1564, #5258, #1990, #69 ),
 ( #3285, #3765, #2953, #5132, #1471, #983, #5683, #2835, #4684, #523, #4259, #1013, #97, #1956, #3470, #2595, #1715, #312, #3556, #5411, #4953, #2651, #5323, #1628, #3500, #286, #4436, #675 ),
 ( #5840, #741, #5870, #2170, #2085, #5751, #3893, #796, #5353, #3051, #1254, #1598, #1202, #1685, #341, #4899, #2141, #2116, #3984, #3016, #4496, #3528, #3101, #5384, #3439, #3931, #1228, #5293 ),
 ( #1140, #5784, #3077, #4926, #766, #3957, #4015, #710, #2621, #4412, #2984, #5813, #2568, #1653, #4465, #4834, #2532, #4382, #229, #1170, #260, #4867, #1743, #3585, #4045, #5896, #2199, #5440 ),
 ( #3117, #2696, #778, #666, #5880, #5282, #2943, #3920, #325, #4539, #5248, #4995, #1129, #4934, #3429, #5394, #2184, #1297, #4341, #5905, #3599, #184, #1726, #2633, #811, #3566, #5855, #2522 ),
 ( #4478, #5452, #3086, #3883, #1699, #2974, #1096, #4372, #4029, #5421, #1265, #633, #2493, #5740, #4965, #218, #2665, #4511, #355, #4058, #2213, #2042, #3850, #2011, #3146, #3539, #1237, #1754 ),
 ( #840, #5705, #1556, #1587, #3395, #4795, #4825, #2075, #4586, #3160, #887, #3132, #3615, #5980, #5094, #2737, #1, #5008, #1855, #4552, #4192, #918, #3673, #5467, #4136, #1830, #4613, #826 ) ),
 .UNSPECIFIED., .F., .F., .F.,
 ( 4, 3, 4 ),
 ( 4, 3, 1, 1, 1, 1, 1, 1, 2, 1, 1, 1, 1, 1, 1, 1, 1, 1, 1, 3, 4 ),
 ( -0.05146102377507694170, 0.2928932187522629849, 1.000000000000000000 ),
 ( 0.04450978441669639629, 0.9260794135906189606, 1.648002184247040036, 2.369924954903460002, 2.550405647567560052, 2.730886340231669873, 3.091847725559880189, 3.452809110888090061, 4.535693266872720564, 5.475148787643699499, 5.592580727740069868, 5.710012667836440237, 5.944876548029189856, 6.179740428221929704, 6.414604308414679323, 6.532036248511049692, 6.649468188607420061, 6.884332068800170568, 7.354059829185660035, 9.232970870727621460, 10.50548853139444283 ),
 .UNSPECIFIED. ) ;
#5928 = PLANE ( 'NONE',  #1287 ) ;
#5929 = CARTESIAN_POINT ( 'NONE',  ( 0.5872682350618141367, 1.051160313277424097, 1.409632338075666791 ) ) ;
#5930 = CARTESIAN_POINT ( 'NONE',  ( 0.6230240451445110406, 1.026851556695988155, 1.416773689901227096 ) ) ;
#5931 = VECTOR ( 'NONE', #4773, 1.000000000000000000 ) ;
#5932 = VECTOR ( 'NONE', #4930, 1.000000000000000000 ) ;
#5933 = VERTEX_POINT ( 'NONE', #704 ) ;
#5934 = AXIS2_PLACEMENT_3D ( 'NONE', #3869, #4500, #1575 ) ;
#5935 = ORIENTED_EDGE ( 'NONE', *, *, #1541, .T. ) ;
#5936 = CARTESIAN_POINT ( 'NONE',  ( 0.6321410913323893821, 1.005821705334416283, 1.423243706926015539 ) ) ;
#5937 = CARTESIAN_POINT ( 'NONE',  ( 0.6070357906803462988, 1.052728298136796914, 1.414138510128706061 ) ) ;
#5938 = CARTESIAN_POINT ( 'NONE',  ( 0.6043644830182639538, 1.003739316901419265, 1.419125462968075180 ) ) ;
#5939 = CARTESIAN_POINT ( 'NONE',  ( 0.6053409327000921492, 0.9951534339467195123, 1.414318735408295780 ) ) ;
#5940 = CARTESIAN_POINT ( 'NONE',  ( 0.6131719628250490439, 0.9916681819931423281, 1.423168353613184278 ) ) ;
#5941 = VECTOR ( 'NONE', #4663, 1.000000000000000000 ) ;
#5942 = LINE ( 'NONE', #755, #981 ) ;
#5943 = CARTESIAN_POINT ( 'NONE',  ( 0.6405501780130401501, 0.9836970155517773540, 1.438602298527277945 ) ) ;
#5944 = ORIENTED_EDGE ( 'NONE', *, *, #5131, .T. ) ;
#5945 = VECTOR ( 'NONE', #4506, 1.000000000000000000 ) ;
#5946 = CARTESIAN_POINT ( 'NONE',  ( 0.6224924251183900914, 0.9933590353749848223, 1.416453502663790331 ) ) ;
#5947 = CARTESIAN_POINT ( 'NONE',  ( 0.5997775684068207269, 1.010962679006811138, 1.408926494675479812 ) ) ;
#5948 = CARTESIAN_POINT ( 'NONE',  ( 0.6091058063679586354, 0.9695327926580934452, 1.420628489740987099 ) ) ;
#5949 = ADVANCED_FACE ( 'NONE', ( #188 ), #2679, .T. ) ;
#5950 = CARTESIAN_POINT ( 'NONE',  ( 0.5790144402285761771, 1.059559936722627604, 1.392797704498178302 ) ) ;
#5951 = PERSON_AND_ORGANIZATION_ROLE ( 'design_owner' ) ;
#5952 = CARTESIAN_POINT ( 'NONE',  ( 0.6303102417438114502, 1.007197096313490414, 1.424190521697335177 ) ) ;
#5953 = CARTESIAN_POINT ( 'NONE',  ( 0.6066415567759716465, 0.9937040942422284973, 1.407132843971475200 ) ) ;
#5954 = LOCAL_TIME ( 12, 22, 21.00000000000000000, #1943 ) ;
#5955 = EDGE_CURVE ( 'NONE', #3328, #5460, #3131, .T. ) ;
#5956 = VERTEX_POINT ( 'NONE', #3159 ) ;
#5957 = CARTESIAN_POINT ( 'NONE',  ( 0.5881219785904894248, 1.042590730349311823, 1.401920552485120819 ) ) ;
#5958 = CARTESIAN_POINT ( 'NONE',  ( 0.6122618865541449296, 1.038251025121749160, 1.417904441322399789 ) ) ;
#5959 = DIRECTION ( 'NONE',  ( -0.5495945148342104014, 0.01876539135242870360, 0.8352207668344573399 ) ) ;
#5960 = CARTESIAN_POINT ( 'NONE',  ( 0.5383379541634474297, 1.070429624340404784, 1.439531170538271621 ) ) ;
#5961 = DIRECTION ( 'NONE',  ( 0.7738664612090511152, 0.3881086756342739807, 0.5005021040047585856 ) ) ;
#5962 = CARTESIAN_POINT ( 'NONE',  ( 0.5969737905541360190, 1.024433705210580081, 1.413797264111864127 ) ) ;
#5963 = CARTESIAN_POINT ( 'NONE',  ( 0.6142104432316239926, 1.051134055508981868, 1.410426814598681133 ) ) ;
#5964 = ORIENTED_EDGE ( 'NONE', *, *, #1840, .F. ) ;
#5965 = EDGE_CURVE ( 'NONE', #2722, #819, #2540, .T. ) ;
#5966 = ORIENTED_EDGE ( 'NONE', *, *, #2836, .T. ) ;
#5967 = CARTESIAN_POINT ( 'NONE',  ( 0.6086403634747281632, 0.9848496648929953023, 1.419585429080058692 ) ) ;
#5968 = CARTESIAN_POINT ( 'NONE',  ( 0.6362113965470859167, 0.9891215410442237843, 1.433391517003380411 ) ) ;
#5969 = CARTESIAN_POINT ( 'NONE',  ( 0.6056041413014551233, 1.002456166494099188, 1.422792051417510528 ) ) ;
#5970 = CARTESIAN_POINT ( 'NONE',  ( 0.5870693542266891551, 1.043836332563195857, 1.397571403186683048 ) ) ;
#5971 = CARTESIAN_POINT ( 'NONE',  ( 0.5933360857522128606, 1.048147597830800359, 1.406498696691098393 ) ) ;
#5972 = DIRECTION ( 'NONE',  ( -0.5495945148342156195, 0.01876539135242335718, 0.8352207668344541203 ) ) ;
#5973 = LINE ( 'NONE', #1848, #1879 ) ;
#5974 = EDGE_LOOP ( 'NONE', ( #3760, #5497, #4745, #5595, #1744, #902, #3338, #4954, #1084, #1486, #4174 ) ) ;
#5975 = CARTESIAN_POINT ( 'NONE',  ( 0.6395279256498226372, 0.9692651555961150356, 1.437434793287062140 ) ) ;
#5976 = CARTESIAN_POINT ( 'NONE',  ( 0.6040382113573129486, 0.9995049382505621915, 1.413361834066456435 ) ) ;
#5977 = CARTESIAN_POINT ( 'NONE',  ( 0.6444514769840995472, 0.9608739382991722255, 1.437315863413306527 ) ) ;
#5978 = CARTESIAN_POINT ( 'NONE',  ( 0.5890767973365160781, 1.038080244932714669, 1.399901564137449039 ) ) ;
#5979 = APPROVAL_DATE_TIME ( #2793, #758 ) ;
#5980 = CARTESIAN_POINT ( 'NONE',  ( 0.6075632738319840520, 1.023086592765772851, 1.423617689975888556 ) ) ;
#5981 = CARTESIAN_POINT ( 'NONE',  ( 0.6327398364671208419, 0.9551633667360622804, 1.432131680810018848 ) ) ;
#5982 = EDGE_LOOP ( 'NONE', ( #4057, #3657, #2931, #2290, #5566, #1026, #1516, #582, #3870 ) ) ;
#5983 = CARTESIAN_POINT ( 'NONE',  ( 0.5887215834321268826, 1.041153293780952449, 1.402347402015135858 ) ) ;
#5984 = ORIENTED_EDGE ( 'NONE', *, *, #4464, .T. ) ;
#5985 = DIRECTION ( 'NONE',  ( 0.7512883676660886412, -0.4257273140144409163, 0.5043035224065696154 ) ) ;
#5986 = CARTESIAN_POINT ( 'NONE',  ( 0.6028533470822561302, 1.003313741045978258, 1.412498424357765181 ) ) ;
#5987 = EDGE_CURVE ( 'NONE', #2549, #1417, #369, .T. ) ;
#5988 = CARTESIAN_POINT ( 'NONE',  ( 0.5943912393098855773, 1.029434046707328410, 1.397872569046262115 ) ) ;
#5989 = CARTESIAN_POINT ( 'NONE',  ( 0.6256491243015394055, 1.006244796736459390, 1.427152909093455824 ) ) ;
#5990 = PLANE ( 'NONE',  #4477 ) ;
#5991 = CARTESIAN_POINT ( 'NONE',  ( 0.6003036659242684259, 1.015240432270145376, 1.416194949469512743 ) ) ;
#5992 = ORIENTED_EDGE ( 'NONE', *, *, #3757, .T. ) ;
#5993 = ORIENTED_EDGE ( 'NONE', *, *, #3612, .F. ) ;
#5994 = CARTESIAN_POINT ( 'NONE',  ( 0.6166307123377284816, 1.003242583417262246, 1.428584596531932149 ) ) ;
#5995 = ADVANCED_FACE ( 'NONE', ( #2196, #5866, #1252, #3614, #825, #5435 ), #4524, .F. ) ;
#5996 = CARTESIAN_POINT ( 'NONE',  ( 0.6251843317998568850, 1.006444223997169818, 1.427120559721697157 ) ) ;
#5997 = CARTESIAN_POINT ( 'NONE',  ( 0.5988080523327403704, 1.019607177165828382, 1.415112691054717819 ) ) ;
#5998 = CARTESIAN_POINT ( 'NONE',  ( 0.6055368038094780525, 1.052805876921433015, 1.414522806547893863 ) ) ;
#5999 = CARTESIAN_POINT ( 'NONE',  ( 0.6057805320450809772, 0.9741147958333007395, 1.418699003950405269 ) ) ;
#6000 = DIRECTION ( 'NONE',  ( 0.5495945148342162856, -0.01876539135242323575, -0.8352207668344536762 ) ) ;
#6001 = VERTEX_POINT ( 'NONE', #4042 ) ;
#6002 = CARTESIAN_POINT ( 'NONE',  ( 0.6240739862427188145, 0.9944226294726674631, 1.418193916600319238 ) ) ;
#6003 = CARTESIAN_POINT ( 'NONE',  ( 0.6032373141110021209, 1.002035839563462094, 1.412777961985572484 ) ) ;
#6004 = CARTESIAN_POINT ( 'NONE',  ( 0.6372000061503126922, 0.9829450374854814543, 1.438338125378660015 ) ) ;
#6005 = CARTESIAN_POINT ( 'NONE',  ( 0.5892463184307463742, 1.037661633358798685, 1.400022518114599102 ) ) ;
ENDSEC;
END-ISO-10303-21;
