ISO-10303-21;
HEADER;
FILE_DESCRIPTION (( 'STEP AP203' ),
    '1' );
FILE_NAME ('Rod 1.STEP',
    '2026-09-06T09:26:18',
    ( '' ),
    ( '' ),
    'SwSTEP 2.0',
    'SolidWorks 2025',
    '' );
FILE_SCHEMA (( 'CONFIG_CONTROL_DESIGN' ));
ENDSEC;

DATA;
#1 = DIRECTION ( 'NONE',  ( -0.0005060740159296040104, -3.856891649251099970E-16, 0.9999998719445369888 ) ) ;
#2 = EDGE_CURVE ( 'NONE', #3331, #877, #3905, .T. ) ;
#3 = CARTESIAN_POINT ( 'NONE',  ( 0.04260969896541420832, 0.2396033331465089178, 0.07763905997985418028 ) ) ;
#4 = CARTESIAN_POINT ( 'NONE',  ( 0.04364349773109964248, 0.1466238634736530544, 0.08268759061878336314 ) ) ;
#5 = EDGE_CURVE ( 'NONE', #1187, #2401, #2498, .T. ) ;
#6 = CARTESIAN_POINT ( 'NONE',  ( 0.01606632539920915120, 0.1755314506168799971, 0.08173812550661568865 ) ) ;
#7 = CARTESIAN_POINT ( 'NONE',  ( 0.03412286183804542905, 0.1629001621880391826, 0.07467640191793022131 ) ) ;
#8 = CARTESIAN_POINT ( 'NONE',  ( 0.04913479050430557410, 0.2528761279623393254, 0.07368379175374266399 ) ) ;
#9 = ORIENTED_EDGE ( 'NONE', *, *, #3559, .F. ) ;
#10 = CARTESIAN_POINT ( 'NONE',  ( 0.02439711827892400084, 0.2213737832310579967, 0.07467127278706719995 ) ) ;
#11 = CARTESIAN_POINT ( 'NONE',  ( 0.01414722338789337064, 0.2658579394372931892, 0.08432546413546292141 ) ) ;
#12 = EDGE_CURVE ( 'NONE', #1626, #4285, #2781, .T. ) ;
#13 = CARTESIAN_POINT ( 'NONE',  ( 0.03381484041921369726, 0.1766317725010529971, 0.07667603910825289415 ) ) ;
#14 = CARTESIAN_POINT ( 'NONE',  ( 0.01448439087224120091, 0.2454906148011379852, 0.08173732493001170663 ) ) ;
#15 = ORIENTED_EDGE ( 'NONE', *, *, #2736, .F. ) ;
#16 = CARTESIAN_POINT ( 'NONE',  ( 0.01509427092379958535, 0.1509787159260519707, 0.07505294286617363031 ) ) ;
#17 = CARTESIAN_POINT ( 'NONE',  ( 0.03138529152367235120, 0.2607366066055920029, 0.08867481111319480691 ) ) ;
#18 = CARTESIAN_POINT ( 'NONE',  ( 0.01858724345471577180, 0.2663920900967879923, 0.08438482128003370331 ) ) ;
#19 = CARTESIAN_POINT ( 'NONE',  ( 0.03471878051176209568, 0.1543108962824094876, 0.07667649656890419829 ) ) ;
#20 = CARTESIAN_POINT ( 'NONE',  ( 0.05012917288748190009, 0.2439027225941699795, 0.07955904111282199875 ) ) ;
#21 = ADVANCED_FACE ( 'NONE', ( #3520 ), #1852, .F. ) ;
#22 = AXIS2_PLACEMENT_3D ( 'NONE', #3611, #3302, #3658 ) ;
#23 = ORIENTED_EDGE ( 'NONE', *, *, #1835, .F. ) ;
#24 = ADVANCED_FACE ( 'NONE', ( #1276 ), #3629, .F. ) ;
#25 = CARTESIAN_POINT ( 'NONE',  ( 0.03557683890011031913, 0.2360456206523632861, 0.08338951036982003573 ) ) ;
#26 = CARTESIAN_POINT ( 'NONE',  ( 0.03908475645931305809, 0.2311557357810293534, 0.07383661667026278352 ) ) ;
#27 = CARTESIAN_POINT ( 'NONE',  ( 0.02402598928727089911, 0.1919130906605256981, 0.07467148251867462838 ) ) ;
#28 = CARTESIAN_POINT ( 'NONE',  ( 0.02382003118049335136, 0.2308158068207315228, 0.07667098099435530612 ) ) ;
#29 = CARTESIAN_POINT ( 'NONE',  ( 0.009617413654522911567, 0.1380873642178212235, 0.07877417874676162501 ) ) ;
#30 = CARTESIAN_POINT ( 'NONE',  ( 0.04439005991918457128, 0.2413008175920790810, 0.07842010065845071709 ) ) ;
#31 = CARTESIAN_POINT ( 'NONE',  ( 0.03088707407165080035, 0.2462450643927500127, 0.09467455974658858797 ) ) ;
#32 = CARTESIAN_POINT ( 'NONE',  ( 0.01312149460424474022, 0.1517324982763020025, 0.08173663520407840888 ) ) ;
#33 = VERTEX_POINT ( 'NONE', #2620 ) ;
#34 = CARTESIAN_POINT ( 'NONE',  ( 0.02444080023114180225, 0.2040144693635080053, 0.07467129489336860049 ) ) ;
#35 = CARTESIAN_POINT ( 'NONE',  ( 0.03064260058086210742, 0.2744852727697627004, 0.08467496391966197744 ) ) ;
#36 = CARTESIAN_POINT ( 'NONE',  ( 0.03640563560650259683, 0.2270140723132985094, 0.07467734998643470179 ) ) ;
#37 = CARTESIAN_POINT ( 'NONE',  ( 0.04009554289179741160, 0.2315725458621911981, 0.07763366868929788556 ) ) ;
#38 = B_SPLINE_CURVE_WITH_KNOTS ( 'NONE', 3,
 ( #3755, #3442, #2455, #1759 ),
 .UNSPECIFIED., .F., .F.,
 ( 4, 4 ),
 ( 0.000000000000000000, 1.000000000000000000 ),
 .UNSPECIFIED. ) ;
#39 = VERTEX_POINT ( 'NONE', #2333 ) ;
#40 = PRODUCT_RELATED_PRODUCT_CATEGORY ( 'detail', '', ( #1585 ) ) ;
#41 = CARTESIAN_POINT ( 'NONE',  ( 0.01683851689766969681, 0.1520599335420752263, 0.07467166053952647986 ) ) ;
#42 = CARTESIAN_POINT ( 'NONE',  ( 0.02476606922479535067, 0.2703246188886102575, 0.08463108069192157301 ) ) ;
#43 = CARTESIAN_POINT ( 'NONE',  ( 0.01656311369400869857, 0.1826182936342894969, 0.08173837691775280578 ) ) ;
#44 = CARTESIAN_POINT ( 'NONE',  ( 0.04875063099168470276, 0.1538314229771394759, 0.07668359772473688774 ) ) ;
#45 = VERTEX_POINT ( 'NONE', #930 ) ;
#46 = ORIENTED_EDGE ( 'NONE', *, *, #3430, .T. ) ;
#47 = CARTESIAN_POINT ( 'NONE',  ( 0.03783310660461676467, 0.2306741335173486396, 0.07376151011109233213 ) ) ;
#48 = CARTESIAN_POINT ( 'NONE',  ( 0.02402937935157413787, 0.2282492346479822742, 0.07467119545021266847 ) ) ;
#49 = CARTESIAN_POINT ( 'NONE',  ( 0.02650506834556684913, 0.2299430837193459920, 0.07467233956595940858 ) ) ;
#50 = B_SPLINE_CURVE_WITH_KNOTS ( 'NONE', 3,
 ( #1010, #2349, #1358, #1033, #2374, #3717, #2644, #3943, #3609, #604, #1937, #3277, #3989, #281, #1370, #86 ),
 .UNSPECIFIED., .F., .F.,
 ( 4, 2, 2, 1, 1, 1, 1, 2, 2, 4 ),
 ( 0.000000000000000000, 0.2499999999999670264, 0.3749999999999512612, 0.4374999999999423794, 0.4687499999999369393, 0.4843749999999364952, 0.4921874999999363287, 0.4960937499999383826, 0.4999999999999404920, 1.000000000000000000 ),
 .UNSPECIFIED. ) ;
#51 = CARTESIAN_POINT ( 'NONE',  ( 0.02055118618086017312, 0.2389374574618560454, 0.07695756917927139285 ) ) ;
#52 = DIRECTION ( 'NONE',  ( -0.9994165763531821511, 0.03415041871286384617, -0.0005057788251476107427 ) ) ;
#53 = CARTESIAN_POINT ( 'NONE',  ( 0.01974440905777605226, 0.2192616619662784982, 0.07938296398345640048 ) ) ;
#54 = DIRECTION ( 'NONE',  ( -0.7875489778795837781, -0.6162519359744388359, -0.0003985581250131429326 ) ) ;
#55 = CARTESIAN_POINT ( 'NONE',  ( 0.02448728283913129827, 0.2182331951846359919, 0.07467131841701379891 ) ) ;
#56 = CARTESIAN_POINT ( 'NONE',  ( 0.02387914396202935052, 0.2301356993246924942, 0.07667101090980189826 ) ) ;
#57 = CARTESIAN_POINT ( 'NONE',  ( 0.04503674078353877425, 0.1329461234422653348, 0.07368171783699735411 ) ) ;
#58 = CARTESIAN_POINT ( 'NONE',  ( 0.02068482000639191090, 0.1540356053427960059, 0.07666939434524250307 ) ) ;
#59 = AXIS2_PLACEMENT_3D ( 'NONE', #2160, #499, #1832 ) ;
#60 = ORIENTED_EDGE ( 'NONE', *, *, #595, .F. ) ;
#61 = AXIS2_PLACEMENT_3D ( 'NONE', #2064, #1407, #3382 ) ;
#62 = CARTESIAN_POINT ( 'NONE',  ( 0.01585459280853122530, 0.1514783259962687034, 0.07487843145894425290 ) ) ;
#63 = ADVANCED_FACE ( 'NONE', ( #2285 ), #981, .F. ) ;
#64 = CARTESIAN_POINT ( 'NONE',  ( 0.02032357880938883213, 0.2678816882423115109, 0.08450071744241222094 ) ) ;
#65 = CARTESIAN_POINT ( 'NONE',  ( 0.03334598872640651135, 0.1504211433417630694, 0.08564105089171836216 ) ) ;
#66 = FACE_OUTER_BOUND ( 'NONE', #3562, .T. ) ;
#67 = VECTOR ( 'NONE', #3847, 1.000000000000000000 ) ;
#68 = ORIENTED_EDGE ( 'NONE', *, *, #5, .T. ) ;
#69 = ORIENTED_EDGE ( 'NONE', *, *, #1171, .T. ) ;
#70 = CARTESIAN_POINT ( 'NONE',  ( 0.03846333358844640504, 0.2309105060724477854, 0.07379686392851733667 ) ) ;
#71 = CARTESIAN_POINT ( 'NONE',  ( 0.02454295933677818828, 0.2104416631340291222, 0.07467170288894499353 ) ) ;
#72 = CARTESIAN_POINT ( 'NONE',  ( 0.02425855473439502905, 0.2368591470613309602, 0.07598159333038591312 ) ) ;
#73 = FACE_BOUND ( 'NONE', #2021, .T. ) ;
#74 = CARTESIAN_POINT ( 'NONE',  ( 0.02192231671650799948, 0.1985784211785510123, 0.07702704326010550995 ) ) ;
#75 =( GEOMETRIC_REPRESENTATION_CONTEXT ( 3 ) GLOBAL_UNCERTAINTY_ASSIGNED_CONTEXT ( ( #3398 ) ) GLOBAL_UNIT_ASSIGNED_CONTEXT ( ( #362, #4130, #1074 ) ) REPRESENTATION_CONTEXT ( 'NONE', 'WORKASPACE' ) );
#76 = CARTESIAN_POINT ( 'NONE',  ( 0.03390420189733205081, 0.1860345430570224945, 0.07667608433178080274 ) ) ;
#77 = LINE ( 'NONE', #4110, #963 ) ;
#78 = CARTESIAN_POINT ( 'NONE',  ( 0.01162120621825150045, 0.2448571369253340069, 0.08880694466382441088 ) ) ;
#79 = CARTESIAN_POINT ( 'NONE',  ( 0.01286688610454111287, 0.2638509471981561605, 0.08410865622239231676 ) ) ;
#80 = CARTESIAN_POINT ( 'NONE',  ( 0.03382540258788054727, 0.1794773854776690047, 0.07467604419738170518 ) ) ;
#81 = CARTESIAN_POINT ( 'NONE',  ( 0.007222296289708519772, 0.1405165944884181894, 0.08880471848952599390 ) ) ;
#82 = VERTEX_POINT ( 'NONE', #626 ) ;
#83 = CARTESIAN_POINT ( 'NONE',  ( 0.01177725514663376973, 0.1481500630981411326, 0.07599674384010358941 ) ) ;
#84 = CARTESIAN_POINT ( 'NONE',  ( 0.01962290406427591449, 0.2673367935792708705, 0.08446218581523630420 ) ) ;
#85 = CARTESIAN_POINT ( 'NONE',  ( 0.02739112668614564899, 0.1545613366895119967, 0.07367278784906410027 ) ) ;
#86 = CARTESIAN_POINT ( 'NONE',  ( 0.02382104332852530079, 0.2308158068207315228, 0.07467098125046620072 ) ) ;
#87 = B_SPLINE_CURVE_WITH_KNOTS ( 'NONE', 3,
 ( #1151, #912, #1544, #848, #827, #2494, #501, #2540, #4229, #2162, #3503, #2888, #2559, #3901, #889, #1501, #561, #2909, #2247 ),
 .UNSPECIFIED., .F., .F.,
 ( 4, 2, 2, 2, 1, 1, 1, 2, 2, 2, 4 ),
 ( 0.000000000000000000, 0.2500000000000712208, 0.3750000000001075251, 0.4375000000001256772, 0.4687500000001324496, 0.4843750000001357248, 0.4921875000001396661, 0.4960937500001411093, 0.5000000000001425526, 0.7500000000000710543, 1.000000000000000000 ),
 .UNSPECIFIED. ) ;
#88 = EDGE_CURVE ( 'NONE', #509, #2150, #2951, .T. ) ;
#89 = EDGE_LOOP ( 'NONE', ( #497, #2485, #2822, #1189 ) ) ;
#90 = ORIENTED_EDGE ( 'NONE', *, *, #4248, .T. ) ;
#91 = DIRECTION ( 'NONE',  ( -0.0005060740159282030044, -3.480932718718385460E-16, 0.9999998719445369888 ) ) ;
#92 = CARTESIAN_POINT ( 'NONE',  ( -0.02265949746896409739, 0.2367010396297254959, 0.07501535601081750493 ) ) ;
#93 = CIRCLE ( 'NONE', #2535, 0.003750000000000000295 ) ;
#94 = CARTESIAN_POINT ( 'NONE',  ( 0.02051179236585103788, 0.2389662260664320581, 0.07697080367363978715 ) ) ;
#95 = CYLINDRICAL_SURFACE ( 'NONE', #2151, 0.001000000000000003490 ) ;
#96 = EDGE_CURVE ( 'NONE', #3475, #1168, #4334, .T. ) ;
#97 = CARTESIAN_POINT ( 'NONE',  ( 0.02211080459246695176, 0.2189784396898185048, 0.07702713864893549756 ) ) ;
#98 = CARTESIAN_POINT ( 'NONE',  ( 0.04378334230424379969, 0.1072980537305578130, 0.08368108480506900038 ) ) ;
#99 = CARTESIAN_POINT ( 'NONE',  ( 0.02813767553448569964, 0.1545358268507079913, 0.07367316565808620932 ) ) ;
#100 = DIRECTION ( 'NONE',  ( -0.0005060740159282030044, -3.480932718718385460E-16, 0.9999998719445369888 ) ) ;
#101 = CARTESIAN_POINT ( 'NONE',  ( 0.04532989311472419847, 0.2379758047318000225, 0.08175293503920380567 ) ) ;
#102 = CARTESIAN_POINT ( 'NONE',  ( 0.03872008669572690048, 0.1137680767999510040, 0.08467852255069691081 ) ) ;
#103 = CARTESIAN_POINT ( 'NONE',  ( 0.01162120621825150045, 0.2448571369253340069, 0.08880694466382441088 ) ) ;
#104 = EDGE_CURVE ( 'NONE', #3791, #3167, #973, .T. ) ;
#105 = VERTEX_POINT ( 'NONE', #3940 ) ;
#106 = CARTESIAN_POINT ( 'NONE',  ( 0.01030275272348383370, 0.1463884149875727125, 0.07654453676089595371 ) ) ;
#107 = DIRECTION ( 'NONE',  ( -0.9994165763531819291, 0.03415041871287127079, -0.0005057788251457607685 ) ) ;
#108 = CARTESIAN_POINT ( 'NONE',  ( 0.03000087713691499888, 0.2295860272631405075, 0.07467410870417991176 ) ) ;
#109 = CARTESIAN_POINT ( 'NONE',  ( 0.04898174785273300136, 0.2400212701780889968, 0.08882585186558779322 ) ) ;
#110 = ORIENTED_EDGE ( 'NONE', *, *, #140, .T. ) ;
#111 = CARTESIAN_POINT ( 'NONE',  ( 0.03690362625183234851, 0.2303687703243920137, 0.07467760200659279146 ) ) ;
#112 = ORIENTED_EDGE ( 'NONE', *, *, #476, .F. ) ;
#113 = CARTESIAN_POINT ( 'NONE',  ( 0.04002779521154209430, 0.2725185116476030456, 0.08468944154369341393 ) ) ;
#114 = CARTESIAN_POINT ( 'NONE',  ( 0.02150963364716587320, 0.2382830873069981537, 0.07665433141075139734 ) ) ;
#115 = CARTESIAN_POINT ( 'NONE',  ( 0.009054709641807970680, 0.1341755385159285885, 0.07965945610789029740 ) ) ;
#116 = CARTESIAN_POINT ( 'NONE',  ( 0.02218620059503759873, 0.2110140782714015062, 0.07702717680489540308 ) ) ;
#117 = APPLICATION_PROTOCOL_DEFINITION ( 'international standard', 'config_control_design', 1994, #2457 ) ;
#118 = LINE ( 'NONE', #2081, #2506 ) ;
#119 = ADVANCED_FACE ( 'NONE', ( #2598 ), #3962, .T. ) ;
#120 = CARTESIAN_POINT ( 'NONE',  ( 0.01213201101139024449, 0.2429479413887087325, 0.08725443838520154094 ) ) ;
#121 = CARTESIAN_POINT ( 'NONE',  ( 0.04729081615380729964, 0.1391476224640769976, 0.07821337086424180740 ) ) ;
#122 = DIRECTION ( 'NONE',  ( 0.0005060740159282030044, 3.480932718718385460E-16, -0.9999998719445369888 ) ) ;
#123 = CARTESIAN_POINT ( 'NONE',  ( 0.02390818727571844896, 0.2297942166355904925, 0.07467102535175919320 ) ) ;
#124 = ORIENTED_EDGE ( 'NONE', *, *, #1821, .T. ) ;
#125 = CARTESIAN_POINT ( 'NONE',  ( 0.02021262080945285602, 0.1169064446701399834, 0.08230292936338810816 ) ) ;
#126 = CARTESIAN_POINT ( 'NONE',  ( 0.03825575305456368341, 0.2700252757473688425, 0.08464348427908448269 ) ) ;
#127 = CARTESIAN_POINT ( 'NONE',  ( 0.04635420514966659411, 0.1427931709141349870, 0.07872976375915349823 ) ) ;
#128 = CARTESIAN_POINT ( 'NONE',  ( 0.02636416947790047594, 0.2300558030501367590, 0.07367639273730783311 ) ) ;
#129 = VERTEX_POINT ( 'NONE', #4007 ) ;
#130 = CIRCLE ( 'NONE', #3135, 0.003749999999999999428 ) ;
#131 = CARTESIAN_POINT ( 'NONE',  ( 0.01372842971136532288, 0.1456742889424023912, 0.07672294178324118308 ) ) ;
#132 = ORIENTED_EDGE ( 'NONE', *, *, #1226, .T. ) ;
#133 = CARTESIAN_POINT ( 'NONE',  ( 0.03630273113949689795, 0.2738511994252208481, 0.08468341012555788416 ) ) ;
#134 = AXIS2_PLACEMENT_3D ( 'NONE', #487, #2746, #747 ) ;
#135 = CARTESIAN_POINT ( 'NONE',  ( 0.02937980704763935511, 0.2355400966409105512, 0.07537830509683748903 ) ) ;
#136 = DIRECTION ( 'NONE',  ( -0.0005060740159282030044, -3.480932718718385460E-16, 0.9999998719445369888 ) ) ;
#137 = CARTESIAN_POINT ( 'NONE',  ( 0.02212313363050324999, 0.2059404108984335124, 0.07702714488833979634 ) ) ;
#138 = APPROVAL_DATE_TIME ( #3859, #3315 ) ;
#139 = CARTESIAN_POINT ( 'NONE',  ( 0.02878333022333978697, 0.1407553764574487054, 0.09467349509635442084 ) ) ;
#140 = EDGE_CURVE ( 'NONE', #3386, #797, #3068, .T. ) ;
#141 = CARTESIAN_POINT ( 'NONE',  ( 0.04542636473818940229, 0.1149333107400520027, 0.08568191655224779990 ) ) ;
#142 = DIRECTION ( 'NONE',  ( -0.7875489778795833340, -0.6162519359744393910, -0.0003985581250134316556 ) ) ;
#143 = EDGE_CURVE ( 'NONE', #3102, #2323, #956, .T. ) ;
#144 = CARTESIAN_POINT ( 'NONE',  ( 0.04153905496816544946, 0.1743266040443559872, 0.08254438864911170515 ) ) ;
#145 = CARTESIAN_POINT ( 'NONE',  ( 0.04181211089328819991, 0.2090860602922434974, 0.08175115478141178893 ) ) ;
#146 = ORIENTED_EDGE ( 'NONE', *, *, #88, .F. ) ;
#147 = DIRECTION ( 'NONE',  ( -0.6162518570600122869, 0.7875490787295454931, -0.0003118690920604168986 ) ) ;
#148 = CARTESIAN_POINT ( 'NONE',  ( 0.03471979265979394796, 0.1543108962824094876, 0.07467649682501520392 ) ) ;
#149 = CARTESIAN_POINT ( 'NONE',  ( 0.03335490552379424822, 0.1504175586179171131, 0.08574942274481368865 ) ) ;
#150 = CARTESIAN_POINT ( 'NONE',  ( 0.007223693774515720437, 0.1405165944884206042, 0.08604329509398750409 ) ) ;
#151 = ORIENTED_EDGE ( 'NONE', *, *, #1746, .T. ) ;
#152 = CARTESIAN_POINT ( 'NONE',  ( 0.03451739309452162008, 0.1499372095839958674, 0.07518751746049083529 ) ) ;
#154 = ADVANCED_FACE ( 'NONE', ( #3252 ), #2980, .F. ) ;
#153 = ORIENTED_EDGE ( 'NONE', *, *, #1418, .T. ) ;
#155 = DIRECTION ( 'NONE',  ( -0.0005060740159282030044, -3.480932718718385460E-16, 0.9999998719445369888 ) ) ;
#156 = CARTESIAN_POINT ( 'NONE',  ( 0.01458333602537055171, 0.2464295590325864815, 0.08002843735940581849 ) ) ;
#157 = CARTESIAN_POINT ( 'NONE',  ( 0.04481011288112945329, 0.1157208598187816073, 0.08568160468315580425 ) ) ;
#158 = CARTESIAN_POINT ( 'NONE',  ( 0.02213508099613149815, 0.2179267388299249986, 0.07702715093459409912 ) ) ;
#159 = CARTESIAN_POINT ( 'NONE',  ( 0.009495051982569866628, 0.1452391494260712457, 0.08477932135494350985 ) ) ;
#160 = AXIS2_PLACEMENT_3D ( 'NONE', #1046, #2735, #4101 ) ;
#161 = CARTESIAN_POINT ( 'NONE',  ( 0.01270721497350515983, 0.2414628160371131149, 0.08603939547476310845 ) ) ;
#162 = CARTESIAN_POINT ( 'NONE',  ( 0.03707383341472155619, 0.1521482957503773603, 0.07441413348889969193 ) ) ;
#163 = LINE ( 'NONE', #1445, #2571 ) ;
#164 = CARTESIAN_POINT ( 'NONE',  ( 0.02388015611006119934, 0.2301356993246924942, 0.07467101116591280674 ) ) ;
#165 = ORIENTED_EDGE ( 'NONE', *, *, #595, .T. ) ;
#166 = CARTESIAN_POINT ( 'NONE',  ( 0.04480247026749351047, 0.1306083651040663152, 0.08015632571357009239 ) ) ;
#167 = CARTESIAN_POINT ( 'NONE',  ( 0.04434711139210385095, 0.2657206581186020156, 0.08441509098027906444 ) ) ;
#168 = CARTESIAN_POINT ( 'NONE',  ( 0.04635165080253830089, 0.1427931709141349870, 0.08377714165405279745 ) ) ;
#169 = CARTESIAN_POINT ( 'NONE',  ( 0.01872528282985515269, 0.2336608309160737029, 0.07430403231028256950 ) ) ;
#170 = VERTEX_POINT ( 'NONE', #3920 ) ;
#171 = CARTESIAN_POINT ( 'NONE',  ( 0.01463841896565679611, 0.1466013961405267518, 0.07643916406682139952 ) ) ;
#172 = ORIENTED_EDGE ( 'NONE', *, *, #2467, .T. ) ;
#173 = CARTESIAN_POINT ( 'NONE',  ( 0.03065324880236440161, 0.2295637009066055223, 0.07667443910868169954 ) ) ;
#174 = CARTESIAN_POINT ( 'NONE',  ( 0.01341616808925363835, 0.2503566537017424265, 0.08131810672373378235 ) ) ;
#175 = FACE_OUTER_BOUND ( 'NONE', #1932, .T. ) ;
#176 = CARTESIAN_POINT ( 'NONE',  ( 0.02120539007986589966, 0.1822787728074289904, 0.07702668044211770371 ) ) ;
#177 = APPROVAL_ROLE ( '' ) ;
#178 = CARTESIAN_POINT ( 'NONE',  ( 0.02754625784396245308, 0.2296696579184449860, 0.08881500391968649710 ) ) ;
#179 = CARTESIAN_POINT ( 'NONE',  ( 0.03202912451584236792, 0.1131447859139144002, 0.08261515354871735994 ) ) ;
#180 = CARTESIAN_POINT ( 'NONE',  ( 0.03472576869817385614, 0.1532068162195085459, 0.07407016885128164807 ) ) ;
#181 = CARTESIAN_POINT ( 'NONE',  ( 0.01746713920139289847, 0.2105661179883239753, 0.08173883442217100281 ) ) ;
#182 = CARTESIAN_POINT ( 'NONE',  ( 0.04090027390583195199, 0.1733070881653989981, 0.08175069332434649338 ) ) ;
#183 = EDGE_LOOP ( 'NONE', ( #2970, #112, #3812, #1812, #3180, #435, #2928, #905 ) ) ;
#184 = CARTESIAN_POINT ( 'NONE',  ( 0.02061559121665231323, 0.1167449485898506834, 0.08231816728446519904 ) ) ;
#185 = CARTESIAN_POINT ( 'NONE',  ( 0.04797672399577119356, 0.2598589141007284220, 0.08374804753782368050 ) ) ;
#186 = CARTESIAN_POINT ( 'NONE',  ( 0.04308066615379034514, 0.1484185762224874139, 0.07368072791832730450 ) ) ;
#187 = B_SPLINE_CURVE_WITH_KNOTS ( 'NONE', 1,
 ( #682, #207 ),
 .UNSPECIFIED., .F., .F.,
 ( 2, 2 ),
 ( 0.000000000000000000, 1.000000000000000000 ),
 .UNSPECIFIED. ) ;
#188 = CARTESIAN_POINT ( 'NONE',  ( 0.02101374357498473483, 0.2321325624802998977, 0.07389847871838267634 ) ) ;
#189 = ORIENTED_EDGE ( 'NONE', *, *, #1093, .T. ) ;
#190 = ADVANCED_FACE ( 'NONE', ( #2242 ), #3586, .F. ) ;
#191 = CARTESIAN_POINT ( 'NONE',  ( 0.02062111410118724897, 0.1503749661169338503, 0.07519256754155144440 ) ) ;
#192 = EDGE_LOOP ( 'NONE', ( #3230, #2820 ) ) ;
#193 = CARTESIAN_POINT ( 'NONE',  ( 0.03544014181367946548, 0.2740505141985861703, 0.08468109163550978369 ) ) ;
#194 = CARTESIAN_POINT ( 'NONE',  ( 0.01427768233696967599, 0.2471982287096951281, 0.08029854275185083212 ) ) ;
#195 = CIRCLE ( 'NONE', #61, 0.001000000000000002623 ) ;
#196 = CARTESIAN_POINT ( 'NONE',  ( 0.03052716867213895596, 0.2355013348211475455, 0.08042437574761913954 ) ) ;
#197 = LINE ( 'NONE', #851, #1311 ) ;
#198 = EDGE_CURVE ( 'NONE', #1437, #3749, #887, .T. ) ;
#199 = CARTESIAN_POINT ( 'NONE',  ( 0.02703661485484699922, 0.1335608309790970172, 0.09467261112897999709 ) ) ;
#200 = DIRECTION ( 'NONE',  ( -0.9994165763531821511, 0.03415041871286384617, -0.0005057788251476107427 ) ) ;
#201 = CARTESIAN_POINT ( 'NONE',  ( 0.02245331686557850218, 0.1509667360425565041, 0.08867029087233049833 ) ) ;
#202 = CARTESIAN_POINT ( 'NONE',  ( 0.01736814720064005016, 0.2041828013359374971, 0.08173878432488580759 ) ) ;
#203 = EDGE_CURVE ( 'NONE', #4310, #594, #2528, .T. ) ;
#204 = CARTESIAN_POINT ( 'NONE',  ( 0.03869142205224255365, 0.1666487308000625112, 0.07939255257568650359 ) ) ;
#205 = ORIENTED_EDGE ( 'NONE', *, *, #2144, .T. ) ;
#206 = CARTESIAN_POINT ( 'NONE',  ( 0.02390717512768655156, 0.2297942166355904925, 0.07667102509564829860 ) ) ;
#207 = CARTESIAN_POINT ( 'NONE',  ( 0.03482846370314474777, 0.1531685207417529948, 0.07667655207672449680 ) ) ;
#208 = CARTESIAN_POINT ( 'NONE',  ( 0.02432404211233504809, 0.2237658096930345009, 0.07667123606122430712 ) ) ;
#209 = LOCAL_TIME ( 12, 26, 18.00000000000000000, #1217 ) ;
#210 = CARTESIAN_POINT ( 'NONE',  ( 0.01921501339933307656, 0.2332946703042902414, 0.07418671703563141373 ) ) ;
#211 = ORIENTED_EDGE ( 'NONE', *, *, #1147, .F. ) ;
#212 = CARTESIAN_POINT ( 'NONE',  ( 0.01459746817842404523, 0.1465623696164155554, 0.07645125829207836954 ) ) ;
#213 = EDGE_LOOP ( 'NONE', ( #225, #3041, #2004, #1250, #618, #2666, #2260, #4144, #999, #9 ) ) ;
#214 = CARTESIAN_POINT ( 'NONE',  ( 0.05205788401846716401, 0.2553679507598355380, 0.08295924547602603893 ) ) ;
#215 = CARTESIAN_POINT ( 'NONE',  ( 0.04542687081220540130, 0.1149333107400520027, 0.08468191668030330965 ) ) ;
#216 = CARTESIAN_POINT ( 'NONE',  ( 0.01417323051272491828, 0.1169456973416592160, 0.08231720508413740978 ) ) ;
#217 = CARTESIAN_POINT ( 'NONE',  ( 0.02519540506610432745, 0.2364975117813775118, 0.08403572487807403624 ) ) ;
#218 = CARTESIAN_POINT ( 'NONE',  ( 0.02728420485273599927, 0.1408066020855180123, 0.09467373642798859734 ) ) ;
#219 = DIRECTION ( 'NONE',  ( 0.7875489778795833340, 0.6162519359744393910, 0.0003985581250134316556 ) ) ;
#220 = CARTESIAN_POINT ( 'NONE',  ( 0.02797413114791433286, 0.1125167482458592910, 0.08267308394039328545 ) ) ;
#221 = CARTESIAN_POINT ( 'NONE',  ( 0.02339888201554086306, 0.1511885930240524645, 0.08229036405369499763 ) ) ;
#222 = CARTESIAN_POINT ( 'NONE',  ( 0.01743914978981024946, 0.2167942308767744908, 0.08173882025745690671 ) ) ;
#223 = CARTESIAN_POINT ( 'NONE',  ( 0.03414503120056900515, 0.1620861595221385065, 0.07467620595313810561 ) ) ;
#224 = AXIS2_PLACEMENT_3D ( 'NONE', #450, #2424, #3763 ) ;
#225 = ORIENTED_EDGE ( 'NONE', *, *, #3118, .F. ) ;
#226 = DIRECTION ( 'NONE',  ( 0.6162518570600123979, -0.7875490787295452710, 0.0003118690920618397513 ) ) ;
#227 = CARTESIAN_POINT ( 'NONE',  ( 0.03391471974401765593, 0.1689479327075023296, 0.07467631837333248146 ) ) ;
#228 = CARTESIAN_POINT ( 'NONE',  ( 0.02438362113049889757, 0.2016384904248570142, 0.07667126621262120023 ) ) ;
#229 = CARTESIAN_POINT ( 'NONE',  ( 0.04728544588668239651, 0.1391476224640744164, 0.08882499341112959357 ) ) ;
#230 = EDGE_LOOP ( 'NONE', ( #1533, #472 ) ) ;
#231 = CARTESIAN_POINT ( 'NONE',  ( 0.04008806969006915161, 0.1459669492918011791, 0.07638130316358023031 ) ) ;
#232 = ORIENTED_EDGE ( 'NONE', *, *, #203, .F. ) ;
#233 = FACE_OUTER_BOUND ( 'NONE', #3501, .T. ) ;
#234 = LINE ( 'NONE', #4247, #2856 ) ;
#235 = CARTESIAN_POINT ( 'NONE',  ( 0.01337914020850405027, 0.2505749104732319377, 0.08138325372882297681 ) ) ;
#236 = CARTESIAN_POINT ( 'NONE',  ( 0.02467594746345908724, 0.1126294671924161911, 0.08267141338282948948 ) ) ;
#237 = CARTESIAN_POINT ( 'NONE',  ( 0.03000138321093089727, 0.2295860272631405075, 0.07367410883223539375 ) ) ;
#238 = CARTESIAN_POINT ( 'NONE',  ( 0.01047866928866052032, 0.1473649067916709965, 0.07871160808032180711 ) ) ;
#239 = B_SPLINE_CURVE_WITH_KNOTS ( 'NONE', 3,
 ( #4290, #1277, #3963, #974, #2691, #1393, #3409, #1978, #1345, #1706, #3063, #393, #3318, #2383, #2996, #2030, #3699, #670, #1727, #4034, #3364, #18, #1322, #1681, #3388, #1747, #3022, #410, #84, #64, #1019, #1412, #3340, #322, #2309, #2733, #3726, #696, #372, #3043, #2358, #737, #4079, #2001, #3745, #2334, #3084, #3653, #1065, #2404, #42, #1044, #2069, #1655, #649, #3987, #1368, #2712, #4335, #716, #2669, #4059, #3675, #4008, #996, #350, #2052, #4119, #1452, #1473, #126, #840, #3807, #2835, #775, #3495, #1162, #3787, #2796, #1826, #2173, #4155, #2754, #4176, #1103, #2508, #2817, #3104, #2487, #1432, #3826, #167, #1143, #3515, #511, #1805, #1492, #1846, #818, #2773, #3162, #4139, #2153, #3182, #799, #2445, #1123, #494, #2465, #3850, #185, #2131, #2112, #3472, #4099, #1082 ),
 .UNSPECIFIED., .F., .F.,
 ( 4, 2, 2, 2, 1, 1, 2, 2, 2, 2, 2, 1, 1, 1, 1, 2, 2, 2, 2, 1, 1, 1, 1, 2, 2, 2, 2, 1, 1, 1, 1, 1, 2, 2, 2, 2, 2, 1, 2, 2, 2, 2, 2, 1, 1, 1, 1, 1, 2, 2, 2, 2, 2, 1, 1, 1, 1, 2, 2, 2, 2, 1, 1, 1, 2, 2, 2, 2, 2, 2, 2, 4 ),
 ( 0.000000000000000000, 0.06249999999993267885, 0.09374999999989902522, 0.1093749999998822470, 0.1171874999998738509, 0.1210937499998682998, 0.1230468749998655242, 0.1249999999998627348, 0.1874999999997847833, 0.2187499999997457867, 0.2343749999997262745, 0.2421874999997165323, 0.2460937499997126743, 0.2480468749997106481, 0.2490234374997105926, 0.2495117187497115085, 0.2499999999997124245, 0.2812499999997948308, 0.2968749999998367972, 0.3046874999998587241, 0.3085937499998688827, 0.3105468749998739342, 0.3115234374998757105, 0.3120117187498766542, 0.3124999999998775424, 0.3437499999998824274, 0.3593749999998848699, 0.3671874999998861466, 0.3710937499998862577, 0.3730468749998863132, 0.3740234374998863687, 0.3745117187498868128, 0.3747558593748869238, 0.3749999999998870348, 0.4374999999997387090, 0.4687499999996644906, 0.4843749999996273536, 0.4921874999996087574, 0.4960937499995994870, 0.4999999999995902167, 0.5624999999994414468, 0.5937499999993672839, 0.6093749999993303135, 0.6171874999993119948, 0.6210937499993027799, 0.6230468749992988942, 0.6240234374992970068, 0.6245117187492967847, 0.6247558593742965627, 0.6249999999992962296, 0.6874999999994279021, 0.7187499999994939603, 0.7343749999995269340, 0.7421874999995422550, 0.7460937499995499156, 0.7480468749995551336, 0.7490234374995577982, 0.7495117187495589084, 0.7499999999995600186, 0.7812499999996541655, 0.7968749999997000177, 0.8046874999997239986, 0.8085937499997345457, 0.8105468749997399858, 0.8115234374997426503, 0.8124999999997452038, 0.8437499999997867262, 0.8593749999998073763, 0.8671874999998190336, 0.8749999999998305800, 0.9374999999999152900, 1.000000000000000000 ),
 .UNSPECIFIED. ) ;
#240 = DIRECTION ( 'NONE',  ( -0.9994165763531819291, 0.03415041871287123609, -0.0005057788251476106342 ) ) ;
#241 = CARTESIAN_POINT ( 'NONE',  ( 0.04282963477996040019, 0.1182531374945269970, 0.08368060215841030547 ) ) ;
#242 = CARTESIAN_POINT ( 'NONE',  ( 0.02187709113629120877, 0.1508045665369097399, 0.08630102139144789353 ) ) ;
#243 = CARTESIAN_POINT ( 'NONE',  ( 0.01734451493506000003, 0.2206083010690890189, 0.08173877236521019662 ) ) ;
#244 = CARTESIAN_POINT ( 'NONE',  ( 0.03454232273287310279, 0.1555017226203735115, 0.07467640701208509701 ) ) ;
#245 = ORIENTED_EDGE ( 'NONE', *, *, #2479, .T. ) ;
#246 = CARTESIAN_POINT ( 'NONE',  ( 0.01463482982979123423, 0.1205179500443300106, 0.08191493209244404827 ) ) ;
#247 = DIRECTION ( 'NONE',  ( -0.9994165763531819291, 0.03415041871287127079, -0.0005057788251457607685 ) ) ;
#248 = CARTESIAN_POINT ( 'NONE',  ( 0.01085344293350425961, 0.2481815991924860021, 0.02243887606515140160 ) ) ;
#249 = CARTESIAN_POINT ( 'NONE',  ( 0.04805398824349250281, 0.1334942125827497938, 0.08103637191523190009 ) ) ;
#250 = ORIENTED_EDGE ( 'NONE', *, *, #4003, .F. ) ;
#251 = CARTESIAN_POINT ( 'NONE',  ( 0.04390950534034213787, 0.1398528460524965933, 0.07805976912029667647 ) ) ;
#252 = DIRECTION ( 'NONE',  ( 0.0005060740159282030044, 3.480932718718385460E-16, -0.9999998719445369888 ) ) ;
#253 = LINE ( 'NONE', #1590, #1834 ) ;
#254 = CARTESIAN_POINT ( 'NONE',  ( 0.03488551318103381982, 0.2533627714289977684, 0.08867658248465240534 ) ) ;
#255 = B_SPLINE_SURFACE_WITH_KNOTS ( 'NONE', 3, 3, ( 
 ( #81, #2066, #3426, #3723, #3101, #3016, #1079, #2687, #103 ),
 ( #1363, #2026, #2420, #2049, #3694, #2663, #3360, #1743, #4028 ),
 ( #992, #3081, #2400, #1996, #1765, #4076, #733, #3742, #390 ),
 ( #368, #2329, #691, #2750, #3405, #1409, #1388, #3671, #666 ),
 ( #4095, #343, #1677, #3760, #2708, #407, #1062, #751, #14 ) ),
 .UNSPECIFIED., .F., .F., .F.,
 ( 4, 1, 4 ),
 ( 4, 1, 1, 2, 1, 4 ),
 ( 0.000000000000000000, 0.5714285714285709528, 1.000000000000000000 ),
 ( 0.0002918456048690540360, 1.139441136152240075, 2.278590426699610205, 5.696038298341729700, 7.840841591674769795, 11.05804653167430018 ),
 .UNSPECIFIED. ) ;
#256 = DIRECTION ( 'NONE',  ( -0.6162518570600118428, 0.7875490787295457151, -0.0003118690920618394260 ) ) ;
#257 = CARTESIAN_POINT ( 'NONE',  ( 0.04221338292290029853, 0.1190406865732566016, 0.08368029028931829594 ) ) ;
#258 = CARTESIAN_POINT ( 'NONE',  ( 0.02802938661617252608, 0.2357621586791032453, 0.08099701580216049634 ) ) ;
#259 = VECTOR ( 'NONE', #648, 1.000000000000000000 ) ;
#260 = CARTESIAN_POINT ( 'NONE',  ( 0.01242079729625186063, 0.2412707454772420046, 0.07870728938151390353 ) ) ;
#261 = VECTOR ( 'NONE', #226, 1.000000000000000000 ) ;
#262 = DIRECTION ( 'NONE',  ( -0.0005060740159279749966, -1.699221551300029850E-16, 0.9999998719445369888 ) ) ;
#263 = CARTESIAN_POINT ( 'NONE',  ( 0.04840007116981012020, 0.2483447436398926456, 0.08108566358291037501 ) ) ;
#264 = CARTESIAN_POINT ( 'NONE',  ( 0.02345195981089690657, 0.1511993821714183728, 0.08223343897881889297 ) ) ;
#265 = CARTESIAN_POINT ( 'NONE',  ( 0.01727304060296915023, 0.2006903588843750030, 0.08173873619390220613 ) ) ;
#266 = CARTESIAN_POINT ( 'NONE',  ( 0.03969070149186944979, 0.2127248673917785105, 0.07939305828511020180 ) ) ;
#267 = CIRCLE ( 'NONE', #2648, 0.001499999999999998730 ) ;
#268 = ORIENTED_EDGE ( 'NONE', *, *, #907, .T. ) ;
#269 = EDGE_CURVE ( 'NONE', #2855, #667, #1612, .T. ) ;
#270 = EDGE_CURVE ( 'NONE', #2028, #45, #3768, .T. ) ;
#271 = AXIS2_PLACEMENT_3D ( 'NONE', #3492, #3179, #4152 ) ;
#272 = CARTESIAN_POINT ( 'NONE',  ( 0.009279139973642505645, 0.1306597726527564951, 0.08036161098359827226 ) ) ;
#273 = CARTESIAN_POINT ( 'NONE',  ( 0.04353420666565645247, 0.1139697940344906041, 0.07708095787881349970 ) ) ;
#274 = CARTESIAN_POINT ( 'NONE',  ( 0.04729081615380729964, 0.1391476224640769976, 0.07821337086424180740 ) ) ;
#275 = ORIENTED_EDGE ( 'NONE', *, *, #2865, .F. ) ;
#276 = CARTESIAN_POINT ( 'NONE',  ( 0.04151066365910828504, 0.1442775547753641363, 0.07686740278385266467 ) ) ;
#277 = EDGE_CURVE ( 'NONE', #685, #3855, #163, .T. ) ;
#278 = CARTESIAN_POINT ( 'NONE',  ( 0.04735438796397770100, 0.1388700672857821894, 0.09468289342732880143 ) ) ;
#279 = DIRECTION ( 'NONE',  ( 0.9994165763531819291, -0.03415041871287124303, 0.0005057788251480732633 ) ) ;
#280 = PLANE ( 'NONE',  #3553 ) ;
#281 = CARTESIAN_POINT ( 'NONE',  ( 0.02105073173916666845, 0.2320425222080927941, 0.07731557810426060995 ) ) ;
#282 = CARTESIAN_POINT ( 'NONE',  ( 0.03286391944745248317, 0.2355673356921678396, 0.08089368034267239993 ) ) ;
#283 = FACE_OUTER_BOUND ( 'NONE', #1830, .T. ) ;
#284 = CARTESIAN_POINT ( 'NONE',  ( 0.02570251428329584434, 0.2363318073584718126, 0.08308144660122122882 ) ) ;
#285 = CARTESIAN_POINT ( 'NONE',  ( 0.02447364522493290090, 0.2189489370728165130, 0.07667131177148199528 ) ) ;
#286 = EDGE_CURVE ( 'NONE', #2694, #105, #4113, .T. ) ;
#287 = CARTESIAN_POINT ( 'NONE',  ( 0.05002128128261170564, 0.2435450643761634948, 0.08468424179235860272 ) ) ;
#288 = CARTESIAN_POINT ( 'NONE',  ( 0.03465848858792535542, 0.2358361462433857803, 0.07563624857878820107 ) ) ;
#289 = CARTESIAN_POINT ( 'NONE',  ( 0.04728972480716870513, 0.1391476224640769976, 0.08036986668210180373 ) ) ;
#290 = CARTESIAN_POINT ( 'NONE',  ( 0.01972569734560090243, 0.2041266893664500093, 0.07938295451394260238 ) ) ;
#291 = CARTESIAN_POINT ( 'NONE',  ( 0.03672495477966385147, 0.2019369499537724821, 0.07703453449158038924 ) ) ;
#292 = B_SPLINE_CURVE_WITH_KNOTS ( 'NONE', 3,
 ( #674, #1593, #3026, #630, #1685, #3634, #2339, #3610, #2007, #3321, #3344, #327, #2603, #354, #1300, #1260, #2647, #25, #2363, #3301, #3001, #1349, #2695, #2673, #304, #3991, #4040, #4014, #1659, #1982, #1024, #3706, #1638, #1918, #3256, #977, #1961, #1000, #1616, #2936, #2976, #3945, #2266, #934, #4316, #2312, #606, #1939, #4339, #3279, #282, #3657, #1326, #2956, #4294 ),
 .UNSPECIFIED., .F., .F.,
 ( 4, 2, 2, 2, 2, 2, 2, 2, 2, 1, 1, 1, 1, 1, 2, 2, 2, 2, 2, 1, 1, 2, 2, 2, 2, 1, 1, 1, 1, 2, 2, 2, 4 ),
 ( 0.000000000000000000, 0.06249999999992177091, 0.09374999999988273269, 0.1093749999998632205, 0.1171874999998534783, 0.1249999999998437084, 0.1874999999997639943, 0.2187499999997232492, 0.2343749999997025713, 0.2421874999996921907, 0.2460937499996863342, 0.2480468749996834199, 0.2490234374996826150, 0.2495117187496822264, 0.2497558593746828925, 0.2499999999996835587, 0.2812499999997100653, 0.2968749999997231104, 0.3046874999997296607, 0.3085937499997325473, 0.3105468749997342126, 0.3115234374997348232, 0.3124999999997354339, 0.3437499999997462585, 0.3593749999997525868, 0.3671874999997556399, 0.3710937499997564726, 0.3730468749997560840, 0.3740234374997558064, 0.3745117187497567501, 0.3749999999997576383, 0.4374999999998788192, 0.5000000000000000000 ),
 .UNSPECIFIED. ) ;
#293 = ORIENTED_EDGE ( 'NONE', *, *, #344, .F. ) ;
#294 = CARTESIAN_POINT ( 'NONE',  ( 0.02451285010936930103, 0.2169102770409710168, 0.07467133135594590521 ) ) ;
#295 = CARTESIAN_POINT ( 'NONE',  ( 0.01302770567076671181, 0.1222032397618460359, 0.08170655779386601369 ) ) ;
#296 = CARTESIAN_POINT ( 'NONE',  ( 0.009033133575741321419, 0.2551476937219485097, 0.02243795485376650148 ) ) ;
#297 = CARTESIAN_POINT ( 'NONE',  ( 0.04875263840925449926, 0.1538314062611554900, 0.07368359835647239620 ) ) ;
#298 = ORIENTED_EDGE ( 'NONE', *, *, #3376, .T. ) ;
#299 = CARTESIAN_POINT ( 'NONE',  ( 0.03919142904606578298, 0.1468489930447244574, 0.07612180379761661342 ) ) ;
#300 = DIRECTION ( 'NONE',  ( -0.9994165763531819291, 0.03415041871287127079, -0.0005057788251457607685 ) ) ;
#301 = LINE ( 'NONE', #3253, #3938 ) ;
#302 = CARTESIAN_POINT ( 'NONE',  ( 0.04773300762599391733, 0.2385369904367478366, 0.07722292037712201462 ) ) ;
#303 = VERTEX_POINT ( 'NONE', #1426 ) ;
#304 = CARTESIAN_POINT ( 'NONE',  ( 0.03540410953398602512, 0.2360029528576419455, 0.08310125622920482014 ) ) ;
#305 = DIRECTION ( 'NONE',  ( 0.0005060740159282030044, 3.480932718718385460E-16, -0.9999998719445369888 ) ) ;
#306 = CARTESIAN_POINT ( 'NONE',  ( 0.03690261410380060031, 0.2303687703243920137, 0.07667760175048179971 ) ) ;
#307 = CARTESIAN_POINT ( 'NONE',  ( 0.02196766516288704840, 0.1630535132977020130, 0.07467004330381479815 ) ) ;
#308 = B_SPLINE_CURVE_WITH_KNOTS ( 'NONE', 3,
 ( #196, #914, #520, #2201, #3542, #849, #2268, #258, #2181, #1546, #4296, #563, #1524, #1283, #1572, #3612, #2958, #2625, #3523, #3568, #1855, #2605, #3191, #1901, #1262, #585, #3591, #4273, #2911, #608, #892, #3235, #4231, #4251, #3212, #2561, #284, #1241, #3925, #2938, #1920, #2869, #217, #2249, #3258, #4207, #1194, #2541, #541, #1596, #3878, #869, #2890, #2314, #4042, #1052 ),
 .UNSPECIFIED., .F., .F.,
 ( 4, 2, 2, 2, 1, 1, 1, 1, 2, 2, 2, 2, 2, 1, 1, 2, 2, 2, 2, 2, 1, 1, 1, 1, 2, 2, 2, 2, 2, 2, 2, 2, 4 ),
 ( 0.5000000000000000000, 0.5625000000001850742, 0.5937500000002776668, 0.6093750000003235190, 0.6171875000003466116, 0.6210937500003580469, 0.6230468750003637091, 0.6240234375003668177, 0.6245117187503691492, 0.6250000000003713696, 0.6562500000005632161, 0.6718750000006589174, 0.6796875000007065459, 0.6835937500007305268, 0.6855468750007422951, 0.6865234375007476242, 0.6875000000007528422, 0.7187500000009401369, 0.7343750000010349499, 0.7421875000010829115, 0.7460937500011085577, 0.7480468750011216583, 0.7490234375011260992, 0.7495117187511268764, 0.7497558593761274315, 0.7500000000011279866, 0.8125000000008442136, 0.8437500000007034373, 0.8593750000006318279, 0.8671875000005951906, 0.8750000000005585532, 0.9375000000002793321, 1.000000000000000000 ),
 .UNSPECIFIED. ) ;
#309 = CARTESIAN_POINT ( 'NONE',  ( 0.009272530584229802739, 0.1364334879280697521, 0.07916193512193313297 ) ) ;
#310 = CARTESIAN_POINT ( 'NONE',  ( 0.03429919505243787109, 0.2357694332391402636, 0.07559406238579682857 ) ) ;
#311 = CARTESIAN_POINT ( 'NONE',  ( 0.03113466457561379908, 0.2534908354991710078, 0.09467468504572529309 ) ) ;
#312 = CARTESIAN_POINT ( 'NONE',  ( 0.01935481254192454939, 0.2277665240894524989, 0.07938276681875799934 ) ) ;
#313 = B_SPLINE_CURVE_WITH_KNOTS ( 'NONE', 3,
 ( #2253, #2874, #289, #874 ),
 .UNSPECIFIED., .F., .F.,
 ( 4, 4 ),
 ( -1.100000249107440098, -0.4530514209041069940 ),
 .UNSPECIFIED. ) ;
#314 = ORIENTED_EDGE ( 'NONE', *, *, #338, .T. ) ;
#315 = CARTESIAN_POINT ( 'NONE',  ( 0.02420620841255104877, 0.1964339968072330023, 0.07467117617253039852 ) ) ;
#316 = CARTESIAN_POINT ( 'NONE',  ( 0.009054709641807970680, 0.1341755385159285885, 0.07965945610789029740 ) ) ;
#317 = CARTESIAN_POINT ( 'NONE',  ( 0.03442405334638275194, 0.1578009568066350010, 0.07667634741512499574 ) ) ;
#318 = CARTESIAN_POINT ( 'NONE',  ( -0.02760395202482520197, 0.1144158696744429909, 0.08264495741765980064 ) ) ;
#319 = ORIENTED_EDGE ( 'NONE', *, *, #1224, .T. ) ;
#320 = CARTESIAN_POINT ( 'NONE',  ( 0.04417655925382183574, 0.1391336347426154474, 0.07824372541241440826 ) ) ;
#321 = CARTESIAN_POINT ( 'NONE',  ( 0.04356320558885445199, 0.1938171096308620167, 0.09468097480819340217 ) ) ;
#322 = CARTESIAN_POINT ( 'NONE',  ( 0.02135970676301503918, 0.2686024435790915210, 0.08454667656568436163 ) ) ;
#323 = CARTESIAN_POINT ( 'NONE',  ( 0.04983811397397956006, 0.2429134341735721125, 0.07917034403452775926 ) ) ;
#324 = ORIENTED_EDGE ( 'NONE', *, *, #140, .F. ) ;
#325 = ADVANCED_FACE ( 'NONE', ( #1139 ), #3965, .F. ) ;
#326 = ADVANCED_FACE ( 'NONE', ( #941 ), #2627, .T. ) ;
#327 = CARTESIAN_POINT ( 'NONE',  ( 0.03627051545037511537, 0.2362369642763841870, 0.08543142782835561055 ) ) ;
#328 = CARTESIAN_POINT ( 'NONE',  ( 0.03181644496306705594, 0.2295240059596202198, 0.07367502738794307060 ) ) ;
#329 = CARTESIAN_POINT ( 'NONE',  ( 0.03684943094449070339, 0.2300320161668445162, 0.07667757483586339073 ) ) ;
#330 = CARTESIAN_POINT ( 'NONE',  ( 0.02824490395083045086, 0.2296460294894115128, 0.07467322005166400489 ) ) ;
#331 = CARTESIAN_POINT ( 'NONE',  ( 0.01002162209569978403, 0.1394170853801308674, 0.07844681890738526564 ) ) ;
#332 = CARTESIAN_POINT ( 'NONE',  ( 0.04079502365010630183, 0.2382970738814883249, 0.07699257647514272385 ) ) ;
#333 = CARTESIAN_POINT ( 'NONE',  ( 0.04728544588668239651, 0.1391476224640744164, 0.08882499341112959357 ) ) ;
#334 = CARTESIAN_POINT ( 'NONE',  ( 0.01525909217706104999, 0.1663171748069295075, 0.08173771698680488973 ) ) ;
#335 = CARTESIAN_POINT ( 'NONE',  ( 0.03570790467257236450, 0.2212298845314178697, 0.07467742820015774163 ) ) ;
#336 = CARTESIAN_POINT ( 'NONE',  ( 0.03606604081744409912, 0.2250363334161480100, 0.07467717812631401164 ) ) ;
#337 = EDGE_LOOP ( 'NONE', ( #2072, #3459, #2119, #2709 ) ) ;
#338 = EDGE_CURVE ( 'NONE', #2672, #1538, #3108, .T. ) ;
#339 = CARTESIAN_POINT ( 'NONE',  ( 0.02434430955854779977, 0.2004711914004430051, 0.07467124606194079639 ) ) ;
#340 = CARTESIAN_POINT ( 'NONE',  ( 0.02977900608377364103, 0.2744478911384672926, 0.08467550831499064123 ) ) ;
#341 = VECTOR ( 'NONE', #219, 1.000000000000000000 ) ;
#342 = CARTESIAN_POINT ( 'NONE',  ( 0.03441831151020349755, 0.2031957490439799952, 0.07667634450933048795 ) ) ;
#343 = CARTESIAN_POINT ( 'NONE',  ( 0.01109319203079686157, 0.1428785975491016214, 0.08173560873217540490 ) ) ;
#344 = EDGE_CURVE ( 'NONE', #2331, #3518, #4175, .T. ) ;
#345 = ORIENTED_EDGE ( 'NONE', *, *, #3433, .F. ) ;
#346 = AXIS2_PLACEMENT_3D ( 'NONE', #2303, #3958, #3581 ) ;
#347 = CARTESIAN_POINT ( 'NONE',  ( 0.01489812607877117646, 0.1508420664018972068, 0.07510023317079755900 ) ) ;
#348 = B_SPLINE_CURVE_WITH_KNOTS ( 'NONE', 3,
 ( #4125, #805, #3133, #1479 ),
 .UNSPECIFIED., .F., .F.,
 ( 4, 4 ),
 ( 0.000000000000000000, 1.000000000000000000 ),
 .UNSPECIFIED. ) ;
#349 = DIRECTION ( 'NONE',  ( -0.9994165763531820401, 0.03415041871287100017, -0.0005057788251479999712 ) ) ;
#350 = CARTESIAN_POINT ( 'NONE',  ( 0.03621720908581987919, 0.2707700436695991697, 0.08466175570595513289 ) ) ;
#351 = CARTESIAN_POINT ( 'NONE',  ( 0.03479094044503609762, 0.1535478474968234863, 0.07667653308717620186 ) ) ;
#352 = CARTESIAN_POINT ( 'NONE',  ( 0.05057060116165169872, 0.2453470572071315137, 0.08010441534467359348 ) ) ;
#353 = VERTEX_POINT ( 'NONE', #99 ) ;
#354 = CARTESIAN_POINT ( 'NONE',  ( 0.03598237958914781570, 0.2361516651707934733, 0.08427502577071155354 ) ) ;
#355 = CARTESIAN_POINT ( 'NONE',  ( 0.03845764759628330504, 0.2309082677839763287, 0.07379650260902745340 ) ) ;
#356 = CARTESIAN_POINT ( 'NONE',  ( 0.02217160366707933081, 0.1648479248556700971, 0.07467058531704696966 ) ) ;
#357 = CARTESIAN_POINT ( 'NONE',  ( 0.02164645999896870274, 0.1604392484841760114, 0.07666988100631769165 ) ) ;
#358 = CARTESIAN_POINT ( 'NONE',  ( 0.01057408150642855614, 0.1408211424793181787, 0.07808730585950035552 ) ) ;
#359 = CARTESIAN_POINT ( 'NONE',  ( 0.03867270927004345937, 0.2371384688939543461, 0.07638400991114498162 ) ) ;
#360 = CARTESIAN_POINT ( 'NONE',  ( 0.04554394147699680762, 0.1436479335195846030, 0.08509984324920058518 ) ) ;
#361 = CARTESIAN_POINT ( 'NONE',  ( 0.01981509867821295082, 0.2093147466348279917, 0.07938299975763919714 ) ) ;
#362 =( LENGTH_UNIT ( ) NAMED_UNIT ( * ) SI_UNIT ( $, .METRE. ) );
#363 = CARTESIAN_POINT ( 'NONE',  ( 0.03696774202070234744, 0.2313801784045944887, 0.07467763445392160138 ) ) ;
#364 = EDGE_LOOP ( 'NONE', ( #2965, #3300, #3899, #1325, #4142, #2116, #692 ) ) ;
#365 = CARTESIAN_POINT ( 'NONE',  ( 0.02450609514583175150, 0.2172961536100754820, 0.07467132793743450070 ) ) ;
#366 = CARTESIAN_POINT ( 'NONE',  ( 0.02882509069089654249, 0.2743775486985402523, 0.08467647119079838025 ) ) ;
#367 = CARTESIAN_POINT ( 'NONE',  ( 0.03510034419832999686, 0.2151368107124960183, 0.07467668941228519652 ) ) ;
#368 = CARTESIAN_POINT ( 'NONE',  ( 0.009252805796347110881, 0.1398453722557734258, 0.08252804941524169435 ) ) ;
#369 = EDGE_LOOP ( 'NONE', ( #1697, #2407, #2715, #3012, #1398, #1802, #2386, #3604 ) ) ;
#370 = CARTESIAN_POINT ( 'NONE',  ( 0.01055407338525795116, 0.1467175871427998102, 0.07644404758465300764 ) ) ;
#371 = EDGE_CURVE ( 'NONE', #667, #2469, #1866, .T. ) ;
#372 = CARTESIAN_POINT ( 'NONE',  ( 0.02158449801215010094, 0.2687452304873639286, 0.08455501823473172973 ) ) ;
#373 = CARTESIAN_POINT ( 'NONE',  ( 0.03150168261490284005, 0.1509998810973408045, 0.08191322168989303987 ) ) ;
#374 = CARTESIAN_POINT ( 'NONE',  ( 0.03309712419545884909, 0.2294800702513010160, 0.08376343941064000320 ) ) ;
#375 = VECTOR ( 'NONE', #672, 1.000000000000000000 ) ;
#376 = ORIENTED_EDGE ( 'NONE', *, *, #2787, .T. ) ;
#377 = VERTEX_POINT ( 'NONE', #3402 ) ;
#378 = LINE ( 'NONE', #4104, #2815 ) ;
#379 = CARTESIAN_POINT ( 'NONE',  ( 0.02379643679387619809, 0.1868455717595184640, 0.07467137420617808719 ) ) ;
#380 = CARTESIAN_POINT ( 'NONE',  ( 0.04542535259015759858, 0.1149333107400520027, 0.08768191629613690530 ) ) ;
#381 = CARTESIAN_POINT ( 'NONE',  ( 0.01234128863903875654, 0.1439429608399569738, 0.07723166442911007235 ) ) ;
#382 = CARTESIAN_POINT ( 'NONE',  ( 0.04584727899533726225, 0.2431095936629654453, 0.07918879554266507192 ) ) ;
#383 = CARTESIAN_POINT ( 'NONE',  ( 0.05104263271266790136, 0.2468070713538489946, 0.09468475995239949983 ) ) ;
#384 = CARTESIAN_POINT ( 'NONE',  ( 0.01977366518593609915, 0.2180524280050734898, 0.07938297878922459527 ) ) ;
#385 = CARTESIAN_POINT ( 'NONE',  ( 0.05002216956476449733, 0.2435450643761634948, 0.08292900044198879550 ) ) ;
#386 = EDGE_CURVE ( 'NONE', #952, #1416, #1040, .T. ) ;
#387 = CARTESIAN_POINT ( 'NONE',  ( 0.02453128830045014919, 0.2092666284159424850, 0.07467134068703419614 ) ) ;
#388 = CARTESIAN_POINT ( 'NONE',  ( 0.02385010253616405215, 0.2304762143786215078, 0.07667099621268899656 ) ) ;
#389 = CARTESIAN_POINT ( 'NONE',  ( 0.02112811855778825090, 0.1568306986111984991, 0.07666961868714930461 ) ) ;
#390 = CARTESIAN_POINT ( 'NONE',  ( 0.01220725903235064108, 0.2449865020059630027, 0.08469506443867060030 ) ) ;
#391 = EDGE_LOOP ( 'NONE', ( #345, #275 ) ) ;
#392 = CARTESIAN_POINT ( 'NONE',  ( 0.01024326193279269208, 0.1463087226681969166, 0.07656876126355371959 ) ) ;
#393 = CARTESIAN_POINT ( 'NONE',  ( 0.01468692676174797491, 0.2607908742525121282, 0.08369965410387533722 ) ) ;
#394 = CARTESIAN_POINT ( 'NONE',  ( 0.03133166648641784457, 0.1510423501070139174, 0.08176364519212020454 ) ) ;
#395 = CARTESIAN_POINT ( 'NONE',  ( 0.03802258523341425084, 0.2302493798237990053, 0.07365718474154160644 ) ) ;
#396 = VERTEX_POINT ( 'NONE', #1424 ) ;
#397 = EDGE_LOOP ( 'NONE', ( #4117, #2381, #2539, #4103 ) ) ;
#398 = CARTESIAN_POINT ( 'NONE',  ( 0.01363578026995554068, 0.1827708273616459878, 0.08880796418753560129 ) ) ;
#399 = CARTESIAN_POINT ( 'NONE',  ( 0.02454352230343660041, 0.2141167207442207510, 0.07467168745770857985 ) ) ;
#400 = CARTESIAN_POINT ( 'NONE',  ( 0.01843629269037817472, 0.2407410245356743916, 0.07776783605385664822 ) ) ;
#401 = CARTESIAN_POINT ( 'NONE',  ( 0.04556732145348273838, 0.1436036195604890597, 0.08513636364198458317 ) ) ;
#402 = CARTESIAN_POINT ( 'NONE',  ( 0.02201267024479160173, 0.2220280304431334895, 0.07702708898568580431 ) ) ;
#403 = CARTESIAN_POINT ( 'NONE',  ( 0.03394611738625979980, 0.1677094746127694991, 0.07667610554412329638 ) ) ;
#404 = CYLINDRICAL_SURFACE ( 'NONE', #3833, 0.002999999999999996159 ) ;
#405 = FACE_OUTER_BOUND ( 'NONE', #183, .T. ) ;
#406 = CARTESIAN_POINT ( 'NONE',  ( 0.03471878051176209568, 0.1543108962824094876, 0.07667649656890419829 ) ) ;
#407 = CARTESIAN_POINT ( 'NONE',  ( 0.01731535141009694911, 0.2010200643382154817, 0.08173875760576340688 ) ) ;
#408 = VERTEX_POINT ( 'NONE', #1739 ) ;
#409 = FACE_OUTER_BOUND ( 'NONE', #2281, .T. ) ;
#410 = CARTESIAN_POINT ( 'NONE',  ( 0.01918891211508932937, 0.2669623388646682471, 0.08443327644755210803 ) ) ;
#411 = CARTESIAN_POINT ( 'NONE',  ( 0.03324938000164967544, 0.1504588560239588091, 0.08497160054579799837 ) ) ;
#412 = LINE ( 'NONE', #44, #922 ) ;
#413 = ORIENTED_EDGE ( 'NONE', *, *, #2479, .F. ) ;
#414 = ORIENTED_EDGE ( 'NONE', *, *, #3719, .T. ) ;
#415 = CARTESIAN_POINT ( 'NONE',  ( 0.01490896751939613935, 0.2185596605001014769, 0.08880860851460249672 ) ) ;
#416 = CARTESIAN_POINT ( 'NONE',  ( -0.02131142020066889922, 0.2762953660937659817, 0.08464814216102931055 ) ) ;
#417 = CARTESIAN_POINT ( 'NONE',  ( 0.01537003126644765835, 0.2447789656335968012, 0.07942394796350323027 ) ) ;
#418 = DIRECTION ( 'NONE',  ( 0.9994165763531819291, -0.03415041871287124303, 0.0005057788251480732633 ) ) ;
#419 = CARTESIAN_POINT ( 'NONE',  ( 0.02205830052762464827, 0.2207662876124260043, 0.07702711207798929038 ) ) ;
#420 = LOCAL_TIME ( 12, 26, 18.00000000000000000, #504 ) ;
#421 = EDGE_CURVE ( 'NONE', #514, #1893, #3175, .T. ) ;
#422 = DIRECTION ( 'NONE',  ( 1.000000000000000000, 0.000000000000000000, 0.000000000000000000 ) ) ;
#423 = CARTESIAN_POINT ( 'NONE',  ( 0.01029416644065804520, 0.1463877267410819694, 0.08379865565480429379 ) ) ;
#424 = CARTESIAN_POINT ( 'NONE',  ( 0.007225483863557559221, 0.1405165944884206042, 0.08250608757835820040 ) ) ;
#425 = CARTESIAN_POINT ( 'NONE',  ( 0.03185688765986785520, 0.2744787734644973387, 0.08467547584592335919 ) ) ;
#426 = CARTESIAN_POINT ( 'NONE',  ( 0.04436932337868355197, 0.1419287569362835955, 0.08254582097459570167 ) ) ;
#427 = LINE ( 'NONE', #2440, #4065 ) ;
#428 = FACE_OUTER_BOUND ( 'NONE', #2793, .T. ) ;
#429 = ORIENTED_EDGE ( 'NONE', *, *, #2743, .T. ) ;
#430 = CARTESIAN_POINT ( 'NONE',  ( 0.02299687310244384608, 0.1542403441319558088, 0.07383877625976896508 ) ) ;
#431 = CARTESIAN_POINT ( 'NONE',  ( 0.007227666556834820219, 0.1405165944884207985, 0.07819309594263819385 ) ) ;
#432 = CARTESIAN_POINT ( 'NONE',  ( 0.03482846370314474777, 0.1531685207417529948, 0.07667655207672449680 ) ) ;
#433 = CARTESIAN_POINT ( 'NONE',  ( 0.04898430573958090228, 0.2400212701780889968, 0.08377147950143538913 ) ) ;
#434 = VERTEX_POINT ( 'NONE', #793 ) ;
#435 = ORIENTED_EDGE ( 'NONE', *, *, #843, .F. ) ;
#436 = LINE ( 'NONE', #2137, #784 ) ;
#437 = AXIS2_PLACEMENT_3D ( 'NONE', #1983, #2560, #3902 ) ;
#438 = CARTESIAN_POINT ( 'NONE',  ( 0.01760216362084302683, 0.2416239311115430943, 0.07814910040956711546 ) ) ;
#439 = CARTESIAN_POINT ( 'NONE',  ( 0.02678902435088399703, 0.1263150598726759943, 0.09467248582984329197 ) ) ;
#440 = CARTESIAN_POINT ( 'NONE',  ( 0.02218945294532344986, 0.2120240599614850174, 0.07702717845082569792 ) ) ;
#441 = CARTESIAN_POINT ( 'NONE',  ( 0.03455797760038484961, 0.1560503882638289985, 0.07667641519071870249 ) ) ;
#442 = DIRECTION ( 'NONE',  ( -0.0005060740159282030044, -3.480932718718385460E-16, 0.9999998719445369888 ) ) ;
#443 = CARTESIAN_POINT ( 'NONE',  ( 0.04259731142337199600, 0.1478430368982115994, 0.08175155215043629353 ) ) ;
#444 = CARTESIAN_POINT ( 'NONE',  ( 0.03586874678884600931, 0.1527340326007894655, 0.07422356962248836953 ) ) ;
#445 = CARTESIAN_POINT ( 'NONE',  ( 0.04728544588668239651, 0.1391476224640744164, 0.08882499341112959357 ) ) ;
#446 = CARTESIAN_POINT ( 'NONE',  ( 0.02578811693837581437, 0.1408578277135873191, 0.08867197852821177839 ) ) ;
#447 = CARTESIAN_POINT ( 'NONE',  ( 0.007139274272127430106, 0.1402445951244191968, 0.07366253891147050981 ) ) ;
#448 = ORIENTED_EDGE ( 'NONE', *, *, #277, .T. ) ;
#449 = DIRECTION ( 'NONE',  ( -0.9994165763531821511, 0.03415041871286384617, -0.0005057788251476107427 ) ) ;
#450 = CARTESIAN_POINT ( 'NONE',  ( 0.02703661485484699922, 0.1335608309790970172, 0.09467261112897999709 ) ) ;
#451 = CARTESIAN_POINT ( 'NONE',  ( 0.01351976292924765045, 0.1498467642524849985, 0.08094890687400581319 ) ) ;
#452 = B_SPLINE_CURVE_WITH_KNOTS ( 'NONE', 3,
 ( #3431, #474, #2093, #431 ),
 .UNSPECIFIED., .F., .F.,
 ( 4, 4 ),
 ( -10.78919373845929996, -10.76826933181040147 ),
 .UNSPECIFIED. ) ;
#453 = CARTESIAN_POINT ( 'NONE',  ( 0.03000138321093089727, 0.2295860272631405075, 0.07367410883223539375 ) ) ;
#454 = ORIENTED_EDGE ( 'NONE', *, *, #3244, .F. ) ;
#455 = CARTESIAN_POINT ( 'NONE',  ( 0.009115701048648883892, 0.1352659187301745725, 0.07942485925330021457 ) ) ;
#456 = ORIENTED_EDGE ( 'NONE', *, *, #2277, .T. ) ;
#457 = CARTESIAN_POINT ( 'NONE',  ( 0.04665431378616610031, 0.1133582125825930015, 0.09468253913793280019 ) ) ;
#458 = EDGE_CURVE ( 'NONE', #1673, #1342, #1587, .T. ) ;
#459 = ADVANCED_FACE ( 'NONE', ( #4149 ), #404, .T. ) ;
#460 = CARTESIAN_POINT ( 'NONE',  ( 0.03173935069762267441, 0.2354981518868787260, 0.07540068408026361080 ) ) ;
#461 = CARTESIAN_POINT ( 'NONE',  ( 0.04008532508786784992, 0.1120233482029349970, 0.08467921346246110037 ) ) ;
#462 = CARTESIAN_POINT ( 'NONE',  ( 0.02216620946846450252, 0.2086599321095294890, 0.07702716668790450527 ) ) ;
#463 = DATE_TIME_ROLE ( 'classification_date' ) ;
#464 = B_SPLINE_CURVE_WITH_KNOTS ( 'NONE', 3,
 ( #333, #2655, #3996, #680, #726, #3008, #3307, #3033, #1668, #2041, #401, #3397, #360, #1355, #984, #1735, #2319, #3663, #4, #745, #3327 ),
 .UNSPECIFIED., .F., .F.,
 ( 4, 2, 2, 2, 1, 1, 1, 1, 1, 2, 2, 2, 4 ),
 ( 0.000000000000000000, 0.2500000000003019807, 0.3750000000004527489, 0.4375000000005269674, 0.4687500000005636602, 0.4843750000005864753, 0.4921875000006011303, 0.4960937500006038503, 0.4980468750006052381, 0.4990234375006030176, 0.5000000000006007417, 0.7500000000003004264, 1.000000000000000000 ),
 .UNSPECIFIED. ) ;
#465 = CYLINDRICAL_SURFACE ( 'NONE', #3491, 0.001499999999999998730 ) ;
#466 = B_SPLINE_CURVE_WITH_KNOTS ( 'NONE', 3,
 ( #3870, #451, #1163, #861, #2509, #3851 ),
 .UNSPECIFIED., .F., .F.,
 ( 4, 2, 4 ),
 ( 0.000000000000000000, 0.5000000000000000000, 1.000000000000000000 ),
 .UNSPECIFIED. ) ;
#467 = EDGE_CURVE ( 'NONE', #846, #4243, #3413, .T. ) ;
#468 = CARTESIAN_POINT ( 'NONE',  ( 0.04150396779567618738, 0.1489786180609903588, 0.08082806266519805549 ) ) ;
#469 = CYLINDRICAL_SURFACE ( 'NONE', #2718, 0.001000000000000003490 ) ;
#470 = CARTESIAN_POINT ( 'NONE',  ( 0.04307615153107124950, 0.1743277809419905011, 0.08471068638506509818 ) ) ;
#471 = CARTESIAN_POINT ( 'NONE',  ( 0.04282912870594445670, 0.1182531374945269970, 0.08468060203035489286 ) ) ;
#472 = ORIENTED_EDGE ( 'NONE', *, *, #2987, .F. ) ;
#473 = CARTESIAN_POINT ( 'NONE',  ( 0.04501314075899160577, 0.1323461529078389654, 0.07980496897908137544 ) ) ;
#474 = CARTESIAN_POINT ( 'NONE',  ( 0.007167600801913379983, 0.1403358666100550101, 0.07823959677028809179 ) ) ;
#475 = CARTESIAN_POINT ( 'NONE',  ( 0.04634909645541000073, 0.1427931709141349870, 0.08882451954895190238 ) ) ;
#476 = EDGE_CURVE ( 'NONE', #408, #2033, #3598, .T. ) ;
#477 = CARTESIAN_POINT ( 'NONE',  ( 0.02468034195903242092, 0.2305157319413655426, 0.07369689415349282846 ) ) ;
#478 = EDGE_LOOP ( 'NONE', ( #69, #1047, #3729, #4226 ) ) ;
#479 = CARTESIAN_POINT ( 'NONE',  ( 0.03173896333998769970, 0.1509487139688616142, 0.07488260510816349691 ) ) ;
#480 = VERTEX_POINT ( 'NONE', #834 ) ;
#481 = DIRECTION ( 'NONE',  ( -0.03415041433972329510, -0.9994167043339508005, -1.728263954400014718E-05 ) ) ;
#482 = VECTOR ( 'NONE', #3214, 1.000000000000000000 ) ;
#483 = CARTESIAN_POINT ( 'NONE',  ( 0.01876596531368719678, 0.2404180988047881218, 0.07762623376251277796 ) ) ;
#484 = DIRECTION ( 'NONE',  ( -0.03415041433972329510, -0.9994167043339508005, -1.728263954400014718E-05 ) ) ;
#485 = CARTESIAN_POINT ( 'NONE',  ( 0.02209546441062330141, 0.2195549842144109975, 0.07702713088566709443 ) ) ;
#486 = PERSON_AND_ORGANIZATION_ROLE ( 'classification_officer' ) ;
#487 = CARTESIAN_POINT ( 'NONE',  ( 0.01413035467854229996, 0.09044597109155409764, 0.08966607896494820096 ) ) ;
#488 = CARTESIAN_POINT ( 'NONE',  ( 0.03113770101970934900, 0.2534908354991710078, 0.08867468581405810180 ) ) ;
#489 = CARTESIAN_POINT ( 'NONE',  ( 0.04218366952693881206, 0.1482976125640384779, 0.07563925023033757356 ) ) ;
#490 = CARTESIAN_POINT ( 'NONE',  ( 0.04367336214752225165, 0.1743282531616419939, 0.08732716873589180251 ) ) ;
#491 = CARTESIAN_POINT ( 'NONE',  ( 0.04096467910865244505, 0.1695549674114590066, 0.08175072591815030210 ) ) ;
#492 = VERTEX_POINT ( 'NONE', #895 ) ;
#493 = CARTESIAN_POINT ( 'NONE',  ( 0.02764901043681965154, 0.1155609827786081983, 0.08241409336481166081 ) ) ;
#494 = CARTESIAN_POINT ( 'NONE',  ( 0.04776454019473180823, 0.2603938018265495868, 0.08382683408712991724 ) ) ;
#495 = CARTESIAN_POINT ( 'NONE',  ( 0.03335845240252728605, 0.1504161278773836208, 0.08580110793138694125 ) ) ;
#496 = CARTESIAN_POINT ( 'NONE',  ( 0.02291758123225695956, 0.2311764914749855071, 0.07375097098485400293 ) ) ;
#497 = ORIENTED_EDGE ( 'NONE', *, *, #3798, .T. ) ;
#498 = CARTESIAN_POINT ( 'NONE',  ( 0.01798793069949470094, 0.1491276933861655496, 0.07562462316644989746 ) ) ;
#499 = DIRECTION ( 'NONE',  ( 0.0005060740159282030044, 3.480932718718385460E-16, -0.9999998719445369888 ) ) ;
#500 = DIRECTION ( 'NONE',  ( 0.6162518570600098444, -0.7875490787295470474, 0.0003118690920511638293 ) ) ;
#501 = CARTESIAN_POINT ( 'NONE',  ( 0.01303927726797658379, 0.2407424471356965634, 0.07768025286780536054 ) ) ;
#502 = CYLINDRICAL_SURFACE ( 'NONE', #958, 0.005749999999999994699 ) ;
#503 = CARTESIAN_POINT ( 'NONE',  ( 0.02077081998243150013, 0.1751893150649575237, 0.07702646051745561107 ) ) ;
#504 = COORDINATED_UNIVERSAL_TIME_OFFSET ( 2, 0, .AHEAD. ) ;
#505 = CARTESIAN_POINT ( 'NONE',  ( 0.04776141375004534090, 0.1301039971265258166, 0.08023675971732405210 ) ) ;
#506 = CARTESIAN_POINT ( 'NONE',  ( 0.04470936609844800708, 0.1450777049745936853, 0.07660119580179870769 ) ) ;
#507 = CARTESIAN_POINT ( 'NONE',  ( 0.04327289249237895041, 0.1855073978586249950, 0.08471078595056630300 ) ) ;
#508 = CARTESIAN_POINT ( 'NONE',  ( 0.04143300298217054978, 0.2017475594720579968, 0.08175096292472409931 ) ) ;
#509 = VERTEX_POINT ( 'NONE', #241 ) ;
#510 = CARTESIAN_POINT ( 'NONE',  ( 0.02228044875766581334, 0.1161921478309917988, 0.08236840884598091439 ) ) ;
#511 = CARTESIAN_POINT ( 'NONE',  ( 0.04569439300993309583, 0.2640858799404337542, 0.08427205831737093200 ) ) ;
#512 = CARTESIAN_POINT ( 'NONE',  ( 0.03562453415045350319, 0.1533454330512380170, 0.07367695456317789604 ) ) ;
#513 = CARTESIAN_POINT ( 'NONE',  ( 0.007224392516918930023, 0.1405165944884207985, 0.08466258339621829387 ) ) ;
#514 = VERTEX_POINT ( 'NONE', #3929 ) ;
#515 = CARTESIAN_POINT ( 'NONE',  ( 0.01435034518018941767, 0.1463223455472743573, 0.07652539740997689466 ) ) ;
#516 = ORIENTED_EDGE ( 'NONE', *, *, #338, .F. ) ;
#517 = LINE ( 'NONE', #457, #3655 ) ;
#518 = ADVANCED_FACE ( 'NONE', ( #1551 ), #1924, .F. ) ;
#519 = CARTESIAN_POINT ( 'NONE',  ( 0.01505215539147591354, 0.2454010521330380612, 0.07965540153707266480 ) ) ;
#520 = CARTESIAN_POINT ( 'NONE',  ( 0.02961870951400775304, 0.2355506083717191501, 0.08047549638855353016 ) ) ;
#521 = CARTESIAN_POINT ( 'NONE',  ( 0.02632552853066869730, 0.1125730855985020429, 0.08267247772115020321 ) ) ;
#522 = CARTESIAN_POINT ( 'NONE',  ( 0.01215139479942100101, 0.09297824876729950117, 0.08466507682436910653 ) ) ;
#523 = CARTESIAN_POINT ( 'NONE',  ( 0.03186245083108413256, 0.2744785862901839013, 0.07367505067032042998 ) ) ;
#524 = CARTESIAN_POINT ( 'NONE',  ( 0.04514562937844833479, 0.1443647050727301095, 0.07680676527025259714 ) ) ;
#525 = CARTESIAN_POINT ( 'NONE',  ( 0.01746298887804280039, 0.2100170702760239816, 0.08173883232179988967 ) ) ;
#526 = CARTESIAN_POINT ( 'NONE',  ( 0.03649809240280604827, 0.1622046456105905032, 0.07703441968241149518 ) ) ;
#527 = ORIENTED_EDGE ( 'NONE', *, *, #3578, .T. ) ;
#528 = CC_DESIGN_PERSON_AND_ORGANIZATION_ASSIGNMENT ( #870, #3484, ( #3643 ) ) ;
#529 = CARTESIAN_POINT ( 'NONE',  ( 0.03563141365099225383, 0.1177303206314500306, 0.08216759821469307723 ) ) ;
#530 = CARTESIAN_POINT ( 'NONE',  ( 0.03414062327606266767, 0.1950802063161802546, 0.07467651674717927512 ) ) ;
#531 = CARTESIAN_POINT ( 'NONE',  ( 0.01072868143647177919, 0.1551306983506250126, 0.07366435541740160020 ) ) ;
#532 = CARTESIAN_POINT ( 'NONE',  ( 0.01754071457545870044, 0.2346450395100102004, 0.07468292223650481454 ) ) ;
#533 = B_SPLINE_SURFACE_WITH_KNOTS ( 'NONE', 3, 3, ( 
 ( #2484, #1780, #2128, #1446, #3142, #491, #182, #3157, #2502, #837, #508, #1510, #1800, #145, #2813, #4135, #1140, #2853, #4194, #3759, #2897, #4216 ),
 ( #3910, #942, #2275, #2876, #204, #2918, #2568, #876, #2187, #2589, #1554, #898, #2233, #3219, #2964, #266, #4237, #3618, #1268, #548, #616, #2210 ),
 ( #3530, #3576, #593, #526, #3597, #3288, #1887, #4257, #1949, #4303, #291, #1907, #1223, #1201, #1625, #1532, #2525, #570, #1863, #3866, #3884, #3242 ),
 ( #3550, #857, #244, #223, #1578, #2548, #4279, #3198, #2612, #1249, #921, #3932, #2255, #1927, #3264, #1603, #2944, #3953, #3688, #336, #363, #683 ) ),
 .UNSPECIFIED., .F., .F., .F.,
 ( 4, 4 ),
 ( 4, 1, 1, 1, 1, 1, 1, 2, 1, 1, 1, 1, 1, 1, 1, 1, 1, 1, 4 ),
 ( 0.2928932187522629849, 1.000000000000000000 ),
 ( 0.9260794135906189606, 1.648002184247040036, 2.369924954903460002, 2.550405647567560052, 2.730886340231669873, 3.091847725559880189, 3.452809110888090061, 4.535693266872720564, 5.475148787643699499, 5.592580727740069868, 5.710012667836440237, 5.944876548029189856, 6.179740428221929704, 6.414604308414679323, 6.532036248511049692, 6.649468188607420061, 6.884332068800170568, 7.354059829185660035, 9.232970870727621460 ),
 .UNSPECIFIED. ) ;
#534 = ORIENTED_EDGE ( 'NONE', *, *, #4003, .T. ) ;
#535 = CARTESIAN_POINT ( 'NONE',  ( 0.03720562065682399278, 0.1484211042853613993, 0.07564984491244905462 ) ) ;
#536 = VERTEX_POINT ( 'NONE', #567 ) ;
#537 = DIRECTION ( 'NONE',  ( 0.0005060740159282030044, 3.480932718718385460E-16, -0.9999998719445369888 ) ) ;
#538 = EDGE_CURVE ( 'NONE', #1270, #752, #3527, .T. ) ;
#539 = LINE ( 'NONE', #3541, #1237 ) ;
#540 = AXIS2_PLACEMENT_3D ( 'NONE', #1264, #3927, #3193 ) ;
#541 = CARTESIAN_POINT ( 'NONE',  ( 0.02483443521038939880, 0.2366305231364432549, 0.08563674341511152976 ) ) ;
#542 = FACE_OUTER_BOUND ( 'NONE', #1609, .T. ) ;
#543 = AXIS2_PLACEMENT_3D ( 'NONE', #1785, #4120, #1515 ) ;
#544 = CARTESIAN_POINT ( 'NONE',  ( 0.01413187290059008012, 0.09044597109155409764, 0.08666607934911450817 ) ) ;
#545 = CARTESIAN_POINT ( 'NONE',  ( 0.04868139511019139998, 0.2494475404209478553, 0.08142455051476958638 ) ) ;
#546 = CARTESIAN_POINT ( 'NONE',  ( 0.02632198652379245593, 0.1125730801880840404, 0.08967224883382687861 ) ) ;
#547 = CARTESIAN_POINT ( 'NONE',  ( 0.01622204447145389819, 0.2353691649062940039, 0.08173820431200221059 ) ) ;
#548 = CARTESIAN_POINT ( 'NONE',  ( 0.04074402828827914519, 0.2244619604172754801, 0.07939359134650049443 ) ) ;
#549 = EDGE_LOOP ( 'NONE', ( #324, #413 ) ) ;
#550 = CARTESIAN_POINT ( 'NONE',  ( 0.04492976237291205349, 0.2350905149386139925, 0.08175273254340649498 ) ) ;
#551 = CARTESIAN_POINT ( 'NONE',  ( 0.03483047099822675352, 0.2106665810091928048, 0.07467692812043454087 ) ) ;
#552 = CARTESIAN_POINT ( 'NONE',  ( 0.02459220243548945056, 0.2119999010364559955, 0.07667137177021329797 ) ) ;
#553 = AXIS2_PLACEMENT_3D ( 'NONE', #574, #901, #247 ) ;
#554 = CARTESIAN_POINT ( 'NONE',  ( 0.01661895545488644918, 0.1370618502933131921, 0.07426733640924398916 ) ) ;
#555 = ORIENTED_EDGE ( 'NONE', *, *, #755, .T. ) ;
#556 = CARTESIAN_POINT ( 'NONE',  ( 0.03434273150775701833, 0.1500160768863723626, 0.07516344901310530180 ) ) ;
#557 = ORIENTED_EDGE ( 'NONE', *, *, #2480, .F. ) ;
#558 = CYLINDRICAL_SURFACE ( 'NONE', #1543, 0.01799999999999999864 ) ;
#559 = CARTESIAN_POINT ( 'NONE',  ( 0.02878636666743535771, 0.1407553764574487054, 0.08867349586468721567 ) ) ;
#560 = CC_DESIGN_PERSON_AND_ORGANIZATION_ASSIGNMENT ( #2142, #486, ( #3356 ) ) ;
#561 = CARTESIAN_POINT ( 'NONE',  ( 0.01590657801061719570, 0.2363024632884757614, 0.07554049095249756873 ) ) ;
#562 = DIRECTION ( 'NONE',  ( 0.0005060740159286249758, 3.336695782236194791E-16, -0.9999998719445369888 ) ) ;
#563 = CARTESIAN_POINT ( 'NONE',  ( 0.02776503507240896465, 0.2358105177667499941, 0.08113455352671919418 ) ) ;
#564 = EDGE_CURVE ( 'NONE', #2469, #667, #130, .T. ) ;
#565 = DIRECTION ( 'NONE',  ( 0.0005060740159282030044, 3.480932718718385460E-16, -0.9999998719445369888 ) ) ;
#566 = LINE ( 'NONE', #2251, #1378 ) ;
#567 = CARTESIAN_POINT ( 'NONE',  ( 0.007222296289708519772, 0.1405165944884181894, 0.08880471848952599390 ) ) ;
#568 = CARTESIAN_POINT ( 'NONE',  ( 0.02276502948001708770, 0.1510453374657148851, 0.08311662357060782547 ) ) ;
#569 = CARTESIAN_POINT ( 'NONE',  ( 0.01720577739358214800, 0.2241055278051864996, 0.08173870215373650605 ) ) ;
#570 = CARTESIAN_POINT ( 'NONE',  ( 0.03753717268038710142, 0.2154617430864215200, 0.07703494553400788702 ) ) ;
#571 = VECTOR ( 'NONE', #155, 1.000000000000000000 ) ;
#572 = ORIENTED_EDGE ( 'NONE', *, *, #2, .F. ) ;
#573 = CARTESIAN_POINT ( 'NONE',  ( 0.01013726861135238848, 0.2536605396104692489, 0.08220702118187776797 ) ) ;
#574 = CARTESIAN_POINT ( 'NONE',  ( 0.02728724180290555135, 0.1408066020855180123, 0.08867273719644949703 ) ) ;
#575 = CARTESIAN_POINT ( 'NONE',  ( 0.03685184116530240001, 0.1392919033216298008, 0.07707757610683579896 ) ) ;
#576 = B_SPLINE_CURVE_WITH_KNOTS ( 'NONE', 3,
 ( #3567, #2604, #1962, #2313, #1900 ),
 .UNSPECIFIED., .F., .F.,
 ( 4, 1, 4 ),
 ( 0.000000000000000000, 0.5000000000000000000, 1.000000000000000000 ),
 .UNSPECIFIED. ) ;
#577 = CARTESIAN_POINT ( 'NONE',  ( 0.04367260506256480379, 0.1743282531616419939, 0.08882316504603068874 ) ) ;
#578 = ORIENTED_EDGE ( 'NONE', *, *, #4219, .F. ) ;
#579 = CARTESIAN_POINT ( 'NONE',  ( 0.03941083631888041283, 0.1466452810510698312, 0.07618213031346623976 ) ) ;
#580 = DIRECTION ( 'NONE',  ( -0.0005060740159296040104, -3.856891649251099970E-16, 0.9999998719445369888 ) ) ;
#581 = DIRECTION ( 'NONE',  ( -0.0005060740159296040104, -3.856891649251099970E-16, 0.9999998719445369888 ) ) ;
#582 = CARTESIAN_POINT ( 'NONE',  ( 0.02328880218744856789, 0.1336888950492702843, 0.09467171445825758869 ) ) ;
#583 = CARTESIAN_POINT ( 'NONE',  ( 0.02738988885838495452, 0.2536188995693442472, 0.08867278914346379826 ) ) ;
#584 = CARTESIAN_POINT ( 'NONE',  ( 0.006061889845583630018, 0.1347426883358668614, 0.07956090215504967034 ) ) ;
#585 = CARTESIAN_POINT ( 'NONE',  ( 0.02660305443916720011, 0.2360722819819412732, 0.08198493510258347827 ) ) ;
#586 = CARTESIAN_POINT ( 'NONE',  ( 0.007224850636837579741, 0.1405165944884206042, 0.08375734059462680570 ) ) ;
#587 = EDGE_CURVE ( 'NONE', #303, #1160, #2034, .T. ) ;
#588 = EDGE_CURVE ( 'NONE', #1673, #3975, #2824, .T. ) ;
#589 = DIRECTION ( 'NONE',  ( 0.0005060740159282030044, 3.480932718718385460E-16, -0.9999998719445369888 ) ) ;
#590 = CARTESIAN_POINT ( 'NONE',  ( 0.04765910529398905554, 0.2463359398107294873, 0.08041163591108207997 ) ) ;
#591 = CARTESIAN_POINT ( 'NONE',  ( 0.02193193993122772439, 0.1508220861844526417, 0.08699916022860500198 ) ) ;
#592 = CARTESIAN_POINT ( 'NONE',  ( 0.01732590161093764888, 0.2025036278881945095, 0.08173876294548790278 ) ) ;
#593 = CARTESIAN_POINT ( 'NONE',  ( 0.03689113007514074893, 0.1556955020454220129, 0.07703461858859030065 ) ) ;
#594 = VERTEX_POINT ( 'NONE', #4206 ) ;
#595 = EDGE_CURVE ( 'NONE', #2633, #3975, #2077, .T. ) ;
#596 = CARTESIAN_POINT ( 'NONE',  ( 0.01018616455111783815, 0.2549395011238028697, 0.08252235256737287805 ) ) ;
#597 = CARTESIAN_POINT ( 'NONE',  ( 0.04725353995615980129, 0.09973637421618750110, 0.07708284013698948889 ) ) ;
#598 = CARTESIAN_POINT ( 'NONE',  ( 0.04731376634084269450, 0.1118559046791292033, 0.08268287133311240378 ) ) ;
#599 = ORIENTED_EDGE ( 'NONE', *, *, #2987, .T. ) ;
#600 = CARTESIAN_POINT ( 'NONE',  ( 0.03973729087993324582, 0.1463261133159845795, 0.07627609849684899301 ) ) ;
#601 = CARTESIAN_POINT ( 'NONE',  ( 0.05104263271266790136, 0.2468070713538489946, 0.09468475995239949983 ) ) ;
#602 = CARTESIAN_POINT ( 'NONE',  ( 0.05195319303041270181, 0.2506853418210975848, 0.08181477241537414569 ) ) ;
#603 = CARTESIAN_POINT ( 'NONE',  ( 0.02080799741280595083, 0.1547862672578119991, 0.07466945642602419719 ) ) ;
#604 = CARTESIAN_POINT ( 'NONE',  ( 0.01972019075505337948, 0.2329355295908770440, 0.07854437045981713106 ) ) ;
#605 = B_SPLINE_SURFACE_WITH_KNOTS ( 'NONE', 3, 3, ( 
 ( #2132, #2859, #2446, #3788 ),
 ( #2113, #3473, #3808, #3827 ),
 ( #512, #3455, #3183, #819 ),
 ( #186, #2192, #2154, #1827 ),
 ( #2530, #127, #168, #475 ),
 ( #1493, #3534, #4177, #2836 ) ),
 .UNSPECIFIED., .F., .F., .F.,
 ( 4, 1, 1, 4 ),
 ( 4, 4 ),
 ( 0.000000000000000000, 0.2857142857142860315, 0.5714285714285709528, 1.000000000000000000 ),
 ( 2.491074491551420213E-07, 1.514213811480540128 ),
 .UNSPECIFIED. ) ;
#606 = CARTESIAN_POINT ( 'NONE',  ( 0.03334651086970939760, 0.2356265760941631537, 0.08116131079696933814 ) ) ;
#607 = CARTESIAN_POINT ( 'NONE',  ( 0.01551202542041071712, 0.1160044811429424561, 0.08240502787991646483 ) ) ;
#608 = CARTESIAN_POINT ( 'NONE',  ( 0.02592849969540139340, 0.2362610544575242666, 0.08274784429403311825 ) ) ;
#609 = AXIS2_PLACEMENT_3D ( 'NONE', #1915, #252, #1257 ) ;
#610 = CARTESIAN_POINT ( 'NONE',  ( 0.02739112668614564899, 0.1545613366895119967, 0.07367278784906410027 ) ) ;
#611 = CIRCLE ( 'NONE', #4258, 0.002999999999999996159 ) ;
#612 = CARTESIAN_POINT ( 'NONE',  ( 0.02382104332852530079, 0.2308158068207315228, 0.07467098125046620072 ) ) ;
#613 = CARTESIAN_POINT ( 'NONE',  ( 0.04191632510087588831, 0.2390675963820850514, 0.07737842048592069588 ) ) ;
#614 = CARTESIAN_POINT ( 'NONE',  ( 0.02721502146523433960, 0.1515654866330962691, 0.08042269955576621110 ) ) ;
#615 = CARTESIAN_POINT ( 'NONE',  ( 0.01739969445875234888, 0.2187074516703430005, 0.08173880029013690096 ) ) ;
#616 = CARTESIAN_POINT ( 'NONE',  ( 0.04162246883682949733, 0.2306260380909495034, 0.07939403590249351217 ) ) ;
#617 = CIRCLE ( 'NONE', #1522, 0.001499999999999998730 ) ;
#618 = ORIENTED_EDGE ( 'NONE', *, *, #3561, .F. ) ;
#619 = CARTESIAN_POINT ( 'NONE',  ( 0.02453882609256850117, 0.2149595596012369991, 0.07467134450171690474 ) ) ;
#620 = VECTOR ( 'NONE', #1470, 1.000000000000000000 ) ;
#621 = CARTESIAN_POINT ( 'NONE',  ( 0.02537391992563409887, 0.2364385975523949912, 0.08867176891383930781 ) ) ;
#622 = CARTESIAN_POINT ( 'NONE',  ( 0.007128646717792940304, 0.1402445951244191968, 0.09466253622230579035 ) ) ;
#623 = CYLINDRICAL_SURFACE ( 'NONE', #1877, 0.02099999999999998396 ) ;
#624 = EDGE_LOOP ( 'NONE', ( #578, #3435 ) ) ;
#625 = CARTESIAN_POINT ( 'NONE',  ( 0.03758047948354219236, 0.1481563569795766311, 0.07572995427128945134 ) ) ;
#626 = CARTESIAN_POINT ( 'NONE',  ( 0.04503370639052249602, 0.1329461234422651961, 0.07967766414559560029 ) ) ;
#627 = CARTESIAN_POINT ( 'NONE',  ( 0.05157805491685887173, 0.2583249256609423394, 0.08352157308937284419 ) ) ;
#628 = CARTESIAN_POINT ( 'NONE',  ( 0.03479135953512054596, 0.1535492248290043771, 0.07467697224451107230 ) ) ;
#629 = ORIENTED_EDGE ( 'NONE', *, *, #3469, .F. ) ;
#630 = CARTESIAN_POINT ( 'NONE',  ( 0.03624710355154846936, 0.2362295802937771361, 0.08700640476174227589 ) ) ;
#631 = DIRECTION ( 'NONE',  ( -0.9994165763531819291, 0.03415041871287123609, -0.0005057788251476106342 ) ) ;
#632 = DIRECTION ( 'NONE',  ( 0.9994165763531819291, -0.03415041871287124303, 0.0005057788251480732633 ) ) ;
#633 = CARTESIAN_POINT ( 'NONE',  ( 0.01029967687567607745, 0.1401656354318928654, 0.07825699692286179621 ) ) ;
#634 = CARTESIAN_POINT ( 'NONE',  ( 0.03827850100675507516, 0.2369645200490553827, 0.07628872246304418958 ) ) ;
#635 = CARTESIAN_POINT ( 'NONE',  ( 0.02441281729651362253, 0.1513673546882841614, 0.08141751796984476874 ) ) ;
#636 = CARTESIAN_POINT ( 'NONE',  ( 0.01942981974119874916, 0.1949677789660075045, 0.07938280477795650603 ) ) ;
#637 = CARTESIAN_POINT ( 'NONE',  ( 0.03471878051176209568, 0.1543108962824094876, 0.07667649656890419829 ) ) ;
#638 = EDGE_LOOP ( 'NONE', ( #1476, #1317, #1782, #319 ) ) ;
#639 = CARTESIAN_POINT ( 'NONE',  ( 0.02355987530273110156, 0.1821453971276000006, 0.07467084908009680166 ) ) ;
#640 = CARTESIAN_POINT ( 'NONE',  ( 0.01110598972529427096, 0.1251739280814445354, 0.08128752586374675404 ) ) ;
#641 = CIRCLE ( 'NONE', #1130, 0.01799999999999999864 ) ;
#642 = CARTESIAN_POINT ( 'NONE',  ( 0.03382439043984870192, 0.1794773854776690047, 0.07667604394127081058 ) ) ;
#643 = EDGE_CURVE ( 'NONE', #923, #2234, #539, .T. ) ;
#644 = CARTESIAN_POINT ( 'NONE',  ( 0.04736268736929949430, 0.1388700672857821894, 0.07828330760042150060 ) ) ;
#645 = EDGE_CURVE ( 'NONE', #1538, #3644, #87, .T. ) ;
#646 = ORIENTED_EDGE ( 'NONE', *, *, #1965, .F. ) ;
#647 = CARTESIAN_POINT ( 'NONE',  ( 0.04255642648634219011, 0.1426993244684610918, 0.07730642163350340268 ) ) ;
#648 = DIRECTION ( 'NONE',  ( 0.0005060740159282030044, 3.480932718718385460E-16, -0.9999998719445369888 ) ) ;
#649 = CARTESIAN_POINT ( 'NONE',  ( 0.02836467062532412042, 0.2712855221173589571, 0.08466325169701752196 ) ) ;
#650 = CARTESIAN_POINT ( 'NONE',  ( 0.04681386952507540083, 0.2290115386456634816, 0.07368261719579159708 ) ) ;
#651 = ORIENTED_EDGE ( 'NONE', *, *, #344, .T. ) ;
#652 = EDGE_CURVE ( 'NONE', #3933, #3886, #3170, .T. ) ;
#653 = CARTESIAN_POINT ( 'NONE',  ( -0.02129247947953705200, 0.2768495425038294822, 0.08463961230061739505 ) ) ;
#654 = CARTESIAN_POINT ( 'NONE',  ( 0.01620629524082716280, 0.1155679346717754102, 0.08244409660238372073 ) ) ;
#655 = CARTESIAN_POINT ( 'NONE',  ( 0.02451875236214724404, 0.2164973060277562422, 0.07467165134807332572 ) ) ;
#656 = CARTESIAN_POINT ( 'NONE',  ( 0.02390717512768649952, 0.2297942166355904925, 0.07667102509564829860 ) ) ;
#657 = CARTESIAN_POINT ( 'NONE',  ( 0.03685044309252254874, 0.2300320161668445162, 0.07467757509197429922 ) ) ;
#658 = CARTESIAN_POINT ( 'NONE',  ( 0.04354988644185695673, 0.2404496949772593761, 0.07803452393903573259 ) ) ;
#659 = CARTESIAN_POINT ( 'NONE',  ( 0.01162260370305831861, 0.2448571369253320085, 0.08604552126828579617 ) ) ;
#660 = CARTESIAN_POINT ( 'NONE',  ( 0.01250020187888576002, 0.1488714658003735813, 0.08173632078393350264 ) ) ;
#661 = CARTESIAN_POINT ( 'NONE',  ( 0.03382883712373461332, 0.1793040155745362352, 0.07467630915292618188 ) ) ;
#662 = ORIENTED_EDGE ( 'NONE', *, *, #1340, .T. ) ;
#663 = CARTESIAN_POINT ( 'NONE',  ( 0.02439789930185085054, 0.2023092911756015078, 0.07467127318232030797 ) ) ;
#664 = CARTESIAN_POINT ( 'NONE',  ( 0.01324684957431137428, 0.2644839373648979475, 0.08418091379510389549 ) ) ;
#665 = CARTESIAN_POINT ( 'NONE',  ( 0.02354553141113130063, 0.1812938033001104954, 0.07667084207713679989 ) ) ;
#666 = CARTESIAN_POINT ( 'NONE',  ( 0.01370939603871451987, 0.2453190220337465033, 0.08253030478005179971 ) ) ;
#667 = VERTEX_POINT ( 'NONE', #583 ) ;
#668 = CARTESIAN_POINT ( 'NONE',  ( 0.04480766101499208259, 0.1364718273796640402, 0.07888969475186977109 ) ) ;
#669 = CARTESIAN_POINT ( 'NONE',  ( 0.03276897388747699452, 0.2294914058304104998, 0.07667550982230929291 ) ) ;
#670 = CARTESIAN_POINT ( 'NONE',  ( 0.01769958958593761261, 0.2654679297434321961, 0.08429903816029669927 ) ) ;
#671 = CARTESIAN_POINT ( 'NONE',  ( 0.03138363236980624971, 0.1510295819403905948, 0.08180796844790112765 ) ) ;
#672 = DIRECTION ( 'NONE',  ( -0.0005060740159296040104, -3.856891649251099970E-16, 0.9999998719445369888 ) ) ;
#673 = ORIENTED_EDGE ( 'NONE', *, *, #777, .F. ) ;
#674 = CARTESIAN_POINT ( 'NONE',  ( 0.03572403545286294974, 0.2360849304356545109, 0.08867700683904020109 ) ) ;
#675 = CARTESIAN_POINT ( 'NONE',  ( 0.03463166259901521299, 0.2298377190250091018, 0.07368132597362578307 ) ) ;
#676 = CARTESIAN_POINT ( 'NONE',  ( 0.02385823928206379924, 0.1881382232992095116, 0.07467140351829794354 ) ) ;
#677 = CARTESIAN_POINT ( 'NONE',  ( 0.03093697364421508361, 0.2474943352731390211, 0.08042458313929372327 ) ) ;
#678 = CARTESIAN_POINT ( 'NONE',  ( 0.03690261410380045459, 0.2303687703243920137, 0.07667760175048179971 ) ) ;
#679 = CARTESIAN_POINT ( 'NONE',  ( 0.04601406036992397586, 0.2433492624431422835, 0.07928616676048316769 ) ) ;
#680 = CARTESIAN_POINT ( 'NONE',  ( 0.04628204877396931843, 0.1421079230679380689, 0.08637175071534282378 ) ) ;
#681 = CARTESIAN_POINT ( 'NONE',  ( 0.01977198310316250277, 0.2181299515775304843, 0.07938297793796610102 ) ) ;
#682 = CARTESIAN_POINT ( 'NONE',  ( 0.03482947585117665557, 0.1531685207417529948, 0.07467655233283540528 ) ) ;
#683 = CARTESIAN_POINT ( 'NONE',  ( 0.03800285330583749732, 0.2364934867869905033, 0.07467815829691359930 ) ) ;
#684 = AXIS2_PLACEMENT_3D ( 'NONE', #215, #1214, #4164 ) ;
#685 = VERTEX_POINT ( 'NONE', #3151 ) ;
#686 = EDGE_CURVE ( 'NONE', #2028, #3558, #2180, .T. ) ;
#687 = CARTESIAN_POINT ( 'NONE',  ( 0.02449334670769785088, 0.2065543856622704955, 0.07467132148577811102 ) ) ;
#688 = CARTESIAN_POINT ( 'NONE',  ( 0.01739693816844333635, 0.2693929855734305545, 0.08458066798995364510 ) ) ;
#689 = VECTOR ( 'NONE', #4253, 1.000000000000000000 ) ;
#690 = CARTESIAN_POINT ( 'NONE',  ( 0.03396926957858020096, 0.1669603575735330026, 0.07467611700473679448 ) ) ;
#691 = CARTESIAN_POINT ( 'NONE',  ( 0.01207312619344756005, 0.1498988631746530076, 0.08252947670629399990 ) ) ;
#692 = ORIENTED_EDGE ( 'NONE', *, *, #3077, .F. ) ;
#693 = VECTOR ( 'NONE', #1387, 1.000000000000000000 ) ;
#694 = CARTESIAN_POINT ( 'NONE',  ( 0.01493579807774489919, 0.1508685381350035881, 0.07509108430674896195 ) ) ;
#695 = CARTESIAN_POINT ( 'NONE',  ( 0.04721306923283189599, 0.2443722642590535066, 0.08175388806582659096 ) ) ;
#696 = CARTESIAN_POINT ( 'NONE',  ( 0.02157486786792186390, 0.2687391947650675239, 0.08455467019123374950 ) ) ;
#697 = CARTESIAN_POINT ( 'NONE',  ( 0.03248406892260989609, 0.1507187240148678276, 0.08309055624841242549 ) ) ;
#698 = DIRECTION ( 'NONE',  ( 0.9994165763531820401, -0.03415041871287169406, 0.0005057788251480009470 ) ) ;
#699 = ORIENTED_EDGE ( 'NONE', *, *, #652, .F. ) ;
#700 = ORIENTED_EDGE ( 'NONE', *, *, #3128, .T. ) ;
#701 = CARTESIAN_POINT ( 'NONE',  ( 0.04104545879045843476, 0.2321530719370219764, 0.07407966504809598840 ) ) ;
#702 = CARTESIAN_POINT ( 'NONE',  ( 0.02418965201601407447, 0.2258065973240502566, 0.07467132370847630318 ) ) ;
#703 = CARTESIAN_POINT ( 'NONE',  ( 0.02939098565121661677, 0.2462962900208193195, 0.08867380184668367804 ) ) ;
#704 = CARTESIAN_POINT ( 'NONE',  ( 0.01226298728302499357, 0.1438312598134501019, 0.07726371337715795540 ) ) ;
#705 = CARTESIAN_POINT ( 'NONE',  ( 0.03530767259595921082, 0.2359764601380861249, 0.07572269683495583270 ) ) ;
#706 = FACE_BOUND ( 'NONE', #1255, .T. ) ;
#707 = CARTESIAN_POINT ( 'NONE',  ( 0.01856166617101979999, 0.2356649349149649852, 0.07938236542793730699 ) ) ;
#708 = APPROVAL_STATUS ( 'not_yet_approved' ) ;
#709 = EDGE_LOOP ( 'NONE', ( #132, #1517, #3667, #1225 ) ) ;
#710 = CARTESIAN_POINT ( 'NONE',  ( 0.02446426455764474928, 0.2191941541924160020, 0.07467130676805819323 ) ) ;
#711 = CARTESIAN_POINT ( 'NONE',  ( 0.02006178633809706235, 0.2713497111812486207, 0.08465485462648052184 ) ) ;
#712 = CARTESIAN_POINT ( 'NONE',  ( 0.02703661434877300054, 0.1335608309790970172, 0.09467361112885189223 ) ) ;
#713 = CARTESIAN_POINT ( 'NONE',  ( 0.04728614462908500155, 0.1391476224640769976, 0.08744428171336030009 ) ) ;
#714 = ORIENTED_EDGE ( 'NONE', *, *, #1418, .F. ) ;
#715 = CARTESIAN_POINT ( 'NONE',  ( 0.02082126336899198238, 0.1537093830122571170, 0.07405214061540955905 ) ) ;
#716 = CARTESIAN_POINT ( 'NONE',  ( 0.03111573038751645412, 0.2714923959658764319, 0.08467077881801154948 ) ) ;
#717 = CARTESIAN_POINT ( 'NONE',  ( 0.03334073248084268998, 0.1504232518165026233, 0.08558645423834550237 ) ) ;
#718 = CARTESIAN_POINT ( 'NONE',  ( 0.03801491157287064521, 0.2302493798237990053, 0.08882030183399890200 ) ) ;
#719 = AXIS2_PLACEMENT_3D ( 'NONE', #2624, #1215, #1282 ) ;
#720 = EDGE_LOOP ( 'NONE', ( #3271, #3220, #2197, #3620, #3767, #1569, #2442, #1121, #3493, #1975, #1449, #2537 ) ) ;
#721 = VERTEX_POINT ( 'NONE', #4271 ) ;
#722 = CARTESIAN_POINT ( 'NONE',  ( 0.03844235682026670570, 0.2309022559696899124, 0.07379553411731953894 ) ) ;
#723 = DIRECTION ( 'NONE',  ( 0.0005060740159282030044, 3.480932718718385460E-16, -0.9999998719445369888 ) ) ;
#724 = CARTESIAN_POINT ( 'NONE',  ( 0.02023030241657861050, 0.2325951938600123725, 0.07399479672619944937 ) ) ;
#725 = CARTESIAN_POINT ( 'NONE',  ( 0.03057418587171787869, 0.2354998340325692163, 0.07537930873508251473 ) ) ;
#726 = CARTESIAN_POINT ( 'NONE',  ( 0.04612845589658438189, 0.1424564224019000125, 0.08608308964849491207 ) ) ;
#727 = CARTESIAN_POINT ( 'NONE',  ( 0.01975777069506779934, 0.2056053628174829839, 0.07938297074543319842 ) ) ;
#728 = CARTESIAN_POINT ( 'NONE',  ( 0.03555907793402254824, 0.2205173814457510040, 0.07667692182164979886 ) ) ;
#729 = EDGE_CURVE ( 'NONE', #3331, #740, #292, .T. ) ;
#730 = DIRECTION ( 'NONE',  ( 0.0005060740159282030044, 3.480932718718385460E-16, -0.9999998719445369888 ) ) ;
#731 = CARTESIAN_POINT ( 'NONE',  ( 0.02601154624369041504, 0.2738553348133080378, 0.08468102091184137592 ) ) ;
#732 = CARTESIAN_POINT ( 'NONE',  ( 0.03555907793402254824, 0.2205173814457510040, 0.07667692182164979886 ) ) ;
#733 = CARTESIAN_POINT ( 'NONE',  ( 0.01550880196443049988, 0.2185621484023260175, 0.08469673526397489272 ) ) ;
#734 = ADVANCED_FACE ( 'NONE', ( #1281, #2623 ), #1290, .T. ) ;
#735 = VERTEX_POINT ( 'NONE', #3880 ) ;
#736 = CARTESIAN_POINT ( 'NONE',  ( 0.04805724476163434483, 0.2390553731712746766, 0.08506391246163122477 ) ) ;
#737 = CARTESIAN_POINT ( 'NONE',  ( 0.02332813589212141478, 0.2697101614256753876, 0.08460498609160417571 ) ) ;
#738 = CARTESIAN_POINT ( 'NONE',  ( 0.03231494602697072838, 0.1507720642948635337, 0.08283550527642916106 ) ) ;
#739 = CARTESIAN_POINT ( 'NONE',  ( 0.02390818727571840038, 0.2297942166355904925, 0.07467102535175919320 ) ) ;
#740 = VERTEX_POINT ( 'NONE', #1621 ) ;
#741 = EDGE_CURVE ( 'NONE', #4285, #2633, #566, .T. ) ;
#742 = ORIENTED_EDGE ( 'NONE', *, *, #4039, .F. ) ;
#743 = CARTESIAN_POINT ( 'NONE',  ( 0.03479338433053843355, 0.2298664011850008182, 0.07368255518498559309 ) ) ;
#744 = CARTESIAN_POINT ( 'NONE',  ( 0.01580793245252025414, 0.2440647811678301471, 0.07914490525197641346 ) ) ;
#745 = CARTESIAN_POINT ( 'NONE',  ( 0.04312478245958550199, 0.1472628024666045032, 0.08218980643457962643 ) ) ;
#746 = CARTESIAN_POINT ( 'NONE',  ( 0.01646361881484190159, 0.1570296776830769903, 0.07938130366055019815 ) ) ;
#747 = DIRECTION ( 'NONE',  ( -0.6162518570600110657, 0.7875490787295463813, -0.0003118690920650413461 ) ) ;
#748 = DIRECTION ( 'NONE',  ( 0.7875489778795837781, 0.6162519359744388359, 0.0003985581250134319267 ) ) ;
#749 = CARTESIAN_POINT ( 'NONE',  ( 0.02197803670091846850, 0.2723945226992640634, 0.08467508026001788202 ) ) ;
#750 = CARTESIAN_POINT ( 'NONE',  ( 0.02382003118049354912, 0.2308158068207315228, 0.07667098099435530612 ) ) ;
#751 = CARTESIAN_POINT ( 'NONE',  ( 0.01664761656371095341, 0.2357255143048899992, 0.08173841968246489675 ) ) ;
#752 = VERTEX_POINT ( 'NONE', #1550 ) ;
#753 = VECTOR ( 'NONE', #1527, 1.000000000000000000 ) ;
#754 = CARTESIAN_POINT ( 'NONE',  ( 0.04683162817529819277, 0.2372341394618621424, 0.08352290499413835001 ) ) ;
#755 = EDGE_CURVE ( 'NONE', #3436, #993, #1101, .T. ) ;
#756 = CARTESIAN_POINT ( 'NONE',  ( 0.04008481901385189949, 0.1120233482029349970, 0.08567921333440570164 ) ) ;
#757 = CARTESIAN_POINT ( 'NONE',  ( 0.03039475637762958579, 0.1512459512606973977, 0.08112199289859128859 ) ) ;
#758 = CARTESIAN_POINT ( 'NONE',  ( 0.03138225507957679433, 0.2607366066055920029, 0.09467481034486199820 ) ) ;
#759 = VECTOR ( 'NONE', #1422, 1.000000000000000000 ) ;
#760 = VERTEX_POINT ( 'NONE', #287 ) ;
#761 = ORIENTED_EDGE ( 'NONE', *, *, #2711, .T. ) ;
#762 = CARTESIAN_POINT ( 'NONE',  ( 0.03377927829584871644, 0.2297066571148909386, 0.07367804623434452693 ) ) ;
#763 = CARTESIAN_POINT ( 'NONE',  ( 0.02585274459269345029, 0.2362751918161208331, 0.07570676258675954062 ) ) ;
#764 = CYLINDRICAL_SURFACE ( 'NONE', #4057, 0.001499999999999998730 ) ;
#765 = CARTESIAN_POINT ( 'NONE',  ( 0.02219040909053029975, 0.2132956425265989941, 0.07702717893470630017 ) ) ;
#766 = CC_DESIGN_APPROVAL ( #2088, ( #3643 ) ) ;
#767 = CARTESIAN_POINT ( 'NONE',  ( 0.01308912557268719981, 0.2406242303087418599, 0.08535518881554177151 ) ) ;
#768 = CARTESIAN_POINT ( 'NONE',  ( 0.04566176285983297028, 0.1434363404295705968, 0.07707011918584941168 ) ) ;
#769 = CARTESIAN_POINT ( 'NONE',  ( 0.04610584541788680102, 0.2378038637115670040, 0.08254669978339040926 ) ) ;
#770 = CYLINDRICAL_SURFACE ( 'NONE', #271, 0.001000000000000003490 ) ;
#771 = DIRECTION ( 'NONE',  ( -0.0005060740159282030044, -3.480932718718385460E-16, 0.9999998719445369888 ) ) ;
#772 = EDGE_LOOP ( 'NONE', ( #4179, #2575, #1016, #4293, #2136, #414 ) ) ;
#773 = CARTESIAN_POINT ( 'NONE',  ( 0.02520958390664095744, 0.1156126915116353904, 0.08241571733520514087 ) ) ;
#774 = EDGE_CURVE ( 'NONE', #1366, #1435, #2265, .T. ) ;
#775 = CARTESIAN_POINT ( 'NONE',  ( 0.03861166214122288554, 0.2698667488852503626, 0.08463878828534240895 ) ) ;
#776 = LINE ( 'NONE', #2774, #3002 ) ;
#777 = EDGE_CURVE ( 'NONE', #1626, #4153, #2608, .T. ) ;
#778 = CARTESIAN_POINT ( 'NONE',  ( 0.05002430082909779807, 0.2435450643761634948, 0.07871763215736160557 ) ) ;
#779 = ORIENTED_EDGE ( 'NONE', *, *, #843, .T. ) ;
#780 = CARTESIAN_POINT ( 'NONE',  ( 0.009511562225054726039, 0.1376342170669821730, 0.07888184341711643177 ) ) ;
#781 = ORIENTED_EDGE ( 'NONE', *, *, #2012, .F. ) ;
#782 = CARTESIAN_POINT ( 'NONE',  ( 0.04069854050083224900, 0.1112357991242054062, 0.09067952456322039834 ) ) ;
#783 = EDGE_CURVE ( 'NONE', #4056, #3255, #1383, .T. ) ;
#784 = VECTOR ( 'NONE', #3856, 1.000000000000000000 ) ;
#785 = ADVANCED_FACE ( 'NONE', ( #2563 ), #2227, .F. ) ;
#786 = CARTESIAN_POINT ( 'NONE',  ( 0.02361492289280747725, 0.2371411401627735172, 0.07611526652677214067 ) ) ;
#787 = DIRECTION ( 'NONE',  ( -0.9994165763531821511, 0.03415041871286384617, -0.0005057788251476107427 ) ) ;
#788 = CARTESIAN_POINT ( 'NONE',  ( 0.01480473323094426072, 0.1483712799941482030, 0.07938046414155330854 ) ) ;
#789 = CARTESIAN_POINT ( 'NONE',  ( 0.05002394612907019866, 0.2435450643761634948, 0.07941851774124929209 ) ) ;
#790 = B_SPLINE_CURVE_WITH_KNOTS ( 'NONE', 3,
 ( #3342, #2671, #352, #3677, #4010, #20, #998 ),
 .UNSPECIFIED., .F., .F.,
 ( 4, 3, 4 ),
 ( -11.33322303788429863, -10.72363448283189946, -10.42330403273890127 ),
 .UNSPECIFIED. ) ;
#791 = EDGE_CURVE ( 'NONE', #3406, #3475, #3066, .T. ) ;
#792 = EDGE_CURVE ( 'NONE', #3159, #685, #3861, .T. ) ;
#793 = CARTESIAN_POINT ( 'NONE',  ( 0.02988313021504699490, 0.2607878322336613097, 0.09467405167662427956 ) ) ;
#794 = CARTESIAN_POINT ( 'NONE',  ( 0.04491375473906036170, 0.1447510566975141189, 0.07669569414357405024 ) ) ;
#795 = CARTESIAN_POINT ( 'NONE',  ( 0.04386946569863034440, 0.1854949258151609992, 0.08732726797881620873 ) ) ;
#796 = FACE_OUTER_BOUND ( 'NONE', #3391, .T. ) ;
#797 = VERTEX_POINT ( 'NONE', #2960 ) ;
#798 = CARTESIAN_POINT ( 'NONE',  ( 0.01966671843549884849, 0.1171415002819923834, 0.08228042115206485319 ) ) ;
#799 = CARTESIAN_POINT ( 'NONE',  ( 0.04708980780262644883, 0.2618544974432451822, 0.08402507043998136416 ) ) ;
#800 = CARTESIAN_POINT ( 'NONE',  ( 0.03000087713691499888, 0.2295860272631405075, 0.07467410870417991176 ) ) ;
#801 = CARTESIAN_POINT ( 'NONE',  ( 0.02193189749777698511, 0.2316424578856226268, 0.07381394234338291283 ) ) ;
#802 = VERTEX_POINT ( 'NONE', #2271 ) ;
#803 = CARTESIAN_POINT ( 'NONE',  ( 0.02060595219150346616, 0.1503691630836288262, 0.07519463698067532786 ) ) ;
#804 = VERTEX_POINT ( 'NONE', #1903 ) ;
#805 = CARTESIAN_POINT ( 'NONE',  ( 0.03276998603550890232, 0.2294914058304104998, 0.07467551007842020139 ) ) ;
#806 = CARTESIAN_POINT ( 'NONE',  ( 0.02112849674842040559, 0.2385336187115900675, 0.07677090316269112591 ) ) ;
#807 = DIRECTION ( 'NONE',  ( 0.0005060740159282030044, 3.480932718718385460E-16, -0.9999998719445369888 ) ) ;
#808 = CARTESIAN_POINT ( 'NONE',  ( 0.01908737108111524874, 0.1870800971591745077, 0.07938263147356590388 ) ) ;
#809 = SECURITY_CLASSIFICATION_LEVEL ( 'unclassified' ) ;
#810 = CARTESIAN_POINT ( 'NONE',  ( 0.007895521872665050428, 0.1423081977754573346, 0.08728744350543050923 ) ) ;
#811 = DIRECTION ( 'NONE',  ( 0.9994165763531819291, -0.03415041871287124303, 0.0005057788251480732633 ) ) ;
#812 = CARTESIAN_POINT ( 'NONE',  ( 0.03946139065363300780, 0.1506920228051049360, 0.07488475532321749173 ) ) ;
#813 = CARTESIAN_POINT ( 'NONE',  ( 0.04208136267333659891, 0.1596441547349660151, 0.08254466309698500759 ) ) ;
#814 = CARTESIAN_POINT ( 'NONE',  ( 0.05002128128261170564, 0.2435450643761634948, 0.08468424179235860272 ) ) ;
#815 = ORIENTED_EDGE ( 'NONE', *, *, #1202, .F. ) ;
#816 = CARTESIAN_POINT ( 'NONE',  ( 0.02944353817075269150, 0.1157117942684962320, 0.08239491599949426426 ) ) ;
#817 = VECTOR ( 'NONE', #2522, 1.000000000000000000 ) ;
#818 = CARTESIAN_POINT ( 'NONE',  ( 0.04636029058643389988, 0.2631007790286277181, 0.08416978142012479513 ) ) ;
#819 = CARTESIAN_POINT ( 'NONE',  ( 0.03561687110906865128, 0.1533454330512380170, 0.08881908824787559942 ) ) ;
#820 = CARTESIAN_POINT ( 'NONE',  ( 0.02239466161028021152, 0.2314193562496006940, 0.07378252735274533347 ) ) ;
#821 = EDGE_LOOP ( 'NONE', ( #2683, #3689, #2778, #928 ) ) ;
#822 = AXIS2_PLACEMENT_3D ( 'NONE', #1988, #4323, #1645 ) ;
#823 = CARTESIAN_POINT ( 'NONE',  ( 0.01726257910817869182, 0.1486700855933079934, 0.07577678636434638515 ) ) ;
#824 = ORIENTED_EDGE ( 'NONE', *, *, #2270, .T. ) ;
#825 = CARTESIAN_POINT ( 'NONE',  ( 0.03269335580309044864, 0.1539917584268965245, 0.07667547155395669500 ) ) ;
#826 = VECTOR ( 'NONE', #442, 1.000000000000000000 ) ;
#827 = CARTESIAN_POINT ( 'NONE',  ( 0.01261074947393626099, 0.2416995253677702293, 0.07810343354247049896 ) ) ;
#828 = DIRECTION ( 'NONE',  ( -0.9994165763531819291, 0.03415041871287127079, -0.0005057788251457607685 ) ) ;
#829 = CARTESIAN_POINT ( 'NONE',  ( 0.02314245942774499978, 0.2370012717138995084, 0.07467063783674239563 ) ) ;
#830 = DATE_AND_TIME ( #1154, #972 ) ;
#831 = EDGE_CURVE ( 'NONE', #4195, #2337, #611, .T. ) ;
#832 = CARTESIAN_POINT ( 'NONE',  ( 0.009306988203862725725, 0.1449432412268112091, 0.08503281713634687489 ) ) ;
#833 = AXIS2_PLACEMENT_3D ( 'NONE', #2572, #1670, #3010 ) ;
#834 = CARTESIAN_POINT ( 'NONE',  ( 0.03674593866356105215, 0.2293555115341550099, 0.07667752246110250136 ) ) ;
#835 = CARTESIAN_POINT ( 'NONE',  ( 0.04053032439649938146, 0.1498219007799707347, 0.07516086467165368490 ) ) ;
#836 = CARTESIAN_POINT ( 'NONE',  ( 0.04309705012084440179, 0.1488435587894533785, 0.08254517711007640368 ) ) ;
#837 = CARTESIAN_POINT ( 'NONE',  ( 0.04127300145082445082, 0.1972895316141265176, 0.08175088195209630204 ) ) ;
#838 = ORIENTED_EDGE ( 'NONE', *, *, #3894, .F. ) ;
#839 = CARTESIAN_POINT ( 'NONE',  ( 0.02704347313098518640, 0.1155504419349186046, 0.08241665454964321180 ) ) ;
#840 = CARTESIAN_POINT ( 'NONE',  ( 0.03844731865354394235, 0.2699409261682903516, 0.08464101797237739977 ) ) ;
#841 = DIRECTION ( 'NONE',  ( -0.0005060740159281839224, 2.137647389988569763E-16, 0.9999998719445369888 ) ) ;
#842 = CARTESIAN_POINT ( 'NONE',  ( 0.02611246092247804934, 0.2301163790994108505, 0.07367833571233489698 ) ) ;
#843 = EDGE_CURVE ( 'NONE', #735, #3577, #2645, .T. ) ;
#844 = ORIENTED_EDGE ( 'NONE', *, *, #3885, .T. ) ;
#845 = CARTESIAN_POINT ( 'NONE',  ( 0.03346142282914720684, 0.1503817193598982749, 0.07505235598731915814 ) ) ;
#846 = VERTEX_POINT ( 'NONE', #3284 ) ;
#847 = CARTESIAN_POINT ( 'NONE',  ( 0.03810383483866690291, 0.1145556258786804005, 0.08467821068160480413 ) ) ;
#848 = CARTESIAN_POINT ( 'NONE',  ( 0.01243205187344823513, 0.2421548436719072328, 0.07829907331493914102 ) ) ;
#849 = CARTESIAN_POINT ( 'NONE',  ( 0.02832206467575323558, 0.2357134169220223563, 0.08086375605029999525 ) ) ;
#850 = CALENDAR_DATE ( 2026, 6, 9 ) ;
#851 = CARTESIAN_POINT ( 'NONE',  ( 0.03871705025163130198, 0.1137680767999510040, 0.09067852178236410210 ) ) ;
#852 = EDGE_CURVE ( 'NONE', #964, #797, #1883, .T. ) ;
#853 = DIRECTION ( 'NONE',  ( 0.6162518570600125090, -0.7875490787295452710, 0.0003118690920630618098 ) ) ;
#854 = CARTESIAN_POINT ( 'NONE',  ( 0.04301701703694984363, 0.1199041653027614757, 0.08188620690712264394 ) ) ;
#855 = CARTESIAN_POINT ( 'NONE',  ( 0.04126971283342375368, 0.1491798046836746439, 0.07536378722118547424 ) ) ;
#856 = CARTESIAN_POINT ( 'NONE',  ( 0.01747302430656180044, 0.2120315334899920134, 0.08173883740047040158 ) ) ;
#857 = CARTESIAN_POINT ( 'NONE',  ( 0.03517236040035370132, 0.1497666675330608099, 0.07467672585781839900 ) ) ;
#858 = VERTEX_POINT ( 'NONE', #2521 ) ;
#859 = CARTESIAN_POINT ( 'NONE',  ( 0.05001918505540259990, 0.2435450643761654932, 0.08882637688566639989 ) ) ;
#860 = CARTESIAN_POINT ( 'NONE',  ( 0.03393462782551475571, 0.1873074444217842915, 0.07467638759453971986 ) ) ;
#861 = CARTESIAN_POINT ( 'NONE',  ( 0.01741288520307834528, 0.1524233673792091681, 0.07761063350864751131 ) ) ;
#862 = ADVANCED_FACE ( 'NONE', ( #3238 ), #3906, .F. ) ;
#863 = CARTESIAN_POINT ( 'NONE',  ( 0.05851028874028320337, 0.4378694475487500126, -0.02900841671140995046 ) ) ;
#864 = ORIENTED_EDGE ( 'NONE', *, *, #3194, .T. ) ;
#865 = CARTESIAN_POINT ( 'NONE',  ( 0.03457101065053232863, 0.1499126396484935231, 0.07519502111564489721 ) ) ;
#866 = ORIENTED_EDGE ( 'NONE', *, *, #2533, .F. ) ;
#867 = CARTESIAN_POINT ( 'NONE',  ( 0.05210128405413486791, 0.2547871578638151169, 0.08283438342952664790 ) ) ;
#868 = CARTESIAN_POINT ( 'NONE',  ( 0.01441118599998149515, 0.2468507995623311635, 0.08017750519317212721 ) ) ;
#869 = CARTESIAN_POINT ( 'NONE',  ( 0.02479416973137400435, 0.2366464012745481127, 0.08629563424621997103 ) ) ;
#870 = PERSON_AND_ORGANIZATION ( #2117, #4199 ) ;
#871 = CARTESIAN_POINT ( 'NONE',  ( 0.02738346364476085260, 0.1545613366895119967, 0.08881492153376170651 ) ) ;
#872 = DIRECTION ( 'NONE',  ( 0.0005060740159282030044, 3.480932718718385460E-16, -0.9999998719445369888 ) ) ;
#873 = CARTESIAN_POINT ( 'NONE',  ( 0.04878080390292923590, 0.2499008512107124824, 0.08155940902449491936 ) ) ;
#874 = CARTESIAN_POINT ( 'NONE',  ( 0.04729081615380729964, 0.1391476224640769976, 0.07821337086424180740 ) ) ;
#875 = CARTESIAN_POINT ( 'NONE',  ( 0.01687832757691300201, 0.1903135832059544841, 0.08173853643987100126 ) ) ;
#876 = CARTESIAN_POINT ( 'NONE',  ( 0.03851890624007085068, 0.1814020372110745072, 0.07939246526990539898 ) ) ;
#877 = VERTEX_POINT ( 'NONE', #3526 ) ;
#878 = CARTESIAN_POINT ( 'NONE',  ( 0.009297695242059677775, 0.1305482637901169141, 0.08038247263123886321 ) ) ;
#879 = CARTESIAN_POINT ( 'NONE',  ( 0.03439317444081775588, 0.2022482325569133210, 0.07467666946045918575 ) ) ;
#880 = CARTESIAN_POINT ( 'NONE',  ( 0.01511674575558414994, 0.2318664765240879833, 0.02244103361220795012 ) ) ;
#881 = CARTESIAN_POINT ( 'NONE',  ( 0.01661753844764190038, 0.1370618502933131921, 0.07706733605068870341 ) ) ;
#882 = ORIENTED_EDGE ( 'NONE', *, *, #3118, .T. ) ;
#883 = CARTESIAN_POINT ( 'NONE',  ( 0.03510261653716604396, 0.1496673602695196559, 0.07526995464775287914 ) ) ;
#884 = ORIENTED_EDGE ( 'NONE', *, *, #3020, .F. ) ;
#885 = CARTESIAN_POINT ( 'NONE',  ( 0.03065426095039625043, 0.2295637009066055223, 0.07467443936479270516 ) ) ;
#886 = CARTESIAN_POINT ( 'NONE',  ( 0.03690362625183244566, 0.2303687703243920137, 0.07467760200659279146 ) ) ;
#887 = CIRCLE ( 'NONE', #3479, 0.01799999999999999864 ) ;
#888 = EDGE_LOOP ( 'NONE', ( #1165, #970, #2814, #3362, #456, #1631, #1647, #2471 ) ) ;
#889 = CARTESIAN_POINT ( 'NONE',  ( 0.01415602388029047094, 0.2386348364557048518, 0.07670814478804971470 ) ) ;
#890 = AXIS2_PLACEMENT_3D ( 'NONE', #3375, #1718, #2723 ) ;
#891 = CARTESIAN_POINT ( 'NONE',  ( 0.006916783255154919895, 0.1275530712783826959, 0.08092776580170278622 ) ) ;
#892 = CARTESIAN_POINT ( 'NONE',  ( 0.02586831700791512173, 0.2362796021836192084, 0.08283224280585252397 ) ) ;
#893 = CARTESIAN_POINT ( 'NONE',  ( 0.02999883154678379890, 0.2295860272631405075, 0.07871618516903840235 ) ) ;
#894 = CARTESIAN_POINT ( 'NONE',  ( 0.02704218166902220069, 0.1335608309790970172, 0.08367261253759009088 ) ) ;
#895 = CARTESIAN_POINT ( 'NONE',  ( 0.04729081615380729964, 0.1391476224640769976, 0.07821337086424180740 ) ) ;
#896 = CARTESIAN_POINT ( 'NONE',  ( 0.02260586507136787618, 0.1510060458258407068, 0.08338294609620848508 ) ) ;
#897 = CARTESIAN_POINT ( 'NONE',  ( 0.01739201821686724853, 0.2190099438075015226, 0.08173879640538979363 ) ) ;
#898 = CARTESIAN_POINT ( 'NONE',  ( 0.03927979455124915031, 0.2059254449034154943, 0.07939285033575799178 ) ) ;
#899 = ORIENTED_EDGE ( 'NONE', *, *, #2736, .T. ) ;
#900 = CARTESIAN_POINT ( 'NONE',  ( 0.009362331328988643397, 0.1301839130643777653, 0.08045015262735626116 ) ) ;
#901 = DIRECTION ( 'NONE',  ( 0.0005060740159282030044, 3.480932718718385460E-16, -0.9999998719445369888 ) ) ;
#902 = PLANE ( 'NONE',  #1594 ) ;
#903 = CIRCLE ( 'NONE', #2300, 0.02100000000000000477 ) ;
#904 = CARTESIAN_POINT ( 'NONE',  ( 0.02121555362410855114, 0.1574442109019094926, 0.07706966298699230444 ) ) ;
#905 = ORIENTED_EDGE ( 'NONE', *, *, #3559, .T. ) ;
#906 = CARTESIAN_POINT ( 'NONE',  ( 0.04503370639052249602, 0.1329461234422651961, 0.07967766414559560029 ) ) ;
#907 = EDGE_CURVE ( 'NONE', #1342, #1579, #2871, .T. ) ;
#908 = DIRECTION ( 'NONE',  ( 0.0005060740159282030044, 3.480932718718385460E-16, -0.9999998719445369888 ) ) ;
#909 = CARTESIAN_POINT ( 'NONE',  ( 0.05081293617913530680, 0.2608825003488079441, 0.08391657551473627463 ) ) ;
#911 = EDGE_CURVE ( 'NONE', #947, #3644, #4211, .T. ) ;
#910 = CARTESIAN_POINT ( 'NONE',  ( 0.04958400979079480991, 0.2421676831604955005, 0.07886464451097954798 ) ) ;
#912 = CARTESIAN_POINT ( 'NONE',  ( 0.01176932726896296952, 0.2442105601457670028, 0.07914964044829927992 ) ) ;
#913 = CARTESIAN_POINT ( 'NONE',  ( 0.006880554449109063837, 0.1394812125052500573, 0.07845827702320175290 ) ) ;
#914 = CARTESIAN_POINT ( 'NONE',  ( 0.03008365626988924318, 0.2355164897971441240, 0.08042415129748790859 ) ) ;
#915 = CARTESIAN_POINT ( 'NONE',  ( 0.01242335298487072005, 0.2412707454772420046, 0.07365726070756670185 ) ) ;
#916 = CARTESIAN_POINT ( 'NONE',  ( 0.03065459833307349752, 0.2295637009066055223, 0.07400777278349629507 ) ) ;
#917 = CARTESIAN_POINT ( 'NONE',  ( 0.04894989513592978153, 0.2508572670307512853, 0.08183297233524569614 ) ) ;
#918 = CARTESIAN_POINT ( 'NONE',  ( 0.02464352158470168100, 0.1513998562482023746, 0.08127046482874414335 ) ) ;
#919 = CARTESIAN_POINT ( 'NONE',  ( 0.01741979941033930043, 0.2066794259900864850, 0.08173881046473030487 ) ) ;
#920 = EDGE_CURVE ( 'NONE', #3730, #129, #2544, .T. ) ;
#921 = CARTESIAN_POINT ( 'NONE',  ( 0.03437094608038410160, 0.2020317141709080111, 0.07467632028280318801 ) ) ;
#922 = VECTOR ( 'NONE', #698, 1.000000000000000000 ) ;
#923 = VERTEX_POINT ( 'NONE', #2893 ) ;
#924 = ADVANCED_FACE ( 'NONE', ( #1245 ), #3540, .F. ) ;
#925 = CARTESIAN_POINT ( 'NONE',  ( 0.01230945274546925775, 0.1231540947920575363, 0.08157982773024417822 ) ) ;
#926 = CARTESIAN_POINT ( 'NONE',  ( 0.04027979003646585399, 0.1264240363755059771, 0.07707931090290960630 ) ) ;
#927 = CARTESIAN_POINT ( 'NONE',  ( 0.01398013687679591950, 0.1292061990850119912, 0.07706600133011320963 ) ) ;
#928 = ORIENTED_EDGE ( 'NONE', *, *, #911, .F. ) ;
#929 = CARTESIAN_POINT ( 'NONE',  ( 0.04481035169277710478, 0.1364553372574841550, 0.07889356685413961845 ) ) ;
#930 = CARTESIAN_POINT ( 'NONE',  ( 0.04850458757939390270, 0.1109955653464043956, 0.09168347512937528865 ) ) ;
#931 = B_SPLINE_CURVE_WITH_KNOTS ( 'NONE', 3,
 ( #2742, #659, #4020, #2345 ),
 .UNSPECIFIED., .F., .F.,
 ( 4, 4 ),
 ( 1.100000078698259998, 1.514213641071360028 ),
 .UNSPECIFIED. ) ;
#932 = CARTESIAN_POINT ( 'NONE',  ( 0.05208082153296245131, 0.2517082285666807917, 0.08209706914480546791 ) ) ;
#933 = CARTESIAN_POINT ( 'NONE',  ( 0.02704572418713365248, 0.1335608309790970172, 0.07667261343397831219 ) ) ;
#934 = CARTESIAN_POINT ( 'NONE',  ( 0.03347506278585250794, 0.2356429192259252570, 0.08123492767362967826 ) ) ;
#935 = CARTESIAN_POINT ( 'NONE',  ( 0.006181808646217613716, 0.1311237298130822904, 0.08029276733034637625 ) ) ;
#936 = FACE_BOUND ( 'NONE', #391, .T. ) ;
#937 = CARTESIAN_POINT ( 'NONE',  ( 0.02269245876597734968, 0.2307730407566045139, 0.08376251757046489221 ) ) ;
#938 = CARTESIAN_POINT ( 'NONE',  ( 0.02390818727571840038, 0.2297942166355904925, 0.07467102535175919320 ) ) ;
#939 = CARTESIAN_POINT ( 'NONE',  ( 0.04591777039649960757, 0.2432100256337325073, 0.07922972257666903440 ) ) ;
#940 = CARTESIAN_POINT ( 'NONE',  ( 0.02485120657870830765, 0.1514266637210393840, 0.08114991438398466705 ) ) ;
#941 = FACE_OUTER_BOUND ( 'NONE', #3672, .T. ) ;
#942 = CARTESIAN_POINT ( 'NONE',  ( 0.03985097364328024638, 0.1503362780237654794, 0.07939313939469200276 ) ) ;
#943 = EDGE_LOOP ( 'NONE', ( #3412, #3452 ) ) ;
#944 = DIRECTION ( 'NONE',  ( -0.7875489778795833340, -0.6162519359744393910, -0.0003985581250131426615 ) ) ;
#945 = CARTESIAN_POINT ( 'NONE',  ( 0.03358720460462139706, 0.1756406967826634746, 0.07427592360033409558 ) ) ;
#946 = CARTESIAN_POINT ( 'NONE',  ( 0.01882254705387884780, 0.1445272695617343950, 0.07706845194839209712 ) ) ;
#947 = VERTEX_POINT ( 'NONE', #3373 ) ;
#948 = CARTESIAN_POINT ( 'NONE',  ( 0.04022853691485341054, 0.1458171546909914629, 0.07642498208824456685 ) ) ;
#949 = CARTESIAN_POINT ( 'NONE',  ( 0.03032250830349634760, 0.2295748640848729871, 0.08467427275393170361 ) ) ;
#950 = CARTESIAN_POINT ( 'NONE',  ( 0.05143502968769459588, 0.2588885074239499762, 0.08361492459860772608 ) ) ;
#951 = FACE_OUTER_BOUND ( 'NONE', #720, .T. ) ;
#952 = VERTEX_POINT ( 'NONE', #3131 ) ;
#953 = CARTESIAN_POINT ( 'NONE',  ( 0.09774663785009889139, 0.2725045218540190217, 0.08470412463540130665 ) ) ;
#954 = CARTESIAN_POINT ( 'NONE',  ( 0.008032385977347122896, 0.1244910539938154648, 0.08141121360196615364 ) ) ;
#955 = DIRECTION ( 'NONE',  ( -0.9994165763531819291, 0.03415041871287127079, -0.0005057788251457607685 ) ) ;
#956 = CIRCLE ( 'NONE', #2639, 0.002999999999999996159 ) ;
#957 = CARTESIAN_POINT ( 'NONE',  ( 0.02453606609683954901, 0.2151513594859419953, 0.07667134336106740111 ) ) ;
#958 = AXIS2_PLACEMENT_3D ( 'NONE', #2475, #484, #2845 ) ;
#959 = CARTESIAN_POINT ( 'NONE',  ( 0.04736501551831220208, 0.1388700672857821894, 0.07368289611649350701 ) ) ;
#960 = CARTESIAN_POINT ( 'NONE',  ( 0.04361169744849643926, 0.2405087457983031141, 0.07806168672899277405 ) ) ;
#961 = CARTESIAN_POINT ( 'NONE',  ( 0.02470982086474341269, 0.1514087472521871702, 0.08123049181228593485 ) ) ;
#962 = CARTESIAN_POINT ( 'NONE',  ( 0.01978327549420809753, 0.2175851766438294810, 0.07938298365275249513 ) ) ;
#963 = VECTOR ( 'NONE', #3840, 1.000000000000000000 ) ;
#964 = VERTEX_POINT ( 'NONE', #1436 ) ;
#965 = CARTESIAN_POINT ( 'NONE',  ( 0.02454637890929039709, 0.2115215690060514853, 0.07467134832400039446 ) ) ;
#966 = CARTESIAN_POINT ( 'NONE',  ( 0.01388781629086419112, 0.1212750944657706165, 0.08182244772318156278 ) ) ;
#967 = CARTESIAN_POINT ( 'NONE',  ( 0.01466172561040830075, 0.1948046834474655153, 0.09466634851828149844 ) ) ;
#968 = CARTESIAN_POINT ( 'NONE',  ( 0.02121697063135314851, 0.1574442109019094926, 0.07426966334554759019 ) ) ;
#969 = EDGE_CURVE ( 'NONE', #594, #480, #2777, .T. ) ;
#970 = ORIENTED_EDGE ( 'NONE', *, *, #1882, .F. ) ;
#971 = CARTESIAN_POINT ( 'NONE',  ( 0.04476514741462588737, 0.1367210202441046241, 0.07883094283038705186 ) ) ;
#972 = LOCAL_TIME ( 12, 26, 18.00000000000000000, #4188 ) ;
#973 = LINE ( 'NONE', #4312, #259 ) ;
#974 = CARTESIAN_POINT ( 'NONE',  ( 0.01373810577327780683, 0.2581272239871424401, 0.08323286766467985487 ) ) ;
#975 = CARTESIAN_POINT ( 'NONE',  ( 0.04885704059148971573, 0.2404897552705912989, 0.07813815222245010239 ) ) ;
#976 = ORIENTED_EDGE ( 'NONE', *, *, #2155, .T. ) ;
#977 = CARTESIAN_POINT ( 'NONE',  ( 0.03452501962738959568, 0.2358117797777433411, 0.08203193560759143577 ) ) ;
#978 = CARTESIAN_POINT ( 'NONE',  ( 0.01656154022089731392, 0.1153588538409218156, 0.08246234597396666366 ) ) ;
#979 = CARTESIAN_POINT ( 'NONE',  ( 0.02449786562907884518, 0.2177157707164680822, 0.07467162113266381795 ) ) ;
#980 = CARTESIAN_POINT ( 'NONE',  ( 0.02414280429495024860, 0.2269237230338634892, 0.07667114434146249380 ) ) ;
#981 = B_SPLINE_SURFACE_WITH_KNOTS ( 'NONE', 3, 1, ( 
 ( #3674, #3021 ),
 ( #2995, #2668 ),
 ( #3317, #669 ),
 ( #2000, #1321 ) ),
 .UNSPECIFIED., .F., .F., .F.,
 ( 4, 4 ),
 ( 2, 2 ),
 ( -0.6350880509205070190, 0.000000000000000000 ),
 ( 0.000000000000000000, 0.2000000000000000111 ),
 .UNSPECIFIED. ) ;
#982 = CARTESIAN_POINT ( 'NONE',  ( 0.03684943094449070339, 0.2300320161668445162, 0.07667757483586339073 ) ) ;
#983 = CARTESIAN_POINT ( 'NONE',  ( 0.04583210905269712726, 0.2430881359312682677, 0.07918002874322976892 ) ) ;
#984 = CARTESIAN_POINT ( 'NONE',  ( 0.04553838877678423325, 0.1436584238455861917, 0.08509119764367692462 ) ) ;
#985 = CARTESIAN_POINT ( 'NONE',  ( 0.01983218725534379931, 0.2132891631928785225, 0.07938300840572549977 ) ) ;
#986 = CARTESIAN_POINT ( 'NONE',  ( 0.03472115639131063275, 0.2088683905359270121, 0.07467686346026483624 ) ) ;
#987 = EDGE_LOOP ( 'NONE', ( #2299, #2109, #4102, #2448 ) ) ;
#988 = CARTESIAN_POINT ( 'NONE',  ( 0.02448510308171805011, 0.2183319382499550043, 0.07467131731389509142 ) ) ;
#989 = CARTESIAN_POINT ( 'NONE',  ( 0.02145688713493002983, 0.2721265654971368186, 0.08467073390035331770 ) ) ;
#990 = VECTOR ( 'NONE', #3394, 1.000000000000000000 ) ;
#991 = DIRECTION ( 'NONE',  ( -0.9994165763531819291, 0.03415041871287123609, -0.0005057788251476106342 ) ) ;
#992 = CARTESIAN_POINT ( 'NONE',  ( 0.007792193964114449943, 0.1403285981303094010, 0.08469283008867480034 ) ) ;
#993 = VERTEX_POINT ( 'NONE', #4321 ) ;
#994 = CARTESIAN_POINT ( 'NONE',  ( 0.04436445364150113507, 0.1384976142343924965, 0.07840161504891438038 ) ) ;
#995 = CARTESIAN_POINT ( 'NONE',  ( 0.05107918416360009845, 0.2468070713538489946, 0.02245926506193140007 ) ) ;
#996 = CARTESIAN_POINT ( 'NONE',  ( 0.03449439922130223546, 0.2712152084182705147, 0.08466997457785108150 ) ) ;
#997 = CARTESIAN_POINT ( 'NONE',  ( 0.01338269512813837145, 0.1530076841647429742, 0.08173676739035071193 ) ) ;
#998 = CARTESIAN_POINT ( 'NONE',  ( 0.05002394612907019866, 0.2435450643761634948, 0.07941851774124929209 ) ) ;
#999 = ORIENTED_EDGE ( 'NONE', *, *, #4138, .F. ) ;
#1000 = CARTESIAN_POINT ( 'NONE',  ( 0.03449973234367986058, 0.2358069653185739800, 0.08200791453506899031 ) ) ;
#1001 = DIRECTION ( 'NONE',  ( 0.03415041433972329510, 0.9994167043339508005, 1.728263954400014718E-05 ) ) ;
#1002 = CARTESIAN_POINT ( 'NONE',  ( 0.02360014422524269254, 0.1829706919213970606, 0.07467128076114970536 ) ) ;
#1003 = CARTESIAN_POINT ( 'NONE',  ( 0.02443143481384374774, 0.2203080142332639879, 0.07667129040988698851 ) ) ;
#1004 = CARTESIAN_POINT ( 'NONE',  ( 0.02650405619753500031, 0.2299430837193459920, 0.07667233930984850010 ) ) ;
#1005 = CARTESIAN_POINT ( 'NONE',  ( 0.04134620586725826913, 0.2386609863313509383, 0.07717651757513736832 ) ) ;
#1006 = FACE_OUTER_BOUND ( 'NONE', #3470, .T. ) ;
#1007 = CARTESIAN_POINT ( 'NONE',  ( 0.01978479337179335149, 0.2175071871091324993, 0.07938298442091099028 ) ) ;
#1008 = CARTESIAN_POINT ( 'NONE',  ( 0.03386292329141280671, 0.1716358387439829436, 0.07467630149937086459 ) ) ;
#1009 = B_SPLINE_CURVE_WITH_KNOTS ( 'NONE', 3,
 ( #1748, #3365, #1394, #2070, #3676, #4009, #4100, #1066, #3085, #3746, #757, #2384, #1769, #1682, #1083, #1346, #4336, #2425, #2670, #394, #671, #1413, #373, #2734, #3410, #2002, #3341, #3764, #2405, #2094, #738, #1323, #3727, #2692, #4036, #1020, #3700, #697, #4080, #3044, #2031, #3064, #1707, #1369, #411, #2713, #4060, #717, #65, #149, #495, #2174, #1184, #4156, #3105, #1806 ),
 .UNSPECIFIED., .F., .F.,
 ( 4, 2, 2, 2, 1, 1, 1, 1, 2, 2, 2, 2, 2, 1, 1, 2, 2, 2, 2, 2, 1, 1, 1, 1, 2, 2, 2, 2, 2, 2, 2, 2, 4 ),
 ( 0.5000000000000000000, 0.5624999999999443778, 0.5937499999999165112, 0.6093749999999028555, 0.6171874999998959721, 0.6210937499998925304, 0.6230468749998906430, 0.6240234374998903100, 0.6245117187498898659, 0.6249999999998894218, 0.6562499999999246159, 0.6718749999999422684, 0.6796874999999512612, 0.6835937499999560352, 0.6855468749999581446, 0.6865234374999591438, 0.6874999999999602540, 0.7187499999999817923, 0.7343749999999924505, 0.7421874999999982236, 0.7460937500000007772, 0.7480468750000027756, 0.7490234375000024425, 0.7495117187500002220, 0.7497558593750001110, 0.7500000000000000000, 0.8124999999999971134, 0.8437499999999955591, 0.8593749999999960032, 0.8671874999999960032, 0.8749999999999960032, 0.9374999999999980016, 1.000000000000000000 ),
 .UNSPECIFIED. ) ;
#1010 = CARTESIAN_POINT ( 'NONE',  ( 0.01612879052468409874, 0.2360746543567764921, 0.08173815711805410000 ) ) ;
#1011 = ORIENTED_EDGE ( 'NONE', *, *, #3438, .T. ) ;
#1012 = CARTESIAN_POINT ( 'NONE',  ( 0.02447323369328945064, 0.2055097496918335265, 0.07467131130710290277 ) ) ;
#1013 = CARTESIAN_POINT ( 'NONE',  ( 0.02544944538521646746, 0.2737061877474344929, 0.08468165182187385731 ) ) ;
#1014 = CARTESIAN_POINT ( 'NONE',  ( 0.03460379345219535135, 0.2069465301403589919, 0.07467643812082280785 ) ) ;
#1015 = CARTESIAN_POINT ( 'NONE',  ( 0.04492976237291205349, 0.2350905149386139925, 0.08175273254340649498 ) ) ;
#1016 = ORIENTED_EDGE ( 'NONE', *, *, #286, .T. ) ;
#1017 = DIRECTION ( 'NONE',  ( 0.7875489778795837781, 0.6162519359744388359, 0.0003985581250135404011 ) ) ;
#1018 = CARTESIAN_POINT ( 'NONE',  ( 0.04522020080161849587, 0.1386163536177963951, 0.08254625158160540377 ) ) ;
#1019 = CARTESIAN_POINT ( 'NONE',  ( 0.02056540734684910235, 0.2680605097268478065, 0.08451275590858932374 ) ) ;
#1020 = CARTESIAN_POINT ( 'NONE',  ( 0.03247317521571033150, 0.1507221863857328703, 0.08307327614185179565 ) ) ;
#1021 = CARTESIAN_POINT ( 'NONE',  ( 0.03065221975672309876, 0.2295637009066055223, 0.07870782844924099908 ) ) ;
#1022 = ORIENTED_EDGE ( 'NONE', *, *, #2788, .F. ) ;
#1023 = B_SPLINE_CURVE_WITH_KNOTS ( 'NONE', 3,
 ( #2179, #825, #2864, #1190 ),
 .UNSPECIFIED., .F., .F.,
 ( 4, 4 ),
 ( 1.954008783516539838, 2.641125901359230088 ),
 .UNSPECIFIED. ) ;
#1024 = CARTESIAN_POINT ( 'NONE',  ( 0.03478492821737368818, 0.2358630734542692120, 0.08229612623719675946 ) ) ;
#1025 = CARTESIAN_POINT ( 'NONE',  ( 0.04221034647880474860, 0.1190406865732566016, 0.08968028952098550111 ) ) ;
#1026 = CARTESIAN_POINT ( 'NONE',  ( 0.02390818727571840038, 0.2297942166355904925, 0.07467102535175919320 ) ) ;
#1027 = CARTESIAN_POINT ( 'NONE',  ( 0.02450559495532704871, 0.2175435454032519922, 0.07467132768430150003 ) ) ;
#1028 = CARTESIAN_POINT ( 'NONE',  ( 0.01212759383395530140, 0.1436341286400933670, 0.07732010769165187369 ) ) ;
#1029 = CARTESIAN_POINT ( 'NONE',  ( 0.04754961593910959905, 0.2460889563295125260, 0.08032439242521000056 ) ) ;
#1030 = FACE_BOUND ( 'NONE', #2954, .T. ) ;
#1031 = CARTESIAN_POINT ( 'NONE',  ( 0.01978212024412859954, 0.2176438557786430084, 0.07938298306811041039 ) ) ;
#1032 = CARTESIAN_POINT ( 'NONE',  ( 0.02828814870933977002, 0.1262638342446066875, 0.09467424449795291963 ) ) ;
#1033 = CARTESIAN_POINT ( 'NONE',  ( 0.01815851126865109313, 0.2341050546797934229, 0.07996747988867633494 ) ) ;
#1034 = AXIS2_PLACEMENT_3D ( 'NONE', #31, #1691, #1055 ) ;
#1035 = ORIENTED_EDGE ( 'NONE', *, *, #831, .F. ) ;
#1036 = CARTESIAN_POINT ( 'NONE',  ( 0.02448090841864379932, 0.2058948281157015059, 0.07467131519108249904 ) ) ;
#1037 = CARTESIAN_POINT ( 'NONE',  ( 0.01651706926588451113, 0.2685636558195454993, 0.08453243462782418505 ) ) ;
#1038 = AXIS2_PLACEMENT_3D ( 'NONE', #2679, #3685, #787 ) ;
#1039 = CARTESIAN_POINT ( 'NONE',  ( 0.03455797760038484961, 0.1560503882638289985, 0.07667641519071870249 ) ) ;
#1040 = B_SPLINE_CURVE_WITH_KNOTS ( 'NONE', 3,
 ( #443, #1467, #468, #4092, #2458, #3097, #2436, #3801, #1797, #2083 ),
 .UNSPECIFIED., .F., .F.,
 ( 4, 2, 2, 2, 4 ),
 ( 0.000000000000000000, 0.2499999999999960587, 0.3749999999999955036, 0.4999999999999950040, 1.000000000000000000 ),
 .UNSPECIFIED. ) ;
#1041 = CARTESIAN_POINT ( 'NONE',  ( 0.04728754211389140510, 0.1391476224640769976, 0.08468285831782179640 ) ) ;
#1042 = ORIENTED_EDGE ( 'NONE', *, *, #2304, .F. ) ;
#1043 = CARTESIAN_POINT ( 'NONE',  ( 0.02087393474511930677, 0.1537250197295512988, 0.07404600376669200068 ) ) ;
#1044 = CARTESIAN_POINT ( 'NONE',  ( 0.02477234250014137551, 0.2703269923751627779, 0.08463117366390919549 ) ) ;
#1045 = CARTESIAN_POINT ( 'NONE',  ( 0.01731535141009694911, 0.2010200643382154817, 0.08173875760576340688 ) ) ;
#1046 = CARTESIAN_POINT ( 'NONE',  ( 0.03113466406953980040, 0.2534908354991710078, 0.09467568504559720211 ) ) ;
#1047 = ORIENTED_EDGE ( 'NONE', *, *, #2012, .T. ) ;
#1048 = EDGE_CURVE ( 'NONE', #105, #1928, #2235, .T. ) ;
#1049 = EDGE_CURVE ( 'NONE', #408, #4077, #2294, .T. ) ;
#1050 = ORIENTED_EDGE ( 'NONE', *, *, #2421, .T. ) ;
#1051 = CARTESIAN_POINT ( 'NONE',  ( 0.03803309512084749461, 0.2307459351910910172, 0.07377150978649153756 ) ) ;
#1052 = CARTESIAN_POINT ( 'NONE',  ( 0.02537391992563409887, 0.2364385975523949912, 0.08867176891383930781 ) ) ;
#1053 = CARTESIAN_POINT ( 'NONE',  ( 0.02354553141113130063, 0.1812938033001104954, 0.07667084207713679989 ) ) ;
#1054 = CARTESIAN_POINT ( 'NONE',  ( 0.01789480078887181053, 0.2413054869662544233, 0.07801232637749022647 ) ) ;
#1055 = DIRECTION ( 'NONE',  ( -0.9994165763531819291, 0.03415041871287127079, -0.0005057788251457607685 ) ) ;
#1056 = EDGE_CURVE ( 'NONE', #858, #4266, #2628, .T. ) ;
#1057 = CARTESIAN_POINT ( 'NONE',  ( 0.01976535671871260114, 0.2059859897215345070, 0.07938297458452309163 ) ) ;
#1058 = CARTESIAN_POINT ( 'NONE',  ( 0.03381484041921369726, 0.1766317725010529971, 0.07667603910825289415 ) ) ;
#1059 = CARTESIAN_POINT ( 'NONE',  ( 0.02444397435468610019, 0.2199294422309719943, 0.07467129649971260275 ) ) ;
#1060 = CARTESIAN_POINT ( 'NONE',  ( 0.02582597588681733586, 0.2738076728637580670, 0.08468125023720968203 ) ) ;
#1061 = CARTESIAN_POINT ( 'NONE',  ( 0.02164645999896870274, 0.1604392484841760114, 0.07666988100631769165 ) ) ;
#1062 = CARTESIAN_POINT ( 'NONE',  ( 0.01784230129712770230, 0.2185738363185434907, 0.08173902428144309840 ) ) ;
#1063 = ORIENTED_EDGE ( 'NONE', *, *, #3834, .T. ) ;
#1064 = CARTESIAN_POINT ( 'NONE',  ( 0.01733478702514739192, 0.1523215854011124304, 0.07457668854080287679 ) ) ;
#1065 = CARTESIAN_POINT ( 'NONE',  ( 0.02474220479506474349, 0.2703155684618608889, 0.08463072566088057636 ) ) ;
#1066 = CARTESIAN_POINT ( 'NONE',  ( 0.03015573504777891226, 0.1512895077991062986, 0.08099809189201742643 ) ) ;
#1067 = DIRECTION ( 'NONE',  ( -0.9994165763531819291, 0.03415041871287123609, -0.0005057788251477426901 ) ) ;
#1068 = EDGE_LOOP ( 'NONE', ( #3336, #1295, #211, #866 ) ) ;
#1069 = CARTESIAN_POINT ( 'NONE',  ( 0.03450488685381870174, 0.2298161046831433962, 0.07368059719611537439 ) ) ;
#1070 = CARTESIAN_POINT ( 'NONE',  ( -0.02377982487444269682, 0.2036443184381804827, 0.05677202606290020215 ) ) ;
#1071 = CARTESIAN_POINT ( 'NONE',  ( 0.01588011171230640020, 0.2439482073615692748, 0.07909925936145122127 ) ) ;
#1072 = DIRECTION ( 'NONE',  ( -0.0005060740159282030044, -3.480932718718385460E-16, 0.9999998719445369888 ) ) ;
#1073 = CARTESIAN_POINT ( 'NONE',  ( 0.02216259094132725163, 0.2163647884077090078, 0.07702716485666349922 ) ) ;
#1074 =( NAMED_UNIT ( * ) SI_UNIT ( $, .STERADIAN. ) SOLID_ANGLE_UNIT ( ) );
#1075 = CARTESIAN_POINT ( 'NONE',  ( 0.02739062061212969856, 0.1545613366895119967, 0.07467278772100860440 ) ) ;
#1076 = DIRECTION ( 'NONE',  ( -0.7875489778795837781, -0.6162519359744388359, -0.0003985581250131429326 ) ) ;
#1077 = CARTESIAN_POINT ( 'NONE',  ( 0.03185688765986785520, 0.2744787734644973387, 0.08467547584592335919 ) ) ;
#1078 = CARTESIAN_POINT ( 'NONE',  ( 0.02196665301485514754, 0.1630535132977020130, 0.07667004304770388967 ) ) ;
#1079 = CARTESIAN_POINT ( 'NONE',  ( 0.01490896751939613935, 0.2185596605001014769, 0.08880860851460249672 ) ) ;
#1080 = ORIENTED_EDGE ( 'NONE', *, *, #4287, .F. ) ;
#1081 = CARTESIAN_POINT ( 'NONE',  ( 0.04787386840192535409, 0.2387528135206245794, 0.08480741207511123536 ) ) ;
#1082 = CARTESIAN_POINT ( 'NONE',  ( 0.04913039806359269929, 0.2528761279623394920, 0.08236323391471850330 ) ) ;
#1083 = CARTESIAN_POINT ( 'NONE',  ( 0.03044259982033090464, 0.1512367996896300804, 0.08114852193864904861 ) ) ;
#1084 = CARTESIAN_POINT ( 'NONE',  ( 0.03089011051574635028, 0.2462450643927500127, 0.08867456051492139668 ) ) ;
#1085 = ORIENTED_EDGE ( 'NONE', *, *, #2601, .F. ) ;
#1086 = ORIENTED_EDGE ( 'NONE', *, *, #1185, .T. ) ;
#1087 = DIRECTION ( 'NONE',  ( 0.0005060740159282030044, 3.480932718718385460E-16, -0.9999998719445369888 ) ) ;
#1088 = CARTESIAN_POINT ( 'NONE',  ( 0.01627441800652667039, 0.2433438028062530067, 0.07885974636836394491 ) ) ;
#1089 = DIRECTION ( 'NONE',  ( 0.7875489778795833340, 0.6162519359744393910, 0.0003985581250134316556 ) ) ;
#1090 = CARTESIAN_POINT ( 'NONE',  ( 0.02210177115411504981, 0.2193250830252574946, 0.07702713407734650131 ) ) ;
#1091 = CARTESIAN_POINT ( 'NONE',  ( 0.03417289779533864980, 0.1617693172453810169, 0.07667622031181030307 ) ) ;
#1092 = CARTESIAN_POINT ( 'NONE',  ( 0.02080698526477404997, 0.1547862672578119991, 0.07666945616991330259 ) ) ;
#1093 = EDGE_CURVE ( 'NONE', #1678, #82, #4087, .T. ) ;
#1094 = EDGE_CURVE ( 'NONE', #2739, #514, #4030, .T. ) ;
#1095 = CARTESIAN_POINT ( 'NONE',  ( 0.04792640395515927049, 0.1313048158359618744, 0.07999857239526700359 ) ) ;
#1096 = CARTESIAN_POINT ( 'NONE',  ( 0.04637203906077124599, 0.1418926854566744111, 0.07749436725529944281 ) ) ;
#1097 = CARTESIAN_POINT ( 'NONE',  ( 0.04421084709995064949, 0.1597746956704159949, 0.08882343743637499678 ) ) ;
#1098 = CARTESIAN_POINT ( 'NONE',  ( 0.04131479235789235066, 0.1104482500454759958, 0.09067983643231250501 ) ) ;
#1099 = LINE ( 'NONE', #447, #2935 ) ;
#1100 = ORIENTED_EDGE ( 'NONE', *, *, #1430, .T. ) ;
#1101 = CIRCLE ( 'NONE', #540, 0.001499999999999998730 ) ;
#1102 = CARTESIAN_POINT ( 'NONE',  ( 0.01026109384624582406, 0.1463326862417652918, 0.07656148129094382526 ) ) ;
#1103 = CARTESIAN_POINT ( 'NONE',  ( 0.04391389512693753133, 0.2661731312702937946, 0.08444904654750746975 ) ) ;
#1104 = CARTESIAN_POINT ( 'NONE',  ( 0.02280626525139861638, 0.1543247003746556489, 0.07667046795369468482 ) ) ;
#1105 = ADVANCED_FACE ( 'NONE', ( #409 ), #2356, .T. ) ;
#1106 = CARTESIAN_POINT ( 'NONE',  ( 0.04555072828328109863, 0.2346613971036034807, 0.08376974185688050578 ) ) ;
#1107 = AXIS2_PLACEMENT_3D ( 'NONE', #2626, #3282, #632 ) ;
#1108 = ORIENTED_EDGE ( 'NONE', *, *, #3570, .F. ) ;
#1109 = CARTESIAN_POINT ( 'NONE',  ( 0.02382003118049344850, 0.2308158068207315228, 0.07667098099435530612 ) ) ;
#1111 = EDGE_CURVE ( 'NONE', #2427, #2549, #1455, .T. ) ;
#1110 = ORIENTED_EDGE ( 'NONE', *, *, #3969, .T. ) ;
#1112 = CARTESIAN_POINT ( 'NONE',  ( 0.01162596729192010014, 0.2448571369253320085, 0.07939908551940719206 ) ) ;
#1113 = CARTESIAN_POINT ( 'NONE',  ( 0.01790163428690401057, 0.2412980633045575252, 0.07800913681484804296 ) ) ;
#1114 = LINE ( 'NONE', #2453, #1170 ) ;
#1115 = CARTESIAN_POINT ( 'NONE',  ( 0.02217760627121900113, 0.2097773828085305048, 0.07702717245553059033 ) ) ;
#1116 = FACE_OUTER_BOUND ( 'NONE', #3393, .T. ) ;
#1117 = CARTESIAN_POINT ( 'NONE',  ( 0.01367229399310192738, 0.2394611577918288881, 0.08440581616732463488 ) ) ;
#1118 = CARTESIAN_POINT ( 'NONE',  ( 0.04604160444721749901, 0.1141457616613224119, 0.08768222816522890095 ) ) ;
#1119 = CARTESIAN_POINT ( 'NONE',  ( 0.05001918505540259990, 0.2435450643761654932, 0.08882637688566639989 ) ) ;
#1120 = CARTESIAN_POINT ( 'NONE',  ( 0.04193458673306380002, 0.1096607009667464050, 0.08368014919779280525 ) ) ;
#1121 = ORIENTED_EDGE ( 'NONE', *, *, #3985, .F. ) ;
#1122 = CARTESIAN_POINT ( 'NONE',  ( 0.03454278905737222238, 0.1171948381468580630, 0.08222904458691393526 ) ) ;
#1123 = CARTESIAN_POINT ( 'NONE',  ( 0.04759425158418165852, 0.2607946778110487029, 0.08388382011331388388 ) ) ;
#1124 = CARTESIAN_POINT ( 'NONE',  ( 0.03000138321093089727, 0.2295860272631405075, 0.07367410883223539375 ) ) ;
#1125 = CARTESIAN_POINT ( 'NONE',  ( 0.02610744990809350102, 0.2301175857947980463, 0.07367837448471453721 ) ) ;
#1126 = EDGE_LOOP ( 'NONE', ( #90, #2646, #3132, #1085 ) ) ;
#1127 = CARTESIAN_POINT ( 'NONE',  ( 0.02052312120091192085, 0.1503372485854894414, 0.07520600898231090403 ) ) ;
#1128 = ORIENTED_EDGE ( 'NONE', *, *, #4298, .T. ) ;
#1129 = LINE ( 'NONE', #4182, #2047 ) ;
#1130 = AXIS2_PLACEMENT_3D ( 'NONE', #2714, #1414, #2756 ) ;
#1131 = CARTESIAN_POINT ( 'NONE',  ( 0.03419345149985165283, 0.2357509283953032053, 0.07558223927454277291 ) ) ;
#1132 = DIRECTION ( 'NONE',  ( -0.0005060740159282030044, -3.480932718718385460E-16, 0.9999998719445369888 ) ) ;
#1133 = MANIFOLD_SOLID_BREP ( 'Imported1', #1447 ) ;
#1134 = CARTESIAN_POINT ( 'NONE',  ( 0.02217319426922680081, 0.2092906873903865039, 0.07702717022273079805 ) ) ;
#1135 = DATE_AND_TIME ( #1856, #420 ) ;
#1136 = CARTESIAN_POINT ( 'NONE',  ( 0.008959780311273196976, 0.1443853430887207800, 0.08551086933499990606 ) ) ;
#1137 = DIRECTION ( 'NONE',  ( -0.6162518570600122869, 0.7875490787295454931, -0.0003118690920604168986 ) ) ;
#1138 = CARTESIAN_POINT ( 'NONE',  ( 0.04045305323793708940, 0.1498855316585165076, 0.07514068153644511139 ) ) ;
#1139 = FACE_OUTER_BOUND ( 'NONE', #638, .T. ) ;
#1140 = CARTESIAN_POINT ( 'NONE',  ( 0.04213440969303959560, 0.2138151719798404848, 0.08175131788848059855 ) ) ;
#1141 = EDGE_LOOP ( 'NONE', ( #2073, #3703, #2134, #2688 ) ) ;
#1142 = CARTESIAN_POINT ( 'NONE',  ( 0.04101319077910705463, 0.1221945787753815349, 0.08158898892234765776 ) ) ;
#1143 = CARTESIAN_POINT ( 'NONE',  ( 0.04477366584786125064, 0.2652595359919326379, 0.08437913247376616077 ) ) ;
#1144 = CARTESIAN_POINT ( 'NONE',  ( 0.02738960846409784974, 0.1545613366895119967, 0.07667278746489769592 ) ) ;
#1145 = CARTESIAN_POINT ( 'NONE',  ( 0.02128655597470536023, 0.2319796216781476461, 0.07386974423611847307 ) ) ;
#1146 = ORIENTED_EDGE ( 'NONE', *, *, #1049, .F. ) ;
#1147 = EDGE_CURVE ( 'NONE', #802, #804, #3551, .T. ) ;
#1148 = CARTESIAN_POINT ( 'NONE',  ( 0.01630087653106362250, 0.1480047732091266111, 0.07599490172058788462 ) ) ;
#1149 = ORIENTED_EDGE ( 'NONE', *, *, #2027, .T. ) ;
#1150 = DIRECTION ( 'NONE',  ( 0.7875489778795837781, 0.6162519359744388359, 0.0003985581250135404011 ) ) ;
#1151 = CARTESIAN_POINT ( 'NONE',  ( 0.01162596729192010014, 0.2448571369253320085, 0.07939908551940719206 ) ) ;
#1152 = FACE_BOUND ( 'NONE', #230, .T. ) ;
#1153 = CARTESIAN_POINT ( 'NONE',  ( 0.02207765567050790079, 0.2201638909673115096, 0.07702712187312539538 ) ) ;
#1154 = CALENDAR_DATE ( 2026, 6, 9 ) ;
#1155 = CARTESIAN_POINT ( 'NONE',  ( 0.008605948977027152308, 0.1437651210809648139, 0.08604101321845535055 ) ) ;
#1156 = CARTESIAN_POINT ( 'NONE',  ( 0.01162419072761440055, 0.2448571369253320085, 0.08290956822014680649 ) ) ;
#1157 = CARTESIAN_POINT ( 'NONE',  ( 0.01413136682657414010, 0.09044597109155409764, 0.08766607922105909556 ) ) ;
#1158 = CARTESIAN_POINT ( 'NONE',  ( 0.04361563752994644660, 0.1597381212229944947, 0.08471095940494609289 ) ) ;
#1159 = FACE_OUTER_BOUND ( 'NONE', #2866, .T. ) ;
#1160 = VERTEX_POINT ( 'NONE', #2857 ) ;
#1161 = CARTESIAN_POINT ( 'NONE',  ( 0.03412181078334059620, 0.1170105281564287059, 0.08224988850815193042 ) ) ;
#1162 = CARTESIAN_POINT ( 'NONE',  ( 0.03862826083409007932, 0.2698591627597420883, 0.08463855701247309515 ) ) ;
#1163 = CARTESIAN_POINT ( 'NONE',  ( 0.01470287892306169908, 0.1507807125400143222, 0.07996628495049540319 ) ) ;
#1164 = CARTESIAN_POINT ( 'NONE',  ( 0.02578232820884927140, 0.2301984548662197316, 0.07368121244278169613 ) ) ;
#1165 = ORIENTED_EDGE ( 'NONE', *, *, #2765, .F. ) ;
#1166 = AXIS2_PLACEMENT_3D ( 'NONE', #2806, #1756, #3171 ) ;
#1167 = CARTESIAN_POINT ( 'NONE',  ( 0.01744939939422291211, 0.1487891552546692919, 0.07573725044621483493 ) ) ;
#1168 = VERTEX_POINT ( 'NONE', #206 ) ;
#1169 = CARTESIAN_POINT ( 'NONE',  ( 0.03275910188650506955, 0.2744484030267438923, 0.08467549591046945323 ) ) ;
#1170 = VECTOR ( 'NONE', #2122, 1.000000000000000000 ) ;
#1171 = EDGE_CURVE ( 'NONE', #2855, #3069, #2149, .T. ) ;
#1172 = CARTESIAN_POINT ( 'NONE',  ( 0.01386823053974529062, 0.2483951175807105893, 0.08070374276040266637 ) ) ;
#1173 = CARTESIAN_POINT ( 'NONE',  ( 0.02703661485484699922, 0.1335608309790970172, 0.09467261112897999709 ) ) ;
#1174 = CARTESIAN_POINT ( 'NONE',  ( 0.01879690879138275206, 0.1566813522380635093, 0.07702546157216440259 ) ) ;
#1175 = CARTESIAN_POINT ( 'NONE',  ( 0.01162120621825192025, 0.2448571369253320085, 0.08880694466382441088 ) ) ;
#1176 = EDGE_CURVE ( 'NONE', #82, #1678, #2505, .T. ) ;
#1177 = DIRECTION ( 'NONE',  ( 0.0005060740159282030044, 3.480932718718385460E-16, -0.9999998719445369888 ) ) ;
#1178 = CARTESIAN_POINT ( 'NONE',  ( 0.04630343935752261053, 0.1420556644452517503, 0.07745018972603345819 ) ) ;
#1179 = CARTESIAN_POINT ( 'NONE',  ( 0.01741764554405764859, 0.2179247851931160052, 0.08173880937471590669 ) ) ;
#1180 = CARTESIAN_POINT ( 'NONE',  ( 0.02385111468419590097, 0.2304762143786215078, 0.07467099646879989117 ) ) ;
#1181 = VERTEX_POINT ( 'NONE', #621 ) ;
#1182 = DIRECTION ( 'NONE',  ( -0.0005060740159282030044, -3.480932718718385460E-16, 0.9999998719445369888 ) ) ;
#1183 = CARTESIAN_POINT ( 'NONE',  ( 0.03674695081159289750, 0.2293555115341550099, 0.07467752271721339596 ) ) ;
#1184 = CARTESIAN_POINT ( 'NONE',  ( 0.03335994191892999866, 0.1504166488886188591, 0.08676688665052943727 ) ) ;
#1185 = EDGE_CURVE ( 'NONE', #4195, #2323, #3888, .T. ) ;
#1186 = FACE_OUTER_BOUND ( 'NONE', #3743, .T. ) ;
#1187 = VERTEX_POINT ( 'NONE', #2570 ) ;
#1188 = CARTESIAN_POINT ( 'NONE',  ( 0.01740771773133432607, 0.1487628081692871085, 0.07574600903589116807 ) ) ;
#1189 = ORIENTED_EDGE ( 'NONE', *, *, #4027, .F. ) ;
#1190 = CARTESIAN_POINT ( 'NONE',  ( 0.02813615731243790039, 0.1545358268507079913, 0.07667316527391980496 ) ) ;
#1191 = B_SPLINE_SURFACE_WITH_KNOTS ( 'NONE', 3, 1, ( 
 ( #2769, #750 ),
 ( #1180, #1764 ),
 ( #164, #1427 ),
 ( #123, #3468 ) ),
 .UNSPECIFIED., .F., .F., .F.,
 ( 4, 4 ),
 ( 2, 2 ),
 ( 6.369639885323180373, 6.505619432516870582 ),
 ( 0.000000000000000000, 0.2000000000000000111 ),
 .UNSPECIFIED. ) ;
#1192 = CIRCLE ( 'NONE', #22, 0.001499999999999998730 ) ;
#1193 = DIRECTION ( 'NONE',  ( 0.0005060740159282030044, 3.480932718718385460E-16, -0.9999998719445369888 ) ) ;
#1194 = CARTESIAN_POINT ( 'NONE',  ( 0.02485819137966204656, 0.2366211369553715416, 0.08541722754991293298 ) ) ;
#1195 = APPROVAL_STATUS ( 'not_yet_approved' ) ;
#1196 = CARTESIAN_POINT ( 'NONE',  ( 0.02999627585816489958, 0.2295860272631405075, 0.08376621384298570117 ) ) ;
#1197 = CARTESIAN_POINT ( 'NONE',  ( 0.04776060718196369764, 0.2342947596894739970, 0.07505099380054389147 ) ) ;
#1198 = CARTESIAN_POINT ( 'NONE',  ( 0.04882388098281248423, 0.2501221967866048557, 0.08162378068663833641 ) ) ;
#1199 = CARTESIAN_POINT ( 'NONE',  ( 0.02284624652891468696, 0.1510651070257418849, 0.08298969788609046605 ) ) ;
#1200 = CARTESIAN_POINT ( 'NONE',  ( 0.01707340768276725124, 0.1950599996304875072, 0.08173863516485589675 ) ) ;
#1201 = CARTESIAN_POINT ( 'NONE',  ( 0.03710884650999059925, 0.2093677271892230018, 0.07703472876923489476 ) ) ;
#1202 = EDGE_CURVE ( 'NONE', #3975, #1626, #1649, .T. ) ;
#1203 = ORIENTED_EDGE ( 'NONE', *, *, #4157, .F. ) ;
#1204 = CARTESIAN_POINT ( 'NONE',  ( 0.04460997373540723232, 0.1296323254699020544, 0.08034553110895344130 ) ) ;
#1205 = LINE ( 'NONE', #1032, #1397 ) ;
#1206 = CARTESIAN_POINT ( 'NONE',  ( 0.03358575786164224447, 0.1584957372131459985, 0.07707592322673029184 ) ) ;
#1207 = CARTESIAN_POINT ( 'NONE',  ( 0.03093406371862349874, 0.2474943352731390211, 0.08617458240297480587 ) ) ;
#1208 = VERTEX_POINT ( 'NONE', #3934 ) ;
#1209 = CARTESIAN_POINT ( 'NONE',  ( 0.03231754939916931663, 0.1507824391562528621, 0.07493185712470772086 ) ) ;
#1210 = ORIENTED_EDGE ( 'NONE', *, *, #588, .F. ) ;
#1211 = B_SPLINE_CURVE_WITH_KNOTS ( 'NONE', 1,
 ( #603, #2953 ),
 .UNSPECIFIED., .F., .F.,
 ( 2, 2 ),
 ( 0.000000000000000000, 1.000000000000000000 ),
 .UNSPECIFIED. ) ;
#1212 = CARTESIAN_POINT ( 'NONE',  ( 0.05197742065340089923, 0.2508712903144565409, 0.08186641398290479821 ) ) ;
#1213 = DIRECTION ( 'NONE',  ( -0.9994165763531819291, 0.03415041871287127079, -0.0005057788251457607685 ) ) ;
#1214 = DIRECTION ( 'NONE',  ( 0.7875489778795837781, 0.6162519359744388359, 0.0003985581250134319267 ) ) ;
#1215 = DIRECTION ( 'NONE',  ( 0.0005060740159282030044, 3.480932718718385460E-16, -0.9999998719445369888 ) ) ;
#1216 = DIRECTION ( 'NONE',  ( -0.0005060740159282030044, -3.480932718718385460E-16, 0.9999998719445369888 ) ) ;
#1217 = COORDINATED_UNIVERSAL_TIME_OFFSET ( 2, 0, .AHEAD. ) ;
#1218 = CARTESIAN_POINT ( 'NONE',  ( 0.01730386401857399864, 0.1531311592576954927, 0.08376244132205860893 ) ) ;
#1219 = DIRECTION ( 'NONE',  ( -0.7875489778795837781, -0.6162519359744388359, -0.0003985581250137553984 ) ) ;
#1220 = CARTESIAN_POINT ( 'NONE',  ( 0.04867064472985974111, 0.2494012208041263279, 0.08141060961360328807 ) ) ;
#1221 = DIRECTION ( 'NONE',  ( -0.0005060740159282030044, -3.480932718718385460E-16, 0.9999998719445369888 ) ) ;
#1222 = CARTESIAN_POINT ( 'NONE',  ( 0.01742436801328890034, 0.2175971416428574834, 0.08173881277678320123 ) ) ;
#1223 = CARTESIAN_POINT ( 'NONE',  ( 0.03700873235575719705, 0.2076128982106320020, 0.07703467810405630056 ) ) ;
#1224 = EDGE_CURVE ( 'NONE', #952, #2427, #3035, .T. ) ;
#1225 = ORIENTED_EDGE ( 'NONE', *, *, #2788, .T. ) ;
#1226 = EDGE_CURVE ( 'NONE', #3855, #2055, #1889, .T. ) ;
#1227 = CARTESIAN_POINT ( 'NONE',  ( 0.04259731142337199600, 0.1478430368982115994, 0.08175155215043629353 ) ) ;
#1228 = CARTESIAN_POINT ( 'NONE',  ( 0.03432565226955256593, 0.2005373858062569625, 0.07467662906331809514 ) ) ;
#1229 = CARTESIAN_POINT ( 'NONE',  ( 0.03358717486888684878, 0.1584957372131459985, 0.07427592358528559147 ) ) ;
#1230 = DIRECTION ( 'NONE',  ( -0.0005060740159282030044, -3.480932718718385460E-16, 0.9999998719445369888 ) ) ;
#1231 = ORIENTED_EDGE ( 'NONE', *, *, #386, .T. ) ;
#1232 = CARTESIAN_POINT ( 'NONE',  ( 0.04378944641300635404, 0.1401671820232131827, 0.07797910874611908849 ) ) ;
#1233 = EDGE_CURVE ( 'NONE', #923, #1270, #2720, .T. ) ;
#1234 = ORIENTED_EDGE ( 'NONE', *, *, #198, .T. ) ;
#1235 = CARTESIAN_POINT ( 'NONE',  ( 0.02704724240918150030, 0.1335608309790970172, 0.07367261381814468879 ) ) ;
#1236 = CARTESIAN_POINT ( 'NONE',  ( 0.01162330244546153947, 0.2448571369253320085, 0.08466480957051659983 ) ) ;
#1237 = VECTOR ( 'NONE', #3923, 1.000000000000000000 ) ;
#1238 = EDGE_CURVE ( 'NONE', #1895, #1579, #195, .T. ) ;
#1239 = CARTESIAN_POINT ( 'NONE',  ( 0.01427626362157343072, 0.2472020312841810286, 0.08029985619663571050 ) ) ;
#1240 = CARTESIAN_POINT ( 'NONE',  ( 0.006179707203636697344, 0.1359497052983360266, 0.07929338929206518338 ) ) ;
#1241 = CARTESIAN_POINT ( 'NONE',  ( 0.02569893605046345841, 0.2363329424633544285, 0.08308712246858369899 ) ) ;
#1242 = CARTESIAN_POINT ( 'NONE',  ( 0.02268990307735850240, 0.2307730407566045139, 0.08881254624441228818 ) ) ;
#1243 = EDGE_CURVE ( 'NONE', #1928, #1168, #2665, .T. ) ;
#1244 = AXIS2_PLACEMENT_3D ( 'NONE', #2100, #2433, #418 ) ;
#1245 = FACE_OUTER_BOUND ( 'NONE', #2067, .T. ) ;
#1246 = CARTESIAN_POINT ( 'NONE',  ( 0.02632552853066869730, 0.1125730855985020429, 0.08267247772115020321 ) ) ;
#1247 = CARTESIAN_POINT ( 'NONE',  ( 0.02450769157734039930, 0.1513811191396072786, 0.08135501474684665724 ) ) ;
#1248 = CARTESIAN_POINT ( 'NONE',  ( 0.01639697174643399771, 0.2339545454992055240, 0.08173829283816209934 ) ) ;
#1249 = CARTESIAN_POINT ( 'NONE',  ( 0.03420909415935659975, 0.1975163857578740023, 0.07467623837374100237 ) ) ;
#1250 = ORIENTED_EDGE ( 'NONE', *, *, #1557, .F. ) ;
#1251 = CARTESIAN_POINT ( 'NONE',  ( 0.04200057071081403359, 0.1520309283272626710, 0.08175125015542877849 ) ) ;
#1252 = CARTESIAN_POINT ( 'NONE',  ( 0.03609791725059383061, 0.2247267418090223290, 0.07467764425317564847 ) ) ;
#1253 = CARTESIAN_POINT ( 'NONE',  ( 0.008996582108720100127, 0.2551476937219485097, 0.09466348153599159210 ) ) ;
#1254 = CARTESIAN_POINT ( 'NONE',  ( 0.02410724371943634772, 0.1939358402270144888, 0.07707112639639909779 ) ) ;
#1255 = EDGE_LOOP ( 'NONE', ( #3320, #1108 ) ) ;
#1256 = CARTESIAN_POINT ( 'NONE',  ( 0.04332995076147135027, 0.1412377367671194539, 0.07770021841556441766 ) ) ;
#1257 = DIRECTION ( 'NONE',  ( -0.9994165763531819291, 0.03415041871287127079, -0.0005057788251457607685 ) ) ;
#1258 = DIRECTION ( 'NONE',  ( 0.9994165763531819291, -0.03415041871287124303, 0.0005057788251480732633 ) ) ;
#1259 = CARTESIAN_POINT ( 'NONE',  ( 0.04768002952190278365, 0.2384546559384230768, 0.07718292380368749206 ) ) ;
#1260 = CARTESIAN_POINT ( 'NONE',  ( 0.03573154361246511784, 0.2360849248880302065, 0.08368397098934186873 ) ) ;
#1261 = CARTESIAN_POINT ( 'NONE',  ( 0.01681215134015240018, 0.2353522793969929916, 0.07503533158920359936 ) ) ;
#1262 = CARTESIAN_POINT ( 'NONE',  ( 0.02661632172654138095, 0.2360688363409285395, 0.08197239950852018564 ) ) ;
#1263 = CARTESIAN_POINT ( 'NONE',  ( 0.01241568591901417995, 0.2412707454772420046, 0.08880734672940859831 ) ) ;
#1264 = CARTESIAN_POINT ( 'NONE',  ( 0.03088707407165080035, 0.2462450643927500127, 0.09467455974658858797 ) ) ;
#1265 = CARTESIAN_POINT ( 'NONE',  ( 0.04624643048080737812, 0.2436978772325075759, 0.07942571374965633202 ) ) ;
#1266 = CARTESIAN_POINT ( 'NONE',  ( 0.02485265705664048072, 0.1514268422751168797, 0.08114910953393213167 ) ) ;
#1267 = CARTESIAN_POINT ( 'NONE',  ( 0.01739589117023734866, 0.2188588519309530023, 0.08173879836539109378 ) ) ;
#1268 = CARTESIAN_POINT ( 'NONE',  ( 0.04007107518471610119, 0.2174913445767044928, 0.07939325078237720323 ) ) ;
#1269 = AXIS2_PLACEMENT_3D ( 'NONE', #1683, #2095, #1067 ) ;
#1270 = VERTEX_POINT ( 'NONE', #425 ) ;
#1271 = CARTESIAN_POINT ( 'NONE',  ( 0.04344234411890884884, 0.1174655884157976005, 0.09068091313111409368 ) ) ;
#1272 = FACE_OUTER_BOUND ( 'NONE', #4050, .T. ) ;
#1273 = FACE_OUTER_BOUND ( 'NONE', #2044, .T. ) ;
#1274 = ORIENTED_EDGE ( 'NONE', *, *, #852, .T. ) ;
#1275 = CARTESIAN_POINT ( 'NONE',  ( 0.04354885594166602730, 0.1407482749802095034, 0.07782848221979940528 ) ) ;
#1276 = FACE_OUTER_BOUND ( 'NONE', #4224, .T. ) ;
#1277 = CARTESIAN_POINT ( 'NONE',  ( 0.01319103772068293268, 0.2552697812109325226, 0.08263357130382376070 ) ) ;
#1278 = CARTESIAN_POINT ( 'NONE',  ( 0.04641073511425037462, 0.2366998621752833265, 0.07630275252616590398 ) ) ;
#1279 = EDGE_LOOP ( 'NONE', ( #3082, #2986 ) ) ;
#1280 = ADVANCED_FACE ( 'NONE', ( #405 ), #3079, .T. ) ;
#1281 = FACE_BOUND ( 'NONE', #943, .T. ) ;
#1282 = DIRECTION ( 'NONE',  ( -0.9994165763531819291, 0.03415041871287127079, -0.0005057788251457607685 ) ) ;
#1283 = CARTESIAN_POINT ( 'NONE',  ( 0.02774704921481347189, 0.2358139664717001371, 0.08114454395072512316 ) ) ;
#1284 = CARTESIAN_POINT ( 'NONE',  ( 0.04850863617152140206, 0.1109955653464043956, 0.08368347615381910298 ) ) ;
#1285 = CARTESIAN_POINT ( 'NONE',  ( 0.02824389180279854999, 0.2296460294894115128, 0.07667321979555299927 ) ) ;
#1286 = CARTESIAN_POINT ( 'NONE',  ( 0.03440687853134123675, 0.2357887169282105455, 0.07560633361030308364 ) ) ;
#1287 = CARTESIAN_POINT ( 'NONE',  ( 0.007136946123114700641, 0.1402445951244191968, 0.07826295039539848952 ) ) ;
#1288 = CARTESIAN_POINT ( 'NONE',  ( 0.01956547497362700130, 0.1986590572751329997, 0.07938287342955330228 ) ) ;
#1289 = ORIENTED_EDGE ( 'NONE', *, *, #1562, .F. ) ;
#1290 = B_SPLINE_SURFACE_WITH_KNOTS ( 'NONE', 2, 1, ( 
 ( #3966, #653 ),
 ( #953, #2289 ),
 ( #2075, #416 ),
 ( #3416, #1754 ),
 ( #3090, #92 ),
 ( #4085, #1070 ),
 ( #3751, #2410 ) ),
 .UNSPECIFIED., .F., .F., .F.,
 ( 3, 2, 2, 3 ),
 ( 2, 2 ),
 ( -0.01206380193331259981, 0.000000000000000000, 0.9377640280302109721, 2.654684720741820048 ),
 ( -4.466674202549150152, 7.445134197167790013 ),
 .UNSPECIFIED. ) ;
#1291 = CARTESIAN_POINT ( 'NONE',  ( 0.02427151862208765110, 0.2244670239361954978, 0.07467120922433630181 ) ) ;
#1292 = CARTESIAN_POINT ( 'NONE',  ( 0.01961763671346157881, 0.1171636973883164318, 0.08227827380592500628 ) ) ;
#1293 = CARTESIAN_POINT ( 'NONE',  ( 0.0002904702299721119668, 0.1197678252755730033, 0.02243353041845054865 ) ) ;
#1294 = CARTESIAN_POINT ( 'NONE',  ( 0.04819233130570000495, 0.2373399113053389908, 0.08882545236233439778 ) ) ;
#1295 = ORIENTED_EDGE ( 'NONE', *, *, #3194, .F. ) ;
#1296 = CARTESIAN_POINT ( 'NONE',  ( 0.04501365548105366182, 0.1352036841186410598, 0.07918734768437829530 ) ) ;
#1297 = DIRECTION ( 'NONE',  ( -0.0005060740159282030044, -3.480932718718385460E-16, 0.9999998719445369888 ) ) ;
#1298 = CARTESIAN_POINT ( 'NONE',  ( 0.04439139749721963263, 0.2697832342406665251, 0.08464526872491565102 ) ) ;
#1299 = PLANE ( 'NONE',  #3627 ) ;
#1300 = CARTESIAN_POINT ( 'NONE',  ( 0.03589363993878903064, 0.2361273467891102373, 0.08403846633218757523 ) ) ;
#1301 = CARTESIAN_POINT ( 'NONE',  ( 0.01517199727625967443, 0.1162324980280796116, 0.08238416145427496229 ) ) ;
#1302 = CYLINDRICAL_SURFACE ( 'NONE', #4190, 0.001499999999999998730 ) ;
#1303 = CC_DESIGN_PERSON_AND_ORGANIZATION_ASSIGNMENT ( #2373, #1357, ( #1585 ) ) ;
#1304 = CARTESIAN_POINT ( 'NONE',  ( 0.02453707824487140129, 0.2151513594859419953, 0.07467134361717829572 ) ) ;
#1305 = CIRCLE ( 'NONE', #822, 0.001000000000000002623 ) ;
#1306 = CARTESIAN_POINT ( 'NONE',  ( 0.009397383555565729310, 0.1371133979526263091, 0.07900464572009664732 ) ) ;
#1307 = CARTESIAN_POINT ( 'NONE',  ( 0.04357827059356178534, 0.2404767522823001713, 0.07804697548755114289 ) ) ;
#1308 = CARTESIAN_POINT ( 'NONE',  ( 0.02245331686557850218, 0.1509667360425565041, 0.08867029087233049833 ) ) ;
#1309 = CARTESIAN_POINT ( 'NONE',  ( 0.01972054975192764903, 0.2200915154465799828, 0.07938295190888020048 ) ) ;
#1310 = LINE ( 'NONE', #3054, #2511 ) ;
#1311 = VECTOR ( 'NONE', #2182, 1.000000000000000000 ) ;
#1312 = ORIENTED_EDGE ( 'NONE', *, *, #645, .F. ) ;
#1313 = CARTESIAN_POINT ( 'NONE',  ( 0.02007323960540835159, 0.1504076246989830001, 0.07466908458414230065 ) ) ;
#1314 = CARTESIAN_POINT ( 'NONE',  ( 0.009094235139557756836, 0.1318068105703375792, 0.08014629070738087113 ) ) ;
#1315 = CARTESIAN_POINT ( 'NONE',  ( 0.03388273297220764646, 0.1701886744163055021, 0.07667607346691419912 ) ) ;
#1316 = CARTESIAN_POINT ( 'NONE',  ( 0.02358699417698690085, 0.1809717950783144846, 0.07427086275303479423 ) ) ;
#1317 = ORIENTED_EDGE ( 'NONE', *, *, #2330, .T. ) ;
#1318 = CARTESIAN_POINT ( 'NONE',  ( 0.04168837338862250996, 0.1440339151811779461, 0.07693614872899003088 ) ) ;
#1319 = APPROVAL_PERSON_ORGANIZATION ( #1839, #3315, #177 ) ;
#1320 = ADVANCED_FACE ( 'NONE', ( #1740 ), #469, .F. ) ;
#1321 = CARTESIAN_POINT ( 'NONE',  ( 0.03065324880236440161, 0.2295637009066055223, 0.07667443910868169954 ) ) ;
#1322 = CARTESIAN_POINT ( 'NONE',  ( 0.01868643000800381676, 0.2664875519951603877, 0.08439305450825416999 ) ) ;
#1323 = CARTESIAN_POINT ( 'NONE',  ( 0.03239027071719546846, 0.1507484818788452641, 0.08294586108447378481 ) ) ;
#1324 = CARTESIAN_POINT ( 'NONE',  ( 0.03089011051574635028, 0.2462450643927500127, 0.08867456051492139668 ) ) ;
#1325 = ORIENTED_EDGE ( 'NONE', *, *, #3651, .T. ) ;
#1326 = CARTESIAN_POINT ( 'NONE',  ( 0.03143689801373622528, 0.2354884802259102905, 0.08047642896210811803 ) ) ;
#1327 = CARTESIAN_POINT ( 'NONE',  ( 0.03406497344012450468, 0.2297470317075904767, 0.07367882378829175571 ) ) ;
#1328 = CARTESIAN_POINT ( 'NONE',  ( 0.03138225457350275055, 0.2607366066055920029, 0.09467581034473389334 ) ) ;
#1329 = CARTESIAN_POINT ( 'NONE',  ( 0.02448944544505204934, 0.2305755569789469939, 0.07467131951145289381 ) ) ;
#1330 = CARTESIAN_POINT ( 'NONE',  ( 0.01099657292425986095, 0.1417585683039426503, 0.07784117035232665516 ) ) ;
#1331 = CARTESIAN_POINT ( 'NONE',  ( 0.04677290014937016821, 0.2445596780496601119, 0.07976111504582383827 ) ) ;
#1332 = FACE_OUTER_BOUND ( 'NONE', #3793, .T. ) ;
#1333 = CARTESIAN_POINT ( 'NONE',  ( 0.01977737627597839914, 0.2178776799059684854, 0.07938298066731100389 ) ) ;
#1334 = CARTESIAN_POINT ( 'NONE',  ( 0.03113466457561379908, 0.2534908354991710078, 0.09467468504572529309 ) ) ;
#1335 = VERTEX_POINT ( 'NONE', #1118 ) ;
#1336 = CARTESIAN_POINT ( 'NONE',  ( 0.02442512025314260218, 0.2205413514489180105, 0.07467128695814050088 ) ) ;
#1337 = CARTESIAN_POINT ( 'NONE',  ( 0.02703914522492665076, 0.1335608309790970172, 0.08967261176925729604 ) ) ;
#1338 = AXIS2_PLACEMENT_3D ( 'NONE', #847, #4204, #500 ) ;
#1339 = CARTESIAN_POINT ( 'NONE',  ( 0.03406997429458245158, 0.1639906948254510055, 0.07467616796878340235 ) ) ;
#1340 = EDGE_CURVE ( 'NONE', #2150, #735, #2811, .T. ) ;
#1341 = CARTESIAN_POINT ( 'NONE',  ( 0.03078746346026701997, 0.1334327669089237500, 0.08867450856790709546 ) ) ;
#1342 = VERTEX_POINT ( 'NONE', #1798 ) ;
#1343 = CARTESIAN_POINT ( 'NONE',  ( 0.01038627059074649812, 0.1464991284262118776, 0.07651081598950625062 ) ) ;
#1344 = CARTESIAN_POINT ( 'NONE',  ( 0.04521441053239450003, 0.1491220711320042080, 0.08732794862053649965 ) ) ;
#1345 = CARTESIAN_POINT ( 'NONE',  ( 0.01451445215588200582, 0.2603915370437414611, 0.08363558789418844286 ) ) ;
#1346 = CARTESIAN_POINT ( 'NONE',  ( 0.03060568588166861365, 0.1512053600094448447, 0.08123993080853213200 ) ) ;
#1347 = FACE_OUTER_BOUND ( 'NONE', #3876, .T. ) ;
#1348 = ORIENTED_EDGE ( 'NONE', *, *, #3077, .T. ) ;
#1349 = CARTESIAN_POINT ( 'NONE',  ( 0.03541794413079688703, 0.2360063290124960189, 0.08312302688275413631 ) ) ;
#1350 = CARTESIAN_POINT ( 'NONE',  ( 0.03825633001928818028, 0.2308300904094719996, 0.07378416349454278156 ) ) ;
#1351 = CARTESIAN_POINT ( 'NONE',  ( 0.02418511134154734121, 0.1959109282277661790, 0.07467155617040990845 ) ) ;
#1352 = CARTESIAN_POINT ( 'NONE',  ( 0.02112913070582009972, 0.1568306986111984991, 0.07466961894326029636 ) ) ;
#1353 = CARTESIAN_POINT ( 'NONE',  ( 0.01180578446073966663, 0.1431442352829301046, 0.07745899307654278976 ) ) ;
#1354 = CARTESIAN_POINT ( 'NONE',  ( 0.04609303853594156480, 0.2434664710874511195, 0.07933325626929962904 ) ) ;
#1355 = CARTESIAN_POINT ( 'NONE',  ( 0.04554060940015468295, 0.1436542296812078623, 0.08509465427434313722 ) ) ;
#1356 = CARTESIAN_POINT ( 'NONE',  ( 0.01980816191325885170, 0.2086883286679694915, 0.07938299624712240321 ) ) ;
#1357 = PERSON_AND_ORGANIZATION_ROLE ( 'design_owner' ) ;
#1358 = CARTESIAN_POINT ( 'NONE',  ( 0.01724272736902431047, 0.2349028391075154432, 0.08078317602517173790 ) ) ;
#1359 = ORIENTED_EDGE ( 'NONE', *, *, #4044, .F. ) ;
#1360 = CARTESIAN_POINT ( 'NONE',  ( 0.02427915355625770086, 0.1984977633640254979, 0.07467121308817689651 ) ) ;
#1361 = CARTESIAN_POINT ( 'NONE',  ( 0.01204402574203460204, 0.2622704595982784936, 0.08390577071229568529 ) ) ;
#1362 = CARTESIAN_POINT ( 'NONE',  ( 0.03657000024126529775, 0.2281864198122675047, 0.07467743316711619728 ) ) ;
#1363 = CARTESIAN_POINT ( 'NONE',  ( 0.007223053374665960695, 0.1405165944884181894, 0.08730872217938709379 ) ) ;
#1364 = EDGE_CURVE ( 'NONE', #492, #353, #2085, .T. ) ;
#1365 = EDGE_CURVE ( 'NONE', #2033, #1566, #3286, .T. ) ;
#1366 = VERTEX_POINT ( 'NONE', #4301 ) ;
#1367 = CARTESIAN_POINT ( 'NONE',  ( 0.01023137890541053231, 0.1462927292019470527, 0.07657361858557697187 ) ) ;
#1368 = CARTESIAN_POINT ( 'NONE',  ( 0.02998264795629717802, 0.2714566852515714057, 0.08466873759425191937 ) ) ;
#1369 = CARTESIAN_POINT ( 'NONE',  ( 0.03319640226838193459, 0.1504787803233809951, 0.08474075004705494685 ) ) ;
#1370 = CARTESIAN_POINT ( 'NONE',  ( 0.02239033646536379984, 0.2313519745026021424, 0.07604746824939029315 ) ) ;
#1371 = ORIENTED_EDGE ( 'NONE', *, *, #2027, .F. ) ;
#1372 = EDGE_CURVE ( 'NONE', #3355, #492, #313, .T. ) ;
#1373 = ORIENTED_EDGE ( 'NONE', *, *, #1981, .T. ) ;
#1374 = CARTESIAN_POINT ( 'NONE',  ( 0.04131529843190824558, 0.1104482500454759958, 0.08967983656036800089 ) ) ;
#1375 = CARTESIAN_POINT ( 'NONE',  ( 0.02243752031046511441, 0.1674153757064788806, 0.07467071596153253277 ) ) ;
#1376 = FACE_OUTER_BOUND ( 'NONE', #3999, .T. ) ;
#1377 = CARTESIAN_POINT ( 'NONE',  ( 0.01964178615981011788, 0.2396325265211116939, 0.07727587545586955819 ) ) ;
#1378 = VECTOR ( 'NONE', #2913, 1.000000000000000000 ) ;
#1379 = CARTESIAN_POINT ( 'NONE',  ( 0.03065476702441214882, 0.2295637009066055223, 0.07367443949284810389 ) ) ;
#1380 = DESIGN_CONTEXT ( 'detailed design', #4035, 'design' ) ;
#1381 = CARTESIAN_POINT ( 'NONE',  ( 0.01978953653585129729, 0.2073499371723144802, 0.07938298682130179307 ) ) ;
#1382 = CARTESIAN_POINT ( 'NONE',  ( 0.03396825743054834867, 0.1669603575735330026, 0.07667611674862589988 ) ) ;
#1383 = CIRCLE ( 'NONE', #2576, 0.003750000000000000295 ) ;
#1384 = CARTESIAN_POINT ( 'NONE',  ( 0.02454766610638365112, 0.2120203493853319854, 0.07467134897541760630 ) ) ;
#1385 = DIRECTION ( 'NONE',  ( -0.03415041433972354490, -0.9994167043339506895, -1.728263954368725660E-05 ) ) ;
#1386 = AXIS2_PLACEMENT_3D ( 'NONE', #712, #2990, #991 ) ;
#1387 = DIRECTION ( 'NONE',  ( -0.0005060740159282030044, -3.480932718718385460E-16, 0.9999998719445369888 ) ) ;
#1388 = CARTESIAN_POINT ( 'NONE',  ( 0.01704792535259744973, 0.2185697124066725006, 0.08253199432320539042 ) ) ;
#1389 = B_SPLINE_CURVE_WITH_KNOTS ( 'NONE', 3,
 ( #1582, #3889, #4221, #2925, #3998 ),
 .UNSPECIFIED., .F., .F.,
 ( 4, 1, 4 ),
 ( 0.000000000000000000, 0.5000000000000000000, 1.000000000000000000 ),
 .UNSPECIFIED. ) ;
#1390 = ORIENTED_EDGE ( 'NONE', *, *, #2144, .F. ) ;
#1391 = AXIS2_PLACEMENT_3D ( 'NONE', #3011, #3666, #1991 ) ;
#1392 = CARTESIAN_POINT ( 'NONE',  ( 0.01609985844230834087, 0.1516285712385918028, 0.07482533648692087092 ) ) ;
#1393 = CARTESIAN_POINT ( 'NONE',  ( 0.01417475476017190407, 0.2595119408033417785, 0.08348673817495985694 ) ) ;
#1394 = CARTESIAN_POINT ( 'NONE',  ( 0.02856694081892590525, 0.1515010581064862027, 0.08047496411570606578 ) ) ;
#1395 = CARTESIAN_POINT ( 'NONE',  ( 0.02061957822534449952, 0.1536540433956604945, 0.07666936132806810578 ) ) ;
#1396 = ORIENTED_EDGE ( 'NONE', *, *, #2402, .T. ) ;
#1397 = VECTOR ( 'NONE', #2062, 1.000000000000000000 ) ;
#1398 = ORIENTED_EDGE ( 'NONE', *, *, #1372, .T. ) ;
#1399 = CARTESIAN_POINT ( 'NONE',  ( 0.04043531868424600495, 0.2318145825411477012, 0.07398581250731176007 ) ) ;
#1400 = CARTESIAN_POINT ( 'NONE',  ( 0.02080799741280595083, 0.1547862672578119991, 0.07466945642602419719 ) ) ;
#1401 = CARTESIAN_POINT ( 'NONE',  ( 0.01791188537828916280, 0.2412869362873423795, 0.07800435532247106118 ) ) ;
#1402 = DIRECTION ( 'NONE',  ( -0.0005060740159282030044, -3.480831074764711985E-16, 0.9999998719445369888 ) ) ;
#1403 = CARTESIAN_POINT ( 'NONE',  ( 0.02211468857348920097, 0.2188238282138569857, 0.07702714061451759742 ) ) ;
#1404 = CARTESIAN_POINT ( 'NONE',  ( 0.03471878051176209568, 0.1543108962824094876, 0.07667649656890419829 ) ) ;
#1405 = LINE ( 'NONE', #1075, #3707 ) ;
#1406 = CARTESIAN_POINT ( 'NONE',  ( 0.007226575210196190154, 0.1405165944884206042, 0.08034959176049820406 ) ) ;
#1407 = DIRECTION ( 'NONE',  ( 0.7875489778795833340, 0.6162519359744393910, 0.0003985581250137551273 ) ) ;
#1408 = CARTESIAN_POINT ( 'NONE',  ( 0.03381585256724559813, 0.1766317725010529971, 0.07467603936436380263 ) ) ;
#1409 = CARTESIAN_POINT ( 'NONE',  ( 0.01652183171638539963, 0.2010462348450935133, 0.08253172808085210144 ) ) ;
#1410 = ORIENTED_EDGE ( 'NONE', *, *, #3113, .T. ) ;
#1411 = DIRECTION ( 'NONE',  ( 0.6162518570600122869, -0.7875490787295454931, 0.0003118690920604168986 ) ) ;
#1412 = CARTESIAN_POINT ( 'NONE',  ( 0.02094074243297338114, 0.2683233202930664363, 0.08452960558809076430 ) ) ;
#1413 = CARTESIAN_POINT ( 'NONE',  ( 0.03146222539990904676, 0.1510098739875111729, 0.08187761103171709021 ) ) ;
#1414 = DIRECTION ( 'NONE',  ( -0.0005060740159282030044, -3.480932718718385460E-16, 0.9999998719445369888 ) ) ;
#1415 = VERTEX_POINT ( 'NONE', #1287 ) ;
#1416 = VERTEX_POINT ( 'NONE', #2895 ) ;
#1417 = CARTESIAN_POINT ( 'NONE',  ( 0.04141966134857122395, 0.2323741348171714238, 0.07414746879902665844 ) ) ;
#1418 = EDGE_CURVE ( 'NONE', #1437, #2408, #3498, .T. ) ;
#1419 = CARTESIAN_POINT ( 'NONE',  ( 0.02357935103143248695, 0.2371575663391090882, 0.07612306534810350800 ) ) ;
#1420 = DIRECTION ( 'NONE',  ( 0.6162518570600098444, -0.7875490787295470474, 0.0003118690920650416172 ) ) ;
#1421 = CARTESIAN_POINT ( 'NONE',  ( 0.02212963306611604938, 0.2181815708219954908, 0.07702714817753800181 ) ) ;
#1422 = DIRECTION ( 'NONE',  ( -0.6162518570600118428, 0.7875490787295457151, -0.0003118690920618394260 ) ) ;
#1423 = ADVANCED_FACE ( 'NONE', ( #73, #4089, #706, #1030, #2392, #3051, #1332 ), #4047, .F. ) ;
#1424 = CARTESIAN_POINT ( 'NONE',  ( 0.02080799741280595083, 0.1547862672578119991, 0.07466945642602419719 ) ) ;
#1425 = CARTESIAN_POINT ( 'NONE',  ( 0.03032097577817709569, 0.1544612227073890176, 0.07367427056975006661 ) ) ;
#1426 = CARTESIAN_POINT ( 'NONE',  ( 0.04913039806359269929, 0.2528761279623394920, 0.08236323391471850330 ) ) ;
#1427 = CARTESIAN_POINT ( 'NONE',  ( 0.02387914396202935052, 0.2301356993246924942, 0.07667101090980189826 ) ) ;
#1428 = FACE_OUTER_BOUND ( 'NONE', #4005, .T. ) ;
#1429 = VERTEX_POINT ( 'NONE', #383 ) ;
#1430 = EDGE_CURVE ( 'NONE', #3069, #2855, #2786, .T. ) ;
#1431 = CARTESIAN_POINT ( 'NONE',  ( 0.02128270062807754992, 0.1538421080733798907, 0.07399986309465027279 ) ) ;
#1432 = CARTESIAN_POINT ( 'NONE',  ( 0.04433243154137286174, 0.2657364901589917561, 0.08441632226683497275 ) ) ;
#1433 = FACE_OUTER_BOUND ( 'NONE', #3954, .T. ) ;
#1434 = CARTESIAN_POINT ( 'NONE',  ( 0.01612879052468409874, 0.2360746543567764921, 0.08173815711805410000 ) ) ;
#1435 = VERTEX_POINT ( 'NONE', #1379 ) ;
#1436 = CARTESIAN_POINT ( 'NONE',  ( 0.03288137994410653825, 0.2606853809775226960, 0.09467556901309971684 ) ) ;
#1437 = VERTEX_POINT ( 'NONE', #1308 ) ;
#1438 = CARTESIAN_POINT ( 'NONE',  ( 0.04041872354382846505, 0.2723309679443148834, 0.08468889479568364465 ) ) ;
#1439 = CARTESIAN_POINT ( 'NONE',  ( 0.03079999741826990739, 0.2354938581692949118, 0.07538039081207892345 ) ) ;
#1440 = DIRECTION ( 'NONE',  ( 0.6162518570600110657, -0.7875490787295463813, 0.0003118690920650413461 ) ) ;
#1441 = CARTESIAN_POINT ( 'NONE',  ( 0.02217926504988650127, 0.2099787625294695093, 0.07702717329499549070 ) ) ;
#1442 = CARTESIAN_POINT ( 'NONE',  ( 0.000000000000000000, 0.000000000000000000, 0.000000000000000000 ) ) ;
#1443 = CARTESIAN_POINT ( 'NONE',  ( 0.01162596729192010014, 0.2448571369253320085, 0.07939908551940719206 ) ) ;
#1444 = CARTESIAN_POINT ( 'NONE',  ( 0.04656182916549334722, 0.1414210310018915728, 0.07762127833601081828 ) ) ;
#1445 = CARTESIAN_POINT ( 'NONE',  ( 0.04344234411890884884, 0.1174655884157976005, 0.09068091313111409368 ) ) ;
#1446 = CARTESIAN_POINT ( 'NONE',  ( 0.04120426228562525106, 0.1624415065378765066, 0.08175084716498640103 ) ) ;
#1447 = CLOSED_SHELL ( 'NONE', ( #2229, #2328, #1555, #785, #4159, #2922, #2006, #4210, #4086, #24, #1525, #3158, #1665, #1957, #1320, #1696, #459, #1105, #1592, #2881, #21, #862, #2751, #3632, #1711, #2444, #3385, #1549, #1280, #1423, #4097, #1692, #1565, #190, #3213, #518, #1828, #3293, #2656, #1632, #3169, #326, #2284, #2804, #2022, #2614, #119, #734, #3510, #2199, #2931, #924, #63, #2188, #3059, #2338, #2018, #2543, #2794, #2872, #2898, #2347, #154, #325 ) ) ;
#1448 = B_SPLINE_CURVE_WITH_KNOTS ( 'NONE', 3,
 ( #2416, #3756, #2478, #2785 ),
 .UNSPECIFIED., .F., .F.,
 ( 4, 4 ),
 ( 0.000000000000000000, 1.000000000000000000 ),
 .UNSPECIFIED. ) ;
#1449 = ORIENTED_EDGE ( 'NONE', *, *, #2738, .F. ) ;
#1450 = AXIS2_PLACEMENT_3D ( 'NONE', #2983, #1402, #2016 ) ;
#1451 = CARTESIAN_POINT ( 'NONE',  ( 0.02001251746677213533, 0.1169894591517673388, 0.08229504267886035562 ) ) ;
#1452 = CARTESIAN_POINT ( 'NONE',  ( 0.03774068923185320418, 0.2702386564541132130, 0.08464933934058001264 ) ) ;
#1453 = DIRECTION ( 'NONE',  ( -0.03415041433972369062, -0.9994167043339508005, -1.728263954343817470E-05 ) ) ;
#1454 = CARTESIAN_POINT ( 'NONE',  ( 0.02344636606098806503, 0.2309521644241691873, 0.07372891068759099276 ) ) ;
#1455 = B_SPLINE_CURVE_WITH_KNOTS ( 'NONE', 3,
 ( #3725, #2753, #2443, #754, #3062, #2732, #2403, #4098, #1081, #3744, #2772, #736, #2423, #3762, #4118, #1999, #2092, #3429, #3338, #1512, #859 ),
 .UNSPECIFIED., .F., .F.,
 ( 4, 2, 2, 2, 1, 1, 1, 1, 1, 2, 2, 2, 4 ),
 ( 0.000000000000000000, 0.2499999999988520294, 0.3749999999982776000, 0.4374999999979869436, 0.4687499999978446685, 0.4843749999977723375, 0.4921874999977381981, 0.4960937499977199350, 0.4980468749977087217, 0.4990234374977040033, 0.4999999999976992848, 0.7499999999988495869, 1.000000000000000000 ),
 .UNSPECIFIED. ) ;
#1456 = AXIS2_PLACEMENT_3D ( 'NONE', #3319, #3232, #1636 ) ;
#1457 = EDGE_LOOP ( 'NONE', ( #1875, #4304 ) ) ;
#1458 = CARTESIAN_POINT ( 'NONE',  ( 0.01236087734332969208, 0.1439706185964270968, 0.07722372192744814123 ) ) ;
#1459 = ORIENTED_EDGE ( 'NONE', *, *, #2196, .F. ) ;
#1460 = CARTESIAN_POINT ( 'NONE',  ( 0.03799447351096042064, 0.2733608059839333082, 0.08468785156700324446 ) ) ;
#1461 = CARTESIAN_POINT ( 'NONE',  ( 0.02379303088563995000, 0.2370599848873503612, 0.07607675029503102593 ) ) ;
#1462 = FACE_OUTER_BOUND ( 'NONE', #213, .T. ) ;
#1463 = CARTESIAN_POINT ( 'NONE',  ( 0.02211550328108610047, 0.2055575580645080114, 0.07702714102681769426 ) ) ;
#1464 = CC_DESIGN_SECURITY_CLASSIFICATION ( #3356, ( #2228 ) ) ;
#1465 = APPROVAL_DATE_TIME ( #830, #3407 ) ;
#1466 = CARTESIAN_POINT ( 'NONE',  ( 0.01250020187956031939, 0.1488714658009207825, 0.08173632078339120033 ) ) ;
#1467 = CARTESIAN_POINT ( 'NONE',  ( 0.04206513070282612982, 0.1484282583319612436, 0.08130936845260811063 ) ) ;
#1468 = DIRECTION ( 'NONE',  ( -0.6162518570600110657, 0.7875490787295463813, -0.0003118690920650413461 ) ) ;
#1469 = CARTESIAN_POINT ( 'NONE',  ( 0.03674695081159289750, 0.2293555115341550099, 0.07467752271721339596 ) ) ;
#1470 = DIRECTION ( 'NONE',  ( -0.9994165763531820401, 0.03415041871287100017, -0.0005057788251479999712 ) ) ;
#1471 = ORIENTED_EDGE ( 'NONE', *, *, #783, .T. ) ;
#1472 = CARTESIAN_POINT ( 'NONE',  ( 0.04503370639052249602, 0.1329461234422651961, 0.07967766414559560029 ) ) ;
#1473 = CARTESIAN_POINT ( 'NONE',  ( 0.03808638572211232864, 0.2700968476508188165, 0.08464548590990988997 ) ) ;
#1474 = PLANE ( 'NONE',  #543 ) ;
#1475 = CARTESIAN_POINT ( 'NONE',  ( 0.007222995032112509983, 0.1405165944884206042, 0.08742400679175670042 ) ) ;
#1476 = ORIENTED_EDGE ( 'NONE', *, *, #1111, .T. ) ;
#1477 = CARTESIAN_POINT ( 'NONE',  ( 0.01420768440180034120, 0.1461783701238599520, 0.07656956129800319977 ) ) ;
#1478 = CARTESIAN_POINT ( 'NONE',  ( 0.03113770101970934900, 0.2534908354991710078, 0.08867468581405810180 ) ) ;
#1479 = CARTESIAN_POINT ( 'NONE',  ( 0.03690362625183239709, 0.2303687703243920137, 0.07467760200659279146 ) ) ;
#1480 = CIRCLE ( 'NONE', #1338, 0.001000000000000002623 ) ;
#1481 = CARTESIAN_POINT ( 'NONE',  ( 0.01435611235524857435, 0.2469918054664999030, 0.08022685115229516439 ) ) ;
#1482 = LINE ( 'NONE', #3136, #2721 ) ;
#1483 = CARTESIAN_POINT ( 'NONE',  ( 0.02213869386726990268, 0.2177496564594985085, 0.07702715276297450453 ) ) ;
#1484 = PERSON_AND_ORGANIZATION ( #2117, #4199 ) ;
#1485 = CARTESIAN_POINT ( 'NONE',  ( 0.009387229499075253752, 0.1450706850966960726, 0.08492362506049562498 ) ) ;
#1486 = CARTESIAN_POINT ( 'NONE',  ( 0.01291815062539908125, 0.2409884330827208321, 0.08565221564897672335 ) ) ;
#1487 = CARTESIAN_POINT ( 'NONE',  ( 0.04650170924358441177, 0.1415747590012323975, 0.07758009891432586513 ) ) ;
#1488 = DIRECTION ( 'NONE',  ( -0.0005060740159282030044, -3.480932718718385460E-16, 0.9999998719445369888 ) ) ;
#1489 = DIRECTION ( 'NONE',  ( -0.0005060740159292109871, 4.148806183347664824E-16, 0.9999998719445369888 ) ) ;
#1490 = ORIENTED_EDGE ( 'NONE', *, *, #2839, .T. ) ;
#1491 = CARTESIAN_POINT ( 'NONE',  ( 0.04468458826500525810, 0.1299773653577281918, 0.08027935556276016849 ) ) ;
#1492 = CARTESIAN_POINT ( 'NONE',  ( 0.04610777266530005636, 0.2634901086494539912, 0.08421156165008295003 ) ) ;
#1493 = CARTESIAN_POINT ( 'NONE',  ( 0.04729310892806659616, 0.1391476224640769976, 0.07368285972643190407 ) ) ;
#1494 = CARTESIAN_POINT ( 'NONE',  ( 0.01975471613515559707, 0.2329085685399108763, 0.07407249483627653674 ) ) ;
#1495 = EDGE_CURVE ( 'NONE', #129, #2055, #1305, .T. ) ;
#1496 = ORIENTED_EDGE ( 'NONE', *, *, #1923, .T. ) ;
#1497 = CARTESIAN_POINT ( 'NONE',  ( 0.01465594645194874361, 0.1466180328038308167, 0.07643400491510778105 ) ) ;
#1498 = CARTESIAN_POINT ( 'NONE',  ( 0.04070157694492779893, 0.1112357991242054062, 0.08467952533155320705 ) ) ;
#1499 = CARTESIAN_POINT ( 'NONE',  ( 0.04156401292909889938, 0.2717263852254750978, 0.08468490544032107603 ) ) ;
#1500 = EDGE_CURVE ( 'NONE', #993, #3436, #1803, .T. ) ;
#1501 = CARTESIAN_POINT ( 'NONE',  ( 0.01477874020543430179, 0.2377402850353278752, 0.07626923598074897281 ) ) ;
#1502 = CARTESIAN_POINT ( 'NONE',  ( 0.01351562104353009990, 0.09123352017028370231, 0.08666576748002249864 ) ) ;
#1503 = CARTESIAN_POINT ( 'NONE',  ( 0.02159020853532109957, 0.1901058784292685155, 0.07702687518876370765 ) ) ;
#1504 = APPROVAL_STATUS ( 'not_yet_approved' ) ;
#1505 = CARTESIAN_POINT ( 'NONE',  ( 0.01547793989065355050, 0.2356889948053055017, 0.08375886648945721213 ) ) ;
#1506 = EDGE_CURVE ( 'NONE', #2672, #2331, #931, .T. ) ;
#1507 = CARTESIAN_POINT ( 'NONE',  ( 0.04728146850008577151, 0.1279274775082182014, 0.08064510307557053170 ) ) ;
#1508 = CARTESIAN_POINT ( 'NONE',  ( 0.04472504392090435182, 0.1450530945524836357, 0.07660833157886300093 ) ) ;
#1509 = CARTESIAN_POINT ( 'NONE',  ( 0.01743258967620830296, 0.2171689666179839884, 0.08173881693755369326 ) ) ;
#1510 = CARTESIAN_POINT ( 'NONE',  ( 0.04163262483096919625, 0.2058064831956289975, 0.08175106394816780697 ) ) ;
#1511 = ORIENTED_EDGE ( 'NONE', *, *, #4208, .T. ) ;
#1512 = CARTESIAN_POINT ( 'NONE',  ( 0.04972327780813703968, 0.2425385579161205563, 0.08800134914356488869 ) ) ;
#1513 = VECTOR ( 'NONE', #1193, 1.000000000000000000 ) ;
#1514 = CARTESIAN_POINT ( 'NONE',  ( 0.03512080823875511626, 0.2147812190327623993, 0.07467709684330788023 ) ) ;
#1515 = DIRECTION ( 'NONE',  ( 0.7875489778795837781, 0.6162519359744388359, 0.0003985581250134319267 ) ) ;
#1516 = CARTESIAN_POINT ( 'NONE',  ( 0.02607156781424138994, 0.2301262621593659630, 0.07367865650341628991 ) ) ;
#1517 = ORIENTED_EDGE ( 'NONE', *, *, #2664, .T. ) ;
#1518 = AXIS2_PLACEMENT_3D ( 'NONE', #2761, #3858, #1815 ) ;
#1519 = CARTESIAN_POINT ( 'NONE',  ( 0.02882233382344604605, 0.1515105756254526703, 0.07472433927045861457 ) ) ;
#1520 = EDGE_LOOP ( 'NONE', ( #1410, #3457, #4124, #4136 ) ) ;
#1521 = CARTESIAN_POINT ( 'NONE',  ( 0.02828814921541378605, 0.1262638342446066875, 0.09467324449808101061 ) ) ;
#1522 = AXIS2_PLACEMENT_3D ( 'NONE', #1526, #2870, #1688 ) ;
#1523 = CARTESIAN_POINT ( 'NONE',  ( 0.01364784508235160690, 0.2492418647861577574, 0.08097486012201983441 ) ) ;
#1524 = CARTESIAN_POINT ( 'NONE',  ( 0.02775424229775382348, 0.2358125856975154533, 0.08114054233849528341 ) ) ;
#1525 = ADVANCED_FACE ( 'NONE', ( #1006 ), #2371, .T. ) ;
#1526 = CARTESIAN_POINT ( 'NONE',  ( 0.02728724180290555135, 0.1408066020855180123, 0.08867273719644949703 ) ) ;
#1527 = DIRECTION ( 'NONE',  ( -0.7875489778795833340, -0.6162519359744393910, -0.0003985581250134316556 ) ) ;
#1528 = CIRCLE ( 'NONE', #553, 0.001499999999999998730 ) ;
#1529 = CARTESIAN_POINT ( 'NONE',  ( 0.04913039806359269929, 0.2528761279623394920, 0.08236323391471850330 ) ) ;
#1530 = CARTESIAN_POINT ( 'NONE',  ( 0.02187735356413327351, 0.1508044369020811737, 0.08607422382702914487 ) ) ;
#1531 = CARTESIAN_POINT ( 'NONE',  ( 0.01735411998832060015, 0.2203142853040110094, 0.08173877722607869600 ) ) ;
#1532 = CARTESIAN_POINT ( 'NONE',  ( 0.03734087188564209903, 0.2128931489792365017, 0.07703484619126359234 ) ) ;
#1533 = ORIENTED_EDGE ( 'NONE', *, *, #3575, .F. ) ;
#1534 = CARTESIAN_POINT ( 'NONE',  ( 0.04042967566205783736, 0.1215238122401730569, 0.08168350331880649962 ) ) ;
#1535 = DIRECTION ( 'NONE',  ( 0.0005060740159282030044, 3.480932718718385460E-16, -0.9999998719445369888 ) ) ;
#1536 = CARTESIAN_POINT ( 'NONE',  ( 0.01469827707742952030, 0.1948046834474655153, 0.02244082183605630026 ) ) ;
#1537 = CARTESIAN_POINT ( 'NONE',  ( 0.02594677926285770750, 0.2301569150047919066, 0.07367969673172430900 ) ) ;
#1538 = VERTEX_POINT ( 'NONE', #3713 ) ;
#1539 = CARTESIAN_POINT ( 'NONE',  ( 0.01451535827266072810, 0.1464834825953348907, 0.07647567156346254946 ) ) ;
#1540 = ORIENTED_EDGE ( 'NONE', *, *, #2005, .T. ) ;
#1541 = CARTESIAN_POINT ( 'NONE',  ( 0.04860014001968837594, 0.2651881394947481208, 0.08438775879454500639 ) ) ;
#1542 = ORIENTED_EDGE ( 'NONE', *, *, #2196, .T. ) ;
#1543 = AXIS2_PLACEMENT_3D ( 'NONE', #1235, #1567, #1258 ) ;
#1544 = CARTESIAN_POINT ( 'NONE',  ( 0.01197307568653584002, 0.2434474406252060963, 0.07884344882161239965 ) ) ;
#1545 = CARTESIAN_POINT ( 'NONE',  ( 0.006016535364059607052, 0.1335339575007157553, 0.07981783894485615372 ) ) ;
#1546 = CARTESIAN_POINT ( 'NONE',  ( 0.02784073492744341960, 0.2357962006807532984, 0.08109329768470381616 ) ) ;
#1547 = EDGE_CURVE ( 'NONE', #4331, #952, #464, .T. ) ;
#1548 = CARTESIAN_POINT ( 'NONE',  ( 0.02738601799188910071, 0.1545613366895119967, 0.08376754363886249055 ) ) ;
#1549 = ADVANCED_FACE ( 'NONE', ( #2701 ), #3075, .F. ) ;
#1550 = CARTESIAN_POINT ( 'NONE',  ( 0.03185182327674963843, 0.2744785862901839013, 0.09467504798115571052 ) ) ;
#1551 = FACE_OUTER_BOUND ( 'NONE', #3982, .T. ) ;
#1552 = CARTESIAN_POINT ( 'NONE',  ( 0.02206784029529952965, 0.1508622122047312553, 0.08771305260193421049 ) ) ;
#1553 = CARTESIAN_POINT ( 'NONE',  ( 0.01612879052414574813, 0.2360746543567049938, 0.08173815711859659661 ) ) ;
#1554 = CARTESIAN_POINT ( 'NONE',  ( 0.03907899428289084848, 0.2018423236891940253, 0.07939274871594680094 ) ) ;
#1555 = ADVANCED_FACE ( 'NONE', ( #4070 ), #3753, .F. ) ;
#1556 = ORIENTED_EDGE ( 'NONE', *, *, #645, .T. ) ;
#1557 = EDGE_CURVE ( 'NONE', #4077, #3558, #3911, .T. ) ;
#1558 = CARTESIAN_POINT ( 'NONE',  ( 0.01082401213722616017, 0.2481815991924860021, 0.08059399089621960277 ) ) ;
#1559 = CARTESIAN_POINT ( 'NONE',  ( 0.03383300173182103576, 0.1744386756625654344, 0.07467629569572555026 ) ) ;
#1560 = CARTESIAN_POINT ( 'NONE',  ( 0.04353562367290099433, 0.1139697940344906041, 0.07428095823736879932 ) ) ;
#1561 = CARTESIAN_POINT ( 'NONE',  ( -0.02616507995641344925, 0.1563913712564689862, 0.07364568444101989020 ) ) ;
#1562 = EDGE_CURVE ( 'NONE', #3255, #4056, #3481, .T. ) ;
#1563 = ORIENTED_EDGE ( 'NONE', *, *, #831, .T. ) ;
#1564 = CARTESIAN_POINT ( 'NONE',  ( 0.04024855159477570832, 0.1457955649204498438, 0.07643126948303627377 ) ) ;
#1565 = ADVANCED_FACE ( 'NONE', ( #4186 ), #764, .F. ) ;
#1566 = VERTEX_POINT ( 'NONE', #3462 ) ;
#1567 = DIRECTION ( 'NONE',  ( -0.0005060740159282030044, -3.480932718718385460E-16, 0.9999998719445369888 ) ) ;
#1568 = DIRECTION ( 'NONE',  ( -0.7875489778795833340, -0.6162519359744393910, -0.0003985581250134316556 ) ) ;
#1569 = ORIENTED_EDGE ( 'NONE', *, *, #1048, .F. ) ;
#1570 = CARTESIAN_POINT ( 'NONE',  ( 0.01311301154156634119, 0.2529779221352431162, 0.08206555569548430740 ) ) ;
#1571 = CARTESIAN_POINT ( 'NONE',  ( 0.01231779920574342484, 0.1185659329614584673, 0.08215210749530882373 ) ) ;
#1572 = CARTESIAN_POINT ( 'NONE',  ( 0.02774236973303494114, 0.2358148667885832661, 0.08114715542219437527 ) ) ;
#1573 = CARTESIAN_POINT ( 'NONE',  ( 0.02738857233901740088, 0.1545613366895119967, 0.07872016574396330235 ) ) ;
#1574 = CARTESIAN_POINT ( 'NONE',  ( 0.01474610046158634016, 0.08965842201282450685, 0.09066639070598479788 ) ) ;
#1575 = CARTESIAN_POINT ( 'NONE',  ( 0.04890417678456855655, 0.2505639725728330269, 0.08175073049158802785 ) ) ;
#1576 = CARTESIAN_POINT ( 'NONE',  ( 0.02390686374829772975, 0.1512868252201958197, 0.08179341723353503180 ) ) ;
#1577 = CARTESIAN_POINT ( 'NONE',  ( 0.01746439845600220031, 0.2101957944487699848, 0.08173883303515079579 ) ) ;
#1578 = CARTESIAN_POINT ( 'NONE',  ( 0.03398222740361800387, 0.1664946471099500169, 0.07467612356235620030 ) ) ;
#1579 = VERTEX_POINT ( 'NONE', #4147 ) ;
#1580 = B_SPLINE_CURVE_WITH_KNOTS ( 'NONE', 3,
 ( #513, #150, #1475, #2860 ),
 .UNSPECIFIED., .F., .F.,
 ( 4, 4 ),
 ( 1.100000078698259998, 1.514213641071360028 ),
 .UNSPECIFIED. ) ;
#1581 = CARTESIAN_POINT ( 'NONE',  ( 0.009497401264491960385, 0.1295343578366972281, 0.08056845974982691783 ) ) ;
#1582 = CARTESIAN_POINT ( 'NONE',  ( 0.01081689146636154002, 0.2481815991929504917, 0.09466440274737639160 ) ) ;
#1583 = CARTESIAN_POINT ( 'NONE',  ( 0.01201047023737213983, 0.1546765146602895047, 0.02243946160668054690 ) ) ;
#1584 = CARTESIAN_POINT ( 'NONE',  ( 0.04733854431599900103, 0.1389625046205874015, 0.07826010511083190957 ) ) ;
#1585 = PRODUCT ( 'Rod 1', 'Rod 1', '', ( #1694 ) ) ;
#1586 = ORIENTED_EDGE ( 'NONE', *, *, #1176, .T. ) ;
#1587 = CIRCLE ( 'NONE', #4055, 0.001000000000000002623 ) ;
#1588 = CARTESIAN_POINT ( 'NONE',  ( 0.04195284130203441597, 0.1436502536657216778, 0.07704348893115402219 ) ) ;
#1589 = CARTESIAN_POINT ( 'NONE',  ( 0.02703965129894254915, 0.1335608309790970172, 0.08867261189731279192 ) ) ;
#1590 = CARTESIAN_POINT ( 'NONE',  ( 0.02988312970897297888, 0.2607878322336613097, 0.09467505167649617470 ) ) ;
#1591 = CARTESIAN_POINT ( 'NONE',  ( 0.04462990647759140089, 0.2347921109381051752, 0.07526415680244269435 ) ) ;
#1592 = ADVANCED_FACE ( 'NONE', ( #2140 ), #3482, .F. ) ;
#1593 = CARTESIAN_POINT ( 'NONE',  ( 0.03595447824139998139, 0.2361455875453665476, 0.08820488658075918698 ) ) ;
#1594 = AXIS2_PLACEMENT_3D ( 'NONE', #2279, #1891, #3247 ) ;
#1595 = PLANE ( 'NONE',  #2463 ) ;
#1596 = CARTESIAN_POINT ( 'NONE',  ( 0.02482540872922614147, 0.2366341078602920145, 0.08574510618757182068 ) ) ;
#1597 = CARTESIAN_POINT ( 'NONE',  ( 0.007229959331094140164, 0.1405165944884206042, 0.07366258480482840154 ) ) ;
#1598 = VECTOR ( 'NONE', #4270, 1.000000000000000000 ) ;
#1599 = CARTESIAN_POINT ( 'NONE',  ( 0.03065476702441214882, 0.2295637009066055223, 0.07367443949284810389 ) ) ;
#1600 = CARTESIAN_POINT ( 'NONE',  ( 0.03437510535260403233, 0.1138649956473221647, 0.08254983892528490463 ) ) ;
#1601 = CARTESIAN_POINT ( 'NONE',  ( 0.02483844722679693501, 0.1514250903840347606, 0.08115700508653701795 ) ) ;
#1602 = CARTESIAN_POINT ( 'NONE',  ( 0.01720863813387729993, 0.1987397150896585141, 0.08173870360148199898 ) ) ;
#1603 = CARTESIAN_POINT ( 'NONE',  ( 0.03499105278790774765, 0.2130614824404405139, 0.07467663410273520097 ) ) ;
#1604 = EDGE_LOOP ( 'NONE', ( #1710, #599, #1766, #2992 ) ) ;
#1605 = CARTESIAN_POINT ( 'NONE',  ( 0.01138748630787819044, 0.1246591375809221469, 0.08136383816781748990 ) ) ;
#1606 = CARTESIAN_POINT ( 'NONE',  ( 0.04539529031815270343, 0.1068530841253389901, 0.07428189936645679392 ) ) ;
#1607 = EDGE_CURVE ( 'NONE', #1579, #4153, #3837, .T. ) ;
#1608 = CARTESIAN_POINT ( 'NONE',  ( 0.02284704956955865146, 0.1686197085875764945, 0.07707048864480320338 ) ) ;
#1609 = EDGE_LOOP ( 'NONE', ( #824, #1490, #1496, #2731, #293, #1913, #314, #1556 ) ) ;
#1610 = B_SPLINE_CURVE_WITH_KNOTS ( 'NONE', 1,
 ( #1395, #1657 ),
 .UNSPECIFIED., .F., .F.,
 ( 2, 2 ),
 ( 0.000000000000000000, 1.000000000000000000 ),
 .UNSPECIFIED. ) ;
#1611 = CARTESIAN_POINT ( 'NONE',  ( 0.04236912253563553804, 0.1430046215652704955, 0.07722239829300160674 ) ) ;
#1612 = LINE ( 'NONE', #3698, #3265 ) ;
#1613 = CARTESIAN_POINT ( 'NONE',  ( 0.05150771542229765076, 0.2586074686460069216, 0.08356872274458476690 ) ) ;
#1614 = DIRECTION ( 'NONE',  ( 0.03415041433972369062, 0.9994167043339508005, 1.728263954343817470E-05 ) ) ;
#1615 = ORIENTED_EDGE ( 'NONE', *, *, #2865, .T. ) ;
#1616 = CARTESIAN_POINT ( 'NONE',  ( 0.03427744972715150718, 0.2357648412578816910, 0.08179866551758736837 ) ) ;
#1617 = CARTESIAN_POINT ( 'NONE',  ( 0.01836316229729308483, 0.1143678639424532684, 0.08254700221755224832 ) ) ;
#1618 = FACE_BOUND ( 'NONE', #4122, .T. ) ;
#1619 = CARTESIAN_POINT ( 'NONE',  ( 0.02444864364193160070, 0.2041356482891819868, 0.07467129886271789418 ) ) ;
#1620 = EDGE_CURVE ( 'NONE', #3937, #858, #4185, .T. ) ;
#1621 = CARTESIAN_POINT ( 'NONE',  ( 0.03052716867213895596, 0.2355013348211475455, 0.08042437574761913954 ) ) ;
#1622 = CARTESIAN_POINT ( 'NONE',  ( 0.03893653163266649897, 0.2372624015952499721, 0.07645115381086366180 ) ) ;
#1623 = CARTESIAN_POINT ( 'NONE',  ( 0.02190277274000851718, 0.1508129931026107595, 0.08676332776382102152 ) ) ;
#1624 = CARTESIAN_POINT ( 'NONE',  ( 0.01873977880290764869, 0.2342244994685249992, 0.07938245556612390230 ) ) ;
#1625 = CARTESIAN_POINT ( 'NONE',  ( 0.03722791678251684971, 0.2112600577095894994, 0.07703478902761361213 ) ) ;
#1626 = VERTEX_POINT ( 'NONE', #461 ) ;
#1627 = CARTESIAN_POINT ( 'NONE',  ( 0.02454164452419495268, 0.2105208036011519956, 0.07467134592805051152 ) ) ;
#1628 = CARTESIAN_POINT ( 'NONE',  ( 0.01059614973675918233, 0.1262241780244453548, 0.08112627044923033381 ) ) ;
#1629 = FACE_OUTER_BOUND ( 'NONE', #2752, .T. ) ;
#1630 = CARTESIAN_POINT ( 'NONE',  ( 0.01162120621825150045, 0.2448571369253340069, 0.08880694466382441088 ) ) ;
#1631 = ORIENTED_EDGE ( 'NONE', *, *, #1872, .F. ) ;
#1632 = ADVANCED_FACE ( 'NONE', ( #175 ), #502, .F. ) ;
#1633 = CARTESIAN_POINT ( 'NONE',  ( 0.04507077705935357698, 0.1340276029463926266, 0.07944819026265237394 ) ) ;
#1634 = DIRECTION ( 'NONE',  ( 0.6162518570600122869, -0.7875490787295454931, 0.0003118690920604168986 ) ) ;
#1635 = CARTESIAN_POINT ( 'NONE',  ( 0.05128094322307832215, 0.2474960371100880796, 0.08084905570481645820 ) ) ;
#1636 = DIRECTION ( 'NONE',  ( 0.03415041433980157276, 0.9994167043339480250, 1.728263954434812525E-05 ) ) ;
#1637 = VERTEX_POINT ( 'NONE', #2517 ) ;
#1638 = CARTESIAN_POINT ( 'NONE',  ( 0.03464668915138905542, 0.2358353616056151902, 0.08215152342048287482 ) ) ;
#1639 = CARTESIAN_POINT ( 'NONE',  ( 0.01987813186017758221, 0.1137520908035014183, 0.08259371591151840053 ) ) ;
#1640 = CARTESIAN_POINT ( 'NONE',  ( 0.02428185420765693880, 0.2241059399464734869, 0.07467140180189724141 ) ) ;
#1641 = CARTESIAN_POINT ( 'NONE',  ( 0.02196665301485514754, 0.1630535132977020130, 0.07667004304770388967 ) ) ;
#1642 = EDGE_CURVE ( 'NONE', #3933, #3730, #2854, .T. ) ;
#1643 = CARTESIAN_POINT ( 'NONE',  ( 0.01012416745053325642, 0.1397087240023522359, 0.07837350377273966107 ) ) ;
#1644 = CARTESIAN_POINT ( 'NONE',  ( 0.04083524482176325437, 0.2383226898576854269, 0.07700562372991744120 ) ) ;
#1645 = DIRECTION ( 'NONE',  ( -0.6162518570600098444, 0.7875490787295470474, -0.0003118690920650416172 ) ) ;
#1646 = CARTESIAN_POINT ( 'NONE',  ( 0.01972956919559100061, 0.2197912168656450116, 0.07938295647338688976 ) ) ;
#1647 = ORIENTED_EDGE ( 'NONE', *, *, #2798, .T. ) ;
#1648 = CARTESIAN_POINT ( 'NONE',  ( 0.02229728823045545177, 0.1655830501409044919, 0.07467021011750539505 ) ) ;
#1649 = LINE ( 'NONE', #3601, #1938 ) ;
#1650 = CYLINDRICAL_SURFACE ( 'NONE', #1386, 0.003750000000000000295 ) ;
#1651 = CARTESIAN_POINT ( 'NONE',  ( 0.04731458602142039893, 0.1390550316097413919, 0.07823679303081369774 ) ) ;
#1652 = VERTEX_POINT ( 'NONE', #3796 ) ;
#1653 = CARTESIAN_POINT ( 'NONE',  ( 0.04278736537961381342, 0.1423089789625812673, 0.07741383225954689973 ) ) ;
#1654 = DIRECTION ( 'NONE',  ( -0.0005060740159282030044, -3.480831074764711985E-16, 0.9999998719445369888 ) ) ;
#1655 = CARTESIAN_POINT ( 'NONE',  ( 0.02661645210050869736, 0.2709535737854857351, 0.08465321916728184293 ) ) ;
#1656 = LINE ( 'NONE', #886, #1598 ) ;
#1657 = CARTESIAN_POINT ( 'NONE',  ( 0.02062059037337635181, 0.1536540433956604945, 0.07466936158417900038 ) ) ;
#1658 = EDGE_LOOP ( 'NONE', ( #1373, #3124, #646, #864 ) ) ;
#1659 = CARTESIAN_POINT ( 'NONE',  ( 0.03501844792397084544, 0.2359124981940094734, 0.08256490884166826916 ) ) ;
#1660 = CARTESIAN_POINT ( 'NONE',  ( 0.03479602142725785052, 0.2298668798273904856, 0.07368258018642560858 ) ) ;
#1661 = CARTESIAN_POINT ( 'NONE',  ( 0.02416418168349515616, 0.1953617767212294798, 0.07467154656071128827 ) ) ;
#1662 = AXIS2_PLACEMENT_3D ( 'NONE', #2850, #1177, #2167 ) ;
#1663 = CARTESIAN_POINT ( 'NONE',  ( 0.02390818727571835181, 0.2297942166355904925, 0.07467102535175919320 ) ) ;
#1664 = AXIS2_PLACEMENT_3D ( 'NONE', #1337, #100, #1385 ) ;
#1665 = ADVANCED_FACE ( 'NONE', ( #2078 ), #2163, .T. ) ;
#1666 = CARTESIAN_POINT ( 'NONE',  ( 0.01063530600384464224, 0.1409582082768092437, 0.07805138136761795298 ) ) ;
#1667 = CARTESIAN_POINT ( 'NONE',  ( 0.04754606134917851307, 0.2460810790975301587, 0.08032159511469805224 ) ) ;
#1668 = CARTESIAN_POINT ( 'NONE',  ( 0.04566175533667933550, 0.1434222358866549252, 0.08528584287680379683 ) ) ;
#1669 = CARTESIAN_POINT ( 'NONE',  ( 0.01975334782091299826, 0.2189186473657389886, 0.07938296850713269515 ) ) ;
#1670 = DIRECTION ( 'NONE',  ( 0.0005060740159282030044, 3.480932718718385460E-16, -0.9999998719445369888 ) ) ;
#1671 = DIRECTION ( 'NONE',  ( -0.0005060740159296040104, -3.856891649251099970E-16, 0.9999998719445369888 ) ) ;
#1672 = VECTOR ( 'NONE', #3432, 1.000000000000000000 ) ;
#1673 = VERTEX_POINT ( 'NONE', #157 ) ;
#1674 = CARTESIAN_POINT ( 'NONE',  ( 0.02448899919469149991, 0.2181540921208949824, 0.07467131928561690501 ) ) ;
#1675 = CARTESIAN_POINT ( 'NONE',  ( 0.03111076265987554323, 0.2744942833116246761, 0.08467482415186346201 ) ) ;
#1676 = CARTESIAN_POINT ( 'NONE',  ( 0.03427005010461774831, 0.1989876330317149888, 0.07467626922196500538 ) ) ;
#1677 = CARTESIAN_POINT ( 'NONE',  ( 0.01285236024808319999, 0.1497422893544448075, 0.08173649900161381043 ) ) ;
#1678 = VERTEX_POINT ( 'NONE', #115 ) ;
#1679 = CARTESIAN_POINT ( 'NONE',  ( 0.01118647356159921738, 0.1474870824317916218, 0.07620566598466760322 ) ) ;
#1680 = DIRECTION ( 'NONE',  ( -0.0005060740159283524074, 0.000000000000000000, 0.9999998719445369888 ) ) ;
#1681 = CARTESIAN_POINT ( 'NONE',  ( 0.01873633569974923752, 0.2665351124271725936, 0.08439711746734517017 ) ) ;
#1682 = CARTESIAN_POINT ( 'NONE',  ( 0.03043792298415433362, 0.1512377000065114885, 0.08114590573219514213 ) ) ;
#1683 = CARTESIAN_POINT ( 'NONE',  ( 0.03113466457561379908, 0.2534908354991710078, 0.09467468504572529309 ) ) ;
#1684 = ORIENTED_EDGE ( 'NONE', *, *, #2102, .T. ) ;
#1685 = CARTESIAN_POINT ( 'NONE',  ( 0.03627650942515454890, 0.2362386733756179913, 0.08677060193927865761 ) ) ;
#1686 = CARTESIAN_POINT ( 'NONE',  ( 0.03610785629718020473, 0.2473175017147689891, 0.08867720108082119412 ) ) ;
#1687 = CARTESIAN_POINT ( 'NONE',  ( 0.02170997664906598387, 0.1610375450946657794, 0.07467035759313107868 ) ) ;
#1688 = DIRECTION ( 'NONE',  ( -0.9994165763531819291, 0.03415041871287127079, -0.0005057788251457607685 ) ) ;
#1689 = CARTESIAN_POINT ( 'NONE',  ( 0.02448843329702020052, 0.2305755569789469939, 0.07667131925534199921 ) ) ;
#1690 = CARTESIAN_POINT ( 'NONE',  ( 0.03785310395639317205, 0.2367876376246842440, 0.07619080978926978664 ) ) ;
#1691 = DIRECTION ( 'NONE',  ( -0.0005060740159282030044, -3.480932718718385460E-16, 0.9999998719445369888 ) ) ;
#1692 = ADVANCED_FACE ( 'NONE', ( #1793 ), #3504, .F. ) ;
#1693 = CARTESIAN_POINT ( 'NONE',  ( 0.01982170296966084821, 0.2100701264688595027, 0.07938300309989979042 ) ) ;
#1694 = MECHANICAL_CONTEXT ( 'NONE', #2457, 'mechanical' ) ;
#1695 = CYLINDRICAL_SURFACE ( 'NONE', #1391, 0.003750000000000000295 ) ;
#1696 = ADVANCED_FACE ( 'NONE', ( #3115 ), #95, .T. ) ;
#1697 = ORIENTED_EDGE ( 'NONE', *, *, #4248, .F. ) ;
#1698 = CARTESIAN_POINT ( 'NONE',  ( 0.02445913336044765185, 0.2193885049551590194, 0.07467130417129230757 ) ) ;
#1699 = CARTESIAN_POINT ( 'NONE',  ( 0.01544372843258562215, 0.2674488119704384048, 0.08445756472306467644 ) ) ;
#1700 = VECTOR ( 'NONE', #3150, 1.000000000000000000 ) ;
#1701 = CARTESIAN_POINT ( 'NONE',  ( 0.03509933205029814457, 0.2151368107124960183, 0.07667668915617430192 ) ) ;
#1702 = CARTESIAN_POINT ( 'NONE',  ( 0.03857751764651705384, 0.2308718713923793020, 0.07625524619296125683 ) ) ;
#1703 = EDGE_CURVE ( 'NONE', #45, #4195, #1114, .T. ) ;
#1704 = ORIENTED_EDGE ( 'NONE', *, *, #1703, .T. ) ;
#1705 = CARTESIAN_POINT ( 'NONE',  ( 0.01488884194298699046, 0.1508355257484646772, 0.07510249278055323996 ) ) ;
#1706 = CARTESIAN_POINT ( 'NONE',  ( 0.01461407132085479864, 0.2606249281279659491, 0.08367325542936283889 ) ) ;
#1707 = CARTESIAN_POINT ( 'NONE',  ( 0.03298663952312536757, 0.1505541546968156563, 0.08403966781984588408 ) ) ;
#1708 = CARTESIAN_POINT ( 'NONE',  ( 0.03572403545286294974, 0.2360849304356545109, 0.08867700683904020109 ) ) ;
#1709 = EDGE_CURVE ( 'NONE', #1160, #1208, #1482, .T. ) ;
#1710 = ORIENTED_EDGE ( 'NONE', *, *, #1874, .F. ) ;
#1711 = ADVANCED_FACE ( 'NONE', ( #1462, #2825, #4165, #1152, #2495, #1618, #936 ), #1880, .F. ) ;
#1712 = ORIENTED_EDGE ( 'NONE', *, *, #277, .F. ) ;
#1713 = CARTESIAN_POINT ( 'NONE',  ( 0.03479662539539698368, 0.2298669892707499440, 0.07368258579541342446 ) ) ;
#1714 = CARTESIAN_POINT ( 'NONE',  ( 0.02376458662739834582, 0.1861991217644499430, 0.07467135906989323668 ) ) ;
#1715 = CARTESIAN_POINT ( 'NONE',  ( 0.02438362113049889757, 0.2016384904248570142, 0.07667126621262120023 ) ) ;
#1716 = CARTESIAN_POINT ( 'NONE',  ( 0.009454639834982177943, 0.1373825018361745920, 0.07894141295627066235 ) ) ;
#1717 = CARTESIAN_POINT ( 'NONE',  ( 0.04496825105313284610, 0.2419499769426158298, 0.07870505835266515537 ) ) ;
#1718 = DIRECTION ( 'NONE',  ( -0.0005060740159279745630, -1.699351380099467512E-16, 0.9999998719445369888 ) ) ;
#1719 = CARTESIAN_POINT ( 'NONE',  ( 0.01982997061169360087, 0.2115367314315390046, 0.07938300728393929417 ) ) ;
#1720 = CARTESIAN_POINT ( 'NONE',  ( 0.02443475914064180063, 0.2202362886307915046, 0.07467129183613169241 ) ) ;
#1721 = CARTESIAN_POINT ( 'NONE',  ( 0.01673779199250295668, 0.2687746748760916904, 0.08454498011283002878 ) ) ;
#1722 = CARTESIAN_POINT ( 'NONE',  ( 0.03656898809323344546, 0.2281864198122675047, 0.07667743291100519165 ) ) ;
#1723 = CARTESIAN_POINT ( 'NONE',  ( 0.02080698526477404997, 0.1547862672578119991, 0.07666945616991330259 ) ) ;
#1724 = VERTEX_POINT ( 'NONE', #3947 ) ;
#1725 = CC_DESIGN_PERSON_AND_ORGANIZATION_ASSIGNMENT ( #2477, #3818, ( #2228 ) ) ;
#1726 = CARTESIAN_POINT ( 'NONE',  ( 0.008920339070487025290, 0.1445228122525934467, 0.07711084879499262301 ) ) ;
#1727 = CARTESIAN_POINT ( 'NONE',  ( 0.01790628436327154974, 0.2656960676079145323, 0.08432129087736182915 ) ) ;
#1728 = CARTESIAN_POINT ( 'NONE',  ( 0.01576760601740390122, 0.1676921334320080059, 0.08173797433193660811 ) ) ;
#1729 = CARTESIAN_POINT ( 'NONE',  ( 0.04554817039643320464, 0.2346613971036034807, 0.08882411422103289600 ) ) ;
#1730 = ORIENTED_EDGE ( 'NONE', *, *, #1238, .F. ) ;
#1731 = EDGE_LOOP ( 'NONE', ( #1730, #2490, #3805, #268 ) ) ;
#1732 = CARTESIAN_POINT ( 'NONE',  ( 0.03553871229177787971, 0.2300018366279377169, 0.07368972213826308071 ) ) ;
#1733 = CARTESIAN_POINT ( 'NONE',  ( 0.03674593866356105215, 0.2293555115341550099, 0.07667752246110250136 ) ) ;
#1734 = CARTESIAN_POINT ( 'NONE',  ( 0.03128790073285458995, 0.2354907780927305572, 0.07538806693535442249 ) ) ;
#1735 = CARTESIAN_POINT ( 'NONE',  ( 0.04553785244121487386, 0.1436594368698500546, 0.08509036275780838821 ) ) ;
#1736 = CARTESIAN_POINT ( 'NONE',  ( 0.02204056765773095006, 0.2023740733397070002, 0.07702710310384129622 ) ) ;
#1737 = CARTESIAN_POINT ( 'NONE',  ( 0.04728544588668239651, 0.1391476224640744164, 0.08882499341112959357 ) ) ;
#1738 = AXIS2_PLACEMENT_3D ( 'NONE', #1775, #3440, #1420 ) ;
#1739 = CARTESIAN_POINT ( 'NONE',  ( 0.04736268736929949430, 0.1388700672857821894, 0.07828330760042150060 ) ) ;
#1740 = FACE_OUTER_BOUND ( 'NONE', #1731, .T. ) ;
#1741 = AXIS2_PLACEMENT_3D ( 'NONE', #1207, #2531, #2115 ) ;
#1742 = CARTESIAN_POINT ( 'NONE',  ( 0.03396825743054834867, 0.1669603575735330026, 0.07667611674862589988 ) ) ;
#1743 = CARTESIAN_POINT ( 'NONE',  ( 0.01372049085350793979, 0.2353840928025564827, 0.08731201036408640925 ) ) ;
#1744 = ORIENTED_EDGE ( 'NONE', *, *, #1048, .T. ) ;
#1745 = CARTESIAN_POINT ( 'NONE',  ( 0.02083992178701320891, 0.1537149404777904405, 0.07404996031719912608 ) ) ;
#1746 = EDGE_CURVE ( 'NONE', #858, #3937, #267, .T. ) ;
#1747 = CARTESIAN_POINT ( 'NONE',  ( 0.01877210904476947495, 0.2665690144861336819, 0.08439999786345786514 ) ) ;
#1748 = CARTESIAN_POINT ( 'NONE',  ( 0.02765853386760222521, 0.1515503316570956938, 0.08042292400589742818 ) ) ;
#1749 = PLANE ( 'NONE',  #4011 ) ;
#1750 = ORIENTED_EDGE ( 'NONE', *, *, #2533, .T. ) ;
#1751 = AXIS2_PLACEMENT_3D ( 'NONE', #1442, #2784, #422 ) ;
#1752 = ORIENTED_EDGE ( 'NONE', *, *, #3575, .T. ) ;
#1753 = CARTESIAN_POINT ( 'NONE',  ( 0.01162120621825150045, 0.2448571369253340069, 0.08880694466382441088 ) ) ;
#1754 = CARTESIAN_POINT ( 'NONE',  ( -0.02204758642092670071, 0.2547562731356464716, 0.08497967099010990399 ) ) ;
#1755 = CARTESIAN_POINT ( 'NONE',  ( 0.03204102859383711754, 0.2355106326037081088, 0.07541317543409500890 ) ) ;
#1756 = DIRECTION ( 'NONE',  ( 0.0005060740159282030044, 3.480932718718385460E-16, -0.9999998719445369888 ) ) ;
#1757 = B_SPLINE_CURVE_WITH_KNOTS ( 'NONE', 3,
 ( #3521, #3168, #1790, #173 ),
 .UNSPECIFIED., .F., .F.,
 ( 4, 4 ),
 ( -0.6350880509205070190, 0.000000000000000000 ),
 .UNSPECIFIED. ) ;
#1758 = CARTESIAN_POINT ( 'NONE',  ( 0.02204042198775894856, 0.2212889854522674948, 0.07702710303012359760 ) ) ;
#1759 = CARTESIAN_POINT ( 'NONE',  ( 0.02080799741280595083, 0.1547862672578119991, 0.07466945642602419719 ) ) ;
#1760 = CARTESIAN_POINT ( 'NONE',  ( 0.04131631057994010481, 0.1104482500454759958, 0.08767983681647889549 ) ) ;
#1761 = CARTESIAN_POINT ( 'NONE',  ( 0.04736268736929949430, 0.1388700672857821894, 0.07828330760042150060 ) ) ;
#1762 = CARTESIAN_POINT ( 'NONE',  ( 0.03035345863978691772, 0.2744764790581623037, 0.08467509601524503271 ) ) ;
#1763 = CARTESIAN_POINT ( 'NONE',  ( 0.04094386548272600096, 0.1855555532855300005, 0.08175071538430180029 ) ) ;
#1764 = CARTESIAN_POINT ( 'NONE',  ( 0.02385010253616405215, 0.2304762143786215078, 0.07667099621268899656 ) ) ;
#1765 = CARTESIAN_POINT ( 'NONE',  ( 0.01423483764539877974, 0.1827396110511309846, 0.08469609054365330458 ) ) ;
#1766 = ORIENTED_EDGE ( 'NONE', *, *, #104, .T. ) ;
#1767 = CARTESIAN_POINT ( 'NONE',  ( 0.01530617957292178082, 0.1511230919935690475, 0.07500280346453083724 ) ) ;
#1768 = CARTESIAN_POINT ( 'NONE',  ( 0.03088707356557680167, 0.2462450643927500127, 0.09467555974646049699 ) ) ;
#1769 = CARTESIAN_POINT ( 'NONE',  ( 0.03043073395512348178, 0.1512390807806961723, 0.08114189684155213855 ) ) ;
#1770 = CARTESIAN_POINT ( 'NONE',  ( 0.05002174294224989715, 0.2435450643761634948, 0.08377200452151399579 ) ) ;
#1771 = ORIENTED_EDGE ( 'NONE', *, *, #852, .F. ) ;
#1772 = ORIENTED_EDGE ( 'NONE', *, *, #2411, .T. ) ;
#1773 = CARTESIAN_POINT ( 'NONE',  ( 0.02575774076995135040, 0.2476711688315089976, 0.08867196315562030084 ) ) ;
#1774 = CARTESIAN_POINT ( 'NONE',  ( 0.01798368290950527748, 0.2412094618536296808, 0.07797102460281041258 ) ) ;
#1775 = CARTESIAN_POINT ( 'NONE',  ( 0.04070107087091190401, 0.1112357991242054062, 0.08567952520349769729 ) ) ;
#1776 = CARTESIAN_POINT ( 'NONE',  ( 0.02208677135903179892, 0.2198603323633479822, 0.07702712648633910919 ) ) ;
#1777 = CARTESIAN_POINT ( 'NONE',  ( 0.01324938310837904532, 0.2402989490706232967, 0.08508981103323690065 ) ) ;
#1778 = CARTESIAN_POINT ( 'NONE',  ( 0.03508610677711535702, 0.1530666715764836538, 0.07411550676963551965 ) ) ;
#1779 = CARTESIAN_POINT ( 'NONE',  ( 0.04819308839065739730, 0.2373399113053389908, 0.08732945605219549767 ) ) ;
#1780 = CARTESIAN_POINT ( 'NONE',  ( 0.04219011367876650265, 0.1506214309148569963, 0.08175134607882390825 ) ) ;
#1781 = DIRECTION ( 'NONE',  ( -0.7875489778795833340, -0.6162519359744395020, -0.0003985581250134319809 ) ) ;
#1782 = ORIENTED_EDGE ( 'NONE', *, *, #1547, .T. ) ;
#1783 = CARTESIAN_POINT ( 'NONE',  ( 0.02171520323213755807, 0.1163574386993243975, 0.08235380383628819467 ) ) ;
#1784 = DIRECTION ( 'NONE',  ( 0.0005060740159282030044, 3.480932718718385460E-16, -0.9999998719445369888 ) ) ;
#1785 = CARTESIAN_POINT ( 'NONE',  ( 0.04614042242370739594, 0.1091468095384809933, 0.09468227907083388850 ) ) ;
#1786 = CARTESIAN_POINT ( 'NONE',  ( 0.02245245141629146485, 0.2313923990482381898, 0.07377899096322594608 ) ) ;
#1787 = ORIENTED_EDGE ( 'NONE', *, *, #3944, .T. ) ;
#1788 = CARTESIAN_POINT ( 'NONE',  ( 0.01062192719135484839, 0.1409284786031942960, 0.07805918498800092087 ) ) ;
#1789 = ORIENTED_EDGE ( 'NONE', *, *, #1818, .T. ) ;
#1790 = CARTESIAN_POINT ( 'NONE',  ( 0.03276897388747699452, 0.2294914058304104998, 0.07667550982230929291 ) ) ;
#1791 = B_SPLINE_CURVE_WITH_KNOTS ( 'NONE', 3,
 ( #2193, #3809, #532, #3871, #2553, #169, #3497, #3184, #210, #2133, #3164, #4158, #4178, #1494, #724, #188, #1145, #2468, #801, #2837, #3146, #820, #2156, #3474, #1786, #3535, #496, #1454, #3456, #477, #4141, #1829, #1808, #1164, #1537, #2510, #1516, #3129, #3517, #1125, #842, #128, #2882, #2819, #2799, #453 ),
 .UNSPECIFIED., .F., .F.,
 ( 4, 2, 2, 1, 1, 1, 1, 2, 2, 2, 2, 1, 1, 1, 1, 1, 2, 2, 2, 2, 2, 1, 1, 1, 1, 1, 2, 2, 2, 4 ),
 ( 0.000000000000000000, 0.1250000000001179334, 0.1875000000001766087, 0.2187500000002041700, 0.2343750000002182143, 0.2421875000002235989, 0.2460937500002249034, 0.2480468750002258471, 0.2500000000002267631, 0.3750000000002923217, 0.4375000000003251843, 0.4687500000003412826, 0.4843750000003496092, 0.4921875000003527734, 0.4960937500003547163, 0.4980468750003557155, 0.4990234375003552159, 0.5000000000003547163, 0.6250000000001109113, 0.6874999999999886757, 0.7187499999999282796, 0.7343749999998978595, 0.7421874999998830935, 0.7460937499998765432, 0.7480468749998735456, 0.7490234374998714362, 0.7495117187498708811, 0.7499999999998703260, 0.8749999999999351630, 1.000000000000000000 ),
 .UNSPECIFIED. ) ;
#1792 = CARTESIAN_POINT ( 'NONE',  ( 0.03106244219301989781, 0.2354899275675308712, 0.07538328833421893693 ) ) ;
#1793 = FACE_OUTER_BOUND ( 'NONE', #2355, .T. ) ;
#1794 = CARTESIAN_POINT ( 'NONE',  ( 0.02214825881742365013, 0.2172538435684815139, 0.07702715760354780783 ) ) ;
#1795 = CARTESIAN_POINT ( 'NONE',  ( 0.009293667433119122412, 0.1449219091733112419, 0.08505109567862358111 ) ) ;
#1796 = CC_DESIGN_PERSON_AND_ORGANIZATION_ASSIGNMENT ( #1484, #2165, ( #2228 ) ) ;
#1797 = CARTESIAN_POINT ( 'NONE',  ( 0.03633406675053610368, 0.1525863147964749145, 0.07611841994406637335 ) ) ;
#1798 = CARTESIAN_POINT ( 'NONE',  ( 0.04542585866417350043, 0.1149333107400520027, 0.08668191642419240117 ) ) ;
#1799 = CARTESIAN_POINT ( 'NONE',  ( 0.04298331263548459819, 0.2211894189102809882, 0.08254511955048300653 ) ) ;
#1800 = CARTESIAN_POINT ( 'NONE',  ( 0.04171336561350955097, 0.2073552842460459900, 0.08175110480898510612 ) ) ;
#1801 = VECTOR ( 'NONE', #256, 1.000000000000000000 ) ;
#1802 = ORIENTED_EDGE ( 'NONE', *, *, #1364, .T. ) ;
#1803 = CIRCLE ( 'NONE', #1034, 0.001499999999999998730 ) ;
#1804 = CARTESIAN_POINT ( 'NONE',  ( 0.03342301890497084010, 0.1167294842045726727, 0.08228140707808268006 ) ) ;
#1805 = CARTESIAN_POINT ( 'NONE',  ( 0.04586434864618024049, 0.2638482096662422838, 0.08424855556148079516 ) ) ;
#1806 = CARTESIAN_POINT ( 'NONE',  ( 0.03280343239280729406, 0.1506130689258159960, 0.08867552879753140549 ) ) ;
#1807 = B_SPLINE_CURVE_WITH_KNOTS ( 'NONE', 3,
 ( #3369, #3070, #2674, #2430, #398, #3322, #415, #3027, #1753 ),
 .UNSPECIFIED., .F., .F.,
 ( 4, 1, 1, 2, 1, 4 ),
 ( 0.000000000000000000, 0.1030181373061632710, 0.2060362746123264588, 0.5150906865308169102, 0.7090544119184911676, 1.000000000000000000 ),
 .UNSPECIFIED. ) ;
#1808 = CARTESIAN_POINT ( 'NONE',  ( 0.02564420930590880637, 0.2302349823640562065, 0.07368270079153307894 ) ) ;
#1809 = VECTOR ( 'NONE', #3029, 1.000000000000000000 ) ;
#1810 = VERTEX_POINT ( 'NONE', #237 ) ;
#1811 = CARTESIAN_POINT ( 'NONE',  ( 0.03388585888762568610, 0.1502115566308480366, 0.07510395789668905531 ) ) ;
#1812 = ORIENTED_EDGE ( 'NONE', *, *, #1557, .T. ) ;
#1813 = LINE ( 'NONE', #1853, #1700 ) ;
#1814 = CARTESIAN_POINT ( 'NONE',  ( 0.02060636904526391006, 0.2388973917283962745, 0.07693912551696951985 ) ) ;
#1815 = DIRECTION ( 'NONE',  ( 0.6162518570600098444, -0.7875490787295470474, 0.0003118690920650416172 ) ) ;
#1816 = CARTESIAN_POINT ( 'NONE',  ( 0.02170738725220525134, 0.2279337615798334993, 0.07702693448987610325 ) ) ;
#1817 = CARTESIAN_POINT ( 'NONE',  ( 0.01137393564880868208, 0.1477249628648823199, 0.08267119790221903741 ) ) ;
#1818 = EDGE_CURVE ( 'NONE', #740, #1181, #308, .T. ) ;
#1819 = CARTESIAN_POINT ( 'NONE',  ( 0.02703965129894254915, 0.1335608309790970172, 0.08867261189731279192 ) ) ;
#1820 = CARTESIAN_POINT ( 'NONE',  ( 0.04479231605446110792, 0.1449467502082626980, 0.07663914155042148013 ) ) ;
#1821 = EDGE_CURVE ( 'NONE', #480, #721, #3225, .T. ) ;
#1822 = CARTESIAN_POINT ( 'NONE',  ( 0.04819233130570000495, 0.2373399113053389908, 0.08882545236233439778 ) ) ;
#1823 = DIRECTION ( 'NONE',  ( -0.6162518570600118428, 0.7875490787295457151, -0.0003118690920618394260 ) ) ;
#1824 = ORIENTED_EDGE ( 'NONE', *, *, #1709, .F. ) ;
#1825 = CARTESIAN_POINT ( 'NONE',  ( 0.04022928175479079105, 0.1213046056645322862, 0.08171392111077203924 ) ) ;
#1826 = CARTESIAN_POINT ( 'NONE',  ( 0.04097481126269623963, 0.2686128447923995521, 0.08459365274470813378 ) ) ;
#1827 = CARTESIAN_POINT ( 'NONE',  ( 0.04307300311240550017, 0.1484185762224874139, 0.08882286160302499400 ) ) ;
#1828 = ADVANCED_FACE ( 'NONE', ( #4067 ), #1302, .F. ) ;
#1829 = CARTESIAN_POINT ( 'NONE',  ( 0.02537174858395159840, 0.2303091170038903679, 0.07368592970855757096 ) ) ;
#1830 = EDGE_LOOP ( 'NONE', ( #2618, #2906, #1371, #699, #3309, #3088, #2096, #3824, #673, #2240, #4096, #4181, #1878, #1563, #882, #1110 ) ) ;
#1831 = CARTESIAN_POINT ( 'NONE',  ( 0.01237845517042537695, 0.1439953581432354968, 0.07721661653718162044 ) ) ;
#1832 = DIRECTION ( 'NONE',  ( -0.9994165763531819291, 0.03415041871287123609, -0.0005057788251476106342 ) ) ;
#1833 = CARTESIAN_POINT ( 'NONE',  ( 0.009057744034824226353, 0.1341755385159286995, 0.07366350979929202347 ) ) ;
#1834 = VECTOR ( 'NONE', #537, 1.000000000000000000 ) ;
#1835 = EDGE_CURVE ( 'NONE', #3475, #396, #3862, .T. ) ;
#1836 = CARTESIAN_POINT ( 'NONE',  ( 0.01315140131487812017, 0.2541055430360029677, 0.08234502587701320042 ) ) ;
#1837 = CARTESIAN_POINT ( 'NONE',  ( 0.01413237897460599933, 0.09044597109155409764, 0.08566607947717000404 ) ) ;
#1838 = CARTESIAN_POINT ( 'NONE',  ( 0.02178623885244539843, 0.1948756089226529875, 0.07702697439462589946 ) ) ;
#1839 = PERSON_AND_ORGANIZATION ( #2117, #4199 ) ;
#1840 = CARTESIAN_POINT ( 'NONE',  ( 0.04906458780754398979, 0.2517322277496468752, 0.08207252428029299107 ) ) ;
#1841 = CARTESIAN_POINT ( 'NONE',  ( 0.03487583303979302496, 0.1531492722726982003, 0.07408876643167155995 ) ) ;
#1842 = CARTESIAN_POINT ( 'NONE',  ( 0.04462203401998299929, 0.1490440770393496039, 0.08471146871612460216 ) ) ;
#1843 = LINE ( 'NONE', #2461, #2157 ) ;
#1844 = ORIENTED_EDGE ( 'NONE', *, *, #1500, .T. ) ;
#1845 = CARTESIAN_POINT ( 'NONE',  ( 0.04458706378942299542, 0.1295312779548326299, 0.08036479709055266429 ) ) ;
#1846 = CARTESIAN_POINT ( 'NONE',  ( 0.04622660808834921226, 0.2633106583805627787, 0.08419262975038414865 ) ) ;
#1847 = CARTESIAN_POINT ( 'NONE',  ( 0.02061957822534449952, 0.1536540433956604945, 0.07666936132806810578 ) ) ;
#1848 = CARTESIAN_POINT ( 'NONE',  ( 0.01081689146636154002, 0.2481815991929504917, 0.09466440274737639160 ) ) ;
#1849 = CC_DESIGN_DATE_AND_TIME_ASSIGNMENT ( #3524, #463, ( #3356 ) ) ;
#1850 = VERTEX_POINT ( 'NONE', #139 ) ;
#1851 = CARTESIAN_POINT ( 'NONE',  ( 0.03561770079317908011, 0.1494001055851735815, 0.07535181215278856370 ) ) ;
#1852 = PLANE ( 'NONE',  #3545 ) ;
#1853 = CARTESIAN_POINT ( 'NONE',  ( 0.03748505261152729889, 0.1153431749574099913, 0.08967789817223539850 ) ) ;
#1854 = CARTESIAN_POINT ( 'NONE',  ( 0.01428100884001641362, 0.2471893219024147159, 0.08029546524444579336 ) ) ;
#1855 = CARTESIAN_POINT ( 'NONE',  ( 0.02680067020856135782, 0.2360220845377343224, 0.08180564912921109433 ) ) ;
#1856 = CALENDAR_DATE ( 2026, 6, 9 ) ;
#1857 = CARTESIAN_POINT ( 'NONE',  ( 0.04542383436810980279, 0.1149333107400520027, 0.09068191591197050094 ) ) ;
#1858 = DIRECTION ( 'NONE',  ( 0.7875489778795833340, 0.6162519359744393910, 0.0003985581250131426615 ) ) ;
#1859 = DIRECTION ( 'NONE',  ( 0.0005060740159282030044, 3.480932718718385460E-16, -0.9999998719445369888 ) ) ;
#1860 = CARTESIAN_POINT ( 'NONE',  ( 0.03468240089154185635, 0.1532232490769827871, 0.07406486278010987467 ) ) ;
#1861 = CARTESIAN_POINT ( 'NONE',  ( 0.01745700464698959897, 0.2093388056092720106, 0.08173882929333579905 ) ) ;
#1862 = B_SPLINE_SURFACE_WITH_KNOTS ( 'NONE', 2, 1, ( 
 ( #863, #1869 ),
 ( #3205, #1892 ),
 ( #297, #1561 ),
 ( #249, #3603 ),
 ( #598, #318 ),
 ( #2574, #3648 ),
 ( #2991, #3270 ) ),
 .UNSPECIFIED., .F., .F., .F.,
 ( 3, 2, 2, 3 ),
 ( 2, 2 ),
 ( -6.983216214073630468, 0.000000000000000000, 1.000000000000000000, 1.012345122108099904 ),
 ( 0.02359223153759520270, 7.519737496511959662 ),
 .UNSPECIFIED. ) ;
#1863 = CARTESIAN_POINT ( 'NONE',  ( 0.03772476293884390042, 0.2177037683662760015, 0.07703504046857551080 ) ) ;
#1864 = ORIENTED_EDGE ( 'NONE', *, *, #458, .T. ) ;
#1865 = CARTESIAN_POINT ( 'NONE',  ( 0.04463294462290336162, 0.1297354656199692646, 0.08032582162805182446 ) ) ;
#1866 = CIRCLE ( 'NONE', #4183, 0.003749999999999999428 ) ;
#1867 = CARTESIAN_POINT ( 'NONE',  ( 0.03456266162049306118, 0.1560154182645958343, 0.07467659958551946253 ) ) ;
#1868 = CARTESIAN_POINT ( 'NONE',  ( 0.03726320934919065408, 0.1379681105372385919, 0.07707778428961130357 ) ) ;
#1869 = CARTESIAN_POINT ( 'NONE',  ( -0.01640742962538475208, 0.4404294125440640362, -0.02904633062686255013 ) ) ;
#1870 = ORIENTED_EDGE ( 'NONE', *, *, #783, .F. ) ;
#1871 = VECTOR ( 'NONE', #1, 1.000000000000000000 ) ;
#1872 = EDGE_CURVE ( 'NONE', #170, #536, #3443, .T. ) ;
#1873 = CARTESIAN_POINT ( 'NONE',  ( 0.01467215618010662276, 0.1466333939481191395, 0.07642924003333809169 ) ) ;
#1874 = EDGE_CURVE ( 'NONE', #1850, #2514, #77, .T. ) ;
#1875 = ORIENTED_EDGE ( 'NONE', *, *, #3376, .F. ) ;
#1876 = CARTESIAN_POINT ( 'NONE',  ( 0.02328880269352258392, 0.1336888950492702843, 0.09467071445838569355 ) ) ;
#1877 = AXIS2_PLACEMENT_3D ( 'NONE', #4265, #1230, #3917 ) ;
#1878 = ORIENTED_EDGE ( 'NONE', *, *, #1185, .F. ) ;
#1879 = CARTESIAN_POINT ( 'NONE',  ( 0.01445135896763489330, 0.2467502645901757663, 0.08014211086433173370 ) ) ;
#1880 = PLANE ( 'NONE',  #2290 ) ;
#1881 = CARTESIAN_POINT ( 'NONE',  ( 0.01047611494153223924, 0.1473649067916711908, 0.08375898597522109246 ) ) ;
#1882 = EDGE_CURVE ( 'NONE', #2739, #1652, #1405, .T. ) ;
#1883 = LINE ( 'NONE', #4299, #2929 ) ;
#1884 = CARTESIAN_POINT ( 'NONE',  ( 0.04756826057283596032, 0.1291124005631936189, 0.08042604103436988561 ) ) ;
#1885 = CARTESIAN_POINT ( 'NONE',  ( 0.02274899538505102681, 0.1510414234080882934, 0.08314203159138336408 ) ) ;
#1886 = CARTESIAN_POINT ( 'NONE',  ( 0.01669840657787055246, 0.2311439833427539892, 0.08173844538651729719 ) ) ;
#1887 = CARTESIAN_POINT ( 'NONE',  ( 0.03618867176127105179, 0.1732617030491589993, 0.07703426309264480021 ) ) ;
#1888 = ORIENTED_EDGE ( 'NONE', *, *, #2138, .T. ) ;
#1889 = LINE ( 'NONE', #1271, #261 ) ;
#1890 = CARTESIAN_POINT ( 'NONE',  ( 0.03461059224404855472, 0.2068558443188302232, 0.07467679816773513390 ) ) ;
#1891 = DIRECTION ( 'NONE',  ( -0.6162518570600125090, 0.7875490787295452710, -0.0003118690920618402934 ) ) ;
#1892 = CARTESIAN_POINT ( 'NONE',  ( -0.02128625479089910066, 0.2984103919002659699, 0.02229967690707864922 ) ) ;
#1893 = VERTEX_POINT ( 'NONE', #2103 ) ;
#1894 = CARTESIAN_POINT ( 'NONE',  ( 0.01653443361520805927, 0.1481754022565599238, 0.07593944445565044277 ) ) ;
#1895 = VERTEX_POINT ( 'NONE', #1760 ) ;
#1896 = CARTESIAN_POINT ( 'NONE',  ( 0.05181411030388195088, 0.2572855602384072626, 0.08334224885530715221 ) ) ;
#1897 = CARTESIAN_POINT ( 'NONE',  ( 0.02703965129894254915, 0.1335608309790970172, 0.08867261189731279192 ) ) ;
#1898 = AXIS2_PLACEMENT_3D ( 'NONE', #758, #3747, #3024 ) ;
#1899 = CARTESIAN_POINT ( 'NONE',  ( 0.01432987302015031883, 0.2470598600681427337, 0.08025058774884635815 ) ) ;
#1900 = CARTESIAN_POINT ( 'NONE',  ( 0.04735438796413310447, 0.1388700672851874152, 0.09468289342732880143 ) ) ;
#1901 = CARTESIAN_POINT ( 'NONE',  ( 0.02663620934436175883, 0.2360636850086575422, 0.08195369925082354734 ) ) ;
#1902 = CARTESIAN_POINT ( 'NONE',  ( 0.02362689075441214842, 0.1546898746827954918, 0.07871826205441340152 ) ) ;
#1903 = CARTESIAN_POINT ( 'NONE',  ( 0.04665988060034130525, 0.1133582125825930015, 0.08368254054654289398 ) ) ;
#1904 = CARTESIAN_POINT ( 'NONE',  ( 0.03877148273196120293, 0.1160638007128482058, 0.08233674028536661083 ) ) ;
#1905 = CARTESIAN_POINT ( 'NONE',  ( 0.02365905787187383771, 0.1512398867004817460, 0.08202643662591134477 ) ) ;
#1906 = CARTESIAN_POINT ( 'NONE',  ( 0.01741967167509810011, 0.2178286205972370104, 0.08173881040008830479 ) ) ;
#1907 = CARTESIAN_POINT ( 'NONE',  ( 0.03692696810599639667, 0.2060444175534039968, 0.07703463672528880479 ) ) ;
#1908 = ORIENTED_EDGE ( 'NONE', *, *, #2743, .F. ) ;
#1909 = CARTESIAN_POINT ( 'NONE',  ( 0.04074574465850865079, 0.1743260036832179893, 0.08175061512048789614 ) ) ;
#1910 = FACE_OUTER_BOUND ( 'NONE', #1992, .T. ) ;
#1911 = CARTESIAN_POINT ( 'NONE',  ( 0.007212824217978509866, 0.2621137882514115169, 0.02243703364238164993 ) ) ;
#1912 = CARTESIAN_POINT ( 'NONE',  ( 0.02410265873734005262, 0.1937858959250675084, 0.07427112371750319020 ) ) ;
#1913 = ORIENTED_EDGE ( 'NONE', *, *, #1506, .F. ) ;
#1914 = CARTESIAN_POINT ( 'NONE',  ( 0.03853026151782693032, 0.1474338341166612498, 0.07594778226715460934 ) ) ;
#1915 = CARTESIAN_POINT ( 'NONE',  ( 0.02728420485273599927, 0.1408066020855180123, 0.09467373642798859734 ) ) ;
#1916 = CARTESIAN_POINT ( 'NONE',  ( 0.05130461575080880882, 0.2593697126713339074, 0.08369251964935324473 ) ) ;
#1917 = CARTESIAN_POINT ( 'NONE',  ( 0.04745737576612192588, 0.2381167900980597496, 0.07701778378093382393 ) ) ;
#1918 = CARTESIAN_POINT ( 'NONE',  ( 0.03460265740116429123, 0.2358267155140563176, 0.08210717365294313563 ) ) ;
#1919 = DIRECTION ( 'NONE',  ( -0.0005060740159282030044, -3.480932718718385460E-16, 0.9999998719445369888 ) ) ;
#1920 = CARTESIAN_POINT ( 'NONE',  ( 0.02569655466100621496, 0.2363336976829898406, 0.08309090615479894359 ) ) ;
#1921 = CARTESIAN_POINT ( 'NONE',  ( 0.01241824160763301856, 0.2412707454772420046, 0.08375731805546129949 ) ) ;
#1922 = DIRECTION ( 'NONE',  ( -0.9994165763531819291, 0.03415041871287127079, -0.0005057788251457607685 ) ) ;
#1923 = EDGE_CURVE ( 'NONE', #33, #3406, #1448, .T. ) ;
#1924 = CYLINDRICAL_SURFACE ( 'NONE', #1662, 0.001499999999999998730 ) ;
#1925 = CARTESIAN_POINT ( 'NONE',  ( 0.02478411316941061746, 0.1514182922186388391, 0.08118760034569239004 ) ) ;
#1926 = CARTESIAN_POINT ( 'NONE',  ( 0.01737236619993664730, 0.2197221069980209995, 0.08173878646001339621 ) ) ;
#1927 = CARTESIAN_POINT ( 'NONE',  ( 0.03475721603244810026, 0.2095085859492554770, 0.07467651576401410085 ) ) ;
#1928 = VERTEX_POINT ( 'NONE', #2143 ) ;
#1929 = CARTESIAN_POINT ( 'NONE',  ( 0.01737661668330552772, 0.1183305599769502309, 0.08216200515040907038 ) ) ;
#1930 = CARTESIAN_POINT ( 'NONE',  ( 0.01197391877035093935, 0.1546765146602895047, 0.09466498828890569650 ) ) ;
#1931 = CARTESIAN_POINT ( 'NONE',  ( 0.05001918505540259990, 0.2435450643761654932, 0.08882637688566639989 ) ) ;
#1932 = EDGE_LOOP ( 'NONE', ( #1459, #1789, #1063, #153 ) ) ;
#1933 = CARTESIAN_POINT ( 'NONE',  ( 0.04097737209463414576, 0.1449735888897894787, 0.07666960955733359562 ) ) ;
#1934 = CARTESIAN_POINT ( 'NONE',  ( 0.04567558764311820119, 0.2308210210869214851, 0.09468204382999970137 ) ) ;
#1935 = CARTESIAN_POINT ( 'NONE',  ( 0.05190201525868767818, 0.2503247710494511113, 0.08171331077138499488 ) ) ;
#1936 = CARTESIAN_POINT ( 'NONE',  ( 0.03471979265979394796, 0.1543108962824094876, 0.07467649682501520392 ) ) ;
#1937 = CARTESIAN_POINT ( 'NONE',  ( 0.01975219522151410237, 0.2329139208520829285, 0.07851483296439570880 ) ) ;
#1938 = VECTOR ( 'NONE', #944, 1.000000000000000000 ) ;
#1939 = CARTESIAN_POINT ( 'NONE',  ( 0.03333885378005552180, 0.2356256306251205412, 0.08115704239612521464 ) ) ;
#1940 = AXIS2_PLACEMENT_3D ( 'NONE', #2729, #3823, #2792 ) ;
#1941 = CARTESIAN_POINT ( 'NONE',  ( 0.007163781172588873890, 0.1267808708723117406, 0.08105375040662127217 ) ) ;
#1942 = DIRECTION ( 'NONE',  ( -0.9994165763531819291, 0.03415041871287127079, -0.0005057788251457607685 ) ) ;
#1943 = CARTESIAN_POINT ( 'NONE',  ( 0.02432505426036690038, 0.2237658096930345009, 0.07467123631733520173 ) ) ;
#1944 = CIRCLE ( 'NONE', #3278, 0.001000000000000002623 ) ;
#1945 = DIRECTION ( 'NONE',  ( -0.9994165763531820401, 0.03415041871286727398, -0.0005057788251477427985 ) ) ;
#1946 = CARTESIAN_POINT ( 'NONE',  ( 0.04538812079835748831, 0.2424627134842937126, 0.07892412486610725364 ) ) ;
#1947 = CARTESIAN_POINT ( 'NONE',  ( 0.02188040944955893172, 0.1508053294698408764, 0.08596196291419944124 ) ) ;
#1948 = CARTESIAN_POINT ( 'NONE',  ( 0.01742551144417139874, 0.2175390679559205120, 0.08173881335544390392 ) ) ;
#1949 = CARTESIAN_POINT ( 'NONE',  ( 0.03630848611379899893, 0.1883684053932250246, 0.07703432372758320379 ) ) ;
#1950 = ORIENTED_EDGE ( 'NONE', *, *, #2428, .F. ) ;
#1951 = CARTESIAN_POINT ( 'NONE',  ( 0.02449482795414579736, 0.2178765079291890006, 0.07467132223540090541 ) ) ;
#1952 = CARTESIAN_POINT ( 'NONE',  ( 0.01432994749412306104, 0.1208173482763717083, 0.08187877119352629518 ) ) ;
#1953 = CARTESIAN_POINT ( 'NONE',  ( 0.004873622199866770033, 0.1334190051748037897, 0.02243584983287059964 ) ) ;
#1954 = CARTESIAN_POINT ( 'NONE',  ( 0.04378182408219604554, 0.1072980537305578130, 0.08668108442090259602 ) ) ;
#1955 = EDGE_LOOP ( 'NONE', ( #2638, #815, #60, #4325 ) ) ;
#1956 = CARTESIAN_POINT ( 'NONE',  ( 0.04018178328930673698, 0.1458673401131667935, 0.07641035904848483828 ) ) ;
#1957 = ADVANCED_FACE ( 'NONE', ( #4131 ), #2456, .F. ) ;
#1958 = CARTESIAN_POINT ( 'NONE',  ( 0.03114529212994830015, 0.2534908354991710078, 0.07367468773488999867 ) ) ;
#1959 = CARTESIAN_POINT ( 'NONE',  ( 0.05215707285563953716, 0.2529193219555024297, 0.08240780538390579668 ) ) ;
#1960 = DIRECTION ( 'NONE',  ( -0.0005060740159281839224, 2.137647389988569763E-16, 0.9999998719445369888 ) ) ;
#1961 = CARTESIAN_POINT ( 'NONE',  ( 0.03450910302263798107, 0.2358087456441237684, 0.08201677960535011525 ) ) ;
#1962 = CARTESIAN_POINT ( 'NONE',  ( 0.04356320558885445199, 0.1938171096308620167, 0.09468097480819340217 ) ) ;
#1963 = CARTESIAN_POINT ( 'NONE',  ( 0.02439527084926644551, 0.2214578476169159760, 0.07467150634754229910 ) ) ;
#1964 = CARTESIAN_POINT ( 'NONE',  ( 0.02306585779635990027, 0.1733900379355634847, 0.07467059907064220459 ) ) ;
#1965 = EDGE_CURVE ( 'NONE', #804, #2633, #118, .T. ) ;
#1966 = CARTESIAN_POINT ( 'NONE',  ( 0.01036179798295866136, 0.1403211760991276424, 0.07821707228296757852 ) ) ;
#1967 = CARTESIAN_POINT ( 'NONE',  ( 0.04587559745191122085, 0.2431498344656896071, 0.07920520939863907872 ) ) ;
#1968 = CARTESIAN_POINT ( 'NONE',  ( 0.02219942831748084044, 0.1509000013073971691, 0.08426805057644684571 ) ) ;
#1969 = CARTESIAN_POINT ( 'NONE',  ( 0.01932781488768984743, 0.1924327337840240071, 0.07938275315594409132 ) ) ;
#1970 = VERTEX_POINT ( 'NONE', #1092 ) ;
#1971 = CARTESIAN_POINT ( 'NONE',  ( 0.02453740237472125038, 0.2099596090231004852, 0.07467134378120859894 ) ) ;
#1972 = CARTESIAN_POINT ( 'NONE',  ( 0.009789604023425851897, 0.1283993620741933073, 0.08076876190644535769 ) ) ;
#1973 = CARTESIAN_POINT ( 'NONE',  ( 0.03399062001578594810, 0.1897599368748789928, 0.07667612806575059559 ) ) ;
#1974 = CARTESIAN_POINT ( 'NONE',  ( 0.04521365344743699666, 0.1491220711320042080, 0.08882394493067539976 ) ) ;
#1975 = ORIENTED_EDGE ( 'NONE', *, *, #4305, .F. ) ;
#1976 = CARTESIAN_POINT ( 'NONE',  ( 0.04026188964167528445, 0.1457811535635632205, 0.07643546560792630062 ) ) ;
#1977 = CARTESIAN_POINT ( 'NONE',  ( 0.04350555462128539996, 0.1535990674851180071, 0.09468094563253300067 ) ) ;
#1978 = CARTESIAN_POINT ( 'NONE',  ( 0.01443268353087509386, 0.2601899199643100125, 0.08360222841819762996 ) ) ;
#1979 = CARTESIAN_POINT ( 'NONE',  ( 0.03475491780457287683, 0.1539299402968106467, 0.07467691164662397518 ) ) ;
#1980 = ORIENTED_EDGE ( 'NONE', *, *, #3485, .T. ) ;
#1981 = EDGE_CURVE ( 'NONE', #3102, #4285, #3095, .T. ) ;
#1982 = CARTESIAN_POINT ( 'NONE',  ( 0.03493345644762645835, 0.2358939340750415836, 0.08246170719251168235 ) ) ;
#1983 = CARTESIAN_POINT ( 'NONE',  ( 0.02703661485484699922, 0.1335608309790970172, 0.09467261112897999709 ) ) ;
#1984 = CARTESIAN_POINT ( 'NONE',  ( 0.02454735911339142249, 0.2115262388546368388, 0.07467170118652342869 ) ) ;
#1985 = CARTESIAN_POINT ( 'NONE',  ( 0.02444763149389974841, 0.2041356482891819868, 0.07667129860660701346 ) ) ;
#1986 = CARTESIAN_POINT ( 'NONE',  ( 0.009054709641807970680, 0.1341755385159285885, 0.07965945610789029740 ) ) ;
#1987 = CARTESIAN_POINT ( 'NONE',  ( 0.04080062365436933070, 0.2383006340736154305, 0.07699439047076002407 ) ) ;
#1988 = CARTESIAN_POINT ( 'NONE',  ( 0.04542434044212569771, 0.1149333107400520027, 0.08968191604002599682 ) ) ;
#1989 = CARTESIAN_POINT ( 'NONE',  ( 0.01979704932218915095, 0.2168329427263329945, 0.07938299062332938860 ) ) ;
#1990 = CARTESIAN_POINT ( 'NONE',  ( 0.03498912981009407591, 0.2130189550452741276, 0.07467702086538757777 ) ) ;
#1991 = DIRECTION ( 'NONE',  ( -0.9994165763531819291, 0.03415041871287123609, -0.0005057788251476106342 ) ) ;
#1992 = EDGE_LOOP ( 'NONE', ( #151, #1128, #527, #3600 ) ) ;
#1993 = CARTESIAN_POINT ( 'NONE',  ( 0.02445275961301464698, 0.2196208410323610138, 0.07467130094570420540 ) ) ;
#1994 = CARTESIAN_POINT ( 'NONE',  ( 0.01313725340658211324, 0.2643035349023478142, 0.08416054111122865666 ) ) ;
#1995 = CARTESIAN_POINT ( 'NONE',  ( 0.03426903795658590296, 0.1989876330317149888, 0.07667626896585409690 ) ) ;
#1996 = CARTESIAN_POINT ( 'NONE',  ( 0.01343813915026260096, 0.1678889597375095022, 0.08469568735519469871 ) ) ;
#1997 = B_SPLINE_CURVE_WITH_KNOTS ( 'NONE', 3,
 ( #1931, #1294, #2239, #2903, #3294, #577, #2927, #1974, #3224, #229 ),
 .UNSPECIFIED., .F., .F.,
 ( 4, 1, 2, 1, 1, 1, 4 ),
 ( 0.000000000000000000, 0.1939594266123212118, 0.4848985665308023219, 0.6909391399184798832, 0.7939594266123187749, 0.8969797133061576666, 1.000000000000000000 ),
 .UNSPECIFIED. ) ;
#1998 = ORIENTED_EDGE ( 'NONE', *, *, #1224, .F. ) ;
#1999 = CARTESIAN_POINT ( 'NONE',  ( 0.04808205482864126579, 0.2390971498502985904, 0.08509932146648646611 ) ) ;
#2000 = CARTESIAN_POINT ( 'NONE',  ( 0.03065426095039625043, 0.2295637009066055223, 0.07467443936479270516 ) ) ;
#2001 = CARTESIAN_POINT ( 'NONE',  ( 0.02403142177299932847, 0.2700285482108775725, 0.08461900560559695861 ) ) ;
#2002 = CARTESIAN_POINT ( 'NONE',  ( 0.03158106657370508136, 0.1509793844962642462, 0.08198745434552358324 ) ) ;
#2003 = DIRECTION ( 'NONE',  ( 0.9994165763531820401, -0.03415041871287100017, 0.0005057788251477779266 ) ) ;
#2004 = ORIENTED_EDGE ( 'NONE', *, *, #686, .T. ) ;
#2005 = EDGE_CURVE ( 'NONE', #3874, #1429, #2764, .T. ) ;
#2006 = ADVANCED_FACE ( 'NONE', ( #1116 ), #465, .F. ) ;
#2007 = CARTESIAN_POINT ( 'NONE',  ( 0.03630262606310064727, 0.2362472295761367802, 0.08608152408350733253 ) ) ;
#2008 = CARTESIAN_POINT ( 'NONE',  ( 0.03478715710929079774, 0.2298652722415369665, 0.07368249697310558233 ) ) ;
#2009 = CARTESIAN_POINT ( 'NONE',  ( 0.02397095142676990490, 0.2290297872815973967, 0.07467115016521358450 ) ) ;
#2010 = AXIS2_PLACEMENT_3D ( 'NONE', #3803, #4151, #3490 ) ;
#2011 = DIRECTION ( 'NONE',  ( -0.7875489778795837781, -0.6162519359744388359, -0.0003985581250134319267 ) ) ;
#2012 = EDGE_CURVE ( 'NONE', #3069, #2469, #3948, .T. ) ;
#2013 = VECTOR ( 'NONE', #3614, 1.000000000000000000 ) ;
#2014 = CARTESIAN_POINT ( 'NONE',  ( 0.009508177716938263566, 0.1376196475287017607, 0.07888530266737066310 ) ) ;
#2015 = CARTESIAN_POINT ( 'NONE',  ( 0.04168678996135481013, 0.2388992277595593794, 0.07729536465265782197 ) ) ;
#2016 = DIRECTION ( 'NONE',  ( -0.03415041433972329510, -0.9994167043339508005, -1.728263954400014718E-05 ) ) ;
#2017 = B_SPLINE_CURVE_WITH_KNOTS ( 'NONE', 3,
 ( #2538, #1169, #2493, #3188, #193, #133, #3875, #1460, #2098, #3111, #113, #1438, #2472, #1499, #2515, #2779, #3832, #1298, #4246, #2243, #2973, #2579, #2557, #4313, #4227, #1541, #2198, #2887, #3630, #2220, #3921, #3941, #909, #3298, #1916, #950, #3231, #1613, #627, #1896, #3587, #214, #2642, #2263, #867, #2286, #3563, #1959, #932, #1212, #602, #3896, #1935, #2621, #3607, #1635, #3539 ),
 .UNSPECIFIED., .F., .F.,
 ( 4, 2, 2, 2, 2, 2, 1, 2, 2, 2, 1, 1, 2, 2, 2, 2, 2, 1, 2, 2, 2, 1, 1, 2, 2, 2, 1, 1, 1, 2, 2, 1, 1, 4 ),
 ( 0.4523322722781786265, 0.4865615052607877300, 0.5036761217520920875, 0.5207907382433965005, 0.5550199712260049933, 0.5635772794716569223, 0.5721345877173088512, 0.5892492042086123760, 0.6234784371912184264, 0.6320357454368700223, 0.6405930536825216182, 0.6577076701738235887, 0.6748222866651254481, 0.6919369031564274186, 0.7261661361390312486, 0.7432807526303332191, 0.7518380608759842598, 0.7603953691216351896, 0.7946246021042429053, 0.8117392185955456529, 0.8160178727183726721, 0.8202965268411995803, 0.8288538350868557281, 0.8630830680694734358, 0.8716403763151264750, 0.8759190304379542713, 0.8801976845607820676, 0.8973123010520908105, 0.9315415340347081852, 0.9358201881575372028, 0.9400988422803664424, 0.9486561505260271421, 0.9657707670173510950, 1.000000000000000000 ),
 .UNSPECIFIED. ) ;
#2018 = ADVANCED_FACE ( 'NONE', ( #3569 ), #2532, .F. ) ;
#2019 = CARTESIAN_POINT ( 'NONE',  ( 0.01982530728355429844, 0.2105510059174600102, 0.07938300492394960439 ) ) ;
#2020 = CARTESIAN_POINT ( 'NONE',  ( 0.03494727742222543398, 0.2124234524154898773, 0.07467699657201874730 ) ) ;
#2021 = EDGE_LOOP ( 'NONE', ( #2462, #3067 ) ) ;
#2022 = ADVANCED_FACE ( 'NONE', ( #542 ), #2209, .F. ) ;
#2023 = CARTESIAN_POINT ( 'NONE',  ( 0.02342536700725540016, 0.2347646133428455129, 0.07467078100893570491 ) ) ;
#2024 = CARTESIAN_POINT ( 'NONE',  ( 0.02806836855755598381, 0.2742797753974304253, 0.08467774050946220987 ) ) ;
#2025 = CARTESIAN_POINT ( 'NONE',  ( 0.02306484564832805145, 0.1733900379355634847, 0.07667059881453130998 ) ) ;
#2026 = CARTESIAN_POINT ( 'NONE',  ( 0.008265694933639849973, 0.1436657477583650200, 0.08730924983325560884 ) ) ;
#2027 = EDGE_CURVE ( 'NONE', #3886, #3159, #197, .T. ) ;
#2028 = VERTEX_POINT ( 'NONE', #3525 ) ;
#2029 = CARTESIAN_POINT ( 'NONE',  ( 0.01336131955919256896, 0.1496852038919173622, 0.07549703047476363782 ) ) ;
#2030 = CARTESIAN_POINT ( 'NONE',  ( 0.01673454967591331971, 0.2642996669281789668, 0.08417600107061583292 ) ) ;
#2031 = CARTESIAN_POINT ( 'NONE',  ( 0.03248644648123012735, 0.1507179687952218405, 0.08309434234306022071 ) ) ;
#2032 = CARTESIAN_POINT ( 'NONE',  ( 0.03064966186987519783, 0.2295637009066055223, 0.08376220081339340318 ) ) ;
#2033 = VERTEX_POINT ( 'NONE', #521 ) ;
#2034 = B_SPLINE_CURVE_WITH_KNOTS ( 'NONE', 3,
 ( #1529, #2873, #1840, #917, #1575, #1198, #873, #4276, #3547, #545, #2894, #1220, #3594, #3261, #263, #2564, #3907, #2230, #2914, #590, #2272, #2654, #3662, #2344, #1029, #2609, #1667, #3995, #3950, #1331, #2629, #3972, #1265, #1354, #679, #939, #1967, #382, #983, #1946, #1717, #30, #2040, #3374, #3050, #2318, #3615, #960, #1307, #2370, #3326, #658, #4019, #3007, #3, #613, #2015, #1005, #4300, #2678, #2961, #1644, #4046, #1987, #332, #3351, #3684, #1622, #359, #634, #4322, #1690, #3032, #2295, #3640, #2982, #3306, #2700, #3712, #705, #3285, #288, #1286, #310, #4069, #1131, #3091, #4146, #1755, #460, #1734, #1792, #1439, #3134, #2780, #725, #135, #3774, #2391, #763, #2474, #2741, #72, #3461, #1461, #2805, #786, #1419, #2099, #3815, #2121, #4127, #114, #806, #2139, #4106, #1814, #51, #3439, #94, #3480, #2431, #1377, #2760, #483, #400, #2059, #2722, #1774, #3396, #1401, #1113, #1054, #3735, #438, #3074, #2452, #4088, #1088, #3418, #3795, #3114, #1071, #2412, #3752, #744, #2076, #417, #519, #4249, #156, #1879, #868, #1481, #1899, #3836, #4184, #1854, #194, #1239, #2581, #2844, #3190, #1172, #1523, #3522, #2868, #3211, #174, #2200, #3857, #3566, #3233, #235, #3877, #1570, #1836 ),
 .UNSPECIFIED., .F., .F.,
 ( 4, 2, 2, 1, 1, 1, 1, 2, 2, 2, 2, 1, 1, 1, 1, 1, 1, 2, 2, 2, 2, 2, 1, 1, 2, 2, 2, 2, 2, 1, 1, 1, 1, 2, 2, 2, 2, 1, 1, 1, 1, 2, 2, 2, 2, 1, 1, 1, 2, 2, 2, 2, 1, 1, 2, 2, 2, 2, 1, 1, 2, 2, 2, 2, 2, 1, 1, 1, 2, 2, 2, 2, 1, 1, 1, 1, 2, 2, 2, 2, 1, 1, 1, 1, 1, 2, 2, 2, 2, 2, 1, 1, 1, 2, 2, 2, 2, 2, 1, 1, 1, 1, 1, 2, 2, 2, 2, 1, 1, 1, 1, 2, 2, 4 ),
 ( 0.000000000000000000, 0.03125000000017730262, 0.04687500000026734170, 0.05468750000031110531, 0.05859375000033285874, 0.06054687500034377362, 0.06152343750034858227, 0.06201171875035086517, 0.06250000000035313419, 0.09375000000052781390, 0.1093750000006149942, 0.1171875000006590145, 0.1210937500006810247, 0.1230468750006925849, 0.1240234375006978168, 0.1245117187507004258, 0.1247558593757022855, 0.1248779296882026324, 0.1250000000007029655, 0.1562500000007578660, 0.1718750000007858991, 0.1796875000008004708, 0.1835937500008082424, 0.1855468750008126555, 0.1865234375008145151, 0.1875000000008164025, 0.2187500000008612555, 0.2343750000008839041, 0.2421875000008946455, 0.2460937500009004741, 0.2480468750009027779, 0.2490234375009037493, 0.2495117187509037493, 0.2497558593759037493, 0.2500000000009037215, 0.2812500000008641421, 0.2968750000008443246, 0.3046875000008345546, 0.3085937500008298917, 0.3105468750008273382, 0.3115234375008262280, 0.3120117187508258394, 0.3125000000008254508, 0.3437500000007888690, 0.3593750000007706613, 0.3671875000007615020, 0.3710937500007570056, 0.3730468750007543410, 0.3740234375007530088, 0.3750000000007516765, 0.4062500000007036594, 0.4218750000006797896, 0.4296875000006679102, 0.4335937500006623035, 0.4355468750006593615, 0.4375000000006564749, 0.4687500000006084022, 0.4843750000005845879, 0.4921875000005726530, 0.4960937500005667133, 0.4980468750005636047, 0.5000000000005605516, 0.5625000000004589662, 0.5937500000004082290, 0.6093750000003826939, 0.6171875000003703704, 0.6210937500003643752, 0.6230468750003614886, 0.6240234375003603784, 0.6250000000003592682, 0.6562500000003228529, 0.6718750000003047562, 0.6796875000002960965, 0.6835937500002919887, 0.6855468750002901013, 0.6865234375002888800, 0.6870117187502882139, 0.6875000000002875478, 0.7187500000002287059, 0.7343750000001990630, 0.7421875000001839640, 0.7460937500001767475, 0.7480468750001731948, 0.7490234375001710854, 0.7495117187501697531, 0.7497558593751696421, 0.7500000000001694200, 0.7812500000001615375, 0.7968750000001575406, 0.8046875000001562084, 0.8085937500001559863, 0.8105468750001564304, 0.8115234375001567635, 0.8120117187501569855, 0.8125000000001572076, 0.8437500000001615375, 0.8593750000001636469, 0.8671875000001639799, 0.8710937500001649791, 0.8730468750001656453, 0.8740234375001649791, 0.8745117187501646461, 0.8747558593751645351, 0.8748779296876642020, 0.8750000000001638689, 0.9062500000001556533, 0.9218750000001522116, 0.9296875000001491030, 0.9335937500001474376, 0.9355468750001453282, 0.9365234375001443290, 0.9370117187501438849, 0.9375000000001434408, 1.000000000000000000 ),
 .UNSPECIFIED. ) ;
#2035 = EDGE_LOOP ( 'NONE', ( #742, #3147, #662, #779 ) ) ;
#2036 = CARTESIAN_POINT ( 'NONE',  ( 0.04151712695222137262, 0.2324336492065407211, 0.07416673621564309760 ) ) ;
#2037 = CARTESIAN_POINT ( 'NONE',  ( 0.02446573213761527379, 0.2191447714097182753, 0.07467158129652565202 ) ) ;
#2038 = CARTESIAN_POINT ( 'NONE',  ( 0.03000087713691499888, 0.2295860272631405075, 0.07467410870417991176 ) ) ;
#2039 = CARTESIAN_POINT ( 'NONE',  ( 0.01230054747832844651, 0.1438851409874163934, 0.07724826293027588220 ) ) ;
#2040 = CARTESIAN_POINT ( 'NONE',  ( 0.04420579400650619106, 0.2411044060340705730, 0.07833238836997613586 ) ) ;
#2041 = CARTESIAN_POINT ( 'NONE',  ( 0.04559863986482984299, 0.1435438921252185918, 0.08518558516736765562 ) ) ;
#2042 = CARTESIAN_POINT ( 'NONE',  ( 0.01970140489034069922, 0.2206873191247094856, 0.07938294222016199775 ) ) ;
#2043 = CARTESIAN_POINT ( 'NONE',  ( 0.03640462345847075148, 0.2270140723132985094, 0.07667734973032379331 ) ) ;
#2044 = EDGE_LOOP ( 'NONE', ( #2771, #2376, #4203, #1050 ) ) ;
#2045 = CARTESIAN_POINT ( 'NONE',  ( 0.02404018889881210166, 0.1922369326010975044, 0.07467109215435810410 ) ) ;
#2046 = CARTESIAN_POINT ( 'NONE',  ( 0.01871062795318520142, 0.2704757775360601690, 0.08463016923736063624 ) ) ;
#2047 = VECTOR ( 'NONE', #3478, 1.000000000000000000 ) ;
#2048 = CARTESIAN_POINT ( 'NONE',  ( 0.03414494353353944578, 0.1952516337328210061, 0.07667620616488300678 ) ) ;
#2049 = CARTESIAN_POINT ( 'NONE',  ( 0.01283921500987765876, 0.1679392012688404878, 0.08731156437322390440 ) ) ;
#2050 = EDGE_LOOP ( 'NONE', ( #1586, #1787, #2554, #2450 ) ) ;
#2051 = CARTESIAN_POINT ( 'NONE',  ( 0.01982394139738884870, 0.1534110593056314253, 0.07416912274266126981 ) ) ;
#2052 = CARTESIAN_POINT ( 'NONE',  ( 0.03675339033313466952, 0.2706012884697592824, 0.08465821649811547389 ) ) ;
#2053 = CARTESIAN_POINT ( 'NONE',  ( 0.01703920067259411322, 0.2291982271261867876, 0.08173861785303282446 ) ) ;
#2054 = CARTESIAN_POINT ( 'NONE',  ( 0.03801746945971849756, 0.2302493798237990053, 0.08376592946984649790 ) ) ;
#2055 = VERTEX_POINT ( 'NONE', #1857 ) ;
#2056 = ORIENTED_EDGE ( 'NONE', *, *, #1923, .F. ) ;
#2057 = CARTESIAN_POINT ( 'NONE',  ( 0.04156543686566317036, 0.2324633958290455160, 0.07417650155868762973 ) ) ;
#2058 = CARTESIAN_POINT ( 'NONE',  ( 0.02100810467805374476, 0.1560223234352571264, 0.07467001025198906350 ) ) ;
#2059 = CARTESIAN_POINT ( 'NONE',  ( 0.01827145296918105538, 0.2409066295823508730, 0.07784009699120116033 ) ) ;
#2060 = CARTESIAN_POINT ( 'NONE',  ( 0.02703914522492665076, 0.1335608309790970172, 0.08967261176925729604 ) ) ;
#2061 = CARTESIAN_POINT ( 'NONE',  ( 0.02210348192794334837, 0.2049750703101270166, 0.07702713494312250775 ) ) ;
#2062 = DIRECTION ( 'NONE',  ( 0.0005060740159282030044, 3.480932718718385460E-16, -0.9999998719445369888 ) ) ;
#2063 = CARTESIAN_POINT ( 'NONE',  ( 0.01313937286428202601, 0.2405202007521305974, 0.08527035092140811123 ) ) ;
#2064 = CARTESIAN_POINT ( 'NONE',  ( 0.04070005872288005172, 0.1112357991242054062, 0.08767952494738680269 ) ) ;
#2065 = FACE_OUTER_BOUND ( 'NONE', #2975, .T. ) ;
#2066 = CARTESIAN_POINT ( 'NONE',  ( 0.008264937848682419458, 0.1436657477583650200, 0.08880524614339449507 ) ) ;
#2067 = EDGE_LOOP ( 'NONE', ( #4173, #2216, #124, #3633 ) ) ;
#2068 = CARTESIAN_POINT ( 'NONE',  ( 0.02176096628864275517, 0.1539693149452141807, 0.07394929102179764735 ) ) ;
#2069 = CARTESIAN_POINT ( 'NONE',  ( 0.02561607539930747801, 0.2706459049437576758, 0.08464365828092716704 ) ) ;
#2070 = CARTESIAN_POINT ( 'NONE',  ( 0.02927315658898598655, 0.1514222272161190319, 0.08065076808089358118 ) ) ;
#2071 = LINE ( 'NONE', #4337, #375 ) ;
#2072 = ORIENTED_EDGE ( 'NONE', *, *, #1642, .F. ) ;
#2073 = ORIENTED_EDGE ( 'NONE', *, *, #4208, .F. ) ;
#2074 = CARTESIAN_POINT ( 'NONE',  ( 0.03479777244504584505, 0.2298671977659829391, 0.07368259686593951752 ) ) ;
#2075 = CARTESIAN_POINT ( 'NONE',  ( 0.09773716748953301114, 0.2722274336489879931, 0.08470838956560719502 ) ) ;
#2076 = CARTESIAN_POINT ( 'NONE',  ( 0.01580255056378056591, 0.2440735377592385957, 0.07914832838148805338 ) ) ;
#2077 = CIRCLE ( 'NONE', #684, 0.001000000000000002623 ) ;
#2078 = FACE_OUTER_BOUND ( 'NONE', #1955, .T. ) ;
#2079 = CARTESIAN_POINT ( 'NONE',  ( 0.02206811947321759768, 0.2204656682746259921, 0.07702711704710310525 ) ) ;
#2080 = CARTESIAN_POINT ( 'NONE',  ( 0.03441831151020349755, 0.2031957490439799952, 0.07667634450933048795 ) ) ;
#2081 = CARTESIAN_POINT ( 'NONE',  ( 0.04850863617152140206, 0.1109955653464043956, 0.08368347615381910298 ) ) ;
#2082 = VECTOR ( 'NONE', #3350, 1.000000000000000000 ) ;
#2083 = CARTESIAN_POINT ( 'NONE',  ( 0.03482947585117665557, 0.1531685207417529948, 0.07467655233283540528 ) ) ;
#2084 = CARTESIAN_POINT ( 'NONE',  ( 0.01357593657925779476, 0.2650040225141153116, 0.08423747090411763672 ) ) ;
#2085 = B_SPLINE_CURVE_WITH_KNOTS ( 'NONE', 3,
 ( #121, #2437, #4112, #2459, #2790, #1444, #1487, #3844, #1096, #1178, #3802, #4133, #768, #2523, #524, #4150, #794, #3448, #1820, #2851, #1508, #3489, #506, #3780, #2500, #3864, #4192, #489, #2830, #855, #3120, #2126, #3140, #835, #1138, #2482, #3821, #3155, #3466, #812, #2146, #162, #4170, #444, #2168, #3509, #1778, #1841, #3177, #180, #3528, #1860, #3196, #1425, #2767 ),
 .UNSPECIFIED., .F., .F.,
 ( 4, 2, 2, 2, 2, 2, 2, 2, 2, 1, 1, 1, 1, 2, 2, 2, 2, 2, 1, 1, 1, 1, 2, 2, 2, 2, 2, 1, 1, 1, 2, 2, 4 ),
 ( 0.000000000000000000, 0.06249999999996946887, 0.09374999999995420330, 0.1093749999999468481, 0.1171874999999419076, 0.1249999999999369671, 0.1874999999999017730, 0.2187499999998826772, 0.2343749999998716027, 0.2421874999998663291, 0.2460937499998642197, 0.2480468749998631373, 0.2490234374998623601, 0.2495117187498601397, 0.2499999999998578915, 0.3749999999997012390, 0.4374999999996229683, 0.4687499999995839439, 0.4843749999995635158, 0.4921874999995544120, 0.4960937499995481392, 0.4980468749995438649, 0.4990234374995430877, 0.4999999999995422550, 0.6249999999996063149, 0.6874999999996375122, 0.7187499999996527222, 0.7343749999996601607, 0.7421874999996633804, 0.7460937499996649347, 0.7480468749996668221, 0.7499999999996685984, 1.000000000000000000 ),
 .UNSPECIFIED. ) ;
#2086 = CARTESIAN_POINT ( 'NONE',  ( 0.04378601628670914653, 0.2036488985045575018, 0.08471104562921880077 ) ) ;
#2087 = AXIS2_PLACEMENT_3D ( 'NONE', #380, #2011, #4342 ) ;
#2088 = APPROVAL ( #708, 'UNSPECIFIED' ) ;
#2089 = DIRECTION ( 'NONE',  ( -0.6162518570600098444, 0.7875490787295470474, -0.0003118690920650416172 ) ) ;
#2090 = CARTESIAN_POINT ( 'NONE',  ( 0.04277574635959121435, 0.2331983894336685237, 0.07999204797658880650 ) ) ;
#2091 = ORIENTED_EDGE ( 'NONE', *, *, #777, .T. ) ;
#2092 = CARTESIAN_POINT ( 'NONE',  ( 0.04837342915519798892, 0.2395891083189431725, 0.08551627765074597265 ) ) ;
#2093 = CARTESIAN_POINT ( 'NONE',  ( 0.007197832966749920063, 0.1404265218065946230, 0.07821631374087459343 ) ) ;
#2094 = CARTESIAN_POINT ( 'NONE',  ( 0.03225484879397744892, 0.1507906120209840384, 0.08275104589396418964 ) ) ;
#2095 = DIRECTION ( 'NONE',  ( 0.0005060740159282030044, 3.480932718718385460E-16, -0.9999998719445369888 ) ) ;
#2096 = ORIENTED_EDGE ( 'NONE', *, *, #1238, .T. ) ;
#2097 = ORIENTED_EDGE ( 'NONE', *, *, #538, .T. ) ;
#2098 = CARTESIAN_POINT ( 'NONE',  ( 0.03881885357821291543, 0.2730567200517327042, 0.08468964554723629190 ) ) ;
#2099 = CARTESIAN_POINT ( 'NONE',  ( 0.02355959182502810959, 0.2371667337149135912, 0.07612741841087022898 ) ) ;
#2100 = CARTESIAN_POINT ( 'NONE',  ( 0.02704724240918150030, 0.1335608309790970172, 0.07367261381814468879 ) ) ;
#2101 = CARTESIAN_POINT ( 'NONE',  ( 0.02139424257917689823, 0.2315883933538250006, 0.07702677601547350261 ) ) ;
#2102 = EDGE_CURVE ( 'NONE', #2514, #3167, #617, .T. ) ;
#2103 = CARTESIAN_POINT ( 'NONE',  ( 0.007224392516918930023, 0.1405165944884207985, 0.08466258339621829387 ) ) ;
#2104 = DIRECTION ( 'NONE',  ( -0.9994165763531821511, 0.03415041871286384617, -0.0005057788251476107427 ) ) ;
#2105 = DIRECTION ( 'NONE',  ( -0.6162518570600118428, 0.7875490787295457151, -0.0003118690920618394260 ) ) ;
#2106 = CARTESIAN_POINT ( 'NONE',  ( 0.04074574465850865079, 0.1743260036832179893, 0.08175061512048789614 ) ) ;
#2107 = CARTESIAN_POINT ( 'NONE',  ( 0.05001988379780519800, 0.2435450643761634948, 0.08744566518789710641 ) ) ;
#2108 = LINE ( 'NONE', #3451, #3272 ) ;
#2109 = ORIENTED_EDGE ( 'NONE', *, *, #1233, .F. ) ;
#2110 = AXIS2_PLACEMENT_3D ( 'NONE', #2952, #2599, #279 ) ;
#2111 = CARTESIAN_POINT ( 'NONE',  ( 0.02088792441377544315, 0.1166433289150901609, 0.08232761196853474739 ) ) ;
#2112 = CARTESIAN_POINT ( 'NONE',  ( 0.04872597299328477322, 0.2575033191515400111, 0.08336422596633676074 ) ) ;
#2113 = CARTESIAN_POINT ( 'NONE',  ( 0.03064546325755584943, 0.1544501348551859943, 0.07367443478445290239 ) ) ;
#2114 = CARTESIAN_POINT ( 'NONE',  ( 0.05001918505540200316, 0.2435450643761634948, 0.08882637688566639989 ) ) ;
#2115 = DIRECTION ( 'NONE',  ( 0.0005060740159278043432, 0.000000000000000000, -0.9999998719445369888 ) ) ;
#2116 = ORIENTED_EDGE ( 'NONE', *, *, #1094, .F. ) ;
#2117 = PERSON ( 'UNSPECIFIED', 'UNSPECIFIED', 'UNSPECIFIED', ('UNSPECIFIED'), ('UNSPECIFIED'), ('UNSPECIFIED') ) ;
#2118 = CARTESIAN_POINT ( 'NONE',  ( 0.009750237234261485350, 0.1385849108720373646, 0.07865369240639386028 ) ) ;
#2119 = ORIENTED_EDGE ( 'NONE', *, *, #1495, .F. ) ;
#2120 = LINE ( 'NONE', #1833, #571 ) ;
#2121 = CARTESIAN_POINT ( 'NONE',  ( 0.02252885956568645778, 0.2376753350829537148, 0.07636895855729440574 ) ) ;
#2122 = DIRECTION ( 'NONE',  ( -0.7875489778795837781, -0.6162519359744388359, -0.0003985581250135404011 ) ) ;
#2123 = CARTESIAN_POINT ( 'NONE',  ( 0.02213710320986260124, 0.2178284267588304901, 0.07702715195798399972 ) ) ;
#2124 = CARTESIAN_POINT ( 'NONE',  ( 0.03509933205029814457, 0.2151368107124960183, 0.07667668915617430192 ) ) ;
#2125 = CARTESIAN_POINT ( 'NONE',  ( 0.01325139029219595151, 0.2402949692553366379, 0.08508656193184262195 ) ) ;
#2126 = CARTESIAN_POINT ( 'NONE',  ( 0.04081951379214326936, 0.1495777445088399549, 0.07523820368722806962 ) ) ;
#2127 = CARTESIAN_POINT ( 'NONE',  ( 0.04451898448398370484, 0.2210542275023019976, 0.08471141656542539866 ) ) ;
#2128 = CARTESIAN_POINT ( 'NONE',  ( 0.04158857149423280525, 0.1560834537642944997, 0.08175104165391590405 ) ) ;
#2129 = ORIENTED_EDGE ( 'NONE', *, *, #3956, .F. ) ;
#2130 = CARTESIAN_POINT ( 'NONE',  ( 0.03941360616167226272, 0.1204851943776959616, 0.08182478086322803046 ) ) ;
#2131 = CARTESIAN_POINT ( 'NONE',  ( 0.04842928160767566437, 0.2586328492693198422, 0.08356101783346563117 ) ) ;
#2132 = CARTESIAN_POINT ( 'NONE',  ( 0.02813767553448569964, 0.1545358268507079913, 0.07367316565808620932 ) ) ;
#2133 = CARTESIAN_POINT ( 'NONE',  ( 0.01926856323979060995, 0.2332560549863777200, 0.07417512668718902191 ) ) ;
#2134 = ORIENTED_EDGE ( 'NONE', *, *, #4305, .T. ) ;
#2135 = CARTESIAN_POINT ( 'NONE',  ( 0.02178866397256599974, 0.1508196751472454522, 0.07503388715690224864 ) ) ;
#2136 = ORIENTED_EDGE ( 'NONE', *, *, #2839, .F. ) ;
#2137 = CARTESIAN_POINT ( 'NONE',  ( 0.01351612711754603992, 0.09123352017028370231, 0.08566576760807789737 ) ) ;
#2138 = EDGE_CURVE ( 'NONE', #802, #45, #2719, .T. ) ;
#2139 = CARTESIAN_POINT ( 'NONE',  ( 0.02093818774600798502, 0.2386621704719228132, 0.07683055436838419350 ) ) ;
#2140 = FACE_OUTER_BOUND ( 'NONE', #4228, .T. ) ;
#2141 = CARTESIAN_POINT ( 'NONE',  ( 0.01885089323396859848, 0.1824121453177020014, 0.07938251179825690784 ) ) ;
#2142 = PERSON_AND_ORGANIZATION ( #2117, #4199 ) ;
#2143 = CARTESIAN_POINT ( 'NONE',  ( 0.02382003118049344850, 0.2308158068207315228, 0.07667098099435530612 ) ) ;
#2144 = EDGE_CURVE ( 'NONE', #1208, #1181, #3983, .T. ) ;
#2145 = CARTESIAN_POINT ( 'NONE',  ( 0.04799428416097626521, 0.1357289143178727620, 0.07904845340588852187 ) ) ;
#2146 = CARTESIAN_POINT ( 'NONE',  ( 0.03851224735416873546, 0.1513322177675349156, 0.07467860845562693251 ) ) ;
#2147 = CARTESIAN_POINT ( 'NONE',  ( 0.04438156782999035099, 0.2036258632849680117, 0.08882352383371150406 ) ) ;
#2148 = DIRECTION ( 'NONE',  ( 0.0005060740159290400084, -5.483833043017279814E-16, -0.9999998719445369888 ) ) ;
#2149 = CIRCLE ( 'NONE', #3417, 0.003749999999999999428 ) ;
#2150 = VERTEX_POINT ( 'NONE', #3637 ) ;
#2151 = AXIS2_PLACEMENT_3D ( 'NONE', #1837, #1089, #1440 ) ;
#2152 = CARTESIAN_POINT ( 'NONE',  ( 0.04459447516987555954, 0.1295636843030719410, 0.08035862530877002641 ) ) ;
#2153 = CARTESIAN_POINT ( 'NONE',  ( 0.04648087660265942667, 0.2629066554650594800, 0.08414822622003514940 ) ) ;
#2154 = CARTESIAN_POINT ( 'NONE',  ( 0.04307555745953380033, 0.1484185762224874139, 0.08377548370812580580 ) ) ;
#2155 = EDGE_CURVE ( 'NONE', #1342, #1335, #3773, .T. ) ;
#2156 = CARTESIAN_POINT ( 'NONE',  ( 0.02242834267120431824, 0.2314036211965872225, 0.07378045629548496409 ) ) ;
#2157 = VECTOR ( 'NONE', #1823, 1.000000000000000000 ) ;
#2158 = ORIENTED_EDGE ( 'NONE', *, *, #270, .F. ) ;
#2159 = CARTESIAN_POINT ( 'NONE',  ( 0.03317656446332128278, 0.1504875766077076182, 0.07502039837010063272 ) ) ;
#2160 = CARTESIAN_POINT ( 'NONE',  ( 0.02703965129894254915, 0.1335608309790970172, 0.08867261189731279192 ) ) ;
#2161 = CARTESIAN_POINT ( 'NONE',  ( 0.05104975338341100066, 0.2468070713538489946, 0.08061434810124250283 ) ) ;
#2162 = CARTESIAN_POINT ( 'NONE',  ( 0.01343268837499162448, 0.2399620546097928631, 0.07732505443079046303 ) ) ;
#2163 = CYLINDRICAL_SURFACE ( 'NONE', #4062, 0.001000000000000002623 ) ;
#2164 = CARTESIAN_POINT ( 'NONE',  ( 0.02324094481944940019, 0.2362562050773374944, 0.07467068767764649395 ) ) ;
#2165 = PERSON_AND_ORGANIZATION_ROLE ( 'design_supplier' ) ;
#2166 = CARTESIAN_POINT ( 'NONE',  ( 0.009284161810095984194, 0.1449066561258347263, 0.08506416558916944648 ) ) ;
#2167 = DIRECTION ( 'NONE',  ( -0.9994165763531819291, 0.03415041871287127079, -0.0005057788251457607685 ) ) ;
#2168 = CARTESIAN_POINT ( 'NONE',  ( 0.03562771398407101053, 0.1528408814947527783, 0.07418881329938002700 ) ) ;
#2169 = CARTESIAN_POINT ( 'NONE',  ( 0.03685044309252254874, 0.2300320161668445162, 0.07467757509197429922 ) ) ;
#2170 = LINE ( 'NONE', #3450, #620 ) ;
#2171 = ORIENTED_EDGE ( 'NONE', *, *, #467, .F. ) ;
#2172 = CARTESIAN_POINT ( 'NONE',  ( 0.02401038201505381608, 0.1157785240797636478, 0.08240365163508998891 ) ) ;
#2173 = CARTESIAN_POINT ( 'NONE',  ( 0.04239756382844776100, 0.2675483416099935785, 0.08453766759944769671 ) ) ;
#2174 = CARTESIAN_POINT ( 'NONE',  ( 0.03338558728983136159, 0.1504052652036762805, 0.08629998214005218937 ) ) ;
#2175 = FACE_BOUND ( 'NONE', #4160, .T. ) ;
#2176 = ORIENTED_EDGE ( 'NONE', *, *, #3765, .F. ) ;
#2177 = CARTESIAN_POINT ( 'NONE',  ( 0.03446505064973053728, 0.1499610562218220700, 0.07518023679411650617 ) ) ;
#2178 = DIRECTION ( 'NONE',  ( 0.6162518570600098444, -0.7875490787295470474, 0.0003118690920650416172 ) ) ;
#2179 = CARTESIAN_POINT ( 'NONE',  ( 0.03482846370314474777, 0.1531685207417529948, 0.07667655207672449680 ) ) ;
#2180 = LINE ( 'NONE', #3679, #1801 ) ;
#2181 = CARTESIAN_POINT ( 'NONE',  ( 0.02794204839941073423, 0.2357775344226081260, 0.08104006060323404315 ) ) ;
#2182 = DIRECTION ( 'NONE',  ( 0.0005060740159284580087, 5.474783808149579717E-16, -0.9999998719445369888 ) ) ;
#2183 = DIRECTION ( 'NONE',  ( 0.7875489778795833340, 0.6162519359744393910, 0.0003985581250134316556 ) ) ;
#2184 = CARTESIAN_POINT ( 'NONE',  ( 0.04247320454641677345, 0.1192921104637541529, 0.08196367634456998286 ) ) ;
#2185 = CARTESIAN_POINT ( 'NONE',  ( 0.04378334230424379969, 0.1072980537305578130, 0.08368108480506900038 ) ) ;
#2186 = CARTESIAN_POINT ( 'NONE',  ( 0.01747176688861150004, 0.2115443262665674951, 0.08173883676412380117 ) ) ;
#2187 = CARTESIAN_POINT ( 'NONE',  ( 0.03866371659936444771, 0.1883134199438905032, 0.07939253855467480470 ) ) ;
#2188 = ADVANCED_FACE ( 'NONE', ( #3348 ), #3900, .F. ) ;
#2189 = ORIENTED_EDGE ( 'NONE', *, *, #1965, .T. ) ;
#2190 = CARTESIAN_POINT ( 'NONE',  ( 0.04431107270598227260, 0.1283414307933486986, 0.08059098691986328611 ) ) ;
#2191 = CARTESIAN_POINT ( 'NONE',  ( 0.03398847046821767970, 0.1663609969945198386, 0.07467634635778190588 ) ) ;
#2192 = CARTESIAN_POINT ( 'NONE',  ( 0.04307811180666205192, 0.1484185762224874139, 0.07872810581322650658 ) ) ;
#2193 = CARTESIAN_POINT ( 'NONE',  ( 0.01681215134015240018, 0.2353522793969929916, 0.07503533158920359936 ) ) ;
#2194 = VERTEX_POINT ( 'NONE', #703 ) ;
#2195 = CARTESIAN_POINT ( 'NONE',  ( 0.03742461890193416602, 0.1482679411527896285, 0.07569621411865692928 ) ) ;
#2196 = EDGE_CURVE ( 'NONE', #740, #2408, #3970, .T. ) ;
#2197 = ORIENTED_EDGE ( 'NONE', *, *, #2421, .F. ) ;
#2198 = CARTESIAN_POINT ( 'NONE',  ( 0.04924335903241478657, 0.2641420582569321551, 0.08429186097435946434 ) ) ;
#2199 = ADVANCED_FACE ( 'NONE', ( #1376 ), #2883, .F. ) ;
#2200 = CARTESIAN_POINT ( 'NONE',  ( 0.01339649939476277377, 0.2504708605912367991, 0.08135227114143006588 ) ) ;
#2201 = CARTESIAN_POINT ( 'NONE',  ( 0.02891231616606682389, 0.2356294392620865985, 0.08065058546885833790 ) ) ;
#2202 = APPROVAL_DATE_TIME ( #4167, #2088 ) ;
#2203 = CARTESIAN_POINT ( 'NONE',  ( 0.01730130967144575052, 0.1531311592576954927, 0.08880981921695789427 ) ) ;
#2204 = B_SPLINE_CURVE_WITH_KNOTS ( 'NONE', 3,
 ( #1015, #2354, #2090, #37, #1702, #3040 ),
 .UNSPECIFIED., .F., .F.,
 ( 4, 2, 4 ),
 ( 0.000000000000000000, 0.5000000000000000000, 1.000000000000000000 ),
 .UNSPECIFIED. ) ;
#2205 = CARTESIAN_POINT ( 'NONE',  ( 0.04193053814093634923, 0.1096607009667464050, 0.09168014817334910194 ) ) ;
#2206 = CARTESIAN_POINT ( 'NONE',  ( 0.03282138103491077236, 0.1133544774148537299, 0.08259639033720192480 ) ) ;
#2207 = CARTESIAN_POINT ( 'NONE',  ( 0.02265576693276345754, 0.1510185010414827611, 0.08329501102518471756 ) ) ;
#2208 = CARTESIAN_POINT ( 'NONE',  ( 0.01673194429972909777, 0.1871948119073155170, 0.08173846235908859004 ) ) ;
#2209 = B_SPLINE_SURFACE_WITH_KNOTS ( 'NONE', 3, 3, ( 
 ( #4274, #893, #1196, #3174 ),
 ( #3592, #3192, #2892, #178 ),
 ( #2912, #3860, #937, #1242 ),
 ( #3926, #2226, #1505, #3236 ),
 ( #915, #260, #1921, #1263 ),
 ( #2269, #2848, #4189, #1175 ) ),
 .UNSPECIFIED., .F., .F., .F.,
 ( 4, 1, 1, 4 ),
 ( 4, 4 ),
 ( 0.000000000000000000, 0.2857142857142860315, 0.5714285714285709528, 1.000000000000000000 ),
 ( -0.0007951551179909020686, 1.514213641071360028 ),
 .UNSPECIFIED. ) ;
#2210 = CARTESIAN_POINT ( 'NONE',  ( 0.04262079268428684703, 0.2355581722213244966, 0.07939454112831689780 ) ) ;
#2211 = EDGE_LOOP ( 'NONE', ( #1844, #3626, #1011, #884 ) ) ;
#2212 = CARTESIAN_POINT ( 'NONE',  ( 0.04378334230424379969, 0.1072980537305578130, 0.08368108480506900038 ) ) ;
#2213 = CARTESIAN_POINT ( 'NONE',  ( 0.03526223036369444813, 0.2165444517714258665, 0.07467717775226025145 ) ) ;
#2214 = FACE_OUTER_BOUND ( 'NONE', #1126, .T. ) ;
#2215 = CARTESIAN_POINT ( 'NONE',  ( 0.01134417261468743943, 0.1213506083458665979, 0.07426466697836710262 ) ) ;
#2216 = ORIENTED_EDGE ( 'NONE', *, *, #969, .T. ) ;
#2217 = VECTOR ( 'NONE', #1221, 1.000000000000000000 ) ;
#2218 = CARTESIAN_POINT ( 'NONE',  ( 0.01237724883356064801, 0.1439936623802961502, 0.07721710358999603341 ) ) ;
#2219 = ORIENTED_EDGE ( 'NONE', *, *, #4044, .T. ) ;
#2220 = CARTESIAN_POINT ( 'NONE',  ( 0.04983368208462073123, 0.2630614341328882388, 0.08418057006893703287 ) ) ;
#2221 = CARTESIAN_POINT ( 'NONE',  ( 0.04608772526337769071, 0.2363176188959352220, 0.07610151299606927877 ) ) ;
#2222 = CIRCLE ( 'NONE', #346, 0.001499999999999998730 ) ;
#2223 = CARTESIAN_POINT ( 'NONE',  ( 0.04480960680711355143, 0.1157208598187816073, 0.08668160455510029450 ) ) ;
#2224 = CARTESIAN_POINT ( 'NONE',  ( 0.008788348341042764855, 0.1230515190713561691, 0.08161193205002395534 ) ) ;
#2225 = DIRECTION ( 'NONE',  ( 0.0005060740159282883311, 4.149004544876794265E-16, -0.9999998719445369888 ) ) ;
#2226 = CARTESIAN_POINT ( 'NONE',  ( 0.01548049557927240125, 0.2356889948053055017, 0.07870883781550980229 ) ) ;
#2227 = CYLINDRICAL_SURFACE ( 'NONE', #3772, 0.001499999999999998730 ) ;
#2228 = PRODUCT_DEFINITION_FORMATION_WITH_SPECIFIED_SOURCE ( 'ANY', '', #1585, .NOT_KNOWN. ) ;
#2229 = ADVANCED_FACE ( 'NONE', ( #1186 ), #2489, .F. ) ;
#2230 = CARTESIAN_POINT ( 'NONE',  ( 0.04785532604502782533, 0.2468064031766562805, 0.08057490444005412089 ) ) ;
#2231 = CARTESIAN_POINT ( 'NONE',  ( 0.02358134398601376830, 0.1512249509642001610, 0.08210159605163845631 ) ) ;
#2232 = CARTESIAN_POINT ( 'NONE',  ( 0.04359192077200670090, 0.1417682570291760036, 0.08175205549644809500 ) ) ;
#2233 = CARTESIAN_POINT ( 'NONE',  ( 0.03936105058185340039, 0.2074841119003824896, 0.07939289145732900121 ) ) ;
#2234 = VERTEX_POINT ( 'NONE', #1848 ) ;
#2235 = B_SPLINE_CURVE_WITH_KNOTS ( 'NONE', 3,
 ( #2317, #1285, #1004, #2652, #1689, #4123, #1109 ),
 .UNSPECIFIED., .F., .F.,
 ( 4, 3, 4 ),
 ( -2.577712402459299668, -2.050612924334159981, -1.943955096581809983 ),
 .UNSPECIFIED. ) ;
#2236 = CARTESIAN_POINT ( 'NONE',  ( 0.01417976627811140360, 0.1209683829651716086, 0.08186038036323915745 ) ) ;
#2237 = CARTESIAN_POINT ( 'NONE',  ( 0.03421112729808511999, 0.1611712939844494319, 0.07467644036087139892 ) ) ;
#2238 = CARTESIAN_POINT ( 'NONE',  ( 0.04097716502843520153, 0.1237552701595739935, 0.07707966382631760427 ) ) ;
#2239 = CARTESIAN_POINT ( 'NONE',  ( 0.04511478670192489715, 0.2210019324913985173, 0.08882389489677809669 ) ) ;
#2240 = ORIENTED_EDGE ( 'NONE', *, *, #12, .T. ) ;
#2241 = CARTESIAN_POINT ( 'NONE',  ( 0.02739112668614564899, 0.1545613366895119967, 0.07367278784906410027 ) ) ;
#2242 = FACE_OUTER_BOUND ( 'NONE', #1604, .T. ) ;
#2243 = CARTESIAN_POINT ( 'NONE',  ( 0.04519507182041426069, 0.2691040476635285228, 0.08462248544723897925 ) ) ;
#2244 = LINE ( 'NONE', #582, #1672 ) ;
#2245 = B_SPLINE_SURFACE_WITH_KNOTS ( 'NONE', 3, 3, ( 
 ( #4037, #2032, #1021, #3701 ),
 ( #2360, #374, #4061, #2385 ),
 ( #718, #2054, #3390, #395 ),
 ( #1729, #1106, #2775, #4121 ),
 ( #109, #433, #3789, #2447 ),
 ( #2114, #1770, #778, #3106 ) ),
 .UNSPECIFIED., .F., .F., .F.,
 ( 4, 1, 1, 4 ),
 ( 4, 4 ),
 ( 0.000000000000000000, 0.2857142857142860315, 0.5714285714285709528, 1.000000000000000000 ),
 ( 0.5857864376269139584, 2.102098341044659868 ),
 .UNSPECIFIED. ) ;
#2246 = AXIS2_PLACEMENT_3D ( 'NONE', #1084, #3045, #4081 ) ;
#2247 = CARTESIAN_POINT ( 'NONE',  ( 0.01681215134015240018, 0.2353522793969929916, 0.07503533158920359936 ) ) ;
#2248 = CARTESIAN_POINT ( 'NONE',  ( 0.007136946123114700641, 0.1402445951244191968, 0.07826295039539848952 ) ) ;
#2249 = CARTESIAN_POINT ( 'NONE',  ( 0.02498493282939298968, 0.2365728861548122564, 0.08473659443525263790 ) ) ;
#2250 = DIRECTION ( 'NONE',  ( -0.9994165763531819291, 0.03415041871287127079, -0.0005057788251457607685 ) ) ;
#2251 = CARTESIAN_POINT ( 'NONE',  ( 0.04070208301894374936, 0.1112357991242054062, 0.08367952545960870292 ) ) ;
#2252 = CARTESIAN_POINT ( 'NONE',  ( 0.04449928440206447899, 0.1218575447613426815, 0.08162237608287103985 ) ) ;
#2253 = CARTESIAN_POINT ( 'NONE',  ( 0.04728754211389140510, 0.1391476224640769976, 0.08468285831782179640 ) ) ;
#2254 = CARTESIAN_POINT ( 'NONE',  ( 0.01745244384932850140, 0.2158738322923599851, 0.08173882698523550483 ) ) ;
#2255 = CARTESIAN_POINT ( 'NONE',  ( 0.03465641732410104647, 0.2077417258649685017, 0.07467646475240050097 ) ) ;
#2256 = ORIENTED_EDGE ( 'NONE', *, *, #3060, .F. ) ;
#2257 = CARTESIAN_POINT ( 'NONE',  ( 0.009013522753914133753, 0.1329739746785192078, 0.07991441010223397645 ) ) ;
#2258 = CARTESIAN_POINT ( 'NONE',  ( 0.007176272750957289441, 0.2621137882514115169, 0.09466256032460680647 ) ) ;
#2259 = CARTESIAN_POINT ( 'NONE',  ( 0.02024837051123424755, 0.1513463501677549949, 0.07426917316213220432 ) ) ;
#2260 = ORIENTED_EDGE ( 'NONE', *, *, #4264, .F. ) ;
#2261 = CARTESIAN_POINT ( 'NONE',  ( 0.02520201537705874656, 0.1545471535217503856, 0.07370372042105600985 ) ) ;
#2262 = DIRECTION ( 'NONE',  ( -0.03415041433972329510, -0.9994167043339508005, -1.728263954400014718E-05 ) ) ;
#2263 = CARTESIAN_POINT ( 'NONE',  ( 0.05209499312525902454, 0.2548851107563126495, 0.08285574686261541755 ) ) ;
#2264 = DIRECTION ( 'NONE',  ( 0.0005060740159282028959, 3.479984041817457685E-16, -0.9999998719445369888 ) ) ;
#2265 = B_SPLINE_CURVE_WITH_KNOTS ( 'NONE', 3,
 ( #2940, #3593, #916, #1599 ),
 .UNSPECIFIED., .F., .F.,
 ( 4, 4 ),
 ( 2.000000000000000000, 2.100000000000000089 ),
 .UNSPECIFIED. ) ;
#2266 = CARTESIAN_POINT ( 'NONE',  ( 0.03354132157312757212, 0.2356518102298796324, 0.08127496777415207929 ) ) ;
#2267 = CARTESIAN_POINT ( 'NONE',  ( 0.006580517014082337864, 0.1287201366977705763, 0.08073286254531011896 ) ) ;
#2268 = CARTESIAN_POINT ( 'NONE',  ( 0.02820458052044336195, 0.2357322440793525320, 0.08091433329005155717 ) ) ;
#2269 = CARTESIAN_POINT ( 'NONE',  ( 0.01162887328410846036, 0.2448571369253320085, 0.07365685864198240340 ) ) ;
#2270 = EDGE_CURVE ( 'NONE', #3644, #1810, #1791, .T. ) ;
#2271 = CARTESIAN_POINT ( 'NONE',  ( 0.04850711794947359934, 0.1109955653464043956, 0.08668347576965269863 ) ) ;
#2272 = CARTESIAN_POINT ( 'NONE',  ( 0.04760289077459752688, 0.2462080584263344474, 0.08036657611389581846 ) ) ;
#2273 = CARTESIAN_POINT ( 'NONE',  ( 0.02580191954157685583, 0.1515226075337816614, 0.08070751891868289951 ) ) ;
#2274 = CARTESIAN_POINT ( 'NONE',  ( 0.01744664623462584968, 0.2162970031283984740, 0.08173882405121320194 ) ) ;
#2275 = CARTESIAN_POINT ( 'NONE',  ( 0.03923976415196514522, 0.1558896743392454987, 0.07939283007741039511 ) ) ;
#2276 = ORIENTED_EDGE ( 'NONE', *, *, #911, .T. ) ;
#2277 = EDGE_CURVE ( 'NONE', #1893, #536, #1580, .T. ) ;
#2278 = CARTESIAN_POINT ( 'NONE',  ( 0.01050156326210017164, 0.2574638107718912328, 0.08308232115747371527 ) ) ;
#2279 = CARTESIAN_POINT ( 'NONE',  ( 0.01214835835532541986, 0.09297824876729950117, 0.09066507605603629782 ) ) ;
#2280 = CARTESIAN_POINT ( 'NONE',  ( 0.01784699565991250056, 0.1407196381808669960, 0.07426795788856190017 ) ) ;
#2281 = EDGE_LOOP ( 'NONE', ( #2158, #2129, #1035, #3368 ) ) ;
#2282 = AXIS2_PLACEMENT_3D ( 'NONE', #1819, #3757, #811 ) ;
#2283 = CARTESIAN_POINT ( 'NONE',  ( 0.04471119364938481305, 0.1370118944360167457, 0.07876184581865190715 ) ) ;
#2284 = ADVANCED_FACE ( 'NONE', ( #2175, #4200 ), #1862, .T. ) ;
#2285 = FACE_OUTER_BOUND ( 'NONE', #89, .T. ) ;
#2286 = CARTESIAN_POINT ( 'NONE',  ( 0.05211204989259202863, 0.2546002430315617571, 0.08279324725917992789 ) ) ;
#2287 = FACE_OUTER_BOUND ( 'NONE', #987, .T. ) ;
#2288 = AXIS2_PLACEMENT_3D ( 'NONE', #439, #1132, #3092 ) ;
#2289 = CARTESIAN_POINT ( 'NONE',  ( -0.02130194984010300163, 0.2765724542987970103, 0.08464387723082329729 ) ) ;
#2290 = AXIS2_PLACEMENT_3D ( 'NONE', #3903, #2225, #3281 ) ;
#2291 = CARTESIAN_POINT ( 'NONE',  ( 0.006076011617941601620, 0.1323273646412085891, 0.08005895818847549861 ) ) ;
#2292 = CARTESIAN_POINT ( 'NONE',  ( 0.02452212438082602974, 0.2162617140139297123, 0.07467165698359970460 ) ) ;
#2293 = CARTESIAN_POINT ( 'NONE',  ( 0.02419088883228620243, 0.1959007895799755039, 0.07467116841968950147 ) ) ;
#2294 = LINE ( 'NONE', #959, #2503 ) ;
#2295 = CARTESIAN_POINT ( 'NONE',  ( 0.03769014665933403258, 0.2367233442172118341, 0.07615490950943133719 ) ) ;
#2296 = CARTESIAN_POINT ( 'NONE',  ( 0.02245086240054272944, 0.1509667415901677079, 0.08367724998088858779 ) ) ;
#2297 = CARTESIAN_POINT ( 'NONE',  ( 0.01949302771076014823, 0.1966093627310730174, 0.07938283676587150339 ) ) ;
#2298 = CARTESIAN_POINT ( 'NONE',  ( 0.03471979265979394796, 0.1543108962824094876, 0.07467649682501520392 ) ) ;
#2299 = ORIENTED_EDGE ( 'NONE', *, *, #538, .F. ) ;
#2300 = AXIS2_PLACEMENT_3D ( 'NONE', #1334, #1535, #2592 ) ;
#2301 = CARTESIAN_POINT ( 'NONE',  ( 0.02453798751373899995, 0.2100328700522735015, 0.07467134407733229395 ) ) ;
#2302 = CARTESIAN_POINT ( 'NONE',  ( 0.01958494610705219588, 0.1171785405804647989, 0.08227683666513575800 ) ) ;
#2303 = CARTESIAN_POINT ( 'NONE',  ( 0.03138225507957679433, 0.2607366066055920029, 0.09467481034486199820 ) ) ;
#2304 = EDGE_CURVE ( 'NONE', #492, #408, #3361, .T. ) ;
#2305 = CARTESIAN_POINT ( 'NONE',  ( 0.02076227817225295008, 0.1543296371032220060, 0.07426943323747939307 ) ) ;
#2306 = ORIENTED_EDGE ( 'NONE', *, *, #1176, .F. ) ;
#2307 = CARTESIAN_POINT ( 'NONE',  ( 0.04391467913831917369, 0.1398389533426079301, 0.07806332370478316629 ) ) ;
#2308 = CARTESIAN_POINT ( 'NONE',  ( 0.04739093941490999523, 0.1388700672857821894, 0.02245739853686064963 ) ) ;
#2309 = CARTESIAN_POINT ( 'NONE',  ( 0.02147516723854574899, 0.2686762833531223804, 0.08455101851438646954 ) ) ;
#2310 = DIRECTION ( 'NONE',  ( -0.0005060740159282030044, -3.480932718718385460E-16, 0.9999998719445369888 ) ) ;
#2311 = ORIENTED_EDGE ( 'NONE', *, *, #1233, .T. ) ;
#2312 = CARTESIAN_POINT ( 'NONE',  ( 0.03336447833732779367, 0.2356288078711992195, 0.08117138000019147315 ) ) ;
#2313 = CARTESIAN_POINT ( 'NONE',  ( 0.04350555462128539996, 0.1535990674851180071, 0.09468094563253300067 ) ) ;
#2314 = CARTESIAN_POINT ( 'NONE',  ( 0.02499644797746569669, 0.2365692398706218114, 0.08771442252572470011 ) ) ;
#2315 = CARTESIAN_POINT ( 'NONE',  ( 0.02432404211233504809, 0.2237658096930345009, 0.07667123606122430712 ) ) ;
#2316 = VECTOR ( 'NONE', #91, 1.000000000000000000 ) ;
#2317 = CARTESIAN_POINT ( 'NONE',  ( 0.02999986498888315006, 0.2295860272631405075, 0.07667410844806898940 ) ) ;
#2318 = CARTESIAN_POINT ( 'NONE',  ( 0.04373939963848302859, 0.2406325657164835319, 0.07811845996244055901 ) ) ;
#2319 = CARTESIAN_POINT ( 'NONE',  ( 0.04510528432989348302, 0.1444757267015534807, 0.08441760963466211909 ) ) ;
#2320 = CARTESIAN_POINT ( 'NONE',  ( 0.01971112076824559772, 0.2203899684783030000, 0.07938294713711600836 ) ) ;
#2321 = CARTESIAN_POINT ( 'NONE',  ( 0.03443117543090597893, 0.1577284656748469405, 0.07467653926968723099 ) ) ;
#2322 = FACE_OUTER_BOUND ( 'NONE', #4031, .T. ) ;
#2323 = VERTEX_POINT ( 'NONE', #1954 ) ;
#2324 = B_SPLINE_CURVE_WITH_KNOTS ( 'NONE', 3,
 ( #1112, #2451, #3437, #2843 ),
 .UNSPECIFIED., .F., .F.,
 ( 4, 4 ),
 ( 0.000000000000000000, 1.000000000000000000 ),
 .UNSPECIFIED. ) ;
#2325 = CARTESIAN_POINT ( 'NONE',  ( 0.02394614415034279978, 0.1900020090992124988, 0.07467104456074870333 ) ) ;
#2326 = CARTESIAN_POINT ( 'NONE',  ( 0.02431954790414594600, 0.2733684579110131074, 0.08468228805501797074 ) ) ;
#2327 = CARTESIAN_POINT ( 'NONE',  ( 0.03414595568157129807, 0.1952516337328210061, 0.07467620642099390138 ) ) ;
#2328 = ADVANCED_FACE ( 'NONE', ( #3582 ), #623, .T. ) ;
#2329 = CARTESIAN_POINT ( 'NONE',  ( 0.01032789115961104016, 0.1430920941345918129, 0.08252859348807860262 ) ) ;
#2330 = EDGE_CURVE ( 'NONE', #2549, #4331, #1997, .T. ) ;
#2331 = VERTEX_POINT ( 'NONE', #1630 ) ;
#2332 = CARTESIAN_POINT ( 'NONE',  ( 0.04473396723896752580, 0.1368927623399826821, 0.07879022402376302525 ) ) ;
#2333 = CARTESIAN_POINT ( 'NONE',  ( 0.007128646717792940304, 0.1402445951244191968, 0.09466253622230579035 ) ) ;
#2334 = CARTESIAN_POINT ( 'NONE',  ( 0.02451022194464004544, 0.2702258533452586153, 0.08462716332334728475 ) ) ;
#2335 = CARTESIAN_POINT ( 'NONE',  ( 0.01612879052468409874, 0.2360746543567764921, 0.08173815711805410000 ) ) ;
#2336 = DIRECTION ( 'NONE',  ( -0.0005060740159279745630, -1.699351380099467512E-16, 0.9999998719445369888 ) ) ;
#2337 = VERTEX_POINT ( 'NONE', #3936 ) ;
#2338 = ADVANCED_FACE ( 'NONE', ( #1273 ), #3226, .F. ) ;
#2339 = CARTESIAN_POINT ( 'NONE',  ( 0.03630265893813156008, 0.2362470999413127382, 0.08630832179733707865 ) ) ;
#2340 = CARTESIAN_POINT ( 'NONE',  ( 0.03032807511767155254, 0.2295748640848729871, 0.07367427416254170025 ) ) ;
#2341 = CARTESIAN_POINT ( 'NONE',  ( 0.02442668384509400284, 0.2205447752897895797, 0.07467153796098620344 ) ) ;
#2342 = CARTESIAN_POINT ( 'NONE',  ( 0.02406467078066254831, 0.1926730392376055090, 0.07667110480011610218 ) ) ;
#2343 = CARTESIAN_POINT ( 'NONE',  ( 0.03674695081159294607, 0.2293555115341550099, 0.07467752271721339596 ) ) ;
#2344 = CARTESIAN_POINT ( 'NONE',  ( 0.04755271807123375577, 0.2460958368244186845, 0.08032683514707479600 ) ) ;
#2345 = CARTESIAN_POINT ( 'NONE',  ( 0.01162120621825150045, 0.2448571369253340069, 0.08880694466382441088 ) ) ;
#2346 = CARTESIAN_POINT ( 'NONE',  ( 0.01983123746762200171, 0.2120278229138390091, 0.07938300792506239323 ) ) ;
#2347 = ADVANCED_FACE ( 'NONE', ( #428 ), #255, .F. ) ;
#2348 = CARTESIAN_POINT ( 'NONE',  ( 0.03486773111519397839, 0.2112436260443016078, 0.07467695008977412452 ) ) ;
#2349 = CARTESIAN_POINT ( 'NONE',  ( 0.01666835070429082202, 0.2354716653622777323, 0.08128276908869022654 ) ) ;
#2350 = ORIENTED_EDGE ( 'NONE', *, *, #791, .T. ) ;
#2351 = CARTESIAN_POINT ( 'NONE',  ( 0.02448154246755054886, 0.2184896282725165007, 0.07467131551196050376 ) ) ;
#2352 = CARTESIAN_POINT ( 'NONE',  ( 0.01329991708576789763, 0.2645698435969341955, 0.08419046654826105314 ) ) ;
#2353 = CARTESIAN_POINT ( 'NONE',  ( 0.02080698526477404997, 0.1547862672578119991, 0.07666945616991330259 ) ) ;
#2354 = CARTESIAN_POINT ( 'NONE',  ( 0.04393804690544731578, 0.2341237682044021717, 0.08097200482944781619 ) ) ;
#2355 = EDGE_LOOP ( 'NONE', ( #2534, #189, #3513, #3061, #1908, #714, #1234 ) ) ;
#2356 = CYLINDRICAL_SURFACE ( 'NONE', #3072, 0.002999999999999996159 ) ;
#2357 = CARTESIAN_POINT ( 'NONE',  ( 0.04944748707618179528, 0.2437139902118319879, 0.08471391075284420702 ) ) ;
#2358 = CARTESIAN_POINT ( 'NONE',  ( 0.02253282916160224275, 0.2693108411290464077, 0.08458599898655373706 ) ) ;
#2359 = CARTESIAN_POINT ( 'NONE',  ( 0.01774225523689525186, 0.2152410986672530502, 0.08173897365072513299 ) ) ;
#2360 = CARTESIAN_POINT ( 'NONE',  ( 0.03309456630861095511, 0.2294800702513010160, 0.08881781177479239342 ) ) ;
#2361 = ORIENTED_EDGE ( 'NONE', *, *, #774, .T. ) ;
#2362 = VECTOR ( 'NONE', #580, 1.000000000000000000 ) ;
#2363 = CARTESIAN_POINT ( 'NONE',  ( 0.03552702606757942444, 0.2360331654367233412, 0.08330152483578677491 ) ) ;
#2364 = CARTESIAN_POINT ( 'NONE',  ( 0.03468960977580036464, 0.2298478110213471037, 0.07368169947719283019 ) ) ;
#2365 = CARTESIAN_POINT ( 'NONE',  ( 0.03679721522231764463, 0.2296942897605170064, 0.07667754841083980477 ) ) ;
#2366 = AXIS2_PLACEMENT_3D ( 'NONE', #1498, #2841, #2178 ) ;
#2367 = CARTESIAN_POINT ( 'NONE',  ( 0.02438463327853074986, 0.2016384904248570142, 0.07467126646873210871 ) ) ;
#2368 = VECTOR ( 'NONE', #2105, 1.000000000000000000 ) ;
#2369 = CARTESIAN_POINT ( 'NONE',  ( 0.01063347143229684093, 0.1409541374813002845, 0.07805245020390590149 ) ) ;
#2370 = CARTESIAN_POINT ( 'NONE',  ( 0.04356168327065402385, 0.2404609282010962690, 0.07803969446963535117 ) ) ;
#2371 = CYLINDRICAL_SURFACE ( 'NONE', #2924, 0.02100000000000001171 ) ;
#2372 = CARTESIAN_POINT ( 'NONE',  ( 0.01982254608845684940, 0.2101779541954265085, 0.07938300352658039793 ) ) ;
#2373 = PERSON_AND_ORGANIZATION ( #2117, #4199 ) ;
#2374 = CARTESIAN_POINT ( 'NONE',  ( 0.01847279436526395174, 0.2338484260328314301, 0.07968453007887552064 ) ) ;
#2375 = VECTOR ( 'NONE', #2558, 1.000000000000000000 ) ;
#2376 = ORIENTED_EDGE ( 'NONE', *, *, #4292, .T. ) ;
#2377 = CARTESIAN_POINT ( 'NONE',  ( 0.02436904084748159685, 0.2221213414134474984, 0.07467125857780690379 ) ) ;
#2378 = CARTESIAN_POINT ( 'NONE',  ( 0.01079688866830515355, 0.2587056724565791610, 0.08332027623660724636 ) ) ;
#2379 = LINE ( 'NONE', #57, #693 ) ;
#2380 = CARTESIAN_POINT ( 'NONE',  ( 0.04728684337148819639, 0.1391476224640769976, 0.08606357001559100661 ) ) ;
#2381 = ORIENTED_EDGE ( 'NONE', *, *, #3237, .T. ) ;
#2382 = CARTESIAN_POINT ( 'NONE',  ( 0.01882632879474198384, 0.1530335942763083878, 0.07431420400898573753 ) ) ;
#2383 = CARTESIAN_POINT ( 'NONE',  ( 0.01516417075858804420, 0.2618553929148659809, 0.08386713219579976231 ) ) ;
#2384 = CARTESIAN_POINT ( 'NONE',  ( 0.03041994724756229285, 0.1512411487114614650, 0.08113589710896072782 ) ) ;
#2385 = CARTESIAN_POINT ( 'NONE',  ( 0.03310223996915459543, 0.2294800702513010160, 0.07365469468233509787 ) ) ;
#2386 = ORIENTED_EDGE ( 'NONE', *, *, #3469, .T. ) ;
#2387 = ORIENTED_EDGE ( 'NONE', *, *, #2138, .F. ) ;
#2388 = CARTESIAN_POINT ( 'NONE',  ( 0.03841937621110125961, 0.2308932375395900682, 0.07379408578817522879 ) ) ;
#2389 = CARTESIAN_POINT ( 'NONE',  ( 0.02454767430521575047, 0.2133586569388869203, 0.07467169348796376394 ) ) ;
#2390 = CARTESIAN_POINT ( 'NONE',  ( 0.02415243995643314920, 0.2306911771725944915, 0.07667114921782099135 ) ) ;
#2391 = CARTESIAN_POINT ( 'NONE',  ( 0.02643900304230363887, 0.2361062403526224263, 0.07562834717401975548 ) ) ;
#2392 = FACE_BOUND ( 'NONE', #549, .T. ) ;
#2393 = CARTESIAN_POINT ( 'NONE',  ( 0.01965628438827335053, 0.2219348508902429795, 0.07938291938584539353 ) ) ;
#2394 = CARTESIAN_POINT ( 'NONE',  ( 0.03426903795658590296, 0.1989876330317149888, 0.07667626896585409690 ) ) ;
#2395 = LINE ( 'NONE', #3330, #2726 ) ;
#2396 = CARTESIAN_POINT ( 'NONE',  ( 0.02449069723763709974, 0.2180749162728635171, 0.07467132014495239667 ) ) ;
#2397 = CARTESIAN_POINT ( 'NONE',  ( 0.01585864472312495735, 0.2679060238507858793, 0.08449071315554547434 ) ) ;
#2398 = CIRCLE ( 'NONE', #3584, 0.001499999999999998730 ) ;
#2399 = CARTESIAN_POINT ( 'NONE',  ( 0.03441932365823534984, 0.2031957490439799952, 0.07467634476544139643 ) ) ;
#2400 = CARTESIAN_POINT ( 'NONE',  ( 0.01056291781093059851, 0.1502024810546964961, 0.08469423228019849759 ) ) ;
#2401 = VERTEX_POINT ( 'NONE', #1341 ) ;
#2402 = EDGE_CURVE ( 'NONE', #2427, #4310, #2204, .T. ) ;
#2403 = CARTESIAN_POINT ( 'NONE',  ( 0.04759810513159647843, 0.2383203860291693843, 0.08444084730262310656 ) ) ;
#2404 = CARTESIAN_POINT ( 'NONE',  ( 0.02475652044978998711, 0.2703210003676627671, 0.08463093881154874765 ) ) ;
#2405 = CARTESIAN_POINT ( 'NONE',  ( 0.03203943183551814095, 0.1508549208205558212, 0.08246957556566070213 ) ) ;
#2406 = CARTESIAN_POINT ( 'NONE',  ( 0.03078442701617144922, 0.1334327669089237500, 0.09467450779957430063 ) ) ;
#2407 = ORIENTED_EDGE ( 'NONE', *, *, #386, .F. ) ;
#2408 = VERTEX_POINT ( 'NONE', #2730 ) ;
#2409 = CARTESIAN_POINT ( 'NONE',  ( 0.04158605069923672348, 0.2324761415645368867, 0.07418071491325331501 ) ) ;
#2410 = CARTESIAN_POINT ( 'NONE',  ( -0.02490015227992125116, 0.1705875972466354973, 0.03852869611498275365 ) ) ;
#2411 = EDGE_CURVE ( 'NONE', #3355, #4331, #3841, .T. ) ;
#2412 = CARTESIAN_POINT ( 'NONE',  ( 0.01583801521582825847, 0.2440159899678569499, 0.07912581839551288687 ) ) ;
#2413 = DIRECTION ( 'NONE',  ( -0.03415041433972354490, -0.9994167043339506895, -1.728263954368725660E-05 ) ) ;
#2414 = CARTESIAN_POINT ( 'NONE',  ( 0.02215745786532594824, 0.2079970617736070226, 0.07702716225894509772 ) ) ;
#2415 = CARTESIAN_POINT ( 'NONE',  ( 0.03388273297220764646, 0.1701886744163055021, 0.07667607346691419912 ) ) ;
#2416 = CARTESIAN_POINT ( 'NONE',  ( 0.03000087713691499888, 0.2295860272631405075, 0.07467410870417991176 ) ) ;
#2417 = CARTESIAN_POINT ( 'NONE',  ( 0.01612879052468409874, 0.2360746543567764921, 0.08173815711805410000 ) ) ;
#2418 = CARTESIAN_POINT ( 'NONE',  ( 0.02111167378155508201, 0.2719429664128705793, 0.08466743352762423624 ) ) ;
#2419 = CARTESIAN_POINT ( 'NONE',  ( 0.03406896214655055072, 0.1639906948254510055, 0.07667616771267241060 ) ) ;
#2420 = CARTESIAN_POINT ( 'NONE',  ( 0.009974634712284248528, 0.1503208170769639862, 0.08731011468338310821 ) ) ;
#2421 = EDGE_CURVE ( 'NONE', #1970, #3414, #2842, .T. ) ;
#2422 = ORIENTED_EDGE ( 'NONE', *, *, #729, .F. ) ;
#2423 = CARTESIAN_POINT ( 'NONE',  ( 0.04807022468218188904, 0.2390772039656758607, 0.08508241609222871871 ) ) ;
#2424 = DIRECTION ( 'NONE',  ( 0.0005060740159282030044, 3.480932718718385460E-16, -0.9999998719445369888 ) ) ;
#2425 = CARTESIAN_POINT ( 'NONE',  ( 0.03107709213114515437, 0.1511028092489453689, 0.08155996271827223310 ) ) ;
#2426 = CARTESIAN_POINT ( 'NONE',  ( 0.04378334230424379969, 0.1072980537305578130, 0.08368108480506900038 ) ) ;
#2427 = VERTEX_POINT ( 'NONE', #4054 ) ;
#2428 = EDGE_CURVE ( 'NONE', #1415, #39, #1099, .T. ) ;
#2429 = ORIENTED_EDGE ( 'NONE', *, *, #3714, .F. ) ;
#2430 = CARTESIAN_POINT ( 'NONE',  ( 0.01283845792492022131, 0.1679392012688404878, 0.08880756068336280451 ) ) ;
#2431 = CARTESIAN_POINT ( 'NONE',  ( 0.02007472912035728613, 0.2392868149808133338, 0.07711821130942062008 ) ) ;
#2432 = AXIS2_PLACEMENT_3D ( 'NONE', #1958, #1297, #3274 ) ;
#2433 = DIRECTION ( 'NONE',  ( -0.0005060740159282030044, -3.480932718718385460E-16, 0.9999998719445369888 ) ) ;
#2434 = CARTESIAN_POINT ( 'NONE',  ( 0.02218817518620829973, 0.2115291638410800035, 0.07702717780418480431 ) ) ;
#2435 = CARTESIAN_POINT ( 'NONE',  ( 0.05105326026700239550, 0.2468070713538489946, 0.07368476264156419153 ) ) ;
#2436 = CARTESIAN_POINT ( 'NONE',  ( 0.03936798921864066714, 0.1507215278893525578, 0.07892727858156625698 ) ) ;
#2437 = CARTESIAN_POINT ( 'NONE',  ( 0.04720271817248653662, 0.1394907908449897760, 0.07812656951470517419 ) ) ;
#2438 = CARTESIAN_POINT ( 'NONE',  ( 0.04728620297163989988, 0.1391476224640744164, 0.08732899710099069346 ) ) ;
#2439 = AXIS2_PLACEMENT_3D ( 'NONE', #1897, #2310, #3654 ) ;
#2440 = CARTESIAN_POINT ( 'NONE',  ( 0.04604008622516979343, 0.1141457616613224119, 0.09068222778106260762 ) ) ;
#2441 = CARTESIAN_POINT ( 'NONE',  ( 0.04850863617152140206, 0.1109955653464043956, 0.08368347615381910298 ) ) ;
#2442 = ORIENTED_EDGE ( 'NONE', *, *, #286, .F. ) ;
#2443 = CARTESIAN_POINT ( 'NONE',  ( 0.04603448542111227004, 0.2362336336323351826, 0.08268501738144549973 ) ) ;
#2444 = ADVANCED_FACE ( 'NONE', ( #1428 ), #4115, .F. ) ;
#2445 = CARTESIAN_POINT ( 'NONE',  ( 0.04747357291555277803, 0.2610607970471776618, 0.08392028047271939128 ) ) ;
#2446 = CARTESIAN_POINT ( 'NONE',  ( 0.02813256684022915136, 0.1545358268507079913, 0.08376792144788459960 ) ) ;
#2447 = CARTESIAN_POINT ( 'NONE',  ( 0.04898942151327669720, 0.2400212701780889968, 0.07366273477313049767 ) ) ;
#2448 = ORIENTED_EDGE ( 'NONE', *, *, #4264, .T. ) ;
#2449 = CARTESIAN_POINT ( 'NONE',  ( 0.009484835835480823901, 0.1375178245862831716, 0.07890943926003647635 ) ) ;
#2450 = ORIENTED_EDGE ( 'NONE', *, *, #2984, .F. ) ;
#2451 = CARTESIAN_POINT ( 'NONE',  ( 0.01137637723955895602, 0.2459828285974139106, 0.07983336996645674921 ) ) ;
#2452 = CARTESIAN_POINT ( 'NONE',  ( 0.01674067149283805025, 0.2426897862465859923, 0.07859489710355001268 ) ) ;
#2453 = CARTESIAN_POINT ( 'NONE',  ( 0.04377929371211639747, 0.1072980537305578130, 0.09168108378062529706 ) ) ;
#2454 = CARTESIAN_POINT ( 'NONE',  ( 0.02214746138280354951, 0.2073127161483849790, 0.07702715719998438904 ) ) ;
#2455 = CARTESIAN_POINT ( 'NONE',  ( 0.02074730456618745916, 0.1544075458519315602, 0.07466942571094774272 ) ) ;
#2456 = CYLINDRICAL_SURFACE ( 'NONE', #134, 0.001000000000000003490 ) ;
#2457 = APPLICATION_CONTEXT ( 'configuration controlled 3d designs of mechanical parts and assemblies' ) ;
#2458 = CARTESIAN_POINT ( 'NONE',  ( 0.04031208875150171789, 0.1500039096356509394, 0.07977742419215902436 ) ) ;
#2459 = CARTESIAN_POINT ( 'NONE',  ( 0.04682808345932239907, 0.1406960664337171540, 0.07781368589033564598 ) ) ;
#2460 = CARTESIAN_POINT ( 'NONE',  ( 0.04438232491494779886, 0.2036258632849680117, 0.08732752752357260395 ) ) ;
#2461 = CARTESIAN_POINT ( 'NONE',  ( 0.04377777549006860169, 0.1072980537305578130, 0.09468108339645889271 ) ) ;
#2462 = ORIENTED_EDGE ( 'NONE', *, *, #3565, .F. ) ;
#2463 = AXIS2_PLACEMENT_3D ( 'NONE', #2977, #4317, #562 ) ;
#2464 = CARTESIAN_POINT ( 'NONE',  ( 0.03113466457561379908, 0.2534908354991710078, 0.09467468504572529309 ) ) ;
#2465 = CARTESIAN_POINT ( 'NONE',  ( 0.04781951519269825313, 0.2602598933788266011, 0.08380745616407141163 ) ) ;
#2466 = CARTESIAN_POINT ( 'NONE',  ( 0.03000121451959225291, 0.2295860272631405075, 0.07400744212288350166 ) ) ;
#2467 = EDGE_CURVE ( 'NONE', #3255, #2401, #2108, .T. ) ;
#2468 = CARTESIAN_POINT ( 'NONE',  ( 0.02171378332974633132, 0.2317541817334855259, 0.07383170005170412720 ) ) ;
#2469 = VERTEX_POINT ( 'NONE', #254 ) ;
#2470 = CARTESIAN_POINT ( 'NONE',  ( 0.01560133014227219929, 0.1474664511653700216, 0.07616822705267926874 ) ) ;
#2471 = ORIENTED_EDGE ( 'NONE', *, *, #3379, .F. ) ;
#2472 = CARTESIAN_POINT ( 'NONE',  ( 0.04099961636030268614, 0.2720412463765000677, 0.08468765122324591055 ) ) ;
#2473 = EDGE_CURVE ( 'NONE', #4310, #721, #1656, .T. ) ;
#2474 = CARTESIAN_POINT ( 'NONE',  ( 0.02498027918605180697, 0.2365763203013497296, 0.07584806090452658744 ) ) ;
#2475 = CARTESIAN_POINT ( 'NONE',  ( 0.03093406371862349874, 0.2474943352731390211, 0.08617458240297480587 ) ) ;
#2476 = CARTESIAN_POINT ( 'NONE',  ( 0.01923426319193475079, 0.1902097138758985229, 0.07938270581185589980 ) ) ;
#2477 = PERSON_AND_ORGANIZATION ( #2117, #4199 ) ;
#2478 = CARTESIAN_POINT ( 'NONE',  ( 0.02579725021799618434, 0.2300777020215264423, 0.07467198135755098720 ) ) ;
#2479 = EDGE_CURVE ( 'NONE', #797, #3386, #3345, .T. ) ;
#2480 = EDGE_CURVE ( 'NONE', #947, #1724, #3201, .T. ) ;
#2481 = CARTESIAN_POINT ( 'NONE',  ( 0.01256256630432398859, 0.2418102302047322738, 0.08632337977772078230 ) ) ;
#2482 = CARTESIAN_POINT ( 'NONE',  ( 0.04041449890352914048, 0.1499170774187018329, 0.07513067302927178837 ) ) ;
#2483 = CARTESIAN_POINT ( 'NONE',  ( 0.04511478670192489715, 0.2210019324913985173, 0.08882389489677809669 ) ) ;
#2484 = CARTESIAN_POINT ( 'NONE',  ( 0.04259731142397714387, 0.1478430368983001952, 0.08175155215104849826 ) ) ;
#2485 = ORIENTED_EDGE ( 'NONE', *, *, #2473, .T. ) ;
#2486 = CARTESIAN_POINT ( 'NONE',  ( 0.03232981074934924287, 0.1163163472276497329, 0.08232749593971935842 ) ) ;
#2487 = CARTESIAN_POINT ( 'NONE',  ( 0.04431646008101632062, 0.2657536884380017339, 0.08441765745464659132 ) ) ;
#2488 = FACE_OUTER_BOUND ( 'NONE', #369, .T. ) ;
#2489 = CYLINDRICAL_SURFACE ( 'NONE', #1741, 0.005749999999999994699 ) ;
#2490 = ORIENTED_EDGE ( 'NONE', *, *, #3887, .F. ) ;
#2491 = CARTESIAN_POINT ( 'NONE',  ( 0.01931188710444340165, 0.1498170704455211999, 0.07538878149895010539 ) ) ;
#2492 = ORIENTED_EDGE ( 'NONE', *, *, #3392, .F. ) ;
#2493 = CARTESIAN_POINT ( 'NONE',  ( 0.03365558589916628485, 0.2743596873817951698, 0.08467690001084034190 ) ) ;
#2494 = CARTESIAN_POINT ( 'NONE',  ( 0.01292621402653489245, 0.2409855740123812151, 0.07778870646213881246 ) ) ;
#2495 = FACE_BOUND ( 'NONE', #1279, .T. ) ;
#2496 = CARTESIAN_POINT ( 'NONE',  ( 0.02212395036019424929, 0.2184354281284834887, 0.07702714530166780704 ) ) ;
#2497 = CARTESIAN_POINT ( 'NONE',  ( 0.007222296289708519772, 0.1405165944884181894, 0.08880471848952599390 ) ) ;
#2498 = CIRCLE ( 'NONE', #59, 0.003750000000000000295 ) ;
#2499 = CARTESIAN_POINT ( 'NONE',  ( 0.04131911517149663982, 0.1181375372610067032, 0.08210384130112102774 ) ) ;
#2500 = CARTESIAN_POINT ( 'NONE',  ( 0.04470580540800811464, 0.1450832868731244951, 0.07659957710109993601 ) ) ;
#2501 = CARTESIAN_POINT ( 'NONE',  ( 0.04225115345799379529, 0.2037081728363624999, 0.08254474902370030620 ) ) ;
#2502 = CARTESIAN_POINT ( 'NONE',  ( 0.04101889091358074807, 0.1882578367118094842, 0.08175075335333970017 ) ) ;
#2503 = VECTOR ( 'NONE', #3661, 1.000000000000000000 ) ;
#2504 = ORIENTED_EDGE ( 'NONE', *, *, #4320, .F. ) ;
#2505 = B_SPLINE_CURVE_WITH_KNOTS ( 'NONE', 3,
 ( #1472, #473, #3161, #2527, #166, #3125, #1491, #1865, #1204, #2152, #1845, #2190, #3144, #3202, #3453, #2507, #1142, #1534, #1825, #2550, #4174, #2878, #2816, #4196, #2130, #3532, #2834, #3494, #529, #3514, #1122, #1161, #4154, #3825, #3849, #3181, #3471, #1804, #2486, #2795, #816, #3806, #493, #839, #773, #2172, #510, #1783, #2111, #184, #125, #1451, #4137, #798, #1292, #2302, #3245, #3579, #1929, #2635, #3267, #3978, #246, #1952, #2236, #3914, #2967, #966, #3646, #295, #925, #1605, #640, #1628, #3621, #3957, #1972, #3311, #1581, #4307, #900, #2923, #878, #3221, #272, #1314, #2257, #316 ),
 .UNSPECIFIED., .F., .F.,
 ( 4, 2, 2, 1, 1, 2, 2, 2, 2, 2, 2, 1, 1, 2, 2, 2, 2, 2, 1, 1, 1, 2, 2, 2, 2, 2, 2, 2, 2, 1, 1, 1, 2, 2, 2, 2, 2, 1, 1, 2, 2, 2, 2, 2, 2, 2, 1, 1, 2, 2, 4 ),
 ( 0.000000000000000000, 0.03124999999998387401, 0.04687499999997507549, 0.05468749999997132155, 0.05859374999996942029, 0.06054687499996835170, 0.06249999999996729005, 0.1249999999999467648, 0.1874999999999262534, 0.2187499999999158173, 0.2343749999999104883, 0.2421874999999081013, 0.2460937499999068800, 0.2480468749999062694, 0.2499999999999056866, 0.3124999999998925304, 0.3437499999998858691, 0.3593749999998825384, 0.3671874999998809286, 0.3710937499998802069, 0.3730468749998798739, 0.3740234374998798184, 0.3749999999998797628, 0.4374999999998885891, 0.4687499999998929745, 0.4999999999998974154, 0.5624999999999058531, 0.5937499999999100719, 0.6093749999999124034, 0.6171874999999134026, 0.6210937499999139577, 0.6230468749999142908, 0.6240234374999144018, 0.6249999999999144018, 0.6874999999999205080, 0.7187499999999238387, 0.7343749999999256151, 0.7421874999999263922, 0.7460937499999271694, 0.7480468749999275024, 0.7499999999999278355, 0.8124999999999383826, 0.8437499999999439337, 0.8749999999999494849, 0.9062499999999550360, 0.9218749999999570344, 0.9296874999999580336, 0.9335937499999585887, 0.9355468749999595879, 0.9374999999999604761, 1.000000000000000000 ),
 .UNSPECIFIED. ) ;
#2506 = VECTOR ( 'NONE', #3421, 1.000000000000000000 ) ;
#2507 = CARTESIAN_POINT ( 'NONE',  ( 0.04137862679139037853, 0.1226592896415520523, 0.08152163128788281199 ) ) ;
#2508 = CARTESIAN_POINT ( 'NONE',  ( 0.04404998319533985629, 0.2660350314425214968, 0.08443901988951156568 ) ) ;
#2509 = CARTESIAN_POINT ( 'NONE',  ( 0.01894149974187202962, 0.1531295237291731282, 0.07623760486290953597 ) ) ;
#2510 = CARTESIAN_POINT ( 'NONE',  ( 0.02602983347334186098, 0.2301364307537098752, 0.07367899405045405525 ) ) ;
#2511 = VECTOR ( 'NONE', #54, 1.000000000000000000 ) ;
#2512 = ORIENTED_EDGE ( 'NONE', *, *, #3705, .F. ) ;
#2513 = CARTESIAN_POINT ( 'NONE',  ( 0.01997582165879076971, 0.1501146084268577541, 0.07528480596925743451 ) ) ;
#2514 = VERTEX_POINT ( 'NONE', #559 ) ;
#2515 = CARTESIAN_POINT ( 'NONE',  ( 0.04267081945902797407, 0.2710633786961943459, 0.08467671579061314402 ) ) ;
#2516 = CARTESIAN_POINT ( 'NONE',  ( 0.03871705025163130198, 0.1137680767999510040, 0.09067852178236410210 ) ) ;
#2517 = CARTESIAN_POINT ( 'NONE',  ( 0.02813615731243790039, 0.1545358268507079913, 0.07667316527391980496 ) ) ;
#2518 = CARTESIAN_POINT ( 'NONE',  ( 0.01775609860605649806, 0.1508493834343750117, 0.07702493484510669619 ) ) ;
#2519 = CALENDAR_DATE ( 2026, 6, 9 ) ;
#2520 = CARTESIAN_POINT ( 'NONE',  ( 0.02362433640728385173, 0.1546898746827954918, 0.08376563994931249257 ) ) ;
#2521 = CARTESIAN_POINT ( 'NONE',  ( 0.02528989948635424270, 0.1263662855007453012, 0.09467172716160557333 ) ) ;
#2522 = DIRECTION ( 'NONE',  ( -0.0005060740159282030044, -3.480932718718385460E-16, 0.9999998719445369888 ) ) ;
#2523 = CARTESIAN_POINT ( 'NONE',  ( 0.04527036656336103082, 0.1441486350715993348, 0.07686848305976845541 ) ) ;
#2524 = CARTESIAN_POINT ( 'NONE',  ( 0.01738704685144350226, 0.2191982400363765016, 0.08173879388951059421 ) ) ;
#2525 = CARTESIAN_POINT ( 'NONE',  ( 0.03743642383615809754, 0.2141740401095059976, 0.07703489454762910138 ) ) ;
#2526 = ORIENTED_EDGE ( 'NONE', *, *, #3765, .T. ) ;
#2527 = CARTESIAN_POINT ( 'NONE',  ( 0.04484756202545809450, 0.1308930056248621965, 0.08009994862089488132 ) ) ;
#2528 = B_SPLINE_CURVE_WITH_KNOTS ( 'NONE', 3,
 ( #3845, #2169, #2768, #1469 ),
 .UNSPECIFIED., .F., .F.,
 ( 4, 4 ),
 ( 0.000000000000000000, 1.000000000000000000 ),
 .UNSPECIFIED. ) ;
#2529 = CYLINDRICAL_SURFACE ( 'NONE', #833, 0.001499999999999998730 ) ;
#2530 = CARTESIAN_POINT ( 'NONE',  ( 0.04635675949679490121, 0.1427931709141349870, 0.07368238586425429615 ) ) ;
#2531 = DIRECTION ( 'NONE',  ( -0.03415041433972329510, -0.9994167043339508005, -1.728263954400014718E-05 ) ) ;
#2532 = B_SPLINE_SURFACE_WITH_KNOTS ( 'NONE', 3, 3, ( 
 ( #1597, #4252, #586, #2584 ),
 ( #3259, #2542, #2607, #2939 ),
 ( #3613, #238, #1881, #3879 ),
 ( #2562, #4209, #1218, #2203 ),
 ( #3904, #1902, #2520, #3544 ),
 ( #610, #1573, #1548, #871 ) ),
 .UNSPECIFIED., .F., .F., .F.,
 ( 4, 1, 1, 4 ),
 ( 4, 4 ),
 ( 0.000000000000000000, 0.2857142857142860315, 0.5714285714285709528, 1.000000000000000000 ),
 ( 7.869827389809450737E-08, 1.514213641071360028 ),
 .UNSPECIFIED. ) ;
#2533 = EDGE_CURVE ( 'NONE', #2323, #802, #3254, .T. ) ;
#2534 = ORIENTED_EDGE ( 'NONE', *, *, #3944, .F. ) ;
#2535 = AXIS2_PLACEMENT_3D ( 'NONE', #3257, #305, #631 ) ;
#2536 = CARTESIAN_POINT ( 'NONE',  ( 0.02017496769009210697, 0.1501987019679772717, 0.07525518202829835357 ) ) ;
#2537 = ORIENTED_EDGE ( 'NONE', *, *, #3976, .T. ) ;
#2538 = CARTESIAN_POINT ( 'NONE',  ( 0.03185688765986785520, 0.2744787734644973387, 0.08467547584592335919 ) ) ;
#2539 = ORIENTED_EDGE ( 'NONE', *, *, #1243, .T. ) ;
#2540 = CARTESIAN_POINT ( 'NONE',  ( 0.01322187930758951351, 0.2403709480792232123, 0.07751225620421901830 ) ) ;
#2541 = CARTESIAN_POINT ( 'NONE',  ( 0.02483974671314850835, 0.2366284146617024242, 0.08558215210980531229 ) ) ;
#2542 = CARTESIAN_POINT ( 'NONE',  ( 0.008016081075423920135, 0.1428986805188190157, 0.07871036182825549843 ) ) ;
#2543 = ADVANCED_FACE ( 'NONE', ( #951 ), #1299, .T. ) ;
#2544 = LINE ( 'NONE', #3215, #341 ) ;
#2545 = CARTESIAN_POINT ( 'NONE',  ( 0.04513886074124755232, 0.1228961437316587607, 0.08147090278169068223 ) ) ;
#2546 = CARTESIAN_POINT ( 'NONE',  ( 0.02191012215396690582, 0.1508147022018128391, 0.08542416040561068291 ) ) ;
#2547 = CARTESIAN_POINT ( 'NONE',  ( 0.01741433333014725041, 0.2180783272148899832, 0.08173880769849030392 ) ) ;
#2548 = CARTESIAN_POINT ( 'NONE',  ( 0.03389873280481729700, 0.1693992900669855084, 0.07467608130790390208 ) ) ;
#2549 = VERTEX_POINT ( 'NONE', #3897 ) ;
#2550 = CARTESIAN_POINT ( 'NONE',  ( 0.03992013375693526794, 0.1209828554403016149, 0.08175791742819939201 ) ) ;
#2551 = CARTESIAN_POINT ( 'NONE',  ( 0.03453639002071539482, 0.2053981526559739701, 0.07467675438999279991 ) ) ;
#2552 = CARTESIAN_POINT ( 'NONE',  ( 0.02453606609683954901, 0.2151513594859419953, 0.07667134336106740111 ) ) ;
#2553 = CARTESIAN_POINT ( 'NONE',  ( 0.01838434030539617264, 0.2339286364115313044, 0.07439752455516718266 ) ) ;
#2554 = ORIENTED_EDGE ( 'NONE', *, *, #2653, .T. ) ;
#2555 = CARTESIAN_POINT ( 'NONE',  ( 0.02057282210091450347, 0.1503564319018710904, 0.07519917488850108578 ) ) ;
#2556 = ORIENTED_EDGE ( 'NONE', *, *, #2711, .F. ) ;
#2557 = CARTESIAN_POINT ( 'NONE',  ( 0.04709311609571101287, 0.2671535818635363824, 0.08452637054232525760 ) ) ;
#2558 = DIRECTION ( 'NONE',  ( 0.7875489778795837781, 0.6162519359744388359, 0.0003985581250131429326 ) ) ;
#2559 = CARTESIAN_POINT ( 'NONE',  ( 0.01353555927657009231, 0.2397708565685373883, 0.07723650148757330025 ) ) ;
#2560 = DIRECTION ( 'NONE',  ( 0.0005060740159282030044, 3.480932718718385460E-16, -0.9999998719445369888 ) ) ;
#2561 = CARTESIAN_POINT ( 'NONE',  ( 0.02570984724171057265, 0.2363294800925201389, 0.08306985339706805804 ) ) ;
#2562 = CARTESIAN_POINT ( 'NONE',  ( 0.01730897271283054692, 0.1531311592576954927, 0.07366768553226019089 ) ) ;
#2563 = FACE_OUTER_BOUND ( 'NONE', #3428, .T. ) ;
#2564 = CARTESIAN_POINT ( 'NONE',  ( 0.04812371201575132984, 0.2475162746718050644, 0.08081469316249113855 ) ) ;
#2565 = CARTESIAN_POINT ( 'NONE',  ( 0.02277657009477396244, 0.1510481496947834457, 0.08309849176035230545 ) ) ;
#2566 = CARTESIAN_POINT ( 'NONE',  ( 0.01746982227167960186, 0.2110371556468285115, 0.08173883578000350203 ) ) ;
#2567 = B_SPLINE_SURFACE_WITH_KNOTS ( 'NONE', 3, 1, ( 
 ( #2880, #3623 ),
 ( #1911, #2258 ),
 ( #296, #1253 ),
 ( #248, #3556 ),
 ( #880, #2968 ),
 ( #1536, #967 ),
 ( #1583, #1930 ),
 ( #3204, #622 ),
 ( #1953, #2593 ),
 ( #3935, #3602 ),
 ( #1293, #3269 ) ),
 .UNSPECIFIED., .F., .F., .F.,
 ( 4, 3, 1, 3, 4 ),
 ( 2, 2 ),
 ( -0.2134858153091279964, 0.000000000000000000, 0.5000000000000000000, 1.000000000000000000, 1.236475471355370059 ),
 ( -6.222553593109960701, 1.000000000000000000 ),
 .UNSPECIFIED. ) ;
#2568 = CARTESIAN_POINT ( 'NONE',  ( 0.03854447296682519952, 0.1732844701789049979, 0.07939247820856309978 ) ) ;
#2569 = EDGE_LOOP ( 'NONE', ( #1771, #1615, #2219, #110 ) ) ;
#2570 = CARTESIAN_POINT ( 'NONE',  ( 0.02329183913761815466, 0.1336888950492702843, 0.08867071522671848838 ) ) ;
#2571 = VECTOR ( 'NONE', #1488, 1.000000000000000000 ) ;
#2572 = CARTESIAN_POINT ( 'NONE',  ( 0.02678902384480999835, 0.1263150598726759943, 0.09467348582971520099 ) ) ;
#2573 = CARTESIAN_POINT ( 'NONE',  ( 0.03726462635643525145, 0.1379681105372385919, 0.07427778464816658932 ) ) ;
#2574 = CARTESIAN_POINT ( 'NONE',  ( 0.04730462821106739407, 0.1115887771258463890, 0.08270319756947711043 ) ) ;
#2575 = ORIENTED_EDGE ( 'NONE', *, *, #4027, .T. ) ;
#2576 = AXIS2_PLACEMENT_3D ( 'NONE', #199, #3571, #240 ) ;
#2577 = CARTESIAN_POINT ( 'NONE',  ( 0.03761159883235800500, 0.1481338436556156601, 0.07573675794732577515 ) ) ;
#2578 = CARTESIAN_POINT ( 'NONE',  ( 0.04359975703978670458, 0.1938171096308620167, 0.02245547991772524690 ) ) ;
#2579 = CARTESIAN_POINT ( 'NONE',  ( 0.04653568685325090715, 0.2677790980127327525, 0.08456182995076695630 ) ) ;
#2580 = CARTESIAN_POINT ( 'NONE',  ( 0.03065324880236440161, 0.2295637009066055223, 0.07667443910868169954 ) ) ;
#2581 = CARTESIAN_POINT ( 'NONE',  ( 0.01427531934878803997, 0.2472045630821192164, 0.08030073060716666489 ) ) ;
#2582 = CARTESIAN_POINT ( 'NONE',  ( 0.006311718654390930348, 0.1369440694251254642, 0.07906777509740449406 ) ) ;
#2583 = CARTESIAN_POINT ( 'NONE',  ( 0.02678902435088399703, 0.1263150598726759943, 0.09467248582984329197 ) ) ;
#2584 = CARTESIAN_POINT ( 'NONE',  ( 0.007222296289709309938, 0.1405165944884206042, 0.08880471848952599390 ) ) ;
#2585 = CARTESIAN_POINT ( 'NONE',  ( 0.03674695081159280036, 0.2293555115341550099, 0.07467752271721339596 ) ) ;
#2586 = CARTESIAN_POINT ( 'NONE',  ( 0.04070785956407348832, 0.1175937789203883727, 0.08216670182575523673 ) ) ;
#2587 = CARTESIAN_POINT ( 'NONE',  ( 0.02278069780349079379, 0.1510491546001953567, 0.08309203616894018929 ) ) ;
#2588 = CARTESIAN_POINT ( 'NONE',  ( 0.01700224966254694839, 0.2275991739768194744, 0.08173859915362710615 ) ) ;
#2589 = CARTESIAN_POINT ( 'NONE',  ( 0.03891834119506365486, 0.1973649486254760166, 0.07939266741358311230 ) ) ;
#2590 = ORIENTED_EDGE ( 'NONE', *, *, #3392, .T. ) ;
#2591 = CARTESIAN_POINT ( 'NONE',  ( 0.01039015738737695746, 0.2498408345620029836, 0.08114734038921643522 ) ) ;
#2592 = DIRECTION ( 'NONE',  ( -0.9994165763531819291, 0.03415041871287123609, -0.0005057788251477426901 ) ) ;
#2593 = CARTESIAN_POINT ( 'NONE',  ( 0.004837070732845550475, 0.1334190051748037897, 0.09466137651509570761 ) ) ;
#2594 = CARTESIAN_POINT ( 'NONE',  ( 0.01398155388404052034, 0.1292061990850119912, 0.07426600168866850926 ) ) ;
#2595 = VERTEX_POINT ( 'NONE', #2643 ) ;
#2596 = CARTESIAN_POINT ( 'NONE',  ( 0.04318775336429847567, 0.1415298155660752455, 0.07762265822291689044 ) ) ;
#2597 = EDGE_CURVE ( 'NONE', #396, #1970, #1211, .T. ) ;
#2598 = FACE_OUTER_BOUND ( 'NONE', #821, .T. ) ;
#2599 = DIRECTION ( 'NONE',  ( -0.0005060740159282030044, -3.480932718718385460E-16, 0.9999998719445369888 ) ) ;
#2601 = EDGE_CURVE ( 'NONE', #1416, #377, #3625, .T. ) ;
#2600 = CARTESIAN_POINT ( 'NONE',  ( 0.04707668561455052164, 0.2375725103063819899, 0.07674743214446759498 ) ) ;
#2602 = CIRCLE ( 'NONE', #1898, 0.001499999999999998730 ) ;
#2603 = CARTESIAN_POINT ( 'NONE',  ( 0.03619677373269591936, 0.2362125217092730656, 0.08497611751058095630 ) ) ;
#2604 = CARTESIAN_POINT ( 'NONE',  ( 0.04567558764311820119, 0.2308210210869214851, 0.09468204382999970137 ) ) ;
#2605 = CARTESIAN_POINT ( 'NONE',  ( 0.02672200672999109142, 0.2360417924906428599, 0.08187521212968887352 ) ) ;
#2606 = B_SPLINE_CURVE_WITH_KNOTS ( 'NONE', 1,
 ( #2298, #637 ),
 .UNSPECIFIED., .F., .F.,
 ( 2, 2 ),
 ( 0.000000000000000000, 1.000000000000000000 ),
 .UNSPECIFIED. ) ;
#2607 = CARTESIAN_POINT ( 'NONE',  ( 0.008013526728295651200, 0.1428986805188190157, 0.08375773972315470051 ) ) ;
#2608 = LINE ( 'NONE', #4275, #2013 ) ;
#2609 = CARTESIAN_POINT ( 'NONE',  ( 0.04754754649883469186, 0.2460843689019863167, 0.08032276351723378893 ) ) ;
#2610 = CARTESIAN_POINT ( 'NONE',  ( 0.02532130928324751590, 0.1514843307860544996, 0.08088986322334161538 ) ) ;
#2611 = CARTESIAN_POINT ( 'NONE',  ( 0.01741599826430904885, 0.2180015940615969983, 0.08173880854107029581 ) ) ;
#2612 = CARTESIAN_POINT ( 'NONE',  ( 0.03395331179958270551, 0.1884239886253060159, 0.07467610892891850261 ) ) ;
#2613 = EDGE_LOOP ( 'NONE', ( #2056, #376, #1744, #3206 ) ) ;
#2614 = ADVANCED_FACE ( 'NONE', ( #3276 ), #280, .F. ) ;
#2615 = CARTESIAN_POINT ( 'NONE',  ( 0.01028624505646460671, 0.2562099279834579302, 0.08282058883035482710 ) ) ;
#2616 = CARTESIAN_POINT ( 'NONE',  ( 0.03685325817254700431, 0.1392919033216298008, 0.07427757646539109859 ) ) ;
#2617 = CARTESIAN_POINT ( 'NONE',  ( 0.02409520943461235243, 0.1936359952946949958, 0.07707112030615950737 ) ) ;
#2618 = ORIENTED_EDGE ( 'NONE', *, *, #1340, .F. ) ;
#2619 = CARTESIAN_POINT ( 'NONE',  ( 0.04373383457489254250, 0.1403058361894696515, 0.07794331713545636642 ) ) ;
#2620 = CARTESIAN_POINT ( 'NONE',  ( 0.03000087713691499888, 0.2295860272631405075, 0.07467410870417991176 ) ) ;
#2621 = CARTESIAN_POINT ( 'NONE',  ( 0.05181767139442053360, 0.2497866041444514185, 0.08155936797574050989 ) ) ;
#2622 = CARTESIAN_POINT ( 'NONE',  ( 0.04771181839241980804, 0.2385039950127832709, 0.07720689977456046682 ) ) ;
#2623 = FACE_OUTER_BOUND ( 'NONE', #2945, .T. ) ;
#2624 = CARTESIAN_POINT ( 'NONE',  ( 0.02679206079497959900, 0.1263150598726759943, 0.08867248659817610068 ) ) ;
#2625 = CARTESIAN_POINT ( 'NONE',  ( 0.02710746130901826173, 0.2359488572291106312, 0.08155795379047101057 ) ) ;
#2626 = CARTESIAN_POINT ( 'NONE',  ( 0.03113770101970934900, 0.2534908354991710078, 0.08867468581405810180 ) ) ;
#2627 = B_SPLINE_SURFACE_WITH_KNOTS ( 'NONE', 3, 3, ( 
 ( #1553, #547, #1248, #1886, #2588, #569, #2896, #4193, #243, #1531, #2875, #1926, #3909, #2524, #897, #1267, #615, #4236, #3931, #3263, #2547, #2611, #1179, #1906, #3218, #3952, #1222, #1948, #3574, #1509, #222, #2274, #2254, #3865, #4256, #856, #2186, #2566, #181, #1577, #3617, #525, #3529, #1861, #2916, #3197, #4214, #919, #4278, #2943, #3596, #202, #592, #265, #1602, #3549, #1200, #3883, #875, #2208, #2985, #6, #334, #3664, #32, #660 ),
 ( #3052, #707, #1624, #4324, #312, #3308, #2393, #3009, #2042, #2320, #1309, #1646, #2631, #53, #3737, #1669, #2657, #3974, #4048, #3377, #681, #384, #4071, #1333, #3715, #3034, #1031, #962, #1007, #3997, #1989, #2680, #3328, #4021, #985, #2346, #1719, #3686, #2019, #2372, #1693, #3642, #3353, #361, #1356, #2702, #1381, #2724, #1057, #727, #3287, #290, #2963, #4302, #1288, #2297, #636, #1969, #2476, #808, #2141, #2783, #3483, #746, #3797, #788 ),
 ( #3463, #2744, #3420, #2101, #1816, #3817, #402, #1758, #419, #2079, #1153, #1776, #485, #1090, #3093, #97, #1403, #3153, #2496, #3441, #1421, #4090, #2807, #158, #2123, #1483, #2826, #3116, #4166, #1794, #4148, #1073, #4129, #2762, #765, #440, #2434, #116, #4108, #3776, #3839, #1441, #1115, #1134, #462, #2414, #2454, #3137, #137, #1463, #2061, #3399, #1736, #3076, #74, #3754, #1838, #3172, #1503, #3505, #176, #503, #4187, #1174, #2518, #2846 ),
 ( #829, #2164, #2023, #3720, #3357, #1291, #2377, #10, #2966, #1336, #1720, #1059, #1993, #1698, #710, #2988, #3055, #3290, #2351, #988, #55, #1674, #2396, #4024, #1951, #3668, #2727, #2705, #4306, #365, #294, #2634, #3013, #619, #3332, #1384, #965, #3977, #1627, #3691, #2301, #1971, #3037, #387, #3381, #2684, #3645, #687, #1036, #1012, #4000, #34, #663, #339, #1360, #315, #4051, #2045, #2325, #4073, #639, #3310, #1648, #4326, #1313, #2660 ) ),
 .UNSPECIFIED., .F., .F., .F.,
 ( 4, 4 ),
 ( 4, 1, 1, 1, 1, 1, 1, 1, 1, 1, 1, 1, 1, 1, 1, 1, 1, 1, 1, 1, 1, 1, 1, 1, 1, 1, 1, 1, 1, 1, 1, 1, 1, 1, 1, 1, 1, 1, 1, 1, 1, 1, 1, 1, 1, 1, 1, 1, 1, 1, 1, 1, 1, 1, 1, 2, 1, 1, 1, 1, 1, 1, 4 ),
 ( 0.2928932187591780090, 1.000000000000000000 ),
 ( 2.867870329746180058, 2.933073060561549816, 2.998275791376910249, 3.128681253007630225, 3.259086714638359972, 3.280820958243479968, 3.302555201848599964, 3.313422323651159740, 3.318855884552440294, 3.324289445453719960, 3.335156567256280180, 3.340590128157559846, 3.346023689058839956, 3.351457249960119622, 3.354174030410759677, 3.356890810861399732, 3.362324371762679842, 3.367757932663969722, 3.370474713114609777, 3.373191493565249832, 3.374549883790570082, 3.375908274015889887, 3.378625054466529942, 3.381341834917169997, 3.382700225142489803, 3.384058615367810052, 3.385417005593129858, 3.386775395818450107, 3.389492176269090162, 3.405792858972930048, 3.413943200324849769, 3.422093541676769934, 3.438394224380610265, 3.454694907084449707, 3.458770077760410011, 3.460807663098389941, 3.462845248436369872, 3.466920419112330176, 3.467939211781319919, 3.468193909948570131, 3.468448608115819898, 3.468958004450310106, 3.470995589788290037, 3.475070760464249897, 3.477108345802229827, 3.479145931140210202, 3.483221101816170062, 3.485258687154149992, 3.486277479823140180, 3.487296272492129923, 3.491371443168089783, 3.495446613844050088, 3.503596955195969809, 3.507672125871930113, 3.511747296547889974, 3.519897637899810139, 3.529867107220790334, 3.534851841881279988, 3.539836576541769642, 3.559775515183730032, 3.579714453825700193, 3.599653392467659696, 3.619592331109620087 ),
 .UNSPECIFIED. ) ;
#2628 = LINE ( 'NONE', #3683, #2082 ) ;
#2629 = CARTESIAN_POINT ( 'NONE',  ( 0.04661426527077255910, 0.2442856644932825672, 0.07965620005308474139 ) ) ;
#2630 = CARTESIAN_POINT ( 'NONE',  ( 0.02325018626914024042, 0.1511577324033222536, 0.08245579459139225353 ) ) ;
#2631 = CARTESIAN_POINT ( 'NONE',  ( 0.01973816848719779984, 0.2194891352004275098, 0.07938296082526549724 ) ) ;
#2632 = B_SPLINE_CURVE_WITH_KNOTS ( 'NONE', 3,
 ( #2335, #2053, #2359, #1045, #43, #1728, #997, #3389, #3023 ),
 .UNSPECIFIED., .F., .F.,
 ( 4, 1, 2, 1, 1, 4 ),
 ( 0.000000000000000000, 0.2442564292901599210, 0.4824733308073128057, 0.8620390679588380012, 0.9885609803426795850, 1.000000000000000000 ),
 .UNSPECIFIED. ) ;
#2633 = VERTEX_POINT ( 'NONE', #4291 ) ;
#2634 = CARTESIAN_POINT ( 'NONE',  ( 0.02452056422340665245, 0.2163986064105299922, 0.07467133525985900078 ) ) ;
#2635 = CARTESIAN_POINT ( 'NONE',  ( 0.01594425112676201364, 0.1193774789669853620, 0.08204716019885131828 ) ) ;
#2636 = CARTESIAN_POINT ( 'NONE',  ( 0.02390717512768655156, 0.2297942166355904925, 0.07667102509564829860 ) ) ;
#2637 = CARTESIAN_POINT ( 'NONE',  ( 0.02409662644185694980, 0.1936359952946949958, 0.07427112066471480700 ) ) ;
#2638 = ORIENTED_EDGE ( 'NONE', *, *, #12, .F. ) ;
#2639 = AXIS2_PLACEMENT_3D ( 'NONE', #3652, #3606, #1634 ) ;
#2640 = CARTESIAN_POINT ( 'NONE',  ( 0.03762885086165285858, 0.1481213163954333001, 0.07574054302490218493 ) ) ;
#2641 = CARTESIAN_POINT ( 'NONE',  ( 0.04354210607221764562, 0.1535990674851180071, 0.02245545074206485234 ) ) ;
#2642 = CARTESIAN_POINT ( 'NONE',  ( 0.05207431651972010272, 0.2551750412352510322, 0.08291837052423006726 ) ) ;
#2643 = CARTESIAN_POINT ( 'NONE',  ( 0.03471878051176209568, 0.1543108962824094876, 0.07667649656890419829 ) ) ;
#2644 = CARTESIAN_POINT ( 'NONE',  ( 0.01920422366925604932, 0.2332948411710988601, 0.07901888418429615923 ) ) ;
#2645 = CIRCLE ( 'NONE', #2999, 0.02100000000000000130 ) ;
#2646 = ORIENTED_EDGE ( 'NONE', *, *, #2738, .T. ) ;
#2647 = CARTESIAN_POINT ( 'NONE',  ( 0.03567268588034892135, 0.2360697933441529561, 0.08356587419251368387 ) ) ;
#2648 = AXIS2_PLACEMENT_3D ( 'NONE', #2583, #1216, #1942 ) ;
#2649 = CARTESIAN_POINT ( 'NONE',  ( 0.007298173398735899146, 0.1263990348286926635, 0.08111455881284024283 ) ) ;
#2650 = CARTESIAN_POINT ( 'NONE',  ( 0.02432307583462358855, 0.2232366373309222496, 0.07467143837923491401 ) ) ;
#2651 = CARTESIAN_POINT ( 'NONE',  ( 0.02447465737296474972, 0.2189489370728165130, 0.07467131202759290376 ) ) ;
#2652 = CARTESIAN_POINT ( 'NONE',  ( 0.02482765141433899980, 0.2304691152490370154, 0.07667149092483889483 ) ) ;
#2653 = EDGE_CURVE ( 'NONE', #3749, #846, #3487, .T. ) ;
#2654 = CARTESIAN_POINT ( 'NONE',  ( 0.04757433375277161924, 0.2461439684753012058, 0.08034390283532370780 ) ) ;
#2655 = CARTESIAN_POINT ( 'NONE',  ( 0.04703546607679614383, 0.1401224617852581122, 0.08802443229877451869 ) ) ;
#2656 = ADVANCED_FACE ( 'NONE', ( #2287 ), #3299, .T. ) ;
#2657 = CARTESIAN_POINT ( 'NONE',  ( 0.01975719140066204901, 0.2187656420704600091, 0.07938297045226880289 ) ) ;
#2658 = ORIENTED_EDGE ( 'NONE', *, *, #3244, .T. ) ;
#2659 = AXIS2_PLACEMENT_3D ( 'NONE', #1768, #1784, #107 ) ;
#2660 = CARTESIAN_POINT ( 'NONE',  ( 0.01941379593506120313, 0.1473709083816975851, 0.07466875085679300361 ) ) ;
#2661 = CARTESIAN_POINT ( 'NONE',  ( 0.01074500085941403754, 0.2584990961797487552, 0.08328140972873840364 ) ) ;
#2662 = CARTESIAN_POINT ( 'NONE',  ( 0.03455898974841670190, 0.1560503882638289985, 0.07467641544682959709 ) ) ;
#2663 = CARTESIAN_POINT ( 'NONE',  ( 0.01438419872438687942, 0.2011165457364130216, 0.08731234624943699785 ) ) ;
#2664 = EDGE_CURVE ( 'NONE', #2055, #3933, #234, .T. ) ;
#2665 = B_SPLINE_CURVE_WITH_KNOTS ( 'NONE', 3,
 ( #3014, #388, #56, #3098 ),
 .UNSPECIFIED., .F., .F.,
 ( 4, 4 ),
 ( 6.369639885323180373, 6.505619432516870582 ),
 .UNSPECIFIED. ) ;
#2666 = ORIENTED_EDGE ( 'NONE', *, *, #3430, .F. ) ;
#2667 = CARTESIAN_POINT ( 'NONE',  ( 0.04235027665578985218, 0.1430351691039841167, 0.07721398473000833096 ) ) ;
#2668 = CARTESIAN_POINT ( 'NONE',  ( 0.03487960980764015506, 0.2297642114238589994, 0.07667657796044230478 ) ) ;
#2669 = CARTESIAN_POINT ( 'NONE',  ( 0.03138706031691906873, 0.2714893662407974473, 0.08467105499850338668 ) ) ;
#2670 = CARTESIAN_POINT ( 'NONE',  ( 0.03117751593726154902, 0.1510795275332017795, 0.08163665333027284032 ) ) ;
#2671 = CARTESIAN_POINT ( 'NONE',  ( 0.05080458080849840213, 0.2460764358348875025, 0.08036544500237528810 ) ) ;
#2672 = VERTEX_POINT ( 'NONE', #1236 ) ;
#2673 = CARTESIAN_POINT ( 'NONE',  ( 0.03540642187402696928, 0.2360035167834280967, 0.08310488340098012849 ) ) ;
#2674 = CARTESIAN_POINT ( 'NONE',  ( 0.009973877627326809339, 0.1503208170769639862, 0.08880611099352199445 ) ) ;
#2675 = CARTESIAN_POINT ( 'NONE',  ( 0.02453427160880711222, 0.2152952189563246965, 0.07467167491810197677 ) ) ;
#2676 = CARTESIAN_POINT ( 'NONE',  ( 0.02459321458352134795, 0.2119999010364559955, 0.07467137202632430359 ) ) ;
#2677 = CARTESIAN_POINT ( 'NONE',  ( 0.01062884876902555654, 0.1409438706178600953, 0.07805514539337510271 ) ) ;
#2678 = CARTESIAN_POINT ( 'NONE',  ( 0.04098113735519991196, 0.2384166771101130233, 0.07705338386263679840 ) ) ;
#2679 = CARTESIAN_POINT ( 'NONE',  ( 0.03113466406953980040, 0.2534908354991710078, 0.09467568504559720211 ) ) ;
#2680 = CARTESIAN_POINT ( 'NONE',  ( 0.01980461951670529908, 0.2163308211312200136, 0.07938299445440850921 ) ) ;
#2681 = CARTESIAN_POINT ( 'NONE',  ( 0.03280343239280729406, 0.1506130689258159960, 0.08867552879753140549 ) ) ;
#2682 = DIRECTION ( 'NONE',  ( -0.0005060740159282030044, -3.480932718718385460E-16, 0.9999998719445369888 ) ) ;
#2683 = ORIENTED_EDGE ( 'NONE', *, *, #3770, .F. ) ;
#2684 = CARTESIAN_POINT ( 'NONE',  ( 0.02451544559103105078, 0.2079642657842410147, 0.07467133266945000236 ) ) ;
#2685 = CARTESIAN_POINT ( 'NONE',  ( 0.02573496680917764651, 0.2737836581250996382, 0.08468135494875952962 ) ) ;
#2686 = CARTESIAN_POINT ( 'NONE',  ( 0.03420531636683844801, 0.1971627479674739891, 0.07467623646189819331 ) ) ;
#2687 = CARTESIAN_POINT ( 'NONE',  ( 0.01371973376855050060, 0.2353840928025564827, 0.08880800667422530936 ) ) ;
#2688 = ORIENTED_EDGE ( 'NONE', *, *, #969, .F. ) ;
#2689 = CARTESIAN_POINT ( 'NONE',  ( 0.01022457813573094884, 0.1462835602637057308, 0.07657640235992485556 ) ) ;
#2690 = CARTESIAN_POINT ( 'NONE',  ( 0.04670820195954500376, 0.1389988243411585944, 0.08471252447164689947 ) ) ;
#2691 = CARTESIAN_POINT ( 'NONE',  ( 0.01389684126071517346, 0.2586866755891026881, 0.08333899383185404408 ) ) ;
#2692 = CARTESIAN_POINT ( 'NONE',  ( 0.03244342093100541918, 0.1507316470855316892, 0.08302676521603437332 ) ) ;
#2693 = CYLINDRICAL_SURFACE ( 'NONE', #160, 0.003749999999999999428 ) ;
#2694 = VERTEX_POINT ( 'NONE', #2580 ) ;
#2695 = CARTESIAN_POINT ( 'NONE',  ( 0.03540988656574985127, 0.2360043619560334982, 0.08311032490034765685 ) ) ;
#2696 = CARTESIAN_POINT ( 'NONE',  ( 0.03965125319659316971, 0.2314150052755502007, 0.07388859326520950954 ) ) ;
#2697 = CARTESIAN_POINT ( 'NONE',  ( 0.02119459449509922613, 0.1572661928326590519, 0.07467010266513415817 ) ) ;
#2698 = CARTESIAN_POINT ( 'NONE',  ( 0.02164747214700054809, 0.1604392484841760114, 0.07466988126242860013 ) ) ;
#2699 = CARTESIAN_POINT ( 'NONE',  ( 0.01046087361691133005, 0.1405590501545032067, 0.07815555202457294404 ) ) ;
#2700 = CARTESIAN_POINT ( 'NONE',  ( 0.03646623501945298745, 0.2362851269298152646, 0.07590633738982884016 ) ) ;
#2701 = FACE_OUTER_BOUND ( 'NONE', #2035, .T. ) ;
#2702 = CARTESIAN_POINT ( 'NONE',  ( 0.01979946834872904973, 0.2080298559770455136, 0.07938299184753469517 ) ) ;
#2703 = CARTESIAN_POINT ( 'NONE',  ( 0.03690362625183239709, 0.2303687703243920137, 0.07467760200659279146 ) ) ;
#2704 = ORIENTED_EDGE ( 'NONE', *, *, #3113, .F. ) ;
#2705 = CARTESIAN_POINT ( 'NONE',  ( 0.02449880328927699774, 0.2176774239794125043, 0.07467132424721489858 ) ) ;
#2706 = CARTESIAN_POINT ( 'NONE',  ( 0.01171000855248460759, 0.2615039096964078547, 0.08379503004308835878 ) ) ;
#2707 = CARTESIAN_POINT ( 'NONE',  ( 0.03388374512023949875, 0.1701886744163055021, 0.07467607372302520474 ) ) ;
#2708 = CARTESIAN_POINT ( 'NONE',  ( 0.01656311369400869857, 0.1826182936342894969, 0.08173837691775280578 ) ) ;
#2709 = ORIENTED_EDGE ( 'NONE', *, *, #920, .F. ) ;
#2710 = CARTESIAN_POINT ( 'NONE',  ( 0.02092496524344602746, 0.1537400708044956432, 0.07404009241363690430 ) ) ;
#2711 = EDGE_CURVE ( 'NONE', #4056, #1187, #2244, .T. ) ;
#2712 = CARTESIAN_POINT ( 'NONE',  ( 0.03032380204799683607, 0.2714757498725995366, 0.08466951109985410007 ) ) ;
#2713 = CARTESIAN_POINT ( 'NONE',  ( 0.03330692390332037206, 0.1504366510493045928, 0.08531000896644154452 ) ) ;
#2714 = CARTESIAN_POINT ( 'NONE',  ( 0.03113770101970934900, 0.2534908354991710078, 0.08867468581405810180 ) ) ;
#2715 = ORIENTED_EDGE ( 'NONE', *, *, #1547, .F. ) ;
#2716 = CARTESIAN_POINT ( 'NONE',  ( 0.03713147309346263858, 0.2304381959382402478, 0.07373156308352903088 ) ) ;
#2717 = CARTESIAN_POINT ( 'NONE',  ( 0.02452363857073656603, 0.2161500397882485658, 0.07467165971440950512 ) ) ;
#2718 = AXIS2_PLACEMENT_3D ( 'NONE', #1157, #142, #1468 ) ;
#2719 = LINE ( 'NONE', #1284, #1809 ) ;
#2720 = B_SPLINE_CURVE_WITH_KNOTS ( 'NONE', 3,
 ( #1558, #2591, #2900, #573, #4239, #596, #2615, #2278, #2661, #2378, #4025, #3056, #4093, #2748, #2706, #1361, #4001, #79, #1994, #664, #2352, #2728, #2084, #11, #3358, #1699, #2397, #4052, #1037, #3038, #1721, #688, #2046, #711, #3740, #2418, #989, #749, #3333, #4074, #2326, #3692, #1013, #2685, #1060, #731, #3669, #3758, #2024, #366, #340, #3423, #1762, #3721, #35, #1675, #3403, #1077 ),
 .UNSPECIFIED., .F., .F.,
 ( 4, 2, 2, 1, 2, 2, 2, 2, 2, 1, 2, 2, 2, 2, 1, 2, 2, 1, 1, 2, 2, 1, 2, 2, 2, 2, 1, 2, 2, 1, 2, 2, 4 ),
 ( 0.000000000000000000, 0.05654153403476325224, 0.07067691754345498123, 0.08481230105214671022, 0.1130830680695318197, 0.1201507598238790442, 0.1272184515782262548, 0.1413538350869205651, 0.1696246021043074648, 0.1837599856130017473, 0.1872938314901749224, 0.1908276773673480697, 0.1978953691216944200, 0.2261661361390796821, 0.2403015196477730486, 0.2473692114021197042, 0.2509030572792930736, 0.2544369031564664430, 0.2827076701738547859, 0.3109784371912432399, 0.3180461289455905338, 0.3251138206999378832, 0.3392492042086314719, 0.3675199712260180385, 0.3745876629803647773, 0.3781215088575378136, 0.3816553547347109610, 0.3957907382434044385, 0.4240615052607915048, 0.4311291970151383546, 0.4346630428923116685, 0.4381968887694850379, 0.4523322722781786265 ),
 .UNSPECIFIED. ) ;
#2721 = VECTOR ( 'NONE', #136, 1.000000000000000000 ) ;
#2722 = CARTESIAN_POINT ( 'NONE',  ( 0.01807951146789223834, 0.2411072651929208888, 0.07792695624455965586 ) ) ;
#2723 = DIRECTION ( 'NONE',  ( 0.9994165763531820401, -0.03415041871287100017, 0.0005057788251477779266 ) ) ;
#2724 = CARTESIAN_POINT ( 'NONE',  ( 0.01977764781585095166, 0.2066377448026429919, 0.07938298080472880325 ) ) ;
#2725 = CARTESIAN_POINT ( 'NONE',  ( 0.03442405334638275194, 0.1578009568066350010, 0.07667634741512499574 ) ) ;
#2726 = VECTOR ( 'NONE', #1671, 1.000000000000000000 ) ;
#2727 = CARTESIAN_POINT ( 'NONE',  ( 0.02449762517262810135, 0.2177372592850794764, 0.07467132365100061231 ) ) ;
#2728 = CARTESIAN_POINT ( 'NONE',  ( 0.01346408503065275354, 0.2648314294009596614, 0.08421913396038743782 ) ) ;
#2729 = CARTESIAN_POINT ( 'NONE',  ( 0.02728420535880999795, 0.1408066020855180123, 0.09467273642811670220 ) ) ;
#2730 = CARTESIAN_POINT ( 'NONE',  ( 0.02765853386760222521, 0.1515503316570956938, 0.08042292400589742818 ) ) ;
#2731 = ORIENTED_EDGE ( 'NONE', *, *, #3251, .F. ) ;
#2732 = CARTESIAN_POINT ( 'NONE',  ( 0.04747307065257055231, 0.2381331233072409015, 0.08428221739977390103 ) ) ;
#2733 = CARTESIAN_POINT ( 'NONE',  ( 0.02153324407762968393, 0.2687130244473562857, 0.08455315645810156100 ) ) ;
#2734 = CARTESIAN_POINT ( 'NONE',  ( 0.03154794330085997078, 0.1509879814695324618, 0.08195618495215611921 ) ) ;
#2735 = DIRECTION ( 'NONE',  ( 0.0005060740159282030044, 3.480932718718385460E-16, -0.9999998719445369888 ) ) ;
#2736 = EDGE_CURVE ( 'NONE', #3518, #170, #2632, .T. ) ;
#2737 = ORIENTED_EDGE ( 'NONE', *, *, #792, .T. ) ;
#2738 = EDGE_CURVE ( 'NONE', #3552, #2595, #3790, .T. ) ;
#2739 = VERTEX_POINT ( 'NONE', #85 ) ;
#2740 = CARTESIAN_POINT ( 'NONE',  ( 0.04159977318549893527, 0.2324846380345705066, 0.07418353008465232434 ) ) ;
#2741 = CARTESIAN_POINT ( 'NONE',  ( 0.02469061547086637623, 0.2366846409084607528, 0.07589910621243957378 ) ) ;
#2742 = CARTESIAN_POINT ( 'NONE',  ( 0.01162330244546153947, 0.2448571369253320085, 0.08466480957051659983 ) ) ;
#2743 = EDGE_CURVE ( 'NONE', #2408, #4243, #1009, .T. ) ;
#2744 = CARTESIAN_POINT ( 'NONE',  ( 0.02090132311988350186, 0.2359604350686664853, 0.07702652656171130041 ) ) ;
#2745 = CARTESIAN_POINT ( 'NONE',  ( 0.03399062001578594810, 0.1897599368748789928, 0.07667612806575059559 ) ) ;
#2746 = DIRECTION ( 'NONE',  ( -0.7875489778795833340, -0.6162519359744393910, -0.0003985581250134316556 ) ) ;
#2747 = CARTESIAN_POINT ( 'NONE',  ( 0.04429571544465474991, 0.1115094567746695992, 0.08668134448800139669 ) ) ;
#2748 = CARTESIAN_POINT ( 'NONE',  ( 0.01127860053709546159, 0.2603252308506213697, 0.08360615040104127371 ) ) ;
#2749 = CARTESIAN_POINT ( 'NONE',  ( 0.03390521404536390310, 0.1860345430570224945, 0.07467608458789169734 ) ) ;
#2750 = CARTESIAN_POINT ( 'NONE',  ( 0.01497485349092160002, 0.1677592065057789961, 0.08253094519526860129 ) ) ;
#2751 = ADVANCED_FACE ( 'NONE', ( #1433 ), #1474, .T. ) ;
#2752 = EDGE_LOOP ( 'NONE', ( #3867, #2176, #3918, #4023, #1203, #3892, #1080, #3266, #2886, #516 ) ) ;
#2753 = CARTESIAN_POINT ( 'NONE',  ( 0.04548405022577770712, 0.2356310729826500694, 0.08218829323002999065 ) ) ;
#2754 = CARTESIAN_POINT ( 'NONE',  ( 0.04344198993774013584, 0.2666335616483122561, 0.08448107146763698949 ) ) ;
#2755 = CARTESIAN_POINT ( 'NONE',  ( 0.03475442983793339963, 0.1539286520008320003, 0.07667651461010419056 ) ) ;
#2756 = DIRECTION ( 'NONE',  ( 0.9994165763531819291, -0.03415041871287124303, 0.0005057788251480732633 ) ) ;
#2757 = ORIENTED_EDGE ( 'NONE', *, *, #2921, .T. ) ;
#2758 = ORIENTED_EDGE ( 'NONE', *, *, #1709, .T. ) ;
#2759 = CARTESIAN_POINT ( 'NONE',  ( 0.03621396537498906831, 0.2301681855066433913, 0.07370284802091919829 ) ) ;
#2760 = CARTESIAN_POINT ( 'NONE',  ( 0.01898573093779541004, 0.2402138637503703211, 0.07753572500918465282 ) ) ;
#2761 = CARTESIAN_POINT ( 'NONE',  ( 0.04069904657484819943, 0.1112357991242054062, 0.08967952469127590809 ) ) ;
#2762 = CARTESIAN_POINT ( 'NONE',  ( 0.02218068596999570041, 0.2149389285696730045, 0.07702717401408780418 ) ) ;
#2763 = CARTESIAN_POINT ( 'NONE',  ( 0.03382439043984870192, 0.1794773854776690047, 0.07667604394127081058 ) ) ;
#2764 = LINE ( 'NONE', #2435, #826 ) ;
#2765 = EDGE_CURVE ( 'NONE', #1652, #3414, #4029, .T. ) ;
#2766 = CARTESIAN_POINT ( 'NONE',  ( 0.04776953337409486910, 0.1373123620572239689, 0.07867430372147135587 ) ) ;
#2767 = CARTESIAN_POINT ( 'NONE',  ( 0.02813767553448569964, 0.1545358268507079913, 0.07367316565808620932 ) ) ;
#2768 = CARTESIAN_POINT ( 'NONE',  ( 0.03679822737034955243, 0.2296942897605170064, 0.07467754866695069937 ) ) ;
#2769 = CARTESIAN_POINT ( 'NONE',  ( 0.02382104332852540141, 0.2308158068207315228, 0.07467098125046620072 ) ) ;
#2770 = DIRECTION ( 'NONE',  ( -0.0005060740159282030044, -3.480932718718385460E-16, 0.9999998719445369888 ) ) ;
#2771 = ORIENTED_EDGE ( 'NONE', *, *, #3379, .T. ) ;
#2772 = CARTESIAN_POINT ( 'NONE',  ( 0.04803123703255453292, 0.2390117995031375286, 0.08502697773736875297 ) ) ;
#2773 = CARTESIAN_POINT ( 'NONE',  ( 0.04642590205741500137, 0.2629957308506926661, 0.08415816698153390230 ) ) ;
#2774 = CARTESIAN_POINT ( 'NONE',  ( 0.01214835835532541986, 0.09297824876729950117, 0.09066507605603629782 ) ) ;
#2775 = CARTESIAN_POINT ( 'NONE',  ( 0.04555328617012899955, 0.2346613971036034807, 0.07871536949272810169 ) ) ;
#2776 = ORIENTED_EDGE ( 'NONE', *, *, #1620, .T. ) ;
#2777 = LINE ( 'NONE', #2343, #1871 ) ;
#2778 = ORIENTED_EDGE ( 'NONE', *, *, #2270, .F. ) ;
#2779 = CARTESIAN_POINT ( 'NONE',  ( 0.04337937467235193634, 0.2705769861283490174, 0.08466768590176831921 ) ) ;
#2780 = CARTESIAN_POINT ( 'NONE',  ( 0.03061280189887584727, 0.2354986490207409966, 0.07537940492170730478 ) ) ;
#2781 = CIRCLE ( 'NONE', #2366, 0.001000000000000002623 ) ;
#2782 = DIRECTION ( 'NONE',  ( 0.7875489778795833340, 0.6162519359744393910, 0.0003985581250134316556 ) ) ;
#2783 = CARTESIAN_POINT ( 'NONE',  ( 0.01841857463668560013, 0.1753603815796569987, 0.07938229301302041074 ) ) ;
#2784 = DIRECTION ( 'NONE',  ( 0.000000000000000000, 0.000000000000000000, 1.000000000000000000 ) ) ;
#2785 = CARTESIAN_POINT ( 'NONE',  ( 0.02382104332852530079, 0.2308158068207315228, 0.07467098125046620072 ) ) ;
#2786 = CIRCLE ( 'NONE', #3702, 0.003749999999999999428 ) ;
#2787 = EDGE_CURVE ( 'NONE', #33, #105, #3163, .T. ) ;
#2788 = EDGE_CURVE ( 'NONE', #3886, #3855, #776, .T. ) ;
#2789 = CARTESIAN_POINT ( 'NONE',  ( 0.01324637083736926284, 0.2403049244481542668, 0.08509468920867098440 ) ) ;
#2790 = CARTESIAN_POINT ( 'NONE',  ( 0.04673073354819052422, 0.1409743976073659644, 0.07774032007951794943 ) ) ;
#2791 = CARTESIAN_POINT ( 'NONE',  ( 0.04521365344743699666, 0.1491220711320042080, 0.08882394493067539976 ) ) ;
#2792 = DIRECTION ( 'NONE',  ( -0.9994165763531819291, 0.03415041871287127079, -0.0005057788251457607685 ) ) ;
#2793 = EDGE_LOOP ( 'NONE', ( #3000, #2526, #651, #899 ) ) ;
#2794 = ADVANCED_FACE ( 'NONE', ( #2488 ), #605, .F. ) ;
#2795 = CARTESIAN_POINT ( 'NONE',  ( 0.03119758974536704713, 0.1160067951269924541, 0.08236136483455294699 ) ) ;
#2796 = CARTESIAN_POINT ( 'NONE',  ( 0.03988044142063068564, 0.2692856814415908184, 0.08462103196888820511 ) ) ;
#2797 = CARTESIAN_POINT ( 'NONE',  ( 0.02738685241428938377, 0.2536188995693442472, 0.09467278837513098955 ) ) ;
#2798 = EDGE_CURVE ( 'NONE', #170, #3110, #466, .T. ) ;
#2799 = CARTESIAN_POINT ( 'NONE',  ( 0.02894934749284470976, 0.2296219756965802161, 0.07367357642422645014 ) ) ;
#2800 = ORIENTED_EDGE ( 'NONE', *, *, #2402, .F. ) ;
#2801 = CARTESIAN_POINT ( 'NONE',  ( 0.01466762630628450602, 0.1466291041777148529, 0.07643057083342065516 ) ) ;
#2802 = ORIENTED_EDGE ( 'NONE', *, *, #3798, .F. ) ;
#2803 = CARTESIAN_POINT ( 'NONE',  ( 0.02578508049428024362, 0.1408578277135873191, 0.09467197775987898356 ) ) ;
#2804 = ADVANCED_FACE ( 'NONE', ( #4198 ), #3127, .F. ) ;
#2805 = CARTESIAN_POINT ( 'NONE',  ( 0.02366830499234695573, 0.2371165953286860917, 0.07610361454085666499 ) ) ;
#2806 = CARTESIAN_POINT ( 'NONE',  ( 0.02703661485484699922, 0.1335608309790970172, 0.09467261112897999709 ) ) ;
#2807 = CARTESIAN_POINT ( 'NONE',  ( 0.02213301340914114804, 0.2180248703861840109, 0.07702714988824199693 ) ) ;
#2808 = CALENDAR_DATE ( 2026, 6, 9 ) ;
#2809 = DIRECTION ( 'NONE',  ( -0.0005060740159296040104, -3.856891649251099970E-16, 0.9999998719445369888 ) ) ;
#2810 = DIRECTION ( 'NONE',  ( -0.6162518570600098444, 0.7875490787295470474, -0.0003118690920650416172 ) ) ;
#2811 = LINE ( 'NONE', #2185, #2368 ) ;
#2812 = CARTESIAN_POINT ( 'NONE',  ( 0.04219069046714485349, 0.2212593284608490030, 0.08175134637010969541 ) ) ;
#2813 = CARTESIAN_POINT ( 'NONE',  ( 0.04192939684489965096, 0.2109499836028830011, 0.08175121413679189986 ) ) ;
#2814 = ORIENTED_EDGE ( 'NONE', *, *, #1094, .T. ) ;
#2815 = VECTOR ( 'NONE', #1087, 1.000000000000000000 ) ;
#2816 = CARTESIAN_POINT ( 'NONE',  ( 0.03949619769104979750, 0.1205638182565477307, 0.08181432050121645316 ) ) ;
#2817 = CARTESIAN_POINT ( 'NONE',  ( 0.04420354181336706018, 0.2658741707251748299, 0.08442691464475415852 ) ) ;
#2818 = DIRECTION ( 'NONE',  ( -0.0005060740159296040104, -3.856891649251099970E-16, 0.9999998719445369888 ) ) ;
#2819 = CARTESIAN_POINT ( 'NONE',  ( 0.02810091198539104232, 0.2297341319552897443, 0.07367366262859052772 ) ) ;
#2820 = ORIENTED_EDGE ( 'NONE', *, *, #1620, .F. ) ;
#2821 = CARTESIAN_POINT ( 'NONE',  ( 0.02296627058796274837, 0.1511329036972213491, 0.07491690081106934518 ) ) ;
#2822 = ORIENTED_EDGE ( 'NONE', *, *, #3985, .T. ) ;
#2823 = CARTESIAN_POINT ( 'NONE',  ( 0.04481061895514540372, 0.1157208598187816073, 0.08468160481121120298 ) ) ;
#2824 = LINE ( 'NONE', #2223, #1513 ) ;
#2825 = FACE_BOUND ( 'NONE', #3853, .T. ) ;
#2826 = CARTESIAN_POINT ( 'NONE',  ( 0.02213987294178839868, 0.2176905451492940069, 0.07702715335967359744 ) ) ;
#2827 = COORDINATED_UNIVERSAL_TIME_OFFSET ( 2, 0, .AHEAD. ) ;
#2828 = CARTESIAN_POINT ( 'NONE',  ( 0.009905279956826313834, 0.1458470547365748327, 0.08425943418107975647 ) ) ;
#2829 = CARTESIAN_POINT ( 'NONE',  ( 0.01184853539512912592, 0.2438328258090862177, 0.08798224218154783449 ) ) ;
#2830 = CARTESIAN_POINT ( 'NONE',  ( 0.04181571621960796653, 0.1486680104798430435, 0.07552420601104725684 ) ) ;
#2831 = CARTESIAN_POINT ( 'NONE',  ( 0.04646091976824549830, 0.1423607497459552229, 0.08732857944655220139 ) ) ;
#2832 = FACE_OUTER_BOUND ( 'NONE', #397, .T. ) ;
#2833 = ORIENTED_EDGE ( 'NONE', *, *, #564, .F. ) ;
#2834 = CARTESIAN_POINT ( 'NONE',  ( 0.03765397708670942950, 0.1189729043044611134, 0.08201957554310776444 ) ) ;
#2835 = CARTESIAN_POINT ( 'NONE',  ( 0.03858837116973372339, 0.2698773644878350031, 0.08463911090713376051 ) ) ;
#2836 = CARTESIAN_POINT ( 'NONE',  ( 0.04728544588668179977, 0.1391476224640769976, 0.08882499341112959357 ) ) ;
#2837 = CARTESIAN_POINT ( 'NONE',  ( 0.02219433171954401235, 0.2315143449058091885, 0.07379543773528349226 ) ) ;
#2838 = ORIENTED_EDGE ( 'NONE', *, *, #3835, .T. ) ;
#2839 = EDGE_CURVE ( 'NONE', #1810, #33, #3814, .T. ) ;
#2840 = CARTESIAN_POINT ( 'NONE',  ( 0.01743672363533343983, 0.1487811580145326773, 0.07573990968988862649 ) ) ;
#2841 = DIRECTION ( 'NONE',  ( -0.7875489778795833340, -0.6162519359744393910, -0.0003985581250137551273 ) ) ;
#2842 = B_SPLINE_CURVE_WITH_KNOTS ( 'NONE', 3,
 ( #1723, #3058, #58, #3123 ),
 .UNSPECIFIED., .F., .F.,
 ( 4, 4 ),
 ( 4.154371703506769542, 4.284967911817719965 ),
 .UNSPECIFIED. ) ;
#2843 = CARTESIAN_POINT ( 'NONE',  ( 0.01082401213722616017, 0.2481815991924860021, 0.08059399089621960277 ) ) ;
#2844 = CARTESIAN_POINT ( 'NONE',  ( 0.01427525372759489916, 0.2472047387142819463, 0.08030079130022291234 ) ) ;
#2845 = DIRECTION ( 'NONE',  ( 0.0005060740159278043432, 0.000000000000000000, -0.9999998719445369888 ) ) ;
#2846 = CARTESIAN_POINT ( 'NONE',  ( 0.01710926458300274927, 0.1478710941879229912, 0.07702460749917310057 ) ) ;
#2847 = APPROVAL_ROLE ( '' ) ;
#2848 = CARTESIAN_POINT ( 'NONE',  ( 0.01162631759548960093, 0.2448571369253320085, 0.07870688731592970222 ) ) ;
#2849 = AXIS2_PLACEMENT_3D ( 'NONE', #949, #349, #1680 ) ;
#2850 = CARTESIAN_POINT ( 'NONE',  ( 0.03088707356557680167, 0.2462450643927500127, 0.09467555974646049699 ) ) ;
#2851 = CARTESIAN_POINT ( 'NONE',  ( 0.04474721416390957385, 0.1450181806171016441, 0.07661845128674030225 ) ) ;
#2852 = CARTESIAN_POINT ( 'NONE',  ( 0.04445217253992884976, 0.1384189844238105926, 0.08175249084757069129 ) ) ;
#2853 = CARTESIAN_POINT ( 'NONE',  ( 0.04223335123848830086, 0.2150797327805860082, 0.08175136796023219077 ) ) ;
#2854 = CIRCLE ( 'NONE', #1518, 0.001000000000000002623 ) ;
#2855 = VERTEX_POINT ( 'NONE', #2797 ) ;
#2856 = VECTOR ( 'NONE', #1568, 1.000000000000000000 ) ;
#2857 = CARTESIAN_POINT ( 'NONE',  ( 0.01315140131487812017, 0.2541055430360029677, 0.08234502587701320042 ) ) ;
#2858 = CARTESIAN_POINT ( 'NONE',  ( 0.03393664632502033790, 0.1680818038145928950, 0.07467632635684666453 ) ) ;
#2859 = CARTESIAN_POINT ( 'NONE',  ( 0.02813512118735739947, 0.1545358268507079913, 0.07872054355298539752 ) ) ;
#2860 = CARTESIAN_POINT ( 'NONE',  ( 0.007222296289708519772, 0.1405165944884181894, 0.08880471848952599390 ) ) ;
#2861 = ORIENTED_EDGE ( 'NONE', *, *, #1495, .T. ) ;
#2862 = CARTESIAN_POINT ( 'NONE',  ( 0.03701681309863762148, 0.1485478546956828239, 0.07561139235658671798 ) ) ;
#2863 = EDGE_LOOP ( 'NONE', ( #629, #1348, #4201, #4280 ) ) ;
#2864 = CARTESIAN_POINT ( 'NONE',  ( 0.03042234107204069837, 0.1544577071411775138, 0.07667432225226440690 ) ) ;
#2865 = EDGE_CURVE ( 'NONE', #964, #434, #2222, .T. ) ;
#2866 = EDGE_LOOP ( 'NONE', ( #1998, #1231, #3018, #1511, #232, #2800 ) ) ;
#2867 = LOCAL_TIME ( 12, 26, 18.00000000000000000, #2827 ) ;
#2868 = CARTESIAN_POINT ( 'NONE',  ( 0.01349764210924762897, 0.2499251842849391225, 0.08118723932297454426 ) ) ;
#2869 = CARTESIAN_POINT ( 'NONE',  ( 0.02540401219385924475, 0.2364264428826059472, 0.08355646177913875206 ) ) ;
#2870 = DIRECTION ( 'NONE',  ( 0.0005060740159282030044, 3.480932718718385460E-16, -0.9999998719445369888 ) ) ;
#2871 = LINE ( 'NONE', #544, #753 ) ;
#2872 = ADVANCED_FACE ( 'NONE', ( #2214 ), #4284, .F. ) ;
#2873 = CARTESIAN_POINT ( 'NONE',  ( 0.04911108805932610372, 0.2523089361681103981, 0.08222266078984297177 ) ) ;
#2874 = CARTESIAN_POINT ( 'NONE',  ( 0.04728863346053010369, 0.1391476224640769976, 0.08252636249996170292 ) ) ;
#2875 = CARTESIAN_POINT ( 'NONE',  ( 0.01736344628179380123, 0.2200191177831004874, 0.08173878194587409773 ) ) ;
#2876 = CARTESIAN_POINT ( 'NONE',  ( 0.03885120108338820100, 0.1623230204494244822, 0.07939263343571278941 ) ) ;
#2877 = ORIENTED_EDGE ( 'NONE', *, *, #3561, .T. ) ;
#2878 = CARTESIAN_POINT ( 'NONE',  ( 0.03957691127343741788, 0.1206413095486489062, 0.08180398373470455786 ) ) ;
#2879 = CARTESIAN_POINT ( 'NONE',  ( 0.04070208301894374936, 0.1112357991242054062, 0.08367952545960870292 ) ) ;
#2880 = CARTESIAN_POINT ( 'NONE',  ( 0.005392514860215549995, 0.2690798827808739691, 0.02243611243099674982 ) ) ;
#2881 = ADVANCED_FACE ( 'NONE', ( #1272 ), #902, .F. ) ;
#2882 = CARTESIAN_POINT ( 'NONE',  ( 0.02680890116277328747, 0.2299508990156420019, 0.07367507107773559050 ) ) ;
#2883 = B_SPLINE_SURFACE_WITH_KNOTS ( 'NONE', 3, 1, ( 
 ( #1663, #656 ),
 ( #4068, #980 ),
 ( #1943, #2315 ),
 ( #3660, #1003 ),
 ( #2651, #285 ),
 ( #1027, #2979 ),
 ( #1304, #957 ),
 ( #2676, #4017 ),
 ( #1619, #1985 ),
 ( #2367, #1715 ),
 ( #2293, #3049 ),
 ( #2959, #2342 ),
 ( #4297, #1053 ),
 ( #1964, #3304 ),
 ( #307, #1641 ),
 ( #2698, #357 ),
 ( #1352, #4319 ),
 ( #4043, #4223 ),
 ( #3828, #3852 ) ),
 .UNSPECIFIED., .F., .F., .F.,
 ( 4, 3, 2, 2, 2, 2, 2, 2, 4 ),
 ( 2, 2 ),
 ( 3.078552133992189965, 3.324396020762519832, 3.421024296041510038, 3.483541925398740080, 3.506904248014270031, 3.530266570629800427, 3.579550852423929896, 3.596437337723779937, 3.603196975243109890 ),
 ( 0.000000000000000000, 0.2000000000000000111 ),
 .UNSPECIFIED. ) ;
#2884 = VERTEX_POINT ( 'NONE', #3890 ) ;
#2885 = CARTESIAN_POINT ( 'NONE',  ( 0.01237522403393452597, 0.1439908159711026092, 0.07721792112745441694 ) ) ;
#2886 = ORIENTED_EDGE ( 'NONE', *, *, #3835, .F. ) ;
#2887 = CARTESIAN_POINT ( 'NONE',  ( 0.04944751792992028994, 0.2637870988865820276, 0.08425712105348932834 ) ) ;
#2888 = CARTESIAN_POINT ( 'NONE',  ( 0.01351822515483881541, 0.2398028017592060690, 0.07725133183407972837 ) ) ;
#2889 = CARTESIAN_POINT ( 'NONE',  ( 0.01017682932541619407, 0.1210228593115980217, 0.08187002406601207039 ) ) ;
#2890 = CARTESIAN_POINT ( 'NONE',  ( 0.02481934251269994271, 0.2366350175896122232, 0.08676256447440232333 ) ) ;
#2891 = DATE_TIME_ROLE ( 'creation_date' ) ;
#2892 = CARTESIAN_POINT ( 'NONE',  ( 0.02754881353258130036, 0.2296696579184449860, 0.08376497524573919828 ) ) ;
#2893 = CARTESIAN_POINT ( 'NONE',  ( 0.01082401213722616017, 0.2481815991924860021, 0.08059399089621960277 ) ) ;
#2894 = CARTESIAN_POINT ( 'NONE',  ( 0.04867495438303363203, 0.2494197495652438201, 0.08141618877661957465 ) ) ;
#2895 = CARTESIAN_POINT ( 'NONE',  ( 0.03482947585117665557, 0.1531685207417529948, 0.07467655233283540528 ) ) ;
#2896 = CARTESIAN_POINT ( 'NONE',  ( 0.01729991378558339704, 0.2218415399199289983, 0.08173874979372450222 ) ) ;
#2897 = CARTESIAN_POINT ( 'NONE',  ( 0.04394963515290050554, 0.2302488203256169985, 0.08175223652703650368 ) ) ;
#2898 = ADVANCED_FACE ( 'NONE', ( #1629 ), #2567, .T. ) ;
#2899 = ORIENTED_EDGE ( 'NONE', *, *, #4320, .T. ) ;
#2900 = CARTESIAN_POINT ( 'NONE',  ( 0.01016294429140068498, 0.2515244535227561529, 0.08164864551626895006 ) ) ;
#2901 = CARTESIAN_POINT ( 'NONE',  ( 0.03507564911122726392, 0.2141943868520563565, 0.07467707087648373099 ) ) ;
#2902 = CARTESIAN_POINT ( 'NONE',  ( 0.02444763149389974841, 0.2041356482891819868, 0.07667129860660701346 ) ) ;
#2903 = CARTESIAN_POINT ( 'NONE',  ( 0.04438156782999035099, 0.2036258632849680117, 0.08882352383371150406 ) ) ;
#2904 = ORIENTED_EDGE ( 'NONE', *, *, #2, .T. ) ;
#2905 = CARTESIAN_POINT ( 'NONE',  ( 0.04231252764440276287, 0.1430960073195345350, 0.07719721530242845686 ) ) ;
#2906 = ORIENTED_EDGE ( 'NONE', *, *, #3894, .T. ) ;
#2907 = CYLINDRICAL_SURFACE ( 'NONE', #2110, 0.01799999999999999864 ) ;
#2908 = CARTESIAN_POINT ( 'NONE',  ( 0.04420546215707175236, 0.2344162402552940061, 0.07504919463379360056 ) ) ;
#2909 = CARTESIAN_POINT ( 'NONE',  ( 0.01641232726478688078, 0.2357580843917019831, 0.07525065504924720317 ) ) ;
#2910 = CARTESIAN_POINT ( 'NONE',  ( 0.006346937498034041503, 0.1299133344175179838, 0.08051946918900801387 ) ) ;
#2911 = CARTESIAN_POINT ( 'NONE',  ( 0.02614420143303822913, 0.2361967456579553426, 0.08246659214366271196 ) ) ;
#2912 = CARTESIAN_POINT ( 'NONE',  ( 0.02269757014321505117, 0.2307730407566045139, 0.07366246022257030845 ) ) ;
#2913 = DIRECTION ( 'NONE',  ( 0.7875489778795833340, 0.6162519359744393910, 0.0003985581250131426615 ) ) ;
#2914 = CARTESIAN_POINT ( 'NONE',  ( 0.04776797536717887482, 0.2465904710704940328, 0.08050060848542636704 ) ) ;
#2915 = CARTESIAN_POINT ( 'NONE',  ( 0.02411774692622243449, 0.1513221562020864719, 0.08162614267392923062 ) ) ;
#2916 = CARTESIAN_POINT ( 'NONE',  ( 0.01745011607597594938, 0.2087167271763890053, 0.08173882580720870372 ) ) ;
#2917 = B_SPLINE_SURFACE_WITH_KNOTS ( 'NONE', 3, 1, ( 
 ( #3404, #406 ),
 ( #2662, #1039 ),
 ( #3334, #317 ),
 ( #4026, #3359 ),
 ( #1339, #2419 ),
 ( #690, #1742 ),
 ( #3015, #3080 ),
 ( #2707, #1315 ),
 ( #3057, #4002 ),
 ( #1408, #13 ),
 ( #80, #642 ),
 ( #2749, #3312 ),
 ( #4094, #1973 ),
 ( #2327, #2048 ),
 ( #2686, #3670 ),
 ( #1676, #1995 ),
 ( #2399, #342 ),
 ( #1014, #3741 ),
 ( #367, #1701 ),
 ( #3039, #732 ),
 ( #36, #3383 ),
 ( #1362, #1722 ),
 ( #3722, #4053 ) ),
 .UNSPECIFIED., .F., .F., .F.,
 ( 4, 2, 2, 2, 2, 2, 2, 3, 2, 2, 4 ),
 ( 2, 2 ),
 ( 1.546759681203959902, 1.980952685199540042, 2.527592593569499613, 2.712042960767049760, 3.138471649882029979, 3.749350706194550131, 4.535693266872720564, 4.971108818819589992, 5.975160631199800676, 7.925880106961799676, 8.356692558456620290 ),
 ( 0.000000000000000000, 0.2000000000000000111 ),
 .UNSPECIFIED. ) ;
#2918 = CARTESIAN_POINT ( 'NONE',  ( 0.03860936648363404861, 0.1695030491222959956, 0.07939251104948989723 ) ) ;
#2919 = VECTOR ( 'NONE', #3297, 1.000000000000000000 ) ;
#2920 = ORIENTED_EDGE ( 'NONE', *, *, #458, .F. ) ;
#2921 = EDGE_CURVE ( 'NONE', #1168, #1970, #3599, .T. ) ;
#2922 = ADVANCED_FACE ( 'NONE', ( #2065 ), #1650, .F. ) ;
#2923 = CARTESIAN_POINT ( 'NONE',  ( 0.009316393551583578361, 0.1304387407381812636, 0.08040290529229598970 ) ) ;
#2924 = AXIS2_PLACEMENT_3D ( 'NONE', #2060, #1072, #2413 ) ;
#2925 = CARTESIAN_POINT ( 'NONE',  ( 0.01197391877035093935, 0.1546765146602895047, 0.09466498828890569650 ) ) ;
#2926 = CARTESIAN_POINT ( 'NONE',  ( 0.03410390351410574894, 0.1937444898883554922, 0.07427618508825979682 ) ) ;
#2927 = CARTESIAN_POINT ( 'NONE',  ( 0.04421084709995064949, 0.1597746956704159949, 0.08882343743637499678 ) ) ;
#2928 = ORIENTED_EDGE ( 'NONE', *, *, #3969, .F. ) ;
#2929 = VECTOR ( 'NONE', #872, 1.000000000000000000 ) ;
#2930 = CARTESIAN_POINT ( 'NONE',  ( 0.04208454793546894529, 0.1434538740571253967, 0.07709821435175480409 ) ) ;
#2931 = ADVANCED_FACE ( 'NONE', ( #3693 ), #2917, .F. ) ;
#2932 = DIRECTION ( 'NONE',  ( -0.0005060740159282030044, -3.480932718718385460E-16, 0.9999998719445369888 ) ) ;
#2933 = DIRECTION ( 'NONE',  ( -0.6162518570600118428, 0.7875490787295457151, -0.0003118690920618394260 ) ) ;
#2934 = CARTESIAN_POINT ( 'NONE',  ( 0.04690855917506682460, 0.2373453359760583914, 0.07663274553789338472 ) ) ;
#2935 = VECTOR ( 'NONE', #2770, 1.000000000000000000 ) ;
#2936 = CARTESIAN_POINT ( 'NONE',  ( 0.03406673596336111387, 0.2357295102759273397, 0.08163117759845471555 ) ) ;
#2937 = CARTESIAN_POINT ( 'NONE',  ( 0.006229136210718169177, 0.1363481746416974338, 0.07920349698066071753 ) ) ;
#2938 = CARTESIAN_POINT ( 'NONE',  ( 0.02569641572814951314, 0.2363337417109569183, 0.08309112768327497900 ) ) ;
#2939 = CARTESIAN_POINT ( 'NONE',  ( 0.008010972381167370121, 0.1428986805188190157, 0.08880511761805399973 ) ) ;
#2940 = CARTESIAN_POINT ( 'NONE',  ( 0.03065426095039625043, 0.2295637009066055223, 0.07467443936479270516 ) ) ;
#2941 = CARTESIAN_POINT ( 'NONE',  ( 0.02960618471337064447, 0.1126528159799118217, 0.08265966752923872840 ) ) ;
#2942 = CARTESIAN_POINT ( 'NONE',  ( 0.02250983963394045592, 0.1509818731340471232, 0.08355921281726844119 ) ) ;
#2943 = CARTESIAN_POINT ( 'NONE',  ( 0.01740004028286440060, 0.2056531711901574966, 0.08173880046514800379 ) ) ;
#2944 = CARTESIAN_POINT ( 'NONE',  ( 0.03508742027818734927, 0.2143534239429880084, 0.07467668287182420428 ) ) ;
#2945 = EDGE_LOOP ( 'NONE', ( #557, #2276, #1312, #2838, #2311, #534, #1980 ) ) ;
#2946 = CARTESIAN_POINT ( 'NONE',  ( 0.04094386548272600096, 0.1855555532855300005, 0.08175071538430180029 ) ) ;
#2947 = CARTESIAN_POINT ( 'NONE',  ( 0.04539387331090809913, 0.1068530841253389901, 0.07708189900790149429 ) ) ;
#2948 = CARTESIAN_POINT ( 'NONE',  ( 0.02358557716974230001, 0.1809717950783144846, 0.07707086239447949461 ) ) ;
#2949 = ORIENTED_EDGE ( 'NONE', *, *, #1111, .F. ) ;
#2950 = CARTESIAN_POINT ( 'NONE',  ( 0.04238257190536758034, 0.1429827490939362400, 0.07722841982952466378 ) ) ;
#2951 = LINE ( 'NONE', #3339, #2919 ) ;
#2952 = CARTESIAN_POINT ( 'NONE',  ( 0.03114529212994830015, 0.2534908354991710078, 0.07367468773488999867 ) ) ;
#2953 = CARTESIAN_POINT ( 'NONE',  ( 0.02080698526477404997, 0.1547862672578119991, 0.07666945616991330259 ) ) ;
#2954 = EDGE_LOOP ( 'NONE', ( #3829, #2833 ) ) ;
#2955 = CIRCLE ( 'NONE', #3096, 0.001499999999999998730 ) ;
#2956 = CARTESIAN_POINT ( 'NONE',  ( 0.03097068107438756546, 0.2354861798451191035, 0.08042460019775049540 ) ) ;
#2957 = CARTESIAN_POINT ( 'NONE',  ( 0.01353580964383941342, 0.1174600309815604648, 0.08226676924435039062 ) ) ;
#2958 = CARTESIAN_POINT ( 'NONE',  ( 0.02739876509559246651, 0.2358836293504809611, 0.08134933662552611133 ) ) ;
#2959 = CARTESIAN_POINT ( 'NONE',  ( 0.02406568292869440059, 0.1926730392376055090, 0.07467110505622699679 ) ) ;
#2960 = CARTESIAN_POINT ( 'NONE',  ( 0.03288441638820210899, 0.2606853809775226960, 0.08867556978143252555 ) ) ;
#2961 = CARTESIAN_POINT ( 'NONE',  ( 0.04088378914638563649, 0.2383537745880660308, 0.07702143918992032656 ) ) ;
#2962 = CARTESIAN_POINT ( 'NONE',  ( 0.02188079266453045804, 0.1508058598035154074, 0.08641582269384344428 ) ) ;
#2963 = CARTESIAN_POINT ( 'NONE',  ( 0.01968323325505755284, 0.2024388457240895167, 0.07938293302396699780 ) ) ;
#2964 = CARTESIAN_POINT ( 'NONE',  ( 0.03957865332534605401, 0.2111049940275269987, 0.07939300158043730016 ) ) ;
#2965 = ORIENTED_EDGE ( 'NONE', *, *, #1364, .F. ) ;
#2966 = CARTESIAN_POINT ( 'NONE',  ( 0.02441519048290530236, 0.2208453056680469984, 0.07467128193294120253 ) ) ;
#2967 = CARTESIAN_POINT ( 'NONE',  ( 0.01393598566292653454, 0.1212237141739258700, 0.08182883664671709856 ) ) ;
#2968 = CARTESIAN_POINT ( 'NONE',  ( 0.01508019428856295120, 0.2318664765240879833, 0.09466656029443309972 ) ) ;
#2969 = CARTESIAN_POINT ( 'NONE',  ( 0.02411463048614564952, 0.1940858268889749938, 0.07427112977609488798 ) ) ;
#2970 = ORIENTED_EDGE ( 'NONE', *, *, #1365, .F. ) ;
#2971 = CARTESIAN_POINT ( 'NONE',  ( 0.03808561532400167593, 0.1477886355085790138, 0.07584104529987809040 ) ) ;
#2972 = CARTESIAN_POINT ( 'NONE',  ( 0.04571213909405039827, 0.2308210210869214851, 0.02245654893953155304 ) ) ;
#2973 = CARTESIAN_POINT ( 'NONE',  ( 0.04596007200394795766, 0.2683873577234930918, 0.08459295527192065012 ) ) ;
#2974 = CARTESIAN_POINT ( 'NONE',  ( 0.04774435405623768391, 0.2385547205435284979, 0.07723152148515627369 ) ) ;
#2975 = EDGE_LOOP ( 'NONE', ( #1471, #172, #3960, #2556 ) ) ;
#2976 = CARTESIAN_POINT ( 'NONE',  ( 0.03377187690321147712, 0.2356843117897315931, 0.08142225434645547488 ) ) ;
#2977 = CARTESIAN_POINT ( 'NONE',  ( 0.04378334230424379969, 0.1072980537305578130, 0.08368108480506900038 ) ) ;
#2978 = CARTESIAN_POINT ( 'NONE',  ( 0.02451094353613601090, 0.2170006518054777012, 0.07467163953815871003 ) ) ;
#2979 = CARTESIAN_POINT ( 'NONE',  ( 0.02450458280729519989, 0.2175435454032519922, 0.07667132742819060542 ) ) ;
#2980 = B_SPLINE_SURFACE_WITH_KNOTS ( 'NONE', 3, 1, ( 
 ( #995, #601 ),
 ( #2972, #1934 ),
 ( #2578, #321 ),
 ( #2641, #1977 ),
 ( #2308, #278 ) ),
 .UNSPECIFIED., .F., .F., .F.,
 ( 4, 1, 4 ),
 ( 2, 2 ),
 ( 0.000000000000000000, 0.5000000000000000000, 1.000000000000000000 ),
 ( -6.222550413933849889, 1.000000000000000000 ),
 .UNSPECIFIED. ) ;
#2981 = CARTESIAN_POINT ( 'NONE',  ( 0.03679822737034955243, 0.2296942897605170064, 0.07467754866695069937 ) ) ;
#2982 = CARTESIAN_POINT ( 'NONE',  ( 0.03764311848536909533, 0.2367050560280413440, 0.07614467423495788201 ) ) ;
#2983 = CARTESIAN_POINT ( 'NONE',  ( 0.03113770101970934900, 0.2534908354991710078, 0.08867468581405810180 ) ) ;
#2984 = EDGE_CURVE ( 'NONE', #82, #846, #2379, .T. ) ;
#2985 = CARTESIAN_POINT ( 'NONE',  ( 0.01649640801110335148, 0.1825455209975310189, 0.08173834316027779601 ) ) ;
#2986 = ORIENTED_EDGE ( 'NONE', *, *, #1430, .F. ) ;
#2987 = EDGE_CURVE ( 'NONE', #1850, #3791, #3842, .T. ) ;
#2988 = CARTESIAN_POINT ( 'NONE',  ( 0.02446826124314260137, 0.2190382351246044912, 0.07467130879067709892 ) ) ;
#2989 = DIRECTION ( 'NONE',  ( 0.0005060740159283709473, 6.579279723743200553E-16, -0.9999998719445369888 ) ) ;
#2990 = DIRECTION ( 'NONE',  ( 0.0005060740159282030044, 3.480932718718385460E-16, -0.9999998719445369888 ) ) ;
#2991 = CARTESIAN_POINT ( 'NONE',  ( 0.04729549008129210058, 0.1113216495725635885, 0.08272352380584170606 ) ) ;
#2992 = ORIENTED_EDGE ( 'NONE', *, *, #4219, .T. ) ;
#2993 = AXIS2_PLACEMENT_3D ( 'NONE', #1478, #4162, #3831 ) ;
#2994 = CARTESIAN_POINT ( 'NONE',  ( 0.04237853819570105984, 0.1429893156582211777, 0.07722661228673664835 ) ) ;
#2995 = CARTESIAN_POINT ( 'NONE',  ( 0.03488062195567200041, 0.2297642114238589994, 0.07467657821655329653 ) ) ;
#2996 = CARTESIAN_POINT ( 'NONE',  ( 0.01572062450265734532, 0.2628518969582582798, 0.08400323880746797534 ) ) ;
#2997 = CARTESIAN_POINT ( 'NONE',  ( 0.04760582801870109210, 0.2383406071244492941, 0.07712736440631733081 ) ) ;
#2998 = DIRECTION ( 'NONE',  ( -0.9994165763531819291, 0.03415041871287127079, -0.0005057788251457607685 ) ) ;
#2999 = AXIS2_PLACEMENT_3D ( 'NONE', #894, #262, #1945 ) ;
#3000 = ORIENTED_EDGE ( 'NONE', *, *, #1872, .T. ) ;
#3001 = CARTESIAN_POINT ( 'NONE',  ( 0.03543395250087241072, 0.2360102430701220277, 0.08314845111938648503 ) ) ;
#3002 = VECTOR ( 'NONE', #4140, 1.000000000000000000 ) ;
#3003 = CARTESIAN_POINT ( 'NONE',  ( 0.04347747871916397833, 0.2337761472195100665, 0.07468198472886321271 ) ) ;
#3004 = CARTESIAN_POINT ( 'NONE',  ( 0.02397386294889080130, 0.1906847504989073461, 0.07467145810340349021 ) ) ;
#3005 = CARTESIAN_POINT ( 'NONE',  ( 0.02650405619753500031, 0.2299430837193459920, 0.07667233930984850010 ) ) ;
#3006 = CARTESIAN_POINT ( 'NONE',  ( 0.03674593866356094807, 0.2293555115341550099, 0.07667752246110250136 ) ) ;
#3007 = CARTESIAN_POINT ( 'NONE',  ( 0.04307841970564876832, 0.2400013846695057962, 0.07782811569214419245 ) ) ;
#3008 = CARTESIAN_POINT ( 'NONE',  ( 0.04590200946760245038, 0.1429389325402091460, 0.08568442525353019146 ) ) ;
#3009 = CARTESIAN_POINT ( 'NONE',  ( 0.01968373605474925056, 0.2212040997127214803, 0.07938293327842230185 ) ) ;
#3010 = DIRECTION ( 'NONE',  ( -0.9994165763531819291, 0.03415041871287127079, -0.0005057788251457607685 ) ) ;
#3011 = CARTESIAN_POINT ( 'NONE',  ( 0.02703661434877300054, 0.1335608309790970172, 0.09467361112885189223 ) ) ;
#3012 = ORIENTED_EDGE ( 'NONE', *, *, #2411, .F. ) ;
#3013 = CARTESIAN_POINT ( 'NONE',  ( 0.02452652803399994752, 0.2159633091074419919, 0.07467133827798870527 ) ) ;
#3014 = CARTESIAN_POINT ( 'NONE',  ( 0.02382003118049344850, 0.2308158068207315228, 0.07667098099435530612 ) ) ;
#3015 = CARTESIAN_POINT ( 'NONE',  ( 0.03394712953429165209, 0.1677094746127694991, 0.07467610580023420486 ) ) ;
#3016 = CARTESIAN_POINT ( 'NONE',  ( 0.01438344163942944023, 0.2011165457364130216, 0.08880834255957589796 ) ) ;
#3017 = B_SPLINE_CURVE_WITH_KNOTS ( 'NONE', 3,
 ( #148, #1867, #2321, #2237, #7, #3222, #2191, #2858, #227, #3329, #1008, #3869, #1559, #3580, #661, #3665, #860, #4262, #530, #3915, #1228, #879, #3246, #2551, #3354, #1890, #3203, #3555, #986, #3687, #551, #2348, #2020, #1990, #2901, #1514, #2213, #3533, #4197, #335, #1252, #4240, #1183 ),
 .UNSPECIFIED., .F., .F.,
 ( 4, 2, 2, 2, 2, 2, 2, 2, 1, 2, 2, 2, 2, 2, 2, 2, 2, 2, 2, 2, 2, 4 ),
 ( 0.000000000000000000, 0.06250000000000000000, 0.1250000000000000000, 0.1562500000000000000, 0.1875000000000000000, 0.2187500000000000000, 0.2500000000000000000, 0.3125000000000000000, 0.3750000000000000000, 0.4375000000000000000, 0.5000000000000000000, 0.5625000000000000000, 0.5937500000000000000, 0.6093750000000000000, 0.6250000000000000000, 0.6562500000000000000, 0.6875000000000000000, 0.7187500000000000000, 0.7500000000000000000, 0.8125000000000000000, 0.8750000000000000000, 1.000000000000000000 ),
 .UNSPECIFIED. ) ;
#3018 = ORIENTED_EDGE ( 'NONE', *, *, #2601, .T. ) ;
#3019 = CARTESIAN_POINT ( 'NONE',  ( 0.01491319291566821706, 0.1508526628491472787, 0.07509657143374716404 ) ) ;
#3020 = EDGE_CURVE ( 'NONE', #993, #2194, #4172, .T. ) ;
#3021 = CARTESIAN_POINT ( 'NONE',  ( 0.03690261410379330059, 0.2303687703243899876, 0.07667760175048179971 ) ) ;
#3022 = CARTESIAN_POINT ( 'NONE',  ( 0.01878016113550786889, 0.2665766239329074305, 0.08440064259715805706 ) ) ;
#3023 = CARTESIAN_POINT ( 'NONE',  ( 0.01250020187956031939, 0.1488714658009207825, 0.08173632078339120033 ) ) ;
#3024 = DIRECTION ( 'NONE',  ( -0.9994165763531819291, 0.03415041871287127079, -0.0005057788251457607685 ) ) ;
#3025 = ORIENTED_EDGE ( 'NONE', *, *, #588, .T. ) ;
#3026 = CARTESIAN_POINT ( 'NONE',  ( 0.03611048069243627534, 0.2361894542734978009, 0.08772015921813502981 ) ) ;
#3027 = CARTESIAN_POINT ( 'NONE',  ( 0.01371973376855050060, 0.2353840928025564827, 0.08880800667422530936 ) ) ;
#3028 = CARTESIAN_POINT ( 'NONE',  ( 0.02452927256039954748, 0.2157128528502735842, 0.07467166845917815043 ) ) ;
#3029 = DIRECTION ( 'NONE',  ( -0.0005060740159282030044, -3.480932718718385460E-16, 0.9999998719445369888 ) ) ;
#3030 = VECTOR ( 'NONE', #2682, 1.000000000000000000 ) ;
#3031 = CARTESIAN_POINT ( 'NONE',  ( 0.009515300032024375312, 0.1376502624924091089, 0.07887803242891369693 ) ) ;
#3032 = CARTESIAN_POINT ( 'NONE',  ( 0.03773899776613823948, 0.2367424452823955194, 0.07616559052807488073 ) ) ;
#3033 = CARTESIAN_POINT ( 'NONE',  ( 0.04571661390290789051, 0.1433141862396001831, 0.08537490626329174992 ) ) ;
#3034 = CARTESIAN_POINT ( 'NONE',  ( 0.01978095315308324789, 0.2177023607394830140, 0.07938298247747579972 ) ) ;
#3035 = B_SPLINE_CURVE_WITH_KNOTS ( 'NONE', 3,
 ( #1227, #4261, #1251, #3291, #1909, #2946, #4281, #4327, #3554, #550 ),
 .UNSPECIFIED., .F., .F.,
 ( 4, 1, 1, 1, 2, 1, 4 ),
 ( 0.000000000000000000, 0.01145665722028627216, 0.1379712307883968203, 0.2644858043565073702, 0.5175149514927284145, 0.8748042039527568203, 1.000000000000000000 ),
 .UNSPECIFIED. ) ;
#3036 = ORIENTED_EDGE ( 'NONE', *, *, #1056, .T. ) ;
#3037 = CARTESIAN_POINT ( 'NONE',  ( 0.02453573167136705035, 0.2097567801406435006, 0.07467134293570890091 ) ) ;
#3038 = CARTESIAN_POINT ( 'NONE',  ( 0.01659221238431065476, 0.2686361630347009477, 0.08453680554512878198 ) ) ;
#3039 = CARTESIAN_POINT ( 'NONE',  ( 0.03556009008205440053, 0.2205173814457510040, 0.07467692207776070734 ) ) ;
#3040 = CARTESIAN_POINT ( 'NONE',  ( 0.03690362625183239709, 0.2303687703243920137, 0.07467760200659279146 ) ) ;
#3041 = ORIENTED_EDGE ( 'NONE', *, *, #3956, .T. ) ;
#3042 = CARTESIAN_POINT ( 'NONE',  ( 0.01069910570248740721, 0.1468997774874132023, 0.07638797141658582035 ) ) ;
#3043 = CARTESIAN_POINT ( 'NONE',  ( 0.02204301111251111972, 0.2690321512352614186, 0.08457153777018010243 ) ) ;
#3044 = CARTESIAN_POINT ( 'NONE',  ( 0.03248658518978658066, 0.1507179247672578437, 0.08309456401202820752 ) ) ;
#3045 = DIRECTION ( 'NONE',  ( 0.0005060740159282030044, 3.480932718718385460E-16, -0.9999998719445369888 ) ) ;
#3046 = ORIENTED_EDGE ( 'NONE', *, *, #1874, .T. ) ;
#3047 = CARTESIAN_POINT ( 'NONE',  ( 0.03477440664160613704, 0.2298629661552007986, 0.07368238104857759152 ) ) ;
#3048 = CARTESIAN_POINT ( 'NONE',  ( 0.02154570855804811835, 0.1597744070615710055, 0.07467027642582556302 ) ) ;
#3049 = CARTESIAN_POINT ( 'NONE',  ( 0.02418987668425435014, 0.1959007895799755039, 0.07667116816357860687 ) ) ;
#3050 = CARTESIAN_POINT ( 'NONE',  ( 0.04386126446968847264, 0.2407527349475086786, 0.07817333192335154668 ) ) ;
#3051 = FACE_BOUND ( 'NONE', #1457, .T. ) ;
#3052 = CARTESIAN_POINT ( 'NONE',  ( 0.01846668015867885052, 0.2363835268091035169, 0.07938231735797850186 ) ) ;
#3053 = CARTESIAN_POINT ( 'NONE',  ( 0.03385216826055879868, 0.1720207460047805115, 0.07667605799890589435 ) ) ;
#3054 = CARTESIAN_POINT ( 'NONE',  ( 0.04193458673306380002, 0.1096607009667464050, 0.08368014919779280525 ) ) ;
#3055 = CARTESIAN_POINT ( 'NONE',  ( 0.02447218551539894968, 0.2188820186139735224, 0.07467131077664959649 ) ) ;
#3056 = CARTESIAN_POINT ( 'NONE',  ( 0.01096551019590583272, 0.2593238884399007294, 0.08343319936936788306 ) ) ;
#3057 = CARTESIAN_POINT ( 'NONE',  ( 0.03385318040859065097, 0.1720207460047805115, 0.07467605825501680283 ) ) ;
#3058 = CARTESIAN_POINT ( 'NONE',  ( 0.02074672873936762516, 0.1544102451787294494, 0.07666942567564756505 ) ) ;
#3059 = ADVANCED_FACE ( 'NONE', ( #2832 ), #1191, .F. ) ;
#3060 = EDGE_CURVE ( 'NONE', #2549, #760, #3446, .T. ) ;
#3061 = ORIENTED_EDGE ( 'NONE', *, *, #467, .T. ) ;
#3062 = CARTESIAN_POINT ( 'NONE',  ( 0.04709253340607199440, 0.2375837840235169030, 0.08381760232561419333 ) ) ;
#3063 = CARTESIAN_POINT ( 'NONE',  ( 0.01465766496610596860, 0.2607245502083588851, 0.08368913040182977825 ) ) ;
#3064 = CARTESIAN_POINT ( 'NONE',  ( 0.03277851758736468474, 0.1506252235955935770, 0.08356019382515017524 ) ) ;
#3065 = CARTESIAN_POINT ( 'NONE',  ( 0.04728754211389140510, 0.1391476224640769976, 0.08468285831782179640 ) ) ;
#3066 = B_SPLINE_CURVE_WITH_KNOTS ( 'NONE', 3,
 ( #612, #3260, #4233, #938 ),
 .UNSPECIFIED., .F., .F.,
 ( 4, 4 ),
 ( 0.000000000000000000, 1.000000000000000000 ),
 .UNSPECIFIED. ) ;
#3067 = ORIENTED_EDGE ( 'NONE', *, *, #3578, .F. ) ;
#3068 = CIRCLE ( 'NONE', #3337, 0.001499999999999998730 ) ;
#3069 = VERTEX_POINT ( 'NONE', #3100 ) ;
#3070 = CARTESIAN_POINT ( 'NONE',  ( 0.008264937848682419458, 0.1436657477583650200, 0.08880524614339449507 ) ) ;
#3071 = CARTESIAN_POINT ( 'NONE',  ( 0.02345070267341445303, 0.1803733966463663685, 0.07467120906168905892 ) ) ;
#3072 = AXIS2_PLACEMENT_3D ( 'NONE', #3786, #1017, #1411 ) ;
#3073 = AXIS2_PLACEMENT_3D ( 'NONE', #3964, #3631, #1213 ) ;
#3074 = CARTESIAN_POINT ( 'NONE',  ( 0.01727355120755561316, 0.2420027610960856779, 0.07831063962158653358 ) ) ;
#3075 = PLANE ( 'NONE',  #890 ) ;
#3076 = CARTESIAN_POINT ( 'NONE',  ( 0.02198722132433929971, 0.2005442494519085184, 0.07702707610664519255 ) ) ;
#3077 = EDGE_CURVE ( 'NONE', #353, #2739, #2170, .T. ) ;
#3078 = CARTESIAN_POINT ( 'NONE',  ( 0.01413395970313953073, 0.2386971321278563429, 0.08378562429840384629 ) ) ;
#3079 = CYLINDRICAL_SURFACE ( 'NONE', #1664, 0.02100000000000001171 ) ;
#3080 = CARTESIAN_POINT ( 'NONE',  ( 0.03394611738625979980, 0.1677094746127694991, 0.07667610554412329638 ) ) ;
#3081 = CARTESIAN_POINT ( 'NONE',  ( 0.008844190078326751372, 0.1435053989006550013, 0.08469336247664119299 ) ) ;
#3082 = ORIENTED_EDGE ( 'NONE', *, *, #1171, .F. ) ;
#3083 = CARTESIAN_POINT ( 'NONE',  ( 0.01548865659893586266, 0.1512431395517320754, 0.07496087867027735607 ) ) ;
#3084 = CARTESIAN_POINT ( 'NONE',  ( 0.02464236310691692369, 0.2702773446243597610, 0.08462921743087596649 ) ) ;
#3085 = CARTESIAN_POINT ( 'NONE',  ( 0.03024302965208243085, 0.1512741320556020563, 0.08104122507022835931 ) ) ;
#3086 = CARTESIAN_POINT ( 'NONE',  ( 0.02382104332852530079, 0.2308158068207315228, 0.07467098125046620072 ) ) ;
#3087 = EDGE_LOOP ( 'NONE', ( #4245, #3848, #3149, #2920 ) ) ;
#3088 = ORIENTED_EDGE ( 'NONE', *, *, #3112, .F. ) ;
#3089 = CARTESIAN_POINT ( 'NONE',  ( 0.04122133197698821944, 0.2322550630631033952, 0.07410998703606340443 ) ) ;
#3090 = CARTESIAN_POINT ( 'NONE',  ( 0.09638909022123780257, 0.2326331071849475074, 0.07507560341539550042 ) ) ;
#3091 = CARTESIAN_POINT ( 'NONE',  ( 0.03355234813769863295, 0.2356421321512525702, 0.07551234976158738288 ) ) ;
#3092 = DIRECTION ( 'NONE',  ( -0.9994165763531819291, 0.03415041871287127079, -0.0005057788251457607685 ) ) ;
#3093 = CARTESIAN_POINT ( 'NONE',  ( 0.02210684922387740059, 0.2191327490798249955, 0.07702713664722600495 ) ) ;
#3094 = CARTESIAN_POINT ( 'NONE',  ( 0.05002305784691740004, 0.2435450643761634948, 0.08117375909161900216 ) ) ;
#3095 = LINE ( 'NONE', #98, #759 ) ;
#3096 = AXIS2_PLACEMENT_3D ( 'NONE', #3946, #1919, #3234 ) ;
#3097 = CARTESIAN_POINT ( 'NONE',  ( 0.03968872595628861188, 0.1504873425265844111, 0.07921787208332486951 ) ) ;
#3098 = CARTESIAN_POINT ( 'NONE',  ( 0.02390717512768655156, 0.2297942166355904925, 0.07667102509564829860 ) ) ;
#3099 = CARTESIAN_POINT ( 'NONE',  ( 0.04145897984938654718, 0.2037387727973444806, 0.08175097607033139646 ) ) ;
#3100 = CARTESIAN_POINT ( 'NONE',  ( 0.03488247673693824907, 0.2533627714289977684, 0.09467658171631959663 ) ) ;
#3101 = CARTESIAN_POINT ( 'NONE',  ( 0.01363578026995554068, 0.1827708273616459878, 0.08880796418753560129 ) ) ;
#3102 = VERTEX_POINT ( 'NONE', #1120 ) ;
#3103 = CARTESIAN_POINT ( 'NONE',  ( 0.01099047915011398813, 0.1472574943211061582, 0.07627735745649227850 ) ) ;
#3104 = CARTESIAN_POINT ( 'NONE',  ( 0.04427903389909614712, 0.2657938317126207761, 0.08442076016093330582 ) ) ;
#3105 = CARTESIAN_POINT ( 'NONE',  ( 0.03302923100894706449, 0.1505368281144256748, 0.08820333654992135175 ) ) ;
#3106 = CARTESIAN_POINT ( 'NONE',  ( 0.05002685871594570594, 0.2435450643761634948, 0.07366325979320920148 ) ) ;
#3107 = ORIENTED_EDGE ( 'NONE', *, *, #3770, .T. ) ;
#3108 = B_SPLINE_CURVE_WITH_KNOTS ( 'NONE', 3,
 ( #3447, #1156, #3739, #1443 ),
 .UNSPECIFIED., .F., .F.,
 ( 4, 4 ),
 ( -1.100000078698259998, -0.5734276061568549521 ),
 .UNSPECIFIED. ) ;
#3109 = CARTESIAN_POINT ( 'NONE',  ( 0.03679721522231764463, 0.2296942897605170064, 0.07667754841083980477 ) ) ;
#3110 = VERTEX_POINT ( 'NONE', #3782 ) ;
#3111 = CARTESIAN_POINT ( 'NONE',  ( 0.03982547180726616481, 0.2726118016547884881, 0.08468957722068587435 ) ) ;
#3112 = EDGE_CURVE ( 'NONE', #1895, #3730, #4114, .T. ) ;
#3113 = EDGE_CURVE ( 'NONE', #129, #1335, #427, .T. ) ;
#3114 = CARTESIAN_POINT ( 'NONE',  ( 0.01596421787530949085, 0.2438144881970794320, 0.07904671504276522542 ) ) ;
#3115 = FACE_OUTER_BOUND ( 'NONE', #3087, .T. ) ;
#3116 = CARTESIAN_POINT ( 'NONE',  ( 0.02214103923924035100, 0.2176313152915029803, 0.07702715394990650166 ) ) ;
#3117 = CARTESIAN_POINT ( 'NONE',  ( 0.03406896214655055072, 0.1639906948254510055, 0.07667616771267241060 ) ) ;
#3118 = EDGE_CURVE ( 'NONE', #2337, #2884, #1843, .T. ) ;
#3119 = CARTESIAN_POINT ( 'NONE',  ( 0.007224392516918930023, 0.1405165944884207985, 0.08466258339621829387 ) ) ;
#3120 = CARTESIAN_POINT ( 'NONE',  ( 0.04108870504271665974, 0.1493431231240356372, 0.07531233888389883557 ) ) ;
#3121 = DIRECTION ( 'NONE',  ( -0.9994165763531820401, 0.03415041871287169406, -0.0005057788251480009470 ) ) ;
#3122 = CARTESIAN_POINT ( 'NONE',  ( 0.02938794870104703000, 0.2462962900208193195, 0.09467480107822277835 ) ) ;
#3123 = CARTESIAN_POINT ( 'NONE',  ( 0.02061957822534449952, 0.1536540433956604945, 0.07666936132806810578 ) ) ;
#3124 = ORIENTED_EDGE ( 'NONE', *, *, #741, .T. ) ;
#3125 = CARTESIAN_POINT ( 'NONE',  ( 0.04472544653607297277, 0.1301867998871186760, 0.08023870929007489994 ) ) ;
#3126 = CARTESIAN_POINT ( 'NONE',  ( 0.04377929371211639747, 0.1072980537305578130, 0.09168108378062529706 ) ) ;
#3127 = PLANE ( 'NONE',  #4126 ) ;
#3128 = EDGE_CURVE ( 'NONE', #685, #509, #1944, .T. ) ;
#3129 = CARTESIAN_POINT ( 'NONE',  ( 0.02609248680055900257, 0.2301211965103861223, 0.07367849117830031769 ) ) ;
#3130 = ORIENTED_EDGE ( 'NONE', *, *, #587, .T. ) ;
#3131 = CARTESIAN_POINT ( 'NONE',  ( 0.04259731142337199600, 0.1478430368982115994, 0.08175155215043629353 ) ) ;
#3132 = ORIENTED_EDGE ( 'NONE', *, *, #3189, .F. ) ;
#3133 = CARTESIAN_POINT ( 'NONE',  ( 0.03488062195567200041, 0.2297642114238589994, 0.07467657821655329653 ) ) ;
#3134 = CARTESIAN_POINT ( 'NONE',  ( 0.03068766063212164177, 0.2354965929616883724, 0.07537972277617643879 ) ) ;
#3135 = AXIS2_PLACEMENT_3D ( 'NONE', #3239, #1859, #200 ) ;
#3136 = CARTESIAN_POINT ( 'NONE',  ( 0.01315579375559102621, 0.2541055430360026901, 0.07366558371603733335 ) ) ;
#3137 = CARTESIAN_POINT ( 'NONE',  ( 0.02213549830218619965, 0.2065960668497140162, 0.07702715114577950162 ) ) ;
#3138 = VECTOR ( 'NONE', #2989, 1.000000000000000000 ) ;
#3139 = CARTESIAN_POINT ( 'NONE',  ( 0.01510466357509878017, 0.2372948452199509783, 0.08266946088112078761 ) ) ;
#3140 = CARTESIAN_POINT ( 'NONE',  ( 0.04068549690930758911, 0.1496924661829996395, 0.07520189541551587642 ) ) ;
#3141 = CARTESIAN_POINT ( 'NONE',  ( 0.04173678671277050028, 0.1855391944258555081, 0.08254448871602260152 ) ) ;
#3142 = CARTESIAN_POINT ( 'NONE',  ( 0.04104602178051184463, 0.1667257789596560125, 0.08175076708356819599 ) ) ;
#3143 = ORIENTED_EDGE ( 'NONE', *, *, #96, .T. ) ;
#3144 = CARTESIAN_POINT ( 'NONE',  ( 0.04393328333562670357, 0.1272297695763324465, 0.08078929389245907700 ) ) ;
#3145 = FACE_OUTER_BOUND ( 'NONE', #2211, .T. ) ;
#3146 = CARTESIAN_POINT ( 'NONE',  ( 0.02232755057414309574, 0.2314509101385037737, 0.07378673861577256243 ) ) ;
#3147 = ORIENTED_EDGE ( 'NONE', *, *, #88, .T. ) ;
#3148 = CARTESIAN_POINT ( 'NONE',  ( 0.03455227005899571407, 0.1499212526449904270, 0.07519239032754110319 ) ) ;
#3149 = ORIENTED_EDGE ( 'NONE', *, *, #907, .F. ) ;
#3150 = DIRECTION ( 'NONE',  ( 0.0005060740159282030044, 3.480932718718385460E-16, -0.9999998719445369888 ) ) ;
#3151 = CARTESIAN_POINT ( 'NONE',  ( 0.04344538056300444734, 0.1174655884157976005, 0.08468091389944688852 ) ) ;
#3152 = CARTESIAN_POINT ( 'NONE',  ( 0.04070157694492779893, 0.1112357991242054062, 0.08467952533155320705 ) ) ;
#3153 = CARTESIAN_POINT ( 'NONE',  ( 0.02211940918595910188, 0.2186300082213194773, 0.07702714300349720877 ) ) ;
#3154 = CARTESIAN_POINT ( 'NONE',  ( 0.04805824050998263458, 0.1333142837562281968, 0.07958070155808028012 ) ) ;
#3155 = CARTESIAN_POINT ( 'NONE',  ( 0.04038699350163383467, 0.1499395013612785377, 0.07512355771553970440 ) ) ;
#3156 = CARTESIAN_POINT ( 'NONE',  ( 0.04760916595290830278, 0.2374702082083409993, 0.08471298042617160517 ) ) ;
#3157 = CARTESIAN_POINT ( 'NONE',  ( 0.04087482103381925164, 0.1813731135865709887, 0.08175068044330770223 ) ) ;
#3158 = ADVANCED_FACE ( 'NONE', ( #796 ), #770, .T. ) ;
#3159 = VERTEX_POINT ( 'NONE', #102 ) ;
#3160 = CIRCLE ( 'NONE', #1269, 0.02100000000000000477 ) ;
#3161 = CARTESIAN_POINT ( 'NONE',  ( 0.04496288039619120852, 0.1317568967088534049, 0.07992645261830019776 ) ) ;
#3162 = CARTESIAN_POINT ( 'NONE',  ( 0.04645375881009905505, 0.2629506892584379529, 0.08415314859265432545 ) ) ;
#3163 = LINE ( 'NONE', #108, #3913 ) ;
#3164 = CARTESIAN_POINT ( 'NONE',  ( 0.01929159934445909622, 0.2332395193339905082, 0.07417020470460779225 ) ) ;
#3165 = ORIENTED_EDGE ( 'NONE', *, *, #755, .F. ) ;
#3166 = CARTESIAN_POINT ( 'NONE',  ( 0.01237047474843167710, 0.1439841354370272331, 0.07721983986309938208 ) ) ;
#3167 = VERTEX_POINT ( 'NONE', #446 ) ;
#3168 = CARTESIAN_POINT ( 'NONE',  ( 0.03487960980764015506, 0.2297642114238589994, 0.07667657796044230478 ) ) ;
#3169 = ADVANCED_FACE ( 'NONE', ( #1159 ), #533, .T. ) ;
#3170 = LINE ( 'NONE', #2516, #3696 ) ;
#3171 = DIRECTION ( 'NONE',  ( -0.9994165763531819291, 0.03415041871287123609, -0.0005057788251477426901 ) ) ;
#3172 = CARTESIAN_POINT ( 'NONE',  ( 0.02168400600879094933, 0.1923348236797215172, 0.07702692265723370957 ) ) ;
#3173 = PERSON_AND_ORGANIZATION ( #2117, #4199 ) ;
#3174 = CARTESIAN_POINT ( 'NONE',  ( 0.02999372016954610087, 0.2295860272631405075, 0.08881624251693309713 ) ) ;
#3175 = B_SPLINE_CURVE_WITH_KNOTS ( 'NONE', 3,
 ( #3820, #1406, #424, #3119 ),
 .UNSPECIFIED., .F., .F.,
 ( 4, 4 ),
 ( 0.4530512504949339991, 1.100000078698259998 ),
 .UNSPECIFIED. ) ;
#3176 = CARTESIAN_POINT ( 'NONE',  ( 0.04787902981927490836, 0.1309026730016075168, 0.08007937279974922107 ) ) ;
#3177 = CARTESIAN_POINT ( 'NONE',  ( 0.03477077529841242354, 0.1531896854606509539, 0.07407570222989599829 ) ) ;
#3178 = CARTESIAN_POINT ( 'NONE',  ( 0.04587563764567460095, 0.1422397672472925922, 0.08471210313242710788 ) ) ;
#3179 = DIRECTION ( 'NONE',  ( 0.7875489778795833340, 0.6162519359744393910, 0.0003985581250131426615 ) ) ;
#3180 = ORIENTED_EDGE ( 'NONE', *, *, #3704, .F. ) ;
#3181 = CARTESIAN_POINT ( 'NONE',  ( 0.03347858300125367698, 0.1167506495075492784, 0.08227904449166759115 ) ) ;
#3182 = CARTESIAN_POINT ( 'NONE',  ( 0.04680496632064277962, 0.2623774365749522719, 0.08408880892376045801 ) ) ;
#3183 = CARTESIAN_POINT ( 'NONE',  ( 0.03561942545619695144, 0.1533454330512380170, 0.08377171035297639734 ) ) ;
#3184 = CARTESIAN_POINT ( 'NONE',  ( 0.01910871651724259726, 0.2333720244945834410, 0.07421032062144364283 ) ) ;
#3185 = ORIENTED_EDGE ( 'NONE', *, *, #3651, .F. ) ;
#3186 = CARTESIAN_POINT ( 'NONE',  ( 0.03663795310291183271, 0.1487953718509410217, 0.07553621065761846609 ) ) ;
#3187 = ORIENTED_EDGE ( 'NONE', *, *, #1226, .F. ) ;
#3188 = CARTESIAN_POINT ( 'NONE',  ( 0.03499173253715116838, 0.2741395480218061231, 0.08467992750353761644 ) ) ;
#3189 = EDGE_CURVE ( 'NONE', #377, #2595, #2606, .T. ) ;
#3190 = CARTESIAN_POINT ( 'NONE',  ( 0.01405003267804919714, 0.2478090196640003462, 0.08050944664106159110 ) ) ;
#3191 = CARTESIAN_POINT ( 'NONE',  ( 0.02668251349188620683, 0.2360517853808289102, 0.08191078283314508213 ) ) ;
#3192 = CARTESIAN_POINT ( 'NONE',  ( 0.02755136922120014764, 0.2296696579184449860, 0.07871494657179178844 ) ) ;
#3193 = DIRECTION ( 'NONE',  ( -0.9994165763531819291, 0.03415041871287127079, -0.0005057788251457607685 ) ) ;
#3194 = EDGE_CURVE ( 'NONE', #804, #3102, #1310, .T. ) ;
#3195 = CARTESIAN_POINT ( 'NONE',  ( 0.03513471718668806365, 0.1141649600277307580, 0.08252213322003981721 ) ) ;
#3196 = CARTESIAN_POINT ( 'NONE',  ( 0.03253760103085230615, 0.1540309731862465337, 0.07380418322920712093 ) ) ;
#3197 = CARTESIAN_POINT ( 'NONE',  ( 0.01744148062302390209, 0.2080626519664114937, 0.08173882143702979053 ) ) ;
#3198 = CARTESIAN_POINT ( 'NONE',  ( 0.03380708682910329999, 0.1814601218445205111, 0.07467603492825089506 ) ) ;
#3199 = AXIS2_PLACEMENT_3D ( 'NONE', #4220, #3868, #147 ) ;
#3200 = ORIENTED_EDGE ( 'NONE', *, *, #2597, .F. ) ;
#3201 = B_SPLINE_CURVE_WITH_KNOTS ( 'NONE', 3,
 ( #2908, #1591, #3922, #2221, #1278, #2934, #2600, #3942, #1917, #2997, #1259, #2622, #302, #2974, #3588, #975, #910, #323, #3564 ),
 .UNSPECIFIED., .F., .F.,
 ( 4, 2, 2, 2, 1, 1, 1, 2, 2, 2, 4 ),
 ( 0.000000000000000000, 0.2499999999998978040, 0.3749999999998461786, 0.4374999999998224753, 0.4687499999998132605, 0.4843749999998101519, 0.4921874999998104849, 0.4960937499998104849, 0.4999999999998104849, 0.7499999999999051870, 1.000000000000000000 ),
 .UNSPECIFIED. ) ;
#3202 = CARTESIAN_POINT ( 'NONE',  ( 0.04298210072714348656, 0.1251167738465828461, 0.08114570494426916192 ) ) ;
#3203 = CARTESIAN_POINT ( 'NONE',  ( 0.03464767803080692071, 0.2075516130670377324, 0.07467682004885078939 ) ) ;
#3204 = CARTESIAN_POINT ( 'NONE',  ( 0.007165198184814160730, 0.1402445951244191968, 0.02243700954008065115 ) ) ;
#3205 = CARTESIAN_POINT ( 'NONE',  ( 0.05363146357476879927, 0.2958504269049520019, 0.02233759082253125236 ) ) ;
#3206 = ORIENTED_EDGE ( 'NONE', *, *, #3237, .F. ) ;
#3207 = CARTESIAN_POINT ( 'NONE',  ( 0.03638372197594249430, 0.1489524031276217853, 0.07548838740968193128 ) ) ;
#3208 = ORIENTED_EDGE ( 'NONE', *, *, #792, .F. ) ;
#3209 = FACE_OUTER_BOUND ( 'NONE', #2050, .T. ) ;
#3210 = LOCAL_TIME ( 12, 26, 18.00000000000000000, #3506 ) ;
#3211 = CARTESIAN_POINT ( 'NONE',  ( 0.01345782641635944778, 0.2501261867252914106, 0.08124866599213939611 ) ) ;
#3212 = CARTESIAN_POINT ( 'NONE',  ( 0.02572522525139163060, 0.2363245971266155765, 0.08304570523755791522 ) ) ;
#3213 = ADVANCED_FACE ( 'NONE', ( #2322 ), #1695, .F. ) ;
#3214 = DIRECTION ( 'NONE',  ( 0.0005060740159282030044, 3.480932718718385460E-16, -0.9999998719445369888 ) ) ;
#3215 = CARTESIAN_POINT ( 'NONE',  ( 0.04604059229918570223, 0.1141457616613224119, 0.08968222790911799247 ) ) ;
#3216 = CARTESIAN_POINT ( 'NONE',  ( 0.04642677405136468038, 0.1254397044126524530, 0.08107490794782183652 ) ) ;
#3217 = CARTESIAN_POINT ( 'NONE',  ( 0.02294550407592915384, 0.1510897237004923677, 0.08284016222343791591 ) ) ;
#3218 = CARTESIAN_POINT ( 'NONE',  ( 0.01742165343794074839, 0.2177322762475550066, 0.08173881140300699732 ) ) ;
#3219 = CARTESIAN_POINT ( 'NONE',  ( 0.03946048041574570092, 0.2092269190522760003, 0.07939294177619080073 ) ) ;
#3220 = ORIENTED_EDGE ( 'NONE', *, *, #2765, .T. ) ;
#3221 = CARTESIAN_POINT ( 'NONE',  ( 0.009285450342159561749, 0.1306213470156714629, 0.08036881001245239908 ) ) ;
#3222 = CARTESIAN_POINT ( 'NONE',  ( 0.03401854346025683096, 0.1654975633399203838, 0.07467635846398354427 ) ) ;
#3223 = CARTESIAN_POINT ( 'NONE',  ( 0.02414280429495024860, 0.2269237230338634892, 0.07667114434146249380 ) ) ;
#3224 = CARTESIAN_POINT ( 'NONE',  ( 0.04646016268328809901, 0.1423607497459552229, 0.08882457575669110150 ) ) ;
#3225 = B_SPLINE_CURVE_WITH_KNOTS ( 'NONE', 3,
 ( #1733, #2365, #329, #306 ),
 .UNSPECIFIED., .F., .F.,
 ( 4, 4 ),
 ( 4.414025841351359780, 4.550289162584340019 ),
 .UNSPECIFIED. ) ;
#3226 = B_SPLINE_SURFACE_WITH_KNOTS ( 'NONE', 3, 1, ( 
 ( #2969, #4309 ),
 ( #4330, #1254 ),
 ( #1912, #3981 ),
 ( #2637, #2617 ),
 ( #1316, #2948 ),
 ( #4242, #1608 ),
 ( #968, #904 ),
 ( #2305, #3891 ),
 ( #2259, #3313 ),
 ( #3248, #4283 ),
 ( #3959, #946 ),
 ( #2280, #3624 ),
 ( #554, #881 ),
 ( #2594, #927 ),
 ( #2215, #3557 ),
 ( #3335, #4004 ) ),
 .UNSPECIFIED., .F., .F., .F.,
 ( 4, 3, 3, 3, 3, 4 ),
 ( 2, 2 ),
 ( 0.000000000000000000, 0.04503162569018869660, 3.849482096593550118, 4.909769708685989720, 6.251029911337349532, 9.131588504539799089 ),
 ( -0.03999999999999789835, 0.2399999999999969935 ),
 .UNSPECIFIED. ) ;
#3227 = ORIENTED_EDGE ( 'NONE', *, *, #3714, .T. ) ;
#3228 = CIRCLE ( 'NONE', #2246, 0.001499999999999998730 ) ;
#3229 = CARTESIAN_POINT ( 'NONE',  ( 0.04480927744878841074, 0.1364619277989627677, 0.07889201945722072729 ) ) ;
#3230 = ORIENTED_EDGE ( 'NONE', *, *, #1746, .F. ) ;
#3231 = CARTESIAN_POINT ( 'NONE',  ( 0.05145949776806922615, 0.2587956248281765848, 0.08359976923826413497 ) ) ;
#3232 = DIRECTION ( 'NONE',  ( -0.0005060740159282030044, -3.480932718718385460E-16, 0.9999998719445369888 ) ) ;
#3233 = CARTESIAN_POINT ( 'NONE',  ( 0.01338024428527186983, 0.2505682033302892298, 0.08138126040233480130 ) ) ;
#3234 = DIRECTION ( 'NONE',  ( -0.9994165763531819291, 0.03415041871287127079, -0.0005057788251457607685 ) ) ;
#3235 = CARTESIAN_POINT ( 'NONE',  ( 0.02579288066013877417, 0.2363031845995628710, 0.08294252231730878111 ) ) ;
#3236 = CARTESIAN_POINT ( 'NONE',  ( 0.01547538420203469975, 0.2356889948053055017, 0.08880889516340449708 ) ) ;
#3237 = EDGE_CURVE ( 'NONE', #3406, #1928, #2395, .T. ) ;
#3238 = FACE_OUTER_BOUND ( 'NONE', #1520, .T. ) ;
#3239 = CARTESIAN_POINT ( 'NONE',  ( 0.03113770101970934900, 0.2534908354991710078, 0.08867468581405810180 ) ) ;
#3240 = CARTESIAN_POINT ( 'NONE',  ( 0.02187664925582162925, 0.1508042645662101555, 0.08613068974392215638 ) ) ;
#3241 = CARTESIAN_POINT ( 'NONE',  ( 0.04230993135263250160, 0.1487400759084899771, 0.08175140671483120680 ) ) ;
#3242 = CARTESIAN_POINT ( 'NONE',  ( 0.04031182299506220340, 0.2360258295041579857, 0.07703634971261520692 ) ) ;
#3243 = ORIENTED_EDGE ( 'NONE', *, *, #371, .T. ) ;
#3244 = EDGE_CURVE ( 'NONE', #303, #877, #3401, .T. ) ;
#3245 = CARTESIAN_POINT ( 'NONE',  ( 0.01956992632884394304, 0.1171853850815742226, 0.08227617346353770234 ) ) ;
#3246 = CARTESIAN_POINT ( 'NONE',  ( 0.03449984242917093769, 0.2046340492788780718, 0.07467673278124384306 ) ) ;
#3247 = DIRECTION ( 'NONE',  ( -0.0005060740159282030044, -3.480932718718385460E-16, 0.9999998719445369888 ) ) ;
#3248 = CARTESIAN_POINT ( 'NONE',  ( 0.01961949254163274786, 0.1483357140071775992, 0.07426885490329189488 ) ) ;
#3249 = EDGE_LOOP ( 'NONE', ( #1772, #3583, #3367, #2504, #3872, #1540, #2877, #1146, #1042, #3678 ) ) ;
#3250 = CARTESIAN_POINT ( 'NONE',  ( 0.04238729084005772585, 0.1429750612203674054, 0.07723053581304081816 ) ) ;
#3251 = EDGE_CURVE ( 'NONE', #3518, #3406, #50, .T. ) ;
#3252 = FACE_OUTER_BOUND ( 'NONE', #3249, .T. ) ;
#3253 = CARTESIAN_POINT ( 'NONE',  ( 0.04850863617152140206, 0.1109955653464043956, 0.08368347615381910298 ) ) ;
#3254 = LINE ( 'NONE', #3988, #2375 ) ;
#3255 = VERTEX_POINT ( 'NONE', #2406 ) ;
#3256 = CARTESIAN_POINT ( 'NONE',  ( 0.03454870517072722996, 0.2358163082808685251, 0.08205461883410973545 ) ) ;
#3257 = CARTESIAN_POINT ( 'NONE',  ( 0.02703965129894254915, 0.1335608309790970172, 0.08867261189731279192 ) ) ;
#3258 = CARTESIAN_POINT ( 'NONE',  ( 0.02493172146841661149, 0.2365928104542358856, 0.08496739119444408905 ) ) ;
#3259 = CARTESIAN_POINT ( 'NONE',  ( 0.008018635422552199479, 0.1428986805188190157, 0.07366298393335631023 ) ) ;
#3260 = CARTESIAN_POINT ( 'NONE',  ( 0.02385108075809034417, 0.2304776971803304819, 0.07467106687738694903 ) ) ;
#3261 = CARTESIAN_POINT ( 'NONE',  ( 0.04854769479368065133, 0.2488763542595148759, 0.08125233123546803105 ) ) ;
#3262 = CARTESIAN_POINT ( 'NONE',  ( 0.02482046957676436669, 0.1514228586069851501, 0.08116705609892031770 ) ) ;
#3263 = CARTESIAN_POINT ( 'NONE',  ( 0.01741221908725159792, 0.2181741024016705111, 0.08173880662852670009 ) ) ;
#3264 = CARTESIAN_POINT ( 'NONE',  ( 0.03487717326296319725, 0.2114150681342334970, 0.07467657647125930387 ) ) ;
#3265 = VECTOR ( 'NONE', #122, 1.000000000000000000 ) ;
#3266 = ORIENTED_EDGE ( 'NONE', *, *, #643, .F. ) ;
#3267 = CARTESIAN_POINT ( 'NONE',  ( 0.01548986019506757954, 0.1197457192205851617, 0.08200556729221929186 ) ) ;
#3268 = AXIS2_PLACEMENT_3D ( 'NONE', #1502, #3775, #2782 ) ;
#3269 = CARTESIAN_POINT ( 'NONE',  ( 0.0002539187629508925172, 0.1197678252755730033, 0.09465905710067569478 ) ) ;
#3270 = CARTESIAN_POINT ( 'NONE',  ( -0.02762222828437580283, 0.1138816145678774039, 0.08268560989038910292 ) ) ;
#3271 = ORIENTED_EDGE ( 'NONE', *, *, #3349, .F. ) ;
#3272 = VECTOR ( 'NONE', #3783, 1.000000000000000000 ) ;
#3273 = CARTESIAN_POINT ( 'NONE',  ( 0.04223680847818910011, 0.1432166582473038130, 0.07716390724487520725 ) ) ;
#3274 = DIRECTION ( 'NONE',  ( 0.9994165763531819291, -0.03415041871287124303, 0.0005057788251480732633 ) ) ;
#3275 = LINE ( 'NONE', #885, #4217 ) ;
#3276 = FACE_OUTER_BOUND ( 'NONE', #772, .T. ) ;
#3277 = CARTESIAN_POINT ( 'NONE',  ( 0.01977355001509519677, 0.2328995323100749026, 0.07849511971704252467 ) ) ;
#3278 = AXIS2_PLACEMENT_3D ( 'NONE', #471, #3512, #2089 ) ;
#3279 = CARTESIAN_POINT ( 'NONE',  ( 0.03333230903871185757, 0.2356248242030948570, 0.08115340086601528780 ) ) ;
#3280 = CARTESIAN_POINT ( 'NONE',  ( 0.03482846370314474777, 0.1531685207417529948, 0.07667655207672449680 ) ) ;
#3281 = DIRECTION ( 'NONE',  ( -0.9994165763531820401, 0.03415041871287100017, -0.0005057788251480830211 ) ) ;
#3282 = DIRECTION ( 'NONE',  ( -0.0005060740159282030044, -3.480932718718385460E-16, 0.9999998719445369888 ) ) ;
#3283 = APPROVAL_PERSON_ORGANIZATION ( #3173, #3407, #2847 ) ;
#3284 = CARTESIAN_POINT ( 'NONE',  ( 0.04502914967329985085, 0.1329461234422653348, 0.08868171591616545724 ) ) ;
#3285 = CARTESIAN_POINT ( 'NONE',  ( 0.03487469515265780723, 0.2358810117835870857, 0.07566408785669032078 ) ) ;
#3286 = LINE ( 'NONE', #546, #2217 ) ;
#3287 = CARTESIAN_POINT ( 'NONE',  ( 0.01974581814779129835, 0.2050262071688520038, 0.07938296469655879706 ) ) ;
#3288 = CARTESIAN_POINT ( 'NONE',  ( 0.03625404542983570039, 0.1694512083561484916, 0.07703429617656400163 ) ) ;
#3289 = ORIENTED_EDGE ( 'NONE', *, *, #729, .T. ) ;
#3290 = CARTESIAN_POINT ( 'NONE',  ( 0.02447695486008604968, 0.2186861985384420115, 0.07467131319029129966 ) ) ;
#3291 = CARTESIAN_POINT ( 'NONE',  ( 0.04128943756339764626, 0.1595956729065615143, 0.08175089026937489012 ) ) ;
#3292 = CARTESIAN_POINT ( 'NONE',  ( 0.02443143481384374774, 0.2203080142332639879, 0.07667129040988698851 ) ) ;
#3293 = ADVANCED_FACE ( 'NONE', ( #66 ), #2693, .F. ) ;
#3294 = CARTESIAN_POINT ( 'NONE',  ( 0.04386870861367295205, 0.1854949258151609992, 0.08882326428895509496 ) ) ;
#3295 = ORIENTED_EDGE ( 'NONE', *, *, #4039, .T. ) ;
#3296 = CARTESIAN_POINT ( 'NONE',  ( 0.04479609518066790530, 0.1365417985275865220, 0.07887324492450459301 ) ) ;
#3297 = DIRECTION ( 'NONE',  ( -0.7875489778795833340, -0.6162519359744393910, -0.0003985581250131426615 ) ) ;
#3298 = CARTESIAN_POINT ( 'NONE',  ( 0.05118966357906089976, 0.2597508411671665129, 0.08375103910462132484 ) ) ;
#3299 = CYLINDRICAL_SURFACE ( 'NONE', #1456, 0.02099999999999998396 ) ;
#3300 = ORIENTED_EDGE ( 'NONE', *, *, #2304, .T. ) ;
#3301 = CARTESIAN_POINT ( 'NONE',  ( 0.03546554303178967027, 0.2360179909358331996, 0.08319937804756016853 ) ) ;
#3302 = DIRECTION ( 'NONE',  ( 0.0005060740159282030044, 3.480932718718385460E-16, -0.9999998719445369888 ) ) ;
#3303 = CARTESIAN_POINT ( 'NONE',  ( 0.02447743981257831034, 0.2186727288163966831, 0.07467159507954723718 ) ) ;
#3304 = CARTESIAN_POINT ( 'NONE',  ( 0.02306484564832805145, 0.1733900379355634847, 0.07667059881453130998 ) ) ;
#3305 = CARTESIAN_POINT ( 'NONE',  ( 0.01051188512201917981, 0.1406791273651448737, 0.07812438357083588414 ) ) ;
#3306 = CARTESIAN_POINT ( 'NONE',  ( 0.03704695439047673428, 0.2364749468396582788, 0.07601573921634068032 ) ) ;
#3307 = CARTESIAN_POINT ( 'NONE',  ( 0.04582717478526875804, 0.1430930572612905127, 0.08555724600752971643 ) ) ;
#3308 = CARTESIAN_POINT ( 'NONE',  ( 0.01956103313288560033, 0.2242259514559830080, 0.07938287118165390788 ) ) ;
#3309 = ORIENTED_EDGE ( 'NONE', *, *, #1642, .T. ) ;
#3310 = CARTESIAN_POINT ( 'NONE',  ( 0.02312306921990790048, 0.1750182460277349972, 0.07467062802386030540 ) ) ;
#3311 = CARTESIAN_POINT ( 'NONE',  ( 0.009565458026644645464, 0.1292485337057172057, 0.08061951571548697792 ) ) ;
#3312 = CARTESIAN_POINT ( 'NONE',  ( 0.03390420189733205081, 0.1860345430570224945, 0.07667608433178080274 ) ) ;
#3313 = CARTESIAN_POINT ( 'NONE',  ( 0.02024695350398965019, 0.1513463501677549949, 0.07706917280357700184 ) ) ;
#3314 = ORIENTED_EDGE ( 'NONE', *, *, #2653, .F. ) ;
#3315 = APPROVAL ( #1195, 'UNSPECIFIED' ) ;
#3316 = CARTESIAN_POINT ( 'NONE',  ( 0.04362274066976662423, 0.1405765642964481865, 0.07787322406438620948 ) ) ;
#3317 = CARTESIAN_POINT ( 'NONE',  ( 0.03276998603550890232, 0.2294914058304104998, 0.07467551007842020139 ) ) ;
#3318 = CARTESIAN_POINT ( 'NONE',  ( 0.01470249721047240180, 0.2608258638355798187, 0.08370518076733238222 ) ) ;
#3319 = CARTESIAN_POINT ( 'NONE',  ( 0.03114529212994830015, 0.2534908354991710078, 0.07367468773488999867 ) ) ;
#3320 = ORIENTED_EDGE ( 'NONE', *, *, #5, .F. ) ;
#3321 = CARTESIAN_POINT ( 'NONE',  ( 0.03629968380388751831, 0.2362463370083744407, 0.08596926013519159970 ) ) ;
#3322 = CARTESIAN_POINT ( 'NONE',  ( 0.01438344163942944023, 0.2011165457364130216, 0.08880834255957589796 ) ) ;
#3323 = CARTESIAN_POINT ( 'NONE',  ( 0.02424494021859048554, 0.1975237849597040185, 0.07467158350147728996 ) ) ;
#3324 = CARTESIAN_POINT ( 'NONE',  ( 0.02999986498888315006, 0.2295860272631405075, 0.07667410844806898940 ) ) ;
#3325 = CARTESIAN_POINT ( 'NONE',  ( 0.009513823336485899285, 0.1376439323103448575, 0.07887953618689859392 ) ) ;
#3326 = CARTESIAN_POINT ( 'NONE',  ( 0.04355460154875993167, 0.2404541833533203055, 0.07803659001975592202 ) ) ;
#3327 = CARTESIAN_POINT ( 'NONE',  ( 0.04259731142337199600, 0.1478430368982115994, 0.08175155215043629353 ) ) ;
#3328 = CARTESIAN_POINT ( 'NONE',  ( 0.01981047123918485212, 0.2159036914494255055, 0.07938299741581350544 ) ) ;
#3329 = CARTESIAN_POINT ( 'NONE',  ( 0.03387778949639394521, 0.1707270475233190199, 0.07467630590981171046 ) ) ;
#3330 = CARTESIAN_POINT ( 'NONE',  ( 0.02382104332852530079, 0.2308158068207315228, 0.07467098125046620072 ) ) ;
#3331 = VERTEX_POINT ( 'NONE', #1708 ) ;
#3332 = CARTESIAN_POINT ( 'NONE',  ( 0.02454863134395139992, 0.2133020390364964991, 0.07467134946389959727 ) ) ;
#3333 = CARTESIAN_POINT ( 'NONE',  ( 0.02250917219279632495, 0.2726400804339326189, 0.08467783624399304043 ) ) ;
#3334 = CARTESIAN_POINT ( 'NONE',  ( 0.03442506549441460423, 0.1578009568066350010, 0.07467634767123590422 ) ) ;
#3335 = CARTESIAN_POINT ( 'NONE',  ( 0.008706783010757080180, 0.1134949927817064108, 0.07426333226384770891 ) ) ;
#3336 = ORIENTED_EDGE ( 'NONE', *, *, #143, .F. ) ;
#3337 = AXIS2_PLACEMENT_3D ( 'NONE', #17, #908, #300 ) ;
#3338 = CARTESIAN_POINT ( 'NONE',  ( 0.04938080505904971634, 0.2416747215472744570, 0.08727319927382630460 ) ) ;
#3339 = CARTESIAN_POINT ( 'NONE',  ( 0.03810434091268284640, 0.1145556258786804005, 0.08367821080966030001 ) ) ;
#3340 = CARTESIAN_POINT ( 'NONE',  ( 0.02113155675805025377, 0.2684533690717529342, 0.08453772842224857587 ) ) ;
#3341 = CARTESIAN_POINT ( 'NONE',  ( 0.03158637314065275425, 0.1509780022839308788, 0.08199249647000549091 ) ) ;
#3342 = CARTESIAN_POINT ( 'NONE',  ( 0.05104975338341100066, 0.2468070713538489946, 0.08061434810124250283 ) ) ;
#3343 = ORIENTED_EDGE ( 'NONE', *, *, #2467, .F. ) ;
#3344 = CARTESIAN_POINT ( 'NONE',  ( 0.03629727075055779600, 0.2362455787976849297, 0.08591134697856378510 ) ) ;
#3345 = CIRCLE ( 'NONE', #3073, 0.001499999999999998730 ) ;
#3346 = CARTESIAN_POINT ( 'NONE',  ( 0.03742146354522683793, 0.2305316702050036193, 0.07374263916940437813 ) ) ;
#3347 = CARTESIAN_POINT ( 'NONE',  ( 0.02290231572469922372, 0.1725785237876955314, 0.07467094332437394788 ) ) ;
#3348 = FACE_OUTER_BOUND ( 'NONE', #2613, .T. ) ;
#3349 = EDGE_CURVE ( 'NONE', #1652, #1637, #412, .T. ) ;
#3350 = DIRECTION ( 'NONE',  ( 0.0005060740159282030044, 3.480932718718385460E-16, -0.9999998719445369888 ) ) ;
#3351 = CARTESIAN_POINT ( 'NONE',  ( 0.04025973723899766571, 0.2379573996958821991, 0.07681944115865319000 ) ) ;
#3352 = DIRECTION ( 'NONE',  ( -0.0005060740159282030044, -3.480932718718385460E-16, 0.9999998719445369888 ) ) ;
#3353 = CARTESIAN_POINT ( 'NONE',  ( 0.01981947936851539971, 0.2097979845172560087, 0.07938300197459290108 ) ) ;
#3354 = CARTESIAN_POINT ( 'NONE',  ( 0.03459196144938329887, 0.2064970928129788441, 0.07467678718269275817 ) ) ;
#3355 = VERTEX_POINT ( 'NONE', #3065 ) ;
#3356 = SECURITY_CLASSIFICATION ( '', '', #809 ) ;
#3357 = CARTESIAN_POINT ( 'NONE',  ( 0.02405995013158285234, 0.2281011116924664961, 0.07467110215500699644 ) ) ;
#3358 = CARTESIAN_POINT ( 'NONE',  ( 0.01464274565458692848, 0.2665121119875925593, 0.08438406171857149030 ) ) ;
#3359 = CARTESIAN_POINT ( 'NONE',  ( 0.03417289779533864980, 0.1617693172453810169, 0.07667622031181030307 ) ) ;
#3360 = CARTESIAN_POINT ( 'NONE',  ( 0.01490972460435355945, 0.2185596605001014769, 0.08731261220446359661 ) ) ;
#3361 = B_SPLINE_CURVE_WITH_KNOTS ( 'NONE', 3,
 ( #274, #1651, #1584, #644 ),
 .UNSPECIFIED., .F., .F.,
 ( 4, 4 ),
 ( -0.02949792095801999706, 0.000000000000000000 ),
 .UNSPECIFIED. ) ;
#3362 = ORIENTED_EDGE ( 'NONE', *, *, #421, .T. ) ;
#3363 = CARTESIAN_POINT ( 'NONE',  ( 0.01414350799440402748, 0.1503098274123894629, 0.07528407393884087306 ) ) ;
#3364 = CARTESIAN_POINT ( 'NONE',  ( 0.01839137066838299889, 0.2661998266995519447, 0.08436792558394473618 ) ) ;
#3365 = CARTESIAN_POINT ( 'NONE',  ( 0.02810204626996900754, 0.1515351766810631717, 0.08042314845602883955 ) ) ;
#3366 = CARTESIAN_POINT ( 'NONE',  ( 0.03238619893618058937, 0.2461938387646807058, 0.09467531841482630661 ) ) ;
#3367 = ORIENTED_EDGE ( 'NONE', *, *, #3060, .T. ) ;
#3368 = ORIENTED_EDGE ( 'NONE', *, *, #1703, .F. ) ;
#3369 = CARTESIAN_POINT ( 'NONE',  ( 0.007222296289708519772, 0.1405165944884181894, 0.08880471848952599390 ) ) ;
#3370 = CARTESIAN_POINT ( 'NONE',  ( 0.02450362608621958760, 0.2066727242186474356, 0.07467169477051351090 ) ) ;
#3371 = CARTESIAN_POINT ( 'NONE',  ( 0.02382104332852520018, 0.2308158068207315228, 0.07467098125046620072 ) ) ;
#3372 = CIRCLE ( 'NONE', #437, 0.02100000000000000477 ) ;
#3373 = CARTESIAN_POINT ( 'NONE',  ( 0.04420546215707175236, 0.2344162402552940061, 0.07504919463379360056 ) ) ;
#3374 = CARTESIAN_POINT ( 'NONE',  ( 0.04394540159428463738, 0.2408372224391874816, 0.07821173202664281898 ) ) ;
#3375 = CARTESIAN_POINT ( 'NONE',  ( 0.04378334230424379969, 0.1072980537305578130, 0.08368108480506900038 ) ) ;
#3376 = EDGE_CURVE ( 'NONE', #2194, #3810, #3228, .T. ) ;
#3377 = CARTESIAN_POINT ( 'NONE',  ( 0.01976984703064574994, 0.2182267156988519918, 0.07938297685695509809 ) ) ;
#3378 = APPROVAL_ROLE ( '' ) ;
#3379 = EDGE_CURVE ( 'NONE', #3414, #3110, #1610, .T. ) ;
#3380 = ORIENTED_EDGE ( 'NONE', *, *, #2798, .F. ) ;
#3381 = CARTESIAN_POINT ( 'NONE',  ( 0.02452425530574739790, 0.2086315336011100030, 0.07467133712781820476 ) ) ;
#3382 = DIRECTION ( 'NONE',  ( 0.6162518570600098444, -0.7875490787295470474, 0.0003118690920650416172 ) ) ;
#3383 = CARTESIAN_POINT ( 'NONE',  ( 0.03640462345847075148, 0.2270140723132985094, 0.07667734973032379331 ) ) ;
#3384 = CARTESIAN_POINT ( 'NONE',  ( 0.04728544588668239651, 0.1391476224640744164, 0.08882499341112959357 ) ) ;
#3385 = ADVANCED_FACE ( 'NONE', ( #3411 ), #1749, .F. ) ;
#3386 = VERTEX_POINT ( 'NONE', #3766 ) ;
#3387 = CARTESIAN_POINT ( 'NONE',  ( 0.01498857755474687636, 0.1509054448170193963, 0.07507831936033609876 ) ) ;
#3388 = CARTESIAN_POINT ( 'NONE',  ( 0.01875779078382035919, 0.2665554586004310056, 0.08439884723801494015 ) ) ;
#3389 = CARTESIAN_POINT ( 'NONE',  ( 0.01257064212062959999, 0.1491871451753278288, 0.08173635643137144857 ) ) ;
#3390 = CARTESIAN_POINT ( 'NONE',  ( 0.03802002734656634991, 0.2302493798237990053, 0.07871155710569409381 ) ) ;
#3391 = EDGE_LOOP ( 'NONE', ( #838, #146, #3748, #3208 ) ) ;
#3392 = EDGE_CURVE ( 'NONE', #877, #1208, #641, .T. ) ;
#3393 = EDGE_LOOP ( 'NONE', ( #1752, #3046, #1684, #3724 ) ) ;
#3394 = DIRECTION ( 'NONE',  ( 0.9994165763531820401, -0.03415041871287100017, 0.0005057788251479999712 ) ) ;
#3395 = CARTESIAN_POINT ( 'NONE',  ( 0.02449300112558460557, 0.2179566157044928176, 0.07467161474182940073 ) ) ;
#3396 = CARTESIAN_POINT ( 'NONE',  ( 0.01793581040301960375, 0.2412610325342728346, 0.07799321846797872826 ) ) ;
#3397 = CARTESIAN_POINT ( 'NONE',  ( 0.04555172428157910902, 0.1436332080710811809, 0.08511197906954663661 ) ) ;
#3398 = UNCERTAINTY_MEASURE_WITH_UNIT (LENGTH_MEASURE( 1.000000000000000082E-05 ), #362, 'distance_accuracy_value', 'NONE');
#3399 = CARTESIAN_POINT ( 'NONE',  ( 0.02208325008618094998, 0.2040705813329959928, 0.07702712470431190284 ) ) ;
#3400 = CARTESIAN_POINT ( 'NONE',  ( 0.03414494353353944578, 0.1952516337328210061, 0.07667620616488300678 ) ) ;
#3401 = LINE ( 'NONE', #8, #3030 ) ;
#3402 = CARTESIAN_POINT ( 'NONE',  ( 0.03471979265979394796, 0.1543108962824094876, 0.07467649682501520392 ) ) ;
#3403 = CARTESIAN_POINT ( 'NONE',  ( 0.03148431643904753968, 0.2744915796616625991, 0.08467485667308465025 ) ) ;
#3404 = CARTESIAN_POINT ( 'NONE',  ( 0.03471979265979394796, 0.1543108962824094876, 0.07467649682501520392 ) ) ;
#3405 = CARTESIAN_POINT ( 'NONE',  ( 0.01577067595476160100, 0.1826595644676385077, 0.08253134794039049260 ) ) ;
#3406 = VERTEX_POINT ( 'NONE', #3086 ) ;
#3407 = APPROVAL ( #1504, 'UNSPECIFIED' ) ;
#3408 = CARTESIAN_POINT ( 'NONE',  ( 0.01217477271374841144, 0.1485576527669993929, 0.07586566540388312019 ) ) ;
#3409 = CARTESIAN_POINT ( 'NONE',  ( 0.01427402373765912676, 0.2597847118662466870, 0.08353407880274529851 ) ) ;
#3410 = CARTESIAN_POINT ( 'NONE',  ( 0.03156781198102810715, 0.1509828301372707904, 0.08197490532944876063 ) ) ;
#3411 = FACE_OUTER_BOUND ( 'NONE', #1658, .T. ) ;
#3412 = ORIENTED_EDGE ( 'NONE', *, *, #587, .F. ) ;
#3413 = CIRCLE ( 'NONE', #2282, 0.01799999999999999864 ) ;
#3414 = VERTEX_POINT ( 'NONE', #3728 ) ;
#3415 = LINE ( 'NONE', #1686, #4286 ) ;
#3416 = CARTESIAN_POINT ( 'NONE',  ( 0.09700100126927520272, 0.2506883406908679834, 0.08503991839468780234 ) ) ;
#3417 = AXIS2_PLACEMENT_3D ( 'NONE', #2464, #1182, #449 ) ;
#3418 = CARTESIAN_POINT ( 'NONE',  ( 0.01617943637108003319, 0.2434841871616264253, 0.07891586301188445451 ) ) ;
#3419 = DIRECTION ( 'NONE',  ( 0.6162518570600098444, -0.7875490787295470474, 0.0003118690920650416172 ) ) ;
#3420 = CARTESIAN_POINT ( 'NONE',  ( 0.02108255995078184980, 0.2344946593735254825, 0.07702661828097388808 ) ) ;
#3421 = DIRECTION ( 'NONE',  ( -0.6162518570600118428, 0.7875490787295457151, -0.0003118690920618394260 ) ) ;
#3422 = CARTESIAN_POINT ( 'NONE',  ( 0.01319681001933144075, 0.2404039079661339784, 0.08517547627643141939 ) ) ;
#3423 = CARTESIAN_POINT ( 'NONE',  ( 0.03006578168618585095, 0.2744651041499537869, 0.08467526374241465814 ) ) ;
#3424 = CARTESIAN_POINT ( 'NONE',  ( 0.04386870861367295205, 0.1854949258151609992, 0.08882326428895509496 ) ) ;
#3425 = CARTESIAN_POINT ( 'NONE',  ( 0.05002058254020850386, 0.2435450643761634948, 0.08606495349012779905 ) ) ;
#3426 = CARTESIAN_POINT ( 'NONE',  ( 0.009973877627326809339, 0.1503208170769639862, 0.08880611099352199445 ) ) ;
#3427 = CC_DESIGN_APPROVAL ( #3407, ( #3356 ) ) ;
#3428 = EDGE_LOOP ( 'NONE', ( #3536, #1274, #245, #1359 ) ) ;
#3429 = CARTESIAN_POINT ( 'NONE',  ( 0.04870589235858633487, 0.2401997396406046203, 0.08603115822445929484 ) ) ;
#3430 = EDGE_CURVE ( 'NONE', #752, #1429, #3160, .T. ) ;
#3431 = CARTESIAN_POINT ( 'NONE',  ( 0.007136946123114700641, 0.1402445951244191968, 0.07826295039539848952 ) ) ;
#3432 = DIRECTION ( 'NONE',  ( 0.0005060740159282030044, 3.480932718718385460E-16, -0.9999998719445369888 ) ) ;
#3433 = EDGE_CURVE ( 'NONE', #434, #964, #2602, .T. ) ;
#3434 = DIRECTION ( 'NONE',  ( 0.0005060740159282030044, 3.480932718718385460E-16, -0.9999998719445369888 ) ) ;
#3435 = ORIENTED_EDGE ( 'NONE', *, *, #2102, .F. ) ;
#3436 = VERTEX_POINT ( 'NONE', #3366 ) ;
#3437 = CARTESIAN_POINT ( 'NONE',  ( 0.01110907401391113269, 0.2470914077206597115, 0.08023041565590853519 ) ) ;
#3438 = EDGE_CURVE ( 'NONE', #3810, #2194, #2398, .T. ) ;
#3439 = CARTESIAN_POINT ( 'NONE',  ( 0.02052754827883547170, 0.2389547080113924304, 0.07696550560883104464 ) ) ;
#3440 = DIRECTION ( 'NONE',  ( -0.7875489778795833340, -0.6162519359744393910, -0.0003985581250137551273 ) ) ;
#3441 = CARTESIAN_POINT ( 'NONE',  ( 0.02212747513832384952, 0.2182793249527739954, 0.07702714708546670730 ) ) ;
#3442 = CARTESIAN_POINT ( 'NONE',  ( 0.02068494305952134696, 0.1540302254205353771, 0.07466939415140558256 ) ) ;
#3443 = B_SPLINE_CURVE_WITH_KNOTS ( 'NONE', 3,
 ( #1466, #3486, #1817, #3464, #423, #2828, #3507, #4091, #159, #1485, #3444, #832, #1795, #3819, #2166, #4168, #1136, #1155, #810, #3778, #2497 ),
 .UNSPECIFIED., .F., .F.,
 ( 4, 2, 2, 2, 1, 1, 1, 1, 1, 2, 2, 2, 4 ),
 ( 0.000000000000000000, 0.2500000000005997425, 0.3750000000009019452, 0.4375000000010522139, 0.4687500000011264878, 0.4843750000011666779, 0.4921875000011889378, 0.4960937500011980972, 0.4980468750012048140, 0.4990234375012072565, 0.5000000000012096990, 0.7500000000006048495, 1.000000000000000000 ),
 .UNSPECIFIED. ) ;
#3444 = CARTESIAN_POINT ( 'NONE',  ( 0.009333675132192045115, 0.1449858269586514203, 0.08499632839115478511 ) ) ;
#3445 = CIRCLE ( 'NONE', #224, 0.02100000000000000477 ) ;
#3446 = B_SPLINE_CURVE_WITH_KNOTS ( 'NONE', 3,
 ( #3804, #2107, #3425, #814 ),
 .UNSPECIFIED., .F., .F.,
 ( 4, 4 ),
 ( 0.5857864376269139584, 1.000000000000000000 ),
 .UNSPECIFIED. ) ;
#3447 = CARTESIAN_POINT ( 'NONE',  ( 0.01162330244546153947, 0.2448571369253320085, 0.08466480957051659983 ) ) ;
#3448 = CARTESIAN_POINT ( 'NONE',  ( 0.04483225299654768764, 0.1448827612947486687, 0.07665764893060039720 ) ) ;
#3449 = CARTESIAN_POINT ( 'NONE',  ( 0.04128943756339764626, 0.1595956729065615143, 0.08175089026937489012 ) ) ;
#3450 = CARTESIAN_POINT ( 'NONE',  ( 0.04875214921373249854, 0.1538314229771394759, 0.07368359810890329209 ) ) ;
#3451 = CARTESIAN_POINT ( 'NONE',  ( 0.03078442651009743319, 0.1334327669089237500, 0.09467550779944619577 ) ) ;
#3452 = ORIENTED_EDGE ( 'NONE', *, *, #4116, .F. ) ;
#3453 = CARTESIAN_POINT ( 'NONE',  ( 0.04240046325206297401, 0.1240980606850544954, 0.08130651237654798469 ) ) ;
#3454 = CYLINDRICAL_SURFACE ( 'NONE', #2659, 0.001499999999999998730 ) ;
#3455 = CARTESIAN_POINT ( 'NONE',  ( 0.03562197980332520303, 0.1533454330512380170, 0.07872433245807709812 ) ) ;
#3456 = CARTESIAN_POINT ( 'NONE',  ( 0.02435716048339039638, 0.2306237727959412342, 0.07370388962190364823 ) ) ;
#3457 = ORIENTED_EDGE ( 'NONE', *, *, #3887, .T. ) ;
#3458 = CARTESIAN_POINT ( 'NONE',  ( 0.01060586355829443508, 0.1408926220152229292, 0.07806858838164469627 ) ) ;
#3459 = ORIENTED_EDGE ( 'NONE', *, *, #2664, .F. ) ;
#3460 = CARTESIAN_POINT ( 'NONE',  ( 0.04344234411890884884, 0.1174655884157976005, 0.09068091313111409368 ) ) ;
#3461 = CARTESIAN_POINT ( 'NONE',  ( 0.02404313344509327252, 0.2369494058419142624, 0.07602431667856547615 ) ) ;
#3462 = CARTESIAN_POINT ( 'NONE',  ( 0.02631945615371281480, 0.1125730801880840404, 0.09467224819354957965 ) ) ;
#3463 = CARTESIAN_POINT ( 'NONE',  ( 0.02080456979321195290, 0.2366923992615019845, 0.07702647759736049038 ) ) ;
#3464 = CARTESIAN_POINT ( 'NONE',  ( 0.01056044671338013212, 0.1467331565213914613, 0.08350574537200390612 ) ) ;
#3465 = CARTESIAN_POINT ( 'NONE',  ( 0.01561331428933525854, 0.2366566278347873586, 0.08217323370880680322 ) ) ;
#3466 = CARTESIAN_POINT ( 'NONE',  ( 0.04038314504565362895, 0.1499426349178119289, 0.07512256336941620927 ) ) ;
#3467 = CARTESIAN_POINT ( 'NONE',  ( 0.04367260506256480379, 0.1743282531616419939, 0.08882316504603068874 ) ) ;
#3468 = CARTESIAN_POINT ( 'NONE',  ( 0.02390717512768660014, 0.2297942166355904925, 0.07667102509564829860 ) ) ;
#3469 = EDGE_CURVE ( 'NONE', #353, #1637, #2071, .T. ) ;
#3470 = EDGE_LOOP ( 'NONE', ( #3185, #4082, #4315, #1950 ) ) ;
#3471 = CARTESIAN_POINT ( 'NONE',  ( 0.03344241794910061960, 0.1167368487612696765, 0.08228058522078382508 ) ) ;
#3472 = CARTESIAN_POINT ( 'NONE',  ( 0.04909634760276336551, 0.2552068210405685211, 0.08290954975603785637 ) ) ;
#3473 = CARTESIAN_POINT ( 'NONE',  ( 0.03064290891042760132, 0.1544501348551859943, 0.07872181267935209059 ) ) ;
#3474 = CARTESIAN_POINT ( 'NONE',  ( 0.02244280432838141950, 0.2313968866887466946, 0.07377957610829224966 ) ) ;
#3475 = VERTEX_POINT ( 'NONE', #739 ) ;
#3476 = CARTESIAN_POINT ( 'NONE',  ( 0.02650320115178956062, 0.1515899953719739013, 0.07472289820004032745 ) ) ;
#3477 = ORIENTED_EDGE ( 'NONE', *, *, #270, .T. ) ;
#3478 = DIRECTION ( 'NONE',  ( -0.7875489778795833340, -0.6162519359744393910, -0.0003985581250134316556 ) ) ;
#3479 = AXIS2_PLACEMENT_3D ( 'NONE', #1589, #2932, #4268 ) ;
#3480 = CARTESIAN_POINT ( 'NONE',  ( 0.02050262349816050003, 0.2389729418456951193, 0.07697389211074909254 ) ) ;
#3481 = CIRCLE ( 'NONE', #3622, 0.003750000000000000295 ) ;
#3482 = PLANE ( 'NONE',  #3268 ) ;
#3483 = CARTESIAN_POINT ( 'NONE',  ( 0.01760510657741140225, 0.1660723815977515061, 0.07938188133792019319 ) ) ;
#3484 = PERSON_AND_ORGANIZATION_ROLE ( 'creator' ) ;
#3485 = EDGE_CURVE ( 'NONE', #3874, #1724, #790, .T. ) ;
#3486 = CARTESIAN_POINT ( 'NONE',  ( 0.01193560497561422379, 0.1483269368523571774, 0.08217398556738611526 ) ) ;
#3487 = CIRCLE ( 'NONE', #2439, 0.01799999999999999864 ) ;
#3488 = CARTESIAN_POINT ( 'NONE',  ( 0.01323933177625579057, 0.2403189065798774782, 0.08510610329426440690 ) ) ;
#3489 = CARTESIAN_POINT ( 'NONE',  ( 0.04471405495031002819, 0.1450703517685739963, 0.07660332808140876693 ) ) ;
#3490 = DIRECTION ( 'NONE',  ( -0.6162518570600122869, 0.7875490787295454931, -0.0003118690920604168986 ) ) ;
#3491 = AXIS2_PLACEMENT_3D ( 'NONE', #218, #565, #2250 ) ;
#3492 = CARTESIAN_POINT ( 'NONE',  ( 0.01153514294236101904, 0.09376579784602909196, 0.08466476495527709700 ) ) ;
#3493 = ORIENTED_EDGE ( 'NONE', *, *, #1821, .F. ) ;
#3494 = CARTESIAN_POINT ( 'NONE',  ( 0.03615322697734443813, 0.1180252886042199717, 0.08213310589573274978 ) ) ;
#3495 = CARTESIAN_POINT ( 'NONE',  ( 0.03862162401830204761, 0.2698621974569987980, 0.08463864958011914352 ) ) ;
#3496 = CARTESIAN_POINT ( 'NONE',  ( 0.02510358770987460714, 0.1546394508290909742, 0.07667163056904599538 ) ) ;
#3497 = CARTESIAN_POINT ( 'NONE',  ( 0.01889932188259657586, 0.2335271877420037612, 0.07425921934267236402 ) ) ;
#3498 = B_SPLINE_CURVE_WITH_KNOTS ( 'NONE', 3,
 ( #201, #4255, #1552, #591, #1623, #2962, #242, #3240, #1530, #1947, #3882, #2546, #4235, #1968, #4213, #2296, #2942, #896, #2207, #3548, #1885, #568, #3595, #2565, #3930, #2587, #1199, #3217, #3641, #2630, #221, #264, #3908, #2231, #3573, #1905, #3973, #3951, #1576, #2915, #635, #1247, #918, #961, #1925, #3262, #1601, #4277, #940, #1266, #2610, #2273, #3616, #614, #3736 ),
 .UNSPECIFIED., .F., .F.,
 ( 4, 2, 2, 2, 2, 2, 2, 2, 2, 1, 1, 1, 1, 1, 2, 2, 2, 2, 2, 1, 1, 2, 2, 2, 2, 1, 1, 1, 1, 2, 2, 2, 4 ),
 ( 0.000000000000000000, 0.06249999999962066455, 0.09374999999943110784, 0.1093749999993362809, 0.1171874999992898320, 0.1249999999992433830, 0.1874999999988698485, 0.2187499999986830812, 0.2343749999985907384, 0.2421874999985442478, 0.2460937499985211274, 0.2480468749985093591, 0.2490234374985027255, 0.2495117187484999499, 0.2497558593734982013, 0.2499999999984964805, 0.2812499999986902699, 0.2968749999987870813, 0.3046874999988348209, 0.3085937499988583577, 0.3105468749988693489, 0.3115234374988745669, 0.3124999999988797850, 0.3437499999990268340, 0.3593749999991004973, 0.3671874999991371347, 0.3710937499991559529, 0.3730468749991656119, 0.3740234374991706634, 0.3745117187491737165, 0.3749999999991768251, 0.4374999999995883848, 0.5000000000000000000 ),
 .UNSPECIFIED. ) ;
#3499 = EDGE_LOOP ( 'NONE', ( #3538, #2776, #3036, #4083 ) ) ;
#3500 = CARTESIAN_POINT ( 'NONE',  ( 0.01736419801085803058, 0.1487351894214918591, 0.07575518520942801926 ) ) ;
#3501 = EDGE_LOOP ( 'NONE', ( #1824, #4063, #2658, #2590 ) ) ;
#3502 = CARTESIAN_POINT ( 'NONE',  ( 0.03871705025163130198, 0.1137680767999510040, 0.09067852178236410210 ) ) ;
#3503 = CARTESIAN_POINT ( 'NONE',  ( 0.01349233408172243256, 0.2398506741311033919, 0.07727353582476073623 ) ) ;
#3504 = CYLINDRICAL_SURFACE ( 'NONE', #1244, 0.01799999999999999864 ) ;
#3505 = CARTESIAN_POINT ( 'NONE',  ( 0.02144280982130034735, 0.1869653848084769920, 0.07702680059409511282 ) ) ;
#3506 = COORDINATED_UNIVERSAL_TIME_OFFSET ( 2, 0, .AHEAD. ) ;
#3507 = CARTESIAN_POINT ( 'NONE',  ( 0.009777413344409516954, 0.1456630728170180966, 0.08441659289619675433 ) ) ;
#3508 = CARTESIAN_POINT ( 'NONE',  ( 0.04743031404608962637, 0.1285174268855063529, 0.08053679673849797882 ) ) ;
#3509 = CARTESIAN_POINT ( 'NONE',  ( 0.03526657432419135624, 0.1529927996249151323, 0.07413947607031858011 ) ) ;
#3510 = ADVANCED_FACE ( 'NONE', ( #1347 ), #2245, .F. ) ;
#3511 = CARTESIAN_POINT ( 'NONE',  ( 0.03032655689562374982, 0.2295748640848729871, 0.07667427377837540692 ) ) ;
#3512 = DIRECTION ( 'NONE',  ( 0.7875489778795837781, 0.6162519359744388359, 0.0003985581250134319267 ) ) ;
#3513 = ORIENTED_EDGE ( 'NONE', *, *, #2984, .T. ) ;
#3514 = CARTESIAN_POINT ( 'NONE',  ( 0.03481868997918106945, 0.1173241710050938053, 0.08221431118010882888 ) ) ;
#3515 = CARTESIAN_POINT ( 'NONE',  ( 0.04516088984574481019, 0.2647939806248492123, 0.08433908671747333829 ) ) ;
#3516 = CARTESIAN_POINT ( 'NONE',  ( 0.03000104582825365018, 0.2295860272631405075, 0.07434077541353170671 ) ) ;
#3517 = CARTESIAN_POINT ( 'NONE',  ( 0.02610146318449206929, 0.2301190295425220300, 0.07367842106362301746 ) ) ;
#3518 = VERTEX_POINT ( 'NONE', #1434 ) ;
#3519 = CARTESIAN_POINT ( 'NONE',  ( 0.01851644031071457766, 0.1494224763607635287, 0.07552470823085812024 ) ) ;
#3520 = FACE_OUTER_BOUND ( 'NONE', #709, .T. ) ;
#3521 = CARTESIAN_POINT ( 'NONE',  ( 0.03690261410380060031, 0.2303687703243920137, 0.07667760175048179971 ) ) ;
#3522 = CARTESIAN_POINT ( 'NONE',  ( 0.01358310179973836428, 0.2495187445079778132, 0.08106184477244228470 ) ) ;
#3523 = CARTESIAN_POINT ( 'NONE',  ( 0.02700695993202679307, 0.2359721389448677653, 0.08163454271947157004 ) ) ;
#3524 = DATE_AND_TIME ( #2808, #2867 ) ;
#3525 = CARTESIAN_POINT ( 'NONE',  ( 0.04665431378616610031, 0.1133582125825930015, 0.09468253913793280019 ) ) ;
#3526 = CARTESIAN_POINT ( 'NONE',  ( 0.04912719939406665071, 0.2528761279623393254, 0.08868378983291076711 ) ) ;
#3527 = LINE ( 'NONE', #523, #817 ) ;
#3528 = CARTESIAN_POINT ( 'NONE',  ( 0.03469576846165610406, 0.1532181947886628315, 0.07406649450227255349 ) ) ;
#3529 = CARTESIAN_POINT ( 'NONE',  ( 0.01746135396836739906, 0.2098185871851430129, 0.08173883149441450724 ) ) ;
#3530 = CARTESIAN_POINT ( 'NONE',  ( 0.03793547875998859453, 0.1471594550671821988, 0.07703514710639090823 ) ) ;
#3531 = ORIENTED_EDGE ( 'NONE', *, *, #3251, .T. ) ;
#3532 = CARTESIAN_POINT ( 'NONE',  ( 0.03856779394061962685, 0.1196881761258643817, 0.08193048389605721293 ) ) ;
#3533 = CARTESIAN_POINT ( 'NONE',  ( 0.03536413446200916549, 0.2177155158136962199, 0.07467723554920338569 ) ) ;
#3534 = CARTESIAN_POINT ( 'NONE',  ( 0.04729055458093840009, 0.1391476224640769976, 0.07873023762133110615 ) ) ;
#3535 = CARTESIAN_POINT ( 'NONE',  ( 0.02245854909100384461, 0.2313895662029923084, 0.07377862264168220940 ) ) ;
#3536 = ORIENTED_EDGE ( 'NONE', *, *, #3433, .T. ) ;
#3537 = CARTESIAN_POINT ( 'NONE',  ( 0.01276013525958437714, 0.1445315845875361216, 0.07706260130638475925 ) ) ;
#3538 = ORIENTED_EDGE ( 'NONE', *, *, #4298, .F. ) ;
#3539 = CARTESIAN_POINT ( 'NONE',  ( 0.05104975338341100066, 0.2468070713538489946, 0.08061434810124250283 ) ) ;
#3540 = B_SPLINE_SURFACE_WITH_KNOTS ( 'NONE', 3, 1, ( 
 ( #2585, #3006 ),
 ( #2981, #3109 ),
 ( #657, #982 ),
 ( #111, #678 ) ),
 .UNSPECIFIED., .F., .F., .F.,
 ( 4, 4 ),
 ( 2, 2 ),
 ( 4.414025841351359780, 4.550289162584340019 ),
 ( 0.000000000000000000, 0.2000000000000000111 ),
 .UNSPECIFIED. ) ;
#3541 = CARTESIAN_POINT ( 'NONE',  ( 0.01082751902081754113, 0.2481815991924860021, 0.07366440543654119433 ) ) ;
#3542 = CARTESIAN_POINT ( 'NONE',  ( 0.02867547037638332533, 0.2356603211621838001, 0.08072525611668089629 ) ) ;
#3543 = SHAPE_DEFINITION_REPRESENTATION ( #4215, #3898 ) ;
#3544 = CARTESIAN_POINT ( 'NONE',  ( 0.02362178206015560014, 0.1546898746827954918, 0.08881301784421180567 ) ) ;
#3545 = AXIS2_PLACEMENT_3D ( 'NONE', #4289, #1654, #2262 ) ;
#3546 = DIRECTION ( 'NONE',  ( 0.6162518570600122869, -0.7875490787295454931, 0.0003118690920604168986 ) ) ;
#3547 = CARTESIAN_POINT ( 'NONE',  ( 0.04869625739545948434, 0.2495123694475499809, 0.08144401219259518598 ) ) ;
#3548 = CARTESIAN_POINT ( 'NONE',  ( 0.02271735332472664404, 0.1510336755423756505, 0.08319292651918976100 ) ) ;
#3549 = CARTESIAN_POINT ( 'NONE',  ( 0.01713643989097834996, 0.1966970448802135008, 0.08173866706382269809 ) ) ;
#3550 = CARTESIAN_POINT ( 'NONE',  ( 0.03560456242799425047, 0.1468176641516232006, 0.07467694458406229363 ) ) ;
#3551 = CIRCLE ( 'NONE', #3199, 0.002999999999999996159 ) ;
#3552 = VERTEX_POINT ( 'NONE', #3280 ) ;
#3553 = AXIS2_PLACEMENT_3D ( 'NONE', #650, #1614, #1960 ) ;
#3554 = CARTESIAN_POINT ( 'NONE',  ( 0.04422520875629680492, 0.2316027067067467637, 0.08175237598708261222 ) ) ;
#3555 = CARTESIAN_POINT ( 'NONE',  ( 0.03466611097008543557, 0.2078881405932126447, 0.07467683093376363546 ) ) ;
#3556 = CARTESIAN_POINT ( 'NONE',  ( 0.01081689146648304005, 0.2481815991924860021, 0.09466440274737650262 ) ) ;
#3557 = CARTESIAN_POINT ( 'NONE',  ( 0.01134275560744284032, 0.1213506083458665979, 0.07706466661981180299 ) ) ;
#3558 = VERTEX_POINT ( 'NONE', #3924 ) ;
#3559 = EDGE_CURVE ( 'NONE', #2884, #1566, #3372, .T. ) ;
#3560 = CARTESIAN_POINT ( 'NONE',  ( 0.01705907531050137108, 0.1485372199186121289, 0.07582074902044785847 ) ) ;
#3561 = EDGE_CURVE ( 'NONE', #1429, #4077, #576, .T. ) ;
#3562 = EDGE_LOOP ( 'NONE', ( #781, #1100, #3785, #3243 ) ) ;
#3563 = CARTESIAN_POINT ( 'NONE',  ( 0.05213583978283052589, 0.2541330341084833133, 0.08268949285643502345 ) ) ;
#3564 = CARTESIAN_POINT ( 'NONE',  ( 0.05002394612907019866, 0.2435450643761634948, 0.07941851774124929209 ) ) ;
#3565 = EDGE_CURVE ( 'NONE', #4266, #3895, #3800, .T. ) ;
#3566 = CARTESIAN_POINT ( 'NONE',  ( 0.01338291869711023471, 0.2505520115286757332, 0.08137644595692443417 ) ) ;
#3567 = CARTESIAN_POINT ( 'NONE',  ( 0.05104263271266790136, 0.2468070713538489946, 0.09468475995239949983 ) ) ;
#3568 = CARTESIAN_POINT ( 'NONE',  ( 0.02685268092709703833, 0.2360093163710948738, 0.08176137849323876494 ) ) ;
#3569 = FACE_OUTER_BOUND ( 'NONE', #888, .T. ) ;
#3570 = EDGE_CURVE ( 'NONE', #2401, #1187, #93, .T. ) ;
#3571 = DIRECTION ( 'NONE',  ( -0.0005060740159282030044, -3.480932718718385460E-16, 0.9999998719445369888 ) ) ;
#3572 = CARTESIAN_POINT ( 'NONE',  ( 0.04752395219580440172, 0.1289125486409184174, 0.08046349848590410303 ) ) ;
#3573 = CARTESIAN_POINT ( 'NONE',  ( 0.02363534938194387577, 0.1512353581973663597, 0.08204909586748371231 ) ) ;
#3574 = CARTESIAN_POINT ( 'NONE',  ( 0.01742701463510224966, 0.2174618238306164908, 0.08173881411616990000 ) ) ;
#3575 = EDGE_CURVE ( 'NONE', #3791, #1850, #2955, .T. ) ;
#3576 = CARTESIAN_POINT ( 'NONE',  ( 0.03751150043583995064, 0.1500518204241525211, 0.07703493254195030449 ) ) ;
#3577 = VERTEX_POINT ( 'NONE', #257 ) ;
#3578 = EDGE_CURVE ( 'NONE', #3895, #4266, #1192, .T. ) ;
#3579 = CARTESIAN_POINT ( 'NONE',  ( 0.01842430395490832207, 0.1177096947323303805, 0.08222532369009682984 ) ) ;
#3580 = CARTESIAN_POINT ( 'NONE',  ( 0.03382142934231976289, 0.1773247190635147408, 0.07467629917811970108 ) ) ;
#3581 = DIRECTION ( 'NONE',  ( -0.9994165763531819291, 0.03415041871287127079, -0.0005057788251457607685 ) ) ;
#3582 = FACE_OUTER_BOUND ( 'NONE', #4064, .T. ) ;
#3583 = ORIENTED_EDGE ( 'NONE', *, *, #2330, .F. ) ;
#3584 = AXIS2_PLACEMENT_3D ( 'NONE', #1324, #3434, #2998 ) ;
#3585 = CARTESIAN_POINT ( 'NONE',  ( 0.02630388925011059933, 0.1545984879781332200, 0.07367223762637811757 ) ) ;
#3586 = CYLINDRICAL_SURFACE ( 'NONE', #609, 0.001499999999999998730 ) ;
#3587 = CARTESIAN_POINT ( 'NONE',  ( 0.05196248006776466727, 0.2563305842537692558, 0.08315932872262236930 ) ) ;
#3588 = CARTESIAN_POINT ( 'NONE',  ( 0.04838378614081146473, 0.2395569886062969278, 0.07771735926038604581 ) ) ;
#3589 = DIRECTION ( 'NONE',  ( -0.6162518570600118428, 0.7875490787295457151, -0.0003118690920618394260 ) ) ;
#3590 = CARTESIAN_POINT ( 'NONE',  ( 0.006138958507917331373, 0.1315234549944385434, 0.08021623533416788465 ) ) ;
#3591 = CARTESIAN_POINT ( 'NONE',  ( 0.02659774277156099626, 0.2360736641942746961, 0.08198997185345290040 ) ) ;
#3592 = CARTESIAN_POINT ( 'NONE',  ( 0.02755392490981899839, 0.2296696579184449860, 0.07366491789784458677 ) ) ;
#3593 = CARTESIAN_POINT ( 'NONE',  ( 0.03065442964173485316, 0.2295637009066055223, 0.07434110607414440297 ) ) ;
#3594 = CARTESIAN_POINT ( 'NONE',  ( 0.04866816469818587704, 0.2493906012637878422, 0.08140740925996961530 ) ) ;
#3595 = CARTESIAN_POINT ( 'NONE',  ( 0.02277309989722301961, 0.1510473045221776833, 0.08310392975015307160 ) ) ;
#3596 = CARTESIAN_POINT ( 'NONE',  ( 0.01738815650809075186, 0.2050773488766814978, 0.08173879445107759545 ) ) ;
#3597 = CARTESIAN_POINT ( 'NONE',  ( 0.03633682713188730179, 0.1665716952695435182, 0.07703433807023779556 ) ) ;
#3598 = B_SPLINE_CURVE_WITH_KNOTS ( 'NONE', 3,
 ( #1761, #2766, #2145, #3154, #4111, #1095, #3176, #505, #4191, #1884, #3572, #3508, #1507, #3881, #3216, #4234, #4212, #3863, #2545, #2252, #4254, #854, #2184, #2499, #2586, #1904, #3843, #3195, #1600, #2206, #179, #2941, #220, #1246 ),
 .UNSPECIFIED., .F., .F.,
 ( 4, 2, 2, 2, 2, 2, 1, 1, 2, 2, 2, 2, 2, 2, 2, 2, 2, 4 ),
 ( 0.000000000000000000, 0.06248144744059581229, 0.09372217116089366640, 0.1093425330210430479, 0.1249628948811924295, 0.1327730758112671272, 0.1405832567413418388, 0.1562036186014912897, 0.1874443423217901639, 0.2030647041819396426, 0.2186850660420891213, 0.2499257897623880786, 0.2811665134826870638, 0.3124072372029860212, 0.3748886846435839360, 0.4061294083638828933, 0.4373701320841818507, 0.4998515795247798210 ),
 .UNSPECIFIED. ) ;
#3599 = B_SPLINE_CURVE_WITH_KNOTS ( 'NONE', 3,
 ( #2636, #3223, #208, #3292, #3980, #4222, #2552, #552, #2902, #228, #4241, #4075, #665, #2025, #1078, #1061, #389, #4329, #2353 ),
 .UNSPECIFIED., .F., .F.,
 ( 4, 3, 2, 2, 2, 2, 2, 2, 4 ),
 ( 3.078552133992189965, 3.324396020762519832, 3.421024296041510038, 3.483541925398740080, 3.506904248014270031, 3.530266570629800427, 3.579550852423929896, 3.596437337723779937, 3.603196975243109890 ),
 .UNSPECIFIED. ) ;
#3600 = ORIENTED_EDGE ( 'NONE', *, *, #1056, .F. ) ;
#3601 = CARTESIAN_POINT ( 'NONE',  ( 0.01351663319156196086, 0.09123352017028370231, 0.08466576773613340712 ) ) ;
#3602 = CARTESIAN_POINT ( 'NONE',  ( 0.002545494747898174957, 0.1265934152251882161, 0.09466021680788570813 ) ) ;
#3603 = CARTESIAN_POINT ( 'NONE',  ( -0.02686373012217544917, 0.1360541775780636231, 0.08099845799977939409 ) ) ;
#3604 = ORIENTED_EDGE ( 'NONE', *, *, #3976, .F. ) ;
#3605 = CARTESIAN_POINT ( 'NONE',  ( 0.02354825631995511800, 0.1543340547148253916, 0.07379900476991731184 ) ) ;
#3606 = DIRECTION ( 'NONE',  ( -0.7875489778795837781, -0.6162519359744388359, -0.0003985581250137553984 ) ) ;
#3607 = CARTESIAN_POINT ( 'NONE',  ( 0.05157292373279993847, 0.2485425364139807469, 0.08118795238795507851 ) ) ;
#3608 = DIRECTION ( 'NONE',  ( -0.9994165763531820401, 0.03415041871287100017, -0.0005057788251479999712 ) ) ;
#3609 = CARTESIAN_POINT ( 'NONE',  ( 0.01964570760792884105, 0.2329861315660851639, 0.07861306465314507608 ) ) ;
#3610 = CARTESIAN_POINT ( 'NONE',  ( 0.03630327321919259859, 0.2362474019120089919, 0.08613799068433235229 ) ) ;
#3611 = CARTESIAN_POINT ( 'NONE',  ( 0.02679206079497959900, 0.1263150598726759943, 0.08867248659817610068 ) ) ;
#3612 = CARTESIAN_POINT ( 'NONE',  ( 0.02757919123646171075, 0.2358463064686616983, 0.08123839917774777764 ) ) ;
#3613 = CARTESIAN_POINT ( 'NONE',  ( 0.01048122363578879966, 0.1473649067916709965, 0.07366423018542260504 ) ) ;
#3614 = DIRECTION ( 'NONE',  ( -0.0005060740159284580087, -5.474783808149579717E-16, 0.9999998719445369888 ) ) ;
#3615 = CARTESIAN_POINT ( 'NONE',  ( 0.04367955180240180868, 0.2405741218233860279, 0.07809170603017050183 ) ) ;
#3616 = CARTESIAN_POINT ( 'NONE',  ( 0.02674875230590220004, 0.1515631862523194318, 0.08047405641316374147 ) ) ;
#3617 = CARTESIAN_POINT ( 'NONE',  ( 0.01746356143254990112, 0.2100887556965045089, 0.08173883261155490132 ) ) ;
#3618 = CARTESIAN_POINT ( 'NONE',  ( 0.03988527499675595389, 0.2152707679089569948, 0.07939315675371778902 ) ) ;
#3619 = VECTOR ( 'NONE', #3121, 1.000000000000000000 ) ;
#3620 = ORIENTED_EDGE ( 'NONE', *, *, #2921, .F. ) ;
#3621 = CARTESIAN_POINT ( 'NONE',  ( 0.01036731033635106443, 0.1267609717633720046, 0.08104110768018840671 ) ) ;
#3622 = AXIS2_PLACEMENT_3D ( 'NONE', #1173, #4107, #4128 ) ;
#3623 = CARTESIAN_POINT ( 'NONE',  ( 0.005355963393194330437, 0.2690798827808739691, 0.09466163911322189595 ) ) ;
#3624 = CARTESIAN_POINT ( 'NONE',  ( 0.01784557865266789972, 0.1407196381808669960, 0.07706795753000660054 ) ) ;
#3625 = B_SPLINE_CURVE_WITH_KNOTS ( 'NONE', 3,
 ( #4314, #628, #1979, #1936 ),
 .UNSPECIFIED., .F., .F.,
 ( 4, 4 ),
 ( 0.000000000000000000, 1.000000000000000000 ),
 .UNSPECIFIED. ) ;
#3626 = ORIENTED_EDGE ( 'NONE', *, *, #3705, .T. ) ;
#3627 = AXIS2_PLACEMENT_3D ( 'NONE', #933, #2264, #3608 ) ;
#3628 = CARTESIAN_POINT ( 'NONE',  ( 0.03753377463324346353, 0.1481900318230089941, 0.07571977568233269340 ) ) ;
#3629 = CYLINDRICAL_SURFACE ( 'NONE', #2432, 0.01799999999999999864 ) ;
#3630 = CARTESIAN_POINT ( 'NONE',  ( 0.04973839006946746688, 0.2632454002774152202, 0.08420043976035426758 ) ) ;
#3631 = DIRECTION ( 'NONE',  ( 0.0005060740159282030044, 3.480932718718385460E-16, -0.9999998719445369888 ) ) ;
#3632 = ADVANCED_FACE ( 'NONE', ( #283 ), #1595, .F. ) ;
#3633 = ORIENTED_EDGE ( 'NONE', *, *, #2473, .F. ) ;
#3634 = CARTESIAN_POINT ( 'NONE',  ( 0.03629884121589319057, 0.2362458066747089858, 0.08642311929442096641 ) ) ;
#3635 = CARTESIAN_POINT ( 'NONE',  ( 0.01174689609242101675, 0.1191485380400754274, 0.08208881436208705085 ) ) ;
#3636 = CARTESIAN_POINT ( 'NONE',  ( 0.02444077654069863950, 0.2034698549238292686, 0.07467167082205813933 ) ) ;
#3637 = CARTESIAN_POINT ( 'NONE',  ( 0.03810434091268284640, 0.1145556258786804005, 0.08367821080966030001 ) ) ;
#3638 = APPROVAL_PERSON_ORGANIZATION ( #3716, #2088, #3378 ) ;
#3639 = CARTESIAN_POINT ( 'NONE',  ( 0.009072954545174783184, 0.1347078053907432293, 0.07954651698508589941 ) ) ;
#3640 = CARTESIAN_POINT ( 'NONE',  ( 0.03765759095085081942, 0.2367106693157267350, 0.07614781710515873547 ) ) ;
#3641 = CARTESIAN_POINT ( 'NONE',  ( 0.02316509038104062196, 0.1511391682843692130, 0.08255891016363701984 ) ) ;
#3642 = CARTESIAN_POINT ( 'NONE',  ( 0.01982112620287760155, 0.2099979167696545135, 0.07938300280801310893 ) ) ;
#3643 = PRODUCT_DEFINITION ( 'UNKNOWN', '', #2228, #1380 ) ;
#3644 = VERTEX_POINT ( 'NONE', #1261 ) ;
#3645 = CARTESIAN_POINT ( 'NONE',  ( 0.02450538440233479900, 0.2072754927113694967, 0.07467132757774319618 ) ) ;
#3646 = CARTESIAN_POINT ( 'NONE',  ( 0.01386531303832979831, 0.1212992301123028555, 0.08181944069687471788 ) ) ;
#3647 = CARTESIAN_POINT ( 'NONE',  ( 0.04097858203567979890, 0.1237552701595739935, 0.07427966418487290390 ) ) ;
#3648 = CARTESIAN_POINT ( 'NONE',  ( -0.02761309015460050240, 0.1141487421211602044, 0.08266528365402449341 ) ) ;
#3649 = ORIENTED_EDGE ( 'NONE', *, *, #1818, .F. ) ;
#3650 = CARTESIAN_POINT ( 'NONE',  ( 0.04238526069406729074, 0.1429783698529857039, 0.07722962520148768384 ) ) ;
#3651 = EDGE_CURVE ( 'NONE', #2033, #1415, #3928, .T. ) ;
#3652 = CARTESIAN_POINT ( 'NONE',  ( 0.04193306851101599730, 0.1096607009667464050, 0.08668014881362640089 ) ) ;
#3653 = CARTESIAN_POINT ( 'NONE',  ( 0.02470885415621506404, 0.2703028652509286145, 0.08463022599856004358 ) ) ;
#3654 = DIRECTION ( 'NONE',  ( 0.9994165763531819291, -0.03415041871287124303, 0.0005057788251480732633 ) ) ;
#3655 = VECTOR ( 'NONE', #1150, 1.000000000000000000 ) ;
#3656 = ORIENTED_EDGE ( 'NONE', *, *, #198, .F. ) ;
#3657 = CARTESIAN_POINT ( 'NONE',  ( 0.03238349399450985572, 0.2355290589444473115, 0.08071084968275046845 ) ) ;
#3658 = DIRECTION ( 'NONE',  ( -0.9994165763531819291, 0.03415041871287127079, -0.0005057788251457607685 ) ) ;
#3659 = CARTESIAN_POINT ( 'NONE',  ( 0.02450688871298836724, 0.2172339868454633283, 0.07467163355708293648 ) ) ;
#3660 = CARTESIAN_POINT ( 'NONE',  ( 0.02443244696187560003, 0.2203080142332639879, 0.07467129066599789700 ) ) ;
#3661 = DIRECTION ( 'NONE',  ( -0.0005060740159282030044, -3.480932718718385460E-16, 0.9999998719445369888 ) ) ;
#3662 = CARTESIAN_POINT ( 'NONE',  ( 0.04755994219102396142, 0.2461118867784632402, 0.08033253035073407988 ) ) ;
#3663 = CARTESIAN_POINT ( 'NONE',  ( 0.04463394332141254472, 0.1452303068980876077, 0.08380137653731015157 ) ) ;
#3664 = CARTESIAN_POINT ( 'NONE',  ( 0.01413024221291324031, 0.1573778445016665029, 0.08173714570509710287 ) ) ;
#3665 = CARTESIAN_POINT ( 'NONE',  ( 0.03386933932131867137, 0.1832902115914562813, 0.07467634210187928945 ) ) ;
#3666 = DIRECTION ( 'NONE',  ( 0.0005060740159282030044, 3.480932718718385460E-16, -0.9999998719445369888 ) ) ;
#3667 = ORIENTED_EDGE ( 'NONE', *, *, #652, .T. ) ;
#3668 = CARTESIAN_POINT ( 'NONE',  ( 0.02449643452294170132, 0.2177969480751119902, 0.07467132304844369128 ) ) ;
#3669 = CARTESIAN_POINT ( 'NONE',  ( 0.02647597390604916265, 0.2739712748815924526, 0.08468040581275976253 ) ) ;
#3670 = CARTESIAN_POINT ( 'NONE',  ( 0.03420430421880660266, 0.1971627479674739891, 0.07667623620578720156 ) ) ;
#3671 = CARTESIAN_POINT ( 'NONE',  ( 0.01585565489554340013, 0.2356334954576974894, 0.08253139094602980619 ) ) ;
#3672 = EDGE_LOOP ( 'NONE', ( #15, #3531, #2350, #3761, #3912, #3380 ) ) ;
#3673 = CARTESIAN_POINT ( 'NONE',  ( 0.04480385369683203417, 0.1364950227427390306, 0.07888424516949288368 ) ) ;
#3674 = CARTESIAN_POINT ( 'NONE',  ( 0.03690362625182514594, 0.2303687703243899876, 0.07467760200659279146 ) ) ;
#3675 = CARTESIAN_POINT ( 'NONE',  ( 0.03166275497844078801, 0.2714834599650564062, 0.08467128747331739702 ) ) ;
#3676 = CARTESIAN_POINT ( 'NONE',  ( 0.02950992667959558696, 0.1513913453160225797, 0.08072567841344110984 ) ) ;
#3677 = CARTESIAN_POINT ( 'NONE',  ( 0.05034699076168859533, 0.2446193575838135070, 0.07983120581587579978 ) ) ;
#3678 = ORIENTED_EDGE ( 'NONE', *, *, #1372, .F. ) ;
#3679 = CARTESIAN_POINT ( 'NONE',  ( 0.04850306935734609998, 0.1109955653464043956, 0.09468347474520900919 ) ) ;
#3680 = CARTESIAN_POINT ( 'NONE',  ( 0.03065476702441214882, 0.2295637009066055223, 0.07367443949284810389 ) ) ;
#3681 = CARTESIAN_POINT ( 'NONE',  ( 0.02388811429859624344, 0.1887827444548870748, 0.07467141765501064676 ) ) ;
#3682 = CARTESIAN_POINT ( 'NONE',  ( 0.02824389180279854999, 0.2296460294894115128, 0.07667321979555299927 ) ) ;
#3683 = CARTESIAN_POINT ( 'NONE',  ( 0.02528989898028022668, 0.1263662855007453012, 0.09467272716147748235 ) ) ;
#3684 = CARTESIAN_POINT ( 'NONE',  ( 0.03972934518301637213, 0.2376592996408878333, 0.07666344145057397974 ) ) ;
#3685 = DIRECTION ( 'NONE',  ( 0.0005060740159282030044, 3.480932718718385460E-16, -0.9999998719445369888 ) ) ;
#3686 = CARTESIAN_POINT ( 'NONE',  ( 0.01982801045524515068, 0.2110256322729995027, 0.07938300629195499392 ) ) ;
#3687 = CARTESIAN_POINT ( 'NONE',  ( 0.03475738585974696981, 0.2094815188559960017, 0.07467688490801994983 ) ) ;
#3688 = CARTESIAN_POINT ( 'NONE',  ( 0.03537843394907334849, 0.2179160979237144968, 0.07467683014630019378 ) ) ;
#3689 = ORIENTED_EDGE ( 'NONE', *, *, #3719, .F. ) ;
#3690 = B_SPLINE_CURVE_WITH_KNOTS ( 'NONE', 3,
 ( #789, #3094, #385, #3777 ),
 .UNSPECIFIED., .F., .F.,
 ( 4, 4 ),
 ( -1.526572472541420034, -1.000000000000000000 ),
 .UNSPECIFIED. ) ;
#3691 = CARTESIAN_POINT ( 'NONE',  ( 0.02453884298036489858, 0.2101422674855510098, 0.07467134451026180564 ) ) ;
#3692 = CARTESIAN_POINT ( 'NONE',  ( 0.02526020570477835112, 0.2736520068081360058, 0.08468180658216396817 ) ) ;
#3693 = FACE_OUTER_BOUND ( 'NONE', #1141, .T. ) ;
#3694 = CARTESIAN_POINT ( 'NONE',  ( 0.01363653735491297987, 0.1827708273616459878, 0.08731196787739670118 ) ) ;
#3695 = ORIENTED_EDGE ( 'NONE', *, *, #3020, .T. ) ;
#3696 = VECTOR ( 'NONE', #3589, 1.000000000000000000 ) ;
#3697 = CARTESIAN_POINT ( 'NONE',  ( 0.02104411249221275343, 0.1537747154985081577, 0.07402646356476784428 ) ) ;
#3698 = CARTESIAN_POINT ( 'NONE',  ( 0.02738685190821536775, 0.2536188995693442472, 0.09467378837500289857 ) ) ;
#3699 = CARTESIAN_POINT ( 'NONE',  ( 0.01710230561721156825, 0.2647743169005858377, 0.08422835550210183708 ) ) ;
#3700 = CARTESIAN_POINT ( 'NONE',  ( 0.03248049643639521616, 0.1507198591197609072, 0.08308487676220505103 ) ) ;
#3701 = CARTESIAN_POINT ( 'NONE',  ( 0.03065477764357094764, 0.2295637009066055223, 0.07365345608508860886 ) ) ;
#3702 = AXIS2_PLACEMENT_3D ( 'NONE', #311, #3352, #52 ) ;
#3703 = ORIENTED_EDGE ( 'NONE', *, *, #3189, .T. ) ;
#3704 = EDGE_CURVE ( 'NONE', #3577, #3558, #4272, .T. ) ;
#3705 = EDGE_CURVE ( 'NONE', #3436, #3810, #378, .T. ) ;
#3706 = CARTESIAN_POINT ( 'NONE',  ( 0.03473190806571648664, 0.2358522843068858454, 0.08223914746879266990 ) ) ;
#3707 = VECTOR ( 'NONE', #2809, 1.000000000000000000 ) ;
#3708 = CARTESIAN_POINT ( 'NONE',  ( 0.009050152924585302960, 0.1341755385159286995, 0.08866350787846012660 ) ) ;
#3709 = CARTESIAN_POINT ( 'NONE',  ( 0.02413883783570735728, 0.2266366032971159905, 0.07467128227659593220 ) ) ;
#3710 = CARTESIAN_POINT ( 'NONE',  ( 0.02448843329702020052, 0.2305755569789469939, 0.07667131925534199921 ) ) ;
#3711 = CARTESIAN_POINT ( 'NONE',  ( 0.01218447086518774369, 0.1437176543782562321, 0.07729624521334674259 ) ) ;
#3712 = CARTESIAN_POINT ( 'NONE',  ( 0.03559707858870141822, 0.2360477167153875178, 0.07576567671806573590 ) ) ;
#3713 = CARTESIAN_POINT ( 'NONE',  ( 0.01162596729192010014, 0.2448571369253320085, 0.07939908551940719206 ) ) ;
#3714 = EDGE_CURVE ( 'NONE', #4243, #3331, #3415, .T. ) ;
#3715 = CARTESIAN_POINT ( 'NONE',  ( 0.01977937818222395144, 0.2177803574179135171, 0.07938298168042390301 ) ) ;
#3716 = PERSON_AND_ORGANIZATION ( #2117, #4199 ) ;
#3717 = CARTESIAN_POINT ( 'NONE',  ( 0.01895809965946685521, 0.2334771056071052453, 0.07924352889381146292 ) ) ;
#3718 = ORIENTED_EDGE ( 'NONE', *, *, #1093, .F. ) ;
#3719 = EDGE_CURVE ( 'NONE', #1810, #1435, #4340, .T. ) ;
#3720 = CARTESIAN_POINT ( 'NONE',  ( 0.02374215761930279986, 0.2318106169229305069, 0.07467094132845350507 ) ) ;
#3721 = CARTESIAN_POINT ( 'NONE',  ( 0.03054544356558624302, 0.2744827646880606542, 0.08467500211897641127 ) ) ;
#3722 = CARTESIAN_POINT ( 'NONE',  ( 0.03674695081159294607, 0.2293555115341550099, 0.07467752271721339596 ) ) ;
#3723 = CARTESIAN_POINT ( 'NONE',  ( 0.01283845792492022131, 0.1679392012688404878, 0.08880756068336280451 ) ) ;
#3724 = ORIENTED_EDGE ( 'NONE', *, *, #104, .F. ) ;
#3725 = CARTESIAN_POINT ( 'NONE',  ( 0.04492976237291205349, 0.2350905149386139925, 0.08175273254340649498 ) ) ;
#3726 = CARTESIAN_POINT ( 'NONE',  ( 0.02155820844473380071, 0.2687287318416670123, 0.08455406564171119577 ) ) ;
#3727 = CARTESIAN_POINT ( 'NONE',  ( 0.03241290295388055132, 0.1507413278003960633, 0.08297993364553697682 ) ) ;
#3728 = CARTESIAN_POINT ( 'NONE',  ( 0.02061957822534449952, 0.1536540433956604945, 0.07666936132806810578 ) ) ;
#3729 = ORIENTED_EDGE ( 'NONE', *, *, #564, .T. ) ;
#3730 = VERTEX_POINT ( 'NONE', #1374 ) ;
#3731 = CARTESIAN_POINT ( 'NONE',  ( 0.04068574827794962240, 0.2319495857491186974, 0.07402142799027106035 ) ) ;
#3732 = CARTESIAN_POINT ( 'NONE',  ( 0.02451683887094076308, 0.2166251977791688599, 0.07467164841518744711 ) ) ;
#3733 = DIRECTION ( 'NONE',  ( -0.03415041433972329510, -0.9994167043339508005, -1.728263954400014718E-05 ) ) ;
#3734 = VECTOR ( 'NONE', #481, 1.000000000000000000 ) ;
#3735 = CARTESIAN_POINT ( 'NONE',  ( 0.01789020098769249917, 0.2413104893238942616, 0.07801447518533165260 ) ) ;
#3736 = CARTESIAN_POINT ( 'NONE',  ( 0.02765853386760222521, 0.1515503316570956938, 0.08042292400589742818 ) ) ;
#3737 = CARTESIAN_POINT ( 'NONE',  ( 0.01974943355063455211, 0.2190713489200925013, 0.07938296652622199578 ) ) ;
#3738 = CARTESIAN_POINT ( 'NONE',  ( 0.03460278130416350600, 0.2069465301403589919, 0.07667643786471189937 ) ) ;
#3739 = CARTESIAN_POINT ( 'NONE',  ( 0.01162507900976724080, 0.2448571369253320085, 0.08115432686977690213 ) ) ;
#3740 = CARTESIAN_POINT ( 'NONE',  ( 0.02094209177303742175, 0.2718498210861988729, 0.08466560913698721602 ) ) ;
#3741 = CARTESIAN_POINT ( 'NONE',  ( 0.03460278130416350600, 0.2069465301403589919, 0.07667643786471189937 ) ) ;
#3742 = CARTESIAN_POINT ( 'NONE',  ( 0.01431979869218099992, 0.2354544798566584884, 0.08469613354023700080 ) ) ;
#3743 = EDGE_LOOP ( 'NONE', ( #3289, #1542, #429, #3227 ) ) ;
#3744 = CARTESIAN_POINT ( 'NONE',  ( 0.04797903126413602393, 0.2389250034623044971, 0.08495339922083527950 ) ) ;
#3745 = CARTESIAN_POINT ( 'NONE',  ( 0.02424930310601056474, 0.2701211247108883939, 0.08462290721951672146 ) ) ;
#3746 = CARTESIAN_POINT ( 'NONE',  ( 0.03034428918833336972, 0.1512554657974575778, 0.08109456466863670943 ) ) ;
#3747 = DIRECTION ( 'NONE',  ( -0.0005060740159282030044, -3.480932718718385460E-16, 0.9999998719445369888 ) ) ;
#3748 = ORIENTED_EDGE ( 'NONE', *, *, #3128, .F. ) ;
#3749 = VERTEX_POINT ( 'NONE', #3708 ) ;
#3750 = CARTESIAN_POINT ( 'NONE',  ( 0.04262000769392271932, 0.2331180698156638531, 0.07439437470736301461 ) ) ;
#3751 = CARTESIAN_POINT ( 'NONE',  ( 0.09414843541028058982, 0.1665196648018569814, 0.03858894351956074914 ) ) ;
#3752 = CARTESIAN_POINT ( 'NONE',  ( 0.01581996642390936375, 0.2440452381712427399, 0.07913726231278102319 ) ) ;
#3753 = CYLINDRICAL_SURFACE ( 'NONE', #1038, 0.003749999999999999428 ) ;
#3754 = CARTESIAN_POINT ( 'NONE',  ( 0.02184962059276925050, 0.1965216789563734856, 0.07702700647048160709 ) ) ;
#3755 = CARTESIAN_POINT ( 'NONE',  ( 0.02062059037337635181, 0.1536540433956604945, 0.07466936158417900038 ) ) ;
#3756 = CARTESIAN_POINT ( 'NONE',  ( 0.02789190391775003830, 0.2296580916256823479, 0.07467304140749655983 ) ) ;
#3757 = DIRECTION ( 'NONE',  ( -0.0005060740159282030044, -3.480932718718385460E-16, 0.9999998719445369888 ) ) ;
#3758 = CARTESIAN_POINT ( 'NONE',  ( 0.02694290985084847947, 0.2740711249840463992, 0.08467962888655400366 ) ) ;
#3759 = CARTESIAN_POINT ( 'NONE',  ( 0.04308307954675975188, 0.2241747469964105177, 0.08175179798570469947 ) ) ;
#3760 = CARTESIAN_POINT ( 'NONE',  ( 0.01576760601740390122, 0.1676921334320080059, 0.08173797433193660811 ) ) ;
#3761 = ORIENTED_EDGE ( 'NONE', *, *, #1835, .T. ) ;
#3762 = CARTESIAN_POINT ( 'NONE',  ( 0.04807578235777388437, 0.2390865694457239010, 0.08509035398084158208 ) ) ;
#3763 = DIRECTION ( 'NONE',  ( -0.9994165763531819291, 0.03415041871287123609, -0.0005057788251477426901 ) ) ;
#3764 = CARTESIAN_POINT ( 'NONE',  ( 0.03184908265237226810, 0.1509093442561241505, 0.08224363464740906682 ) ) ;
#3765 = EDGE_CURVE ( 'NONE', #536, #2331, #1807, .T. ) ;
#3766 = CARTESIAN_POINT ( 'NONE',  ( 0.02988616665914256565, 0.2607878322336613097, 0.08867405244495708827 ) ) ;
#3767 = ORIENTED_EDGE ( 'NONE', *, *, #1243, .F. ) ;
#3768 = CIRCLE ( 'NONE', #2010, 0.002999999999999996159 ) ;
#3770 = EDGE_CURVE ( 'NONE', #1435, #947, #4013, .T. ) ;
#3769 = ORIENTED_EDGE ( 'NONE', *, *, #2480, .T. ) ;
#3771 = CARTESIAN_POINT ( 'NONE',  ( 0.04160560196871520428, 0.2324882511283267728, 0.07418472950195897919 ) ) ;
#3772 = AXIS2_PLACEMENT_3D ( 'NONE', #3949, #589, #1922 ) ;
#3773 = CIRCLE ( 'NONE', #2087, 0.001000000000000002623 ) ;
#3774 = CARTESIAN_POINT ( 'NONE',  ( 0.02820105503387641127, 0.2356921639377014266, 0.07544044598497871845 ) ) ;
#3775 = DIRECTION ( 'NONE',  ( 0.6162518570600125090, -0.7875490787295452710, 0.0003118690920618398055 ) ) ;
#3776 = CARTESIAN_POINT ( 'NONE',  ( 0.02218069534791020092, 0.2101601077388949856, 0.07702717401883220349 ) ) ;
#3777 = CARTESIAN_POINT ( 'NONE',  ( 0.05002128128261170564, 0.2435450643761634948, 0.08468424179235860272 ) ) ;
#3778 = CARTESIAN_POINT ( 'NONE',  ( 0.007539038431123662454, 0.1414720464508022468, 0.08800446262688328691 ) ) ;
#3779 = CARTESIAN_POINT ( 'NONE',  ( 0.01322521224575865136, 0.2403470291956898430, 0.08512905827296667061 ) ) ;
#3780 = CARTESIAN_POINT ( 'NONE',  ( 0.04470624481014525559, 0.1450825976199938694, 0.07659977696571812489 ) ) ;
#3781 = CARTESIAN_POINT ( 'NONE',  ( 0.05001994214035999919, 0.2435450643761654932, 0.08733038057552749978 ) ) ;
#3782 = CARTESIAN_POINT ( 'NONE',  ( 0.02062059037337635181, 0.1536540433956604945, 0.07466936158417900038 ) ) ;
#3783 = DIRECTION ( 'NONE',  ( 0.0005060740159282030044, 3.480932718718385460E-16, -0.9999998719445369888 ) ) ;
#3784 = CC_DESIGN_APPROVAL ( #3315, ( #2228 ) ) ;
#3785 = ORIENTED_EDGE ( 'NONE', *, *, #269, .T. ) ;
#3786 = CARTESIAN_POINT ( 'NONE',  ( 0.04429318507457510184, 0.1115094567746695992, 0.09168134384772409773 ) ) ;
#3787 = CARTESIAN_POINT ( 'NONE',  ( 0.03863002556599166165, 0.2698583557530509491, 0.08463853239361948666 ) ) ;
#3788 = CARTESIAN_POINT ( 'NONE',  ( 0.02813001249310085120, 0.1545358268507079913, 0.08881529934278389882 ) ) ;
#3789 = CARTESIAN_POINT ( 'NONE',  ( 0.04898686362642879627, 0.2400212701780889968, 0.07871710713728290176 ) ) ;
#3790 = B_SPLINE_CURVE_WITH_KNOTS ( 'NONE', 3,
 ( #432, #351, #2755, #19 ),
 .UNSPECIFIED., .F., .F.,
 ( 4, 4 ),
 ( 7.403043133464159986, 7.601112111154639805 ),
 .UNSPECIFIED. ) ;
#3791 = VERTEX_POINT ( 'NONE', #2803 ) ;
#3792 = CARTESIAN_POINT ( 'NONE',  ( 0.009500330570075961670, 0.1375856752811256967, 0.07889336308575263523 ) ) ;
#3793 = EDGE_LOOP ( 'NONE', ( #3656, #4012, #1390, #2492, #572, #2429, #2171, #3314 ) ) ;
#3794 = CARTESIAN_POINT ( 'NONE',  ( 0.02829118565950935332, 0.1262638342446066875, 0.08867324526641381932 ) ) ;
#3795 = CARTESIAN_POINT ( 'NONE',  ( 0.01603610074398938157, 0.2437030130618991208, 0.07900266059578577027 ) ) ;
#3796 = CARTESIAN_POINT ( 'NONE',  ( 0.02738960846409784974, 0.1545613366895119967, 0.07667278746489769592 ) ) ;
#3797 = CARTESIAN_POINT ( 'NONE',  ( 0.01543863560359669956, 0.1512907395409094913, 0.07938078494311380517 ) ) ;
#3798 = EDGE_CURVE ( 'NONE', #1366, #4310, #348, .T. ) ;
#3799 = CARTESIAN_POINT ( 'NONE',  ( 0.03674593866356105215, 0.2293555115341550099, 0.07667752246110250136 ) ) ;
#3800 = CIRCLE ( 'NONE', #719, 0.001499999999999998730 ) ;
#3801 = CARTESIAN_POINT ( 'NONE',  ( 0.03773517200537118005, 0.1518433037357808102, 0.07743577214385101437 ) ) ;
#3802 = CARTESIAN_POINT ( 'NONE',  ( 0.04626717533343131100, 0.1421402783193349839, 0.07742718373775475671 ) ) ;
#3803 = CARTESIAN_POINT ( 'NONE',  ( 0.04665583200821390303, 0.1133582125825930015, 0.09168253952209919067 ) ) ;
#3804 = CARTESIAN_POINT ( 'NONE',  ( 0.05001918505540259990, 0.2435450643761654932, 0.08882637688566639989 ) ) ;
#3805 = ORIENTED_EDGE ( 'NONE', *, *, #2155, .F. ) ;
#3806 = CARTESIAN_POINT ( 'NONE',  ( 0.02884964479860924885, 0.1156416400535667244, 0.08240322439730729531 ) ) ;
#3807 = CARTESIAN_POINT ( 'NONE',  ( 0.03854160271804361881, 0.2698985775191165559, 0.08463975205572576987 ) ) ;
#3808 = CARTESIAN_POINT ( 'NONE',  ( 0.03064035456329930115, 0.1544501348551859943, 0.08376919057425129267 ) ) ;
#3809 = CARTESIAN_POINT ( 'NONE',  ( 0.01716016034550053165, 0.2350024305174521766, 0.07484881814828919788 ) ) ;
#3810 = VERTEX_POINT ( 'NONE', #4145 ) ;
#3811 = CARTESIAN_POINT ( 'NONE',  ( 0.01513640220445382732, 0.1470722753315029940, 0.07629304862497840456 ) ) ;
#3812 = ORIENTED_EDGE ( 'NONE', *, *, #1049, .T. ) ;
#3813 = CARTESIAN_POINT ( 'NONE',  ( 0.04420546215707175236, 0.2344162402552940061, 0.07504919463379360056 ) ) ;
#3814 = B_SPLINE_CURVE_WITH_KNOTS ( 'NONE', 3,
 ( #1124, #2466, #3516, #800 ),
 .UNSPECIFIED., .F., .F.,
 ( 4, 4 ),
 ( 7.869827237127509624E-08, 0.1000000786982619960 ),
 .UNSPECIFIED. ) ;
#3815 = CARTESIAN_POINT ( 'NONE',  ( 0.02303858027607232420, 0.2374093906036694457, 0.07624265456618153913 ) ) ;
#3816 = CARTESIAN_POINT ( 'NONE',  ( 0.02678902384480999835, 0.1263150598726759943, 0.09467348582971520099 ) ) ;
#3817 = CARTESIAN_POINT ( 'NONE',  ( 0.02191626288278425080, 0.2243466002853990171, 0.07702704019641870570 ) ) ;
#3818 = PERSON_AND_ORGANIZATION_ROLE ( 'creator' ) ;
#3819 = CARTESIAN_POINT ( 'NONE',  ( 0.009287963408142656599, 0.1449127584649481659, 0.08505893665084353350 ) ) ;
#3820 = CARTESIAN_POINT ( 'NONE',  ( 0.007227666556834820219, 0.1405165944884207985, 0.07819309594263819385 ) ) ;
#3821 = CARTESIAN_POINT ( 'NONE',  ( 0.04039799328883439400, 0.1499305394481121323, 0.07512640146785087847 ) ) ;
#3822 = CARTESIAN_POINT ( 'NONE',  ( 0.04421160418490810429, 0.1597746956704159949, 0.08732744112623609667 ) ) ;
#3823 = DIRECTION ( 'NONE',  ( -0.0005060740159282030044, -3.480932718718385460E-16, 0.9999998719445369888 ) ) ;
#3824 = ORIENTED_EDGE ( 'NONE', *, *, #1607, .T. ) ;
#3825 = CARTESIAN_POINT ( 'NONE',  ( 0.03365886274650661120, 0.1168204792720509422, 0.08227123945009522099 ) ) ;
#3826 = CARTESIAN_POINT ( 'NONE',  ( 0.04434306402012413301, 0.2657250260087441474, 0.08441543092907323464 ) ) ;
#3827 = CARTESIAN_POINT ( 'NONE',  ( 0.03063780021617104957, 0.1544501348551859943, 0.08881656846915050862 ) ) ;
#3828 = CARTESIAN_POINT ( 'NONE',  ( 0.02080799741280574960, 0.1547862672578119991, 0.07466945642602419719 ) ) ;
#3829 = ORIENTED_EDGE ( 'NONE', *, *, #371, .F. ) ;
#3830 = CARTESIAN_POINT ( 'NONE',  ( 0.02532418960260843233, 0.1515179998952168317, 0.07476140673355978483 ) ) ;
#3831 = DIRECTION ( 'NONE',  ( 0.9994165763531819291, -0.03415041871287124303, 0.0005057788251480732633 ) ) ;
#3832 = CARTESIAN_POINT ( 'NONE',  ( 0.04422845686391933817, 0.2699144335289486718, 0.08464920702695385990 ) ) ;
#3833 = AXIS2_PLACEMENT_3D ( 'NONE', #2747, #1076, #1137 ) ;
#3834 = EDGE_CURVE ( 'NONE', #1181, #1437, #4163, .T. ) ;
#3835 = EDGE_CURVE ( 'NONE', #1538, #923, #2324, .T. ) ;
#3836 = CARTESIAN_POINT ( 'NONE',  ( 0.01430142339243514575, 0.2471349264833970494, 0.08027664172006430954 ) ) ;
#3837 = CIRCLE ( 'NONE', #1738, 0.001000000000000002623 ) ;
#3838 = DIRECTION ( 'NONE',  ( 0.7875489778795833340, 0.6162519359744393910, 0.0003985581250131426615 ) ) ;
#3839 = CARTESIAN_POINT ( 'NONE',  ( 0.02217984597662805285, 0.2100514992799184799, 0.07702717358898740485 ) ) ;
#3840 = DIRECTION ( 'NONE',  ( 0.0005060740159282030044, 3.480932718718385460E-16, -0.9999998719445369888 ) ) ;
#3841 = B_SPLINE_CURVE_WITH_KNOTS ( 'NONE', 3,
 ( #1041, #2380, #713, #3384 ),
 .UNSPECIFIED., .F., .F.,
 ( 4, 4 ),
 ( 1.100000249107440098, 1.514213811480540128 ),
 .UNSPECIFIED. ) ;
#3842 = CIRCLE ( 'NONE', #1940, 0.001499999999999998730 ) ;
#3843 = CARTESIAN_POINT ( 'NONE',  ( 0.03737854900096686250, 0.1152062033676201358, 0.08242254589569583678 ) ) ;
#3844 = CARTESIAN_POINT ( 'NONE',  ( 0.04640524265559424488, 0.1418123316001289047, 0.07751608123812235573 ) ) ;
#3845 = CARTESIAN_POINT ( 'NONE',  ( 0.03690362625183239709, 0.2303687703243920137, 0.07467760200659279146 ) ) ;
#3846 = VECTOR ( 'NONE', #1489, 1.000000000000000000 ) ;
#3847 = DIRECTION ( 'NONE',  ( 0.0005060740159282030044, 3.480932718718385460E-16, -0.9999998719445369888 ) ) ;
#3848 = ORIENTED_EDGE ( 'NONE', *, *, #1607, .F. ) ;
#3849 = CARTESIAN_POINT ( 'NONE',  ( 0.03353277793014112357, 0.1167714307650147415, 0.08227672358555006282 ) ) ;
#3850 = CARTESIAN_POINT ( 'NONE',  ( 0.04792591613655616811, 0.2599916122527422546, 0.08376793516946835771 ) ) ;
#3851 = CARTESIAN_POINT ( 'NONE',  ( 0.02062059037337635181, 0.1536540433956604945, 0.07466936158417900038 ) ) ;
#3852 = CARTESIAN_POINT ( 'NONE',  ( 0.02080698526477390078, 0.1547862672578119991, 0.07666945616991330259 ) ) ;
#3853 = EDGE_LOOP ( 'NONE', ( #1870, #1289 ) ) ;
#3854 = CARTESIAN_POINT ( 'NONE',  ( 0.01957749222010272960, 0.1499406798233462179, 0.07534579687151023164 ) ) ;
#3855 = VERTEX_POINT ( 'NONE', #3460 ) ;
#3856 = DIRECTION ( 'NONE',  ( 0.7875489778795833340, 0.6162519359744393910, 0.0003985581250134316556 ) ) ;
#3857 = CARTESIAN_POINT ( 'NONE',  ( 0.01338695044889020788, 0.2505277052271854266, 0.08136921436086640147 ) ) ;
#3858 = DIRECTION ( 'NONE',  ( 0.7875489778795833340, 0.6162519359744393910, 0.0003985581250137551273 ) ) ;
#3859 = DATE_AND_TIME ( #850, #3210 ) ;
#3860 = CARTESIAN_POINT ( 'NONE',  ( 0.02269501445459620043, 0.2307730407566045139, 0.07871248889651759340 ) ) ;
#3861 = LINE ( 'NONE', #522, #3979 ) ;
#3862 = B_SPLINE_CURVE_WITH_KNOTS ( 'NONE', 3,
 ( #1026, #2009, #48, #3709, #702, #1640, #2650, #1963, #2341, #2037, #3303, #3395, #979, #3659, #2978, #3732, #655, #2292, #2717, #3028, #2675, #399, #2389, #1984, #71, #3370, #3636, #4016, #3323, #1351, #1661, #4341, #4318, #27, #3004, #3681, #676, #379, #1714, #1002, #3071, #3968, #3347, #1375, #356, #1687, #3048, #2697, #2058, #1400 ),
 .UNSPECIFIED., .F., .F.,
 ( 4, 2, 2, 2, 2, 2, 2, 2, 2, 2, 2, 2, 2, 2, 2, 2, 2, 2, 2, 2, 2, 2, 2, 2, 4 ),
 ( 0.000000000000000000, 0.1250000000000067446, 0.2500000000000134892, 0.3750000000000202061, 0.5000000000000269784, 0.5625000000000284217, 0.5937500000000293099, 0.6250000000000300870, 0.6406250000000304201, 0.6562500000000308642, 0.6875000000000286438, 0.7187500000000264233, 0.7500000000000242029, 0.8125000000000198730, 0.8281250000000186517, 0.8359375000000180966, 0.8437500000000175415, 0.8593750000000160982, 0.8671875000000153211, 0.8750000000000146549, 0.9062500000000109912, 0.9375000000000074385, 0.9687500000000037748, 0.9843750000000018874, 1.000000000000000000 ),
 .UNSPECIFIED. ) ;
#3863 = CARTESIAN_POINT ( 'NONE',  ( 0.04534189642939630976, 0.1232485126988879798, 0.08141836110180132591 ) ) ;
#3864 = CARTESIAN_POINT ( 'NONE',  ( 0.04401834041211064030, 0.1461599003961248922, 0.07628733598673942407 ) ) ;
#3865 = CARTESIAN_POINT ( 'NONE',  ( 0.01746440491828454844, 0.2148976533601884842, 0.08173883303842219283 ) ) ;
#3866 = CARTESIAN_POINT ( 'NONE',  ( 0.03840509207592469887, 0.2247491199952824925, 0.07703538476551810565 ) ) ;
#3867 = ORIENTED_EDGE ( 'NONE', *, *, #1506, .T. ) ;
#3868 = DIRECTION ( 'NONE',  ( 0.7875489778795837781, 0.6162519359744388359, 0.0003985581250134319267 ) ) ;
#3869 = CARTESIAN_POINT ( 'NONE',  ( 0.03384052223180818164, 0.1734912384631172311, 0.07467629638869556497 ) ) ;
#3870 = CARTESIAN_POINT ( 'NONE',  ( 0.01250020187956031939, 0.1488714658009207825, 0.08173632078339120033 ) ) ;
#3871 = CARTESIAN_POINT ( 'NONE',  ( 0.01816656184198901444, 0.2341078607201853012, 0.07446500779921318147 ) ) ;
#3872 = ORIENTED_EDGE ( 'NONE', *, *, #3485, .F. ) ;
#3873 = CARTESIAN_POINT ( 'NONE',  ( 0.02999523412602459957, 0.1513577951285794976, 0.07476418043745500230 ) ) ;
#3874 = VERTEX_POINT ( 'NONE', #2161 ) ;
#3875 = CARTESIAN_POINT ( 'NONE',  ( 0.03672924851400303364, 0.2737384139304722686, 0.08468459752885436342 ) ) ;
#3876 = EDGE_LOOP ( 'NONE', ( #3769, #2899, #2256, #2949, #1396, #2802, #2361, #3107 ) ) ;
#3877 = CARTESIAN_POINT ( 'NONE',  ( 0.01317916066983030633, 0.2517960305638106688, 0.08174589736336178303 ) ) ;
#3878 = CARTESIAN_POINT ( 'NONE',  ( 0.02482180953925670203, 0.2366355386008271444, 0.08579678775770854804 ) ) ;
#3879 = CARTESIAN_POINT ( 'NONE',  ( 0.01047356059440395989, 0.1473649067916711908, 0.08880636387012019739 ) ) ;
#3880 = CARTESIAN_POINT ( 'NONE',  ( 0.03748808905562284882, 0.1153431749574099913, 0.08367789894056820721 ) ) ;
#3881 = CARTESIAN_POINT ( 'NONE',  ( 0.04687544554690829812, 0.1265701109166639249, 0.08088654618986461375 ) ) ;
#3882 = CARTESIAN_POINT ( 'NONE',  ( 0.02188288111833410626, 0.1508060876805292494, 0.08590405222956981612 ) ) ;
#3883 = CARTESIAN_POINT ( 'NONE',  ( 0.01697163199766864999, 0.1925306248626479921, 0.08173858365881979393 ) ) ;
#3884 = CARTESIAN_POINT ( 'NONE',  ( 0.03929490833677334871, 0.2310029606392615120, 0.07703583507846430145 ) ) ;
#3885 = EDGE_CURVE ( 'NONE', #4153, #1673, #436, .T. ) ;
#3886 = VERTEX_POINT ( 'NONE', #3502 ) ;
#3887 = EDGE_CURVE ( 'NONE', #1335, #1895, #1129, .T. ) ;
#3888 = LINE ( 'NONE', #2212, #3138 ) ;
#3889 = CARTESIAN_POINT ( 'NONE',  ( 0.01508019428856295120, 0.2318664765240879833, 0.09466656029443309972 ) ) ;
#3890 = CARTESIAN_POINT ( 'NONE',  ( 0.03748252224144765082, 0.1153431749574099913, 0.09467789753195809954 ) ) ;
#3891 = CARTESIAN_POINT ( 'NONE',  ( 0.02076086116500835271, 0.1543296371032220060, 0.07706943287892410732 ) ) ;
#3892 = ORIENTED_EDGE ( 'NONE', *, *, #2428, .T. ) ;
#3893 = CARTESIAN_POINT ( 'NONE',  ( 0.03409736383602822440, 0.1501236315911336217, 0.07513067522215413629 ) ) ;
#3894 = EDGE_CURVE ( 'NONE', #2150, #3159, #1480, .T. ) ;
#3895 = VERTEX_POINT ( 'NONE', #3794 ) ;
#3896 = CARTESIAN_POINT ( 'NONE',  ( 0.05194076262672192579, 0.2505946898377497956, 0.08178940124644501486 ) ) ;
#3897 = CARTESIAN_POINT ( 'NONE',  ( 0.05001918505540259990, 0.2435450643761654932, 0.08882637688566639989 ) ) ;
#3898 = ADVANCED_BREP_SHAPE_REPRESENTATION ( 'Rod 1', ( #1133, #1751 ), #75 ) ;
#3899 = ORIENTED_EDGE ( 'NONE', *, *, #476, .T. ) ;
#3900 = B_SPLINE_SURFACE_WITH_KNOTS ( 'NONE', 3, 1, ( 
 ( #2038, #3324 ),
 ( #330, #3682 ),
 ( #49, #3005 ),
 ( #1329, #3710 ),
 ( #3993, #2390 ),
 ( #3371, #28 ) ),
 .UNSPECIFIED., .F., .F., .F.,
 ( 4, 2, 4 ),
 ( 2, 2 ),
 ( -2.577712402459299668, -2.050612924334159981, -1.943955096581809983 ),
 ( 0.000000000000000000, 0.2000000000000000111 ),
 .UNSPECIFIED. ) ;
#3901 = CARTESIAN_POINT ( 'NONE',  ( 0.01354358150644922182, 0.2397561166105782737, 0.07722965281245945668 ) ) ;
#3902 = DIRECTION ( 'NONE',  ( -0.9994165763531819291, 0.03415041871287123609, -0.0005057788251477426901 ) ) ;
#3903 = CARTESIAN_POINT ( 'NONE',  ( 0.04850306935734609998, 0.1109955653464043956, 0.09468347474520900919 ) ) ;
#3904 = CARTESIAN_POINT ( 'NONE',  ( 0.02362944510154040001, 0.1546898746827954918, 0.07367088415951410230 ) ) ;
#3905 = CIRCLE ( 'NONE', #2993, 0.01799999999999999864 ) ;
#3906 = PLANE ( 'NONE',  #4328 ) ;
#3907 = CARTESIAN_POINT ( 'NONE',  ( 0.04802243304839339672, 0.2472349692037847657, 0.08072087486274059920 ) ) ;
#3908 = CARTESIAN_POINT ( 'NONE',  ( 0.02353726736990849333, 0.1512163048726579417, 0.08214590122972054154 ) ) ;
#3909 = CARTESIAN_POINT ( 'NONE',  ( 0.01738087328480649937, 0.2194232783824769939, 0.08173879076522859444 ) ) ;
#3910 = CARTESIAN_POINT ( 'NONE',  ( 0.04026639509198280675, 0.1475012459827411970, 0.07939334962871968937 ) ) ;
#3911 = CIRCLE ( 'NONE', #1166, 0.02100000000000000477 ) ;
#3912 = ORIENTED_EDGE ( 'NONE', *, *, #4292, .F. ) ;
#3913 = VECTOR ( 'NONE', #2818, 1.000000000000000000 ) ;
#3914 = CARTESIAN_POINT ( 'NONE',  ( 0.01400852374624281249, 0.1211467941045427099, 0.08183838123519177055 ) ) ;
#3915 = CARTESIAN_POINT ( 'NONE',  ( 0.03419935747312667640, 0.1969531207261050187, 0.07467655269695441800 ) ) ;
#3916 = CARTESIAN_POINT ( 'NONE',  ( 0.04028120704371045135, 0.1264240363755059771, 0.07427931126146490592 ) ) ;
#3917 = DIRECTION ( 'NONE',  ( 0.03415041433980157276, 0.9994167043339480250, 1.728263954434812525E-05 ) ) ;
#3918 = ORIENTED_EDGE ( 'NONE', *, *, #2277, .F. ) ;
#3919 = CARTESIAN_POINT ( 'NONE',  ( 0.04026980543091477488, 0.1457725845215441796, 0.07643796011246738187 ) ) ;
#3920 = CARTESIAN_POINT ( 'NONE',  ( 0.01250020187956031939, 0.1488714658009207825, 0.08173632078339120033 ) ) ;
#3921 = CARTESIAN_POINT ( 'NONE',  ( 0.05001239169271397278, 0.2627041975187064393, 0.08414079635135991719 ) ) ;
#3922 = CARTESIAN_POINT ( 'NONE',  ( 0.04517056719091092770, 0.2352996757199306566, 0.07555407461878828335 ) ) ;
#3923 = DIRECTION ( 'NONE',  ( -0.0005060740159282030044, -3.480932718718385460E-16, 0.9999998719445369888 ) ) ;
#3924 = CARTESIAN_POINT ( 'NONE',  ( 0.04220781610872509360, 0.1190406865732566016, 0.09468028888070820215 ) ) ;
#3925 = CARTESIAN_POINT ( 'NONE',  ( 0.02569742135174921810, 0.2363334228264573900, 0.08308952905766596453 ) ) ;
#3926 = CARTESIAN_POINT ( 'NONE',  ( 0.01548305126789125026, 0.2356889948053055017, 0.07365880914156260062 ) ) ;
#3927 = DIRECTION ( 'NONE',  ( -0.0005060740159282030044, -3.480932718718385460E-16, 0.9999998719445369888 ) ) ;
#3928 = B_SPLINE_CURVE_WITH_KNOTS ( 'NONE', 3,
 ( #4295, #236, #3967, #1639, #1617, #978, #654, #607, #1301, #216, #2957, #1571, #3635, #3992, #2889, #2224, #954, #2649, #1941, #891, #2267, #2910, #935, #3590, #2291, #1545, #584, #4250, #1240, #2937, #2582, #4230, #913, #2248 ),
 .UNSPECIFIED., .F., .F.,
 ( 4, 2, 2, 2, 2, 2, 2, 2, 2, 2, 1, 2, 2, 1, 2, 2, 1, 1, 4 ),
 ( 0.4998515795247798210, 0.5623701320841818507, 0.6248886846435839360, 0.6405183227834345683, 0.6561479609232850896, 0.6874072372029865763, 0.7186665134826881740, 0.7499257897623896607, 0.8124443423217927451, 0.8280739804616432664, 0.8437036186014936767, 0.8749628948811946083, 0.8905925330210451296, 0.9062221711608956509, 0.9374814474405956943, 0.9452962665105215656, 0.9531110855804474369, 0.9687407237202978472, 1.000000000000000000 ),
 .UNSPECIFIED. ) ;
#3929 = CARTESIAN_POINT ( 'NONE',  ( 0.007227666556834820219, 0.1405165944884207985, 0.07819309594263819385 ) ) ;
#3930 = CARTESIAN_POINT ( 'NONE',  ( 0.02277888610486519805, 0.1510487136205697078, 0.08309486693086448605 ) ) ;
#3931 = CARTESIAN_POINT ( 'NONE',  ( 0.01740876595012589775, 0.2183270324307879928, 0.08173880488098349273 ) ) ;
#3932 = CARTESIAN_POINT ( 'NONE',  ( 0.03457413782627630217, 0.2061633792611904936, 0.07467642311287919776 ) ) ;
#3933 = VERTEX_POINT ( 'NONE', #782 ) ;
#3934 = CARTESIAN_POINT ( 'NONE',  ( 0.01314820264535210281, 0.2541055430360026901, 0.08866558179520543648 ) ) ;
#3935 = CARTESIAN_POINT ( 'NONE',  ( 0.002582046214919395382, 0.1265934152251882161, 0.02243469012566060017 ) ) ;
#3936 = CARTESIAN_POINT ( 'NONE',  ( 0.04192901991888860203, 0.1096607009667464050, 0.09468014778918269758 ) ) ;
#3937 = VERTEX_POINT ( 'NONE', #1521 ) ;
#3938 = VECTOR ( 'NONE', #2933, 1.000000000000000000 ) ;
#3939 = CARTESIAN_POINT ( 'NONE',  ( 0.04390029546955232648, 0.1398774848240539603, 0.07805346240387775469 ) ) ;
#3940 = CARTESIAN_POINT ( 'NONE',  ( 0.02999986498888315006, 0.2295860272631405075, 0.07667410844806898940 ) ) ;
#3941 = CARTESIAN_POINT ( 'NONE',  ( 0.05044587844942602373, 0.2618060033386107044, 0.08403782660800648840 ) ) ;
#3942 = CARTESIAN_POINT ( 'NONE',  ( 0.04733025197262619860, 0.2379322080309179688, 0.07692649449631522307 ) ) ;
#3943 = CARTESIAN_POINT ( 'NONE',  ( 0.01949751606087559569, 0.2330880627176926123, 0.07874954652199771254 ) ) ;
#3944 = EDGE_CURVE ( 'NONE', #1678, #3749, #2120, .T. ) ;
#3945 = CARTESIAN_POINT ( 'NONE',  ( 0.03367706593357716605, 0.2356705473384254346, 0.08135965512876908168 ) ) ;
#3946 = CARTESIAN_POINT ( 'NONE',  ( 0.02728420535880999795, 0.1408066020855180123, 0.09467273642811670220 ) ) ;
#3947 = CARTESIAN_POINT ( 'NONE',  ( 0.05002394612907019866, 0.2435450643761634948, 0.07941851774124929209 ) ) ;
#3948 = LINE ( 'NONE', #4232, #482 ) ;
#3949 = CARTESIAN_POINT ( 'NONE',  ( 0.03138225457350275055, 0.2607366066055920029, 0.09467581034473389334 ) ) ;
#3950 = CARTESIAN_POINT ( 'NONE',  ( 0.04719172202472547012, 0.2453211155126486243, 0.08004832349820505122 ) ) ;
#3951 = CARTESIAN_POINT ( 'NONE',  ( 0.02368436945545583996, 0.1512447011596420032, 0.08200244116021522534 ) ) ;
#3952 = CARTESIAN_POINT ( 'NONE',  ( 0.01742321249741149783, 0.2176550691238695046, 0.08173881219200659909 ) ) ;
#3953 = CARTESIAN_POINT ( 'NONE',  ( 0.03518909643865480302, 0.2156527782147919792, 0.07467673432749370732 ) ) ;
#3954 = EDGE_LOOP ( 'NONE', ( #1888, #1704, #1086, #1750 ) ) ;
#3955 = B_SPLINE_CURVE_WITH_KNOTS ( 'NONE', 3,
 ( #1404, #441, #2725, #1091, #3117, #1382, #403, #2415, #3053, #1058, #2763, #76, #2745, #3400, #4072, #2394, #2080, #3738, #2124, #728, #2043, #4109, #3799 ),
 .UNSPECIFIED., .F., .F.,
 ( 4, 2, 2, 2, 2, 2, 2, 3, 2, 2, 4 ),
 ( 1.546759681203959902, 1.980952685199540042, 2.527592593569499613, 2.712042960767049760, 3.138471649882029979, 3.749350706194549687, 4.535693266872720564, 4.971108818819589992, 5.975160631199800676, 7.925880106961799676, 8.356692558456620290 ),
 .UNSPECIFIED. ) ;
#3956 = EDGE_CURVE ( 'NONE', #2337, #2028, #517, .T. ) ;
#3957 = CARTESIAN_POINT ( 'NONE',  ( 0.009965679449552823643, 0.1278443331984059350, 0.08086303043102624488 ) ) ;
#3958 = DIRECTION ( 'NONE',  ( -0.0005060740159282030044, -3.480932718718385460E-16, 0.9999998719445369888 ) ) ;
#3959 = CARTESIAN_POINT ( 'NONE',  ( 0.01882396406112344864, 0.1445272695617343950, 0.07426845230694739675 ) ) ;
#3960 = ORIENTED_EDGE ( 'NONE', *, *, #3570, .T. ) ;
#3961 = CARTESIAN_POINT ( 'NONE',  ( 0.04385417875576193975, 0.1399995951308031783, 0.07802216937426696697 ) ) ;
#3962 = CYLINDRICAL_SURFACE ( 'NONE', #2849, 0.01099999999999999936 ) ;
#3963 = CARTESIAN_POINT ( 'NONE',  ( 0.01334401502146973818, 0.2564288234695986102, 0.08289160061058904738 ) ) ;
#3964 = CARTESIAN_POINT ( 'NONE',  ( 0.03138529152367235120, 0.2607366066055920029, 0.08867481111319480691 ) ) ;
#3965 = B_SPLINE_SURFACE_WITH_KNOTS ( 'NONE', 3, 3, ( 
 ( #1119, #1822, #2483, #2147, #3424, #3467, #1097, #2791, #4134, #445 ),
 ( #3781, #1779, #4171, #2460, #795, #490, #3822, #1344, #2831, #2438 ),
 ( #2357, #3156, #2127, #2086, #507, #470, #1158, #1842, #3178, #2690 ),
 ( #4033, #769, #1799, #2501, #3141, #144, #813, #836, #426, #1018 ),
 ( #695, #101, #2812, #3099, #1763, #2106, #3449, #3241, #2232, #2852 ) ),
 .UNSPECIFIED., .F., .F., .F.,
 ( 4, 1, 4 ),
 ( 4, 1, 2, 1, 1, 1, 4 ),
 ( 0.000000000000000000, 0.5714285714285709528, 1.000000000000000000 ),
 ( 0.008772808635454149365, 2.153581748195720014, 5.370795157536110587, 7.649197766950409871, 8.788399071657559958, 9.927600376364710044, 11.06680168107189921 ),
 .UNSPECIFIED. ) ;
#3966 = CARTESIAN_POINT ( 'NONE',  ( 0.09775610821066479939, 0.2727816100590509940, 0.08469985970519530727 ) ) ;
#3967 = CARTESIAN_POINT ( 'NONE',  ( 0.02305703778461986111, 0.1128767100498945242, 0.08265634536663624132 ) ) ;
#3968 = CARTESIAN_POINT ( 'NONE',  ( 0.02310157169683680484, 0.1751755245759240021, 0.07467104023362160226 ) ) ;
#3969 = EDGE_CURVE ( 'NONE', #2884, #735, #1813, .T. ) ;
#3970 = LINE ( 'NONE', #677, #4260 ) ;
#3971 = CARTESIAN_POINT ( 'NONE',  ( 0.009353551322076077493, 0.1368854713760880304, 0.07905762008800698570 ) ) ;
#3972 = CARTESIAN_POINT ( 'NONE',  ( 0.04634260700552090412, 0.2438481298547862108, 0.07948505668740465935 ) ) ;
#3973 = CARTESIAN_POINT ( 'NONE',  ( 0.02367498980855066437, 0.1512429208340947684, 0.08201129674142773607 ) ) ;
#3974 = CARTESIAN_POINT ( 'NONE',  ( 0.01976186337088579881, 0.2185738213543435005, 0.07938297281663179994 ) ) ;
#3975 = VERTEX_POINT ( 'NONE', #2823 ) ;
#3976 = EDGE_CURVE ( 'NONE', #3552, #1637, #1023, .T. ) ;
#3977 = CARTESIAN_POINT ( 'NONE',  ( 0.02454438877860309898, 0.2110025548975724974, 0.07467134731684679783 ) ) ;
#3978 = CARTESIAN_POINT ( 'NONE',  ( 0.01484411292338842607, 0.1203219122682390868, 0.08193821167702312891 ) ) ;
#3979 = VECTOR ( 'NONE', #1858, 1.000000000000000000 ) ;
#3980 = CARTESIAN_POINT ( 'NONE',  ( 0.02447364522493290090, 0.2189489370728165130, 0.07667131177148199528 ) ) ;
#3981 = CARTESIAN_POINT ( 'NONE',  ( 0.02410124173009545179, 0.1937858959250675084, 0.07707112335894790445 ) ) ;
#3982 = EDGE_LOOP ( 'NONE', ( #2512, #555, #3695, #298 ) ) ;
#3983 = CIRCLE ( 'NONE', #1107, 0.01799999999999999864 ) ;
#3984 = CARTESIAN_POINT ( 'NONE',  ( 0.04457687047109439027, 0.1376485862753429046, 0.07860886248421702915 ) ) ;
#3985 = EDGE_CURVE ( 'NONE', #721, #2694, #1757, .T. ) ;
#3986 = CARTESIAN_POINT ( 'NONE',  ( 0.02390818727571840038, 0.2297942166355904925, 0.07467102535175919320 ) ) ;
#3987 = CARTESIAN_POINT ( 'NONE',  ( 0.02898840518359813156, 0.2713741845019633225, 0.08466587759832833182 ) ) ;
#3988 = CARTESIAN_POINT ( 'NONE',  ( 0.04850711794947359934, 0.1109955653464043956, 0.08668347576965269863 ) ) ;
#3989 = CARTESIAN_POINT ( 'NONE',  ( 0.01978512160732068953, 0.2328917528723813413, 0.07848443500025460706 ) ) ;
#3990 = ORIENTED_EDGE ( 'NONE', *, *, #2005, .F. ) ;
#3991 = CARTESIAN_POINT ( 'NONE',  ( 0.03540230070143488700, 0.2360025118780154363, 0.08309842363501847295 ) ) ;
#3992 = CARTESIAN_POINT ( 'NONE',  ( 0.01067597010196017632, 0.1203774014655037972, 0.08194773116145737113 ) ) ;
#3993 = CARTESIAN_POINT ( 'NONE',  ( 0.02415345210446505006, 0.2306911771725944915, 0.07467114947393189983 ) ) ;
#3994 = CARTESIAN_POINT ( 'NONE',  ( 0.009227374366100811118, 0.1361373315544111562, 0.07922930020833772458 ) ) ;
#3995 = CARTESIAN_POINT ( 'NONE',  ( 0.04739537727363413167, 0.2457474239630962343, 0.08020308071086452995 ) ) ;
#3996 = CARTESIAN_POINT ( 'NONE',  ( 0.04673779651192865731, 0.1409811701777008153, 0.08730707316832547749 ) ) ;
#3997 = CARTESIAN_POINT ( 'NONE',  ( 0.01979042600461640086, 0.2172112766595780120, 0.07938298727144040001 ) ) ;
#3998 = CARTESIAN_POINT ( 'NONE',  ( 0.007128646717792940304, 0.1402445951244191968, 0.09466253622230579035 ) ) ;
#3999 = EDGE_LOOP ( 'NONE', ( #23, #3143, #2757, #3200 ) ) ;
#4000 = CARTESIAN_POINT ( 'NONE',  ( 0.02446114356764384976, 0.2049239286022969952, 0.07467130518860369548 ) ) ;
#4001 = CARTESIAN_POINT ( 'NONE',  ( 0.01261463540946008120, 0.2633904803689802732, 0.08405192087461201000 ) ) ;
#4002 = CARTESIAN_POINT ( 'NONE',  ( 0.03385216826055879868, 0.1720207460047805115, 0.07667605799890589435 ) ) ;
#4003 = EDGE_CURVE ( 'NONE', #1270, #3874, #2017, .T. ) ;
#4004 = CARTESIAN_POINT ( 'NONE',  ( 0.008705366003512470668, 0.1134949927817064108, 0.07706333190529240929 ) ) ;
#4005 = EDGE_LOOP ( 'NONE', ( #1712, #700, #3295, #4338, #4238, #3477, #2387, #4218, #2189, #165, #1210, #1864, #976, #2704, #2861, #3187 ) ) ;
#4006 = CARTESIAN_POINT ( 'NONE',  ( 0.04388647372333246560, 0.1399143380316727747, 0.07804402560830872582 ) ) ;
#4007 = CARTESIAN_POINT ( 'NONE',  ( 0.04604059229918570223, 0.1141457616613224119, 0.08968222790911799247 ) ) ;
#4008 = CARTESIAN_POINT ( 'NONE',  ( 0.03319123757471806324, 0.2714313816396018986, 0.08467225434306151211 ) ) ;
#4009 = CARTESIAN_POINT ( 'NONE',  ( 0.02986319201674181301, 0.1513382495561854668, 0.08086453597494815126 ) ) ;
#4010 = CARTESIAN_POINT ( 'NONE',  ( 0.05023682299113289840, 0.2442608364902135176, 0.07969660167990000321 ) ) ;
#4011 = AXIS2_PLACEMENT_3D ( 'NONE', #2426, #2336, #2003 ) ;
#4012 = ORIENTED_EDGE ( 'NONE', *, *, #3834, .F. ) ;
#4013 = B_SPLINE_CURVE_WITH_KNOTS ( 'NONE', 3,
 ( #3680, #328, #4084, #762, #1327, #4015, #1069, #675, #2364, #4041, #3047, #2008, #743, #1660, #2074, #1713, #1732, #2759, #2716, #3346, #47, #1051, #1350, #4066, #2388, #722, #355, #70, #26, #2696, #1399, #3731, #701, #3089, #1417, #2036, #2057, #2409, #2740, #3771, #3750, #3003, #3813 ),
 .UNSPECIFIED., .F., .F.,
 ( 4, 2, 2, 2, 1, 1, 1, 1, 1, 2, 2, 2, 2, 1, 1, 1, 1, 2, 2, 2, 2, 1, 1, 1, 1, 2, 2, 4 ),
 ( 0.000000000000000000, 0.1250000000004901357, 0.1875000000007343015, 0.2187500000008554546, 0.2343750000009151846, 0.2421875000009450496, 0.2460937500009599543, 0.2480468750009686973, 0.2490234375009717505, 0.2495117187509714174, 0.2500000000009710566, 0.3750000000008759660, 0.4375000000008277268, 0.4687500000008036349, 0.4843750000007904233, 0.4921875000007834844, 0.4960937500007812084, 0.4980468750007788770, 0.5000000000007764900, 0.6250000000006216139, 0.6875000000005421219, 0.7187500000005030421, 0.7343750000004849454, 0.7421875000004765077, 0.7460937500004722889, 0.7480468750004695133, 0.7500000000004666267, 1.000000000000000000 ),
 .UNSPECIFIED. ) ;
#4014 = CARTESIAN_POINT ( 'NONE',  ( 0.03523774944785965785, 0.2359619427778883727, 0.08284638301127285331 ) ) ;
#4015 = CARTESIAN_POINT ( 'NONE',  ( 0.03440586180903954655, 0.2297997756342701481, 0.07368013565093110839 ) ) ;
#4016 = CARTESIAN_POINT ( 'NONE',  ( 0.02428084644179826640, 0.1985527748535992065, 0.07467159970816865389 ) ) ;
#4017 = CARTESIAN_POINT ( 'NONE',  ( 0.02459220243548945056, 0.2119999010364559955, 0.07667137177021329797 ) ) ;
#4018 = CARTESIAN_POINT ( 'NONE',  ( 0.01135157321800564327, 0.1423954411546576593, 0.07766741722842243623 ) ) ;
#4019 = CARTESIAN_POINT ( 'NONE',  ( 0.04354882697040785705, 0.2404486863340688785, 0.07803405965192222737 ) ) ;
#4020 = CARTESIAN_POINT ( 'NONE',  ( 0.01162190496065512030, 0.2448571369253320085, 0.08742623296605510352 ) ) ;
#4021 = CARTESIAN_POINT ( 'NONE',  ( 0.01982254504085734920, 0.2149182843917519792, 0.07938300352605119625 ) ) ;
#4022 = CARTESIAN_POINT ( 'NONE',  ( 0.02529293593044980998, 0.1263662855007453012, 0.08867172792993838204 ) ) ;
#4023 = ORIENTED_EDGE ( 'NONE', *, *, #421, .F. ) ;
#4024 = CARTESIAN_POINT ( 'NONE',  ( 0.02449278559701180066, 0.2179757981386570009, 0.07467132120181679822 ) ) ;
#4025 = CARTESIAN_POINT ( 'NONE',  ( 0.01090706449123252271, 0.2591178529226567662, 0.08339613780549137712 ) ) ;
#4026 = CARTESIAN_POINT ( 'NONE',  ( 0.03417390994337050208, 0.1617693172453810169, 0.07467622056792129481 ) ) ;
#4027 = EDGE_CURVE ( 'NONE', #1366, #2694, #3275, .T. ) ;
#4028 = CARTESIAN_POINT ( 'NONE',  ( 0.01162196330320891882, 0.2448571369253340069, 0.08731094835368549689 ) ) ;
#4029 = B_SPLINE_CURVE_WITH_KNOTS ( 'NONE', 3,
 ( #1144, #3496, #1104, #1847 ),
 .UNSPECIFIED., .F., .F.,
 ( 4, 4 ),
 ( 0.000000000000000000, 0.6885845954575720018 ),
 .UNSPECIFIED. ) ;
#4030 = B_SPLINE_CURVE_WITH_KNOTS ( 'NONE', 3,
 ( #2241, #3585, #2261, #3605, #430, #4078, #2068, #1431, #3697, #2710, #1043, #1745, #715, #2051, #2382, #1064, #41, #1392, #62, #3083, #1767, #16, #3387, #694, #3019, #347, #1705, #3363, #2029, #3408, #83, #1679, #3103, #3042, #370, #1343, #106, #1102, #392, #1367, #2689, #1726, #4032, #4058 ),
 .UNSPECIFIED., .F., .F.,
 ( 4, 2, 2, 1, 1, 1, 1, 2, 2, 2, 2, 2, 1, 1, 1, 1, 2, 2, 2, 2, 2, 1, 1, 1, 1, 2, 2, 4 ),
 ( 0.000000000000000000, 0.1250000000000706935, 0.1875000000001060263, 0.2187500000001240952, 0.2343750000001335876, 0.2421875000001385558, 0.2460937500001404155, 0.2480468750001410261, 0.2500000000001416645, 0.3750000000001705303, 0.4375000000001857958, 0.4687500000001934564, 0.4843750000001973421, 0.4921875000001990630, 0.4960937500001992295, 0.4980468750001993961, 0.4990234375002002287, 0.5000000000002010614, 0.6250000000002446932, 0.6875000000002653433, 0.7187500000002755574, 0.7343750000002807754, 0.7421875000002835510, 0.7460937500002859935, 0.7480468750002872147, 0.7490234375002876588, 0.7500000000002879919, 1.000000000000000000 ),
 .UNSPECIFIED. ) ;
#4031 = EDGE_LOOP ( 'NONE', ( #3343, #4038, #761, #68 ) ) ;
#4032 = CARTESIAN_POINT ( 'NONE',  ( 0.007907865621341441872, 0.1425702086821158676, 0.07764904578029496740 ) ) ;
#4033 = CARTESIAN_POINT ( 'NONE',  ( 0.04797374122383230022, 0.2441481972118650090, 0.08254764507704340226 ) ) ;
#4034 = CARTESIAN_POINT ( 'NONE',  ( 0.01822776878250657873, 0.2660328169217063277, 0.08435270772075112444 ) ) ;
#4035 = APPLICATION_CONTEXT ( 'configuration controlled 3d designs of mechanical parts and assemblies' ) ;
#4036 = CARTESIAN_POINT ( 'NONE',  ( 0.03245782165529317170, 0.1507270693516763183, 0.08304911242970143548 ) ) ;
#4037 = CARTESIAN_POINT ( 'NONE',  ( 0.03064710398302734895, 0.2295637009066055223, 0.08881657317754580727 ) ) ;
#4038 = ORIENTED_EDGE ( 'NONE', *, *, #1562, .T. ) ;
#4039 = EDGE_CURVE ( 'NONE', #509, #3577, #301, .T. ) ;
#4040 = CARTESIAN_POINT ( 'NONE',  ( 0.03533685559153504352, 0.2359865594525837884, 0.08299601906031953136 ) ) ;
#4041 = CARTESIAN_POINT ( 'NONE',  ( 0.03474772125535813966, 0.2298581631973594108, 0.07368215119627188892 ) ) ;
#4042 = CARTESIAN_POINT ( 'NONE',  ( 0.02514859935350787640, 0.2365148383637996621, 0.08819934836642030762 ) ) ;
#4043 = CARTESIAN_POINT ( 'NONE',  ( 0.02097291054054925205, 0.1558049603089644852, 0.07466953988428370881 ) ) ;
#4044 = EDGE_CURVE ( 'NONE', #434, #3386, #253, .T. ) ;
#4045 = CARTESIAN_POINT ( 'NONE',  ( 0.01194451513788394488, 0.1433594561696274472, 0.07739821947142219716 ) ) ;
#4046 = CARTESIAN_POINT ( 'NONE',  ( 0.04081446833145747910, 0.2383094459912410978, 0.07699887929219996485 ) ) ;
#4047 = PLANE ( 'NONE',  #1450 ) ;
#4048 = CARTESIAN_POINT ( 'NONE',  ( 0.01976635805748229793, 0.2183812325748205052, 0.07938297509127618945 ) ) ;
#4049 = APPLICATION_PROTOCOL_DEFINITION ( 'international standard', 'config_control_design', 1994, #4035 ) ;
#4050 = EDGE_LOOP ( 'NONE', ( #1149, #2737, #448, #1022 ) ) ;
#4051 = CARTESIAN_POINT ( 'NONE',  ( 0.02414265091087694839, 0.1947833882581729847, 0.07467114400772639771 ) ) ;
#4052 = CARTESIAN_POINT ( 'NONE',  ( 0.01629519140960753593, 0.2683463335223065793, 0.08451903339129641923 ) ) ;
#4053 = CARTESIAN_POINT ( 'NONE',  ( 0.03674593866356105215, 0.2293555115341550099, 0.07667752246110250136 ) ) ;
#4054 = CARTESIAN_POINT ( 'NONE',  ( 0.04492976237291205349, 0.2350905149386139925, 0.08175273254340649498 ) ) ;
#4055 = AXIS2_PLACEMENT_3D ( 'NONE', #141, #748, #2810 ) ;
#4056 = VERTEX_POINT ( 'NONE', #1876 ) ;
#4057 = AXIS2_PLACEMENT_3D ( 'NONE', #3816, #807, #828 ) ;
#4058 = CARTESIAN_POINT ( 'NONE',  ( 0.007227666556834820219, 0.1405165944884207985, 0.07819309594263819385 ) ) ;
#4059 = CARTESIAN_POINT ( 'NONE',  ( 0.03156904497474757876, 0.2714859450770722993, 0.08467121658008866514 ) ) ;
#4060 = CARTESIAN_POINT ( 'NONE',  ( 0.03332245475182255695, 0.1504305295228298700, 0.08542151109419188204 ) ) ;
#4061 = CARTESIAN_POINT ( 'NONE',  ( 0.03309968208230670145, 0.2294800702513010160, 0.07870906704648748808 ) ) ;
#4062 = AXIS2_PLACEMENT_3D ( 'NONE', #3152, #3838, #3419 ) ;
#4063 = ORIENTED_EDGE ( 'NONE', *, *, #4116, .T. ) ;
#4064 = EDGE_LOOP ( 'NONE', ( #250, #2097, #46, #3990 ) ) ;
#4065 = VECTOR ( 'NONE', #2148, 1.000000000000000000 ) ;
#4066 = CARTESIAN_POINT ( 'NONE',  ( 0.03836544339824241034, 0.2308721906780821509, 0.07379073721228872340 ) ) ;
#4067 = FACE_OUTER_BOUND ( 'NONE', #2569, .T. ) ;
#4068 = CARTESIAN_POINT ( 'NONE',  ( 0.02414381644298210089, 0.2269237230338634892, 0.07467114459757338840 ) ) ;
#4069 = CARTESIAN_POINT ( 'NONE',  ( 0.03422744083171010837, 0.2357568081642422153, 0.07558600367608957205 ) ) ;
#4070 = FACE_OUTER_BOUND ( 'NONE', #478, .T. ) ;
#4071 = CARTESIAN_POINT ( 'NONE',  ( 0.01977532937255360029, 0.2179748310797955113, 0.07938297963142630642 ) ) ;
#4072 = CARTESIAN_POINT ( 'NONE',  ( 0.03420430421880660266, 0.1971627479674739891, 0.07667623620578720156 ) ) ;
#4073 = CARTESIAN_POINT ( 'NONE',  ( 0.02379823660268655036, 0.1868506700603359827, 0.07467096970857250993 ) ) ;
#4074 = CARTESIAN_POINT ( 'NONE',  ( 0.02358475128218787478, 0.2731011487593949516, 0.08468176317343117931 ) ) ;
#4075 = CARTESIAN_POINT ( 'NONE',  ( 0.02406467078066254831, 0.1926730392376055090, 0.07667110480011610218 ) ) ;
#4076 = CARTESIAN_POINT ( 'NONE',  ( 0.01498365947080932022, 0.2010968947375494920, 0.08469646950297018972 ) ) ;
#4077 = VERTEX_POINT ( 'NONE', #4269 ) ;
#4078 = CARTESIAN_POINT ( 'NONE',  ( 0.02217248553391684696, 0.1540653891759824479, 0.07391045001367996248 ) ) ;
#4079 = CARTESIAN_POINT ( 'NONE',  ( 0.02360331901410171740, 0.2698401273000092249, 0.08461086433207493096 ) ) ;
#4080 = CARTESIAN_POINT ( 'NONE',  ( 0.03248558118473818951, 0.1507182436517603696, 0.08309296436938337638 ) ) ;
#4081 = DIRECTION ( 'NONE',  ( -0.9994165763531819291, 0.03415041871287127079, -0.0005057788251457607685 ) ) ;
#4082 = ORIENTED_EDGE ( 'NONE', *, *, #1365, .T. ) ;
#4083 = ORIENTED_EDGE ( 'NONE', *, *, #3565, .T. ) ;
#4084 = CARTESIAN_POINT ( 'NONE',  ( 0.03274464749387336754, 0.2295931093239637899, 0.07367600350401734555 ) ) ;
#4085 = CARTESIAN_POINT ( 'NONE',  ( 0.09526876281575920313, 0.1995763859934019946, 0.05683227346747819764 ) ) ;
#4086 = ADVANCED_FACE ( 'NONE', ( #3209 ), #558, .F. ) ;
#4087 = B_SPLINE_CURVE_WITH_KNOTS ( 'NONE', 3,
 ( #1986, #3639, #455, #3994, #309, #3971, #1306, #1716, #2449, #3792, #2014, #780, #3325, #3031, #29, #2118, #331, #1643, #633, #1966, #2699, #3305, #358, #3458, #1788, #2677, #2369, #1666, #1330, #4018, #1353, #4045, #1028, #3711, #704, #2039, #381, #1458, #3166, #2885, #2218, #4202, #1831, #3537, #4161, #131, #4180, #1477, #515, #1539, #212, #171, #1497, #2801, #1873, #3811, #2470, #1148, #1894, #4143, #3560, #823, #3500, #1188, #2840, #1167, #498, #3519, #2491, #3854, #2513, #2536, #4225, #1127, #2555, #803, #191, #2135, #2821, #3830, #3476, #1519, #3873, #479, #1209, #2159, #845, #1811, #3893, #556, #2177, #152, #3148, #865, #883, #1851, #3207, #3186, #2862, #535, #2195, #3628, #625, #2577, #2640, #2971, #1914, #299, #579, #600, #4333, #231, #1956, #948, #1564, #1976, #3919, #4267, #1933, #276, #1318, #1588, #2930, #3273, #2905, #2667, #1611, #2994, #2950, #3650, #3250, #647, #1653, #2596, #1256, #1275, #3316, #2619, #1232, #3961, #4006, #3939, #251, #2307, #320, #994, #3984, #4288, #2283, #2332, #971, #4311, #3296, #3673, #668, #3229, #929, #4244, #1296, #1633, #906 ),
 .UNSPECIFIED., .F., .F.,
 ( 4, 2, 2, 1, 1, 1, 1, 1, 2, 2, 2, 2, 2, 1, 1, 1, 1, 2, 2, 2, 2, 2, 1, 1, 1, 1, 1, 2, 2, 2, 2, 1, 1, 1, 1, 2, 2, 2, 2, 1, 1, 1, 2, 2, 2, 2, 1, 1, 1, 2, 2, 2, 2, 2, 2, 2, 1, 1, 1, 2, 2, 2, 2, 1, 1, 1, 2, 2, 2, 2, 1, 1, 1, 1, 2, 2, 2, 2, 1, 1, 1, 1, 1, 1, 2, 2, 2, 2, 2, 1, 1, 1, 2, 2, 2, 2, 2, 1, 1, 1, 1, 2, 2, 4 ),
 ( 0.000000000000000000, 0.03125000000019088897, 0.04687500000028641672, 0.05468750000033425346, 0.05859375000035815795, 0.06054687500037011366, 0.06152343750037608805, 0.06201171875037977954, 0.06225585937538098691, 0.06250000000038219428, 0.09375000000072213069, 0.1093750000008920226, 0.1171875000009769546, 0.1210937500010194207, 0.1230468750010405704, 0.1240234375010506318, 0.1245117187510556417, 0.1247558593760577095, 0.1250000000010597634, 0.1562500000014046264, 0.1718750000015776269, 0.1796875000016641133, 0.1835937500017082169, 0.1855468750017302826, 0.1865234375017411073, 0.1870117187517478519, 0.1872558593767522650, 0.1873779296892533475, 0.1875000000017544299, 0.2187500000017916779, 0.2343750000018097468, 0.2421875000018187118, 0.2460937500018226254, 0.2480468750018239854, 0.2490234375018247071, 0.2495117187518250401, 0.2500000000018253732, 0.2812500000018260393, 0.2968750000018263724, 0.3046875000018264834, 0.3085937500018268720, 0.3105468750018274271, 0.3115234375018280932, 0.3125000000018287594, 0.3437500000018569590, 0.3593750000018715030, 0.3671875000018785529, 0.3710937500018822166, 0.3730468750018842150, 0.3740234375018851587, 0.3750000000018860469, 0.4375000000019262369, 0.5000000000019664270, 0.5625000000020067281, 0.5937500000020268232, 0.6093750000020369262, 0.6171875000020418112, 0.6210937500020446977, 0.6230468750020462521, 0.6240234375020472513, 0.6250000000020481394, 0.6562500000020713431, 0.6718750000020833335, 0.6796875000020892177, 0.6835937500020918822, 0.6855468750020927704, 0.6865234375020936586, 0.6875000000020944357, 0.7187500000021189717, 0.7343750000021308511, 0.7421875000021362911, 0.7460937500021391777, 0.7480468750021406210, 0.7490234375021416202, 0.7495117187521420643, 0.7500000000021425084, 0.7812500000021632696, 0.7968750000021742608, 0.8046875000021798119, 0.8085937500021831426, 0.8105468750021846969, 0.8115234375021850299, 0.8120117187521846969, 0.8122558593771850299, 0.8123779296896852520, 0.8125000000021854740, 0.8437500000017505997, 0.8593750000015325519, 0.8671875000014235280, 0.8710937500013690160, 0.8730468750013417045, 0.8740234375013277157, 0.8745117187513208323, 0.8750000000013138379, 0.9062500000008435475, 0.9218750000006090684, 0.9296875000004909406, 0.9335937500004309886, 0.9355468750004019007, 0.9365234375003882450, 0.9370117187503822498, 0.9372558593753803624, 0.9375000000003783640, 1.000000000000000000 ),
 .UNSPECIFIED. ) ;
#4088 = CARTESIAN_POINT ( 'NONE',  ( 0.01655648794712630614, 0.2429386176098073391, 0.07869664109375794359 ) ) ;
#4089 = FACE_BOUND ( 'NONE', #624, .T. ) ;
#4090 = CARTESIAN_POINT ( 'NONE',  ( 0.02213133227306439757, 0.2181032581774179913, 0.07702714903746260555 ) ) ;
#4091 = CARTESIAN_POINT ( 'NONE',  ( 0.009588666411566837064, 0.1453814057044993113, 0.08465754453686544223 ) ) ;
#4092 = CARTESIAN_POINT ( 'NONE',  ( 0.04061584940092641954, 0.1497538829770128088, 0.08004741938263160161 ) ) ;
#4093 = CARTESIAN_POINT ( 'NONE',  ( 0.01114640084652798388, 0.2599275294566534833, 0.08353939411168742613 ) ) ;
#4094 = CARTESIAN_POINT ( 'NONE',  ( 0.03399163216381780039, 0.1897599368748789928, 0.07467612832186160121 ) ) ;
#4095 = CARTESIAN_POINT ( 'NONE',  ( 0.01000637208737945906, 0.1395960096365071734, 0.08173505872077160839 ) ) ;
#4096 = ORIENTED_EDGE ( 'NONE', *, *, #1981, .F. ) ;
#4097 = ADVANCED_FACE ( 'NONE', ( #233 ), #2907, .F. ) ;
#4098 = CARTESIAN_POINT ( 'NONE',  ( 0.04778247475766987662, 0.2386076155924551079, 0.08468430645860661188 ) ) ;
#4099 = CARTESIAN_POINT ( 'NONE',  ( 0.04917001881860874613, 0.2540399064274301844, 0.08265166540679089180 ) ) ;
#4100 = CARTESIAN_POINT ( 'NONE',  ( 0.02998062492020859768, 0.1513194223988559572, 0.08091523210012936673 ) ) ;
#4101 = DIRECTION ( 'NONE',  ( -0.9994165763531821511, 0.03415041871286384617, -0.0005057788251476107427 ) ) ;
#4102 = ORIENTED_EDGE ( 'NONE', *, *, #643, .T. ) ;
#4103 = ORIENTED_EDGE ( 'NONE', *, *, #96, .F. ) ;
#4104 = CARTESIAN_POINT ( 'NONE',  ( 0.03238619843010657334, 0.2461938387646807058, 0.09467631841469821563 ) ) ;
#4105 = CC_DESIGN_DATE_AND_TIME_ASSIGNMENT ( #1135, #2891, ( #3643 ) ) ;
#4106 = CARTESIAN_POINT ( 'NONE',  ( 0.02071684208147938841, 0.2388180009863864472, 0.07690253688382633901 ) ) ;
#4107 = DIRECTION ( 'NONE',  ( -0.0005060740159282030044, -3.480932718718385460E-16, 0.9999998719445369888 ) ) ;
#4108 = CARTESIAN_POINT ( 'NONE',  ( 0.02218347644203354924, 0.2105359156720155167, 0.07702717542627189606 ) ) ;
#4109 = CARTESIAN_POINT ( 'NONE',  ( 0.03656898809323344546, 0.2281864198122675047, 0.07667743291100519165 ) ) ;
#4110 = CARTESIAN_POINT ( 'NONE',  ( 0.02878332971726577094, 0.1407553764574487054, 0.09467449509622631598 ) ) ;
#4111 = CARTESIAN_POINT ( 'NONE',  ( 0.04803332693185188157, 0.1325095252375759758, 0.07975180624448774402 ) ) ;
#4112 = CARTESIAN_POINT ( 'NONE',  ( 0.04708262552346771657, 0.1399231154755005146, 0.07801580144402850414 ) ) ;
#4113 = LINE ( 'NONE', #3511, #3619 ) ;
#4114 = LINE ( 'NONE', #1098, #3846 ) ;
#4115 = PLANE ( 'NONE',  #4332 ) ;
#4116 = EDGE_CURVE ( 'NONE', #1160, #303, #239, .T. ) ;
#4117 = ORIENTED_EDGE ( 'NONE', *, *, #791, .F. ) ;
#4118 = CARTESIAN_POINT ( 'NONE',  ( 0.04807948632909618547, 0.2390928151941859037, 0.08509564763011433219 ) ) ;
#4119 = CARTESIAN_POINT ( 'NONE',  ( 0.03750093848702983068, 0.2703314206680283993, 0.08465170851770298377 ) ) ;
#4120 = DIRECTION ( 'NONE',  ( 0.6162518570600119538, -0.7875490787295457151, 0.0003118690920618394260 ) ) ;
#4121 = CARTESIAN_POINT ( 'NONE',  ( 0.04555584405697690048, 0.2346613971036034807, 0.07366099712857569759 ) ) ;
#4122 = EDGE_LOOP ( 'NONE', ( #4205, #3165 ) ) ;
#4123 = CARTESIAN_POINT ( 'NONE',  ( 0.02415243995643314920, 0.2306911771725944915, 0.07667114921782099135 ) ) ;
#4124 = ORIENTED_EDGE ( 'NONE', *, *, #3112, .T. ) ;
#4125 = CARTESIAN_POINT ( 'NONE',  ( 0.03065426095039625043, 0.2295637009066055223, 0.07467443936479270516 ) ) ;
#4126 = AXIS2_PLACEMENT_3D ( 'NONE', #531, #1453, #841 ) ;
#4127 = CARTESIAN_POINT ( 'NONE',  ( 0.02176441343176644186, 0.2381248312858599836, 0.07658025778702985675 ) ) ;
#4128 = DIRECTION ( 'NONE',  ( -0.9994165763531819291, 0.03415041871287123609, -0.0005057788251476106342 ) ) ;
#4129 = CARTESIAN_POINT ( 'NONE',  ( 0.02216850064414349966, 0.2159334499503764992, 0.07702716784741080180 ) ) ;
#4130 =( NAMED_UNIT ( * ) PLANE_ANGLE_UNIT ( ) SI_UNIT ( $, .RADIAN. ) );
#4131 = FACE_OUTER_BOUND ( 'NONE', #337, .T. ) ;
#4132 = CARTESIAN_POINT ( 'NONE',  ( 0.01325175965854140207, 0.2402942366465223856, 0.08508596384218593267 ) ) ;
#4133 = CARTESIAN_POINT ( 'NONE',  ( 0.04594611252851542316, 0.1428759626209642475, 0.07722652053592789223 ) ) ;
#4134 = CARTESIAN_POINT ( 'NONE',  ( 0.04646016268328809901, 0.1423607497459552229, 0.08882457575669110150 ) ) ;
#4135 = CARTESIAN_POINT ( 'NONE',  ( 0.04204052058960379423, 0.2125565339305744983, 0.08175127037363889848 ) ) ;
#4136 = ORIENTED_EDGE ( 'NONE', *, *, #920, .T. ) ;
#4137 = CARTESIAN_POINT ( 'NONE',  ( 0.01978156195754095584, 0.1170901822891535077, 0.08228537307048389149 ) ) ;
#4138 = EDGE_CURVE ( 'NONE', #1566, #39, #3445, .T. ) ;
#4139 = CARTESIAN_POINT ( 'NONE',  ( 0.04647227177729897768, 0.2629206571302686313, 0.08414979393960891896 ) ) ;
#4140 = DIRECTION ( 'NONE',  ( 0.7875489778795833340, 0.6162519359744393910, 0.0003985581250134316556 ) ) ;
#4141 = CARTESIAN_POINT ( 'NONE',  ( 0.02519514515173865155, 0.2303599781951661540, 0.07368841861307723340 ) ) ;
#4142 = ORIENTED_EDGE ( 'NONE', *, *, #4157, .T. ) ;
#4143 = CARTESIAN_POINT ( 'NONE',  ( 0.01688427597550422668, 0.1484187181079049400, 0.07585973479262261843 ) ) ;
#4144 = ORIENTED_EDGE ( 'NONE', *, *, #4287, .T. ) ;
#4145 = CARTESIAN_POINT ( 'NONE',  ( 0.03238923538027616011, 0.2461938387646807058, 0.08867531918315911532 ) ) ;
#4146 = CARTESIAN_POINT ( 'NONE',  ( 0.03294703550408985965, 0.2355710998271073331, 0.07546288867994692395 ) ) ;
#4147 = CARTESIAN_POINT ( 'NONE',  ( 0.04070056479689594664, 0.1112357991242054062, 0.08667952507544229857 ) ) ;
#4148 = CARTESIAN_POINT ( 'NONE',  ( 0.02215495057699044812, 0.2168715651914124853, 0.07702716099007329842 ) ) ;
#4149 = FACE_OUTER_BOUND ( 'NONE', #1068, .T. ) ;
#4150 = CARTESIAN_POINT ( 'NONE',  ( 0.04497026130903512831, 0.1446582849720866037, 0.07672243155651908841 ) ) ;
#4151 = DIRECTION ( 'NONE',  ( 0.7875489778795837781, 0.6162519359744388359, 0.0003985581250134319267 ) ) ;
#4152 = DIRECTION ( 'NONE',  ( 0.6162518570600110657, -0.7875490787295463813, 0.0003118690920650413461 ) ) ;
#4153 = VERTEX_POINT ( 'NONE', #756 ) ;
#4154 = CARTESIAN_POINT ( 'NONE',  ( 0.03390954066675436890, 0.1169207954040793057, 0.08225999642190466588 ) ) ;
#4155 = CARTESIAN_POINT ( 'NONE',  ( 0.04283568196468063444, 0.2671840662707251624, 0.08451652000205016335 ) ) ;
#4156 = CARTESIAN_POINT ( 'NONE',  ( 0.03318187312372947173, 0.1504824266076097705, 0.08771856495736053694 ) ) ;
#4157 = EDGE_CURVE ( 'NONE', #1415, #514, #452, .T. ) ;
#4158 = CARTESIAN_POINT ( 'NONE',  ( 0.01930697591462806825, 0.2332284986849736397, 0.07416693345169768359 ) ) ;
#4159 = ADVANCED_FACE ( 'NONE', ( #3145 ), #3454, .F. ) ;
#4160 = EDGE_LOOP ( 'NONE', ( #2306, #3718 ) ) ;
#4161 = CARTESIAN_POINT ( 'NONE',  ( 0.01314878124628787552, 0.1450159781615583121, 0.07692015746837028989 ) ) ;
#4162 = DIRECTION ( 'NONE',  ( -0.0005060740159282030044, -3.480932718718385460E-16, 0.9999998719445369888 ) ) ;
#4163 = LINE ( 'NONE', #1773, #3734 ) ;
#4164 = DIRECTION ( 'NONE',  ( -0.6162518570600098444, 0.7875490787295470474, -0.0003118690920650416172 ) ) ;
#4165 = FACE_BOUND ( 'NONE', #192, .T. ) ;
#4166 = CARTESIAN_POINT ( 'NONE',  ( 0.02214257324563344981, 0.2175524783101190074, 0.07702715472622730097 ) ) ;
#4167 = DATE_AND_TIME ( #2519, #209 ) ;
#4168 = CARTESIAN_POINT ( 'NONE',  ( 0.009281614112327281688, 0.1449025635171302950, 0.08506767246070290334 ) ) ;
#4169 = CARTESIAN_POINT ( 'NONE',  ( 0.01298747083639937086, 0.2408381023591119607, 0.08552960853701664645 ) ) ;
#4170 = CARTESIAN_POINT ( 'NONE',  ( 0.03659181188043145877, 0.1523963239084397681, 0.07433343267162922929 ) ) ;
#4171 = CARTESIAN_POINT ( 'NONE',  ( 0.04511554378688240052, 0.2210019324913985173, 0.08732789858663919658 ) ) ;
#4172 = LINE ( 'NONE', #3122, #67 ) ;
#4173 = ORIENTED_EDGE ( 'NONE', *, *, #203, .T. ) ;
#4174 = CARTESIAN_POINT ( 'NONE',  ( 0.03976342090938062707, 0.1208237451028114640, 0.08177950799450330044 ) ) ;
#4175 = B_SPLINE_CURVE_WITH_KNOTS ( 'NONE', 3,
 ( #78, #2829, #120, #2481, #161, #1486, #4169, #767, #2063, #3422, #3779, #3488, #2789, #1777, #2125, #4132, #1117, #3078, #3139, #3465, #2417 ),
 .UNSPECIFIED., .F., .F.,
 ( 4, 2, 2, 2, 1, 1, 1, 1, 1, 2, 2, 2, 4 ),
 ( 0.000000000000000000, 0.2499999999998028799, 0.3749999999997017941, 0.4374999999996553868, 0.4687499999996335709, 0.4843749999996227462, 0.4921874999996123656, 0.4960937499996106448, 0.4980468749996113109, 0.4990234374996136979, 0.4999999999996160849, 0.7499999999998080424, 1.000000000000000000 ),
 .UNSPECIFIED. ) ;
#4176 = CARTESIAN_POINT ( 'NONE',  ( 0.04363562697125872303, 0.2664493621449107175, 0.08446863410614670331 ) ) ;
#4177 = CARTESIAN_POINT ( 'NONE',  ( 0.04728800023381009993, 0.1391476224640769976, 0.08377761551623040537 ) ) ;
#4178 = CARTESIAN_POINT ( 'NONE',  ( 0.01931562601143013702, 0.2332223095289743531, 0.07416510202803511254 ) ) ;
#4179 = ORIENTED_EDGE ( 'NONE', *, *, #774, .F. ) ;
#4180 = CARTESIAN_POINT ( 'NONE',  ( 0.01392112591987088727, 0.1458823658652513011, 0.07665994491711992931 ) ) ;
#4181 = ORIENTED_EDGE ( 'NONE', *, *, #143, .T. ) ;
#4182 = CARTESIAN_POINT ( 'NONE',  ( 0.04131631057994010481, 0.1104482500454759958, 0.08767983681647889549 ) ) ;
#4183 = AXIS2_PLACEMENT_3D ( 'NONE', #488, #730, #2104 ) ;
#4184 = CARTESIAN_POINT ( 'NONE',  ( 0.01428772670413089828, 0.2471713718309434260, 0.08028925901810360366 ) ) ;
#4185 = CIRCLE ( 'NONE', #2288, 0.001499999999999998730 ) ;
#4186 = FACE_OUTER_BOUND ( 'NONE', #3499, .T. ) ;
#4187 = CARTESIAN_POINT ( 'NONE',  ( 0.01995127383010510125, 0.1658278433500824933, 0.07702604576639010547 ) ) ;
#4188 = COORDINATED_UNIVERSAL_TIME_OFFSET ( 2, 0, .AHEAD. ) ;
#4189 = CARTESIAN_POINT ( 'NONE',  ( 0.01162376190687075886, 0.2448571369253320085, 0.08375691598987711206 ) ) ;
#4190 = AXIS2_PLACEMENT_3D ( 'NONE', #1328, #723, #955 ) ;
#4191 = CARTESIAN_POINT ( 'NONE',  ( 0.04769107233921304062, 0.1297063430182205379, 0.08031357588009652160 ) ) ;
#4192 = CARTESIAN_POINT ( 'NONE',  ( 0.04328550627385677890, 0.1470913662864025695, 0.07600867094390791057 ) ) ;
#4193 = CARTESIAN_POINT ( 'NONE',  ( 0.01732703976358419828, 0.2211193019339309784, 0.08173876352147890767 ) ) ;
#4194 = CARTESIAN_POINT ( 'NONE',  ( 0.04241740417448659761, 0.2172790150192654979, 0.08175146110465260352 ) ) ;
#4195 = VERTEX_POINT ( 'NONE', #3126 ) ;
#4196 = CARTESIAN_POINT ( 'NONE',  ( 0.03944221592120083358, 0.1205123131552366667, 0.08182117771565167175 ) ) ;
#4197 = CARTESIAN_POINT ( 'NONE',  ( 0.03558730136578515391, 0.2200596584907416886, 0.07467736094002973279 ) ) ;
#4198 = FACE_OUTER_BOUND ( 'NONE', #2863, .T. ) ;
#4199 = ORGANIZATION ( 'UNSPECIFIED', 'UNSPECIFIED', '' ) ;
#4200 = FACE_OUTER_BOUND ( 'NONE', #364, .T. ) ;
#4201 = ORIENTED_EDGE ( 'NONE', *, *, #1882, .T. ) ;
#4202 = CARTESIAN_POINT ( 'NONE',  ( 0.01237859634043936632, 0.1439955562819050239, 0.07721655962676000906 ) ) ;
#4203 = ORIENTED_EDGE ( 'NONE', *, *, #2597, .T. ) ;
#4204 = DIRECTION ( 'NONE',  ( -0.7875489778795833340, -0.6162519359744393910, -0.0003985581250137551273 ) ) ;
#4205 = ORIENTED_EDGE ( 'NONE', *, *, #1500, .F. ) ;
#4206 = CARTESIAN_POINT ( 'NONE',  ( 0.03674695081159289750, 0.2293555115341550099, 0.07467752271721339596 ) ) ;
#4207 = CARTESIAN_POINT ( 'NONE',  ( 0.02487383507685233044, 0.2366150154288947649, 0.08530574119879688610 ) ) ;
#4208 = EDGE_CURVE ( 'NONE', #377, #594, #3017, .T. ) ;
#4209 = CARTESIAN_POINT ( 'NONE',  ( 0.01730641836570229880, 0.1531311592576954927, 0.07871506342715939297 ) ) ;
#4210 = ADVANCED_FACE ( 'NONE', ( #1910 ), #2529, .F. ) ;
#4211 = LINE ( 'NONE', #1197, #689 ) ;
#4212 = CARTESIAN_POINT ( 'NONE',  ( 0.04572765315707423561, 0.1239655329554883445, 0.08130892967447901631 ) ) ;
#4213 = CARTESIAN_POINT ( 'NONE',  ( 0.02228840735552243060, 0.1509243196890823480, 0.08403158107673158739 ) ) ;
#4214 = CARTESIAN_POINT ( 'NONE',  ( 0.01743161351632009984, 0.2073871606093300179, 0.08173881644354290266 ) ) ;
#4215 = PRODUCT_DEFINITION_SHAPE ( 'NONE', 'NONE',  #3643 ) ;
#4216 = CARTESIAN_POINT ( 'NONE',  ( 0.04492976237351144903, 0.2350905149384920068, 0.08175273254401869971 ) ) ;
#4217 = VECTOR ( 'NONE', #581, 1.000000000000000000 ) ;
#4218 = ORIENTED_EDGE ( 'NONE', *, *, #1147, .T. ) ;
#4219 = EDGE_CURVE ( 'NONE', #3167, #2514, #1528, .T. ) ;
#4220 = CARTESIAN_POINT ( 'NONE',  ( 0.04665836237829349559, 0.1133582125825930015, 0.08668254016237650350 ) ) ;
#4221 = CARTESIAN_POINT ( 'NONE',  ( 0.01466172561040830075, 0.1948046834474655153, 0.09466634851828149844 ) ) ;
#4222 = CARTESIAN_POINT ( 'NONE',  ( 0.02450458280729519989, 0.2175435454032519922, 0.07667132742819060542 ) ) ;
#4223 = CARTESIAN_POINT ( 'NONE',  ( 0.02097189839251739976, 0.1558049603089644852, 0.07666953962817280033 ) ) ;
#4224 = EDGE_LOOP ( 'NONE', ( #3130, #2758, #205, #3649, #2422, #2904, #454 ) ) ;
#4225 = CARTESIAN_POINT ( 'NONE',  ( 0.02040711442376844445, 0.1502918801845797847, 0.07522214582688235840 ) ) ;
#4226 = ORIENTED_EDGE ( 'NONE', *, *, #269, .F. ) ;
#4227 = CARTESIAN_POINT ( 'NONE',  ( 0.04813033744559423732, 0.2658604606011455429, 0.08444060624114423097 ) ) ;
#4228 = EDGE_LOOP ( 'NONE', ( #3025, #4259, #2091, #844 ) ) ;
#4229 = CARTESIAN_POINT ( 'NONE',  ( 0.01331643241731557056, 0.2401834985342733153, 0.07742692880455377680 ) ) ;
#4230 = CARTESIAN_POINT ( 'NONE',  ( 0.006563484300301584452, 0.1383218493130935478, 0.07874500918672601435 ) ) ;
#4231 = CARTESIAN_POINT ( 'NONE',  ( 0.02577021394868022480, 0.2363103386779811521, 0.08297657195360511051 ) ) ;
#4232 = CARTESIAN_POINT ( 'NONE',  ( 0.03488247623086423305, 0.2533627714289977684, 0.09467758171619150565 ) ) ;
#4233 = CARTESIAN_POINT ( 'NONE',  ( 0.02388010868621121691, 0.2301375215609103297, 0.07467108502179264917 ) ) ;
#4234 = CARTESIAN_POINT ( 'NONE',  ( 0.04591100823034840323, 0.1243315472305780434, 0.08125182229507238452 ) ) ;
#4235 = CARTESIAN_POINT ( 'NONE',  ( 0.02198432467523306344, 0.1508391447689170772, 0.08496892495862426453 ) ) ;
#4236 = CARTESIAN_POINT ( 'NONE',  ( 0.01740431769675889959, 0.2185176310372209940, 0.08173880262983779232 ) ) ;
#4237 = CARTESIAN_POINT ( 'NONE',  ( 0.03978540613506884732, 0.2139945558133225234, 0.07939310621267549328 ) ) ;
#4238 = ORIENTED_EDGE ( 'NONE', *, *, #686, .F. ) ;
#4239 = CARTESIAN_POINT ( 'NONE',  ( 0.01014505569940366177, 0.2540889605472311241, 0.08231515893046456589 ) ) ;
#4240 = CARTESIAN_POINT ( 'NONE',  ( 0.03639653537905064573, 0.2270430209620644679, 0.07467780782791119676 ) ) ;
#4241 = CARTESIAN_POINT ( 'NONE',  ( 0.02418987668425435014, 0.1959007895799755039, 0.07667116816357860687 ) ) ;
#4242 = CARTESIAN_POINT ( 'NONE',  ( 0.02284846657680325230, 0.1686197085875764945, 0.07427048900335848913 ) ) ;
#4243 = VERTEX_POINT ( 'NONE', #2681 ) ;
#4244 = CARTESIAN_POINT ( 'NONE',  ( 0.04481063089785773668, 0.1364536240658509036, 0.07889396909013958459 ) ) ;
#4245 = ORIENTED_EDGE ( 'NONE', *, *, #3885, .F. ) ;
#4246 = CARTESIAN_POINT ( 'NONE',  ( 0.04471559757327799728, 0.2695142183317674189, 0.08463659789893943075 ) ) ;
#4247 = CARTESIAN_POINT ( 'NONE',  ( 0.04069854050083224900, 0.1112357991242054062, 0.09067952456322039834 ) ) ;
#4248 = EDGE_CURVE ( 'NONE', #1416, #3552, #187, .T. ) ;
#4249 = CARTESIAN_POINT ( 'NONE',  ( 0.01468655827745257540, 0.2461902466149265833, 0.07994266764467630737 ) ) ;
#4250 = CARTESIAN_POINT ( 'NONE',  ( 0.006157922853361583355, 0.1357510988729558055, 0.07933776853388674333 ) ) ;
#4251 = CARTESIAN_POINT ( 'NONE',  ( 0.02573964858689224006, 0.2363200193927900705, 0.08302337261114441092 ) ) ;
#4252 = CARTESIAN_POINT ( 'NONE',  ( 0.007227404983965859953, 0.1405165944884206042, 0.07870996269972760362 ) ) ;
#4253 = DIRECTION ( 'NONE',  ( -0.9994165763531820401, 0.03415041871287100017, -0.0005057788251479999712 ) ) ;
#4254 = CARTESIAN_POINT ( 'NONE',  ( 0.04403227450675973459, 0.1211898236431679932, 0.08171516014760088487 ) ) ;
#4255 = CARTESIAN_POINT ( 'NONE',  ( 0.02222335205064742206, 0.1509060789328560415, 0.08819793761377497932 ) ) ;
#4256 = CARTESIAN_POINT ( 'NONE',  ( 0.01747396500192270261, 0.2132827666829805180, 0.08173883787653220268 ) ) ;
#4257 = CARTESIAN_POINT ( 'NONE',  ( 0.03616300162285170094, 0.1814311982200169926, 0.07703425010165310116 ) ) ;
#4258 = AXIS2_PLACEMENT_3D ( 'NONE', #2205, #1219, #3546 ) ;
#4259 = ORIENTED_EDGE ( 'NONE', *, *, #1202, .T. ) ;
#4260 = VECTOR ( 'NONE', #3733, 1.000000000000000000 ) ;
#4261 = CARTESIAN_POINT ( 'NONE',  ( 0.04255042976125698873, 0.1481635811095352029, 0.08175152842484226245 ) ) ;
#4262 = CARTESIAN_POINT ( 'NONE',  ( 0.03403331791167358428, 0.1912477882663182749, 0.07467644999087502677 ) ) ;
#4263 = CARTESIAN_POINT ( 'NONE',  ( 0.03410248650686115157, 0.1937444898883554922, 0.07707618472970449719 ) ) ;
#4264 = EDGE_CURVE ( 'NONE', #2234, #752, #903, .T. ) ;
#4265 = CARTESIAN_POINT ( 'NONE',  ( 0.03114529212994830015, 0.2534908354991710078, 0.07367468773488999867 ) ) ;
#4266 = VERTEX_POINT ( 'NONE', #4022 ) ;
#4267 = CARTESIAN_POINT ( 'NONE',  ( 0.04062175581748315306, 0.1453910613986739431, 0.07654900694958907681 ) ) ;
#4268 = DIRECTION ( 'NONE',  ( 0.9994165763531819291, -0.03415041871287124303, 0.0005057788251480732633 ) ) ;
#4269 = CARTESIAN_POINT ( 'NONE',  ( 0.04735438796413310447, 0.1388700672851874152, 0.09468289342732880143 ) ) ;
#4270 = DIRECTION ( 'NONE',  ( -0.0005060740159296040104, -3.856891649251099970E-16, 0.9999998719445369888 ) ) ;
#4271 = CARTESIAN_POINT ( 'NONE',  ( 0.03690261410380060031, 0.2303687703243920137, 0.07667760175048179971 ) ) ;
#4272 = LINE ( 'NONE', #1025, #2316 ) ;
#4273 = CARTESIAN_POINT ( 'NONE',  ( 0.02633477920458078894, 0.2361423222222903961, 0.08224084400214426438 ) ) ;
#4274 = CARTESIAN_POINT ( 'NONE',  ( 0.03000138723540260108, 0.2295860272631405075, 0.07366615649509110353 ) ) ;
#4275 = CARTESIAN_POINT ( 'NONE',  ( 0.04008431293983600457, 0.1120233482029349970, 0.08667921320635019189 ) ) ;
#4276 = CARTESIAN_POINT ( 'NONE',  ( 0.04872531918019299552, 0.2496419598841664866, 0.08148273937092111174 ) ) ;
#4277 = CARTESIAN_POINT ( 'NONE',  ( 0.02484610863282328205, 0.1514260358530832851, 0.08115274443796323400 ) ) ;
#4278 = CARTESIAN_POINT ( 'NONE',  ( 0.01740758193057204833, 0.2060315725042665136, 0.08173880428178040281 ) ) ;
#4279 = CARTESIAN_POINT ( 'NONE',  ( 0.03383287082226429932, 0.1732390850626654988, 0.07467604797686160090 ) ) ;
#4280 = ORIENTED_EDGE ( 'NONE', *, *, #3349, .T. ) ;
#4281 = CARTESIAN_POINT ( 'NONE',  ( 0.04145897984938654718, 0.2037387727973444806, 0.08175097607033139646 ) ) ;
#4282 = CARTESIAN_POINT ( 'NONE',  ( 0.03358578759737679970, 0.1756406967826634746, 0.07707592324177879595 ) ) ;
#4283 = CARTESIAN_POINT ( 'NONE',  ( 0.01961807553438810192, 0.1483357140071775992, 0.07706885454473660912 ) ) ;
#4284 = B_SPLINE_SURFACE_WITH_KNOTS ( 'NONE', 3, 1, ( 
 ( #4308, #597 ),
 ( #1606, #2947 ),
 ( #1560, #273 ),
 ( #3647, #2238 ),
 ( #3916, #926 ),
 ( #2573, #1868 ),
 ( #2616, #575 ),
 ( #1229, #1206 ),
 ( #945, #4282 ),
 ( #2926, #4263 ) ),
 .UNSPECIFIED., .F., .F., .F.,
 ( 4, 2, 2, 2, 4 ),
 ( 2, 2 ),
 ( 0.000000000000000000, 2.206701809565169814, 3.034214988152099668, 5.786211114797930044, 13.81227645195970055 ),
 ( -0.03999999999999809958, 0.2399999999999999911 ),
 .UNSPECIFIED. ) ;
#4285 = VERTEX_POINT ( 'NONE', #2879 ) ;
#4286 = VECTOR ( 'NONE', #1001, 1.000000000000000000 ) ;
#4287 = EDGE_CURVE ( 'NONE', #2234, #39, #1389, .T. ) ;
#4288 = CARTESIAN_POINT ( 'NONE',  ( 0.04463604804269977883, 0.1373829610389548650, 0.07867301376377253130 ) ) ;
#4289 = CARTESIAN_POINT ( 'NONE',  ( 0.01214835835532541986, 0.09297824876729950117, 0.09066507605603629782 ) ) ;
#4290 = CARTESIAN_POINT ( 'NONE',  ( 0.01315140131487812017, 0.2541055430360029677, 0.08234502587701320042 ) ) ;
#4292 = EDGE_CURVE ( 'NONE', #3110, #396, #38, .T. ) ;
#4291 = CARTESIAN_POINT ( 'NONE',  ( 0.04542737688622130315, 0.1149333107400520027, 0.08368191680835870838 ) ) ;
#4293 = ORIENTED_EDGE ( 'NONE', *, *, #2787, .F. ) ;
#4294 = CARTESIAN_POINT ( 'NONE',  ( 0.03052716867213895596, 0.2355013348211475455, 0.08042437574761913954 ) ) ;
#4295 = CARTESIAN_POINT ( 'NONE',  ( 0.02632552853066869730, 0.1125730855985020429, 0.08267247772115020321 ) ) ;
#4296 = CARTESIAN_POINT ( 'NONE',  ( 0.02779024000256128182, 0.2358057152175138671, 0.08112067482035494048 ) ) ;
#4297 = CARTESIAN_POINT ( 'NONE',  ( 0.02354654355916319802, 0.1812938033001104954, 0.07467084233324779163 ) ) ;
#4298 = EDGE_CURVE ( 'NONE', #3937, #3895, #1205, .T. ) ;
#4299 = CARTESIAN_POINT ( 'NONE',  ( 0.03288137943803252222, 0.2606853809775226960, 0.09467656901297161198 ) ) ;
#4300 = CARTESIAN_POINT ( 'NONE',  ( 0.04117684098125862224, 0.2385454428323552090, 0.07711852820320903856 ) ) ;
#4301 = CARTESIAN_POINT ( 'NONE',  ( 0.03065426095039625043, 0.2295637009066055223, 0.07467443936479270516 ) ) ;
#4302 = CARTESIAN_POINT ( 'NONE',  ( 0.01963012883717769885, 0.2006173008329095175, 0.07938290614919789323 ) ) ;
#4303 = CARTESIAN_POINT ( 'NONE',  ( 0.03656375441511740265, 0.1974409687465245034, 0.07703445291225409497 ) ) ;
#4304 = ORIENTED_EDGE ( 'NONE', *, *, #3438, .F. ) ;
#4305 = EDGE_CURVE ( 'NONE', #2595, #480, #3955, .T. ) ;
#4306 = CARTESIAN_POINT ( 'NONE',  ( 0.02450035198232450306, 0.2175978415886344886, 0.07467132503096829410 ) ) ;
#4307 = CARTESIAN_POINT ( 'NONE',  ( 0.009405635019307691594, 0.1299667805141269672, 0.08048991511585823488 ) ) ;
#4308 = CARTESIAN_POINT ( 'NONE',  ( 0.04725495696340449581, 0.09973637421618750110, 0.07428284049554478852 ) ) ;
#4309 = CARTESIAN_POINT ( 'NONE',  ( 0.02411321347890104869, 0.1940858268889749938, 0.07707112941753958835 ) ) ;
#4310 = VERTEX_POINT ( 'NONE', #2703 ) ;
#4311 = CARTESIAN_POINT ( 'NONE',  ( 0.04477999196039482432, 0.1366368878209159310, 0.07885084010819051747 ) ) ;
#4312 = CARTESIAN_POINT ( 'NONE',  ( 0.02578507998820622760, 0.1408578277135873191, 0.09467297775975087870 ) ) ;
#4313 = CARTESIAN_POINT ( 'NONE',  ( 0.04736411160482679322, 0.2668303015997267602, 0.08450632747093923813 ) ) ;
#4314 = CARTESIAN_POINT ( 'NONE',  ( 0.03482947585117665557, 0.1531685207417529948, 0.07467655233283540528 ) ) ;
#4315 = ORIENTED_EDGE ( 'NONE', *, *, #4138, .T. ) ;
#4316 = CARTESIAN_POINT ( 'NONE',  ( 0.03340081393206397603, 0.2356333742595199399, 0.08119196103439831058 ) ) ;
#4317 = DIRECTION ( 'NONE',  ( 0.7875489778795833340, 0.6162519359744395020, 0.0003985581250137554526 ) ) ;
#4318 = CARTESIAN_POINT ( 'NONE',  ( 0.02409760668931693744, 0.1936696075097297520, 0.07467151581560893536 ) ) ;
#4319 = CARTESIAN_POINT ( 'NONE',  ( 0.02112811855778825090, 0.1568306986111984991, 0.07666961868714930461 ) ) ;
#4320 = EDGE_CURVE ( 'NONE', #1724, #760, #3690, .T. ) ;
#4321 = CARTESIAN_POINT ( 'NONE',  ( 0.02938794920712104602, 0.2462962900208193195, 0.09467380107835086933 ) ) ;
#4322 = CARTESIAN_POINT ( 'NONE',  ( 0.03808177694394169338, 0.2368805325903859116, 0.07624243583872980512 ) ) ;
#4323 = DIRECTION ( 'NONE',  ( -0.7875489778795837781, -0.6162519359744388359, -0.0003985581250134319267 ) ) ;
#4324 = CARTESIAN_POINT ( 'NONE',  ( 0.01904632161799645063, 0.2313662069118589959, 0.07938261069949710536 ) ) ;
#4325 = ORIENTED_EDGE ( 'NONE', *, *, #741, .F. ) ;
#4326 = CARTESIAN_POINT ( 'NONE',  ( 0.02113028539331144803, 0.1563331854194739967, 0.07466961952761770605 ) ) ;
#4327 = CARTESIAN_POINT ( 'NONE',  ( 0.04205184307794151283, 0.2179346761294090884, 0.08175127610304483428 ) ) ;
#4328 = AXIS2_PLACEMENT_3D ( 'NONE', #1574, #853, #2183 ) ;
#4329 = CARTESIAN_POINT ( 'NONE',  ( 0.02097189839251739976, 0.1558049603089644852, 0.07666953962817280033 ) ) ;
#4330 = CARTESIAN_POINT ( 'NONE',  ( 0.02410866072668100060, 0.1939358402270144888, 0.07427112675495439742 ) ) ;
#4331 = VERTEX_POINT ( 'NONE', #1737 ) ;
#4332 = AXIS2_PLACEMENT_3D ( 'NONE', #2441, #1781, #771 ) ;
#4333 = CARTESIAN_POINT ( 'NONE',  ( 0.03989985266017517795, 0.1461631305777160716, 0.07632395219022722332 ) ) ;
#4334 = LINE ( 'NONE', #3986, #2362 ) ;
#4335 = CARTESIAN_POINT ( 'NONE',  ( 0.03084943924881292099, 0.2714893480137473558, 0.08467040126258053301 ) ) ;
#4336 = CARTESIAN_POINT ( 'NONE',  ( 0.03078599964524135479, 0.1511680371275741230, 0.08135105081762364354 ) ) ;
#4337 = CARTESIAN_POINT ( 'NONE',  ( 0.02813716946046974920, 0.1545358268507079913, 0.07467316553003079671 ) ) ;
#4338 = ORIENTED_EDGE ( 'NONE', *, *, #3704, .T. ) ;
#4339 = CARTESIAN_POINT ( 'NONE',  ( 0.03333375870124297147, 0.2356250027571683558, 0.08115420718373661524 ) ) ;
#4340 = LINE ( 'NONE', #2340, #990 ) ;
#4341 = CARTESIAN_POINT ( 'NONE',  ( 0.02412040413464126495, 0.1942405827538193075, 0.07467152637054622066 ) ) ;
#4342 = DIRECTION ( 'NONE',  ( -0.6162518570600098444, 0.7875490787295470474, -0.0003118690920650416172 ) ) ;
ENDSEC;
END-ISO-10303-21;
