ISO-10303-21;
HEADER;
FILE_DESCRIPTION (( 'STEP AP203' ),
    '1' );
FILE_NAME ('Rod2.STEP',
    '2026-09-06T09:26:45',
    ( '' ),
    ( '' ),
    'SwSTEP 2.0',
    'SolidWorks 2025',
    '' );
FILE_SCHEMA (( 'CONFIG_CONTROL_DESIGN' ));
ENDSEC;

DATA;
#1 = CARTESIAN_POINT ( 'NONE',  ( 0.03924788727356983559, 0.2683695387175128455, 0.1156132397803362744 ) ) ;
#2 = DATE_AND_TIME ( #2565, #1350 ) ;
#3 = ORIENTED_EDGE ( 'NONE', *, *, #3428, .T. ) ;
#4 = PLANE ( 'NONE',  #202 ) ;
#5 = DIRECTION ( 'NONE',  ( -0.0005060740159284919442, 1.908873449932291244E-16, 0.9999998719445369888 ) ) ;
#6 = CARTESIAN_POINT ( 'NONE',  ( -0.05751210985135897513, 0.2586166227407005191, 0.1042298244401802243 ) ) ;
#7 = VECTOR ( 'NONE', #2751, 1.000000000000000000 ) ;
#8 = AXIS2_PLACEMENT_3D ( 'NONE', #2911, #991, #3533 ) ;
#9 = CARTESIAN_POINT ( 'NONE',  ( -0.04390987838063079018, 0.2839294505485709386, 0.1042367081769676879 ) ) ;
#10 = ORIENTED_EDGE ( 'NONE', *, *, #332, .F. ) ;
#11 = ORIENTED_EDGE ( 'NONE', *, *, #1381, .T. ) ;
#12 = DIRECTION ( 'NONE',  ( -0.9673114570423947400, 0.2535908228498589545, -0.0004895312564062859325 ) ) ;
#13 = EDGE_CURVE ( 'NONE', #1783, #584, #3012, .T. ) ;
#14 = AXIS2_PLACEMENT_3D ( 'NONE', #180, #2796, #2532 ) ;
#15 = CARTESIAN_POINT ( 'NONE',  ( 0.007047738085684999466, 0.2783344595393528742, 0.1053624966467383295 ) ) ;
#16 = EDGE_CURVE ( 'NONE', #2250, #2557, #80, .T. ) ;
#17 = ORIENTED_EDGE ( 'NONE', *, *, #183, .F. ) ;
#18 = CARTESIAN_POINT ( 'NONE',  ( 0.04787696262252763568, 0.2682028146044810324, 0.1137612161920645709 ) ) ;
#19 = LINE ( 'NONE', #597, #643 ) ;
#20 = ORIENTED_EDGE ( 'NONE', *, *, #3358, .T. ) ;
#21 = CARTESIAN_POINT ( 'NONE',  ( -0.04969003710244179750, 0.2569413755579460501, 0.1053337831293169879 ) ) ;
#22 = CARTESIAN_POINT ( 'NONE',  ( -0.009676615196673120020, 0.2814056340926980315, 0.09633046921654640771 ) ) ;
#23 = LINE ( 'NONE', #858, #3255 ) ;
#24 = VECTOR ( 'NONE', #822, 1.000000000000000000 ) ;
#25 = EDGE_CURVE ( 'NONE', #1272, #3666, #1807, .T. ) ;
#26 = VERTEX_POINT ( 'NONE', #1524 ) ;
#27 = LINE ( 'NONE', #3493, #1759 ) ;
#28 = CARTESIAN_POINT ( 'NONE',  ( -0.05703432251051390039, 0.2608656289899189962, 0.1118300672091911974 ) ) ;
#29 = CARTESIAN_POINT ( 'NONE',  ( 0.04340589006190935517, 0.2618560846893550065, 0.09988089586077168736 ) ) ;
#30 = DIRECTION ( 'NONE',  ( -0.0005060740159284919442, 1.908060298302924897E-16, 0.9999998719445369888 ) ) ;
#31 = EDGE_LOOP ( 'NONE', ( #889, #3702 ) ) ;
#32 = CARTESIAN_POINT ( 'NONE',  ( -0.01879430110211804950, 0.2531877133759949938, 0.1118494194928725954 ) ) ;
#33 = EDGE_CURVE ( 'NONE', #2462, #832, #3662, .T. ) ;
#34 = EDGE_LOOP ( 'NONE', ( #3574, #1382 ) ) ;
#35 = CARTESIAN_POINT ( 'NONE',  ( 0.05628951268913947453, 0.2524498428277646700, 0.1128629762703709932 ) ) ;
#36 = CARTESIAN_POINT ( 'NONE',  ( 0.05303069583655287134, 0.2552914238250947321, 0.1128547731525219172 ) ) ;
#37 = EDGE_CURVE ( 'NONE', #2451, #2250, #349, .T. ) ;
#38 = ORIENTED_EDGE ( 'NONE', *, *, #1547, .F. ) ;
#39 = DIRECTION ( 'NONE',  ( 0.2094058710287535208, 0.9778288040081521970, 0.0001059748836809704516 ) ) ;
#40 = CARTESIAN_POINT ( 'NONE',  ( -0.003082061660967318727, 0.2572894781265115949, 0.1018573697694491881 ) ) ;
#41 = CARTESIAN_POINT ( 'NONE',  ( -0.01891857985022565511, 0.2506267430556902154, 0.1040084322910105191 ) ) ;
#42 = CARTESIAN_POINT ( 'NONE',  ( 0.000000000000000000, 0.000000000000000000, 0.000000000000000000 ) ) ;
#43 = EDGE_LOOP ( 'NONE', ( #633, #1600 ) ) ;
#44 = FACE_BOUND ( 'NONE', #461, .T. ) ;
#45 = DIRECTION ( 'NONE',  ( 0.2094058710287503566, 0.9778288040081527521, 0.0001059748836761662162 ) ) ;
#46 = CARTESIAN_POINT ( 'NONE',  ( -0.008558634023947632799, 0.2444155547788359195, 0.09931929048946927518 ) ) ;
#47 = AXIS2_PLACEMENT_3D ( 'NONE', #2756, #1687, #1043 ) ;
#48 = CIRCLE ( 'NONE', #1539, 0.01599999999999998992 ) ;
#49 = DIRECTION ( 'NONE',  ( 0.9778286787918324396, -0.2094058978443200658, 0.0004948537497350001708 ) ) ;
#50 = AXIS2_PLACEMENT_3D ( 'NONE', #790, #2514, #1650 ) ;
#51 = CARTESIAN_POINT ( 'NONE',  ( 0.006846731696319659916, 0.2808263657215930298, 0.1053623949226146078 ) ) ;
#52 = CARTESIAN_POINT ( 'NONE',  ( -0.008931477331821929475, 0.2429987399753549826, 0.1021064113132063994 ) ) ;
#53 = VECTOR ( 'NONE', #3125, 1.000000000000000000 ) ;
#54 = VERTEX_POINT ( 'NONE', #1446 ) ;
#55 = CARTESIAN_POINT ( 'NONE',  ( 0.05616588811237573781, 0.2546771005110691211, 0.1128385083968262703 ) ) ;
#56 = CARTESIAN_POINT ( 'NONE',  ( 0.04666794136691856248, 0.2394321378486873875, 0.1130603067193302891 ) ) ;
#57 = EDGE_LOOP ( 'NONE', ( #1937, #3304, #470, #860 ) ) ;
#58 = CARTESIAN_POINT ( 'NONE',  ( -0.01096711700564004070, 0.2515124661932404693, 0.1028533794753695996 ) ) ;
#59 = LINE ( 'NONE', #1515, #2461 ) ;
#60 = EDGE_CURVE ( 'NONE', #622, #1739, #887, .T. ) ;
#61 = CARTESIAN_POINT ( 'NONE',  ( 0.02639407618679135564, 0.2711219335517638385, 0.1183738725065462960 ) ) ;
#62 = ADVANCED_FACE ( 'NONE', ( #612 ), #2898, .F. ) ;
#63 = PERSON_AND_ORGANIZATION ( #443, #2189 ) ;
#64 = ORIENTED_EDGE ( 'NONE', *, *, #379, .F. ) ;
#65 = CARTESIAN_POINT ( 'NONE',  ( 0.003696243839228793328, 0.2752965929753293239, 0.1187216916822718543 ) ) ;
#66 = FACE_OUTER_BOUND ( 'NONE', #2658, .T. ) ;
#67 = CARTESIAN_POINT ( 'NONE',  ( 0.04357743869657594582, 0.2459668175847740113, 0.1098809839576440073 ) ) ;
#68 = CARTESIAN_POINT ( 'NONE',  ( 0.02930074376726429092, 0.2449348334641006097, 0.09787375735571605950 ) ) ;
#69 = DIRECTION ( 'NONE',  ( 0.08040255574600048416, -0.9967624728960575720, 4.068964948866752207E-05 ) ) ;
#70 = CARTESIAN_POINT ( 'NONE',  ( -0.01418079297727846064, 0.2746999470641739993, 0.09885175260503469008 ) ) ;
#71 = CIRCLE ( 'NONE', #2161, 0.001099999999999982719 ) ;
#72 = VECTOR ( 'NONE', #1473, 1.000000000000000000 ) ;
#73 = ORIENTED_EDGE ( 'NONE', *, *, #1845, .F. ) ;
#74 =( BOUNDED_CURVE ( )  B_SPLINE_CURVE ( 3, ( #1603, #2448, #2507, #210 ),
 .UNSPECIFIED., .F., .F. ) 
 B_SPLINE_CURVE_WITH_KNOTS ( ( 4, 4 ),
 ( 1.110223024625153952E-16, 0.7812784514566680771 ),
 .UNSPECIFIED. ) 
 CURVE ( )  GEOMETRIC_REPRESENTATION_ITEM ( )  RATIONAL_B_SPLINE_CURVE ( ( 1.000000000000000000, 0.9497772297959864440, 0.9497772297959864440, 1.000000000000000000 ) ) 
 REPRESENTATION_ITEM ( '' )  );
#75 = CARTESIAN_POINT ( 'NONE',  ( 0.04534478981140375314, 0.2386017878665982195, 0.1131904508086074013 ) ) ;
#76 = ORIENTED_EDGE ( 'NONE', *, *, #2968, .F. ) ;
#77 = CARTESIAN_POINT ( 'NONE',  ( -0.01801479130018305078, 0.2477222241994129770, 0.1078498134703572003 ) ) ;
#78 = LINE ( 'NONE', #1208, #188 ) ;
#79 = CARTESIAN_POINT ( 'NONE',  ( 0.03232661933523840042, 0.2729014787062570280, 0.1174108249525712966 ) ) ;
#80 = CIRCLE ( 'NONE', #3071, 0.001300000000000004494 ) ;
#81 = ORIENTED_EDGE ( 'NONE', *, *, #1459, .T. ) ;
#82 = CALENDAR_DATE ( 2026, 6, 9 ) ;
#83 = ORIENTED_EDGE ( 'NONE', *, *, #1906, .F. ) ;
#84 = CARTESIAN_POINT ( 'NONE',  ( 0.04340589006190935517, 0.2618560846893550065, 0.09988089586077168736 ) ) ;
#85 = DIRECTION ( 'NONE',  ( 0.5297513380361369428, 0.4087779086643706927, -0.7431447646568641874 ) ) ;
#86 = FACE_BOUND ( 'NONE', #2164, .T. ) ;
#87 = CARTESIAN_POINT ( 'NONE',  ( -0.009856984879147989709, 0.2432412722268585126, 0.1028539412844649975 ) ) ;
#88 = LINE ( 'NONE', #309, #1000 ) ;
#89 = ORIENTED_EDGE ( 'NONE', *, *, #556, .T. ) ;
#90 = CARTESIAN_POINT ( 'NONE',  ( -0.009427456254066121297, 0.2452301775852955001, 0.09849445384355660915 ) ) ;
#91 = ORIENTED_EDGE ( 'NONE', *, *, #3413, .T. ) ;
#92 = CARTESIAN_POINT ( 'NONE',  ( 0.05309674550440966756, 0.2549030604596362326, 0.1128489805586768147 ) ) ;
#93 = ADVANCED_FACE ( 'NONE', ( #1202 ), #2348, .F. ) ;
#94 = ORIENTED_EDGE ( 'NONE', *, *, #2528, .F. ) ;
#95 = CARTESIAN_POINT ( 'NONE',  ( -0.01497113554557891885, 0.2445871876358238772, 0.1006358150834852638 ) ) ;
#96 = LINE ( 'NONE', #914, #1564 ) ;
#97 = CARTESIAN_POINT ( 'NONE',  ( -0.04921169308017919741, 0.2591903818071645271, 0.1118340260391890023 ) ) ;
#98 = ORIENTED_EDGE ( 'NONE', *, *, #697, .F. ) ;
#99 = VERTEX_POINT ( 'NONE', #3218 ) ;
#100 = CARTESIAN_POINT ( 'NONE',  ( 0.01625510481446620220, 0.2405676257698295128, 0.1187736584057165895 ) ) ;
#101 = DIRECTION ( 'NONE',  ( -0.9778286787918324396, 0.2094058978443201213, -0.0004948537497350001708 ) ) ;
#102 = CARTESIAN_POINT ( 'NONE',  ( 0.04363731489569124683, 0.2671129499612374114, 0.1145521301288015131 ) ) ;
#103 = CARTESIAN_POINT ( 'NONE',  ( -0.002775740215350464956, 0.2751471146236920129, 0.09785752427857140334 ) ) ;
#104 = ORIENTED_EDGE ( 'NONE', *, *, #2500, .F. ) ;
#105 = LINE ( 'NONE', #3295, #1479 ) ;
#106 =( GEOMETRIC_REPRESENTATION_CONTEXT ( 3 ) GLOBAL_UNCERTAINTY_ASSIGNED_CONTEXT ( ( #802 ) ) GLOBAL_UNIT_ASSIGNED_CONTEXT ( ( #859, #2060, #1705 ) ) REPRESENTATION_CONTEXT ( 'NONE', 'WORKASPACE' ) );
#107 = EDGE_CURVE ( 'NONE', #3667, #1016, #3318, .T. ) ;
#108 = AXIS2_PLACEMENT_3D ( 'NONE', #2656, #2075, #2095 ) ;
#109 = ADVANCED_FACE ( 'NONE', ( #440 ), #123, .T. ) ;
#110 = ORIENTED_EDGE ( 'NONE', *, *, #2560, .F. ) ;
#111 = CARTESIAN_POINT ( 'NONE',  ( 0.05042610645083688004, 0.2432928881443165992, 0.1128549181380215372 ) ) ;
#112 = EDGE_LOOP ( 'NONE', ( #3510, #1832, #2677, #639 ) ) ;
#113 = LINE ( 'NONE', #370, #1662 ) ;
#114 = DIRECTION ( 'NONE',  ( 0.0005060740159285199167, -6.032429276881100036E-17, -0.9999998719445369888 ) ) ;
#115 = CARTESIAN_POINT ( 'NONE',  ( -0.002113563640527725204, 0.2389859205146565024, 0.1053578603493890015 ) ) ;
#116 = ORIENTED_EDGE ( 'NONE', *, *, #556, .F. ) ;
#117 = SECURITY_CLASSIFICATION_LEVEL ( 'unclassified' ) ;
#118 = ORIENTED_EDGE ( 'NONE', *, *, #1381, .F. ) ;
#119 = CARTESIAN_POINT ( 'NONE',  ( 0.02489260430130695034, 0.2159473052533595061, 0.1173201176776400012 ) ) ;
#120 = LINE ( 'NONE', #2082, #723 ) ;
#121 = CARTESIAN_POINT ( 'NONE',  ( 0.04278605556596710296, 0.2674772358274514206, 0.1147531573310571068 ) ) ;
#122 = CARTESIAN_POINT ( 'NONE',  ( 0.04286742708563340970, 0.2706112614732556487, 0.09888551773365773789 ) ) ;
#123 = CYLINDRICAL_SURFACE ( 'NONE', #1811, 0.007999999999999993228 ) ;
#124 = DIRECTION ( 'NONE',  ( -0.0005060740159284919442, 1.908060298302924897E-16, 0.9999998719445369888 ) ) ;
#125 = CARTESIAN_POINT ( 'NONE',  ( 0.05114676637033686857, 0.2393676482864926514, 0.1128092814134469962 ) ) ;
#126 = VERTEX_POINT ( 'NONE', #995 ) ;
#127 = ADVANCED_FACE ( 'NONE', ( #457 ), #474, .F. ) ;
#128 = CARTESIAN_POINT ( 'NONE',  ( 0.04714498558939194534, 0.2650329551681121498, 0.1137702261465882575 ) ) ;
#129 = CIRCLE ( 'NONE', #895, 0.007999999999999996697 ) ;
#130 = CIRCLE ( 'NONE', #1200, 0.01900000000000000994 ) ;
#131 = ORIENTED_EDGE ( 'NONE', *, *, #3586, .T. ) ;
#132 = CARTESIAN_POINT ( 'NONE',  ( -0.01495454985965408330, 0.2445779083857932967, 0.1009207025036576305 ) ) ;
#133 = CARTESIAN_POINT ( 'NONE',  ( -0.001088175874334768034, 0.2499073216168009870, 0.1108583799758652011 ) ) ;
#134 = AXIS2_PLACEMENT_3D ( 'NONE', #2286, #1404, #2872 ) ;
#135 = FACE_OUTER_BOUND ( 'NONE', #409, .T. ) ;
#136 = ORIENTED_EDGE ( 'NONE', *, *, #25, .F. ) ;
#137 = DATE_AND_TIME ( #452, #2311 ) ;
#138 = ORIENTED_EDGE ( 'NONE', *, *, #1309, .T. ) ;
#139 = CARTESIAN_POINT ( 'NONE',  ( -0.1103730439032560018, 0.3157981027453790057, 0.1336700642628373958 ) ) ;
#140 = DIRECTION ( 'NONE',  ( 0.0005060740159284919442, -1.908060298302924897E-16, -0.9999998719445369888 ) ) ;
#141 = LINE ( 'NONE', #2661, #2139 ) ;
#142 = EDGE_CURVE ( 'NONE', #1415, #1712, #191, .T. ) ;
#143 = FACE_OUTER_BOUND ( 'NONE', #1754, .T. ) ;
#144 = LINE ( 'NONE', #2422, #2894 ) ;
#145 = LINE ( 'NONE', #1545, #757 ) ;
#146 = CARTESIAN_POINT ( 'NONE',  ( 0.05297780366401619312, 0.2417086535437469597, 0.1128269563255455549 ) ) ;
#147 = ORIENTED_EDGE ( 'NONE', *, *, #2838, .T. ) ;
#148 = ORIENTED_EDGE ( 'NONE', *, *, #954, .T. ) ;
#149 = LINE ( 'NONE', #3227, #647 ) ;
#150 = CARTESIAN_POINT ( 'NONE',  ( 0.04340032324773415023, 0.2618560846893550065, 0.1108808944521615936 ) ) ;
#151 = CARTESIAN_POINT ( 'NONE',  ( -0.008822271757740647591, 0.2812437887887822008, 0.09885447848233977486 ) ) ;
#152 = ADVANCED_FACE ( 'NONE', ( #1310 ), #956, .T. ) ;
#153 = VERTEX_POINT ( 'NONE', #1580 ) ;
#154 = ORIENTED_EDGE ( 'NONE', *, *, #2032, .T. ) ;
#155 = B_SPLINE_CURVE_WITH_KNOTS ( 'NONE', 3,
 ( #1703, #2866, #2564, #2889 ),
 .UNSPECIFIED., .F., .F.,
 ( 4, 4 ),
 ( 0.8099031730173548160, 1.000000000000000000 ),
 .UNSPECIFIED. ) ;
#156 = CARTESIAN_POINT ( 'NONE',  ( -0.003226735772424361558, 0.2803274812407158256, 0.1028572966816869022 ) ) ;
#157 = LINE ( 'NONE', #1890, #307 ) ;
#158 = DIRECTION ( 'NONE',  ( -0.9778286787918324396, 0.2094058978443200658, -0.0004948537497350001708 ) ) ;
#159 = DIRECTION ( 'NONE',  ( -0.2094058710287513281, -0.9778288040081525301, -0.0001059748836817414955 ) ) ;
#160 = CARTESIAN_POINT ( 'NONE',  ( -0.006777859793124689849, 0.2424334003741089871, 0.1077320437785529994 ) ) ;
#161 = DIRECTION ( 'NONE',  ( 0.9778286787918324396, -0.2094058978443200658, 0.0004948537497350001708 ) ) ;
#162 = CARTESIAN_POINT ( 'NONE',  ( 0.05602410737754845438, 0.2492593733076881590, 0.1128864089325933018 ) ) ;
#163 = EDGE_LOOP ( 'NONE', ( #1856, #1299 ) ) ;
#164 = VECTOR ( 'NONE', #2421, 1.000000000000000000 ) ;
#165 = CC_DESIGN_PERSON_AND_ORGANIZATION_ASSIGNMENT ( #563, #638, ( #2087 ) ) ;
#166 = ORIENTED_EDGE ( 'NONE', *, *, #262, .T. ) ;
#167 = CARTESIAN_POINT ( 'NONE',  ( -0.01495558500804130067, 0.2445781795024510041, 0.1009226490774752100 ) ) ;
#168 = CARTESIAN_POINT ( 'NONE',  ( -0.007710184954780320045, 0.2809096245890240207, 0.09885502721204139642 ) ) ;
#169 = DIRECTION ( 'NONE',  ( 0.2094058710287509117, 0.9778288040081526411, 0.0001059748836809715629 ) ) ;
#170 = ORIENTED_EDGE ( 'NONE', *, *, #1825, .T. ) ;
#171 = COORDINATED_UNIVERSAL_TIME_OFFSET ( 2, 0, .AHEAD. ) ;
#172 = ADVANCED_FACE ( 'NONE', ( #400 ), #1544, .T. ) ;
#173 = DIRECTION ( 'NONE',  ( -0.0005060740159285463712, 0.000000000000000000, 0.9999998719445369888 ) ) ;
#174 = CARTESIAN_POINT ( 'NONE',  ( 0.01943311274644238251, 0.2384575564341783749, 0.1183666659093008111 ) ) ;
#175 = EDGE_CURVE ( 'NONE', #3669, #1535, #714, .T. ) ;
#176 = DIRECTION ( 'NONE',  ( 0.1723298372753081786, 0.8060386764940887794, 0.5662191088088809332 ) ) ;
#177 = CARTESIAN_POINT ( 'NONE',  ( 0.04592655273248306275, 0.2693534799026438553, 0.09842993425782865791 ) ) ;
#178 = DIRECTION ( 'NONE',  ( 0.2094058710287506619, 0.9778288040081526411, 0.0001059748836761661891 ) ) ;
#179 = DIRECTION ( 'NONE',  ( 0.2094058710287509117, 0.9778288040081526411, 0.0001059748836809999554 ) ) ;
#180 = CARTESIAN_POINT ( 'NONE',  ( 0.04357743869657594582, 0.2459668175847740113, 0.1098809839576440073 ) ) ;
#181 = ORIENTED_EDGE ( 'NONE', *, *, #1974, .T. ) ;
#182 = VERTEX_POINT ( 'NONE', #3589 ) ;
#183 = EDGE_CURVE ( 'NONE', #724, #385, #3211, .T. ) ;
#184 = ORIENTED_EDGE ( 'NONE', *, *, #2908, .T. ) ;
#185 = CARTESIAN_POINT ( 'NONE',  ( -0.01151172369706290020, 0.2766428838390885270, 0.09685310309570609177 ) ) ;
#186 = CARTESIAN_POINT ( 'NONE',  ( -0.05953412121139477209, 0.2587588784426612110, 0.1183145508512754157 ) ) ;
#187 = EDGE_LOOP ( 'NONE', ( #166, #2217, #1130, #2914 ) ) ;
#188 = VECTOR ( 'NONE', #411, 1.000000000000000000 ) ;
#189 = CARTESIAN_POINT ( 'NONE',  ( 0.03900279995613035317, 0.2413216798051840140, 0.1108786689796042030 ) ) ;
#190 = CARTESIAN_POINT ( 'NONE',  ( 0.02023587970654496318, 0.2379863433429802166, 0.1182393369119132676 ) ) ;
#191 =( BOUNDED_CURVE ( )  B_SPLINE_CURVE ( 3, ( #160, #1013, #2106, #2125 ),
 .UNSPECIFIED., .F., .F. ) 
 B_SPLINE_CURVE_WITH_KNOTS ( ( 4, 4 ),
 ( 4.396811932513966070, 4.712388980379831338 ),
 .UNSPECIFIED. ) 
 CURVE ( )  GEOMETRIC_REPRESENTATION_ITEM ( )  RATIONAL_B_SPLINE_CURVE ( ( 1.000000000000000000, 0.9917181316069978436, 0.9917181316069978436, 1.000000000000000000 ) ) 
 REPRESENTATION_ITEM ( '' )  );
#192 = CARTESIAN_POINT ( 'NONE',  ( -0.01151172369706290020, 0.2766428838390885270, 0.09685310309570609177 ) ) ;
#193 = B_SPLINE_CURVE_WITH_KNOTS ( 'NONE', 3,
 ( #2604, #1, #3453, #3173, #1173, #1666, #245, #3692, #2280, #1116, #2809, #543, #1135, #801, #1685, #1945, #2259, #879, #2001, #3094, #1097, #2023, #1158, #3414, #602, #61, #391, #2621, #1249, #1798, #1780, #688, #2942 ),
 .UNSPECIFIED., .F., .F.,
 ( 4, 2, 1, 1, 1, 1, 1, 2, 2, 1, 1, 1, 1, 1, 1, 2, 2, 1, 1, 1, 1, 2, 2, 4 ),
 ( 0.000000000000000000, 0.2500000000000106026, 0.3750000000000164868, 0.4375000000000193734, 0.4687500000000214828, 0.4843750000000217049, 0.4921875000000215383, 0.4960937500000207057, 0.5000000000000198730, 0.6250000000000169864, 0.6875000000000145439, 0.7187500000000138778, 0.7343750000000137668, 0.7421875000000135447, 0.7460937500000138778, 0.7480468750000140998, 0.7500000000000142109, 0.8124999999999946709, 0.8437499999999862332, 0.8593749999999822364, 0.8671874999999799050, 0.8710937499999802380, 0.8749999999999804601, 1.000000000000000000 ),
 .UNSPECIFIED. ) ;
#194 = EDGE_CURVE ( 'NONE', #743, #2612, #2650, .T. ) ;
#195 = CARTESIAN_POINT ( 'NONE',  ( -0.05342421956733764410, 0.2872301715960181023, 0.09329635790921006477 ) ) ;
#196 = CARTESIAN_POINT ( 'NONE',  ( -0.01894447058353635263, 0.2508881052121972877, 0.1062666550749361560 ) ) ;
#197 = FACE_OUTER_BOUND ( 'NONE', #3374, .T. ) ;
#198 = LINE ( 'NONE', #2177, #2402 ) ;
#199 = EDGE_CURVE ( 'NONE', #2806, #54, #2684, .T. ) ;
#200 = EDGE_LOOP ( 'NONE', ( #3709, #540, #3355, #2717 ) ) ;
#201 = DIRECTION ( 'NONE',  ( 0.2094058710287509117, 0.9778288040081526411, 0.0001059748836809999554 ) ) ;
#202 = AXIS2_PLACEMENT_3D ( 'NONE', #2327, #3475, #1139 ) ;
#203 = ORIENTED_EDGE ( 'NONE', *, *, #784, .T. ) ;
#204 = CARTESIAN_POINT ( 'NONE',  ( -0.007159780328945436131, 0.2809845525885145689, 0.1008699920267354944 ) ) ;
#205 = EDGE_CURVE ( 'NONE', #2482, #2972, #144, .T. ) ;
#206 = CARTESIAN_POINT ( 'NONE',  ( 0.03536461461708440002, 0.2722690543826140064, 0.1167583607018379960 ) ) ;
#207 = EDGE_LOOP ( 'NONE', ( #532, #729, #138, #3332 ) ) ;
#208 = LINE ( 'NONE', #3397, #1074 ) ;
#209 = DIRECTION ( 'NONE',  ( -0.9778286787918324396, 0.2094058978443200658, -0.0004948537497350001708 ) ) ;
#210 = CARTESIAN_POINT ( 'NONE',  ( 0.02444071043606229829, 0.2357467742465294835, 0.1173922388818774004 ) ) ;
#211 = CARTESIAN_POINT ( 'NONE',  ( 0.04567149740686349962, 0.2557451056248554733, 0.1098820437064809974 ) ) ;
#212 = LINE ( 'NONE', #2547, #2649 ) ;
#213 = DIRECTION ( 'NONE',  ( 0.9778286787918324396, -0.2094058978443200658, 0.0004948537497350001708 ) ) ;
#214 = PLANE ( 'NONE',  #14 ) ;
#215 = CARTESIAN_POINT ( 'NONE',  ( -0.007162329820579959282, 0.2809846203471815240, 0.1075003681829183877 ) ) ;
#216 = VERTEX_POINT ( 'NONE', #2175 ) ;
#217 = CARTESIAN_POINT ( 'NONE',  ( 0.03862343158525656517, 0.2334728912771111276, 0.09836686564690790002 ) ) ;
#218 = ADVANCED_FACE ( 'NONE', ( #734 ), #3570, .T. ) ;
#219 = EDGE_CURVE ( 'NONE', #3113, #3037, #2410, .T. ) ;
#220 = ORIENTED_EDGE ( 'NONE', *, *, #3176, .F. ) ;
#221 = CARTESIAN_POINT ( 'NONE',  ( 0.05167209303298524181, 0.2648573720081557892, 0.1131131128386324292 ) ) ;
#222 = APPROVAL_PERSON_ORGANIZATION ( #3251, #1534, #1820 ) ;
#223 = CARTESIAN_POINT ( 'NONE',  ( 0.03661841678098008701, 0.2364398376970461013, 0.1146466782351864971 ) ) ;
#224 = VECTOR ( 'NONE', #2554, 1.000000000000000000 ) ;
#225 = AXIS2_PLACEMENT_3D ( 'NONE', #1936, #3143, #3404 ) ;
#226 = AXIS2_PLACEMENT_3D ( 'NONE', #3030, #1300, #2166 ) ;
#227 = ORIENTED_EDGE ( 'NONE', *, *, #2921, .T. ) ;
#228 = CARTESIAN_POINT ( 'NONE',  ( 0.02390198714950318715, 0.2389301386475184419, 0.1176414879191054197 ) ) ;
#229 = CARTESIAN_POINT ( 'NONE',  ( 0.02798337500613468087, 0.2726035541386396255, 0.1181884690705505281 ) ) ;
#230 = CIRCLE ( 'NONE', #3286, 0.005000000000000009645 ) ;
#231 = DIRECTION ( 'NONE',  ( 0.0005060740159258310953, 0.000000000000000000, -0.9999998719445369888 ) ) ;
#232 = CARTESIAN_POINT ( 'NONE',  ( -0.01714832938425740055, 0.2503225358436005354, 0.09685025055566449936 ) ) ;
#233 = DIRECTION ( 'NONE',  ( -0.1789579191530002999, -0.6839925783831037887, -0.7071974376998704237 ) ) ;
#234 = CYLINDRICAL_SURFACE ( 'NONE', #246, 0.001099999999999995729 ) ;
#235 = PLANE ( 'NONE',  #1565 ) ;
#236 = DIRECTION ( 'NONE',  ( -0.0005060740159284919442, 1.908060298302924897E-16, 0.9999998719445369888 ) ) ;
#237 = ORIENTED_EDGE ( 'NONE', *, *, #878, .F. ) ;
#238 = CARTESIAN_POINT ( 'NONE',  ( 0.001175788075583914872, 0.2795908949264186982, 0.1151959082818411195 ) ) ;
#239 = ORIENTED_EDGE ( 'NONE', *, *, #2585, .F. ) ;
#240 = CARTESIAN_POINT ( 'NONE',  ( 0.04535760015422980046, 0.2696401989909664731, 0.1143016758240928826 ) ) ;
#241 = CARTESIAN_POINT ( 'NONE',  ( -0.05342421956733764410, 0.2872301715960181023, 0.09329635790921006477 ) ) ;
#242 = ORIENTED_EDGE ( 'NONE', *, *, #1906, .T. ) ;
#243 = CARTESIAN_POINT ( 'NONE',  ( 0.02799885422573574270, 0.2380528776822109782, 0.1167263835620082069 ) ) ;
#244 = CARTESIAN_POINT ( 'NONE',  ( -0.01068777887601319969, 0.2815745280636849923, 0.09685352007282399533 ) ) ;
#245 = CARTESIAN_POINT ( 'NONE',  ( 0.03290328521432010767, 0.2697280939105077824, 0.1171468201626138517 ) ) ;
#246 = AXIS2_PLACEMENT_3D ( 'NONE', #1948, #161, #475 ) ;
#247 = CARTESIAN_POINT ( 'NONE',  ( 0.04380727908069165233, 0.2470424292691829893, 0.1108811004019606417 ) ) ;
#248 = CARTESIAN_POINT ( 'NONE',  ( 0.04126673421546470100, 0.2710052531148020027, 0.1152748657406504063 ) ) ;
#249 = DIRECTION ( 'NONE',  ( 0.0005060740159283820061, -1.673466053231376094E-16, -0.9999998719445369888 ) ) ;
#250 = CARTESIAN_POINT ( 'NONE',  ( 0.03822903099286439899, 0.2334471581124076267, 0.1141728001027005335 ) ) ;
#251 = VECTOR ( 'NONE', #449, 1.000000000000000000 ) ;
#252 = EDGE_CURVE ( 'NONE', #1445, #385, #2441, .T. ) ;
#253 = FACE_OUTER_BOUND ( 'NONE', #3250, .T. ) ;
#254 = ORIENTED_EDGE ( 'NONE', *, *, #1727, .T. ) ;
#255 = FACE_OUTER_BOUND ( 'NONE', #1583, .T. ) ;
#256 = EDGE_LOOP ( 'NONE', ( #3231, #1526 ) ) ;
#257 = CARTESIAN_POINT ( 'NONE',  ( 0.04433677214221307117, 0.2700716670858918644, 0.1145382947610525809 ) ) ;
#258 = CARTESIAN_POINT ( 'NONE',  ( 0.03691093604638505388, 0.2364309173132136677, 0.1145825016354131698 ) ) ;
#259 = ORIENTED_EDGE ( 'NONE', *, *, #2032, .F. ) ;
#260 = LINE ( 'NONE', #1943, #1260 ) ;
#261 = FACE_OUTER_BOUND ( 'NONE', #1942, .T. ) ;
#262 = EDGE_CURVE ( 'NONE', #1018, #1556, #1894, .T. ) ;
#263 = DIRECTION ( 'NONE',  ( 0.9778286787918324396, -0.2094058978443200658, 0.0004948537497350001708 ) ) ;
#264 = EDGE_CURVE ( 'NONE', #904, #892, #3637, .T. ) ;
#265 = DIRECTION ( 'NONE',  ( -0.9863287186144908958, 0.1647889853120761416, -0.0004991553995744813996 ) ) ;
#266 = CARTESIAN_POINT ( 'NONE',  ( -0.01891107930435300538, 0.2505397962482294183, 0.1068072928139987554 ) ) ;
#267 = CARTESIAN_POINT ( 'NONE',  ( 0.03393752872945839799, 0.2367812449745164971, 0.1152711566197215931 ) ) ;
#268 = DIRECTION ( 'NONE',  ( -0.2094058710287509117, -0.9778288040081526411, -0.0001059748836809999554 ) ) ;
#269 = EDGE_LOOP ( 'NONE', ( #3689, #3626 ) ) ;
#270 = ORIENTED_EDGE ( 'NONE', *, *, #1151, .F. ) ;
#271 = CARTESIAN_POINT ( 'NONE',  ( -0.01495656107891214087, 0.2445781795024510041, 0.1028513605211276022 ) ) ;
#272 = ORIENTED_EDGE ( 'NONE', *, *, #3428, .F. ) ;
#273 = CARTESIAN_POINT ( 'NONE',  ( 0.04414483467585841175, 0.2701467955563890966, 0.1145833921242412901 ) ) ;
#274 = CARTESIAN_POINT ( 'NONE',  ( 0.03949198028844048969, 0.2365784405133161683, 0.1140565719710746329 ) ) ;
#275 = EDGE_LOOP ( 'NONE', ( #1392, #2277, #3162, #2716, #2962, #1124, #2670, #2839, #83, #1953, #2726 ) ) ;
#276 = CARTESIAN_POINT ( 'NONE',  ( 0.04064074082322494813, 0.2680717667027774920, 0.1108794978990230023 ) ) ;
#277 = CARTESIAN_POINT ( 'NONE',  ( 0.01754111596601945142, 0.2396298640057820672, 0.1186268952485271533 ) ) ;
#278 = CARTESIAN_POINT ( 'NONE',  ( -0.01880390272429009746, 0.2499034366338971636, 0.1033749647370525854 ) ) ;
#279 = CIRCLE ( 'NONE', #2372, 0.001100000000000010691 ) ;
#280 = AXIS2_PLACEMENT_3D ( 'NONE', #507, #786, #2191 ) ;
#281 = EDGE_CURVE ( 'NONE', #2098, #3669, #212, .T. ) ;
#282 = COORDINATED_UNIVERSAL_TIME_OFFSET ( 2, 0, .AHEAD. ) ;
#283 = EDGE_LOOP ( 'NONE', ( #2836, #3027, #1884, #2588 ) ) ;
#284 = VECTOR ( 'NONE', #1905, 1.000000000000000000 ) ;
#285 = EDGE_CURVE ( 'NONE', #2578, #1487, #769, .T. ) ;
#286 = CARTESIAN_POINT ( 'NONE',  ( -0.001838243125813444987, 0.2750266210119905463, 0.09785799872154921086 ) ) ;
#287 = CARTESIAN_POINT ( 'NONE',  ( -0.01879430110211804950, 0.2531877133759949938, 0.1118494194928725954 ) ) ;
#288 = LINE ( 'NONE', #1733, #3461 ) ;
#289 = CARTESIAN_POINT ( 'NONE',  ( 0.04127497689589040147, 0.2710052531148020027, 0.09898736804115500221 ) ) ;
#290 = ORIENTED_EDGE ( 'NONE', *, *, #2172, .F. ) ;
#291 = VERTEX_POINT ( 'NONE', #3138 ) ;
#292 = FACE_OUTER_BOUND ( 'NONE', #2725, .T. ) ;
#293 = CARTESIAN_POINT ( 'NONE',  ( -0.001260230583017185949, 0.2657965887213825096, 0.1018582917509373992 ) ) ;
#294 = ORIENTED_EDGE ( 'NONE', *, *, #2993, .F. ) ;
#295 = CARTESIAN_POINT ( 'NONE',  ( 0.04465695256555900911, 0.2699395511065008080, 0.1144637238504152277 ) ) ;
#296 = CARTESIAN_POINT ( 'NONE',  ( -0.01615077257217709117, 0.2449508966044534330, 0.09885075336203809349 ) ) ;
#297 = EDGE_CURVE ( 'NONE', #652, #3666, #1275, .T. ) ;
#298 = ORIENTED_EDGE ( 'NONE', *, *, #2307, .T. ) ;
#299 = PLANE ( 'NONE',  #772 ) ;
#300 = CARTESIAN_POINT ( 'NONE',  ( -0.001016260861125276070, 0.2799582652365870117, 0.1017364178257856022 ) ) ;
#301 = CARTESIAN_POINT ( 'NONE',  ( -0.01886919507275704525, 0.2502538608564857658, 0.1036146833083680385 ) ) ;
#302 = APPROVAL_STATUS ( 'not_yet_approved' ) ;
#303 = ORIENTED_EDGE ( 'NONE', *, *, #589, .F. ) ;
#304 = CARTESIAN_POINT ( 'NONE',  ( -0.01878772213991099921, 0.2531877133759949938, 0.09884942115759369485 ) ) ;
#305 = DIRECTION ( 'NONE',  ( -0.0005060740159284919442, 1.908060298302924897E-16, 0.9999998719445369888 ) ) ;
#306 = SPHERICAL_SURFACE ( 'NONE', #703, 0.005000000000000000104 ) ;
#307 = VECTOR ( 'NONE', #209, 1.000000000000000000 ) ;
#308 = EDGE_CURVE ( 'NONE', #1016, #3667, #3435, .T. ) ;
#309 = CARTESIAN_POINT ( 'NONE',  ( -0.05221798747685259950, 0.2833556914821065420, 0.1118325046315157972 ) ) ;
#310 = ORIENTED_EDGE ( 'NONE', *, *, #2546, .T. ) ;
#311 = DIRECTION ( 'NONE',  ( -0.0005060740159284919442, 1.908060298302924897E-16, 0.9999998719445369888 ) ) ;
#312 = CARTESIAN_POINT ( 'NONE',  ( 0.005021900486634440358, 0.2593369004675094569, 0.1108614721271427989 ) ) ;
#313 = VECTOR ( 'NONE', #3356, 1.000000000000000000 ) ;
#314 = CARTESIAN_POINT ( 'NONE',  ( -0.01495558500804130067, 0.2445781795024510041, 0.1009226490774752100 ) ) ;
#315 =( BOUNDED_CURVE ( )  B_SPLINE_CURVE ( 3, ( #87, #2879, #1714, #2857 ),
 .UNSPECIFIED., .F., .F. ) 
 B_SPLINE_CURVE_WITH_KNOTS ( ( 4, 4 ),
 ( 1.570796326796281006, 1.886373374665307301 ),
 .UNSPECIFIED. ) 
 CURVE ( )  GEOMETRIC_REPRESENTATION_ITEM ( )  RATIONAL_B_SPLINE_CURVE ( ( 1.000000000000000000, 0.9917181316068323094, 0.9917181316068323094, 1.000000000000000000 ) ) 
 REPRESENTATION_ITEM ( '' )  );
#316 = EDGE_CURVE ( 'NONE', #216, #2007, #2812, .T. ) ;
#317 = VERTEX_POINT ( 'NONE', #1044 ) ;
#318 = CARTESIAN_POINT ( 'NONE',  ( 0.05505700688733112386, 0.2456933753420744437, 0.1128735730884711380 ) ) ;
#319 = CARTESIAN_POINT ( 'NONE',  ( 0.05077999754230067692, 0.2610289322837879844, 0.1131202381981673000 ) ) ;
#320 = VERTEX_POINT ( 'NONE', #1966 ) ;
#321 = CARTESIAN_POINT ( 'NONE',  ( -0.01274380996785472002, 0.2491670489429924917, 0.1028524803371119872 ) ) ;
#322 = CARTESIAN_POINT ( 'NONE',  ( 0.01625510481446620220, 0.2405676257698295128, 0.1187736584057165895 ) ) ;
#323 = EDGE_CURVE ( 'NONE', #2426, #499, #843, .T. ) ;
#324 = CARTESIAN_POINT ( 'NONE',  ( -0.01892343108014616845, 0.2506708990240226198, 0.1040665950367362647 ) ) ;
#325 = VERTEX_POINT ( 'NONE', #248 ) ;
#326 = DIRECTION ( 'NONE',  ( 0.2094058710287543257, 0.9778288040081519750, 0.0001059748836790796436 ) ) ;
#327 = PLANE ( 'NONE',  #1681 ) ;
#328 = FACE_BOUND ( 'NONE', #444, .T. ) ;
#329 = CARTESIAN_POINT ( 'NONE',  ( -0.01347680940857429524, 0.2766812996975215322, 0.1052155427798650428 ) ) ;
#330 = CARTESIAN_POINT ( 'NONE',  ( -0.06056406641892470022, 0.2539507247555465308, 0.1188282817936759939 ) ) ;
#331 = CARTESIAN_POINT ( 'NONE',  ( -0.01775516821136544771, 0.2453127059977724955, 0.09650090173025820117 ) ) ;
#332 = EDGE_CURVE ( 'NONE', #54, #915, #2842, .T. ) ;
#333 = VERTEX_POINT ( 'NONE', #1933 ) ;
#334 = EDGE_CURVE ( 'NONE', #1039, #1663, #2896, .T. ) ;
#335 = CARTESIAN_POINT ( 'NONE',  ( 0.05478650564671962153, 0.2450204721155936627, 0.1128670291181648050 ) ) ;
#336 = CARTESIAN_POINT ( 'NONE',  ( 0.05067653740621713004, 0.2611887401263349728, 0.1131354760388467023 ) ) ;
#337 = VERTEX_POINT ( 'NONE', #2228 ) ;
#338 = DIRECTION ( 'NONE',  ( 0.3159190041492590528, -0.5897204346517527229, -0.7432529796586679893 ) ) ;
#339 = CYLINDRICAL_SURFACE ( 'NONE', #2040, 0.001100000000000010691 ) ;
#340 = FACE_OUTER_BOUND ( 'NONE', #924, .T. ) ;
#341 = DIRECTION ( 'NONE',  ( 1.000000000000000000, 0.000000000000000000, 0.000000000000000000 ) ) ;
#342 = ORIENTED_EDGE ( 'NONE', *, *, #1972, .F. ) ;
#343 = CARTESIAN_POINT ( 'NONE',  ( -0.05311649399897400148, 0.2886636472978360013, 0.09183204735954399178 ) ) ;
#344 = LINE ( 'NONE', #3272, #1075 ) ;
#345 = FACE_BOUND ( 'NONE', #2370, .T. ) ;
#346 = AXIS2_PLACEMENT_3D ( 'NONE', #2681, #1738, #1843 ) ;
#347 = PLANE ( 'NONE',  #2195 ) ;
#348 = AXIS2_PLACEMENT_3D ( 'NONE', #2347, #30, #2627 ) ;
#349 = LINE ( 'NONE', #2877, #1509 ) ;
#350 = LINE ( 'NONE', #32, #2314 ) ;
#351 = ORIENTED_EDGE ( 'NONE', *, *, #1997, .F. ) ;
#352 = AXIS2_PLACEMENT_3D ( 'NONE', #3638, #158, #1643 ) ;
#353 = CARTESIAN_POINT ( 'NONE',  ( 0.04212848103685178786, 0.2371402190235231411, 0.1135999396104965531 ) ) ;
#354 = ORIENTED_EDGE ( 'NONE', *, *, #2570, .T. ) ;
#355 = CARTESIAN_POINT ( 'NONE',  ( -0.04968948042102429297, 0.2569413755579459391, 0.1042337832701780986 ) ) ;
#356 = CARTESIAN_POINT ( 'NONE',  ( 0.04358098121468745312, 0.2459668175847740113, 0.1028809848540324090 ) ) ;
#357 = DIRECTION ( 'NONE',  ( 0.2094058710287503566, 0.9778288040081527521, 0.0001059748836761662162 ) ) ;
#358 = ORIENTED_EDGE ( 'NONE', *, *, #1756, .T. ) ;
#359 = CARTESIAN_POINT ( 'NONE',  ( -0.01363859956361971985, 0.2457470860510769795, 0.09931649314861262789 ) ) ;
#360 = CARTESIAN_POINT ( 'NONE',  ( 0.03728619829463750146, 0.2524265058386470084, 0.1188778012764403896 ) ) ;
#361 = FACE_OUTER_BOUND ( 'NONE', #2800, .T. ) ;
#362 = CARTESIAN_POINT ( 'NONE',  ( -0.01328731006223402705, 0.2770314067033659566, 0.1040672023780531280 ) ) ;
#363 = ORIENTED_EDGE ( 'NONE', *, *, #1331, .T. ) ;
#364 = DIRECTION ( 'NONE',  ( 0.2094058710287509117, 0.9778288040081526411, 0.0001059748836809999554 ) ) ;
#365 = ADVANCED_FACE ( 'NONE', ( #1367 ), #1688, .T. ) ;
#366 = VECTOR ( 'NONE', #3349, 1.000000000000000000 ) ;
#367 = EDGE_LOOP ( 'NONE', ( #3563, #1489 ) ) ;
#368 = CARTESIAN_POINT ( 'NONE',  ( 0.05028034120075834668, 0.2430862058218689337, 0.1128592348903974807 ) ) ;
#369 = ORIENTED_EDGE ( 'NONE', *, *, #1066, .F. ) ;
#370 = CARTESIAN_POINT ( 'NONE',  ( -0.001082609060159553990, 0.2499073216168009870, 0.09985838138447529488 ) ) ;
#371 = DIRECTION ( 'NONE',  ( 0.9778286787918324396, -0.2094058978443200658, 0.0004948537497350001708 ) ) ;
#372 = CARTESIAN_POINT ( 'NONE',  ( 0.04380778515470758194, 0.2470424292691829893, 0.1098811005300160543 ) ) ;
#373 = AXIS2_PLACEMENT_3D ( 'NONE', #1789, #2722, #3329 ) ;
#374 = VERTEX_POINT ( 'NONE', #1214 ) ;
#375 = ORIENTED_EDGE ( 'NONE', *, *, #1997, .T. ) ;
#376 = EDGE_CURVE ( 'NONE', #126, #374, #2593, .T. ) ;
#377 = CARTESIAN_POINT ( 'NONE',  ( 0.01952618295832726086, 0.2398671535191350956, 0.1183865404352777428 ) ) ;
#378 = FACE_OUTER_BOUND ( 'NONE', #2651, .T. ) ;
#379 = EDGE_CURVE ( 'NONE', #2886, #1091, #27, .T. ) ;
#380 = AXIS2_PLACEMENT_3D ( 'NONE', #508, #1668, #1707 ) ;
#381 = DIRECTION ( 'NONE',  ( 0.0005060740159284919442, -1.908060298302924897E-16, -0.9999998719445369888 ) ) ;
#382 = DIRECTION ( 'NONE',  ( 0.2094058710287503566, 0.9778288040081527521, 0.0001059748836761662162 ) ) ;
#383 = DIRECTION ( 'NONE',  ( -0.0005060740159284919442, 1.908060298302924897E-16, 0.9999998719445369888 ) ) ;
#384 = CARTESIAN_POINT ( 'NONE',  ( -0.008418743583058890464, 0.2449475987589069814, 0.09851005862127550083 ) ) ;
#385 = VERTEX_POINT ( 'NONE', #1178 ) ;
#386 = CARTESIAN_POINT ( 'NONE',  ( 0.05301981424403925947, 0.2553504312023897049, 0.1128557430036697951 ) ) ;
#387 = MANIFOLD_SOLID_BREP ( 'Boss-Extrude1', #912 ) ;
#388 = ORIENTED_EDGE ( 'NONE', *, *, #669, .T. ) ;
#389 = FACE_OUTER_BOUND ( 'NONE', #1007, .T. ) ;
#390 = DIRECTION ( 'NONE',  ( 0.9673114570423947400, -0.2535908228498589545, 0.0004895312564062859325 ) ) ;
#391 = CARTESIAN_POINT ( 'NONE',  ( 0.02627076141173231849, 0.2711483400597848870, 0.1183907984571293120 ) ) ;
#392 = VERTEX_POINT ( 'NONE', #304 ) ;
#393 = VERTEX_POINT ( 'NONE', #1480 ) ;
#394 = CARTESIAN_POINT ( 'NONE',  ( -0.001260230583017185949, 0.2657965887213825096, 0.1018582917509373992 ) ) ;
#395 = DIRECTION ( 'NONE',  ( 0.9778286787918324396, -0.2094058978443200658, 0.0004948537497350000624 ) ) ;
#396 = CYLINDRICAL_SURFACE ( 'NONE', #1597, 0.001300000000000004494 ) ;
#397 = ADVANCED_FACE ( 'NONE', ( #3214 ), #2869, .F. ) ;
#398 = EDGE_CURVE ( 'NONE', #2325, #961, #3073, .T. ) ;
#399 = CARTESIAN_POINT ( 'NONE',  ( 0.04793708627190697985, 0.2681735051885177357, 0.09809193935090845806 ) ) ;
#400 = FACE_OUTER_BOUND ( 'NONE', #1264, .T. ) ;
#401 = CARTESIAN_POINT ( 'NONE',  ( -0.01406329354486249988, 0.2465318935656370114, 0.09483682570126050759 ) ) ;
#402 = CC_DESIGN_SECURITY_CLASSIFICATION ( #3095, ( #2973 ) ) ;
#403 = CARTESIAN_POINT ( 'NONE',  ( 0.05292232888718701594, 0.2416280176138803637, 0.1128258392757567202 ) ) ;
#404 = VECTOR ( 'NONE', #811, 1.000000000000000000 ) ;
#405 = VECTOR ( 'NONE', #2266, 1.000000000000000000 ) ;
#406 = EDGE_LOOP ( 'NONE', ( #710, #1105, #2444, #2498, #64, #3147, #2882, #1188, #3145 ) ) ;
#407 = AXIS2_PLACEMENT_3D ( 'NONE', #1428, #1126, #2837 ) ;
#408 = CARTESIAN_POINT ( 'NONE',  ( 0.04943014949513679923, 0.2628995703653760341, 0.1133326569202581374 ) ) ;
#409 = EDGE_LOOP ( 'NONE', ( #835, #2379, #1287, #2289 ) ) ;
#410 = PLANE ( 'NONE',  #756 ) ;
#411 = DIRECTION ( 'NONE',  ( 0.9778286787918324396, -0.2094058978443200658, 0.0004948537497350001708 ) ) ;
#412 = ADVANCED_FACE ( 'NONE', ( #2624 ), #2848, .F. ) ;
#413 = CYLINDRICAL_SURFACE ( 'NONE', #1296, 0.001099999999999983370 ) ;
#414 = B_SPLINE_SURFACE_WITH_KNOTS ( 'NONE', 3, 3, ( 
 ( #2009, #2878, #2595, #2031, #613 ),
 ( #52, #1755, #2899, #628, #331 ),
 ( #939, #2990, #3277, #996, #699 ),
 ( #384, #90, #1790, #2952, #401 ),
 ( #2367, #1562, #2970, #1863, #2685 ),
 ( #1222, #441, #422, #2933, #1828 ) ),
 .UNSPECIFIED., .F., .F., .F.,
 ( 4, 1, 1, 4 ),
 ( 4, 1, 4 ),
 ( 0.000000000000000000, 0.2857142857142860315, 0.5714285714285709528, 1.000000000000000000 ),
 ( -1.570796326794899889, -1.099824402716930161, -0.4718618372796419824 ),
 .UNSPECIFIED. ) ;
#415 = ORIENTED_EDGE ( 'NONE', *, *, #1377, .T. ) ;
#416 = ORIENTED_EDGE ( 'NONE', *, *, #2711, .T. ) ;
#417 = CARTESIAN_POINT ( 'NONE',  ( 0.01885816793092954732, 0.2400102021090468329, 0.1184737033897786673 ) ) ;
#418 = CARTESIAN_POINT ( 'NONE',  ( -0.05462008210549210152, 0.2721106602360129911, 0.09983128745701909390 ) ) ;
#419 = CARTESIAN_POINT ( 'NONE',  ( 0.04369213825408067853, 0.2670891831785318082, 0.1145392052149364626 ) ) ;
#420 = CARTESIAN_POINT ( 'NONE',  ( 0.004806440306606393417, 0.2788142225127443474, 0.1073899504783265429 ) ) ;
#421 = CARTESIAN_POINT ( 'NONE',  ( 0.03035521559148520246, 0.2344803117223764888, 0.1159903175636919914 ) ) ;
#422 = CARTESIAN_POINT ( 'NONE',  ( -0.01067785093769139937, 0.2487490483118084961, 0.09732792071700489822 ) ) ;
#423 = CARTESIAN_POINT ( 'NONE',  ( 0.04807912431039748635, 0.2367869274905905763, 0.1129042131240184377 ) ) ;
#424 = ORIENTED_EDGE ( 'NONE', *, *, #488, .T. ) ;
#425 = EDGE_CURVE ( 'NONE', #1288, #2236, #2567, .T. ) ;
#426 = AXIS2_PLACEMENT_3D ( 'NONE', #394, #3271, #1823 ) ;
#427 = AXIS2_PLACEMENT_3D ( 'NONE', #750, #1612, #770 ) ;
#428 = B_SPLINE_CURVE_WITH_KNOTS ( 'NONE', 3,
 ( #1190, #3209, #668, #3246, #947, #1763, #2924, #1491, #2634, #2094 ),
 .UNSPECIFIED., .F., .F.,
 ( 4, 2, 2, 2, 4 ),
 ( 0.000000000000000000, 0.2500000000000000000, 0.5000000000000000000, 0.7500000000000000000, 1.000000000000000000 ),
 .UNSPECIFIED. ) ;
#429 = ORIENTED_EDGE ( 'NONE', *, *, #3517, .F. ) ;
#430 = CARTESIAN_POINT ( 'NONE',  ( -0.01500433138838888625, 0.2446065808113733753, 0.1004041247961988126 ) ) ;
#431 = CARTESIAN_POINT ( 'NONE',  ( -0.007160108167530580651, 0.2809845200352420469, 0.1008589884039960000 ) ) ;
#432 = AXIS2_PLACEMENT_3D ( 'NONE', #1613, #1935, #2215 ) ;
#433 = FACE_OUTER_BOUND ( 'NONE', #1652, .T. ) ;
#434 = EDGE_LOOP ( 'NONE', ( #1282, #3372, #3422, #1036, #617 ) ) ;
#435 = VERTEX_POINT ( 'NONE', #1461 ) ;
#436 = CARTESIAN_POINT ( 'NONE',  ( -0.007053460818468365243, 0.2762105493525640054, 0.09457323506085044129 ) ) ;
#437 = CARTESIAN_POINT ( 'NONE',  ( 0.02437543689881695522, 0.2357791838692133990, 0.1174070651939723153 ) ) ;
#438 = CARTESIAN_POINT ( 'NONE',  ( -0.01873767606579085365, 0.2496078442523918528, 0.1032159124984537157 ) ) ;
#439 = CARTESIAN_POINT ( 'NONE',  ( 0.04965350760612018133, 0.2668828230828784731, 0.09788405736196616191 ) ) ;
#440 = FACE_OUTER_BOUND ( 'NONE', #478, .T. ) ;
#441 = CARTESIAN_POINT ( 'NONE',  ( -0.008565993879879970144, 0.2481093014626974957, 0.09785459398127090147 ) ) ;
#442 = CARTESIAN_POINT ( 'NONE',  ( 0.05333354617178219514, 0.2422478336236799368, 0.1128342306321276911 ) ) ;
#443 = PERSON ( 'UNSPECIFIED', 'UNSPECIFIED', 'UNSPECIFIED', ('UNSPECIFIED'), ('UNSPECIFIED'), ('UNSPECIFIED') ) ;
#444 = EDGE_LOOP ( 'NONE', ( #2169, #3645, #1998, #2024 ) ) ;
#445 = EDGE_CURVE ( 'NONE', #1159, #791, #861, .T. ) ;
#446 = EDGE_CURVE ( 'NONE', #2984, #3609, #2760, .T. ) ;
#447 = EDGE_LOOP ( 'NONE', ( #76, #722 ) ) ;
#448 = DIRECTION ( 'NONE',  ( 0.9778286787918324396, -0.2094058978443200658, 0.0004948537497350001708 ) ) ;
#449 = DIRECTION ( 'NONE',  ( 0.9863287186144908958, -0.1647889853120761416, 0.0004991553995744454041 ) ) ;
#450 = CARTESIAN_POINT ( 'NONE',  ( -0.0009880029506798095919, 0.2670677661665931124, 0.1018584295182861782 ) ) ;
#451 = VERTEX_POINT ( 'NONE', #2928 ) ;
#452 = CALENDAR_DATE ( 2026, 6, 9 ) ;
#453 = CARTESIAN_POINT ( 'NONE',  ( 0.02778213647237355241, 0.2862132630675640055, 0.1185958815243295938 ) ) ;
#454 = CARTESIAN_POINT ( 'NONE',  ( 0.02627733540648051480, 0.2724230957445154533, 0.1184253791601786732 ) ) ;
#455 = DIRECTION ( 'NONE',  ( 0.9778286787918324396, -0.2094058978443200658, 0.0004948537497350001708 ) ) ;
#456 = CARTESIAN_POINT ( 'NONE',  ( -0.01714621633826299979, 0.2451527512371640127, 0.09885025188113329142 ) ) ;
#457 = FACE_OUTER_BOUND ( 'NONE', #2843, .T. ) ;
#458 = CARTESIAN_POINT ( 'NONE',  ( 0.02437660180010147240, 0.2357786048811714441, 0.1174068009410571267 ) ) ;
#459 = DIRECTION ( 'NONE',  ( -0.0005060740159284919442, 1.908060298302924897E-16, 0.9999998719445369888 ) ) ;
#460 = EDGE_CURVE ( 'NONE', #3105, #926, #623, .T. ) ;
#461 = EDGE_LOOP ( 'NONE', ( #1089, #1983 ) ) ;
#462 = ORIENTED_EDGE ( 'NONE', *, *, #3699, .F. ) ;
#463 = CARTESIAN_POINT ( 'NONE',  ( -0.05173306449238299770, 0.2856046977313255186, 0.1053327492061088000 ) ) ;
#464 = VECTOR ( 'NONE', #3409, 1.000000000000000000 ) ;
#465 = ORIENTED_EDGE ( 'NONE', *, *, #25, .T. ) ;
#466 = DIRECTION ( 'NONE',  ( -0.9778286787918324396, 0.2094058978443200658, -0.0004948537497350001708 ) ) ;
#467 = CARTESIAN_POINT ( 'NONE',  ( -0.007372933349136905068, 0.2809591773690278127, 0.09981464361975347921 ) ) ;
#468 = DIRECTION ( 'NONE',  ( -0.0005060740159284919442, 1.908060298302924897E-16, 0.9999998719445369888 ) ) ;
#469 = EDGE_CURVE ( 'NONE', #1206, #1223, #1731, .T. ) ;
#470 = ORIENTED_EDGE ( 'NONE', *, *, #1184, .T. ) ;
#471 = CARTESIAN_POINT ( 'NONE',  ( -0.002791113537397570035, 0.2610121476502640370, 0.09185751573019870775 ) ) ;
#472 = CARTESIAN_POINT ( 'NONE',  ( 0.02293980212844651256, 0.2365109883408849090, 0.1177205591407269325 ) ) ;
#473 = CARTESIAN_POINT ( 'NONE',  ( -0.04486343611760010286, 0.2872830924009069919, 0.1118362265793342025 ) ) ;
#474 = CYLINDRICAL_SURFACE ( 'NONE', #2767, 0.001300000000000004494 ) ;
#475 = DIRECTION ( 'NONE',  ( 0.0005060740159258310953, 0.000000000000000000, -0.9999998719445369888 ) ) ;
#476 =( BOUNDED_CURVE ( )  B_SPLINE_CURVE ( 3, ( #1132, #579, #2888, #2603 ),
 .UNSPECIFIED., .F., .F. ) 
 B_SPLINE_CURVE_WITH_KNOTS ( ( 4, 4 ),
 ( 4.173004624141400498, 5.027966028254399866 ),
 .UNSPECIFIED. ) 
 CURVE ( )  GEOMETRIC_REPRESENTATION_ITEM ( )  RATIONAL_B_SPLINE_CURVE ( ( 1.000000000000000000, 0.9400087238537297996, 0.9400087238537297996, 1.000000000000000000 ) ) 
 REPRESENTATION_ITEM ( '' )  );
#477 = CARTESIAN_POINT ( 'NONE',  ( -0.04920511411797220264, 0.2591903818071645271, 0.09883402770391008785 ) ) ;
#478 = EDGE_LOOP ( 'NONE', ( #2647, #3431, #1394, #2053, #2303, #1857, #73, #664, #2901, #2572 ) ) ;
#479 = CARTESIAN_POINT ( 'NONE',  ( -0.05462008210549210152, 0.2721106602360129911, 0.09983128745701909390 ) ) ;
#480 = ORIENTED_EDGE ( 'NONE', *, *, #1459, .F. ) ;
#481 = DIRECTION ( 'NONE',  ( 0.2094058710287506619, 0.9778288040081526411, 0.0001059748836761661891 ) ) ;
#482 = CARTESIAN_POINT ( 'NONE',  ( -0.007159979075091400455, 0.2809846203471815240, 0.1028553061691979964 ) ) ;
#483 = AXIS2_PLACEMENT_3D ( 'NONE', #1840, #2986, #1481 ) ;
#484 = ORIENTED_EDGE ( 'NONE', *, *, #1218, .T. ) ;
#485 = VECTOR ( 'NONE', #3082, 1.000000000000000000 ) ;
#486 = CARTESIAN_POINT ( 'NONE',  ( 0.02652154632184319447, 0.2383692115385119270, 0.1170716730951784496 ) ) ;
#487 = CARTESIAN_POINT ( 'NONE',  ( 0.02913476065794412193, 0.2727075938369713515, 0.1180064138790770240 ) ) ;
#488 = EDGE_CURVE ( 'NONE', #1677, #1288, #1452, .T. ) ;
#489 = PLANE ( 'NONE',  #875 ) ;
#490 = ADVANCED_FACE ( 'NONE', ( #933 ), #2081, .F. ) ;
#491 = CARTESIAN_POINT ( 'NONE',  ( -0.05035390692215430120, 0.2538567701489384820, 0.1118334479943689924 ) ) ;
#492 = CARTESIAN_POINT ( 'NONE',  ( -0.003354289293304695083, 0.2560183006813009920, 0.1018572320021004091 ) ) ;
#493 = CARTESIAN_POINT ( 'NONE',  ( 0.03330931111637214920, 0.2338477585624919863, 0.1152708386950705988 ) ) ;
#494 = CARTESIAN_POINT ( 'NONE',  ( -0.01347812244727825993, 0.2766788760340927467, 0.1053521090161396723 ) ) ;
#495 = AXIS2_PLACEMENT_3D ( 'NONE', #3499, #920, #2066 ) ;
#496 = ORIENTED_EDGE ( 'NONE', *, *, #2993, .T. ) ;
#497 = CARTESIAN_POINT ( 'NONE',  ( 0.04544064487471583674, 0.2546694939404465230, 0.1108819270060533574 ) ) ;
#498 = VECTOR ( 'NONE', #565, 1.000000000000000000 ) ;
#499 = VERTEX_POINT ( 'NONE', #2003 ) ;
#500 = DIRECTION ( 'NONE',  ( 0.9778286787918324396, -0.2094058978443200658, 0.0004948537497350001708 ) ) ;
#501 = CARTESIAN_POINT ( 'NONE',  ( -0.009035650838955747860, 0.2812907724006885046, 0.09885435888317643804 ) ) ;
#502 = AXIS2_PLACEMENT_3D ( 'NONE', #3656, #1592, #231 ) ;
#503 = VERTEX_POINT ( 'NONE', #286 ) ;
#504 = LINE ( 'NONE', #1641, #1919 ) ;
#505 = CARTESIAN_POINT ( 'NONE',  ( 0.02440202198877461717, 0.2721853747616619357, 0.1186335582142152845 ) ) ;
#506 = CARTESIAN_POINT ( 'NONE',  ( 0.04358148728870334804, 0.2459668175847740113, 0.1018809849820877939 ) ) ;
#507 = CARTESIAN_POINT ( 'NONE',  ( -0.05657573946307579982, 0.2725294720317014696, 0.09983029774951959756 ) ) ;
#508 = CARTESIAN_POINT ( 'NONE',  ( 0.04357693262256000233, 0.2459668175847740113, 0.1108809838295885947 ) ) ;
#509 = FACE_OUTER_BOUND ( 'NONE', #1071, .T. ) ;
#510 = DIRECTION ( 'NONE',  ( 0.2094058710287569625, 0.9778288040081514199, 0.0001059748836790795894 ) ) ;
#511 = CARTESIAN_POINT ( 'NONE',  ( -0.05897877730400610113, 0.2612894889480469884, 0.09182908060990940813 ) ) ;
#512 = ORIENTED_EDGE ( 'NONE', *, *, #2663, .F. ) ;
#513 = ORIENTED_EDGE ( 'NONE', *, *, #334, .T. ) ;
#514 = CARTESIAN_POINT ( 'NONE',  ( -0.01151172369706290020, 0.2766428838390885270, 0.09685310309570609177 ) ) ;
#515 = ORIENTED_EDGE ( 'NONE', *, *, #1516, .F. ) ;
#516 = CARTESIAN_POINT ( 'NONE',  ( 0.04793764581816225417, 0.2681619219111419650, 0.1137490245265491834 ) ) ;
#517 = AXIS2_PLACEMENT_3D ( 'NONE', #42, #1175, #341 ) ;
#518 = CARTESIAN_POINT ( 'NONE',  ( 0.03507374980475985726, 0.2365721003937795996, 0.1149983591786190723 ) ) ;
#519 = AXIS2_PLACEMENT_3D ( 'NONE', #293, #1276, #2011 ) ;
#520 = AXIS2_PLACEMENT_3D ( 'NONE', #1523, #1770, #3440 ) ;
#521 = VERTEX_POINT ( 'NONE', #1420 ) ;
#522 = DIRECTION ( 'NONE',  ( 0.0005060740159284919442, -1.908060298302924897E-16, -0.9999998719445369888 ) ) ;
#523 = CARTESIAN_POINT ( 'NONE',  ( -0.006425297225768310250, 0.2779458667902854896, 0.09587653314978458741 ) ) ;
#524 = ADVANCED_FACE ( 'NONE', ( #44, #586 ), #4, .T. ) ;
#525 = CIRCLE ( 'NONE', #2616, 0.008999999999999992381 ) ;
#526 = CARTESIAN_POINT ( 'NONE',  ( -0.01889948579256849406, 0.2504681845479984070, 0.1038221204507706608 ) ) ;
#527 = CARTESIAN_POINT ( 'NONE',  ( -0.01123525760626913929, 0.2793677030121550220, 0.1028532437763615970 ) ) ;
#528 = DIRECTION ( 'NONE',  ( 0.0005060740159284919442, -1.908060298302924897E-16, -0.9999998719445369888 ) ) ;
#529 = DIRECTION ( 'NONE',  ( 0.0005060740159284920527, -1.908331348846048492E-16, -0.9999998719445369888 ) ) ;
#530 = CARTESIAN_POINT ( 'NONE',  ( 0.03592710700055728318, 0.2334476704447090156, 0.1146534969147947197 ) ) ;
#531 = CARTESIAN_POINT ( 'NONE',  ( -0.007675498754526109343, 0.2809176987899866806, 0.1075168451849047024 ) ) ;
#532 = ORIENTED_EDGE ( 'NONE', *, *, #2644, .F. ) ;
#533 = DIRECTION ( 'NONE',  ( -0.0005060740159284919442, 1.908060298302924897E-16, 0.9999998719445369888 ) ) ;
#534 = EDGE_CURVE ( 'NONE', #325, #1866, #2170, .T. ) ;
#535 = ORIENTED_EDGE ( 'NONE', *, *, #3464, .T. ) ;
#536 = ADVANCED_FACE ( 'NONE', ( #3324 ), #1025, .F. ) ;
#537 = CARTESIAN_POINT ( 'NONE',  ( 0.05480816159203838467, 0.2597818054348102756, 0.1128289236101597953 ) ) ;
#538 = CARTESIAN_POINT ( 'NONE',  ( 0.03584277574412766953, 0.2364898484591070049, 0.1148210138934426666 ) ) ;
#539 = VECTOR ( 'NONE', #1744, 1.000000000000000000 ) ;
#540 = ORIENTED_EDGE ( 'NONE', *, *, #2975, .F. ) ;
#541 = CARTESIAN_POINT ( 'NONE',  ( 0.02788201683731186820, 0.2380778958633651965, 0.1167540970633010877 ) ) ;
#542 = DIRECTION ( 'NONE',  ( -0.0005060740159284919442, 1.908060298302924897E-16, 0.9999998719445369888 ) ) ;
#543 = CARTESIAN_POINT ( 'NONE',  ( 0.03231659974945957220, 0.2698537207934141868, 0.1172770031372627059 ) ) ;
#544 = AXIS2_PLACEMENT_3D ( 'NONE', #1985, #2004, #3457 ) ;
#545 = CARTESIAN_POINT ( 'NONE',  ( -0.001532458215354562305, 0.2645254112761719067, 0.1018581539835886202 ) ) ;
#546 = CARTESIAN_POINT ( 'NONE',  ( -0.01824428033617037440, 0.2481487889687159776, 0.1078496973319042623 ) ) ;
#547 = CARTESIAN_POINT ( 'NONE',  ( -0.0009096850134079903505, 0.2411769649870432741, 0.1053584696011585359 ) ) ;
#548 = CARTESIAN_POINT ( 'NONE',  ( -0.01151172369706290020, 0.2766428838390885270, 0.09685310309570609177 ) ) ;
#549 = CYLINDRICAL_SURFACE ( 'NONE', #2140, 0.001099999999999983370 ) ;
#550 = ORIENTED_EDGE ( 'NONE', *, *, #1704, .F. ) ;
#551 = ORIENTED_EDGE ( 'NONE', *, *, #2674, .T. ) ;
#552 = LINE ( 'NONE', #1713, #1841 ) ;
#553 = ORIENTED_EDGE ( 'NONE', *, *, #651, .T. ) ;
#554 = CARTESIAN_POINT ( 'NONE',  ( 0.05530676022008697984, 0.2584895644138038850, 0.1128165589368615995 ) ) ;
#555 = AXIS2_PLACEMENT_3D ( 'NONE', #3385, #1947, #3098 ) ;
#556 = EDGE_CURVE ( 'NONE', #1907, #1757, #1369, .T. ) ;
#557 = CARTESIAN_POINT ( 'NONE',  ( 0.04112233677422814926, 0.2368581256869933538, 0.1137594998437535254 ) ) ;
#558 = ADVANCED_FACE ( 'NONE', ( #730 ), #3528, .T. ) ;
#559 = EDGE_LOOP ( 'NONE', ( #2963, #1351, #3441, #2061, #3262 ) ) ;
#560 = SPHERICAL_SURFACE ( 'NONE', #1379, 0.005000000000000000104 ) ;
#561 = CARTESIAN_POINT ( 'NONE',  ( -0.002651790957192529889, 0.2758882152807690114, 0.09785224024173719282 ) ) ;
#562 = CARTESIAN_POINT ( 'NONE',  ( -0.008558634023947632799, 0.2444155547788359195, 0.09931929048946927518 ) ) ;
#563 = PERSON_AND_ORGANIZATION ( #443, #2189 ) ;
#564 = ORIENTED_EDGE ( 'NONE', *, *, #2271, .T. ) ;
#565 = DIRECTION ( 'NONE',  ( -0.9863287186144908958, 0.1647889853120761416, -0.0004991553995744103843 ) ) ;
#566 = LINE ( 'NONE', #3178, #1436 ) ;
#567 = CARTESIAN_POINT ( 'NONE',  ( -0.008276887634808272054, 0.2454883229259100241, 0.09831350946840176908 ) ) ;
#568 = DIRECTION ( 'NONE',  ( 0.2094058710287506619, 0.9778288040081526411, 0.0001059748836761661891 ) ) ;
#569 = ORIENTED_EDGE ( 'NONE', *, *, #2662, .F. ) ;
#570 = VERTEX_POINT ( 'NONE', #2398 ) ;
#571 = LINE ( 'NONE', #2611, #3459 ) ;
#572 = EDGE_CURVE ( 'NONE', #2380, #2199, #2818, .T. ) ;
#573 = ORIENTED_EDGE ( 'NONE', *, *, #107, .T. ) ;
#574 = CARTESIAN_POINT ( 'NONE',  ( 0.05491185279151142989, 0.2595289260823111510, 0.1128254973219698504 ) ) ;
#575 = CARTESIAN_POINT ( 'NONE',  ( 0.03911698510416802138, 0.2365293181867159367, 0.1141278929650661467 ) ) ;
#576 = ORIENTED_EDGE ( 'NONE', *, *, #2481, .T. ) ;
#577 = LOCAL_TIME ( 12, 26, 45.00000000000000000, #2342 ) ;
#578 = CARTESIAN_POINT ( 'NONE',  ( 0.03728619829463750146, 0.2524265058386470084, 0.1188778012764403896 ) ) ;
#579 = CARTESIAN_POINT ( 'NONE',  ( -0.004608394103358202237, 0.2805578944979998934, 0.1078791949736212508 ) ) ;
#580 = CARTESIAN_POINT ( 'NONE',  ( -0.01893032506307817248, 0.2507390940939194235, 0.1041671047295085750 ) ) ;
#581 = VECTOR ( 'NONE', #1764, 1.000000000000000000 ) ;
#582 = VECTOR ( 'NONE', #937, 1.000000000000000000 ) ;
#583 = DATE_AND_TIME ( #3491, #577 ) ;
#584 = VERTEX_POINT ( 'NONE', #2137 ) ;
#585 = AXIS2_PLACEMENT_3D ( 'NONE', #1347, #529, #1064 ) ;
#586 = FACE_OUTER_BOUND ( 'NONE', #2750, .T. ) ;
#587 = CARTESIAN_POINT ( 'NONE',  ( -0.006364742509150879933, 0.2730246998814194748, 0.1118557097703113956 ) ) ;
#588 = CARTESIAN_POINT ( 'NONE',  ( -0.008525008079160952684, 0.2445435646110679095, 0.09918721767283414370 ) ) ;
#589 = EDGE_CURVE ( 'NONE', #2578, #3131, #1722, .T. ) ;
#590 = CARTESIAN_POINT ( 'NONE',  ( -0.006769825086943839429, 0.2424334003741089871, 0.09185550220740879013 ) ) ;
#591 = ORIENTED_EDGE ( 'NONE', *, *, #3529, .F. ) ;
#592 = ORIENTED_EDGE ( 'NONE', *, *, #2560, .T. ) ;
#593 = CARTESIAN_POINT ( 'NONE',  ( 0.03272028184139537388, 0.2728372363787986421, 0.09933995417690358321 ) ) ;
#594 = CARTESIAN_POINT ( 'NONE',  ( 0.007048305454206993566, 0.2783344595393529297, 0.1042413791191370148 ) ) ;
#595 = ORIENTED_EDGE ( 'NONE', *, *, #3078, .T. ) ;
#596 = CARTESIAN_POINT ( 'NONE',  ( 0.04757006063714409178, 0.2684056485648529944, 0.1138234397118433466 ) ) ;
#597 = CARTESIAN_POINT ( 'NONE',  ( -0.02663199233249912215, 0.2827539114436405931, 0.09330991676097874499 ) ) ;
#598 = ORIENTED_EDGE ( 'NONE', *, *, #2048, .T. ) ;
#599 = VECTOR ( 'NONE', #448, 1.000000000000000000 ) ;
#600 = FACE_BOUND ( 'NONE', #3575, .T. ) ;
#601 = CIRCLE ( 'NONE', #1070, 0.001099999999999995729 ) ;
#602 = CARTESIAN_POINT ( 'NONE',  ( 0.02664916773983767861, 0.2710673086079530281, 0.1183377754417245520 ) ) ;
#603 = DIRECTION ( 'NONE',  ( 0.2094058710287503566, 0.9778288040081527521, 0.0001059748836761662162 ) ) ;
#604 = EDGE_LOOP ( 'NONE', ( #3633, #1614, #3269, #1512, #2909 ) ) ;
#605 = CARTESIAN_POINT ( 'NONE',  ( -0.003354795367320625131, 0.2560183006813009920, 0.1028572318740450103 ) ) ;
#606 = CARTESIAN_POINT ( 'NONE',  ( -0.001264279175144613970, 0.2657965887213825096, 0.1098582907264935987 ) ) ;
#607 = DIRECTION ( 'NONE',  ( 0.0005060740159285729341, 0.000000000000000000, -0.9999998719445370998 ) ) ;
#608 = EDGE_CURVE ( 'NONE', #1176, #3184, #71, .T. ) ;
#609 = CIRCLE ( 'NONE', #839, 0.001300000000000004277 ) ;
#610 = EDGE_CURVE ( 'NONE', #1003, #2256, #2352, .T. ) ;
#611 = CARTESIAN_POINT ( 'NONE',  ( 0.004300049027936170970, 0.2400618308721201855, 0.1002757855443341117 ) ) ;
#612 = FACE_OUTER_BOUND ( 'NONE', #3252, .T. ) ;
#613 = CARTESIAN_POINT ( 'NONE',  ( -0.01841628333613820265, 0.2454859779390410057, 0.09684960887703389365 ) ) ;
#614 = EDGE_LOOP ( 'NONE', ( #842, #3299 ) ) ;
#615 = CARTESIAN_POINT ( 'NONE',  ( 0.05499526386932045152, 0.2455324865443991311, 0.1128721110602169536 ) ) ;
#616 = CARTESIAN_POINT ( 'NONE',  ( 0.05322496132455555029, 0.2504322194263138845, 0.1128201751703676037 ) ) ;
#617 = ORIENTED_EDGE ( 'NONE', *, *, #3052, .T. ) ;
#618 = CARTESIAN_POINT ( 'NONE',  ( -0.05078223711289490266, 0.2518566657771034722, 0.1118332312275613916 ) ) ;
#619 = DIRECTION ( 'NONE',  ( 0.9863287186144908958, -0.1647889853120761416, 0.0004991553995744454041 ) ) ;
#620 = DIRECTION ( 'NONE',  ( -0.8764176767245954736, 0.4815515125132386887, -0.0004435322700875567658 ) ) ;
#621 = CARTESIAN_POINT ( 'NONE',  ( 0.04567554599899090184, 0.2557451056248554733, 0.1018820447309245897 ) ) ;
#622 = VERTEX_POINT ( 'NONE', #1079 ) ;
#623 = LINE ( 'NONE', #84, #852 ) ;
#624 = CARTESIAN_POINT ( 'NONE',  ( 0.04330521106423854127, 0.2446956401395634084, 0.1098808461902952283 ) ) ;
#625 = CARTESIAN_POINT ( 'NONE',  ( 0.04340032324773415023, 0.2618560846893550065, 0.1108808944521615936 ) ) ;
#626 = CARTESIAN_POINT ( 'NONE',  ( -0.01347036162035460984, 0.2766936996400825577, 0.1050789505690382097 ) ) ;
#627 = DIRECTION ( 'NONE',  ( 0.2094058710287569625, 0.9778288040081514199, 0.0001059748836790795894 ) ) ;
#628 = CARTESIAN_POINT ( 'NONE',  ( -0.01681522723671230110, 0.2450660451937859974, 0.09841004471889090721 ) ) ;
#629 = ADVANCED_FACE ( 'NONE', ( #1624 ), #3092, .T. ) ;
#630 = ORIENTED_EDGE ( 'NONE', *, *, #992, .T. ) ;
#631 = CARTESIAN_POINT ( 'NONE',  ( 0.05598224549698809643, 0.2490178569605147052, 0.1128868818178867944 ) ) ;
#632 = CARTESIAN_POINT ( 'NONE',  ( 0.05304508518369368403, 0.2552117191843879529, 0.1128534979298977670 ) ) ;
#633 = ORIENTED_EDGE ( 'NONE', *, *, #1730, .T. ) ;
#634 = CARTESIAN_POINT ( 'NONE',  ( -0.04391099174346584089, 0.2839294505485709386, 0.1064367078952456608 ) ) ;
#635 = LINE ( 'NONE', #3266, #902 ) ;
#636 = DIRECTION ( 'NONE',  ( 0.4815514508479347144, 0.8764177889546823641, 0.0002437007078137642664 ) ) ;
#637 = ADVANCED_FACE ( 'NONE', ( #2186 ), #799, .F. ) ;
#638 = PERSON_AND_ORGANIZATION_ROLE ( 'creator' ) ;
#639 = ORIENTED_EDGE ( 'NONE', *, *, #2900, .T. ) ;
#640 = CARTESIAN_POINT ( 'NONE',  ( 0.0003890697661534815027, 0.2746527213897094755, 0.1188591285960385879 ) ) ;
#641 = CARTESIAN_POINT ( 'NONE',  ( -0.05572942714792859797, 0.2669281675747700033, 0.09883072591819100361 ) ) ;
#642 = PLANE ( 'NONE',  #2671 ) ;
#643 = VECTOR ( 'NONE', #1360, 1.000000000000000000 ) ;
#644 = CARTESIAN_POINT ( 'NONE',  ( -0.01345258806509321003, 0.2767278056468727709, 0.1048432281698775531 ) ) ;
#645 = DIRECTION ( 'NONE',  ( 0.2094058710287509117, 0.9778288040081526411, 0.0001059748836809999554 ) ) ;
#646 = DIRECTION ( 'NONE',  ( -0.8764176767245954736, 0.4815515125132386887, -0.0004435322700875567658 ) ) ;
#647 = VECTOR ( 'NONE', #965, 1.000000000000000000 ) ;
#648 = ORIENTED_EDGE ( 'NONE', *, *, #2246, .T. ) ;
#649 = CARTESIAN_POINT ( 'NONE',  ( 0.04585837679325250466, 0.2389147317647510593, 0.1131384464798446676 ) ) ;
#650 = EDGE_CURVE ( 'NONE', #961, #216, #1040, .T. ) ;
#651 = EDGE_CURVE ( 'NONE', #435, #1925, #1616, .T. ) ;
#652 = VERTEX_POINT ( 'NONE', #765 ) ;
#653 = DIRECTION ( 'NONE',  ( -0.0005060740159284919442, 1.908060298302924897E-16, 0.9999998719445369888 ) ) ;
#654 = CARTESIAN_POINT ( 'NONE',  ( -0.05703432251051390039, 0.2608656289899189962, 0.1118300672091911974 ) ) ;
#655 = CARTESIAN_POINT ( 'NONE',  ( 0.03307004944578181144, 0.2625357519362473413, 0.09787566490362233085 ) ) ;
#656 = ORIENTED_EDGE ( 'NONE', *, *, #1286, .T. ) ;
#657 = ORIENTED_EDGE ( 'NONE', *, *, #1228, .F. ) ;
#658 = DIRECTION ( 'NONE',  ( 0.9778286787918326617, -0.2094058978443191776, 0.0004948537497342922952 ) ) ;
#659 = CYLINDRICAL_SURFACE ( 'NONE', #1318, 0.01600000000000001421 ) ;
#660 = FACE_OUTER_BOUND ( 'NONE', #3128, .T. ) ;
#661 = VERTEX_POINT ( 'NONE', #189 ) ;
#662 = DIRECTION ( 'NONE',  ( -0.1723298372753085672, -0.8060386764940892235, -0.5662191088088806001 ) ) ;
#663 = VECTOR ( 'NONE', #371, 1.000000000000000000 ) ;
#664 = ORIENTED_EDGE ( 'NONE', *, *, #398, .F. ) ;
#665 = CARTESIAN_POINT ( 'NONE',  ( 0.05041268161546810095, 0.2432736024988908230, 0.1128553035162868368 ) ) ;
#666 = ORIENTED_EDGE ( 'NONE', *, *, #1244, .F. ) ;
#667 = CARTESIAN_POINT ( 'NONE',  ( -0.01496185358029636370, 0.2445817996703208708, 0.1007456695295810833 ) ) ;
#668 = CARTESIAN_POINT ( 'NONE',  ( 0.0003740953809797809416, 0.2440110163995550252, 0.1185762400667210170 ) ) ;
#669 = EDGE_CURVE ( 'NONE', #2325, #2653, #208, .T. ) ;
#670 = FACE_OUTER_BOUND ( 'NONE', #2540, .T. ) ;
#671 = EDGE_CURVE ( 'NONE', #1206, #451, #2897, .T. ) ;
#672 = ORIENTED_EDGE ( 'NONE', *, *, #2480, .T. ) ;
#673 = CALENDAR_DATE ( 2026, 6, 9 ) ;
#674 = EDGE_LOOP ( 'NONE', ( #429, #2765, #809, #3170 ) ) ;
#675 = CARTESIAN_POINT ( 'NONE',  ( 0.06280158678977269815, 0.2787143259592239630, 0.1129172465325684049 ) ) ;
#676 = CARTESIAN_POINT ( 'NONE',  ( -0.006775391901119050438, 0.2424334003741089871, 0.1028555007987985992 ) ) ;
#677 = VECTOR ( 'NONE', #3290, 1.000000000000000000 ) ;
#678 = CARTESIAN_POINT ( 'NONE',  ( -0.05311649399897400148, 0.2886636472978360013, 0.09183204735954399178 ) ) ;
#679 = CARTESIAN_POINT ( 'NONE',  ( 0.05025342058431649800, 0.2663235058699425228, 0.09788436096237519701 ) ) ;
#680 = CARTESIAN_POINT ( 'NONE',  ( -0.0009096850134078827976, 0.2411769649870432186, 0.1053584696011585359 ) ) ;
#681 = CARTESIAN_POINT ( 'NONE',  ( -0.05034732795994720234, 0.2538567701489384820, 0.09883344965908999469 ) ) ;
#682 = EDGE_CURVE ( 'NONE', #3667, #2253, #782, .T. ) ;
#683 = ORIENTED_EDGE ( 'NONE', *, *, #2307, .F. ) ;
#684 = CARTESIAN_POINT ( 'NONE',  ( 0.05302344958198700053, 0.2553308354834921690, 0.1128554184403102179 ) ) ;
#685 = ORIENTED_EDGE ( 'NONE', *, *, #3464, .F. ) ;
#686 = CARTESIAN_POINT ( 'NONE',  ( 0.04385371492104072483, 0.2472379950299846141, 0.1018811227494365729 ) ) ;
#687 = CARTESIAN_POINT ( 'NONE',  ( 0.02295609268749684850, 0.2718581474980654722, 0.1187770496019888017 ) ) ;
#688 = CARTESIAN_POINT ( 'NONE',  ( 0.02447656363009553110, 0.2715325506659437282, 0.1186111502359642050 ) ) ;
#689 =( BOUNDED_CURVE ( )  B_SPLINE_CURVE ( 3, ( #2571, #3122, #2533, #289 ),
 .UNSPECIFIED., .F., .F. ) 
 B_SPLINE_CURVE_WITH_KNOTS ( ( 4, 4 ),
 ( 0.7853981633974523868, 0.8922562209718870596 ),
 .UNSPECIFIED. ) 
 CURVE ( )  GEOMETRIC_REPRESENTATION_ITEM ( )  RATIONAL_B_SPLINE_CURVE ( ( 1.000000000000000000, 0.9990486726363601022, 0.9990486726363601022, 1.000000000000000000 ) ) 
 REPRESENTATION_ITEM ( '' )  );
#690 = ORIENTED_EDGE ( 'NONE', *, *, #297, .F. ) ;
#691 = ORIENTED_EDGE ( 'NONE', *, *, #1619, .F. ) ;
#692 = EDGE_CURVE ( 'NONE', #711, #752, #2541, .T. ) ;
#693 = CARTESIAN_POINT ( 'NONE',  ( 0.02293994373571922943, 0.2391361438025989272, 0.1178279907802532167 ) ) ;
#694 = DIRECTION ( 'NONE',  ( -0.9863287186144907848, 0.1647889853120764747, -0.0004991553995744388988 ) ) ;
#695 = CARTESIAN_POINT ( 'NONE',  ( 0.04358148728870334804, 0.2459668175847740113, 0.1018809849820877939 ) ) ;
#696 = DIRECTION ( 'NONE',  ( 0.9778286787918324396, -0.2094058978443200658, 0.0004948537497350001708 ) ) ;
#697 = EDGE_CURVE ( 'NONE', #3131, #2397, #504, .T. ) ;
#698 = DIRECTION ( 'NONE',  ( -0.1789579191529999391, -0.6839925783831023454, -0.7071974376998717560 ) ) ;
#699 = CARTESIAN_POINT ( 'NONE',  ( -0.01634432867093000077, 0.2453153716533515161, 0.09580498449764909830 ) ) ;
#700 = AXIS2_PLACEMENT_3D ( 'NONE', #3479, #3198, #159 ) ;
#701 = CARTESIAN_POINT ( 'NONE',  ( 0.05523260834716784556, 0.2461695181250767028, 0.1128776244383796479 ) ) ;
#702 = CIRCLE ( 'NONE', #2613, 0.006500000000000001436 ) ;
#703 = AXIS2_PLACEMENT_3D ( 'NONE', #3160, #1463, #1752 ) ;
#704 = ORIENTED_EDGE ( 'NONE', *, *, #3260, .T. ) ;
#705 = VECTOR ( 'NONE', #868, 1.000000000000000000 ) ;
#706 = VERTEX_POINT ( 'NONE', #2505 ) ;
#707 = CARTESIAN_POINT ( 'NONE',  ( -0.01529720650652444287, 0.2447849117506797623, 0.09926743192416638550 ) ) ;
#708 = CARTESIAN_POINT ( 'NONE',  ( -0.007163488075755295240, 0.2809841714238705546, 0.1007859677148924687 ) ) ;
#709 = CARTESIAN_POINT ( 'NONE',  ( -0.007710184954780320045, 0.2809096245890240207, 0.09885502721204139642 ) ) ;
#710 = ORIENTED_EDGE ( 'NONE', *, *, #2920, .F. ) ;
#711 = VERTEX_POINT ( 'NONE', #3654 ) ;
#712 = DIRECTION ( 'NONE',  ( 0.2094058710287543257, 0.9778288040081519750, 0.0001059748836790796436 ) ) ;
#713 = CARTESIAN_POINT ( 'NONE',  ( 0.02466919960656756283, 0.2722241303767468645, 0.1186065802097613781 ) ) ;
#714 =( BOUNDED_CURVE ( )  B_SPLINE_CURVE ( 3, ( #1256, #2758, #2405, #2989 ),
 .UNSPECIFIED., .F., .F. ) 
 B_SPLINE_CURVE_WITH_KNOTS ( ( 4, 4 ),
 ( 4.712388980384692339, 5.497787143782180586 ),
 .UNSPECIFIED. ) 
 CURVE ( )  GEOMETRIC_REPRESENTATION_ITEM ( )  RATIONAL_B_SPLINE_CURVE ( ( 1.000000000000000000, 0.9492530216741859039, 0.9492530216741859039, 1.000000000000000000 ) ) 
 REPRESENTATION_ITEM ( '' )  );
#715 = CARTESIAN_POINT ( 'NONE',  ( -0.01840991436000652751, 0.2485533359582881574, 0.1028936989439230149 ) ) ;
#716 = LINE ( 'NONE', #3328, #3693 ) ;
#717 = DIRECTION ( 'NONE',  ( 0.9673114570423946290, -0.2535908228498591765, 0.0004895312564062673927 ) ) ;
#718 = DIRECTION ( 'NONE',  ( 0.0005060740159284919442, -1.908060298302924897E-16, -0.9999998719445369888 ) ) ;
#719 = CARTESIAN_POINT ( 'NONE',  ( 0.04863676866283337535, 0.2371846311838294030, 0.1128773334751489998 ) ) ;
#720 = EDGE_CURVE ( 'NONE', #3609, #317, #260, .T. ) ;
#721 = EDGE_CURVE ( 'NONE', #1487, #3653, #2272, .T. ) ;
#722 = ORIENTED_EDGE ( 'NONE', *, *, #13, .F. ) ;
#723 = VECTOR ( 'NONE', #2929, 1.000000000000000000 ) ;
#724 = VERTEX_POINT ( 'NONE', #3690 ) ;
#725 = CARTESIAN_POINT ( 'NONE',  ( -0.01505447308948764697, 0.2446362596380105281, 0.1001563133083017698 ) ) ;
#726 = CARTESIAN_POINT ( 'NONE',  ( -0.0009096850134079903505, 0.2411769649870432741, 0.1053584696011585359 ) ) ;
#727 = AXIS2_PLACEMENT_3D ( 'NONE', #185, #2466, #2483 ) ;
#728 = CARTESIAN_POINT ( 'NONE',  ( -0.01495909144899180108, 0.2445781795024510041, 0.1078513598808504004 ) ) ;
#729 = ORIENTED_EDGE ( 'NONE', *, *, #3249, .F. ) ;
#730 = FACE_OUTER_BOUND ( 'NONE', #1978, .T. ) ;
#731 = CARTESIAN_POINT ( 'NONE',  ( 0.02213865431885202878, 0.2369341211056613661, 0.1178850127198834835 ) ) ;
#732 = FACE_BOUND ( 'NONE', #2691, .T. ) ;
#733 = CARTESIAN_POINT ( 'NONE',  ( -0.006588084485241459988, 0.2756372435916669694, 0.09570154948348720547 ) ) ;
#734 = FACE_OUTER_BOUND ( 'NONE', #1450, .T. ) ;
#735 = FACE_OUTER_BOUND ( 'NONE', #3088, .T. ) ;
#736 = CARTESIAN_POINT ( 'NONE',  ( 0.05628782924516574637, 0.2521940047580537581, 0.1128660455297323811 ) ) ;
#737 = ORIENTED_EDGE ( 'NONE', *, *, #1547, .T. ) ;
#738 = DIRECTION ( 'NONE',  ( 0.0005060740159285729341, 0.000000000000000000, -0.9999998719445370998 ) ) ;
#739 = ORIENTED_EDGE ( 'NONE', *, *, #13, .T. ) ;
#740 = LINE ( 'NONE', #1284, #2042 ) ;
#741 = DIRECTION ( 'NONE',  ( 0.2094058710287508562, 0.9778288040081526411, 0.0001059748836809999283 ) ) ;
#742 = B_SPLINE_CURVE_WITH_KNOTS ( 'NONE', 3,
 ( #2950, #2931, #329, #626, #644, #2646, #362, #1220, #1464, #2084, #2913, #3514, #3237, #1181, #865 ),
 .UNSPECIFIED., .F., .F.,
 ( 4, 1, 1, 1, 1, 1, 1, 1, 1, 1, 1, 1, 4 ),
 ( 0.6576533391690292385, 0.6673151613524206383, 0.6770205977638070749, 0.6868102782443280541, 0.7180817672197614687, 0.7496127168463807555, 0.7945329104492402372, 0.8412042721001179446, 0.8923169008059883556, 0.9168280927453096307, 0.9428602500268854492, 0.9705471466983605078, 1.000000000000000000 ),
 .UNSPECIFIED. ) ;
#743 = VERTEX_POINT ( 'NONE', #1398 ) ;
#744 = DIRECTION ( 'NONE',  ( 0.2094058710287509117, 0.9778288040081526411, 0.0001059748836809999554 ) ) ;
#745 = CARTESIAN_POINT ( 'NONE',  ( 0.02970435543765498343, 0.2727516794389178156, 0.1179083439870992067 ) ) ;
#746 = DIRECTION ( 'NONE',  ( 0.9778286787918324396, -0.2094058978443200658, 0.0004948537497350000624 ) ) ;
#747 = EDGE_CURVE ( 'NONE', #1556, #333, #1114, .T. ) ;
#748 = CARTESIAN_POINT ( 'NONE',  ( 0.04605382343056711042, 0.2692878511587893930, 0.09840796532006618191 ) ) ;
#749 = CARTESIAN_POINT ( 'NONE',  ( -0.05993153113458342396, 0.2568986664921090179, 0.1164139215111625603 ) ) ;
#750 = CARTESIAN_POINT ( 'NONE',  ( -0.05462008210549210152, 0.2721106602360129911, 0.09983128745701909390 ) ) ;
#751 = CARTESIAN_POINT ( 'NONE',  ( -0.05573271662903210577, 0.2669281675747700033, 0.1053307250858303984 ) ) ;
#752 = VERTEX_POINT ( 'NONE', #634 ) ;
#753 = CARTESIAN_POINT ( 'NONE',  ( 0.03663658447223518827, 0.2334187111237310819, 0.09867266470698717040 ) ) ;
#754 = AXIS2_PLACEMENT_3D ( 'NONE', #479, #1615, #201 ) ;
#755 = CIRCLE ( 'NONE', #2730, 0.001300000000000004494 ) ;
#756 = AXIS2_PLACEMENT_3D ( 'NONE', #1019, #2745, #1885 ) ;
#757 = VECTOR ( 'NONE', #124, 1.000000000000000000 ) ;
#758 = ORIENTED_EDGE ( 'NONE', *, *, #989, .F. ) ;
#759 = DIRECTION ( 'NONE',  ( -0.2094058710287509117, -0.9778288040081526411, -0.0001059748836809999554 ) ) ;
#760 = EDGE_CURVE ( 'NONE', #724, #2136, #831, .T. ) ;
#761 = DIRECTION ( 'NONE',  ( 0.1168812424260055605, 0.6974398147223225264, -0.7070477211681301943 ) ) ;
#762 = AXIS2_PLACEMENT_3D ( 'NONE', #2727, #2073, #1815 ) ;
#763 = ADVANCED_FACE ( 'NONE', ( #1778 ), #560, .T. ) ;
#764 = ORIENTED_EDGE ( 'NONE', *, *, #1704, .T. ) ;
#765 = CARTESIAN_POINT ( 'NONE',  ( 0.04334658616442839396, 0.2448912059003650332, 0.1108808672572165477 ) ) ;
#766 = CARTESIAN_POINT ( 'NONE',  ( -0.05221140851464559779, 0.2833556914821065420, 0.09883250629623679950 ) ) ;
#767 = DIRECTION ( 'NONE',  ( 0.0005060740159284919442, -1.908060298302924897E-16, -0.9999998719445369888 ) ) ;
#768 = LINE ( 'NONE', #545, #2134 ) ;
#769 = LINE ( 'NONE', #2475, #1989 ) ;
#770 = DIRECTION ( 'NONE',  ( 0.2094058710287509117, 0.9778288040081526411, 0.0001059748836809999554 ) ) ;
#771 = CARTESIAN_POINT ( 'NONE',  ( 0.03470115146562022940, 0.2335497272349486009, 0.1149318517830555941 ) ) ;
#772 = AXIS2_PLACEMENT_3D ( 'NONE', #2038, #2337, #3488 ) ;
#773 = CARTESIAN_POINT ( 'NONE',  ( -0.003128497501316426788, 0.2570939123657099423, 0.1108573474219734512 ) ) ;
#774 = EDGE_LOOP ( 'NONE', ( #1633, #2185, #2566, #3333 ) ) ;
#775 = DIRECTION ( 'NONE',  ( -0.2094058710287509117, -0.9778288040081526411, -0.0001059748836809999554 ) ) ;
#776 = ORIENTED_EDGE ( 'NONE', *, *, #1950, .T. ) ;
#777 = DIRECTION ( 'NONE',  ( 0.2094058710287569625, 0.9778288040081514199, 0.0001059748836790795894 ) ) ;
#778 = CARTESIAN_POINT ( 'NONE',  ( -0.02721639854462915009, 0.2792667123700289800, 0.09684515536681939651 ) ) ;
#779 = AXIS2_PLACEMENT_3D ( 'NONE', #3196, #1442, #1732 ) ;
#780 = ORIENTED_EDGE ( 'NONE', *, *, #534, .F. ) ;
#781 = CIRCLE ( 'NONE', #960, 0.001300000000000004494 ) ;
#782 = LINE ( 'NONE', #2827, #2755 ) ;
#783 = CARTESIAN_POINT ( 'NONE',  ( 0.03083789268229881336, 0.2728310613929931239, 0.1177054919681182199 ) ) ;
#784 = EDGE_CURVE ( 'NONE', #1373, #915, #129, .T. ) ;
#785 = SPHERICAL_SURFACE ( 'NONE', #1686, 0.005000000000000000104 ) ;
#786 = DIRECTION ( 'NONE',  ( -0.9778286787918324396, 0.2094058978443201213, -0.0004948537497350001708 ) ) ;
#787 = CARTESIAN_POINT ( 'NONE',  ( -0.01884853360759715032, 0.2501270225993616481, 0.1071742631890650471 ) ) ;
#788 = PLANE ( 'NONE',  #1356 ) ;
#789 = CARTESIAN_POINT ( 'NONE',  ( -0.05173250781096547929, 0.2856046977313255186, 0.1042327493469698135 ) ) ;
#790 = CARTESIAN_POINT ( 'NONE',  ( -0.003354289293304695083, 0.2560183006813009920, 0.1018572320021004091 ) ) ;
#791 = VERTEX_POINT ( 'NONE', #2633 ) ;
#792 = CARTESIAN_POINT ( 'NONE',  ( 0.04357743869657594582, 0.2459668175847740113, 0.1098809839576440073 ) ) ;
#793 = AXIS2_PLACEMENT_3D ( 'NONE', #3621, #3060, #3418 ) ;
#794 = EDGE_CURVE ( 'NONE', #3548, #1850, #2810, .T. ) ;
#795 = VERTEX_POINT ( 'NONE', #355 ) ;
#796 = CARTESIAN_POINT ( 'NONE',  ( 0.04470901668126218281, 0.2699175173366786251, 0.1144516578265594303 ) ) ;
#797 = CARTESIAN_POINT ( 'NONE',  ( -0.01643622621590613841, 0.2449967285023589014, 0.09885060612758798937 ) ) ;
#798 = ORIENTED_EDGE ( 'NONE', *, *, #2687, .T. ) ;
#799 = CYLINDRICAL_SURFACE ( 'NONE', #2880, 0.006500000000000001436 ) ;
#800 = DIRECTION ( 'NONE',  ( 0.0005060740159284919442, -1.908060298302924897E-16, -0.9999998719445369888 ) ) ;
#801 = CARTESIAN_POINT ( 'NONE',  ( 0.03044297805795262435, 0.2702549208794385316, 0.1176769281162821923 ) ) ;
#802 = UNCERTAINTY_MEASURE_WITH_UNIT (LENGTH_MEASURE( 1.000000000000000082E-05 ), #859, 'distance_accuracy_value', 'NONE');
#803 = DIRECTION ( 'NONE',  ( 0.9778286787918324396, -0.2094058978443200658, 0.0004948537497350001708 ) ) ;
#804 = CARTESIAN_POINT ( 'NONE',  ( -0.01032883519872348187, 0.2815144979402329772, 0.09756681502465319733 ) ) ;
#805 = PLANE ( 'NONE',  #585 ) ;
#806 = CARTESIAN_POINT ( 'NONE',  ( 0.03697161458385676142, 0.2334291449940525398, 0.1144314453562296913 ) ) ;
#807 = ADVANCED_FACE ( 'NONE', ( #1156 ), #876, .T. ) ;
#808 = CARTESIAN_POINT ( 'NONE',  ( -0.01011590692199074333, 0.2800942894820308005, 0.1077739160502818178 ) ) ;
#809 = ORIENTED_EDGE ( 'NONE', *, *, #3496, .T. ) ;
#810 = ORIENTED_EDGE ( 'NONE', *, *, #2160, .T. ) ;
#811 = DIRECTION ( 'NONE',  ( -0.2094058710287509117, -0.9778288040081526411, -0.0001059748836809999554 ) ) ;
#812 = ORIENTED_EDGE ( 'NONE', *, *, #3700, .F. ) ;
#813 = CARTESIAN_POINT ( 'NONE',  ( 0.05273803375993423720, 0.2634880657381497016, 0.1129841331767896945 ) ) ;
#814 = AXIS2_PLACEMENT_3D ( 'NONE', #2774, #3136, #2490 ) ;
#815 = DIRECTION ( 'NONE',  ( -0.9778286787918324396, 0.2094058978443201213, -0.0004948537497350001708 ) ) ;
#816 = AXIS2_PLACEMENT_3D ( 'NONE', #678, #3235, #2575 ) ;
#817 = CIRCLE ( 'NONE', #50, 0.001300000000000004277 ) ;
#818 = VERTEX_POINT ( 'NONE', #2844 ) ;
#819 = CARTESIAN_POINT ( 'NONE',  ( -0.006360187843007519479, 0.2730246998814194748, 0.1028557109228105948 ) ) ;
#820 = LINE ( 'NONE', #857, #3425 ) ;
#821 = CARTESIAN_POINT ( 'NONE',  ( 0.003309347417268999978, 0.2704417265009724791, 0.1108606054484224113 ) ) ;
#822 = DIRECTION ( 'NONE',  ( -0.0005060740159285199167, 6.032429276881100036E-17, 0.9999998719445369888 ) ) ;
#823 = CARTESIAN_POINT ( 'NONE',  ( -0.01714832938425740055, 0.2503225358436005354, 0.09685025055566449936 ) ) ;
#824 = CARTESIAN_POINT ( 'NONE',  ( 0.001176464383798268018, 0.2795908949264189758, 0.1138595264357683962 ) ) ;
#825 = CARTESIAN_POINT ( 'NONE',  ( -0.01064519142823887321, 0.2797936039308218104, 0.1078311807520163923 ) ) ;
#826 = ORIENTED_EDGE ( 'NONE', *, *, #2757, .T. ) ;
#827 = EDGE_LOOP ( 'NONE', ( #685, #3469, #2712, #2944 ) ) ;
#828 = CARTESIAN_POINT ( 'NONE',  ( -0.03381815861613190338, 0.2495237407477504943, 0.09684181438715999679 ) ) ;
#829 = EDGE_CURVE ( 'NONE', #795, #2130, #3298, .T. ) ;
#830 = ADVANCED_FACE ( 'NONE', ( #3171 ), #3208, .F. ) ;
#831 = B_SPLINE_CURVE_WITH_KNOTS ( 'NONE', 3,
 ( #1456, #3411, #2562, #1207 ),
 .UNSPECIFIED., .F., .F.,
 ( 4, 4 ),
 ( 0.000000000000000000, 0.008849608844453283468 ),
 .UNSPECIFIED. ) ;
#832 = VERTEX_POINT ( 'NONE', #3190 ) ;
#833 = CARTESIAN_POINT ( 'NONE',  ( 0.05486427169760794281, 0.2596460734627518141, 0.1128270132361576528 ) ) ;
#834 = CARTESIAN_POINT ( 'NONE',  ( 0.04007187771485710287, 0.2366703982257255257, 0.1139494022426075365 ) ) ;
#835 = ORIENTED_EDGE ( 'NONE', *, *, #2570, .F. ) ;
#836 = CARTESIAN_POINT ( 'NONE',  ( 0.001187598012148695890, 0.2795908949264189758, 0.09185952925298869476 ) ) ;
#837 = CARTESIAN_POINT ( 'NONE',  ( -0.009655455066647960008, 0.2814018811286930211, 0.09890495991829860445 ) ) ;
#838 = CARTESIAN_POINT ( 'NONE',  ( -0.05311902436905360098, 0.2886636472978360013, 0.09683204671926669282 ) ) ;
#839 = AXIS2_PLACEMENT_3D ( 'NONE', #492, #1030, #2176 ) ;
#840 = ADVANCED_FACE ( 'NONE', ( #600, #3451 ), #856, .F. ) ;
#841 = CYLINDRICAL_SURFACE ( 'NONE', #814, 0.005000000000000009645 ) ;
#842 = ORIENTED_EDGE ( 'NONE', *, *, #2247, .F. ) ;
#843 = LINE ( 'NONE', #1627, #498 ) ;
#844 = DIRECTION ( 'NONE',  ( 0.9673114570423946290, -0.2535908228498591765, 0.0004895312564062013648 ) ) ;
#845 = CARTESIAN_POINT ( 'NONE',  ( -0.008247904796728990420, 0.2808014239589938232, 0.1075569483666908993 ) ) ;
#846 = EDGE_LOOP ( 'NONE', ( #272, #170, #2934, #2430 ) ) ;
#847 = ORIENTED_EDGE ( 'NONE', *, *, #1756, .F. ) ;
#848 = DIRECTION ( 'NONE',  ( 0.2535907903761687732, 0.9673115809119269271, 0.0001283357261220543675 ) ) ;
#849 = EDGE_CURVE ( 'NONE', #3319, #3085, #3470, .T. ) ;
#850 = ORIENTED_EDGE ( 'NONE', *, *, #2778, .F. ) ;
#851 = CARTESIAN_POINT ( 'NONE',  ( 0.05489208579433108026, 0.2595778282966917372, 0.1128261152490980246 ) ) ;
#852 = VECTOR ( 'NONE', #2641, 1.000000000000000000 ) ;
#853 =( BOUNDED_CURVE ( )  B_SPLINE_CURVE ( 3, ( #3665, #2231, #1710, #511 ),
 .UNSPECIFIED., .F., .F. ) 
 B_SPLINE_CURVE_WITH_KNOTS ( ( 4, 4 ),
 ( 0.7853981633974361776, 1.570796326794895448 ),
 .UNSPECIFIED. ) 
 CURVE ( )  GEOMETRIC_REPRESENTATION_ITEM ( )  RATIONAL_B_SPLINE_CURVE ( ( 1.000000000000000000, 0.9492530216741897897, 0.9492530216741897897, 1.000000000000000000 ) ) 
 REPRESENTATION_ITEM ( '' )  );
#854 = CARTESIAN_POINT ( 'NONE',  ( -0.01571548839911931020, 0.2448972181723551300, 0.09885096208075146162 ) ) ;
#855 = EDGE_LOOP ( 'NONE', ( #3480, #3240, #911, #1049 ) ) ;
#856 = PLANE ( 'NONE',  #1675 ) ;
#857 = CARTESIAN_POINT ( 'NONE',  ( 0.04544469346684326672, 0.2546694939404465230, 0.1028819280304971578 ) ) ;
#858 = CARTESIAN_POINT ( 'NONE',  ( -0.003124448909188998983, 0.2570939123657099423, 0.1028573484464170573 ) ) ;
#859 =( LENGTH_UNIT ( ) NAMED_UNIT ( * ) SI_UNIT ( $, .METRE. ) );
#860 = ORIENTED_EDGE ( 'NONE', *, *, #3542, .T. ) ;
#861 = LINE ( 'NONE', #343, #2469 ) ;
#862 = DIRECTION ( 'NONE',  ( 0.9863287186144908958, -0.1647889853120761416, 0.0004991553995741304433 ) ) ;
#863 = CARTESIAN_POINT ( 'NONE',  ( -0.001423608217783523672, 0.2775102907949221209, 0.09848927677616541032 ) ) ;
#864 = EDGE_CURVE ( 'NONE', #182, #317, #1189, .T. ) ;
#865 = CARTESIAN_POINT ( 'NONE',  ( -0.01123525760626913929, 0.2793677030121550220, 0.1028532437763615970 ) ) ;
#866 = EDGE_LOOP ( 'NONE', ( #2696, #2601, #551 ) ) ;
#867 = CARTESIAN_POINT ( 'NONE',  ( -0.06002873804795112733, 0.2563952967655669379, 0.09548474420986342859 ) ) ;
#868 = DIRECTION ( 'NONE',  ( -0.2094058710287509117, -0.9778288040081526411, -0.0001059748836810753617 ) ) ;
#869 = DIRECTION ( 'NONE',  ( 0.2094058710287506619, 0.9778288040081526411, 0.0001059748836761661891 ) ) ;
#870 = PRODUCT_RELATED_PRODUCT_CATEGORY ( 'detail', '', ( #2956 ) ) ;
#871 = VERTEX_POINT ( 'NONE', #1416 ) ;
#872 = CARTESIAN_POINT ( 'NONE',  ( 0.05316495737514093101, 0.2628649389485228638, 0.1129404395618355539 ) ) ;
#873 = CARTESIAN_POINT ( 'NONE',  ( 0.03608950697483951503, 0.2364697148528782100, 0.1147649266980309279 ) ) ;
#874 = ORIENTED_EDGE ( 'NONE', *, *, #1470, .F. ) ;
#875 = AXIS2_PLACEMENT_3D ( 'NONE', #211, #1387, #1345 ) ;
#876 = PLANE ( 'NONE',  #1191 ) ;
#877 = CARTESIAN_POINT ( 'NONE',  ( -0.05173306449238299770, 0.2856046977313255186, 0.1053327492061088000 ) ) ;
#878 = EDGE_CURVE ( 'NONE', #3037, #3113, #601, .T. ) ;
#879 = CARTESIAN_POINT ( 'NONE',  ( 0.02823390886416598730, 0.2707279575721981413, 0.1180841487043648858 ) ) ;
#880 = B_SPLINE_CURVE_WITH_KNOTS ( 'NONE', 3,
 ( #3141, #1482, #1769, #863, #1690, #2346 ),
 .UNSPECIFIED., .F., .F.,
 ( 4, 2, 4 ),
 ( 0.000000000000000000, 0.2500000160563716767, 0.5000000321127433534 ),
 .UNSPECIFIED. ) ;
#881 = AXIS2_PLACEMENT_3D ( 'NONE', #3443, #2628, #3146 ) ;
#882 = ADVANCED_FACE ( 'NONE', ( #3710 ), #299, .T. ) ;
#883 = ORIENTED_EDGE ( 'NONE', *, *, #3034, .T. ) ;
#884 = DIRECTION ( 'NONE',  ( -0.2094058710287513281, -0.9778288040081525301, -0.0001059748836817414955 ) ) ;
#885 = LINE ( 'NONE', #3179, #3576 ) ;
#886 = LINE ( 'NONE', #2895, #582 ) ;
#887 = LINE ( 'NONE', #330, #1987 ) ;
#888 = LINE ( 'NONE', #2269, #705 ) ;
#889 = ORIENTED_EDGE ( 'NONE', *, *, #3542, .F. ) ;
#890 = CARTESIAN_POINT ( 'NONE',  ( 0.05320688420775411542, 0.2420499859912318419, 0.1128316108106614118 ) ) ;
#891 = CARTESIAN_POINT ( 'NONE',  ( 0.05162352542823871876, 0.2595515039914267907, 0.1130058269512533992 ) ) ;
#892 = VERTEX_POINT ( 'NONE', #913 ) ;
#893 = CARTESIAN_POINT ( 'NONE',  ( -0.05751266653277649354, 0.2586166227407005191, 0.1053298242993192108 ) ) ;
#894 = CARTESIAN_POINT ( 'NONE',  ( -0.006202174097713040318, 0.2808236668465765029, 0.1138557922980820009 ) ) ;
#895 = AXIS2_PLACEMENT_3D ( 'NONE', #2020, #3432, #39 ) ;
#896 = CARTESIAN_POINT ( 'NONE',  ( -0.0008907213069770703083, 0.2799371960891527400, 0.1028584788780600445 ) ) ;
#897 = CARTESIAN_POINT ( 'NONE',  ( -0.05416460443789059692, 0.2837694551153560063, 0.09183151693801709647 ) ) ;
#898 = ORIENTED_EDGE ( 'NONE', *, *, #2825, .F. ) ;
#899 = CARTESIAN_POINT ( 'NONE',  ( 0.005054664832904515702, 0.2753513781906136160, 0.1186463825769045743 ) ) ;
#900 = LINE ( 'NONE', #28, #2339 ) ;
#901 = CARTESIAN_POINT ( 'NONE',  ( -0.007018021734507919919, 0.2758920226219800376, 0.09785537736985140678 ) ) ;
#902 = VECTOR ( 'NONE', #390, 1.000000000000000000 ) ;
#903 = CYLINDRICAL_SURFACE ( 'NONE', #1174, 0.001099999999999995729 ) ;
#904 = VERTEX_POINT ( 'NONE', #2887 ) ;
#905 = CARTESIAN_POINT ( 'NONE',  ( 0.04335063475655582393, 0.2448912059003650332, 0.1028808682816603620 ) ) ;
#906 = AXIS2_PLACEMENT_3D ( 'NONE', #2477, #1046, #510 ) ;
#907 = VERTEX_POINT ( 'NONE', #1434 ) ;
#908 = CARTESIAN_POINT ( 'NONE',  ( 0.05587561010135989187, 0.2484835686285634393, 0.1128872069074300516 ) ) ;
#909 = CARTESIAN_POINT ( 'NONE',  ( 0.05088729561436523829, 0.2608593489810133725, 0.1131046967130206055 ) ) ;
#910 = ADVANCED_FACE ( 'NONE', ( #2923 ), #2583, .T. ) ;
#911 = ORIENTED_EDGE ( 'NONE', *, *, #3022, .T. ) ;
#912 = CLOSED_SHELL ( 'NONE', ( #3540, #2077, #1149, #172, #3083, #1409, #3573, #2803, #152, #3032, #2115, #3652, #1637, #127, #3273, #1794, #3588, #3188, #3108, #490, #637, #830, #1265, #1055, #1021, #3011, #1076, #3639, #968, #2322, #2629, #2091, #882, #1332, #109, #3426, #2068, #412, #1868, #2369, #2873, #3155, #2403, #840, #2387, #1100, #524, #1548, #1423, #3302, #1691, #2414, #3153, #2456, #2190, #1773, #2049, #1111, #397, #93, #1353, #2640, #2128, #536, #3497, #3336, #1034, #3335, #62, #1676, #2090, #218, #558, #1082, #923, #3055, #807, #3618, #1911, #365, #3127, #2270, #2943, #1494, #3506, #1578, #1883, #1098, #2940, #763, #910, #1930, #2432, #1963, #2598, #2467, #629 ) ) ;
#913 = CARTESIAN_POINT ( 'NONE',  ( -0.009392722569450850240, 0.2813579899040459797, 0.09885417572336480108 ) ) ;
#914 = CARTESIAN_POINT ( 'NONE',  ( 0.03900836677030555116, 0.2413216798051840140, 0.09987867038821439392 ) ) ;
#915 = VERTEX_POINT ( 'NONE', #77 ) ;
#916 = CARTESIAN_POINT ( 'NONE',  ( 0.008368485787475690718, 0.2749821613316399960, 0.1185866132989134014 ) ) ;
#917 = PLANE ( 'NONE',  #8 ) ;
#918 = DIRECTION ( 'NONE',  ( 0.2094058710287509117, 0.9778288040081526411, 0.0001059748836811334885 ) ) ;
#919 = CARTESIAN_POINT ( 'NONE',  ( -0.0007710957895305409508, 0.2800097067221075098, 0.09785853877715640359 ) ) ;
#920 = DIRECTION ( 'NONE',  ( -0.0005060740159284919442, 1.908060298302924897E-16, 0.9999998719445369888 ) ) ;
#921 = CARTESIAN_POINT ( 'NONE',  ( -0.05703202084648129749, 0.2608656289899189962, 0.1072819899211916034 ) ) ;
#922 = EDGE_CURVE ( 'NONE', #2361, #871, #1870, .T. ) ;
#923 = ADVANCED_FACE ( 'NONE', ( #2356 ), #3015, .F. ) ;
#924 = EDGE_LOOP ( 'NONE', ( #683, #2868, #270, #259, #1250 ) ) ;
#925 = CARTESIAN_POINT ( 'NONE',  ( 0.04999418288519644205, 0.2426999595070632454, 0.1128686909235153274 ) ) ;
#926 = VERTEX_POINT ( 'NONE', #1283 ) ;
#927 = CARTESIAN_POINT ( 'NONE',  ( -0.01542762272871055045, 0.2448727507830674999, 0.09885112161681439136 ) ) ;
#928 = DIRECTION ( 'NONE',  ( -0.9863287186144908958, 0.1647889853120761416, -0.0004991553995744454041 ) ) ;
#929 = CARTESIAN_POINT ( 'NONE',  ( -0.003358337885432124623, 0.2560183006813009920, 0.1098572309776570111 ) ) ;
#930 = ORIENTED_EDGE ( 'NONE', *, *, #1199, .F. ) ;
#931 = APPROVAL_STATUS ( 'not_yet_approved' ) ;
#932 = ORIENTED_EDGE ( 'NONE', *, *, #1053, .F. ) ;
#933 = FACE_OUTER_BOUND ( 'NONE', #283, .T. ) ;
#934 = FACE_OUTER_BOUND ( 'NONE', #275, .T. ) ;
#935 = CARTESIAN_POINT ( 'NONE',  ( 0.04590245995622919267, 0.2659188029921947805, 0.1140339894522808678 ) ) ;
#936 = AXIS2_PLACEMENT_3D ( 'NONE', #3568, #993, #466 ) ;
#937 = DIRECTION ( 'NONE',  ( 0.2094058710287509117, 0.9778288040081526411, 0.0001059748836809999554 ) ) ;
#938 = ORIENTED_EDGE ( 'NONE', *, *, #3202, .T. ) ;
#939 = CARTESIAN_POINT ( 'NONE',  ( -0.008843956853481358543, 0.2433297008518205129, 0.1006133086335470050 ) ) ;
#940 = CIRCLE ( 'NONE', #762, 0.006500000000000001436 ) ;
#941 = EDGE_CURVE ( 'NONE', #1415, #2806, #1210, .T. ) ;
#942 = ORIENTED_EDGE ( 'NONE', *, *, #376, .T. ) ;
#943 = EDGE_CURVE ( 'NONE', #907, #1272, #3415, .T. ) ;
#944 = CARTESIAN_POINT ( 'NONE',  ( 0.04860598712951966216, 0.2411036096554680097, 0.1129306306987091918 ) ) ;
#945 = ORIENTED_EDGE ( 'NONE', *, *, #1950, .F. ) ;
#946 = CARTESIAN_POINT ( 'NONE',  ( 0.04567554599899090184, 0.2557451056248554733, 0.1018820447309245897 ) ) ;
#947 = CARTESIAN_POINT ( 'NONE',  ( -0.001507626334240748768, 0.2447122575925850529, 0.1186431091706896396 ) ) ;
#948 = CARTESIAN_POINT ( 'NONE',  ( -0.001264279175144613970, 0.2657965887213825096, 0.1098582907264935987 ) ) ;
#949 = ORIENTED_EDGE ( 'NONE', *, *, #3496, .F. ) ;
#950 = EDGE_LOOP ( 'NONE', ( #2688, #564, #203 ) ) ;
#951 = CARTESIAN_POINT ( 'NONE',  ( -0.007057077840088907435, 0.2772304767857261543, 0.09466089118284898296 ) ) ;
#952 = DIRECTION ( 'NONE',  ( 0.9778286787918324396, -0.2094058978443200658, 0.0004948537497348881728 ) ) ;
#953 = CARTESIAN_POINT ( 'NONE',  ( 0.04641359884618209003, 0.2655694654108493036, 0.1139238888692119672 ) ) ;
#954 = EDGE_CURVE ( 'NONE', #1568, #1170, #1504, .T. ) ;
#955 = DIRECTION ( 'NONE',  ( -0.9863287186144908958, 0.1647889853120761416, -0.0004991553995744454041 ) ) ;
#956 = CYLINDRICAL_SURFACE ( 'NONE', #969, 0.004999999999999997502 ) ;
#957 = FACE_OUTER_BOUND ( 'NONE', #1467, .T. ) ;
#958 = AXIS2_PLACEMENT_3D ( 'NONE', #819, #2240, #1961 ) ;
#959 = CIRCLE ( 'NONE', #544, 0.006500000000000001436 ) ;
#960 = AXIS2_PLACEMENT_3D ( 'NONE', #1005, #3049, #481 ) ;
#961 = VERTEX_POINT ( 'NONE', #1569 ) ;
#962 = CARTESIAN_POINT ( 'NONE',  ( 0.04477044847449843101, 0.2382809208381888866, 0.1132533127379026783 ) ) ;
#963 = EDGE_CURVE ( 'NONE', #3124, #2030, #940, .T. ) ;
#964 = ORIENTED_EDGE ( 'NONE', *, *, #2710, .F. ) ;
#965 = DIRECTION ( 'NONE',  ( 0.2094058710287509117, 0.9778288040081526411, 0.0001059748836809999554 ) ) ;
#966 = DIRECTION ( 'NONE',  ( 0.2094058710287509117, 0.9778288040081526411, 0.0001059748836809999554 ) ) ;
#967 = DIRECTION ( 'NONE',  ( 0.4815514508479347144, 0.8764177889546823641, 0.0002437007078137642664 ) ) ;
#968 = ADVANCED_FACE ( 'NONE', ( #389 ), #1852, .T. ) ;
#969 = AXIS2_PLACEMENT_3D ( 'NONE', #3276, #1847, #2458 ) ;
#970 = ORIENTED_EDGE ( 'NONE', *, *, #3202, .F. ) ;
#971 = APPROVAL_DATE_TIME ( #137, #1534 ) ;
#972 = ORIENTED_EDGE ( 'NONE', *, *, #1286, .F. ) ;
#973 = CARTESIAN_POINT ( 'NONE',  ( -0.001016828674843351992, 0.2799582652365870117, 0.1028584150583898016 ) ) ;
#974 = FACE_OUTER_BOUND ( 'NONE', #1113, .T. ) ;
#975 = CARTESIAN_POINT ( 'NONE',  ( 0.04419949527746729057, 0.2668575586762531038, 0.1144204322405406177 ) ) ;
#976 = CARTESIAN_POINT ( 'NONE',  ( 0.04608122811060218205, 0.2692735898542987227, 0.09840322922577689202 ) ) ;
#977 = DIRECTION ( 'NONE',  ( -0.0005060740159284919442, 1.908060298302924897E-16, 0.9999998719445369888 ) ) ;
#978 = LINE ( 'NONE', #2126, #2496 ) ;
#979 = CARTESIAN_POINT ( 'NONE',  ( 0.05627989800519363900, 0.2515932581705740412, 0.1128733192702939120 ) ) ;
#980 = EDGE_CURVE ( 'NONE', #1018, #2355, #149, .T. ) ;
#981 = ORIENTED_EDGE ( 'NONE', *, *, #2644, .T. ) ;
#982 = AXIS2_PLACEMENT_3D ( 'NONE', #2173, #1577, #455 ) ;
#983 = ORIENTED_EDGE ( 'NONE', *, *, #2975, .T. ) ;
#984 = CARTESIAN_POINT ( 'NONE',  ( -0.0009102523819300444062, 0.2411769649870432464, 0.1064795871287598228 ) ) ;
#985 = LINE ( 'NONE', #2167, #251 ) ;
#986 = DIRECTION ( 'NONE',  ( -0.9863287186144908958, 0.1647889853120761416, -0.0004991553995742633665 ) ) ;
#987 = ORIENTED_EDGE ( 'NONE', *, *, #1266, .T. ) ;
#988 = ORIENTED_EDGE ( 'NONE', *, *, #3201, .T. ) ;
#989 = EDGE_CURVE ( 'NONE', #926, #1696, #113, .T. ) ;
#990 = CARTESIAN_POINT ( 'NONE',  ( -0.06432131711137979713, 0.3059364895194404688, 0.1286453366833349987 ) ) ;
#991 = DIRECTION ( 'NONE',  ( -0.9778286787918324396, 0.2094058978443201213, -0.0004948537497350001708 ) ) ;
#992 = EDGE_CURVE ( 'NONE', #2535, #1529, #2672, .T. ) ;
#993 = DIRECTION ( 'NONE',  ( 0.2094058710287508562, 0.9778288040081526411, 0.0001059748836809999283 ) ) ;
#994 = CARTESIAN_POINT ( 'NONE',  ( 0.04127497689589040147, 0.2710052531148020027, 0.09898736804115500221 ) ) ;
#995 = CARTESIAN_POINT ( 'NONE',  ( -0.001034438791028915484, 0.2668722004057914599, 0.1108584071708102470 ) ) ;
#996 = CARTESIAN_POINT ( 'NONE',  ( -0.01554954173117669911, 0.2451047667304004918, 0.09743002848341658639 ) ) ;
#997 = LOCAL_TIME ( 12, 26, 45.00000000000000000, #2638 ) ;
#998 = CARTESIAN_POINT ( 'NONE',  ( 0.04755859770339762593, 0.2364408968780196130, 0.1129338312622353013 ) ) ;
#999 = AXIS2_PLACEMENT_3D ( 'NONE', #2817, #1881, #1050 ) ;
#1000 = VECTOR ( 'NONE', #2609, 1.000000000000000000 ) ;
#1001 = ORIENTED_EDGE ( 'NONE', *, *, #285, .T. ) ;
#1002 = CIRCLE ( 'NONE', #2982, 0.006500000000000001436 ) ;
#1003 = VERTEX_POINT ( 'NONE', #2113 ) ;
#1004 = CARTESIAN_POINT ( 'NONE',  ( -0.01495714831712988482, 0.2445790772213115583, 0.1008351794397123191 ) ) ;
#1005 = CARTESIAN_POINT ( 'NONE',  ( 0.04357743869657594582, 0.2459668175847740113, 0.1098809839576440073 ) ) ;
#1006 = PLANE ( 'NONE',  #3695 ) ;
#1007 = EDGE_LOOP ( 'NONE', ( #656, #3194 ) ) ;
#1008 = VERTEX_POINT ( 'NONE', #3265 ) ;
#1009 = CARTESIAN_POINT ( 'NONE',  ( 0.06251352451625420692, 0.2787760175570554999, 0.1128994118532622021 ) ) ;
#1010 = CARTESIAN_POINT ( 'NONE',  ( 0.02458439579928032442, 0.2722124091680916957, 0.1186151552330509534 ) ) ;
#1011 = FACE_OUTER_BOUND ( 'NONE', #2847, .T. ) ;
#1012 = LINE ( 'NONE', #1543, #164 ) ;
#1013 = CARTESIAN_POINT ( 'NONE',  ( -0.007774913516161800417, 0.2426947775693615306, 0.1078134998071439560 ) ) ;
#1014 = CARTESIAN_POINT ( 'NONE',  ( -0.01067785093769139937, 0.2487490483118084961, 0.09732792071700489822 ) ) ;
#1015 = CARTESIAN_POINT ( 'NONE',  ( 0.05610104306343880604, 0.2497393443270232716, 0.1128851285904876045 ) ) ;
#1016 = VERTEX_POINT ( 'NONE', #686 ) ;
#1017 = AXIS2_PLACEMENT_3D ( 'NONE', #823, #844, #1462 ) ;
#1018 = VERTEX_POINT ( 'NONE', #1833 ) ;
#1019 = CARTESIAN_POINT ( 'NONE',  ( -0.05751266653277649354, 0.2586166227407005191, 0.1053298242993192108 ) ) ;
#1020 = DIRECTION ( 'NONE',  ( -0.1796736158898906699, -0.6839925783831032335, 0.7070159435754517219 ) ) ;
#1021 = ADVANCED_FACE ( 'NONE', ( #2978 ), #410, .T. ) ;
#1022 = DIRECTION ( 'NONE',  ( -0.9778286787918324396, 0.2094058978443200658, -0.0004948537497350001708 ) ) ;
#1023 = EDGE_LOOP ( 'NONE', ( #2336, #988, #648, #1361, #1518, #1375 ) ) ;
#1024 = SHAPE_DEFINITION_REPRESENTATION ( #1818, #3705 ) ;
#1025 = CYLINDRICAL_SURFACE ( 'NONE', #426, 0.001300000000000004277 ) ;
#1026 = CARTESIAN_POINT ( 'NONE',  ( 0.02499138801713114699, 0.2722662901652517231, 0.1185735784933159981 ) ) ;
#1027 = LINE ( 'NONE', #473, #3519 ) ;
#1028 = CARTESIAN_POINT ( 'NONE',  ( 0.04900007926177539497, 0.2674191223046643584, 0.09794516080850920736 ) ) ;
#1029 = DIRECTION ( 'NONE',  ( -0.2094058710287512171, -0.9778288040081525301, -0.0001059748836809705058 ) ) ;
#1030 = DIRECTION ( 'NONE',  ( -0.0005060740159284919442, 1.908060298302924897E-16, 0.9999998719445369888 ) ) ;
#1031 = CARTESIAN_POINT ( 'NONE',  ( 0.03702228500983416326, 0.2334283513911365460, 0.1144206957116713913 ) ) ;
#1032 = ORIENTED_EDGE ( 'NONE', *, *, #2297, .F. ) ;
#1033 = CARTESIAN_POINT ( 'NONE',  ( -0.007057077840088907435, 0.2772304767857261543, 0.09466089118284898296 ) ) ;
#1034 = ADVANCED_FACE ( 'NONE', ( #3594 ), #3320, .F. ) ;
#1035 = EDGE_CURVE ( 'NONE', #1088, #724, #74, .T. ) ;
#1036 = ORIENTED_EDGE ( 'NONE', *, *, #3068, .T. ) ;
#1037 = CARTESIAN_POINT ( 'NONE',  ( -0.007161241380243945319, 0.2809844042115055562, 0.1008302876069022552 ) ) ;
#1038 = CARTESIAN_POINT ( 'NONE',  ( -0.05927413261908488079, 0.2599741204633672642, 0.1188289345957377480 ) ) ;
#1039 = VERTEX_POINT ( 'NONE', #1928 ) ;
#1040 = LINE ( 'NONE', #3673, #7 ) ;
#1041 = CARTESIAN_POINT ( 'NONE',  ( 0.02571488476500766868, 0.2723566685201397330, 0.1184936562831430673 ) ) ;
#1042 = CYLINDRICAL_SURFACE ( 'NONE', #1335, 0.004999999999999997502 ) ;
#1043 = DIRECTION ( 'NONE',  ( 0.2094058710287517722, 0.9778288040081523080, 0.0001059748836790769602 ) ) ;
#1044 = CARTESIAN_POINT ( 'NONE',  ( 0.008372394423094460525, 0.2749821613316399960, 0.1108631677252815972 ) ) ;
#1045 = CARTESIAN_POINT ( 'NONE',  ( -0.003354289293304695083, 0.2560183006813009920, 0.1018572320021004091 ) ) ;
#1046 = DIRECTION ( 'NONE',  ( -0.0005060740159284919442, 1.908060298302924897E-16, 0.9999998719445369888 ) ) ;
#1047 = CARTESIAN_POINT ( 'NONE',  ( 0.006433667975603712952, 0.2426709370145378186, 0.1186624728598020956 ) ) ;
#1048 = AXIS2_PLACEMENT_3D ( 'NONE', #3212, #3174, #603 ) ;
#1049 = ORIENTED_EDGE ( 'NONE', *, *, #1492, .F. ) ;
#1050 = DIRECTION ( 'NONE',  ( -0.0005060740159284919442, 1.908060298302924897E-16, 0.9999998719445369888 ) ) ;
#1051 = AXIS2_PLACEMENT_3D ( 'NONE', #3112, #1698, #2841 ) ;
#1052 = CIRCLE ( 'NONE', #700, 0.008999999999999992381 ) ;
#1053 = EDGE_CURVE ( 'NONE', #333, #1091, #1027, .T. ) ;
#1054 = AXIS2_PLACEMENT_3D ( 'NONE', #3259, #2776, #3661 ) ;
#1055 = ADVANCED_FACE ( 'NONE', ( #3619 ), #2226, .T. ) ;
#1056 = FACE_OUTER_BOUND ( 'NONE', #2165, .T. ) ;
#1057 = CARTESIAN_POINT ( 'NONE',  ( -0.009296532885268351393, 0.2813414227644851495, 0.09885355343476324996 ) ) ;
#1058 = ORIENTED_EDGE ( 'NONE', *, *, #1822, .T. ) ;
#1059 = CARTESIAN_POINT ( 'NONE',  ( -0.008659290247097139667, 0.2440323725983758463, 0.09971644803227311393 ) ) ;
#1060 = CARTESIAN_POINT ( 'NONE',  ( 0.02437190244240019024, 0.2357809411359727270, 0.1174078667854865643 ) ) ;
#1061 = CARTESIAN_POINT ( 'NONE',  ( -0.01841628333613830326, 0.2454859779390410057, 0.09684960887703389365 ) ) ;
#1062 = CARTESIAN_POINT ( 'NONE',  ( 0.03331755379679784967, 0.2338477585624919863, 0.09898334099557509758 ) ) ;
#1063 = CARTESIAN_POINT ( 'NONE',  ( -0.009392722569450850240, 0.2813579899040459797, 0.09885417572336480108 ) ) ;
#1064 = DIRECTION ( 'NONE',  ( 0.9778286787918324396, -0.2094058978443200658, 0.0004948537497350001708 ) ) ;
#1065 = CARTESIAN_POINT ( 'NONE',  ( 0.03775468571980643978, 0.2334315664578586746, 0.1142684643357323310 ) ) ;
#1066 = EDGE_CURVE ( 'NONE', #752, #3337, #2797, .T. ) ;
#1067 = CARTESIAN_POINT ( 'NONE',  ( -0.01329341451596123547, 0.2770220017784925659, 0.1066101509106510692 ) ) ;
#1068 = ORIENTED_EDGE ( 'NONE', *, *, #3675, .F. ) ;
#1069 = CARTESIAN_POINT ( 'NONE',  ( 0.04055733409841678905, 0.2337034749039998416, 0.09808794772222714786 ) ) ;
#1070 = AXIS2_PLACEMENT_3D ( 'NONE', #893, #2863, #2057 ) ;
#1071 = EDGE_LOOP ( 'NONE', ( #847, #2657, #2853, #1574 ) ) ;
#1072 = CARTESIAN_POINT ( 'NONE',  ( 0.05566275712432981748, 0.2572772696256351299, 0.1128179005858362671 ) ) ;
#1073 = CARTESIAN_POINT ( 'NONE',  ( 0.03989176308915196034, 0.2366394672352676032, 0.1139822176485816990 ) ) ;
#1074 = VECTOR ( 'NONE', #1095, 1.000000000000000000 ) ;
#1075 = VECTOR ( 'NONE', #694, 1.000000000000000000 ) ;
#1076 = ADVANCED_FACE ( 'NONE', ( #2488 ), #2773, .T. ) ;
#1077 = ORIENTED_EDGE ( 'NONE', *, *, #3607, .F. ) ;
#1078 = AXIS2_PLACEMENT_3D ( 'NONE', #2412, #3595, #777 ) ;
#1079 = CARTESIAN_POINT ( 'NONE',  ( -0.05899244130243619377, 0.2612894889480469884, 0.1188290771524120049 ) ) ;
#1080 = CARTESIAN_POINT ( 'NONE',  ( 0.02431087462622901277, 0.2358113139085195042, 0.1174216875829224987 ) ) ;
#1081 = CYLINDRICAL_SURFACE ( 'NONE', #352, 0.006500000000000001436 ) ;
#1082 = ADVANCED_FACE ( 'NONE', ( #3308 ), #1042, .T. ) ;
#1083 = CARTESIAN_POINT ( 'NONE',  ( -0.003358843959448049900, 0.2560183006813009920, 0.1108572308496014042 ) ) ;
#1084 = CARTESIAN_POINT ( 'NONE',  ( -0.01866436982099815498, 0.2492896569703054455, 0.1076290543585892989 ) ) ;
#1085 = CARTESIAN_POINT ( 'NONE',  ( -0.01150919332698323999, 0.2766428838390885270, 0.09185310373598339073 ) ) ;
#1086 = CARTESIAN_POINT ( 'NONE',  ( 0.04005733855739872229, 0.2336202564932669812, 0.1138293966758883863 ) ) ;
#1087 = DIRECTION ( 'NONE',  ( 0.2094058710287569625, 0.9778288040081514199, 0.0001059748836790795894 ) ) ;
#1088 = VERTEX_POINT ( 'NONE', #2789 ) ;
#1089 = ORIENTED_EDGE ( 'NONE', *, *, #1995, .F. ) ;
#1090 = CARTESIAN_POINT ( 'NONE',  ( 0.03896782802881557789, 0.2334998811637750693, 0.09831446968623071270 ) ) ;
#1091 = VERTEX_POINT ( 'NONE', #1876 ) ;
#1092 = CARTESIAN_POINT ( 'NONE',  ( 0.04778560069910634672, 0.2682639985281828343, 0.1137796261284067662 ) ) ;
#1093 = CARTESIAN_POINT ( 'NONE',  ( -0.01714621633826299979, 0.2451527512371640127, 0.09885025188113329142 ) ) ;
#1094 = EDGE_LOOP ( 'NONE', ( #2148, #598 ) ) ;
#1095 = DIRECTION ( 'NONE',  ( 0.2094058710287509117, 0.9778288040081526411, 0.0001059748836809999554 ) ) ;
#1096 = CARTESIAN_POINT ( 'NONE',  ( -0.001714981268824259915, 0.2757643932627574790, 0.09785806110118010215 ) ) ;
#1097 = CARTESIAN_POINT ( 'NONE',  ( 0.02811298138396793253, 0.2707538524351507103, 0.1181047333110048086 ) ) ;
#1098 = ADVANCED_FACE ( 'NONE', ( #1609 ), #3056, .T. ) ;
#1099 = FACE_OUTER_BOUND ( 'NONE', #2233, .T. ) ;
#1100 = ADVANCED_FACE ( 'NONE', ( #732, #3077 ), #3346, .F. ) ;
#1101 = CARTESIAN_POINT ( 'NONE',  ( -0.01893868774903717869, 0.2508175786359304604, 0.1064018118614217384 ) ) ;
#1102 = CARTESIAN_POINT ( 'NONE',  ( -0.01316893598665366295, 0.2441096227983529654, 0.1021895506179000268 ) ) ;
#1103 = CARTESIAN_POINT ( 'NONE',  ( 0.04358958142287772813, 0.2344908119829388349, 0.1133009826249037622 ) ) ;
#1104 = CARTESIAN_POINT ( 'NONE',  ( -0.01290141324904045886, 0.2776441224326703927, 0.1073103779721452794 ) ) ;
#1105 = ORIENTED_EDGE ( 'NONE', *, *, #1377, .F. ) ;
#1106 = ORIENTED_EDGE ( 'NONE', *, *, #922, .T. ) ;
#1107 = CARTESIAN_POINT ( 'NONE',  ( 0.04013341958382748292, 0.2336344797616276281, 0.09814458159583853980 ) ) ;
#1108 = ORIENTED_EDGE ( 'NONE', *, *, #2617, .T. ) ;
#1109 = CARTESIAN_POINT ( 'NONE',  ( 0.05595796330162865206, 0.2559591764454061669, 0.1128265501312013808 ) ) ;
#1110 = CARTESIAN_POINT ( 'NONE',  ( 0.03967784483133113271, 0.2366050413506502470, 0.1140216544836961526 ) ) ;
#1111 = ADVANCED_FACE ( 'NONE', ( #2720 ), #1081, .F. ) ;
#1112 = VECTOR ( 'NONE', #2768, 1.000000000000000000 ) ;
#1113 = EDGE_LOOP ( 'NONE', ( #388, #3565, #1551, #2561 ) ) ;
#1114 = LINE ( 'NONE', #2257, #3057 ) ;
#1115 = CARTESIAN_POINT ( 'NONE',  ( -0.001469100308208579845, 0.2772371270018650358, 0.09820033063646839422 ) ) ;
#1116 = CARTESIAN_POINT ( 'NONE',  ( 0.03238015418442991011, 0.2698401118800406451, 0.1172629967532071993 ) ) ;
#1117 = PLANE ( 'NONE',  #280 ) ;
#1118 = ORIENTED_EDGE ( 'NONE', *, *, #425, .T. ) ;
#1119 = CARTESIAN_POINT ( 'NONE',  ( -0.01888100315747614708, 0.2503254719088464642, 0.1070147605065088492 ) ) ;
#1120 = CARTESIAN_POINT ( 'NONE',  ( -0.006775454379193059963, 0.2424334003741089871, 0.1029789571787670110 ) ) ;
#1121 = DIRECTION ( 'NONE',  ( -0.9863287186144908958, 0.1647889853120761416, -0.0004991553995744454041 ) ) ;
#1122 = EDGE_CURVE ( 'NONE', #2298, #3706, #1141, .T. ) ;
#1123 = CARTESIAN_POINT ( 'NONE',  ( 0.04567149740686349962, 0.2557451056248554733, 0.1098820437064809974 ) ) ;
#1124 = ORIENTED_EDGE ( 'NONE', *, *, #650, .T. ) ;
#1125 = ORIENTED_EDGE ( 'NONE', *, *, #692, .F. ) ;
#1126 = DIRECTION ( 'NONE',  ( -0.9778286787918324396, 0.2094058978443201213, -0.0004948537497350001708 ) ) ;
#1127 = ORIENTED_EDGE ( 'NONE', *, *, #37, .T. ) ;
#1128 = CARTESIAN_POINT ( 'NONE',  ( 0.04473121101356483664, 0.2699080747307359140, 0.1144465199609700640 ) ) ;
#1129 = CARTESIAN_POINT ( 'NONE',  ( -0.01657985197287169948, 0.2450231183746862107, 0.09885053500432151863 ) ) ;
#1130 = ORIENTED_EDGE ( 'NONE', *, *, #205, .F. ) ;
#1131 = DIRECTION ( 'NONE',  ( -0.1789579191529999391, -0.6839925783831023454, -0.7071974376998717560 ) ) ;
#1132 = CARTESIAN_POINT ( 'NONE',  ( -0.007162329820579959282, 0.2809846203471815240, 0.1075003681829183877 ) ) ;
#1133 = EDGE_CURVE ( 'NONE', #1008, #1176, #3585, .T. ) ;
#1134 = VECTOR ( 'NONE', #3605, 1.000000000000000000 ) ;
#1135 = CARTESIAN_POINT ( 'NONE',  ( 0.03153582283060143293, 0.2700209086154363169, 0.1174487676082629911 ) ) ;
#1136 = CIRCLE ( 'NONE', #3001, 0.005000000000000000971 ) ;
#1137 = APPROVAL_DATE_TIME ( #2, #2865 ) ;
#1138 = ORIENTED_EDGE ( 'NONE', *, *, #469, .T. ) ;
#1139 = DIRECTION ( 'NONE',  ( 0.9778286787918324396, -0.2094058978443200658, 0.0004948537497350001708 ) ) ;
#1140 = FACE_BOUND ( 'NONE', #3681, .T. ) ;
#1141 = B_SPLINE_CURVE_WITH_KNOTS ( 'NONE', 3,
 ( #1061, #3004, #3602, #2735, #1291, #2455 ),
 .UNSPECIFIED., .F., .F.,
 ( 4, 1, 1, 4 ),
 ( 0.000000000000000000, 0.2857142857142875858, 0.5714285714285740614, 0.8099031730173548160 ),
 .UNSPECIFIED. ) ;
#1142 = DIRECTION ( 'NONE',  ( -0.0005060740159284919442, 1.908060298302924897E-16, 0.9999998719445369888 ) ) ;
#1143 = LINE ( 'NONE', #68, #2438 ) ;
#1144 = ORIENTED_EDGE ( 'NONE', *, *, #922, .F. ) ;
#1145 = ORIENTED_EDGE ( 'NONE', *, *, #194, .F. ) ;
#1146 = CARTESIAN_POINT ( 'NONE',  ( -0.001536506807481990110, 0.2645254112761719067, 0.1098581529591448058 ) ) ;
#1147 = APPLICATION_CONTEXT ( 'configuration controlled 3d designs of mechanical parts and assemblies' ) ;
#1148 = DIRECTION ( 'NONE',  ( 0.9778286787918324396, -0.2094058978443200658, 0.0004948537497350001708 ) ) ;
#1149 = ADVANCED_FACE ( 'NONE', ( #1011 ), #785, .T. ) ;
#1150 = ORIENTED_EDGE ( 'NONE', *, *, #1775, .T. ) ;
#1151 = EDGE_CURVE ( 'NONE', #3548, #54, #2556, .T. ) ;
#1152 = CARTESIAN_POINT ( 'NONE',  ( 0.04260119255054110182, 0.2706788033178726405, 0.1149510308966238264 ) ) ;
#1153 = AXIS2_PLACEMENT_3D ( 'NONE', #2145, #3294, #1862 ) ;
#1154 = CARTESIAN_POINT ( 'NONE',  ( 0.03452243525561814186, 0.2366560003884012886, 0.1151287008723887867 ) ) ;
#1155 = ORIENTED_EDGE ( 'NONE', *, *, #697, .T. ) ;
#1156 = FACE_OUTER_BOUND ( 'NONE', #1303, .T. ) ;
#1157 = CARTESIAN_POINT ( 'NONE',  ( -0.001123318945800044072, 0.2793118351388950149, 0.09987307747110049649 ) ) ;
#1158 = CARTESIAN_POINT ( 'NONE',  ( 0.02771753640727026707, 0.2708385312771049436, 0.1181716268630177147 ) ) ;
#1159 = VERTEX_POINT ( 'NONE', #838 ) ;
#1160 = DIRECTION ( 'NONE',  ( 0.0005060740159284610445, -3.321453355409342834E-16, -0.9999998719445369888 ) ) ;
#1161 = CARTESIAN_POINT ( 'NONE',  ( -0.0009091176448857037334, 0.2411769649870432741, 0.1042373520735572767 ) ) ;
#1162 = FACE_OUTER_BOUND ( 'NONE', #3492, .T. ) ;
#1163 = CARTESIAN_POINT ( 'NONE',  ( -0.05173306449238299770, 0.2856046977313255186, 0.1053327492061088000 ) ) ;
#1164 = ORIENTED_EDGE ( 'NONE', *, *, #720, .F. ) ;
#1165 = DIRECTION ( 'NONE',  ( -0.2094058710287508007, -0.9778288040081526411, -0.0001059748836809703160 ) ) ;
#1166 = ORIENTED_EDGE ( 'NONE', *, *, #445, .T. ) ;
#1167 = CARTESIAN_POINT ( 'NONE',  ( 0.05592721818020860575, 0.2487335971284837799, 0.1128871406413600731 ) ) ;
#1168 = CARTESIAN_POINT ( 'NONE',  ( 0.05324235627574111507, 0.2537291535999553482, 0.1128359243348052848 ) ) ;
#1169 = EDGE_CURVE ( 'NONE', #706, #926, #3399, .T. ) ;
#1170 = VERTEX_POINT ( 'NONE', #3134 ) ;
#1171 = DIRECTION ( 'NONE',  ( -0.2094058710287453051, -0.9778288040081537513, -0.0001059748836809702483 ) ) ;
#1172 = CARTESIAN_POINT ( 'NONE',  ( 0.01641760733352269630, 0.2404175036358452144, 0.1187533391802307048 ) ) ;
#1173 = CARTESIAN_POINT ( 'NONE',  ( 0.03473211660383126315, 0.2693364879195269679, 0.1167277370698045075 ) ) ;
#1174 = AXIS2_PLACEMENT_3D ( 'NONE', #1163, #49, #3498 ) ;
#1175 = DIRECTION ( 'NONE',  ( 0.000000000000000000, 0.000000000000000000, 1.000000000000000000 ) ) ;
#1176 = VERTEX_POINT ( 'NONE', #2527 ) ;
#1177 = VECTOR ( 'NONE', #12, 1.000000000000000000 ) ;
#1178 = CARTESIAN_POINT ( 'NONE',  ( 0.03330931111637214920, 0.2338477585624919863, 0.1152708386950705988 ) ) ;
#1179 = DIRECTION ( 'NONE',  ( 0.9778286787918317735, -0.2094058978443224528, 0.0004948537497342918616 ) ) ;
#1180 = DIRECTION ( 'NONE',  ( -0.0005060740159284919442, 1.908060298302924897E-16, 0.9999998719445369888 ) ) ;
#1181 = CARTESIAN_POINT ( 'NONE',  ( -0.01134387148066245618, 0.2792816127501409618, 0.1028552104126758404 ) ) ;
#1182 = ORIENTED_EDGE ( 'NONE', *, *, #2181, .F. ) ;
#1183 = CARTESIAN_POINT ( 'NONE',  ( 0.03729024688676495225, 0.2524265058386470084, 0.1108778023008839958 ) ) ;
#1184 = EDGE_CURVE ( 'NONE', #3558, #3184, #23, .T. ) ;
#1185 = ORIENTED_EDGE ( 'NONE', *, *, #1972, .T. ) ;
#1186 = CARTESIAN_POINT ( 'NONE',  ( 0.05628807548107239711, 0.2522149473068988068, 0.1128657924689895065 ) ) ;
#1187 = CARTESIAN_POINT ( 'NONE',  ( 0.05039386205094295579, 0.2432466531631156947, 0.1128558479238961354 ) ) ;
#1188 = ORIENTED_EDGE ( 'NONE', *, *, #721, .F. ) ;
#1189 = LINE ( 'NONE', #276, #539 ) ;
#1190 = CARTESIAN_POINT ( 'NONE',  ( 0.001667497914555654938, 0.2436916396033790011, 0.1185832221026355965 ) ) ;
#1191 = AXIS2_PLACEMENT_3D ( 'NONE', #578, #2299, #3151 ) ;
#1192 = DIRECTION ( 'NONE',  ( 0.0005060740159285199167, -6.032429276881100036E-17, -0.9999998719445369888 ) ) ;
#1193 = APPROVAL_ROLE ( '' ) ;
#1194 = ORIENTED_EDGE ( 'NONE', *, *, #1567, .F. ) ;
#1195 = EDGE_CURVE ( 'NONE', #1696, #521, #1981, .T. ) ;
#1196 = CARTESIAN_POINT ( 'NONE',  ( 0.003025754474134300254, 0.2752278677387660077, 0.1187641292097700724 ) ) ;
#1197 = DIRECTION ( 'NONE',  ( 0.0005060740159284919442, -1.908060298302924897E-16, -0.9999998719445369888 ) ) ;
#1198 = FACE_OUTER_BOUND ( 'NONE', #846, .T. ) ;
#1199 = EDGE_CURVE ( 'NONE', #2355, #333, #1964, .T. ) ;
#1200 = AXIS2_PLACEMENT_3D ( 'NONE', #1457, #800, #3691 ) ;
#1201 = DIRECTION ( 'NONE',  ( -0.0005060740159284919442, 1.908060298302924897E-16, 0.9999998719445369888 ) ) ;
#1202 = FACE_OUTER_BOUND ( 'NONE', #1729, .T. ) ;
#1203 = CARTESIAN_POINT ( 'NONE',  ( 0.001187598012148695890, 0.2795908949264189758, 0.09185952925298869476 ) ) ;
#1204 = ORIENTED_EDGE ( 'NONE', *, *, #671, .T. ) ;
#1205 = CARTESIAN_POINT ( 'NONE',  ( 0.04551510706082474711, 0.2387019660408889743, 0.1131726287788488577 ) ) ;
#1206 = VERTEX_POINT ( 'NONE', #562 ) ;
#1207 = CARTESIAN_POINT ( 'NONE',  ( 0.02437660180010147240, 0.2357786048811714441, 0.1174068009410571267 ) ) ;
#1208 = CARTESIAN_POINT ( 'NONE',  ( -0.05221140851464559779, 0.2833556914821065420, 0.09883250629623679950 ) ) ;
#1209 = CARTESIAN_POINT ( 'NONE',  ( 0.03235850463257285148, 0.2729027301868692801, 0.1174043426310228122 ) ) ;
#1210 =( BOUNDED_CURVE ( )  B_SPLINE_CURVE ( 3, ( #1552, #3559, #984, #3504 ),
 .UNSPECIFIED., .F., .F. ) 
 B_SPLINE_CURVE_WITH_KNOTS ( ( 4, 4 ),
 ( 1.886373374665430092, 3.141592653589804218 ),
 .UNSPECIFIED. ) 
 CURVE ( )  GEOMETRIC_REPRESENTATION_ITEM ( )  RATIONAL_B_SPLINE_CURVE ( ( 1.000000000000000000, 0.8729556445928754460, 0.8729556445928754460, 1.000000000000000000 ) ) 
 REPRESENTATION_ITEM ( '' )  );
#1211 = EDGE_LOOP ( 'NONE', ( #3074, #2408, #17, #3615, #3297, #1640, #298, #1267, #1990 ) ) ;
#1212 = DATE_AND_TIME ( #82, #997 ) ;
#1213 = ORIENTED_EDGE ( 'NONE', *, *, #3221, .F. ) ;
#1214 = CARTESIAN_POINT ( 'NONE',  ( -0.001495131707292167780, 0.2647209770369735593, 0.1108581740260661530 ) ) ;
#1215 = CARTESIAN_POINT ( 'NONE',  ( -0.05897877730400610113, 0.2612894889480469884, 0.09182908060990940813 ) ) ;
#1216 = FACE_BOUND ( 'NONE', #447, .T. ) ;
#1217 = CARTESIAN_POINT ( 'NONE',  ( -0.003626516925642071440, 0.2547471232360903892, 0.1018570942347516300 ) ) ;
#1218 = EDGE_CURVE ( 'NONE', #3706, #435, #155, .T. ) ;
#1219 = EDGE_CURVE ( 'NONE', #818, #2763, #193, .T. ) ;
#1220 = CARTESIAN_POINT ( 'NONE',  ( -0.01308578203145215578, 0.2773667246287994104, 0.1036304445386326961 ) ) ;
#1221 = ORIENTED_EDGE ( 'NONE', *, *, #252, .F. ) ;
#1222 = CARTESIAN_POINT ( 'NONE',  ( -0.007661371552340169415, 0.2478352978799150119, 0.09785505178718370556 ) ) ;
#1223 = VERTEX_POINT ( 'NONE', #3229 ) ;
#1224 = CARTESIAN_POINT ( 'NONE',  ( 0.05279474198044712546, 0.2565530013562228873, 0.1128758908764942170 ) ) ;
#1225 = EDGE_LOOP ( 'NONE', ( #98, #303, #1001, #3164, #1455, #351 ) ) ;
#1226 = CARTESIAN_POINT ( 'NONE',  ( -0.01498035875484931764, 0.2445925475738114363, 0.1005601462084271952 ) ) ;
#1227 = CARTESIAN_POINT ( 'NONE',  ( -0.007028649288842420129, 0.2758920226219800376, 0.1188553746806865902 ) ) ;
#1228 = EDGE_CURVE ( 'NONE', #2463, #451, #1517, .T. ) ;
#1229 = DIRECTION ( 'NONE',  ( -0.0005060740159284919442, 1.908060298302924897E-16, 0.9999998719445369888 ) ) ;
#1230 = ORIENTED_EDGE ( 'NONE', *, *, #3351, .T. ) ;
#1231 = ORIENTED_EDGE ( 'NONE', *, *, #3382, .F. ) ;
#1232 = CARTESIAN_POINT ( 'NONE',  ( 0.02108371228526798383, 0.2395336270696616920, 0.1181599191221031075 ) ) ;
#1233 = CARTESIAN_POINT ( 'NONE',  ( -0.006436145892457531374, 0.2793792216955916508, 0.09932013812373334527 ) ) ;
#1234 = AXIS2_PLACEMENT_3D ( 'NONE', #3354, #3087, #3067 ) ;
#1235 = AXIS2_PLACEMENT_3D ( 'NONE', #1593, #1238, #1277 ) ;
#1236 = DIRECTION ( 'NONE',  ( -0.0005060740159284919442, 1.908060298302924897E-16, 0.9999998719445369888 ) ) ;
#1237 = AXIS2_PLACEMENT_3D ( 'NONE', #1240, #2386, #3500 ) ;
#1238 = DIRECTION ( 'NONE',  ( -0.0005060740159284919442, 1.908060298302924897E-16, 0.9999998719445369888 ) ) ;
#1239 = CARTESIAN_POINT ( 'NONE',  ( 0.02740719151812750012, 0.2351115598302749854, 0.1167543336562229944 ) ) ;
#1240 = CARTESIAN_POINT ( 'NONE',  ( -0.01714832938425740055, 0.2503225358436005354, 0.09685025055566449936 ) ) ;
#1241 = VECTOR ( 'NONE', #2392, 1.000000000000000000 ) ;
#1242 = EDGE_CURVE ( 'NONE', #26, #1529, #2149, .T. ) ;
#1243 = ORIENTED_EDGE ( 'NONE', *, *, #2437, .T. ) ;
#1244 = EDGE_CURVE ( 'NONE', #1536, #2983, #2907, .T. ) ;
#1245 = CARTESIAN_POINT ( 'NONE',  ( 0.05307340690516656329, 0.2550487812982911717, 0.1128510088740275336 ) ) ;
#1246 = ORIENTED_EDGE ( 'NONE', *, *, #2576, .T. ) ;
#1247 = CARTESIAN_POINT ( 'NONE',  ( -0.003082061660967318727, 0.2572894781265115949, 0.1018573697694491881 ) ) ;
#1248 = CARTESIAN_POINT ( 'NONE',  ( -0.01068777887601319969, 0.2815745280636849923, 0.09685352007282399533 ) ) ;
#1249 = CARTESIAN_POINT ( 'NONE',  ( 0.02618439197775895497, 0.2711668351515610920, 0.1184024340434724626 ) ) ;
#1250 = ORIENTED_EDGE ( 'NONE', *, *, #1606, .T. ) ;
#1251 = ORIENTED_EDGE ( 'NONE', *, *, #3260, .F. ) ;
#1252 = CARTESIAN_POINT ( 'NONE',  ( 0.06236949337949500294, 0.2788068633559709908, 0.1128904945136091909 ) ) ;
#1253 = DIRECTION ( 'NONE',  ( -0.0005060740159283825482, 1.674956831218543662E-16, 0.9999998719445369888 ) ) ;
#1254 = CARTESIAN_POINT ( 'NONE',  ( 0.04649328233053591497, 0.2655140293773489146, 0.1139068309627147974 ) ) ;
#1255 = CARTESIAN_POINT ( 'NONE',  ( 0.04574845863959109415, 0.2694436085169615303, 0.09846057751054509977 ) ) ;
#1256 = CARTESIAN_POINT ( 'NONE',  ( -0.05416460443789059692, 0.2837694551153560063, 0.09183151693801709647 ) ) ;
#1257 = CYLINDRICAL_SURFACE ( 'NONE', #2378, 0.004999999999999996635 ) ;
#1258 = CARTESIAN_POINT ( 'NONE',  ( 0.04977335748330020959, 0.2380899016134797319, 0.1128367928172924334 ) ) ;
#1259 = CC_DESIGN_DATE_AND_TIME_ASSIGNMENT ( #1212, #3509, ( #2087 ) ) ;
#1260 = VECTOR ( 'NONE', #522, 1.000000000000000000 ) ;
#1261 = CIRCLE ( 'NONE', #2762, 0.001300000000000004277 ) ;
#1262 = VECTOR ( 'NONE', #1586, 1.000000000000000000 ) ;
#1263 = B_SPLINE_CURVE_WITH_KNOTS ( 'NONE', 3,
 ( #3107, #2201, #2479, #2536, #3668, #1352, #1393, #1069, #1107, #3334, #3315, #1090, #1316, #217, #2801, #2234, #3392, #2219, #753, #1674, #2499, #1938 ),
 .UNSPECIFIED., .F., .F.,
 ( 4, 2, 2, 2, 2, 2, 1, 1, 2, 2, 2, 4 ),
 ( 0.000000000000000000, 0.1250000000000211497, 0.1875000000000327238, 0.2500000000000442979, 0.3750000000000713318, 0.4375000000000839329, 0.4687500000000894840, 0.4843750000000925371, 0.4921875000000928146, 0.5000000000000931477, 0.7500000000000466294, 1.000000000000000000 ),
 .UNSPECIFIED. ) ;
#1264 = EDGE_LOOP ( 'NONE', ( #2637, #1138, #2740, #2995 ) ) ;
#1265 = ADVANCED_FACE ( 'NONE', ( #340 ), #2377, .F. ) ;
#1266 = EDGE_CURVE ( 'NONE', #3407, #3391, #1598, .T. ) ;
#1267 = ORIENTED_EDGE ( 'NONE', *, *, #3351, .F. ) ;
#1268 = CARTESIAN_POINT ( 'NONE',  ( -0.01495526761197321815, 0.2445781166528845918, 0.1009038297479679103 ) ) ;
#1269 = CARTESIAN_POINT ( 'NONE',  ( -0.007176868350904269493, 0.2809827395936506100, 0.1006399529531735171 ) ) ;
#1270 = CARTESIAN_POINT ( 'NONE',  ( -0.05899244130243619377, 0.2612894889480469884, 0.1188290771524120049 ) ) ;
#1271 = VERTEX_POINT ( 'NONE', #2059 ) ;
#1272 = VERTEX_POINT ( 'NONE', #372 ) ;
#1273 = CARTESIAN_POINT ( 'NONE',  ( 0.04785488190242159767, 0.2110303243719179878, 0.1128831490449490049 ) ) ;
#1274 = FACE_OUTER_BOUND ( 'NONE', #3137, .T. ) ;
#1275 = CIRCLE ( 'NONE', #380, 0.001100000000000010691 ) ;
#1276 = DIRECTION ( 'NONE',  ( -0.0005060740159284919442, 1.908060298302924897E-16, 0.9999998719445369888 ) ) ;
#1277 = DIRECTION ( 'NONE',  ( 0.2094058710287506619, 0.9778288040081526411, 0.0001059748836761661891 ) ) ;
#1278 = DIRECTION ( 'NONE',  ( -0.0005060740159285199167, 6.032429276881100036E-17, 0.9999998719445369888 ) ) ;
#1279 = LINE ( 'NONE', #1203, #2318 ) ;
#1280 = CARTESIAN_POINT ( 'NONE',  ( 0.04762649144802946072, 0.2364846602096115358, 0.1129296997157241828 ) ) ;
#1281 = EDGE_LOOP ( 'NONE', ( #2294, #3066, #2416, #2582 ) ) ;
#1282 = ORIENTED_EDGE ( 'NONE', *, *, #2368, .F. ) ;
#1283 = CARTESIAN_POINT ( 'NONE',  ( 0.003314914231444214890, 0.2704417265009724791, 0.09986060685703260220 ) ) ;
#1284 = CARTESIAN_POINT ( 'NONE',  ( -0.01364774486147939288, 0.2457470860510769795, 0.1173875586463792586 ) ) ;
#1285 = CARTESIAN_POINT ( 'NONE',  ( -0.006358163546943809696, 0.2730246998814194748, 0.09885571143503260605 ) ) ;
#1286 = EDGE_CURVE ( 'NONE', #2451, #153, #3097, .T. ) ;
#1287 = ORIENTED_EDGE ( 'NONE', *, *, #1424, .T. ) ;
#1288 = VERTEX_POINT ( 'NONE', #655 ) ;
#1289 = CARTESIAN_POINT ( 'NONE',  ( -0.005337216018047535350, 0.2806801417270105015, 0.1021935140483838100 ) ) ;
#1290 = CARTESIAN_POINT ( 'NONE',  ( 0.02411508938973846647, 0.2359091456669622222, 0.1174657721289143614 ) ) ;
#1291 = CARTESIAN_POINT ( 'NONE',  ( -0.01362964607121795561, 0.2474048267887371255, 0.09473587132544117329 ) ) ;
#1292 = DIRECTION ( 'NONE',  ( 0.9778286787918324396, -0.2094058978443200658, 0.0004948537497350001708 ) ) ;
#1293 = DIRECTION ( 'NONE',  ( -0.8764176767245954736, 0.4815515125132386887, -0.0004435322700875567658 ) ) ;
#1294 = CARTESIAN_POINT ( 'NONE',  ( -0.05173250781096547929, 0.2856046977313255186, 0.1042327493469698135 ) ) ;
#1295 = CARTESIAN_POINT ( 'NONE',  ( 0.04645717867479588759, 0.2357359554455057682, 0.1130018888029116486 ) ) ;
#1296 = AXIS2_PLACEMENT_3D ( 'NONE', #3472, #3507, #2748 ) ;
#1297 = EDGE_CURVE ( 'NONE', #320, #2249, #3401, .T. ) ;
#1298 = ORIENTED_EDGE ( 'NONE', *, *, #829, .F. ) ;
#1299 = ORIENTED_EDGE ( 'NONE', *, *, #2181, .T. ) ;
#1300 = DIRECTION ( 'NONE',  ( 0.9778286787918324396, -0.2094058978443200658, 0.0004948537497350001708 ) ) ;
#1301 = LINE ( 'NONE', #2746, #3546 ) ;
#1302 = CARTESIAN_POINT ( 'NONE',  ( -0.009106507319598897490, 0.2813054541037282585, 0.09885432007262334730 ) ) ;
#1303 = EDGE_LOOP ( 'NONE', ( #3557, #3314, #964, #2019 ) ) ;
#1304 = CARTESIAN_POINT ( 'NONE',  ( -0.007020893382822822326, 0.2767250218452552701, 0.09460014394634487511 ) ) ;
#1305 = CARTESIAN_POINT ( 'NONE',  ( 0.02486699051489633591, 0.2722502800213328911, 0.1185865345462754072 ) ) ;
#1306 = CARTESIAN_POINT ( 'NONE',  ( -0.05173306449238299770, 0.2856046977313255186, 0.1053327492061088000 ) ) ;
#1307 = EDGE_CURVE ( 'NONE', #1333, #1271, #2918, .T. ) ;
#1308 = CARTESIAN_POINT ( 'NONE',  ( 0.007047738085684999466, 0.2783344595393528742, 0.1053624966467383295 ) ) ;
#1309 = EDGE_CURVE ( 'NONE', #661, #2999, #2961, .T. ) ;
#1310 = FACE_OUTER_BOUND ( 'NONE', #2135, .T. ) ;
#1311 = CARTESIAN_POINT ( 'NONE',  ( -0.001256404727568343708, 0.2785135966808907071, 0.09932298667172041740 ) ) ;
#1312 = AXIS2_PLACEMENT_3D ( 'NONE', #321, #1490, #1131 ) ;
#1313 = CARTESIAN_POINT ( 'NONE',  ( 0.04115244015441495151, 0.2338223949896699738, 0.1136477662508356828 ) ) ;
#1314 = ORIENTED_EDGE ( 'NONE', *, *, #2368, .T. ) ;
#1315 = ORIENTED_EDGE ( 'NONE', *, *, #2674, .F. ) ;
#1316 = CARTESIAN_POINT ( 'NONE',  ( 0.03880888167522676679, 0.2334863469511685719, 0.09833854862035383559 ) ) ;
#1317 = B_SPLINE_CURVE_WITH_KNOTS ( 'NONE', 3,
 ( #3601, #3076, #2454, #3361, #3635, #1927, #505, #1642, #1010, #3020, #2772, #1625, #2472, #713, #3584, #2225, #1305, #3344, #2787, #3325, #1026, #2752, #1364, #3617, #1909, #1041, #3039, #454, #2209, #3054, #229, #1859, #2187, #487, #745, #783, #3655, #2719 ),
 .UNSPECIFIED., .F., .F.,
 ( 4, 2, 2, 1, 1, 1, 2, 2, 1, 1, 1, 2, 2, 1, 1, 1, 1, 2, 2, 1, 2, 2, 1, 2, 4 ),
 ( 0.000000000000000000, 0.1240213808738155205, 0.1278970490261198412, 0.1317727171784241480, 0.1395240534830321788, 0.1550267260922481849, 0.1559956431303233804, 0.1569645601683985481, 0.1589023942445515480, 0.1627780623968575757, 0.1705293987014676327, 0.1860320713106877188, 0.1879699053868412462, 0.1899077394629947457, 0.1937834076153021889, 0.2015347439199171031, 0.2170374165291451551, 0.2480427617476030078, 0.3100534521845171310, 0.3720641426214312819, 0.4960855234952595283, 0.5580962139321742344, 0.6201069043690889959, 0.7441282852429201844, 0.9921710469905814511 ),
 .UNSPECIFIED. ) ;
#1318 = AXIS2_PLACEMENT_3D ( 'NONE', #360, #1197, #3215 ) ;
#1319 = ORIENTED_EDGE ( 'NONE', *, *, #2596, .T. ) ;
#1320 = CARTESIAN_POINT ( 'NONE',  ( -0.007162329820579959282, 0.2809846203471815240, 0.1075003681829183877 ) ) ;
#1321 = CARTESIAN_POINT ( 'NONE',  ( -0.05221140851464559779, 0.2833556914821065420, 0.09883250629623679950 ) ) ;
#1322 = ORIENTED_EDGE ( 'NONE', *, *, #2908, .F. ) ;
#1323 = CARTESIAN_POINT ( 'NONE',  ( 0.02314127438056557892, 0.2390930322497981653, 0.1177892935477767716 ) ) ;
#1324 = CARTESIAN_POINT ( 'NONE',  ( 0.01808570995786159402, 0.2392792368224049282, 0.1185603667850343157 ) ) ;
#1325 = CARTESIAN_POINT ( 'NONE',  ( -0.01859899374466490729, 0.2491054667596370176, 0.1030258614818948260 ) ) ;
#1326 = DIRECTION ( 'NONE',  ( 0.000000000000000000, -0.5747000190127521391, -0.8183641537523148601 ) ) ;
#1327 = CARTESIAN_POINT ( 'NONE',  ( -0.01886929145834800869, 0.2502490309872951180, 0.1070805695551048514 ) ) ;
#1328 = FACE_OUTER_BOUND ( 'NONE', #2955, .T. ) ;
#1329 = VECTOR ( 'NONE', #3456, 1.000000000000000000 ) ;
#1330 = DIRECTION ( 'NONE',  ( -0.1789579191530002999, -0.6839925783831037887, -0.7071974376998704237 ) ) ;
#1331 = EDGE_CURVE ( 'NONE', #1850, #1568, #2340, .T. ) ;
#1332 = ADVANCED_FACE ( 'NONE', ( #670 ), #1817, .F. ) ;
#1333 = VERTEX_POINT ( 'NONE', #2981 ) ;
#1334 = CARTESIAN_POINT ( 'NONE',  ( 0.02930074376726429092, 0.2449348334641006097, 0.09787375735571605950 ) ) ;
#1335 = AXIS2_PLACEMENT_3D ( 'NONE', #3041, #3021, #2210 ) ;
#1336 = APPLICATION_CONTEXT ( 'configuration controlled 3d designs of mechanical parts and assemblies' ) ;
#1337 = ORIENTED_EDGE ( 'NONE', *, *, #610, .T. ) ;
#1338 = CARTESIAN_POINT ( 'NONE',  ( -0.007159770900245071394, 0.2809845535608148093, 0.1008702233183413344 ) ) ;
#1339 = FACE_OUTER_BOUND ( 'NONE', #2267, .T. ) ;
#1340 = EDGE_LOOP ( 'NONE', ( #1810, #1337, #1837, #1144, #810 ) ) ;
#1341 = CARTESIAN_POINT ( 'NONE',  ( -0.008558634023947632799, 0.2444155547788359195, 0.09931929048946927518 ) ) ;
#1342 = CARTESIAN_POINT ( 'NONE',  ( -0.01714621633826299979, 0.2451527512371640127, 0.09885025188113329142 ) ) ;
#1343 = EDGE_CURVE ( 'NONE', #2426, #2391, #3013, .T. ) ;
#1344 = DIRECTION ( 'NONE',  ( -0.0005060740159284919442, 1.908873449932291244E-16, 0.9999998719445369888 ) ) ;
#1345 = DIRECTION ( 'NONE',  ( 0.2094058710287509117, 0.9778288040081526411, 0.0001059748836809999554 ) ) ;
#1346 = CARTESIAN_POINT ( 'NONE',  ( -0.01881165772859814955, 0.2499317762223487172, 0.1073063719038343106 ) ) ;
#1347 = CARTESIAN_POINT ( 'NONE',  ( -0.0009084198283680570279, 0.2411769649870429966, 0.1028584699212970049 ) ) ;
#1348 = CARTESIAN_POINT ( 'NONE',  ( -0.01714832938425740055, 0.2503225358436005354, 0.09685025055566449936 ) ) ;
#1349 = LINE ( 'NONE', #2550, #2795 ) ;
#1350 = LOCAL_TIME ( 12, 26, 45.00000000000000000, #282 ) ;
#1351 = ORIENTED_EDGE ( 'NONE', *, *, #1343, .T. ) ;
#1352 = CARTESIAN_POINT ( 'NONE',  ( 0.04140527885558999838, 0.2338749214181502778, 0.09799272822512937464 ) ) ;
#1353 = ADVANCED_FACE ( 'NONE', ( #135 ), #413, .F. ) ;
#1354 = CIRCLE ( 'NONE', #1234, 0.008999999999999992381 ) ;
#1355 = AXIS2_PLACEMENT_3D ( 'NONE', #2608, #1180, #2833 ) ;
#1356 = AXIS2_PLACEMENT_3D ( 'NONE', #3044, #3025, #3311 ) ;
#1357 = EDGE_LOOP ( 'NONE', ( #1519, #1743, #3520, #2179 ) ) ;
#1358 = EDGE_CURVE ( 'NONE', #1271, #1333, #1655, .T. ) ;
#1359 = CARTESIAN_POINT ( 'NONE',  ( 0.05245810675471329620, 0.2638721892836156657, 0.1130153427945063266 ) ) ;
#1360 = DIRECTION ( 'NONE',  ( -0.9863287186144908958, 0.1647889853120761416, -0.0004991553995742633665 ) ) ;
#1361 = ORIENTED_EDGE ( 'NONE', *, *, #2513, .F. ) ;
#1362 =( BOUNDED_CURVE ( )  B_SPLINE_CURVE ( 3, ( #1806, #611, #2065, #2592 ),
 .UNSPECIFIED., .F., .F. ) 
 B_SPLINE_CURVE_WITH_KNOTS ( ( 4, 4 ),
 ( 5.497787143782161046, 6.283185307179586232 ),
 .UNSPECIFIED. ) 
 CURVE ( )  GEOMETRIC_REPRESENTATION_ITEM ( )  RATIONAL_B_SPLINE_CURVE ( ( 1.000000000000000000, 0.9492530216741941196, 0.9492530216741941196, 1.000000000000000000 ) ) 
 REPRESENTATION_ITEM ( '' )  );
#1363 = DIRECTION ( 'NONE',  ( 0.9863287186144908958, -0.1647889853120761416, 0.0004991553995744454041 ) ) ;
#1364 = CARTESIAN_POINT ( 'NONE',  ( 0.02511812830060144650, 0.2722824875605002748, 0.1185601881324520462 ) ) ;
#1365 = CARTESIAN_POINT ( 'NONE',  ( -0.003585141825452251279, 0.2549426889968920418, 0.1028571153016729633 ) ) ;
#1366 = FACE_OUTER_BOUND ( 'NONE', #1357, .T. ) ;
#1367 = FACE_OUTER_BOUND ( 'NONE', #3423, .T. ) ;
#1368 = CARTESIAN_POINT ( 'NONE',  ( -0.001180337091344570198, 0.2789702935004650941, 0.09978559848962594014 ) ) ;
#1369 = B_SPLINE_CURVE_WITH_KNOTS ( 'NONE', 3,
 ( #1537, #436, #1304, #951 ),
 .UNSPECIFIED., .F., .F.,
 ( 4, 4 ),
 ( 0.000000000000000000, 0.1901767102893588135 ),
 .UNSPECIFIED. ) ;
#1370 = CARTESIAN_POINT ( 'NONE',  ( 0.04070591604372445632, 0.2337362728498238451, 0.1137208066265790740 ) ) ;
#1371 = CARTESIAN_POINT ( 'NONE',  ( -0.05221140851464559779, 0.2833556914821065420, 0.09883250629623679950 ) ) ;
#1372 = ORIENTED_EDGE ( 'NONE', *, *, #2544, .F. ) ;
#1373 = VERTEX_POINT ( 'NONE', #728 ) ;
#1374 = CYLINDRICAL_SURFACE ( 'NONE', #881, 0.001300000000000004277 ) ;
#1375 = ORIENTED_EDGE ( 'NONE', *, *, #963, .F. ) ;
#1376 = CARTESIAN_POINT ( 'NONE',  ( 0.04738125509638756172, 0.2685250640072199269, 0.1138624634630148874 ) ) ;
#1377 = EDGE_CURVE ( 'NONE', #1819, #2537, #2014, .T. ) ;
#1378 = CARTESIAN_POINT ( 'NONE',  ( -0.01600423102744789189, 0.2449307480439895102, 0.09885082504878577037 ) ) ;
#1379 = AXIS2_PLACEMENT_3D ( 'NONE', #1979, #2905, #338 ) ;
#1380 = VECTOR ( 'NONE', #1417, 1.000000000000000000 ) ;
#1381 = EDGE_CURVE ( 'NONE', #892, #2537, #1805, .T. ) ;
#1382 = ORIENTED_EDGE ( 'NONE', *, *, #3022, .F. ) ;
#1383 = AXIS2_PLACEMENT_3D ( 'NONE', #1348, #3331, #1330 ) ;
#1384 = DIRECTION ( 'NONE',  ( 0.2094058710287509117, 0.9778288040081526411, 0.0001059748836809999554 ) ) ;
#1385 = CARTESIAN_POINT ( 'NONE',  ( -0.007373506326507820070, 0.2803241806021044558, 0.09694607887950450198 ) ) ;
#1386 = CARTESIAN_POINT ( 'NONE',  ( -0.01895348235939698506, 0.2509834182841378936, 0.1045601642950662186 ) ) ;
#1387 = DIRECTION ( 'NONE',  ( -0.0005060740159284919442, 1.908873449932291244E-16, 0.9999998719445369888 ) ) ;
#1388 = CARTESIAN_POINT ( 'NONE',  ( -0.01895750232932373949, 0.2510934275833319740, 0.1055534250245692141 ) ) ;
#1389 = CARTESIAN_POINT ( 'NONE',  ( -0.05312762762732439747, 0.2886636472978360013, 0.1138320445423237903 ) ) ;
#1390 = DIRECTION ( 'NONE',  ( -0.9778286787918324396, 0.2094058978443200658, -0.0004948537497350001708 ) ) ;
#1391 = CARTESIAN_POINT ( 'NONE',  ( -0.01314596356084232406, 0.2772690030129426053, 0.1069466448818034987 ) ) ;
#1392 = ORIENTED_EDGE ( 'NONE', *, *, #747, .T. ) ;
#1393 = CARTESIAN_POINT ( 'NONE',  ( 0.04119333926818101455, 0.2338292794079593340, 0.09801499673123510725 ) ) ;
#1394 = ORIENTED_EDGE ( 'NONE', *, *, #794, .F. ) ;
#1395 = CARTESIAN_POINT ( 'NONE',  ( 0.05593658864713960122, 0.2560707978335546309, 0.1128255807974415936 ) ) ;
#1396 = CARTESIAN_POINT ( 'NONE',  ( -0.03344499426001609765, 0.2509403357603944285, 0.09330646887729124317 ) ) ;
#1397 = ORIENTED_EDGE ( 'NONE', *, *, #3684, .T. ) ;
#1398 = CARTESIAN_POINT ( 'NONE',  ( -0.05973282617298909802, 0.2578287724673852255, 0.1173642361812189810 ) ) ;
#1399 = CARTESIAN_POINT ( 'NONE',  ( 0.04539926977452609508, 0.2544739281796448704, 0.1098819059391322184 ) ) ;
#1400 = DIRECTION ( 'NONE',  ( 0.0005060740159284919442, -1.908060298302924897E-16, -0.9999998719445369888 ) ) ;
#1401 = DIRECTION ( 'NONE',  ( 0.1168812424260057131, 0.6974398147223224154, -0.7070477211681300833 ) ) ;
#1402 = CARTESIAN_POINT ( 'NONE',  ( -0.01883735581518909685, 0.2500641824526202428, 0.1072198550219652657 ) ) ;
#1403 = CARTESIAN_POINT ( 'NONE',  ( -0.01495558500804130067, 0.2445781795024510041, 0.1009226490774752100 ) ) ;
#1404 = DIRECTION ( 'NONE',  ( -0.9967623452551775953, -0.08040256604198865731, -0.0005044355875853067089 ) ) ;
#1405 = LINE ( 'NONE', #1371, #1842 ) ;
#1406 = ORIENTED_EDGE ( 'NONE', *, *, #2825, .T. ) ;
#1407 = ORIENTED_EDGE ( 'NONE', *, *, #425, .F. ) ;
#1408 = DIRECTION ( 'NONE',  ( -0.0005060740159285463712, 0.000000000000000000, 0.9999998719445369888 ) ) ;
#1409 = ADVANCED_FACE ( 'NONE', ( #3596 ), #3579, .T. ) ;
#1410 = EDGE_LOOP ( 'NONE', ( #2785, #3157, #576, #1635 ) ) ;
#1411 = CARTESIAN_POINT ( 'NONE',  ( 0.04196264573567358436, 0.2708562393041787364, 0.1151053743924518591 ) ) ;
#1412 = AXIS2_PLACEMENT_3D ( 'NONE', #2143, #1892, #955 ) ;
#1413 = DIRECTION ( 'NONE',  ( 0.2094058710287521052, 0.9778288040081524191, 0.0001059748836809704787 ) ) ;
#1414 = AXIS2_PLACEMENT_3D ( 'NONE', #514, #775, #738 ) ;
#1415 = VERTEX_POINT ( 'NONE', #3050 ) ;
#1416 = CARTESIAN_POINT ( 'NONE',  ( 0.03393975295030490086, 0.2367812449745164971, 0.1108761067027450031 ) ) ;
#1417 = DIRECTION ( 'NONE',  ( 0.9673114570423947400, -0.2535908228498589545, 0.0004895312564062859325 ) ) ;
#1418 = DIRECTION ( 'NONE',  ( -0.0005060740159284919442, 1.908060298302924897E-16, 0.9999998719445369888 ) ) ;
#1419 = VERTEX_POINT ( 'NONE', #450 ) ;
#1420 = CARTESIAN_POINT ( 'NONE',  ( 0.03900836677030555116, 0.2413216798051840140, 0.09987867038821439392 ) ) ;
#1421 = CARTESIAN_POINT ( 'NONE',  ( -0.01841628333613830326, 0.2454859779390410057, 0.09684960887703389365 ) ) ;
#1422 = DIRECTION ( 'NONE',  ( 0.9967623452551775953, 0.08040256604198865731, 0.0005044355875852647502 ) ) ;
#1423 = ADVANCED_FACE ( 'NONE', ( #433 ), #1006, .T. ) ;
#1424 = EDGE_CURVE ( 'NONE', #320, #584, #2998, .T. ) ;
#1425 = CARTESIAN_POINT ( 'NONE',  ( -0.008556758260139966238, 0.2807202577533203791, 0.1075857985580047915 ) ) ;
#1426 = VERTEX_POINT ( 'NONE', #3303 ) ;
#1427 = EDGE_LOOP ( 'NONE', ( #2890, #147, #1213, #3222, #2932, #1145, #2862, #3647, #3018, #2485, #3515, #1077 ) ) ;
#1428 = CARTESIAN_POINT ( 'NONE',  ( -0.05573271662903210577, 0.2669281675747700033, 0.1053307250858303984 ) ) ;
#1429 = CARTESIAN_POINT ( 'NONE',  ( 0.04636037323936902793, 0.2656062556175547429, 0.1139353088121177054 ) ) ;
#1430 = ORIENTED_EDGE ( 'NONE', *, *, #297, .T. ) ;
#1431 = CARTESIAN_POINT ( 'NONE',  ( 0.04592619524714517537, 0.2693608296248821699, 0.1141741045730357285 ) ) ;
#1432 = CARTESIAN_POINT ( 'NONE',  ( -0.04921169308017919741, 0.2591903818071645271, 0.1118340260391890023 ) ) ;
#1433 = ORIENTED_EDGE ( 'NONE', *, *, #1825, .F. ) ;
#1434 = CARTESIAN_POINT ( 'NONE',  ( 0.04334709223844432358, 0.2448912059003650332, 0.1098808673852719603 ) ) ;
#1435 = CARTESIAN_POINT ( 'NONE',  ( -0.002547489548242274932, 0.2802142003827230443, 0.1017305152337033974 ) ) ;
#1436 = VECTOR ( 'NONE', #1708, 1.000000000000000000 ) ;
#1437 = CARTESIAN_POINT ( 'NONE',  ( -0.01876491319789530890, 0.2497238118177021460, 0.1032737616883866866 ) ) ;
#1438 = AXIS2_PLACEMENT_3D ( 'NONE', #1816, #2960, #2393 ) ;
#1439 = MECHANICAL_CONTEXT ( 'NONE', #1147, 'mechanical' ) ;
#1440 = ORIENTED_EDGE ( 'NONE', *, *, #2992, .F. ) ;
#1441 = CARTESIAN_POINT ( 'NONE',  ( 0.001696988904152021884, 0.2750043202703909007, 0.1188330475460600416 ) ) ;
#1442 = DIRECTION ( 'NONE',  ( -0.0005060740159284919442, 1.908060298302924897E-16, 0.9999998719445369888 ) ) ;
#1443 = CYLINDRICAL_SURFACE ( 'NONE', #1355, 0.001099999999999982719 ) ;
#1444 = DIRECTION ( 'NONE',  ( -0.0005060740159284919442, 1.908060298302924897E-16, 0.9999998719445369888 ) ) ;
#1445 = VERTEX_POINT ( 'NONE', #2729 ) ;
#1446 = CARTESIAN_POINT ( 'NONE',  ( -0.01895739540135342113, 0.2510933581241560075, 0.1053493361227118286 ) ) ;
#1447 = CYLINDRICAL_SURFACE ( 'NONE', #2856, 0.01900000000000000994 ) ;
#1448 = EDGE_CURVE ( 'NONE', #622, #743, #1977, .T. ) ;
#1449 = VECTOR ( 'NONE', #1293, 1.000000000000000000 ) ;
#1450 = EDGE_LOOP ( 'NONE', ( #1706, #2667, #2220, #3474, #2395 ) ) ;
#1451 = CARTESIAN_POINT ( 'NONE',  ( 0.05472797905874922375, 0.2448839210039443215, 0.1128655777956862893 ) ) ;
#1452 = CIRCLE ( 'NONE', #1629, 0.008999999999999992381 ) ;
#1453 = CARTESIAN_POINT ( 'NONE',  ( 0.04358920949423022995, 0.2377098447136529458, 0.1133974655190573694 ) ) ;
#1454 =( BOUNDED_CURVE ( )  B_SPLINE_CURVE ( 3, ( #3352, #3644, #1047, #1988 ),
 .UNSPECIFIED., .F., .F. ) 
 B_SPLINE_CURVE_WITH_KNOTS ( ( 4, 4 ),
 ( 4.906081969440359458, 5.046539314848550006 ),
 .UNSPECIFIED. ) 
 CURVE ( )  GEOMETRIC_REPRESENTATION_ITEM ( )  RATIONAL_B_SPLINE_CURVE ( ( 1.000000000000000000, 0.9983566534345427179, 0.9983566534345427179, 1.000000000000000000 ) ) 
 REPRESENTATION_ITEM ( '' )  );
#1455 = ORIENTED_EDGE ( 'NONE', *, *, #1266, .F. ) ;
#1456 = CARTESIAN_POINT ( 'NONE',  ( 0.02444071043606229829, 0.2357467742465294835, 0.1173922388818774004 ) ) ;
#1457 = CARTESIAN_POINT ( 'NONE',  ( 0.03729682584897200254, 0.2524265058386470084, 0.09787780396560510909 ) ) ;
#1458 = CARTESIAN_POINT ( 'NONE',  ( 0.03900836677030555116, 0.2413216798051840140, 0.09987867038821439392 ) ) ;
#1459 = EDGE_CURVE ( 'NONE', #2391, #325, #1486, .T. ) ;
#1460 = ORIENTED_EDGE ( 'NONE', *, *, #316, .T. ) ;
#1461 = CARTESIAN_POINT ( 'NONE',  ( -0.01279230409076699895, 0.2493899220275135054, 0.09457972746339810000 ) ) ;
#1462 = DIRECTION ( 'NONE',  ( -0.1789579191530002999, -0.6839925783831037887, -0.7071974376998704237 ) ) ;
#1463 = DIRECTION ( 'NONE',  ( 0.1729028464873977600, 0.8060386764940895565, -0.5660443954958055413 ) ) ;
#1464 = CARTESIAN_POINT ( 'NONE',  ( -0.01276373961292765445, 0.2778337348364169901, 0.1032588953183008057 ) ) ;
#1465 = ORIENTED_EDGE ( 'NONE', *, *, #2546, .F. ) ;
#1466 = FACE_OUTER_BOUND ( 'NONE', #1711, .T. ) ;
#1467 = EDGE_LOOP ( 'NONE', ( #1693, #424, #1118, #1584 ) ) ;
#1468 = CARTESIAN_POINT ( 'NONE',  ( 0.05614328260885233929, 0.2500552376005121813, 0.1128838289336522305 ) ) ;
#1469 = CARTESIAN_POINT ( 'NONE',  ( 0.04745215784025466621, 0.2400239456335155619, 0.1130003607947811933 ) ) ;
#1470 = EDGE_CURVE ( 'NONE', #337, #2409, #1872, .T. ) ;
#1471 = ORIENTED_EDGE ( 'NONE', *, *, #183, .T. ) ;
#1472 = DIRECTION ( 'NONE',  ( 0.2094058710287513281, 0.9778288040081525301, 0.0001059748836817414955 ) ) ;
#1473 = DIRECTION ( 'NONE',  ( 0.0005060740159284919442, -1.908060298302924897E-16, -0.9999998719445369888 ) ) ;
#1474 = DIRECTION ( 'NONE',  ( 0.2094058710287543257, 0.9778288040081519750, 0.0001059748836790796436 ) ) ;
#1475 = AXIS2_PLACEMENT_3D ( 'NONE', #115, #3547, #636 ) ;
#1476 = CIRCLE ( 'NONE', #1657, 0.005000000000000001839 ) ;
#1477 = PERSON_AND_ORGANIZATION ( #443, #2189 ) ;
#1478 = ORIENTED_EDGE ( 'NONE', *, *, #142, .T. ) ;
#1479 = VECTOR ( 'NONE', #718, 1.000000000000000000 ) ;
#1480 = CARTESIAN_POINT ( 'NONE',  ( -0.007661371552340169415, 0.2478352978799150119, 0.09785505178718370556 ) ) ;
#1481 = DIRECTION ( 'NONE',  ( 0.2094058710287543257, 0.9778288040081519750, 0.0001059748836790796436 ) ) ;
#1482 = CARTESIAN_POINT ( 'NONE',  ( -0.001730388994020911394, 0.2756721717728726206, 0.09785805330372970845 ) ) ;
#1483 = LINE ( 'NONE', #919, #2494 ) ;
#1484 = EDGE_LOOP ( 'NONE', ( #2594, #2937, #2223, #764, #3524 ) ) ;
#1485 = LINE ( 'NONE', #828, #1177 ) ;
#1486 = B_SPLINE_CURVE_WITH_KNOTS ( 'NONE', 3,
 ( #1571, #206, #1887, #1588 ),
 .UNSPECIFIED., .F., .F.,
 ( 4, 4 ),
 ( -0.8425580162182499944, -0.6165568881624089448 ),
 .UNSPECIFIED. ) ;
#1487 = VERTEX_POINT ( 'NONE', #482 ) ;
#1488 = CARTESIAN_POINT ( 'NONE',  ( 0.05035613603751337708, 0.2431929329229249037, 0.1128569539560365514 ) ) ;
#1489 = ORIENTED_EDGE ( 'NONE', *, *, #1656, .T. ) ;
#1490 = DIRECTION ( 'NONE',  ( 0.9673114570423946290, -0.2535908228498591765, 0.0004895312564062673927 ) ) ;
#1491 = CARTESIAN_POINT ( 'NONE',  ( -0.004427944189240925511, 0.2464034918122696982, 0.1188299453053472954 ) ) ;
#1492 = EDGE_CURVE ( 'NONE', #1016, #1735, #3033, .T. ) ;
#1493 = CARTESIAN_POINT ( 'NONE',  ( 0.03234562449550764524, 0.2729022249334795425, 0.1174069633108980187 ) ) ;
#1494 = ADVANCED_FACE ( 'NONE', ( #1339 ), #3630, .T. ) ;
#1495 = CARTESIAN_POINT ( 'NONE',  ( 0.001182711263024610040, 0.2795908949264187537, 0.1015157225061368851 ) ) ;
#1496 = EDGE_LOOP ( 'NONE', ( #591, #369 ) ) ;
#1497 = DIRECTION ( 'NONE',  ( -0.0005060740159284919442, 1.908060298302924897E-16, 0.9999998719445369888 ) ) ;
#1498 = CARTESIAN_POINT ( 'NONE',  ( 0.03232661933523840042, 0.2729014787062570280, 0.1174108249525712966 ) ) ;
#1499 = B_SPLINE_CURVE_WITH_KNOTS ( 'NONE', 3,
 ( #3172, #1725, #1980, #3380, #2300, #244 ),
 .UNSPECIFIED., .F., .F.,
 ( 4, 1, 1, 4 ),
 ( 0.1901767102893587857, 0.2857142857142923598, 0.5714285714285747275, 1.000000000000000000 ),
 .UNSPECIFIED. ) ;
#1500 = DIRECTION ( 'NONE',  ( 0.0005060740159284920527, -1.908331348846048492E-16, -0.9999998719445369888 ) ) ;
#1501 = CARTESIAN_POINT ( 'NONE',  ( 0.04479201177512193155, 0.2665603278425749956, 0.1142836866507964400 ) ) ;
#1502 = CIRCLE ( 'NONE', #3658, 0.008000000000000001901 ) ;
#1503 = DIRECTION ( 'NONE',  ( 0.0005060740159284919442, -1.908060298302924897E-16, -0.9999998719445369888 ) ) ;
#1504 = B_SPLINE_CURVE_WITH_KNOTS ( 'NONE', 3,
 ( #167, #132, #2713, #1268, #2411, #3577, #2131, #3283, #2093, #1004, #3544, #667, #95, #1226, #430, #2654, #3300, #725, #1585, #1796, #2938, #707, #927 ),
 .UNSPECIFIED., .F., .F.,
 ( 4, 2, 1, 2, 2, 2, 2, 2, 2, 2, 2, 4 ),
 ( 0.000000000000000000, 0.01562499999996702291, 0.02343749999995047711, 0.02734374999995064018, 0.03124999999995081018, 0.06249999999995306532, 0.1249999999999586719, 0.2499999999999699130, 0.3749999999999811262, 0.4374999999999843459, 0.4999999999999875655, 1.000000000000000000 ),
 .UNSPECIFIED. ) ;
#1505 = VERTEX_POINT ( 'NONE', #1996 ) ;
#1506 = DIRECTION ( 'NONE',  ( -0.0005060740159284919442, 1.908060298302924897E-16, 0.9999998719445369888 ) ) ;
#1507 = EDGE_CURVE ( 'NONE', #2130, #795, #2252, .T. ) ;
#1508 = ORIENTED_EDGE ( 'NONE', *, *, #3068, .F. ) ;
#1509 = VECTOR ( 'NONE', #311, 1.000000000000000000 ) ;
#1510 = CARTESIAN_POINT ( 'NONE',  ( 0.05042073777059737777, 0.2432851713362578494, 0.1128550720433780796 ) ) ;
#1511 = B_SPLINE_CURVE_WITH_KNOTS ( 'NONE', 3,
 ( #2157, #103, #1560, #733, #2705 ),
 .UNSPECIFIED., .F., .F.,
 ( 4, 1, 4 ),
 ( 0.000000000000000000, 0.4285714285714300464, 1.000000000000000000 ),
 .UNSPECIFIED. ) ;
#1512 = ORIENTED_EDGE ( 'NONE', *, *, #334, .F. ) ;
#1513 = AXIS2_PLACEMENT_3D ( 'NONE', #1784, #2025, #1750 ) ;
#1514 = DIRECTION ( 'NONE',  ( -0.2094058710287509117, -0.9778288040081526411, -0.0001059748836809999554 ) ) ;
#1515 = CARTESIAN_POINT ( 'NONE',  ( -0.006769825086943839429, 0.2424334003741089871, 0.09185550220740879013 ) ) ;
#1516 = EDGE_CURVE ( 'NONE', #2709, #1535, #19, .T. ) ;
#1517 = LINE ( 'NONE', #2925, #2326 ) ;
#1518 = ORIENTED_EDGE ( 'NONE', *, *, #2010, .F. ) ;
#1519 = ORIENTED_EDGE ( 'NONE', *, *, #33, .T. ) ;
#1520 = EDGE_CURVE ( 'NONE', #2816, #2984, #48, .T. ) ;
#1521 = CARTESIAN_POINT ( 'NONE',  ( 0.01960616662731230406, 0.2398500258835574162, 0.1183756467259002715 ) ) ;
#1522 = CARTESIAN_POINT ( 'NONE',  ( 0.04455871604773972705, 0.2666818548294194735, 0.1143371951783493934 ) ) ;
#1523 = CARTESIAN_POINT ( 'NONE',  ( -0.001264279175144613970, 0.2657965887213825096, 0.1098582907264935987 ) ) ;
#1524 = CARTESIAN_POINT ( 'NONE',  ( -0.003630565517769499678, 0.2547471232360903892, 0.1098570932103082320 ) ) ;
#1525 = CARTESIAN_POINT ( 'NONE',  ( -0.01433002654066014084, 0.2634827098413444757, 0.09685167682568529557 ) ) ;
#1526 = ORIENTED_EDGE ( 'NONE', *, *, #2246, .F. ) ;
#1527 = CARTESIAN_POINT ( 'NONE',  ( 0.05220861143582022218, 0.2466138893613923633, 0.1128234373235580817 ) ) ;
#1528 = EDGE_CURVE ( 'NONE', #832, #2927, #3395, .T. ) ;
#1529 = VERTEX_POINT ( 'NONE', #2861 ) ;
#1530 = DIRECTION ( 'NONE',  ( 0.2094058710287509117, 0.9778288040081526411, 0.0001059748836809999554 ) ) ;
#1531 = PLANE ( 'NONE',  #3482 ) ;
#1532 = CARTESIAN_POINT ( 'NONE',  ( 0.03900279995613035317, 0.2413216798051840140, 0.1108786689796042030 ) ) ;
#1533 = VECTOR ( 'NONE', #2926, 1.000000000000000000 ) ;
#1534 = APPROVAL ( #2945, 'UNSPECIFIED' ) ;
#1535 = VERTEX_POINT ( 'NONE', #241 ) ;
#1536 = VERTEX_POINT ( 'NONE', #1432 ) ;
#1537 = CARTESIAN_POINT ( 'NONE',  ( -0.007155698403572490797, 0.2757102700230009695, 0.09458258000343970628 ) ) ;
#1538 = CARTESIAN_POINT ( 'NONE',  ( 0.04594777363132827863, 0.2570162830700660761, 0.1018821824982733687 ) ) ;
#1539 = AXIS2_PLACEMENT_3D ( 'NONE', #2522, #1720, #1413 ) ;
#1540 = DIRECTION ( 'NONE',  ( -0.0005060740159284919442, 1.908060298302924897E-16, 0.9999998719445369888 ) ) ;
#1541 = B_SPLINE_CURVE_WITH_KNOTS ( 'NONE', 3,
 ( #168, #3031, #1621, #2151, #1636, #2783, #467, #2428, #3284, #3578, #1604, #3301, #1269, #3613, #708, #1037, #3560, #431, #2766, #204, #1338, #1940, #1958, #2579 ),
 .UNSPECIFIED., .F., .F.,
 ( 4, 2, 2, 2, 2, 2, 2, 2, 1, 1, 2, 2, 4 ),
 ( 0.000000000000000000, 0.2499999999999693023, 0.3749999999999555911, 0.4374999999999485967, 0.4999999999999416023, 0.7499999999999157341, 0.8749999999999019673, 0.9374999999998951949, 0.9531249999998997469, 0.9609374999999142908, 0.9648437499999216183, 0.9687499999999289457, 1.000000000000000000 ),
 .UNSPECIFIED. ) ;
#1542 = AXIS2_PLACEMENT_3D ( 'NONE', #2738, #1878, #3622 ) ;
#1543 = CARTESIAN_POINT ( 'NONE',  ( -0.02046296910814099715, 0.2453650829439295022, 0.09884857335852420546 ) ) ;
#1544 = CYLINDRICAL_SURFACE ( 'NONE', #1929, 0.005000000000000000971 ) ;
#1545 = CARTESIAN_POINT ( 'NONE',  ( -0.06002688774292280066, 0.2563952967655669934, 0.09182855018838249894 ) ) ;
#1546 = CARTESIAN_POINT ( 'NONE',  ( 0.05291119533717305451, 0.2416119170568548635, 0.1128256154980896708 ) ) ;
#1547 = EDGE_CURVE ( 'NONE', #1170, #3442, #3102, .T. ) ;
#1548 = ADVANCED_FACE ( 'NONE', ( #1976 ), #2238, .T. ) ;
#1549 = ORIENTED_EDGE ( 'NONE', *, *, #2118, .T. ) ;
#1550 = CARTESIAN_POINT ( 'NONE',  ( 0.04833079221195689390, 0.2640174420548159762, 0.1135353160848483617 ) ) ;
#1551 = ORIENTED_EDGE ( 'NONE', *, *, #3447, .F. ) ;
#1552 = CARTESIAN_POINT ( 'NONE',  ( -0.006777859793124689849, 0.2424334003741089871, 0.1077320437785529994 ) ) ;
#1553 = LINE ( 'NONE', #654, #663 ) ;
#1554 = DIRECTION ( 'NONE',  ( -0.0005060740159284919442, 1.908060298302924897E-16, 0.9999998719445369888 ) ) ;
#1555 = ORIENTED_EDGE ( 'NONE', *, *, #3627, .T. ) ;
#1556 = VERTEX_POINT ( 'NONE', #3090 ) ;
#1557 = CARTESIAN_POINT ( 'NONE',  ( 0.01956950190854393409, 0.2398578772339884646, 0.1183806551573937521 ) ) ;
#1558 = CARTESIAN_POINT ( 'NONE',  ( 0.03239813353495325093, 0.2729042687988960103, 0.1173962659274880027 ) ) ;
#1559 = CARTESIAN_POINT ( 'NONE',  ( 0.04180832014522087997, 0.2678212795667876955, 0.1149896386373954332 ) ) ;
#1560 = CARTESIAN_POINT ( 'NONE',  ( -0.004964353661488759943, 0.2754284445524519676, 0.09733081216988669071 ) ) ;
#1561 = CARTESIAN_POINT ( 'NONE',  ( 0.03330931111637214920, 0.2338477585624919863, 0.1152708386950705988 ) ) ;
#1562 = CARTESIAN_POINT ( 'NONE',  ( -0.008850911597096848896, 0.2470188261709624911, 0.09784633424386610101 ) ) ;
#1563 = CARTESIAN_POINT ( 'NONE',  ( 0.04772181855997763289, 0.2365467022650263040, 0.1129240195215438225 ) ) ;
#1564 = VECTOR ( 'NONE', #3545, 1.000000000000000000 ) ;
#1565 = AXIS2_PLACEMENT_3D ( 'NONE', #1670, #2512, #459 ) ;
#1566 = ORIENTED_EDGE ( 'NONE', *, *, #2389, .T. ) ;
#1567 = EDGE_CURVE ( 'NONE', #2256, #818, #2116, .T. ) ;
#1568 = VERTEX_POINT ( 'NONE', #314 ) ;
#1569 = CARTESIAN_POINT ( 'NONE',  ( -0.01496111574505549872, 0.2445781795024510041, 0.1118513593686283891 ) ) ;
#1570 = CARTESIAN_POINT ( 'NONE',  ( -0.005477208066901579665, 0.2472599104370110101, 0.1188561598248770029 ) ) ;
#1571 = CARTESIAN_POINT ( 'NONE',  ( 0.03239813353495325093, 0.2729042687988960103, 0.1173962659274880027 ) ) ;
#1572 = ORIENTED_EDGE ( 'NONE', *, *, #2437, .F. ) ;
#1573 = DATE_AND_TIME ( #673, #2012 ) ;
#1574 = ORIENTED_EDGE ( 'NONE', *, *, #2118, .F. ) ;
#1575 = CARTESIAN_POINT ( 'NONE',  ( -0.01826959031950314838, 0.2960748762935024869, 0.1236206091038321991 ) ) ;
#1576 = CARTESIAN_POINT ( 'NONE',  ( 0.02436720110484026300, 0.2357832789561287445, 0.1174089327592421489 ) ) ;
#1577 = DIRECTION ( 'NONE',  ( 0.0005060740159284920527, -1.908331348846048492E-16, -0.9999998719445369888 ) ) ;
#1578 = ADVANCED_FACE ( 'NONE', ( #2364 ), #2083, .F. ) ;
#1579 = CARTESIAN_POINT ( 'NONE',  ( 0.01313465584855042292, 0.2739614587427930958, 0.1186658640560803585 ) ) ;
#1580 = CARTESIAN_POINT ( 'NONE',  ( 0.04540331836665352505, 0.2544739281796448704, 0.1018819069635758107 ) ) ;
#1581 = DIRECTION ( 'NONE',  ( -0.2094058710287513281, -0.9778288040081525301, -0.0001059748836817414955 ) ) ;
#1582 = CARTESIAN_POINT ( 'NONE',  ( 0.05587234338711418585, 0.2484682218801856912, 0.1128872060597396060 ) ) ;
#1583 = EDGE_LOOP ( 'NONE', ( #2917, #1813, #595, #2534 ) ) ;
#1584 = ORIENTED_EDGE ( 'NONE', *, *, #3413, .F. ) ;
#1585 = CARTESIAN_POINT ( 'NONE',  ( -0.01507427969194459309, 0.2446481133023757915, 0.1000703966155193775 ) ) ;
#1586 = DIRECTION ( 'NONE',  ( 0.9673114570423947400, -0.2535908228498589545, 0.0004895312564062859325 ) ) ;
#1587 = EDGE_CURVE ( 'NONE', #3407, #2676, #2365, .T. ) ;
#1588 = CARTESIAN_POINT ( 'NONE',  ( 0.04126673421546470100, 0.2710052531148020027, 0.1152748657406504063 ) ) ;
#1589 = EDGE_CURVE ( 'NONE', #1426, #661, #2987, .T. ) ;
#1590 = ORIENTED_EDGE ( 'NONE', *, *, #2526, .F. ) ;
#1591 = CARTESIAN_POINT ( 'NONE',  ( 0.02436015067019847019, 0.2357867853559503235, 0.1174105310727745627 ) ) ;
#1592 = DIRECTION ( 'NONE',  ( 0.9778286787918324396, -0.2094058978443200658, 0.0004948537497350001708 ) ) ;
#1593 = CARTESIAN_POINT ( 'NONE',  ( 0.04567554599899090184, 0.2557451056248554733, 0.1018820447309245897 ) ) ;
#1594 = DIRECTION ( 'NONE',  ( -0.0005060740159284919442, 1.908060298302924897E-16, 0.9999998719445369888 ) ) ;
#1595 = CARTESIAN_POINT ( 'NONE',  ( -0.002114828825567550107, 0.2389859205146565024, 0.1078578600292501993 ) ) ;
#1596 = CARTESIAN_POINT ( 'NONE',  ( 0.05025342058431649800, 0.2663235058699425228, 0.09788436096237519701 ) ) ;
#1597 = AXIS2_PLACEMENT_3D ( 'NONE', #695, #1540, #869 ) ;
#1598 =( BOUNDED_CURVE ( )  B_SPLINE_CURVE ( 3, ( #3210, #3248, #896, #3527 ),
 .UNSPECIFIED., .F., .F. ) 
 B_SPLINE_CURVE_WITH_KNOTS ( ( 4, 4 ),
 ( 1.255219278924564863, 1.570796326795605102 ),
 .UNSPECIFIED. ) 
 CURVE ( )  GEOMETRIC_REPRESENTATION_ITEM ( )  RATIONAL_B_SPLINE_CURVE ( ( 1.000000000000000000, 0.9917181316067269492, 0.9917181316067269492, 1.000000000000000000 ) ) 
 REPRESENTATION_ITEM ( '' )  );
#1599 = ORIENTED_EDGE ( 'NONE', *, *, #747, .F. ) ;
#1600 = ORIENTED_EDGE ( 'NONE', *, *, #943, .T. ) ;
#1601 = CARTESIAN_POINT ( 'NONE',  ( 0.01213332919563874651, 0.2772441600227834591, 0.1164371605744017185 ) ) ;
#1602 = EDGE_LOOP ( 'NONE', ( #462, #375, #2976, #3, #3624, #2780, #81, #1869, #3396 ) ) ;
#1603 = CARTESIAN_POINT ( 'NONE',  ( -0.006780958715294270120, 0.2424334003741089871, 0.1138554993901886025 ) ) ;
#1604 = CARTESIAN_POINT ( 'NONE',  ( -0.007228865728005158878, 0.2809769655799608801, 0.1003306342360931191 ) ) ;
#1605 = ORIENTED_EDGE ( 'NONE', *, *, #2921, .F. ) ;
#1606 = EDGE_CURVE ( 'NONE', #2290, #291, #315, .T. ) ;
#1607 = DIRECTION ( 'NONE',  ( -0.0005060740159285463712, 0.000000000000000000, 0.9999998719445369888 ) ) ;
#1608 = EDGE_CURVE ( 'NONE', #1426, #1696, #2949, .T. ) ;
#1609 = FACE_OUTER_BOUND ( 'NONE', #406, .T. ) ;
#1610 = CARTESIAN_POINT ( 'NONE',  ( -0.05311902436905360098, 0.2886636472978360013, 0.09683204671926669282 ) ) ;
#1611 = CARTESIAN_POINT ( 'NONE',  ( -0.01097116559776746027, 0.2515124661932404693, 0.1108533784509259934 ) ) ;
#1612 = DIRECTION ( 'NONE',  ( -0.9778286787918324396, 0.2094058978443201213, -0.0004948537497350001708 ) ) ;
#1613 = CARTESIAN_POINT ( 'NONE',  ( -0.03255020466425109782, 0.2543602986523099685, 0.09684245606579058863 ) ) ;
#1614 = ORIENTED_EDGE ( 'NONE', *, *, #3221, .T. ) ;
#1615 = DIRECTION ( 'NONE',  ( -0.9778286787918324396, 0.2094058978443201213, -0.0004948537497350001708 ) ) ;
#1616 = CIRCLE ( 'NONE', #2699, 0.005000000000000004441 ) ;
#1617 = CIRCLE ( 'NONE', #3364, 0.001100000000000010691 ) ;
#1618 = AXIS2_PLACEMENT_3D ( 'NONE', #751, #1390, #2761 ) ;
#1619 = EDGE_CURVE ( 'NONE', #2007, #2983, #141, .T. ) ;
#1620 = ORIENTED_EDGE ( 'NONE', *, *, #2293, .F. ) ;
#1621 = CARTESIAN_POINT ( 'NONE',  ( -0.007560276326945915976, 0.2809326660480203630, 0.09926192238761705200 ) ) ;
#1622 = CARTESIAN_POINT ( 'NONE',  ( 0.04385371492104072483, 0.2472379950299846141, 0.1018811227494365729 ) ) ;
#1623 = ORIENTED_EDGE ( 'NONE', *, *, #219, .T. ) ;
#1624 = FACE_OUTER_BOUND ( 'NONE', #3029, .T. ) ;
#1625 = CARTESIAN_POINT ( 'NONE',  ( 0.02465314378696943295, 0.2722219289988584978, 0.1186082017688734891 ) ) ;
#1626 = CARTESIAN_POINT ( 'NONE',  ( -0.006364742509150879933, 0.2730246998814194748, 0.1118557097703113956 ) ) ;
#1627 = CARTESIAN_POINT ( 'NONE',  ( -0.006445291190317205265, 0.2793792216955916508, 0.1173912036214999621 ) ) ;
#1628 = CYLINDRICAL_SURFACE ( 'NONE', #2018, 0.004999999999999996635 ) ;
#1629 = AXIS2_PLACEMENT_3D ( 'NONE', #2362, #3511, #884 ) ;
#1630 = FACE_OUTER_BOUND ( 'NONE', #34, .T. ) ;
#1631 = EDGE_CURVE ( 'NONE', #2034, #26, #3444, .T. ) ;
#1632 = CARTESIAN_POINT ( 'NONE',  ( -0.007413582177112632877, 0.2809571014557712965, 0.1075049849310844158 ) ) ;
#1633 = ORIENTED_EDGE ( 'NONE', *, *, #2954, .T. ) ;
#1634 = CARTESIAN_POINT ( 'NONE',  ( -0.001491083115164739976, 0.2647209770369735593, 0.1028581750505099535 ) ) ;
#1635 = ORIENTED_EDGE ( 'NONE', *, *, #2389, .F. ) ;
#1636 = CARTESIAN_POINT ( 'NONE',  ( -0.007430460402467569531, 0.2809514385907188605, 0.09963638256061320420 ) ) ;
#1637 = ADVANCED_FACE ( 'NONE', ( #2383 ), #396, .F. ) ;
#1638 = B_SPLINE_CURVE_WITH_KNOTS ( 'NONE', 3,
 ( #994, #3309, #122, #2736, #3257, #3587, #2683, #2440, #1255, #177, #2404, #748, #976, #2664, #2124, #2457, #399, #1028, #439, #679 ),
 .UNSPECIFIED., .F., .F.,
 ( 4, 2, 2, 2, 1, 1, 2, 2, 2, 2, 4 ),
 ( 0.000000000000000000, 0.2500000000001072475, 0.3750000000001635359, 0.4375000000001886269, 0.4687500000002012279, 0.4843750000002035594, 0.4921875000002013945, 0.5000000000001991740, 0.6250000000001471046, 0.7500000000000950351, 1.000000000000000000 ),
 .UNSPECIFIED. ) ;
#1639 = CARTESIAN_POINT ( 'NONE',  ( -0.009318610962058488170, 0.2813453133959238905, 0.09885322850241440307 ) ) ;
#1640 = ORIENTED_EDGE ( 'NONE', *, *, #941, .T. ) ;
#1641 = CARTESIAN_POINT ( 'NONE',  ( -0.006196607283537830177, 0.2808236668465765029, 0.1028557937066919975 ) ) ;
#1642 = CARTESIAN_POINT ( 'NONE',  ( 0.02449718336273041391, 0.2721998486988639887, 0.1186239640007383800 ) ) ;
#1643 = DIRECTION ( 'NONE',  ( -0.0005060740159285463712, 0.000000000000000000, 0.9999998719445369888 ) ) ;
#1644 = CC_DESIGN_DATE_AND_TIME_ASSIGNMENT ( #1573, #2097, ( #3095 ) ) ;
#1645 =( BOUNDED_CURVE ( )  B_SPLINE_CURVE ( 3, ( #1308, #2967, #420, #3006 ),
 .UNSPECIFIED., .F., .F. ) 
 B_SPLINE_CURVE_WITH_KNOTS ( ( 4, 4 ),
 ( 3.141592653589838413, 4.396811932514308907 ),
 .UNSPECIFIED. ) 
 CURVE ( )  GEOMETRIC_REPRESENTATION_ITEM ( )  RATIONAL_B_SPLINE_CURVE ( ( 1.000000000000000000, 0.8729556445928566832, 0.8729556445928566832, 1.000000000000000000 ) ) 
 REPRESENTATION_ITEM ( '' )  );
#1646 = FACE_BOUND ( 'NONE', #269, .T. ) ;
#1647 = CARTESIAN_POINT ( 'NONE',  ( -0.01714832938425740055, 0.2503225358436005354, 0.09685025055566449936 ) ) ;
#1648 = CARTESIAN_POINT ( 'NONE',  ( -0.001119547371064282633, 0.2793358246861564198, 0.1003402679998354474 ) ) ;
#1649 = CARTESIAN_POINT ( 'NONE',  ( 0.0003890697661534815027, 0.2746527213897094755, 0.1188591285960385879 ) ) ;
#1650 = DIRECTION ( 'NONE',  ( 0.2094058710287503566, 0.9778288040081527521, 0.0001059748836761662162 ) ) ;
#1651 = AXIS2_PLACEMENT_3D ( 'NONE', #232, #2529, #1326 ) ;
#1652 = EDGE_LOOP ( 'NONE', ( #2313, #3203, #2096, #1723 ) ) ;
#1653 = CARTESIAN_POINT ( 'NONE',  ( 0.03239813353495325093, 0.2729042687988960103, 0.1173962659274880027 ) ) ;
#1654 = EDGE_CURVE ( 'NONE', #2098, #99, #2192, .T. ) ;
#1655 = CIRCLE ( 'NONE', #3521, 0.001099999999999982719 ) ;
#1656 = EDGE_CURVE ( 'NONE', #3175, #1419, #2555, .T. ) ;
#1657 = AXIS2_PLACEMENT_3D ( 'NONE', #548, #268, #607 ) ;
#1658 = CIRCLE ( 'NONE', #3103, 0.01600000000000001421 ) ;
#1659 = ORIENTED_EDGE ( 'NONE', *, *, #3363, .T. ) ;
#1660 = CARTESIAN_POINT ( 'NONE',  ( 0.05380861823259007470, 0.2618340143661134767, 0.1128839034334435110 ) ) ;
#1661 = CARTESIAN_POINT ( 'NONE',  ( -0.01692556394913275614, 0.2450979509834533554, 0.09885036180098352721 ) ) ;
#1662 = VECTOR ( 'NONE', #1514, 1.000000000000000000 ) ;
#1663 = VERTEX_POINT ( 'NONE', #3166 ) ;
#1664 = DIRECTION ( 'NONE',  ( 0.8712050586980844002, -0.1865227632174391581, -0.4541046184532794849 ) ) ;
#1665 = CARTESIAN_POINT ( 'NONE',  ( -0.01177459676885055095, 0.2629359165237439289, 0.09258895518931534174 ) ) ;
#1666 = CARTESIAN_POINT ( 'NONE',  ( 0.03351326313165160775, 0.2695974796550728581, 0.1170092790011697387 ) ) ;
#1667 = CARTESIAN_POINT ( 'NONE',  ( 0.02476285874230060857, 0.2356797418264896526, 0.09933592713132365082 ) ) ;
#1668 = DIRECTION ( 'NONE',  ( -0.0005060740159284919442, 1.908060298302924897E-16, 0.9999998719445369888 ) ) ;
#1669 = CARTESIAN_POINT ( 'NONE',  ( -0.01433002654066014084, 0.2634827098413444757, 0.09685167682568529557 ) ) ;
#1670 = CARTESIAN_POINT ( 'NONE',  ( 0.05984770333335599768, 0.2670265410557595143, 0.1108892180449189968 ) ) ;
#1671 = CARTESIAN_POINT ( 'NONE',  ( -0.01347497323100715037, 0.2766852451690302028, 0.1055769240300024336 ) ) ;
#1672 = ORIENTED_EDGE ( 'NONE', *, *, #1219, .F. ) ;
#1673 = EDGE_LOOP ( 'NONE', ( #3466, #1068, #496, #2129 ) ) ;
#1674 = CARTESIAN_POINT ( 'NONE',  ( 0.03493171930814349679, 0.2335550629854231119, 0.09888150090900864331 ) ) ;
#1675 = AXIS2_PLACEMENT_3D ( 'NONE', #618, #1999, #1762 ) ;
#1676 = ADVANCED_FACE ( 'NONE', ( #3534 ), #2420, .T. ) ;
#1677 = VERTEX_POINT ( 'NONE', #1334 ) ;
#1678 = CARTESIAN_POINT ( 'NONE',  ( 0.05491822693054961013, 0.2595130894359016782, 0.1128253014495129020 ) ) ;
#1679 = CARTESIAN_POINT ( 'NONE',  ( 0.03697909920837804537, 0.2364294938756117126, 0.1145676620322211986 ) ) ;
#1680 = AXIS2_PLACEMENT_3D ( 'NONE', #3019, #3566, #173 ) ;
#1681 = AXIS2_PLACEMENT_3D ( 'NONE', #2813, #249, #2590 ) ;
#1682 = ORIENTED_EDGE ( 'NONE', *, *, #2689, .T. ) ;
#1683 = DIRECTION ( 'NONE',  ( -0.9778286787918324396, 0.2094058978443200658, -0.0004948537497350001708 ) ) ;
#1684 = CARTESIAN_POINT ( 'NONE',  ( -0.001838243125813444987, 0.2750266210119905463, 0.09785799872154921086 ) ) ;
#1685 = CARTESIAN_POINT ( 'NONE',  ( 0.02924294629482033364, 0.2705118876479333245, 0.1179051776112159944 ) ) ;
#1686 = AXIS2_PLACEMENT_3D ( 'NONE', #192, #176, #3326 ) ;
#1687 = DIRECTION ( 'NONE',  ( -0.0005060740159284919442, 1.908060298302924897E-16, 0.9999998719445369888 ) ) ;
#1688 = CYLINDRICAL_SURFACE ( 'NONE', #555, 0.004999999999999994033 ) ;
#1689 = CARTESIAN_POINT ( 'NONE',  ( -0.003148929561301575496, 0.2416567279604345808, 0.1033287482832308535 ) ) ;
#1690 = CARTESIAN_POINT ( 'NONE',  ( -0.001332397427350816548, 0.2780573469639112671, 0.09885992075849693583 ) ) ;
#1691 = ADVANCED_FACE ( 'NONE', ( #255 ), #1918, .T. ) ;
#1692 = LINE ( 'NONE', #2799, #405 ) ;
#1693 = ORIENTED_EDGE ( 'NONE', *, *, #3358, .F. ) ;
#1694 = ORIENTED_EDGE ( 'NONE', *, *, #316, .F. ) ;
#1695 = CARTESIAN_POINT ( 'NONE',  ( 0.04127497689589040147, 0.2710052531148020027, 0.09898736804115500221 ) ) ;
#1696 = VERTEX_POINT ( 'NONE', #2180 ) ;
#1697 = CARTESIAN_POINT ( 'NONE',  ( 0.05350165898980682039, 0.2623505858187399897, 0.1129083336109463070 ) ) ;
#1698 = DIRECTION ( 'NONE',  ( 0.9778286787918324396, -0.2094058978443200658, 0.0004948537497350001708 ) ) ;
#1699 = ORIENTED_EDGE ( 'NONE', *, *, #589, .T. ) ;
#1700 = DIRECTION ( 'NONE',  ( -0.0005060740159284919442, 1.908060298302924897E-16, 0.9999998719445369888 ) ) ;
#1701 = CARTESIAN_POINT ( 'NONE',  ( -0.004832890149028199779, 0.2761761796777705280, 0.09731282502980891091 ) ) ;
#1702 = EDGE_CURVE ( 'NONE', #1907, #435, #2516, .T. ) ;
#1703 = CARTESIAN_POINT ( 'NONE',  ( -0.01332591183967375345, 0.2479632286644973815, 0.09465829498020338073 ) ) ;
#1704 = EDGE_CURVE ( 'NONE', #3378, #1445, #1263, .T. ) ;
#1705 =( NAMED_UNIT ( * ) SI_UNIT ( $, .STERADIAN. ) SOLID_ANGLE_UNIT ( ) );
#1706 = ORIENTED_EDGE ( 'NONE', *, *, #3478, .F. ) ;
#1707 = DIRECTION ( 'NONE',  ( 0.2094058710287517722, 0.9778288040081523080, 0.0001059748836790769602 ) ) ;
#1708 = DIRECTION ( 'NONE',  ( -0.9673114570423947400, 0.2535908228498589545, -0.0004895312564062859325 ) ) ;
#1709 = CYLINDRICAL_SURFACE ( 'NONE', #134, 0.002500000000000011761 ) ;
#1710 = CARTESIAN_POINT ( 'NONE',  ( -0.05926046862065480897, 0.2599741204633672087, 0.09182893805323529002 ) ) ;
#1711 = EDGE_LOOP ( 'NONE', ( #737, #3483, #2078, #484, #3593, #883, #1204, #2665, #148 ) ) ;
#1712 = VERTEX_POINT ( 'NONE', #2764 ) ;
#1713 = CARTESIAN_POINT ( 'NONE',  ( 0.007047738085684662063, 0.2783344595393528742, 0.1053624966467383295 ) ) ;
#1714 = CARTESIAN_POINT ( 'NONE',  ( -0.007772425145968981167, 0.2426947775693614473, 0.1028964920260654198 ) ) ;
#1715 = AXIS2_PLACEMENT_3D ( 'NONE', #3042, #3553, #2988 ) ;
#1716 = ORIENTED_EDGE ( 'NONE', *, *, #864, .T. ) ;
#1717 = VECTOR ( 'NONE', #3192, 1.000000000000000000 ) ;
#1718 = CARTESIAN_POINT ( 'NONE',  ( 0.04126673421546470100, 0.2710052531148020027, 0.1152748657406504063 ) ) ;
#1719 = AXIS2_PLACEMENT_3D ( 'NONE', #1123, #3421, #568 ) ;
#1720 = DIRECTION ( 'NONE',  ( 0.0005060740159284919442, -1.908060298302924897E-16, -0.9999998719445369888 ) ) ;
#1721 = VECTOR ( 'NONE', #646, 1.000000000000000000 ) ;
#1722 =( BOUNDED_CURVE ( )  B_SPLINE_CURVE ( 3, ( #2985, #1289, #156, #973 ),
 .UNSPECIFIED., .F., .F. ) 
 B_SPLINE_CURVE_WITH_KNOTS ( ( 4, 4 ),
 ( 0.9696053852385730920, 1.570796326794895004 ),
 .UNSPECIFIED. ) 
 CURVE ( )  GEOMETRIC_REPRESENTATION_ITEM ( )  RATIONAL_B_SPLINE_CURVE ( ( 1.000000000000000000, 0.9701068974095862218, 0.9701068974095862218, 1.000000000000000000 ) ) 
 REPRESENTATION_ITEM ( '' )  );
#1723 = ORIENTED_EDGE ( 'NONE', *, *, #3249, .T. ) ;
#1724 = DIRECTION ( 'NONE',  ( -0.0005060740159284919442, 1.908060298302924897E-16, 0.9999998719445369888 ) ) ;
#1725 = CARTESIAN_POINT ( 'NONE',  ( -0.007075934490148180593, 0.2774843086422024152, 0.09469174243250365330 ) ) ;
#1726 = CARTESIAN_POINT ( 'NONE',  ( -0.01895739540135342113, 0.2510933581241560075, 0.1053493361227118286 ) ) ;
#1727 = EDGE_CURVE ( 'NONE', #570, #1907, #3040, .T. ) ;
#1728 = PERSON_AND_ORGANIZATION ( #443, #2189 ) ;
#1729 = EDGE_LOOP ( 'NONE', ( #2088, #3213, #1566, #942 ) ) ;
#1730 = EDGE_CURVE ( 'NONE', #1272, #907, #279, .T. ) ;
#1731 = LINE ( 'NONE', #359, #1329 ) ;
#1732 = DIRECTION ( 'NONE',  ( 0.2094058710287543257, 0.9778288040081519750, 0.0001059748836790796436 ) ) ;
#1733 = CARTESIAN_POINT ( 'NONE',  ( 0.006847996881359480481, 0.2808263657215930298, 0.1028623952427532018 ) ) ;
#1734 = FACE_OUTER_BOUND ( 'NONE', #3232, .T. ) ;
#1735 = VERTEX_POINT ( 'NONE', #1954 ) ;
#1736 = CARTESIAN_POINT ( 'NONE',  ( 0.04381132767281908230, 0.2470424292691829893, 0.1028811014264044560 ) ) ;
#1737 = DIRECTION ( 'NONE',  ( 0.0005060740159284919442, -1.908060298302924897E-16, -0.9999998719445369888 ) ) ;
#1738 = DIRECTION ( 'NONE',  ( 0.9863287186144908958, -0.1647889853120761416, 0.0004991553995741304433 ) ) ;
#1739 = VERTEX_POINT ( 'NONE', #3047 ) ;
#1740 = CARTESIAN_POINT ( 'NONE',  ( 0.04347383226440116460, 0.2703940513415221680, 0.1147422378699758244 ) ) ;
#1741 = CARTESIAN_POINT ( 'NONE',  ( 0.03393752872945839799, 0.2367812449745164971, 0.1152711566197215931 ) ) ;
#1742 = EDGE_CURVE ( 'NONE', #2391, #3085, #3140, .T. ) ;
#1743 = ORIENTED_EDGE ( 'NONE', *, *, #1528, .T. ) ;
#1744 = DIRECTION ( 'NONE',  ( -0.9778286787918324396, 0.2094058978443200658, -0.0004948537497350001708 ) ) ;
#1745 = LINE ( 'NONE', #1665, #1746 ) ;
#1746 = VECTOR ( 'NONE', #3152, 1.000000000000000000 ) ;
#1747 = CARTESIAN_POINT ( 'NONE',  ( -0.01880321787309270631, 0.2499001135686526598, 0.1033729467361960419 ) ) ;
#1748 = CARTESIAN_POINT ( 'NONE',  ( 0.01225747212702932992, 0.2772193254244294525, 0.1002798125899140302 ) ) ;
#1749 = ORIENTED_EDGE ( 'NONE', *, *, #194, .T. ) ;
#1750 = DIRECTION ( 'NONE',  ( 0.2094058710287543257, 0.9778288040081519750, 0.0001059748836790796436 ) ) ;
#1751 = LINE ( 'NONE', #2026, #3058 ) ;
#1752 = DIRECTION ( 'NONE',  ( 0.3159190041492590528, -0.5897204346517527229, -0.7432529796586679893 ) ) ;
#1753 = LINE ( 'NONE', #590, #3282 ) ;
#1754 = EDGE_LOOP ( 'NONE', ( #3450, #972, #1127, #1838 ) ) ;
#1755 = CARTESIAN_POINT ( 'NONE',  ( -0.01049011980894247985, 0.2434073425855119988, 0.1021022210248862111 ) ) ;
#1756 = EDGE_CURVE ( 'NONE', #711, #2922, #3631, .T. ) ;
#1757 = VERTEX_POINT ( 'NONE', #1033 ) ;
#1758 = CARTESIAN_POINT ( 'NONE',  ( 0.05628804835828825348, 0.2527238941443099574, 0.1128597429697094645 ) ) ;
#1759 = VECTOR ( 'NONE', #2304, 1.000000000000000000 ) ;
#1760 = CARTESIAN_POINT ( 'NONE',  ( 0.05330572104402311884, 0.2516595854957472955, 0.1128232092730335895 ) ) ;
#1761 = EDGE_LOOP ( 'NONE', ( #3014, #513, #2859, #2630, #2080 ) ) ;
#1762 = DIRECTION ( 'NONE',  ( 0.2094058710287509117, 0.9778288040081526411, 0.0001059748836809999554 ) ) ;
#1763 = CARTESIAN_POINT ( 'NONE',  ( -0.002723025067845517844, 0.2453177889761551100, 0.1187183951146834615 ) ) ;
#1764 = DIRECTION ( 'NONE',  ( 0.2094058710287509117, 0.9778288040081526411, 0.0001059748836809999554 ) ) ;
#1765 = DIRECTION ( 'NONE',  ( 0.2094058710287506619, 0.9778288040081526411, 0.0001059748836761661891 ) ) ;
#1766 = ORIENTED_EDGE ( 'NONE', *, *, #760, .F. ) ;
#1767 = DIRECTION ( 'NONE',  ( -0.0005060740159284919442, 1.908060298302924897E-16, 0.9999998719445369888 ) ) ;
#1768 = FACE_BOUND ( 'NONE', #1496, .T. ) ;
#1769 = CARTESIAN_POINT ( 'NONE',  ( -0.001622643157003288844, 0.2763174685370315409, 0.09798824448135011467 ) ) ;
#1770 = DIRECTION ( 'NONE',  ( -0.0005060740159284919442, 1.908060298302924897E-16, 0.9999998719445369888 ) ) ;
#1771 = ORIENTED_EDGE ( 'NONE', *, *, #1995, .T. ) ;
#1772 = DIRECTION ( 'NONE',  ( -0.0005060740159284919442, 1.908060298302924897E-16, 0.9999998719445369888 ) ) ;
#1773 = ADVANCED_FACE ( 'NONE', ( #3625 ), #1902, .F. ) ;
#1774 = ORIENTED_EDGE ( 'NONE', *, *, #1343, .F. ) ;
#1775 = EDGE_CURVE ( 'NONE', #2236, #1505, #1354, .T. ) ;
#1776 = CARTESIAN_POINT ( 'NONE',  ( 0.05301825369841069863, 0.2553588057786549403, 0.1128558825136034144 ) ) ;
#1777 = ORIENTED_EDGE ( 'NONE', *, *, #3384, .F. ) ;
#1778 = FACE_OUTER_BOUND ( 'NONE', #1761, .T. ) ;
#1779 = CARTESIAN_POINT ( 'NONE',  ( 0.007047738085684999466, 0.2783344595393528742, 0.1053624966467383295 ) ) ;
#1780 = CARTESIAN_POINT ( 'NONE',  ( 0.02554128850236858650, 0.2713045490305494578, 0.1184877923752436224 ) ) ;
#1781 = AXIS2_PLACEMENT_3D ( 'NONE', #3267, #620, #967 ) ;
#1782 = APPLICATION_PROTOCOL_DEFINITION ( 'international standard', 'config_control_design', 1994, #1147 ) ;
#1783 = VERTEX_POINT ( 'NONE', #497 ) ;
#1784 = CARTESIAN_POINT ( 'NONE',  ( -0.003354795367320625131, 0.2560183006813009920, 0.1028572318740450103 ) ) ;
#1785 = PLANE ( 'NONE',  #3242 ) ;
#1786 = FACE_OUTER_BOUND ( 'NONE', #187, .T. ) ;
#1787 = EDGE_CURVE ( 'NONE', #1333, #374, #3646, .T. ) ;
#1788 = DIRECTION ( 'NONE',  ( -0.0005060740159284919442, 1.908060298302924897E-16, 0.9999998719445369888 ) ) ;
#1789 = CARTESIAN_POINT ( 'NONE',  ( 0.04358148728870334804, 0.2459668175847740113, 0.1018809849820877939 ) ) ;
#1790 = CARTESIAN_POINT ( 'NONE',  ( -0.01176461373355273954, 0.2458855777196869985, 0.09787420946593838877 ) ) ;
#1791 = VECTOR ( 'NONE', #263, 1.000000000000000000 ) ;
#1792 = EDGE_LOOP ( 'NONE', ( #118, #2501, #2218, #2802, #970, #874, #1243, #691, #1397, #38, #826, #3410, #415 ) ) ;
#1793 = CARTESIAN_POINT ( 'NONE',  ( 0.05012741790643291534, 0.2428756020791363601, 0.1128640722584774991 ) ) ;
#1794 = ADVANCED_FACE ( 'NONE', ( #3373 ), #1374, .F. ) ;
#1795 = ORIENTED_EDGE ( 'NONE', *, *, #1654, .T. ) ;
#1796 = CARTESIAN_POINT ( 'NONE',  ( -0.01508525179274466770, 0.2446547108154861760, 0.1000248771402437176 ) ) ;
#1797 = CARTESIAN_POINT ( 'NONE',  ( -0.06003802137127320360, 0.2563952967655669934, 0.1138285473711623946 ) ) ;
#1798 = CARTESIAN_POINT ( 'NONE',  ( 0.02616929789187688246, 0.2711700673906747849, 0.1184044505087202132 ) ) ;
#1799 = VERTEX_POINT ( 'NONE', #1146 ) ;
#1800 = PERSON_AND_ORGANIZATION ( #443, #2189 ) ;
#1801 = ORIENTED_EDGE ( 'NONE', *, *, #2576, .F. ) ;
#1802 = CARTESIAN_POINT ( 'NONE',  ( 0.06265755565301349417, 0.2787451717581400090, 0.1129083291929153937 ) ) ;
#1803 = DIRECTION ( 'NONE',  ( 0.1723298372753081786, 0.8060386764940887794, 0.5662191088088809332 ) ) ;
#1804 = VECTOR ( 'NONE', #619, 1.000000000000000000 ) ;
#1805 = B_SPLINE_CURVE_WITH_KNOTS ( 'NONE', 3,
 ( #3322, #3562, #2715, #1639, #1057, #1855, #3017, #1924, #3614, #2784, #2184, #1302, #501, #151, #3339, #2484, #2429, #709 ),
 .UNSPECIFIED., .F., .F.,
 ( 4, 2, 2, 1, 1, 2, 2, 2, 2, 4 ),
 ( 0.000000000000000000, 0.06250000000003083644, 0.09375000000004625467, 0.1093750000000539568, 0.1171875000000620337, 0.1210937500000652811, 0.1250000000000685285, 0.2500000000000723310, 0.5000000000000565104, 1.000000000000000000 ),
 .UNSPECIFIED. ) ;
#1806 = CARTESIAN_POINT ( 'NONE',  ( 0.02476285874230060857, 0.2356797418264896526, 0.09933592713132365082 ) ) ;
#1807 = LINE ( 'NONE', #1736, #3132 ) ;
#1808 = CARTESIAN_POINT ( 'NONE',  ( -0.01151172369706290020, 0.2766428838390885270, 0.09685310309570609177 ) ) ;
#1809 = VECTOR ( 'NONE', #1400, 1.000000000000000000 ) ;
#1810 = ORIENTED_EDGE ( 'NONE', *, *, #3243, .F. ) ;
#1811 = AXIS2_PLACEMENT_3D ( 'NONE', #1611, #2737, #1029 ) ;
#1812 = CARTESIAN_POINT ( 'NONE',  ( 0.05042985991348281072, 0.2432982898016666784, 0.1128548108511366888 ) ) ;
#1813 = ORIENTED_EDGE ( 'NONE', *, *, #2779, .F. ) ;
#1814 = AXIS2_PLACEMENT_3D ( 'NONE', #2062, #3437, #658 ) ;
#1815 = DIRECTION ( 'NONE',  ( -0.0005060740159285463712, 0.000000000000000000, 0.9999998719445369888 ) ) ;
#1816 = CARTESIAN_POINT ( 'NONE',  ( -0.01096509270957632051, 0.2515124661932404693, 0.09885337998759159694 ) ) ;
#1817 = CYLINDRICAL_SURFACE ( 'NONE', #1475, 0.002500000000000011761 ) ;
#1818 = PRODUCT_DEFINITION_SHAPE ( 'NONE', 'NONE',  #2087 ) ;
#1819 = VERTEX_POINT ( 'NONE', #70 ) ;
#1820 = APPROVAL_ROLE ( '' ) ;
#1821 = ORIENTED_EDGE ( 'NONE', *, *, #1775, .F. ) ;
#1822 = EDGE_CURVE ( 'NONE', #153, #2557, #571, .T. ) ;
#1823 = DIRECTION ( 'NONE',  ( 0.2094058710287503566, 0.9778288040081527521, 0.0001059748836761662162 ) ) ;
#1824 = CYLINDRICAL_SURFACE ( 'NONE', #2276, 0.005000000000000001839 ) ;
#1825 = EDGE_CURVE ( 'NONE', #2676, #2623, #552, .T. ) ;
#1826 = CARTESIAN_POINT ( 'NONE',  ( 0.03900279995613035317, 0.2413216798051840140, 0.1108786689796042030 ) ) ;
#1827 = CARTESIAN_POINT ( 'NONE',  ( 0.01800519546644382268, 0.2729184067022799032, 0.1187294473130991734 ) ) ;
#1828 = CARTESIAN_POINT ( 'NONE',  ( -0.01279230409076699895, 0.2493899220275135054, 0.09457972746339810000 ) ) ;
#1829 = CARTESIAN_POINT ( 'NONE',  ( 0.05561615252424919470, 0.2473751457995320424, 0.1128853064429120590 ) ) ;
#1830 = ORIENTED_EDGE ( 'NONE', *, *, #650, .F. ) ;
#1831 = CARTESIAN_POINT ( 'NONE',  ( 0.04683462479199634182, 0.2652675775844547945, 0.1138347135242027131 ) ) ;
#1832 = ORIENTED_EDGE ( 'NONE', *, *, #308, .F. ) ;
#1833 = CARTESIAN_POINT ( 'NONE',  ( -0.04438877908431090175, 0.2816804442993519619, 0.09883646512623470159 ) ) ;
#1834 = DIRECTION ( 'NONE',  ( -0.9863287186144907848, 0.1647889853120764747, -0.0004991553995743338397 ) ) ;
#1835 = CARTESIAN_POINT ( 'NONE',  ( 0.03239461798627134292, 0.2729041335495260845, 0.1173969827089234169 ) ) ;
#1836 = CIRCLE ( 'NONE', #3518, 0.001099999999999982719 ) ;
#1837 = ORIENTED_EDGE ( 'NONE', *, *, #2663, .T. ) ;
#1838 = ORIENTED_EDGE ( 'NONE', *, *, #16, .T. ) ;
#1839 = CARTESIAN_POINT ( 'NONE',  ( 0.02307411150532163308, 0.2391074140375038515, 0.1178022600119692509 ) ) ;
#1840 = CARTESIAN_POINT ( 'NONE',  ( -0.001264785249160541849, 0.2657965887213825096, 0.1108582905984382000 ) ) ;
#1841 = VECTOR ( 'NONE', #2251, 1.000000000000000000 ) ;
#1842 = VECTOR ( 'NONE', #2198, 1.000000000000000000 ) ;
#1843 = DIRECTION ( 'NONE',  ( 0.1168812424260052135, 0.6974398147223225264, -0.7070477211681301943 ) ) ;
#1844 = AXIS2_PLACEMENT_3D ( 'NONE', #2569, #2626, #2027 ) ;
#1845 = EDGE_CURVE ( 'NONE', #961, #1373, #3481, .T. ) ;
#1846 = PLANE ( 'NONE',  #1715 ) ;
#1847 = DIRECTION ( 'NONE',  ( -0.9863287186144908958, 0.1647889853120761416, -0.0004991553995744103843 ) ) ;
#1848 = DIRECTION ( 'NONE',  ( 0.0005060740159284919442, -1.908060298302924897E-16, -0.9999998719445369888 ) ) ;
#1849 = CARTESIAN_POINT ( 'NONE',  ( 0.05374096086732003952, 0.2429165397600589194, 0.1128428264973157652 ) ) ;
#1850 = VERTEX_POINT ( 'NONE', #271 ) ;
#1851 = ORIENTED_EDGE ( 'NONE', *, *, #281, .T. ) ;
#1852 = PLANE ( 'NONE',  #3465 ) ;
#1853 = PLANE ( 'NONE',  #3005 ) ;
#1854 = EDGE_CURVE ( 'NONE', #392, #2325, #350, .T. ) ;
#1855 = CARTESIAN_POINT ( 'NONE',  ( -0.009256910210670571404, 0.2813342095742318305, 0.09885394268232819415 ) ) ;
#1856 = ORIENTED_EDGE ( 'NONE', *, *, #3176, .T. ) ;
#1857 = ORIENTED_EDGE ( 'NONE', *, *, #784, .F. ) ;
#1858 = CARTESIAN_POINT ( 'NONE',  ( 0.01960008288225475667, 0.2398513286511670395, 0.1183764793692304168 ) ) ;
#1859 = CARTESIAN_POINT ( 'NONE',  ( 0.02817748300164347672, 0.2726219874578449942, 0.1181588099191297481 ) ) ;
#1860 = DIRECTION ( 'NONE',  ( 0.2094058710287509117, 0.9778288040081526411, 0.0001059748836809999554 ) ) ;
#1861 = CARTESIAN_POINT ( 'NONE',  ( -0.04391043506204829472, 0.2839294505485710496, 0.1053367080361066049 ) ) ;
#1862 = DIRECTION ( 'NONE',  ( 0.0005060740159258310953, 0.000000000000000000, -0.9999998719445369888 ) ) ;
#1863 = CARTESIAN_POINT ( 'NONE',  ( -0.01250474489199700050, 0.2481062199646039967, 0.09566982006880260514 ) ) ;
#1864 = CARTESIAN_POINT ( 'NONE',  ( 0.04754503691004303978, 0.2364321936178571948, 0.1129346642447466575 ) ) ;
#1865 = VECTOR ( 'NONE', #2338, 1.000000000000000000 ) ;
#1866 = VERTEX_POINT ( 'NONE', #1695 ) ;
#1867 = EDGE_CURVE ( 'NONE', #2409, #3124, #702, .T. ) ;
#1868 = ADVANCED_FACE ( 'NONE', ( #292 ), #3406, .T. ) ;
#1869 = ORIENTED_EDGE ( 'NONE', *, *, #534, .T. ) ;
#1870 = LINE ( 'NONE', #2375, #599 ) ;
#1871 = DIRECTION ( 'NONE',  ( -0.0005060740159285199167, 6.032429276881100036E-17, 0.9999998719445369888 ) ) ;
#1872 = LINE ( 'NONE', #1321, #3280 ) ;
#1873 = ORIENTED_EDGE ( 'NONE', *, *, #175, .T. ) ;
#1874 = CARTESIAN_POINT ( 'NONE',  ( -0.03278420179657655364, 0.2282983373094494839, 0.1236132636351717912 ) ) ;
#1875 = CARTESIAN_POINT ( 'NONE',  ( 0.02163817242003005306, 0.2372062569777036167, 0.1179819091745774456 ) ) ;
#1876 = CARTESIAN_POINT ( 'NONE',  ( -0.007164533741234760042, 0.2809846203471815240, 0.1118553050166990054 ) ) ;
#1877 = DIRECTION ( 'NONE',  ( -0.2094058710287508562, -0.9778288040081526411, -0.0001059748836809999283 ) ) ;
#1878 = DIRECTION ( 'NONE',  ( -0.0005060740159284919442, 1.908873449932291244E-16, 0.9999998719445369888 ) ) ;
#1879 = CARTESIAN_POINT ( 'NONE',  ( -0.0009880029506798095919, 0.2670677661665931124, 0.1018584295182861782 ) ) ;
#1880 = ORIENTED_EDGE ( 'NONE', *, *, #2858, .F. ) ;
#1881 = DIRECTION ( 'NONE',  ( -0.2094058710287509117, -0.9778288040081526411, -0.0001059748836810000367 ) ) ;
#1882 = EDGE_CURVE ( 'NONE', #317, #2361, #1658, .T. ) ;
#1883 = ADVANCED_FACE ( 'NONE', ( #3704 ), #1447, .T. ) ;
#1884 = ORIENTED_EDGE ( 'NONE', *, *, #608, .T. ) ;
#1885 = DIRECTION ( 'NONE',  ( 0.0005060740159284919442, -1.908060298302924897E-16, -0.9999998719445369888 ) ) ;
#1886 = CARTESIAN_POINT ( 'NONE',  ( -0.05703432251051390039, 0.2608656289899189962, 0.1118300672091911974 ) ) ;
#1887 = CARTESIAN_POINT ( 'NONE',  ( 0.03831263869050974963, 0.2716378062747009658, 0.1159943446092881886 ) ) ;
#1888 = ORIENTED_EDGE ( 'NONE', *, *, #1035, .T. ) ;
#1889 = CARTESIAN_POINT ( 'NONE',  ( 0.02805569067393612684, 0.2380407073981903598, 0.1167128740092180789 ) ) ;
#1890 = CARTESIAN_POINT ( 'NONE',  ( -0.05573600611013564132, 0.2669281675747700033, 0.1118307242534698903 ) ) ;
#1891 = CARTESIAN_POINT ( 'NONE',  ( -0.01824170182213600763, 0.2481486994807141910, 0.1028496979965459884 ) ) ;
#1892 = DIRECTION ( 'NONE',  ( -0.1647889642099463203, -0.9863288449192877394, -8.339542357747529706E-05 ) ) ;
#1893 = VECTOR ( 'NONE', #1236, 1.000000000000000000 ) ;
#1894 = LINE ( 'NONE', #3043, #24 ) ;
#1895 = CARTESIAN_POINT ( 'NONE',  ( 0.001667357958047004964, 0.2436916396033790011, 0.1188597755045602000 ) ) ;
#1896 = CIRCLE ( 'NONE', #1651, 0.005000000000000004441 ) ;
#1897 = CARTESIAN_POINT ( 'NONE',  ( 0.03854086610922632244, 0.2334653142833044981, 0.1141116409538930065 ) ) ;
#1898 = B_SPLINE_CURVE_WITH_KNOTS ( 'NONE', 3,
 ( #2733, #437, #1060, #1576, #1591, #2506, #1080, #2171, #1290, #2434, #3307, #472, #731, #1875, #190, #174, #1324, #277, #2000, #1172, #322 ),
 .UNSPECIFIED., .F., .F.,
 ( 4, 2, 1, 1, 1, 1, 1, 1, 1, 2, 2, 2, 2, 4 ),
 ( 0.008849608844453283468, 0.009333568996384095443, 0.009817529148314905682, 0.01078544945217652790, 0.01272129005990032397, 0.01659297127535066391, 0.02433633370625360587, 0.03982305856805943428, 0.07079650829167108417, 0.1327434077388933154, 0.2566372066333371671, 0.5044248044222247040, 0.7522124022111122965, 1.000000000000000000 ),
 .UNSPECIFIED. ) ;
#1899 = EDGE_CURVE ( 'NONE', #2298, #2462, #1485, .T. ) ;
#1900 = VECTOR ( 'NONE', #381, 1.000000000000000000 ) ;
#1901 = VERTEX_POINT ( 'NONE', #2052 ) ;
#1902 = PLANE ( 'NONE',  #754 ) ;
#1903 = ORIENTED_EDGE ( 'NONE', *, *, #376, .F. ) ;
#1904 = CARTESIAN_POINT ( 'NONE',  ( -0.03254767429417144975, 0.2543602986523099685, 0.09184245670606790146 ) ) ;
#1905 = DIRECTION ( 'NONE',  ( -0.0005060740159284919442, 1.908060298302924897E-16, 0.9999998719445369888 ) ) ;
#1906 = EDGE_CURVE ( 'NONE', #2744, #3417, #888, .T. ) ;
#1907 = VERTEX_POINT ( 'NONE', #3463 ) ;
#1908 = DIRECTION ( 'NONE',  ( 0.9778286787918324396, -0.2094058978443200658, 0.0004948537497350001708 ) ) ;
#1909 = CARTESIAN_POINT ( 'NONE',  ( 0.02542969611711636338, 0.2723216095270707404, 0.1185260878680772373 ) ) ;
#1910 = CARTESIAN_POINT ( 'NONE',  ( -0.01801226093010344781, 0.2477222241994129770, 0.1028498141106344022 ) ) ;
#1911 = ADVANCED_FACE ( 'NONE', ( #3200 ), #1971, .F. ) ;
#1912 = FACE_OUTER_BOUND ( 'NONE', #2108, .T. ) ;
#1913 = CARTESIAN_POINT ( 'NONE',  ( -0.01279230409076699895, 0.2493899220275135054, 0.09457972746339810000 ) ) ;
#1914 = CARTESIAN_POINT ( 'NONE',  ( 0.04532745379802454594, 0.2351658594429207605, 0.1131015528475301929 ) ) ;
#1915 = CARTESIAN_POINT ( 'NONE',  ( -0.001532458215354562305, 0.2645254112761719067, 0.1018581539835886202 ) ) ;
#1916 = EDGE_CURVE ( 'NONE', #907, #652, #1992, .T. ) ;
#1917 = VERTEX_POINT ( 'NONE', #593 ) ;
#1918 = PLANE ( 'NONE',  #999 ) ;
#1919 = VECTOR ( 'NONE', #1363, 1.000000000000000000 ) ;
#1920 = AXIS2_PLACEMENT_3D ( 'NONE', #418, #101, #3512 ) ;
#1921 = AXIS2_PLACEMENT_3D ( 'NONE', #67, #1142, #3420 ) ;
#1922 = ORIENTED_EDGE ( 'NONE', *, *, #1608, .T. ) ;
#1923 = FACE_OUTER_BOUND ( 'NONE', #3685, .T. ) ;
#1924 = CARTESIAN_POINT ( 'NONE',  ( -0.009207638286124576049, 0.2813250001831296143, 0.09885423141522080293 ) ) ;
#1925 = VERTEX_POINT ( 'NONE', #2291 ) ;
#1926 = DIRECTION ( 'NONE',  ( -0.0005060740159284919442, 1.908060298302924897E-16, 0.9999998719445369888 ) ) ;
#1927 = CARTESIAN_POINT ( 'NONE',  ( 0.02436177786756987471, 0.2721790849781157706, 0.1186376120514394117 ) ) ;
#1928 = CARTESIAN_POINT ( 'NONE',  ( -0.01786457671306209555, 0.2475824863871052273, 0.09272967793284372928 ) ) ;
#1929 = AXIS2_PLACEMENT_3D ( 'NONE', #3604, #717, #698 ) ;
#1930 = ADVANCED_FACE ( 'NONE', ( #1466 ), #414, .F. ) ;
#1931 = CARTESIAN_POINT ( 'NONE',  ( 0.02747611978465696117, 0.2350986998455685539, 0.09921130684442572290 ) ) ;
#1932 = EDGE_CURVE ( 'NONE', #2462, #2612, #145, .T. ) ;
#1933 = CARTESIAN_POINT ( 'NONE',  ( -0.04325314420454295233, 0.2870140559575785066, 0.1118370415063337925 ) ) ;
#1934 = DIRECTION ( 'NONE',  ( 0.2094058710287503566, 0.9778288040081527521, 0.0001059748836761662162 ) ) ;
#1935 = DIRECTION ( 'NONE',  ( 0.9673114570423946290, -0.2535908228498591765, 0.0004895312564060543470 ) ) ;
#1936 = CARTESIAN_POINT ( 'NONE',  ( 0.03729024688676495225, 0.2524265058386470084, 0.1108778023008839958 ) ) ;
#1937 = ORIENTED_EDGE ( 'NONE', *, *, #1133, .F. ) ;
#1938 = CARTESIAN_POINT ( 'NONE',  ( 0.03331755379679784967, 0.2338477585624919863, 0.09898334099557509758 ) ) ;
#1939 = ORIENTED_EDGE ( 'NONE', *, *, #1916, .F. ) ;
#1940 = CARTESIAN_POINT ( 'NONE',  ( -0.007158808398435323808, 0.2809846470396029638, 0.1009077116683223807 ) ) ;
#1941 = CARTESIAN_POINT ( 'NONE',  ( -0.01690340381138395395, 0.2450927841969051668, 0.09885037285716560818 ) ) ;
#1942 = EDGE_LOOP ( 'NONE', ( #2782, #1699, #2597, #2111, #535, #89, #310, #3091, #11 ) ) ;
#1943 = CARTESIAN_POINT ( 'NONE',  ( 0.008368345830967030552, 0.2749821613316399960, 0.1188631667008379911 ) ) ;
#1944 = CARTESIAN_POINT ( 'NONE',  ( -0.002775740215350464956, 0.2751471146236920129, 0.09785752427857140334 ) ) ;
#1945 = CARTESIAN_POINT ( 'NONE',  ( 0.02866166886449368623, 0.2706363591473039398, 0.1180098179175774059 ) ) ;
#1946 = DIRECTION ( 'NONE',  ( 0.0005060740159258310953, 0.000000000000000000, -0.9999998719445369888 ) ) ;
#1947 = DIRECTION ( 'NONE',  ( 0.9673114570423946290, -0.2535908228498591765, 0.0004895312564062984009 ) ) ;
#1948 = CARTESIAN_POINT ( 'NONE',  ( -0.05173306449238299770, 0.2856046977313255186, 0.1053327492061088000 ) ) ;
#1949 = CARTESIAN_POINT ( 'NONE',  ( 0.04137539993085144474, 0.2338705522388942470, 0.1136126931918291227 ) ) ;
#1950 = EDGE_CURVE ( 'NONE', #99, #1757, #230, .T. ) ;
#1951 = CARTESIAN_POINT ( 'NONE',  ( -0.009231034470048473176, 0.2804975331071391520, 0.1076636982592037439 ) ) ;
#1952 = EDGE_LOOP ( 'NONE', ( #2092, #1555, #3549, #294 ) ) ;
#1953 = ORIENTED_EDGE ( 'NONE', *, *, #3363, .F. ) ;
#1954 = CARTESIAN_POINT ( 'NONE',  ( 0.04384966632891329485, 0.2472379950299846141, 0.1098811217249927863 ) ) ;
#1955 = AXIS2_PLACEMENT_3D ( 'NONE', #948, #2323, #1474 ) ;
#1956 = AXIS2_PLACEMENT_3D ( 'NONE', #3197, #2329, #3458 ) ;
#1957 = EDGE_LOOP ( 'NONE', ( #1801, #3110, #1185, #3353 ) ) ;
#1958 = CARTESIAN_POINT ( 'NONE',  ( -0.007158122648557606327, 0.2809844734384137066, 0.1009245257574025723 ) ) ;
#1959 = CARTESIAN_POINT ( 'NONE',  ( -0.01542762272871055045, 0.2448727507830674999, 0.09885112161681439136 ) ) ;
#1960 = ORIENTED_EDGE ( 'NONE', *, *, #1654, .F. ) ;
#1961 = DIRECTION ( 'NONE',  ( -0.2094058710287487468, -0.9778288040081531962, -0.0001059748836809705735 ) ) ;
#1962 = CARTESIAN_POINT ( 'NONE',  ( -0.004964353661488759943, 0.2754284445524519676, 0.09733081216988669071 ) ) ;
#1963 = ADVANCED_FACE ( 'NONE', ( #2146 ), #1257, .T. ) ;
#1964 = LINE ( 'NONE', #3116, #2260 ) ;
#1965 = CARTESIAN_POINT ( 'NONE',  ( 0.04330925965636597125, 0.2446956401395634084, 0.1018808472147390148 ) ) ;
#1966 = CARTESIAN_POINT ( 'NONE',  ( 0.04590184386499502472, 0.2568207173092644235, 0.1098821602788530444 ) ) ;
#1967 = CARTESIAN_POINT ( 'NONE',  ( 0.03306903729774995221, 0.2625357519362473413, 0.09987566464751143624 ) ) ;
#1968 = FACE_OUTER_BOUND ( 'NONE', #1410, .T. ) ;
#1969 = CARTESIAN_POINT ( 'NONE',  ( 0.04567503992497489590, 0.2557451056248554733, 0.1028820446028692048 ) ) ;
#1970 = ORIENTED_EDGE ( 'NONE', *, *, #3529, .T. ) ;
#1971 = PLANE ( 'NONE',  #2798 ) ;
#1972 = EDGE_CURVE ( 'NONE', #1663, #2098, #978, .T. ) ;
#1973 = ORIENTED_EDGE ( 'NONE', *, *, #2528, .T. ) ;
#1974 = EDGE_CURVE ( 'NONE', #1529, #26, #2197, .T. ) ;
#1975 = CARTESIAN_POINT ( 'NONE',  ( 0.05125459130577683653, 0.2653242137952548374, 0.1131713482981381996 ) ) ;
#1976 = FACE_OUTER_BOUND ( 'NONE', #207, .T. ) ;
#1977 =( BOUNDED_CURVE ( )  B_SPLINE_CURVE ( 3, ( #1270, #1038, #186, #2450 ),
 .UNSPECIFIED., .F., .F. ) 
 B_SPLINE_CURVE_WITH_KNOTS ( ( 4, 4 ),
 ( 4.712388980384691450, 5.497787143782124630 ),
 .UNSPECIFIED. ) 
 CURVE ( )  GEOMETRIC_REPRESENTATION_ITEM ( )  RATIONAL_B_SPLINE_CURVE ( ( 1.000000000000000000, 0.9492530216741930094, 0.9492530216741930094, 1.000000000000000000 ) ) 
 REPRESENTATION_ITEM ( '' )  );
#1978 = EDGE_LOOP ( 'NONE', ( #1766, #1471, #1605, #480, #1774, #104, #1672, #1194, #3048, #94 ) ) ;
#1979 = CARTESIAN_POINT ( 'NONE',  ( -0.01714832938425740055, 0.2503225358436005354, 0.09685025055566449936 ) ) ;
#1980 = CARTESIAN_POINT ( 'NONE',  ( -0.007219075315921691730, 0.2784883453180462820, 0.09484827226626429963 ) ) ;
#1981 = LINE ( 'NONE', #1458, #1791 ) ;
#1982 = CARTESIAN_POINT ( 'NONE',  ( -0.001256404727568343708, 0.2785135966808907071, 0.09932298667172041740 ) ) ;
#1983 = ORIENTED_EDGE ( 'NONE', *, *, #488, .F. ) ;
#1984 = CARTESIAN_POINT ( 'NONE',  ( -0.01893515676509441303, 0.2507778323375003948, 0.1064698694973595511 ) ) ;
#1985 = CARTESIAN_POINT ( 'NONE',  ( -0.05768837398661579713, 0.2673469793704584818, 0.1053297353783309992 ) ) ;
#1986 = CARTESIAN_POINT ( 'NONE',  ( -0.05751322321419401196, 0.2586166227407005191, 0.1064298241584581972 ) ) ;
#1987 = VECTOR ( 'NONE', #645, 1.000000000000000000 ) ;
#1988 = CARTESIAN_POINT ( 'NONE',  ( 0.001667497914555654938, 0.2436916396033790011, 0.1185832221026355965 ) ) ;
#1989 = VECTOR ( 'NONE', #3696, 1.000000000000000000 ) ;
#1990 = ORIENTED_EDGE ( 'NONE', *, *, #3371, .F. ) ;
#1991 = ORIENTED_EDGE ( 'NONE', *, *, #849, .F. ) ;
#1992 = LINE ( 'NONE', #905, #53 ) ;
#1993 = ORIENTED_EDGE ( 'NONE', *, *, #3684, .F. ) ;
#1994 = CARTESIAN_POINT ( 'NONE',  ( 0.05491579713163823734, 0.2595191316551093141, 0.1128253758474099255 ) ) ;
#1995 = EDGE_CURVE ( 'NONE', #1288, #1677, #525, .T. ) ;
#1996 = CARTESIAN_POINT ( 'NONE',  ( 0.02929973161923243516, 0.2449348334641006097, 0.09987375709960516490 ) ) ;
#1997 = EDGE_CURVE ( 'NONE', #2397, #3407, #1279, .T. ) ;
#1998 = ORIENTED_EDGE ( 'NONE', *, *, #1589, .F. ) ;
#1999 = DIRECTION ( 'NONE',  ( -0.9778286787918324396, 0.2094058978443201213, -0.0004948537497350001708 ) ) ;
#2000 = CARTESIAN_POINT ( 'NONE',  ( 0.01670704677179222011, 0.2401989291331990684, 0.1187233457276428567 ) ) ;
#2001 = CARTESIAN_POINT ( 'NONE',  ( 0.02816329870347947587, 0.2707430777097111219, 0.1180961913819141007 ) ) ;
#2002 = ORIENTED_EDGE ( 'NONE', *, *, #3317, .T. ) ;
#2003 = CARTESIAN_POINT ( 'NONE',  ( -0.05343640130929292603, 0.2872301715960179358, 0.1173674226386438313 ) ) ;
#2004 = DIRECTION ( 'NONE',  ( -0.9778286787918324396, 0.2094058978443200658, -0.0004948537497350001708 ) ) ;
#2005 = DIRECTION ( 'NONE',  ( -0.9778286787918324396, 0.2094058978443200658, -0.0004948537497350001708 ) ) ;
#2006 = CARTESIAN_POINT ( 'NONE',  ( -0.001960145637814179886, 0.2801158681150409668, 0.1028579376701250075 ) ) ;
#2007 = VERTEX_POINT ( 'NONE', #681 ) ;
#2008 = CARTESIAN_POINT ( 'NONE',  ( -0.06002941811300240016, 0.2563952967655669934, 0.09682854954810519998 ) ) ;
#2009 = CARTESIAN_POINT ( 'NONE',  ( -0.008931855874300649936, 0.2429987399753549826, 0.1028544094682758009 ) ) ;
#2010 = EDGE_CURVE ( 'NONE', #2030, #2744, #1002, .T. ) ;
#2011 = DIRECTION ( 'NONE',  ( 0.2094058710287503566, 0.9778288040081527521, 0.0001059748836761662162 ) ) ;
#2012 = LOCAL_TIME ( 12, 26, 45.00000000000000000, #3564 ) ;
#2013 = ORIENTED_EDGE ( 'NONE', *, *, #2446, .F. ) ;
#2014 = CIRCLE ( 'NONE', #2076, 0.008000000000000001901 ) ;
#2015 = CARTESIAN_POINT ( 'NONE',  ( 0.04699822277997686010, 0.2687609798456515597, 0.1139424699607224367 ) ) ;
#2016 = CIRCLE ( 'NONE', #1719, 0.001300000000000004494 ) ;
#2017 = CARTESIAN_POINT ( 'NONE',  ( -0.01714295368042621087, 0.2451518961946697883, 0.09884801187665685773 ) ) ;
#2018 = AXIS2_PLACEMENT_3D ( 'NONE', #1669, #179, #3099 ) ;
#2019 = ORIENTED_EDGE ( 'NONE', *, *, #60, .F. ) ;
#2020 = CARTESIAN_POINT ( 'NONE',  ( -0.01096964737571968010, 0.2515124661932404693, 0.1078533788350923978 ) ) ;
#2021 = CARTESIAN_POINT ( 'NONE',  ( -0.007159003004220549846, 0.2809846203471815240, 0.1009265947255455903 ) ) ;
#2022 = EDGE_CURVE ( 'NONE', #818, #182, #105, .T. ) ;
#2023 = CARTESIAN_POINT ( 'NONE',  ( 0.02810461333898472275, 0.2707556443311205929, 0.1181061511507076056 ) ) ;
#2024 = ORIENTED_EDGE ( 'NONE', *, *, #2617, .F. ) ;
#2025 = DIRECTION ( 'NONE',  ( -0.0005060740159284919442, 1.908060298302924897E-16, 0.9999998719445369888 ) ) ;
#2026 = CARTESIAN_POINT ( 'NONE',  ( -0.0009800399861766609898, 0.2409134248494309849, 0.1078584343164690068 ) ) ;
#2027 = DIRECTION ( 'NONE',  ( -0.2094058710287508007, -0.9778288040081526411, -0.0001059748836809703160 ) ) ;
#2028 = EDGE_CURVE ( 'NONE', #1925, #1663, #3580, .T. ) ;
#2029 = FACE_OUTER_BOUND ( 'NONE', #112, .T. ) ;
#2030 = VERTEX_POINT ( 'NONE', #921 ) ;
#2031 = CARTESIAN_POINT ( 'NONE',  ( -0.01740388362495320224, 0.2452202946579395137, 0.09890103863943880413 ) ) ;
#2032 = EDGE_CURVE ( 'NONE', #2290, #3548, #2067, .T. ) ;
#2033 = VECTOR ( 'NONE', #1724, 1.000000000000000000 ) ;
#2034 = VERTEX_POINT ( 'NONE', #3536 ) ;
#2035 = CARTESIAN_POINT ( 'NONE',  ( 0.05305486570368214000, 0.2418219568233766215, 0.1128285144654350286 ) ) ;
#2036 = CARTESIAN_POINT ( 'NONE',  ( 0.05301721277747980382, 0.2553643835881898583, 0.1128559756116412627 ) ) ;
#2037 = ORIENTED_EDGE ( 'NONE', *, *, #3117, .F. ) ;
#2038 = CARTESIAN_POINT ( 'NONE',  ( -0.003354289293304695083, 0.2560183006813009920, 0.1018572320021004091 ) ) ;
#2039 = CARTESIAN_POINT ( 'NONE',  ( -0.05703432251051390039, 0.2608656289899189962, 0.1118300672091911974 ) ) ;
#2040 = AXIS2_PLACEMENT_3D ( 'NONE', #356, #2979, #3526 ) ;
#2041 = CARTESIAN_POINT ( 'NONE',  ( 0.04567554599899090184, 0.2557451056248554733, 0.1018820447309245897 ) ) ;
#2042 = VECTOR ( 'NONE', #3338, 1.000000000000000000 ) ;
#2043 = CARTESIAN_POINT ( 'NONE',  ( -0.0009920515428072373965, 0.2670677661665931124, 0.1098584284938423916 ) ) ;
#2044 = ORIENTED_EDGE ( 'NONE', *, *, #2838, .F. ) ;
#2045 = CARTESIAN_POINT ( 'NONE',  ( 0.03307004944578181144, 0.2625357519362473413, 0.09787566490362233085 ) ) ;
#2046 = CARTESIAN_POINT ( 'NONE',  ( 0.04544115094873176636, 0.2546694939404465230, 0.1098819271341089504 ) ) ;
#2047 = LINE ( 'NONE', #901, #3369 ) ;
#2048 = EDGE_CURVE ( 'NONE', #1008, #3558, #3345, .T. ) ;
#2049 = ADVANCED_FACE ( 'NONE', ( #957 ), #2107, .F. ) ;
#2050 = CYLINDRICAL_SURFACE ( 'NONE', #3163, 0.001300000000000004277 ) ;
#2051 = DIRECTION ( 'NONE',  ( -0.9967623452551775953, -0.08040256604198865731, -0.0005044355875853067089 ) ) ;
#2052 = CARTESIAN_POINT ( 'NONE',  ( 0.001667497914555654938, 0.2436916396033790011, 0.1185832221026355965 ) ) ;
#2053 = ORIENTED_EDGE ( 'NONE', *, *, #1151, .T. ) ;
#2054 = CARTESIAN_POINT ( 'NONE',  ( 0.05293901055087286978, 0.2416521813539399266, 0.1128261747643402868 ) ) ;
#2055 = CARTESIAN_POINT ( 'NONE',  ( 0.05316950521455832135, 0.2543930252314311469, 0.1128426395006424249 ) ) ;
#2056 = ORIENTED_EDGE ( 'NONE', *, *, #989, .T. ) ;
#2057 = DIRECTION ( 'NONE',  ( 0.0005060740159258310953, 0.000000000000000000, -0.9999998719445369888 ) ) ;
#2058 = LINE ( 'NONE', #2693, #72 ) ;
#2059 = CARTESIAN_POINT ( 'NONE',  ( -0.001033932717012986955, 0.2668722004057914599, 0.1098584072988656457 ) ) ;
#2060 =( NAMED_UNIT ( * ) PLANE_ANGLE_UNIT ( ) SI_UNIT ( $, .RADIAN. ) );
#2061 = ORIENTED_EDGE ( 'NONE', *, *, #2662, .T. ) ;
#2062 = CARTESIAN_POINT ( 'NONE',  ( -0.01097167167178340029, 0.2515124661932404693, 0.1118533783228704004 ) ) ;
#2063 = FACE_OUTER_BOUND ( 'NONE', #3189, .T. ) ;
#2064 = PLANE ( 'NONE',  #3632 ) ;
#2065 = CARTESIAN_POINT ( 'NONE',  ( -0.006774711836067795825, 0.2424334003741092924, 0.1015116954605569249 ) ) ;
#2066 = DIRECTION ( 'NONE',  ( 0.2094058710287543257, 0.9778288040081519750, 0.0001059748836790796436 ) ) ;
#2067 = LINE ( 'NONE', #3219, #1721 ) ;
#2068 = ADVANCED_FACE ( 'NONE', ( #1328 ), #805, .F. ) ;
#2069 = ORIENTED_EDGE ( 'NONE', *, *, #1507, .T. ) ;
#2070 = CARTESIAN_POINT ( 'NONE',  ( 0.05131453521096867448, 0.2446543318153588109, 0.1128342337579066462 ) ) ;
#2071 = EDGE_LOOP ( 'NONE', ( #3167, #573 ) ) ;
#2072 = CC_DESIGN_APPROVAL ( #2865, ( #2973 ) ) ;
#2073 = DIRECTION ( 'NONE',  ( -0.9778286787918324396, 0.2094058978443200658, -0.0004948537497350001708 ) ) ;
#2074 = DIRECTION ( 'NONE',  ( -0.0005060740159284919442, 1.908060298302924897E-16, 0.9999998719445369888 ) ) ;
#2075 = DIRECTION ( 'NONE',  ( -0.0005060740159284919442, 1.908060298302924897E-16, 0.9999998719445369888 ) ) ;
#2076 = AXIS2_PLACEMENT_3D ( 'NONE', #1285, #3285, #2152 ) ;
#2077 = ADVANCED_FACE ( 'NONE', ( #2476 ), #1628, .T. ) ;
#2078 = ORIENTED_EDGE ( 'NONE', *, *, #1122, .T. ) ;
#2079 = APPROVAL_ROLE ( '' ) ;
#2080 = ORIENTED_EDGE ( 'NONE', *, *, #1218, .F. ) ;
#2081 = CYLINDRICAL_SURFACE ( 'NONE', #2288, 0.001099999999999982719 ) ;
#2082 = CARTESIAN_POINT ( 'NONE',  ( -0.001030390198901487680, 0.2668722004057914599, 0.1028584081952540474 ) ) ;
#2083 = PLANE ( 'NONE',  #816 ) ;
#2084 = CARTESIAN_POINT ( 'NONE',  ( -0.01242079562356378231, 0.2782556786569029272, 0.1030568003205886707 ) ) ;
#2085 = CARTESIAN_POINT ( 'NONE',  ( 0.04567149740686349962, 0.2557451056248554733, 0.1098820437064809974 ) ) ;
#2086 = DIRECTION ( 'NONE',  ( -0.0005060740159284919442, 1.908060298302924897E-16, 0.9999998719445369888 ) ) ;
#2087 = PRODUCT_DEFINITION ( 'UNKNOWN', '', #2973, #3096 ) ;
#2088 = ORIENTED_EDGE ( 'NONE', *, *, #1787, .F. ) ;
#2089 = CARTESIAN_POINT ( 'NONE',  ( 0.04589316431070680075, 0.2389368712092385660, 0.1131350739526479493 ) ) ;
#2090 = ADVANCED_FACE ( 'NONE', ( #2794 ), #788, .F. ) ;
#2091 = ADVANCED_FACE ( 'NONE', ( #2442, #735 ), #3642, .F. ) ;
#2092 = ORIENTED_EDGE ( 'NONE', *, *, #1656, .F. ) ;
#2093 = CARTESIAN_POINT ( 'NONE',  ( -0.01495655391253132224, 0.2445787346378042459, 0.1008529356234836721 ) ) ;
#2094 = CARTESIAN_POINT ( 'NONE',  ( -0.005477208066901579665, 0.2472599104370110101, 0.1188561598248770029 ) ) ;
#2095 = DIRECTION ( 'NONE',  ( 0.2094058710287569625, 0.9778288040081514199, 0.0001059748836790795894 ) ) ;
#2096 = ORIENTED_EDGE ( 'NONE', *, *, #1589, .T. ) ;
#2097 = DATE_TIME_ROLE ( 'classification_date' ) ;
#2098 = VERTEX_POINT ( 'NONE', #1085 ) ;
#2099 = CIRCLE ( 'NONE', #1017, 0.004999999999999990563 ) ;
#2100 = CARTESIAN_POINT ( 'NONE',  ( 0.05046600562030049975, 0.2813561217877000309, 0.1121535188443689990 ) ) ;
#2101 = CARTESIAN_POINT ( 'NONE',  ( -0.05078223711289490266, 0.2518566657771034722, 0.1118332312275613916 ) ) ;
#2102 = CARTESIAN_POINT ( 'NONE',  ( 0.04667811461438802628, 0.2653829291225390241, 0.1138675332301668924 ) ) ;
#2103 = CIRCLE ( 'NONE', #1921, 0.001300000000000004494 ) ;
#2104 = CARTESIAN_POINT ( 'NONE',  ( -0.05703432251051390039, 0.2608656289899189962, 0.1118300672091911974 ) ) ;
#2105 =( BOUNDED_CURVE ( )  B_SPLINE_CURVE ( 3, ( #1342, #2487, #3003, #2155 ),
 .UNSPECIFIED., .F., .F. ) 
 B_SPLINE_CURVE_WITH_KNOTS ( ( 4, 4 ),
 ( 5.593410306394090092, 5.811323469899949856 ),
 .UNSPECIFIED. ) 
 CURVE ( )  GEOMETRIC_REPRESENTATION_ITEM ( )  RATIONAL_B_SPLINE_CURVE ( ( 1.000000000000000000, 0.9960467343649543892, 0.9960467343649543892, 1.000000000000000000 ) ) 
 REPRESENTATION_ITEM ( '' )  );
#2106 = CARTESIAN_POINT ( 'NONE',  ( -0.008810710334460509011, 0.2429663170411132667, 0.1078544714171709856 ) ) ;
#2107 = CYLINDRICAL_SURFACE ( 'NONE', #1054, 0.008999999999999992381 ) ;
#2108 = EDGE_LOOP ( 'NONE', ( #2470, #2573 ) ) ;
#2109 = AXIS2_PLACEMENT_3D ( 'NONE', #2951, #3199, #627 ) ;
#2110 = CARTESIAN_POINT ( 'NONE',  ( 0.05115873227909521065, 0.2604070919569828058, 0.1130667829629029980 ) ) ;
#2111 = ORIENTED_EDGE ( 'NONE', *, *, #3052, .F. ) ;
#2112 = AXIS2_PLACEMENT_3D ( 'NONE', #2910, #1160, #3158 ) ;
#2113 = CARTESIAN_POINT ( 'NONE',  ( 0.01625510481446620220, 0.2405676257698295128, 0.1187736584057165895 ) ) ;
#2114 = LINE ( 'NONE', #894, #2518 ) ;
#2115 = ADVANCED_FACE ( 'NONE', ( #509 ), #234, .F. ) ;
#2116 = B_SPLINE_CURVE_WITH_KNOTS ( 'NONE', 3,
 ( #1741, #1154, #518, #538, #873, #2559, #223, #2275, #258, #3169, #1679, #3430, #2296, #2824, #3376, #3650, #575, #274, #1110, #1073, #2222, #2255, #834, #557, #353, #1453, #3523, #962, #2615, #75, #1205, #2631, #2935, #649, #3206, #2089, #3225, #56, #1469, #944, #2884, #2353, #3539, #925, #1793, #368, #1488, #1187, #665, #1510, #111, #1812, #2652, #2070, #2335, #1527, #3502, #3485, #616, #1760, #3241, #1168, #2055, #2957, #92, #1245, #632, #36, #684, #386, #1776, #2036, #2317, #1224, #2371, #2669, #891, #2390, #2110, #3263, #909, #319, #2600, #3468, #2903, #3186, #336, #2919, #408, #1550, #2974, #2690, #128, #1831, #2102, #1254, #953, #1429, #3256, #935, #2141, #1501, #1522, #975, #2292, #3292, #419, #102, #3513, #2645, #3552, #121, #1559, #2401 ),
 .UNSPECIFIED., .F., .F.,
 ( 4, 2, 2, 1, 1, 1, 1, 2, 2, 2, 2, 1, 1, 2, 2, 2, 2, 2, 1, 1, 1, 1, 2, 2, 2, 2, 2, 1, 1, 1, 1, 1, 2, 2, 2, 2, 2, 2, 2, 2, 1, 1, 1, 1, 1, 2, 2, 2, 2, 2, 1, 1, 1, 1, 2, 2, 2, 2, 2, 1, 1, 2, 2, 2, 2, 1, 1, 1, 1, 2, 2, 4 ),
 ( 0.000000000000000000, 0.03124999999977494392, 0.04687499999966250608, 0.05468749999960638430, 0.05859374999957810137, 0.06054687499956385582, 0.06152343749955673652, 0.06201171874955327401, 0.06249999999954981150, 0.09374999999932627504, 0.1093749999992144895, 0.1171874999991585758, 0.1210937499991306121, 0.1230468749991168453, 0.1249999999991030786, 0.1874999999986488308, 0.2187499999984213739, 0.2343749999983077981, 0.2421874999982507604, 0.2460937499982220888, 0.2480468749982074894, 0.2490234374981997456, 0.2495117187481959153, 0.2499999999981920573, 0.3124999999976574294, 0.3437499999973908094, 0.3593749999972582487, 0.3671874999971919684, 0.3710937499971588283, 0.3730468749971427855, 0.3740234374971348474, 0.3745117187471307951, 0.3747558593721287412, 0.3749999999971266318, 0.4374999999968577358, 0.4687499999967239539, 0.4999999999965901720, 0.5624999999963239405, 0.5937499999961908248, 0.6093749999961222130, 0.6171874999960879071, 0.6210937499960730301, 0.6230468749960632602, 0.6240234374960607067, 0.6245117187460617059, 0.6247558593710622610, 0.6249999999960628161, 0.6874999999967308373, 0.7187499999970647924, 0.7343749999972319920, 0.7421874999973170350, 0.7460937499973611109, 0.7480468749973848697, 0.7490234374973966380, 0.7495117187474010789, 0.7499999999974054088, 0.8124999999980595522, 0.8437499999983877341, 0.8593749999985529353, 0.8671874999986366461, 0.8710937499986796118, 0.8730468749987001509, 0.8749999999987206900, 0.9062499999990283328, 0.9218749999991824318, 0.9296874999992585931, 0.9335937499992968958, 0.9355468749993158806, 0.9365234374993253175, 0.9370117187493298694, 0.9374999999993344213, 1.000000000000000000 ),
 .UNSPECIFIED. ) ;
#2117 = CARTESIAN_POINT ( 'NONE',  ( 0.03233651231606425591, 0.2729018666991483433, 0.1174088165571727099 ) ) ;
#2118 = EDGE_CURVE ( 'NONE', #2922, #3337, #2493, .T. ) ;
#2119 = ORIENTED_EDGE ( 'NONE', *, *, #281, .F. ) ;
#2120 = EDGE_LOOP ( 'NONE', ( #1182, #3436, #2331, #2465 ) ) ;
#2121 = CARTESIAN_POINT ( 'NONE',  ( 0.02267224012005690167, 0.2391934680915243916, 0.1178786436764175799 ) ) ;
#2122 = DIRECTION ( 'NONE',  ( 0.1168812424260057131, 0.6974398147223224154, -0.7070477211681300833 ) ) ;
#2123 = DIRECTION ( 'NONE',  ( 0.2094058710287509117, 0.9778288040081526411, 0.0001059748836809999554 ) ) ;
#2124 = CARTESIAN_POINT ( 'NONE',  ( 0.04685147832136220269, 0.2688548749773560509, 0.09826956640862116732 ) ) ;
#2125 = CARTESIAN_POINT ( 'NONE',  ( -0.009859515249227630840, 0.2432412722268585126, 0.1078539406441878096 ) ) ;
#2126 = CARTESIAN_POINT ( 'NONE',  ( -0.01432749617058049971, 0.2634827098413444757, 0.09185167746596259453 ) ) ;
#2127 = CARTESIAN_POINT ( 'NONE',  ( 0.04931487849627003844, 0.2377054601431098368, 0.1128503655632709796 ) ) ;
#2128 = ADVANCED_FACE ( 'NONE', ( #3061 ), #2214, .F. ) ;
#2129 = ORIENTED_EDGE ( 'NONE', *, *, #2247, .T. ) ;
#2130 = VERTEX_POINT ( 'NONE', #3081 ) ;
#2131 = CARTESIAN_POINT ( 'NONE',  ( -0.01495597798563719910, 0.2445784082449425634, 0.1008784914575343722 ) ) ;
#2132 = LINE ( 'NONE', #1904, #1262 ) ;
#2133 = CARTESIAN_POINT ( 'NONE',  ( -0.02721639854462915009, 0.2792667123700289800, 0.09684515536681939651 ) ) ;
#2134 = VECTOR ( 'NONE', #3059, 1.000000000000000000 ) ;
#2135 = EDGE_LOOP ( 'NONE', ( #2551, #2283, #131, #2351, #2447, #3359 ) ) ;
#2136 = VERTEX_POINT ( 'NONE', #458 ) ;
#2137 = CARTESIAN_POINT ( 'NONE',  ( 0.04590133779097909511, 0.2568207173092644235, 0.1108821601507974514 ) ) ;
#2138 = CARTESIAN_POINT ( 'NONE',  ( -0.06002941811300240016, 0.2563952967655669934, 0.09682854954810519998 ) ) ;
#2139 = VECTOR ( 'NONE', #2123, 1.000000000000000000 ) ;
#2140 = AXIS2_PLACEMENT_3D ( 'NONE', #1969, #236, #1087 ) ;
#2141 = CARTESIAN_POINT ( 'NONE',  ( 0.04547323536006554062, 0.2661844411969250812, 0.1141291095545783341 ) ) ;
#2142 = AXIS2_PLACEMENT_3D ( 'NONE', #2666, #1506, #2723 ) ;
#2143 = CARTESIAN_POINT ( 'NONE',  ( -0.05311649399897400148, 0.2886636472978360013, 0.09183204735954399178 ) ) ;
#2144 = EDGE_CURVE ( 'NONE', #3530, #3131, #2435, .T. ) ;
#2145 = CARTESIAN_POINT ( 'NONE',  ( -0.05751266653277649354, 0.2586166227407005191, 0.1053298242993192108 ) ) ;
#2146 = FACE_OUTER_BOUND ( 'NONE', #1957, .T. ) ;
#2147 = CARTESIAN_POINT ( 'NONE',  ( 0.05608137974838742212, 0.2552985461526712796, 0.1128324710749026710 ) ) ;
#2148 = ORIENTED_EDGE ( 'NONE', *, *, #2235, .T. ) ;
#2149 = CIRCLE ( 'NONE', #3327, 0.001300000000000004277 ) ;
#2150 = ORIENTED_EDGE ( 'NONE', *, *, #760, .T. ) ;
#2151 = CARTESIAN_POINT ( 'NONE',  ( -0.007461572203374026470, 0.2809470854823662433, 0.09954458796215104321 ) ) ;
#2152 = DIRECTION ( 'NONE',  ( -0.9778286787918317735, 0.2094058978443224528, -0.0004948537497342918616 ) ) ;
#2153 = EDGE_LOOP ( 'NONE', ( #1623, #3543 ) ) ;
#2154 = CARTESIAN_POINT ( 'NONE',  ( -0.07883592858845320239, 0.2381599505353875212, 0.1286379912146743965 ) ) ;
#2155 = CARTESIAN_POINT ( 'NONE',  ( -0.01841628333613830326, 0.2454859779390410057, 0.09684960887703389365 ) ) ;
#2156 = CARTESIAN_POINT ( 'NONE',  ( -0.01871768974830890012, 0.2495279039555067246, 0.1031801026767626556 ) ) ;
#2157 = CARTESIAN_POINT ( 'NONE',  ( -0.001838243125813444987, 0.2750266210119905463, 0.09785799872154921086 ) ) ;
#2158 = CARTESIAN_POINT ( 'NONE',  ( -0.007661371552340169415, 0.2478352978799150119, 0.09785505178718370556 ) ) ;
#2159 = CARTESIAN_POINT ( 'NONE',  ( 0.05626540988285110012, 0.2534282362792460996, 0.1128517428595594702 ) ) ;
#2160 = EDGE_CURVE ( 'NONE', #2361, #1901, #2194, .T. ) ;
#2161 = AXIS2_PLACEMENT_3D ( 'NONE', #3306, #3532, #712 ) ;
#2162 = AXIS2_PLACEMENT_3D ( 'NONE', #1045, #3367, #1934 ) ;
#2163 = EDGE_CURVE ( 'NONE', #435, #393, #3064, .T. ) ;
#2164 = EDGE_LOOP ( 'NONE', ( #2013, #690 ) ) ;
#2165 = EDGE_LOOP ( 'NONE', ( #3323, #3405, #1973, #2388, #416, #3226 ) ) ;
#2166 = DIRECTION ( 'NONE',  ( 0.0005060740159258310953, 0.000000000000000000, -0.9999998719445369888 ) ) ;
#2167 = CARTESIAN_POINT ( 'NONE',  ( -0.02639245372357939753, 0.2841983565946250012, 0.09684557234393730007 ) ) ;
#2168 = CARTESIAN_POINT ( 'NONE',  ( 0.03900279995613035317, 0.2413216798051840140, 0.1108786689796042030 ) ) ;
#2169 = ORIENTED_EDGE ( 'NONE', *, *, #3078, .F. ) ;
#2170 = LINE ( 'NONE', #2701, #677 ) ;
#2171 = CARTESIAN_POINT ( 'NONE',  ( 0.02424537848554413760, 0.2358439750243817301, 0.1174364785627250024 ) ) ;
#2172 = EDGE_CURVE ( 'NONE', #915, #1712, #2459, .T. ) ;
#2173 = CARTESIAN_POINT ( 'NONE',  ( 0.03729581370094015025, 0.2524265058386470084, 0.09987780370949410347 ) ) ;
#2174 = PLANE ( 'NONE',  #1412 ) ;
#2175 = CARTESIAN_POINT ( 'NONE',  ( -0.05035390692215430120, 0.2538567701489384820, 0.1118334479943689924 ) ) ;
#2176 = DIRECTION ( 'NONE',  ( 0.2094058710287503566, 0.9778288040081527521, 0.0001059748836761662162 ) ) ;
#2177 = CARTESIAN_POINT ( 'NONE',  ( -0.01274127959777507889, 0.2491670489429924917, 0.09785248097738939721 ) ) ;
#2178 = ORIENTED_EDGE ( 'NONE', *, *, #1567, .T. ) ;
#2179 = ORIENTED_EDGE ( 'NONE', *, *, #1899, .T. ) ;
#2180 = CARTESIAN_POINT ( 'NONE',  ( -0.001082609060159553990, 0.2499073216168009870, 0.09985838138447529488 ) ) ;
#2181 = EDGE_CURVE ( 'NONE', #2034, #2535, #609, .T. ) ;
#2182 = ORIENTED_EDGE ( 'NONE', *, *, #1242, .F. ) ;
#2183 = DIRECTION ( 'NONE',  ( 0.0005060740159284919442, -1.908060298302924897E-16, -0.9999998719445369888 ) ) ;
#2184 = CARTESIAN_POINT ( 'NONE',  ( -0.009180161785056985616, 0.2813197251326569059, 0.09885428289746540920 ) ) ;
#2185 = ORIENTED_EDGE ( 'NONE', *, *, #3608, .T. ) ;
#2186 = FACE_OUTER_BOUND ( 'NONE', #1023, .T. ) ;
#2187 = CARTESIAN_POINT ( 'NONE',  ( 0.02856095319669041746, 0.2726570729005246552, 0.1180986781334149860 ) ) ;
#2188 = DIRECTION ( 'NONE',  ( 0.0005060740159284919442, -1.908060298302924897E-16, -0.9999998719445369888 ) ) ;
#2189 = ORGANIZATION ( 'UNSPECIFIED', 'UNSPECIFIED', '' ) ;
#2190 = ADVANCED_FACE ( 'NONE', ( #197 ), #3330, .F. ) ;
#2191 = DIRECTION ( 'NONE',  ( 0.2094058710287509117, 0.9778288040081526411, 0.0001059748836809999554 ) ) ;
#2192 = CIRCLE ( 'NONE', #346, 0.005000000000000000971 ) ;
#2193 = CARTESIAN_POINT ( 'NONE',  ( -0.01880937517221353134, 0.2499204761734591385, 0.1073133953686607883 ) ) ;
#2194 = LINE ( 'NONE', #1895, #366 ) ;
#2195 = AXIS2_PLACEMENT_3D ( 'NONE', #2330, #2308, #1503 ) ;
#2196 = CARTESIAN_POINT ( 'NONE',  ( -0.05221798747685259950, 0.2833556914821065420, 0.1118325046315157972 ) ) ;
#2197 = CIRCLE ( 'NONE', #2142, 0.001300000000000004277 ) ;
#2198 = DIRECTION ( 'NONE',  ( 0.2094058710287509117, 0.9778288040081526411, 0.0001059748836809715629 ) ) ;
#2199 = VERTEX_POINT ( 'NONE', #2548 ) ;
#2200 = CC_DESIGN_PERSON_AND_ORGANIZATION_ASSIGNMENT ( #2396, #3599, ( #2973 ) ) ;
#2201 = CARTESIAN_POINT ( 'NONE',  ( 0.04303775775307965012, 0.2343099426301234467, 0.09788070930244083256 ) ) ;
#2202 = ORIENTED_EDGE ( 'NONE', *, *, #2446, .T. ) ;
#2203 = CARTESIAN_POINT ( 'NONE',  ( -0.05703432251051390039, 0.2608656289899189962, 0.1118300672091911974 ) ) ;
#2204 = EDGE_CURVE ( 'NONE', #1091, #2653, #1502, .T. ) ;
#2205 = CARTESIAN_POINT ( 'NONE',  ( 0.04590538638310652508, 0.2568207173092644235, 0.1028821611752412518 ) ) ;
#2206 = EDGE_CURVE ( 'NONE', #2298, #2927, #2099, .T. ) ;
#2207 = EDGE_LOOP ( 'NONE', ( #2698, #220, #630, #181 ) ) ;
#2208 = CARTESIAN_POINT ( 'NONE',  ( -0.008931477361585485678, 0.2429987399831575745, 0.1021064113131263801 ) ) ;
#2209 = CARTESIAN_POINT ( 'NONE',  ( 0.02684337253843385035, 0.2724877282558409997, 0.1183532879190006687 ) ) ;
#2210 = DIRECTION ( 'NONE',  ( 0.1161655456891151489, 0.6974398147223229705, 0.7071656601071927284 ) ) ;
#2211 = AXIS2_PLACEMENT_3D ( 'NONE', #21, #2619, #2320 ) ;
#2212 = CARTESIAN_POINT ( 'NONE',  ( 0.03033040015784358584, 0.2344874572657777989, 0.09909366621776224959 ) ) ;
#2213 = CARTESIAN_POINT ( 'NONE',  ( -0.01880798055990903425, 0.2499136168634287780, 0.1073176237735239819 ) ) ;
#2214 = CYLINDRICAL_SURFACE ( 'NONE', #2162, 0.001300000000000004277 ) ;
#2215 = DIRECTION ( 'NONE',  ( -0.1789579191529996338, -0.6839925783831066752, -0.7071974376998677592 ) ) ;
#2216 = CARTESIAN_POINT ( 'NONE',  ( -0.009656911543168384196, 0.2803223947755874579, 0.1077168618232938052 ) ) ;
#2217 = ORIENTED_EDGE ( 'NONE', *, *, #2788, .F. ) ;
#2218 = ORIENTED_EDGE ( 'NONE', *, *, #980, .F. ) ;
#2219 = CARTESIAN_POINT ( 'NONE',  ( 0.03752008200598783844, 0.2334058291900892590, 0.09853610942209972690 ) ) ;
#2220 = ORIENTED_EDGE ( 'NONE', *, *, #864, .F. ) ;
#2221 = CARTESIAN_POINT ( 'NONE',  ( 0.05578382055280921292, 0.2567831347661221342, 0.1128204275067926365 ) ) ;
#2222 = CARTESIAN_POINT ( 'NONE',  ( 0.03998280951092152841, 0.2366549290365948799, 0.1139655947660817570 ) ) ;
#2223 = ORIENTED_EDGE ( 'NONE', *, *, #2992, .T. ) ;
#2224 = DIRECTION ( 'NONE',  ( 0.9778286787918324396, -0.2094058978443200658, 0.0004948537497350001708 ) ) ;
#2225 = CARTESIAN_POINT ( 'NONE',  ( 0.02477419600437677505, 0.2722381760536133899, 0.1185959920614012286 ) ) ;
#2226 = PLANE ( 'NONE',  #2980 ) ;
#2227 = DIRECTION ( 'NONE',  ( 0.0005060740159258310953, 0.000000000000000000, -0.9999998719445369888 ) ) ;
#2228 = CARTESIAN_POINT ( 'NONE',  ( -0.05702774354830680154, 0.2608656289899189962, 0.09883006887391219963 ) ) ;
#2229 = CARTESIAN_POINT ( 'NONE',  ( -0.01224461427061609986, 0.2492238592500694849, 0.09569868686037590055 ) ) ;
#2230 = CARTESIAN_POINT ( 'NONE',  ( 0.04300305743051352492, 0.2342957180871259315, 0.1133757814928083307 ) ) ;
#2231 = CARTESIAN_POINT ( 'NONE',  ( -0.05952097771222078504, 0.2587588784426612110, 0.09234305838731077243 ) ) ;
#2232 = ORIENTED_EDGE ( 'NONE', *, *, #1507, .F. ) ;
#2233 = EDGE_LOOP ( 'NONE', ( #2504, #3264, #1430, #136 ) ) ;
#2234 = CARTESIAN_POINT ( 'NONE',  ( 0.03849096025786229863, 0.2334642177974416699, 0.09838715523809460350 ) ) ;
#2235 = EDGE_CURVE ( 'NONE', #3558, #1008, #2577, .T. ) ;
#2236 = VERTEX_POINT ( 'NONE', #1967 ) ;
#2237 = CARTESIAN_POINT ( 'NONE',  ( 0.05459318609326856142, 0.2602751058410538998, 0.1128376537299583399 ) ) ;
#2238 = PLANE ( 'NONE',  #2734 ) ;
#2239 = ORIENTED_EDGE ( 'NONE', *, *, #1882, .T. ) ;
#2240 = DIRECTION ( 'NONE',  ( -0.0005060740159284609361, 3.321612449802315207E-16, 0.9999998719445369888 ) ) ;
#2241 = CARTESIAN_POINT ( 'NONE',  ( -0.002721875521495715003, 0.2802431326793234923, 0.1028575521783741953 ) ) ;
#2242 = CARTESIAN_POINT ( 'NONE',  ( -0.01892764638392006871, 0.2507121978143491137, 0.1041266487291485215 ) ) ;
#2243 = DIRECTION ( 'NONE',  ( 0.2094058710287543257, 0.9778288040081519750, 0.0001059748836790796436 ) ) ;
#2244 = CARTESIAN_POINT ( 'NONE',  ( -0.01893643361145842113, 0.2507919438103234921, 0.1064463214749803571 ) ) ;
#2245 = FACE_OUTER_BOUND ( 'NONE', #1602, .T. ) ;
#2246 = EDGE_CURVE ( 'NONE', #2199, #2380, #959, .T. ) ;
#2247 = EDGE_CURVE ( 'NONE', #3672, #1799, #1261, .T. ) ;
#2248 = DIRECTION ( 'NONE',  ( 0.0005060740159284919442, -1.908060298302924897E-16, -0.9999998719445369888 ) ) ;
#2249 = VERTEX_POINT ( 'NONE', #2046 ) ;
#2250 = VERTEX_POINT ( 'NONE', #3697 ) ;
#2251 = DIRECTION ( 'NONE',  ( -0.9967623452551775953, -0.08040256604198865731, -0.0005044355875853067089 ) ) ;
#2252 = CIRCLE ( 'NONE', #1051, 0.001099999999999995729 ) ;
#2253 = VERTEX_POINT ( 'NONE', #624 ) ;
#2254 = CARTESIAN_POINT ( 'NONE',  ( 0.05596459877248737003, 0.2559239229117729608, 0.1128268631602571542 ) ) ;
#2255 = CARTESIAN_POINT ( 'NONE',  ( 0.04004336581232857684, 0.2366653921076071199, 0.1139545747592385916 ) ) ;
#2256 = VERTEX_POINT ( 'NONE', #267 ) ;
#2257 = CARTESIAN_POINT ( 'NONE',  ( -0.05078223711289490266, 0.2518566657771034722, 0.1118332312275613916 ) ) ;
#2258 = CARTESIAN_POINT ( 'NONE',  ( -0.006116890337833650639, 0.2808105908779550131, 0.1008511913469106042 ) ) ;
#2259 = CARTESIAN_POINT ( 'NONE',  ( 0.02837571476214023614, 0.2706975919257700314, 0.1180597669604817740 ) ) ;
#2260 = VECTOR ( 'NONE', #2543, 1.000000000000000000 ) ;
#2261 = CARTESIAN_POINT ( 'NONE',  ( -0.05343640130929292603, 0.2872301715960179358, 0.1173674226386438313 ) ) ;
#2262 = ORIENTED_EDGE ( 'NONE', *, *, #1619, .T. ) ;
#2263 = CARTESIAN_POINT ( 'NONE',  ( -0.009895436422715243527, 0.2814420320768793449, 0.09823634707956438450 ) ) ;
#2264 = FACE_OUTER_BOUND ( 'NONE', #614, .T. ) ;
#2265 = CARTESIAN_POINT ( 'NONE',  ( -0.05703004521233949464, 0.2608656289899189962, 0.1033781461619115993 ) ) ;
#2266 = DIRECTION ( 'NONE',  ( -0.9778286787918324396, 0.2094058978443200658, -0.0004948537497350001708 ) ) ;
#2267 = EDGE_LOOP ( 'NONE', ( #515, #898, #1960, #1851, #1873 ) ) ;
#2268 = ORIENTED_EDGE ( 'NONE', *, *, #3270, .T. ) ;
#2269 = CARTESIAN_POINT ( 'NONE',  ( -0.05221798747685259950, 0.2833556914821065420, 0.1118325046315157972 ) ) ;
#2270 = ADVANCED_FACE ( 'NONE', ( #3679 ), #327, .F. ) ;
#2271 = EDGE_CURVE ( 'NONE', #1712, #1373, #1751, .T. ) ;
#2272 = CIRCLE ( 'NONE', #958, 0.007999999999999988023 ) ;
#2273 = ORIENTED_EDGE ( 'NONE', *, *, #2481, .F. ) ;
#2274 = CARTESIAN_POINT ( 'NONE',  ( 0.04899758036445707454, 0.2674388664979751584, 0.1135373424842211904 ) ) ;
#2275 = CARTESIAN_POINT ( 'NONE',  ( 0.03681454383515263967, 0.2364333556604409359, 0.1146035626907140614 ) ) ;
#2276 = AXIS2_PLACEMENT_3D ( 'NONE', #2680, #3551, #2122 ) ;
#2277 = ORIENTED_EDGE ( 'NONE', *, *, #1053, .T. ) ;
#2278 = CARTESIAN_POINT ( 'NONE',  ( 0.03118539660652305118, 0.2537352927001739755, 0.09787471112966919518 ) ) ;
#2279 = CARTESIAN_POINT ( 'NONE',  ( -0.008111892089020199953, 0.2804437528075625075, 0.09546211971133020113 ) ) ;
#2280 = CARTESIAN_POINT ( 'NONE',  ( 0.03244556063452824768, 0.2698261063966863604, 0.1172485629943427060 ) ) ;
#2281 = EDGE_CURVE ( 'NONE', #791, #499, #3036, .T. ) ;
#2282 = LINE ( 'NONE', #3454, #1533 ) ;
#2283 = ORIENTED_EDGE ( 'NONE', *, *, #323, .T. ) ;
#2284 = CARTESIAN_POINT ( 'NONE',  ( 0.001039454798897762166, 0.2748492822794214030, 0.1188594577390461593 ) ) ;
#2285 = DIRECTION ( 'NONE',  ( 0.2094058710287509117, 0.9778288040081526411, 0.0001059748836809999554 ) ) ;
#2286 = CARTESIAN_POINT ( 'NONE',  ( 0.006846731696319659916, 0.2808263657215930298, 0.1053623949226146078 ) ) ;
#2287 = CARTESIAN_POINT ( 'NONE',  ( -0.001260230583017185949, 0.2657965887213825096, 0.1018582917509373992 ) ) ;
#2288 = AXIS2_PLACEMENT_3D ( 'NONE', #605, #3233, #2891 ) ;
#2289 = ORIENTED_EDGE ( 'NONE', *, *, #2968, .T. ) ;
#2290 = VERTEX_POINT ( 'NONE', #2870 ) ;
#2291 = CARTESIAN_POINT ( 'NONE',  ( -0.01459289961244781934, 0.2497757425259999609, 0.09258752891929454554 ) ) ;
#2292 = CARTESIAN_POINT ( 'NONE',  ( 0.04401756669570170560, 0.2669437633843794178, 0.1144627943399073866 ) ) ;
#2293 = EDGE_CURVE ( 'NONE', #3417, #2030, #900, .T. ) ;
#2294 = ORIENTED_EDGE ( 'NONE', *, *, #2354, .F. ) ;
#2295 = CARTESIAN_POINT ( 'NONE',  ( 0.05303264775699374767, 0.2630639348857261584, 0.1129533743098607435 ) ) ;
#2296 = CARTESIAN_POINT ( 'NONE',  ( 0.03699765583731764312, 0.2364291450640763070, 0.1145636291193728729 ) ) ;
#2297 = EDGE_CURVE ( 'NONE', #451, #1568, #3522, .T. ) ;
#2298 = VERTEX_POINT ( 'NONE', #1421 ) ;
#2299 = DIRECTION ( 'NONE',  ( -0.0005060740159284919442, 1.908873449932291244E-16, 0.9999998719445369888 ) ) ;
#2300 = CARTESIAN_POINT ( 'NONE',  ( -0.009676615192569262142, 0.2814056340920114141, 0.09633046922473223472 ) ) ;
#2301 = CARTESIAN_POINT ( 'NONE',  ( -0.01879181463807343827, 0.2498455550112973766, 0.1033404799266506718 ) ) ;
#2302 = CARTESIAN_POINT ( 'NONE',  ( 0.03272028184139537388, 0.2728372363787986421, 0.09933995417690358321 ) ) ;
#2303 = ORIENTED_EDGE ( 'NONE', *, *, #332, .T. ) ;
#2304 = DIRECTION ( 'NONE',  ( -0.0005060740159284919442, 1.908060298302924897E-16, 0.9999998719445369888 ) ) ;
#2305 = CARTESIAN_POINT ( 'NONE',  ( 0.001671406550174429949, 0.2436916396033790011, 0.1108597765290040005 ) ) ;
#2306 = PLANE ( 'NONE',  #1956 ) ;
#2307 = EDGE_CURVE ( 'NONE', #2806, #291, #2871, .T. ) ;
#2308 = DIRECTION ( 'NONE',  ( 0.9778286787918324396, -0.2094058978443200658, 0.0004948537497350000624 ) ) ;
#2309 = DIRECTION ( 'NONE',  ( 0.2094058710287506619, 0.9778288040081526411, 0.0001059748836761661891 ) ) ;
#2310 = DIRECTION ( 'NONE',  ( -0.9778286787918324396, 0.2094058978443200658, -0.0004948537497350001708 ) ) ;
#2311 = LOCAL_TIME ( 12, 26, 45.00000000000000000, #171 ) ;
#2312 = CC_DESIGN_PERSON_AND_ORGANIZATION_ASSIGNMENT ( #1728, #2697, ( #2973 ) ) ;
#2313 = ORIENTED_EDGE ( 'NONE', *, *, #1195, .F. ) ;
#2314 = VECTOR ( 'NONE', #1772, 1.000000000000000000 ) ;
#2315 = CARTESIAN_POINT ( 'NONE',  ( 0.05419771667969648654, 0.2437376554227491943, 0.1128528492432430419 ) ) ;
#2316 = CIRCLE ( 'NONE', #225, 0.01599999999999998646 ) ;
#2317 = CARTESIAN_POINT ( 'NONE',  ( 0.05301703598202058693, 0.2553653322555592964, 0.1128559914170007838 ) ) ;
#2318 = VECTOR ( 'NONE', #2423, 1.000000000000000000 ) ;
#2319 = ORIENTED_EDGE ( 'NONE', *, *, #1169, .F. ) ;
#2320 = DIRECTION ( 'NONE',  ( 0.0005060740159258310953, 0.000000000000000000, -0.9999998719445369888 ) ) ;
#2321 = DIRECTION ( 'NONE',  ( -0.0005060740159284919442, 1.908873449932291244E-16, 0.9999998719445369888 ) ) ;
#2322 = ADVANCED_FACE ( 'NONE', ( #1140, #2264 ), #2892, .F. ) ;
#2323 = DIRECTION ( 'NONE',  ( -0.0005060740159284919442, 1.908060298302924897E-16, 0.9999998719445369888 ) ) ;
#2324 = EDGE_CURVE ( 'NONE', #2816, #622, #566, .T. ) ;
#2325 = VERTEX_POINT ( 'NONE', #287 ) ;
#2326 = VECTOR ( 'NONE', #2394, 1.000000000000000000 ) ;
#2327 = CARTESIAN_POINT ( 'NONE',  ( 0.03729682584897200254, 0.2524265058386470084, 0.09787780396560510909 ) ) ;
#2328 = DIRECTION ( 'NONE',  ( -0.9673114570423947400, 0.2535908228498589545, -0.0004895312564062859325 ) ) ;
#2329 = DIRECTION ( 'NONE',  ( 0.2535907903761687732, 0.9673115809119269271, 0.0001283357261220543675 ) ) ;
#2330 = CARTESIAN_POINT ( 'NONE',  ( -0.001088175874334768034, 0.2499073216168009870, 0.1108583799758652011 ) ) ;
#2331 = ORIENTED_EDGE ( 'NONE', *, *, #1242, .T. ) ;
#2332 = CARTESIAN_POINT ( 'NONE',  ( -0.01496060967103960034, 0.2445781795024510041, 0.1108513594966839960 ) ) ;
#2333 = ORIENTED_EDGE ( 'NONE', *, *, #142, .F. ) ;
#2334 = CARTESIAN_POINT ( 'NONE',  ( 0.05475549539463365339, 0.2449478082935846179, 0.1128662611821622253 ) ) ;
#2335 = CARTESIAN_POINT ( 'NONE',  ( 0.05198938785486204028, 0.2460873340374888363, 0.1128255773127882083 ) ) ;
#2336 = ORIENTED_EDGE ( 'NONE', *, *, #1867, .F. ) ;
#2337 = DIRECTION ( 'NONE',  ( -0.0005060740159284919442, 1.908873449932291244E-16, 0.9999998719445369888 ) ) ;
#2338 = DIRECTION ( 'NONE',  ( -0.2094058710287509117, -0.9778288040081526411, -0.0001059748836809999554 ) ) ;
#2339 = VECTOR ( 'NONE', #2531, 1.000000000000000000 ) ;
#2340 = LINE ( 'NONE', #2675, #1717 ) ;
#2341 = CIRCLE ( 'NONE', #727, 0.005000000000000000971 ) ;
#2342 = COORDINATED_UNIVERSAL_TIME_OFFSET ( 2, 0, .AHEAD. ) ;
#2343 = ORIENTED_EDGE ( 'NONE', *, *, #1587, .F. ) ;
#2344 = CARTESIAN_POINT ( 'NONE',  ( 0.005726811330250570001, 0.2753353103006757618, 0.1186149162856308392 ) ) ;
#2345 = DIRECTION ( 'NONE',  ( 0.2094058710287517722, 0.9778288040081523080, 0.0001059748836790769602 ) ) ;
#2346 = CARTESIAN_POINT ( 'NONE',  ( -0.001256404727568343708, 0.2785135966808907071, 0.09932298667172041740 ) ) ;
#2347 = CARTESIAN_POINT ( 'NONE',  ( 0.04358148728870334804, 0.2459668175847740113, 0.1018809849820877939 ) ) ;
#2348 = CYLINDRICAL_SURFACE ( 'NONE', #495, 0.001099999999999982719 ) ;
#2349 = DIRECTION ( 'NONE',  ( -0.0005060740159285463712, 0.000000000000000000, 0.9999998719445369888 ) ) ;
#2350 = AXIS2_PLACEMENT_3D ( 'NONE', #51, #2051, #69 ) ;
#2351 = ORIENTED_EDGE ( 'NONE', *, *, #2710, .T. ) ;
#2352 = B_SPLINE_CURVE_WITH_KNOTS ( 'NONE', 3,
 ( #100, #2433, #2732, #417, #3600, #2947, #377, #1557, #3550, #1858, #1521, #3002, #2718, #1232, #2381, #2121, #693, #1839, #1323, #2786, #3038, #3114, #228, #2486, #486, #2524, #2807, #541, #243, #1889, #3634, #3343, #2471 ),
 .UNSPECIFIED., .F., .F.,
 ( 4, 1, 1, 1, 1, 1, 1, 1, 2, 2, 1, 1, 1, 1, 1, 1, 2, 2, 1, 1, 1, 1, 2, 2, 4 ),
 ( 0.000000000000000000, 0.1250000000000001943, 0.1874999999999991118, 0.2187499999999978351, 0.2343749999999980294, 0.2421874999999967804, 0.2460937499999953648, 0.2480468749999955314, 0.2490234374999953371, 0.2499999999999951428, 0.3749999999999446554, 0.4374999999999196754, 0.4687499999999074074, 0.4843749999999013012, 0.4921874999998988032, 0.4960937499998978040, 0.4980468749998971933, 0.4999999999998965827, 0.6249999999999263922, 0.6874999999999414912, 0.7187499999999492628, 0.7343749999999529265, 0.7421874999999541478, 0.7499999999999553690, 1.000000000000000000 ),
 .UNSPECIFIED. ) ;
#2353 = CARTESIAN_POINT ( 'NONE',  ( 0.04954243815054271138, 0.2421338599585458606, 0.1128859763797254862 ) ) ;
#2354 = EDGE_CURVE ( 'NONE', #2709, #904, #1136, .T. ) ;
#2355 = VERTEX_POINT ( 'NONE', #3159 ) ;
#2356 = FACE_OUTER_BOUND ( 'NONE', #827, .T. ) ;
#2357 = CARTESIAN_POINT ( 'NONE',  ( -0.05573600611013559969, 0.2669281675747700033, 0.1118307242534700013 ) ) ;
#2358 = CARTESIAN_POINT ( 'NONE',  ( 0.03239813353495325093, 0.2729042687988960103, 0.1173962659274880027 ) ) ;
#2359 = EDGE_LOOP ( 'NONE', ( #3281, #2770, #1166, #569, #1991, #239, #2515, #932, #930, #3445 ) ) ;
#2360 = DIRECTION ( 'NONE',  ( -0.0005060740159284919442, 1.908060298302924897E-16, 0.9999998719445369888 ) ) ;
#2361 = VERTEX_POINT ( 'NONE', #2305 ) ;
#2362 = CARTESIAN_POINT ( 'NONE',  ( 0.03118539660652305118, 0.2537352927001739755, 0.09787471112966919518 ) ) ;
#2363 = DIRECTION ( 'NONE',  ( -0.0005060740159284919442, 1.908060298302924897E-16, 0.9999998719445369888 ) ) ;
#2364 = FACE_OUTER_BOUND ( 'NONE', #2359, .T. ) ;
#2365 =( BOUNDED_CURVE ( )  B_SPLINE_CURVE ( 3, ( #3274, #2703, #594, #15 ),
 .UNSPECIFIED., .F., .F. ) 
 B_SPLINE_CURVE_WITH_KNOTS ( ( 4, 4 ),
 ( 1.886373374665319513, 3.141592653589838413 ),
 .UNSPECIFIED. ) 
 CURVE ( )  GEOMETRIC_REPRESENTATION_ITEM ( )  RATIONAL_B_SPLINE_CURVE ( ( 1.000000000000000000, 0.8729556445928472463, 0.8729556445928472463, 1.000000000000000000 ) ) 
 REPRESENTATION_ITEM ( '' )  );
#2366 = ORIENTED_EDGE ( 'NONE', *, *, #2160, .F. ) ;
#2367 = CARTESIAN_POINT ( 'NONE',  ( -0.007945899753791500764, 0.2467499768240845048, 0.09785490779483568824 ) ) ;
#2368 = EDGE_CURVE ( 'NONE', #1917, #3530, #2702, .T. ) ;
#2369 = ADVANCED_FACE ( 'NONE', ( #2063 ), #3291, .F. ) ;
#2370 = EDGE_LOOP ( 'NONE', ( #1903, #2273 ) ) ;
#2371 = CARTESIAN_POINT ( 'NONE',  ( 0.05245414187732009431, 0.2576356215804154193, 0.1129091243167104630 ) ) ;
#2372 = AXIS2_PLACEMENT_3D ( 'NONE', #792, #533, #3028 ) ;
#2373 = ORIENTED_EDGE ( 'NONE', *, *, #1882, .F. ) ;
#2374 = AXIS2_PLACEMENT_3D ( 'NONE', #2509, #803, #1946 ) ;
#2375 = CARTESIAN_POINT ( 'NONE',  ( -0.06188745757129469893, 0.2573030229632600197, 0.1108276110352710009 ) ) ;
#2376 = LINE ( 'NONE', #133, #1865 ) ;
#2377 = CYLINDRICAL_SURFACE ( 'NONE', #1781, 0.002500000000000011761 ) ;
#2378 = AXIS2_PLACEMENT_3D ( 'NONE', #1525, #2707, #2406 ) ;
#2379 = ORIENTED_EDGE ( 'NONE', *, *, #1297, .F. ) ;
#2380 = VERTEX_POINT ( 'NONE', #2399 ) ;
#2381 = CARTESIAN_POINT ( 'NONE',  ( 0.02213936058290147738, 0.2393075757043158780, 0.1179767149071319077 ) ) ;
#2382 = CARTESIAN_POINT ( 'NONE',  ( -0.01151172369706290020, 0.2766428838390885270, 0.09685310309570609177 ) ) ;
#2383 = FACE_OUTER_BOUND ( 'NONE', #855, .T. ) ;
#2384 = DIRECTION ( 'NONE',  ( 0.9778286787918324396, -0.2094058978443200658, 0.0004948537497350001708 ) ) ;
#2385 = CARTESIAN_POINT ( 'NONE',  ( -0.05973282617298909802, 0.2578287724673852255, 0.1173642361812189810 ) ) ;
#2386 = DIRECTION ( 'NONE',  ( 0.2094058710287509117, 0.9778288040081526411, 0.0001059748836809999554 ) ) ;
#2387 = ADVANCED_FACE ( 'NONE', ( #934 ), #1785, .F. ) ;
#2388 = ORIENTED_EDGE ( 'NONE', *, *, #3243, .T. ) ;
#2389 = EDGE_CURVE ( 'NONE', #1271, #126, #120, .T. ) ;
#2390 = CARTESIAN_POINT ( 'NONE',  ( 0.05127697403625337130, 0.2601982863206523944, 0.1130509135072669397 ) ) ;
#2391 = VERTEX_POINT ( 'NONE', #1558 ) ;
#2392 = DIRECTION ( 'NONE',  ( -0.0005060740159284919442, 1.908060298302924897E-16, 0.9999998719445369888 ) ) ;
#2393 = DIRECTION ( 'NONE',  ( -0.9778286787918317735, 0.2094058978443224250, -0.0004948537497342917531 ) ) ;
#2394 = DIRECTION ( 'NONE',  ( -0.9673114570423947400, 0.2535908228498589545, -0.0004895312564062859325 ) ) ;
#2395 = ORIENTED_EDGE ( 'NONE', *, *, #1219, .T. ) ;
#2396 = PERSON_AND_ORGANIZATION ( #443, #2189 ) ;
#2397 = VERTEX_POINT ( 'NONE', #3234 ) ;
#2398 = CARTESIAN_POINT ( 'NONE',  ( -0.008956293925253268687, 0.2760960905214879801, 0.09259038145933613795 ) ) ;
#2399 = CARTESIAN_POINT ( 'NONE',  ( -0.05769166346771929799, 0.2673469793704586484, 0.1118297345459704217 ) ) ;
#2400 = B_SPLINE_CURVE_WITH_KNOTS ( 'NONE', 3,
 ( #3121, #3439, #567, #588, #46 ),
 .UNSPECIFIED., .F., .F.,
 ( 4, 1, 4 ),
 ( 0.000000000000000000, 0.4285714285714226635, 0.4999957428733247111 ),
 .UNSPECIFIED. ) ;
#2401 = CARTESIAN_POINT ( 'NONE',  ( 0.04063851660237845220, 0.2680717667027774920, 0.1152745478159993980 ) ) ;
#2402 = VECTOR ( 'NONE', #2777, 1.000000000000000000 ) ;
#2403 = ADVANCED_FACE ( 'NONE', ( #974 ), #3254, .F. ) ;
#2404 = CARTESIAN_POINT ( 'NONE',  ( 0.04600291093758104161, 0.2693141913659195530, 0.09841675742208916278 ) ) ;
#2405 = CARTESIAN_POINT ( 'NONE',  ( -0.05362292452893198391, 0.2863000656207418948, 0.09234604323915365787 ) ) ;
#2406 = DIRECTION ( 'NONE',  ( 0.5110859543619182821, -0.1093586635201094365, -0.8525443272739913203 ) ) ;
#2407 = CARTESIAN_POINT ( 'NONE',  ( 0.05628847130915237695, 0.2522540953083006188, 0.1128653205019150840 ) ) ;
#2408 = ORIENTED_EDGE ( 'NONE', *, *, #252, .T. ) ;
#2409 = VERTEX_POINT ( 'NONE', #641 ) ;
#2410 = CIRCLE ( 'NONE', #1153, 0.001099999999999995729 ) ;
#2411 = CARTESIAN_POINT ( 'NONE',  ( -0.01495552164343113069, 0.2445782027424759641, 0.1008959746514778849 ) ) ;
#2412 = CARTESIAN_POINT ( 'NONE',  ( 0.04567149740686349962, 0.2557451056248554733, 0.1098820437064809974 ) ) ;
#2413 = DIRECTION ( 'NONE',  ( 0.1168812424260055605, 0.6974398147223225264, -0.7070477211681301943 ) ) ;
#2414 = ADVANCED_FACE ( 'NONE', ( #66 ), #659, .F. ) ;
#2415 = ORIENTED_EDGE ( 'NONE', *, *, #2711, .F. ) ;
#2416 = ORIENTED_EDGE ( 'NONE', *, *, #3607, .T. ) ;
#2417 =( BOUNDED_CURVE ( )  B_SPLINE_CURVE ( 3, ( #1062, #2212, #1931, #1667 ),
 .UNSPECIFIED., .F., .F. ) 
 B_SPLINE_CURVE_WITH_KNOTS ( ( 4, 4 ),
 ( 5.390929086207700394, 5.497787143782161046 ),
 .UNSPECIFIED. ) 
 CURVE ( )  GEOMETRIC_REPRESENTATION_ITEM ( )  RATIONAL_B_SPLINE_CURVE ( ( 1.000000000000000000, 0.9990486726363594361, 0.9990486726363594361, 1.000000000000000000 ) ) 
 REPRESENTATION_ITEM ( '' )  );
#2418 = CARTESIAN_POINT ( 'NONE',  ( 0.04799891303918079472, 0.2109994785730024969, 0.1128920663846020023 ) ) ;
#2419 = SPHERICAL_SURFACE ( 'NONE', #3247, 0.005000000000000000104 ) ;
#2420 = PLANE ( 'NONE',  #936 ) ;
#2421 = DIRECTION ( 'NONE',  ( 0.2094058710287509117, 0.9778288040081526411, 0.0001059748836809999554 ) ) ;
#2422 = CARTESIAN_POINT ( 'NONE',  ( -0.05221798747685259950, 0.2833556914821065420, 0.1118325046315157972 ) ) ;
#2423 = DIRECTION ( 'NONE',  ( -0.0005060740159284919442, 1.908060298302924897E-16, 0.9999998719445369888 ) ) ;
#2424 = CARTESIAN_POINT ( 'NONE',  ( 0.04757894762109347864, 0.2364539756375968471, 0.1129325850174603962 ) ) ;
#2425 = ORIENTED_EDGE ( 'NONE', *, *, #3699, .T. ) ;
#2426 = VERTEX_POINT ( 'NONE', #1498 ) ;
#2427 = DIRECTION ( 'NONE',  ( -0.2094058710287509117, -0.9778288040081526411, -0.0001059748836809999554 ) ) ;
#2428 = CARTESIAN_POINT ( 'NONE',  ( -0.007346067613846552977, 0.2809626756895438060, 0.09990171532923793063 ) ) ;
#2429 = CARTESIAN_POINT ( 'NONE',  ( -0.007982794628207584564, 0.2810062645770208811, 0.09885519692200736563 ) ) ;
#2430 = ORIENTED_EDGE ( 'NONE', *, *, #2585, .T. ) ;
#2431 = VERTEX_POINT ( 'NONE', #1215 ) ;
#2432 = ADVANCED_FACE ( 'NONE', ( #1274 ), #2419, .T. ) ;
#2433 = CARTESIAN_POINT ( 'NONE',  ( 0.01698612827420922095, 0.2404110828751037376, 0.1186938960603058230 ) ) ;
#2434 = CARTESIAN_POINT ( 'NONE',  ( 0.02385731999862718278, 0.2360388655725464968, 0.1175232122462297191 ) ) ;
#2435 = B_SPLINE_CURVE_WITH_KNOTS ( 'NONE', 3,
 ( #1311, #1368, #1648, #2511, #3590, #2759 ),
 .UNSPECIFIED., .F., .F.,
 ( 4, 2, 4 ),
 ( 0.5000000321127433534, 0.7500000160563716767, 1.000000000000000000 ),
 .UNSPECIFIED. ) ;
#2436 = AXIS2_PLACEMENT_3D ( 'NONE', #2041, #1554, #2636 ) ;
#2437 = EDGE_CURVE ( 'NONE', #337, #2983, #3494, .T. ) ;
#2438 = VECTOR ( 'NONE', #1201, 1.000000000000000000 ) ;
#2439 = DIRECTION ( 'NONE',  ( -0.2094058710287511060, -0.9778288040081525301, -0.0001059748836809705058 ) ) ;
#2440 = CARTESIAN_POINT ( 'NONE',  ( 0.04559593979102113254, 0.2695182407767117150, 0.09848658786041396274 ) ) ;
#2441 = LINE ( 'NONE', #3024, #2953 ) ;
#2442 = FACE_BOUND ( 'NONE', #1094, .T. ) ;
#2443 = CARTESIAN_POINT ( 'NONE',  ( 0.05290659686498028896, 0.2416052757216420599, 0.1128255231143461962 ) ) ;
#2444 = ORIENTED_EDGE ( 'NONE', *, *, #3142, .F. ) ;
#2445 = B_SPLINE_CURVE_WITH_KNOTS ( 'NONE', 3,
 ( #1718, #1411, #1152, #1740, #3129, #273, #257, #2860, #295, #796, #1128, #2804, #3707, #240, #1431, #3670, #2015, #1376, #596, #1092, #18, #516, #2521, #2274, #3429, #1975, #221, #3089, #1359, #813, #2840, #2295, #2822, #3111, #872, #3394, #1697, #1660, #2558, #2502, #2237, #3148, #537, #833, #851, #3446, #574, #1994, #1678, #3168, #554, #3648, #1072, #2221, #3375, #2538, #1395, #3686, #1109, #3408, #2254, #2147, #55, #3591, #2159, #3204, #1758, #35, #3185, #2407, #1186, #736, #979, #2599, #1468, #1015, #162, #631, #1167, #2883, #3572, #908, #1582, #2971, #3312, #2614, #1829, #3484, #701, #318, #615, #3296, #2902, #335, #2334, #3556, #2708, #1451, #3278, #2315, #1849, #3467, #442, #890, #2035, #146, #2054, #403, #1546, #2443, #2686, #125, #1258, #2127, #719, #2991, #423, #2724, #1563, #1280, #2424, #998, #1864, #3009, #1295, #1914, #1103, #2230, #3643, #3026, #1949, #1313, #3606, #2495, #1370, #3388, #1086, #3368, #1897, #250, #1065, #3623, #2460, #3403, #1031, #3045, #806, #3101, #530, #771, #493 ),
 .UNSPECIFIED., .F., .F.,
 ( 4, 2, 2, 1, 1, 1, 1, 2, 2, 2, 2, 1, 1, 2, 2, 2, 2, 2, 1, 1, 1, 2, 2, 2, 2, 1, 1, 1, 1, 1, 2, 2, 2, 2, 1, 1, 1, 1, 2, 2, 2, 2, 1, 1, 1, 2, 2, 2, 2, 1, 1, 1, 1, 1, 2, 2, 2, 2, 2, 1, 1, 1, 2, 2, 2, 2, 1, 1, 1, 1, 2, 2, 2, 2, 2, 1, 1, 1, 1, 2, 2, 2, 2, 2, 1, 1, 2, 2, 2, 2, 1, 1, 1, 1, 2, 2, 4 ),
 ( 0.000000000000000000, 0.03124999999970016346, 0.04687499999955008906, 0.05468749999947462165, 0.05859374999943696427, 0.06054687499941848600, 0.06152343749940905604, 0.06201171874940488576, 0.06249999999940071549, 0.09374999999913920246, 0.1093749999990078631, 0.1171874999989429150, 0.1210937499989105381, 0.1230468749988943428, 0.1249999999988781474, 0.1874999999983559540, 0.2187499999980949683, 0.2343749999979644061, 0.2421874999979002352, 0.2460937499978682053, 0.2480468749978522736, 0.2490234374978431975, 0.2499999999978341214, 0.2812499999975580645, 0.2968749999974211740, 0.3046874999973527287, 0.3085937499973197551, 0.3105468749973033238, 0.3115234374972962739, 0.3120117187472939424, 0.3122558593722927212, 0.3124999999972915554, 0.3437499999973159248, 0.3593749999973294140, 0.3671874999973362419, 0.3710937499973396836, 0.3730468749973401832, 0.3740234374973416265, 0.3745117187473424036, 0.3749999999973431253, 0.4062499999974252818, 0.4218749999974663045, 0.4296874999974854559, 0.4335937499974936715, 0.4355468749974977238, 0.4365234374975012210, 0.4374999999975046627, 0.4687499999976618148, 0.4843749999977404741, 0.4921874999977797205, 0.4960937499977994269, 0.4980468749978093079, 0.4990234374978142484, 0.4995117187478173570, 0.4997558593728183007, 0.4999999999978192999, 0.5312499999979684029, 0.5468749999980430099, 0.5546874999980808685, 0.5585937499981002974, 0.5605468749981100673, 0.5615234374981150633, 0.5620117187481175058, 0.5624999999981199483, 0.5937499999982414067, 0.6093749999983021359, 0.6171874999983331112, 0.6210937499983486543, 0.6230468749983569809, 0.6240234374983613108, 0.6245117187483638643, 0.6249999999983665289, 0.6874999999986495247, 0.7187499999987904120, 0.7343749999988604671, 0.7421874999988961052, 0.7460937499989132027, 0.7480468749989219734, 0.7490234374989266364, 0.7495117187489289678, 0.7499999999989311883, 0.8124999999991957544, 0.8437499999993279820, 0.8593749999993940403, 0.8671874999994271249, 0.8710937499994434452, 0.8730468749994514388, 0.8749999999994593214, 0.9062499999995872191, 0.9218749999996512789, 0.9296874999996832534, 0.9335937499996992406, 0.9355468749997073452, 0.9365234374997115641, 0.9370117187497136735, 0.9374999999997156719, 1.000000000000000000 ),
 .UNSPECIFIED. ) ;
#2446 = EDGE_CURVE ( 'NONE', #3666, #652, #1617, .T. ) ;
#2447 = ORIENTED_EDGE ( 'NONE', *, *, #446, .T. ) ;
#2448 = CARTESIAN_POINT ( 'NONE',  ( -0.006781635023508477550, 0.2424334003741093202, 0.1151918812362661554 ) ) ;
#2449 = LINE ( 'NONE', #150, #3664 ) ;
#2450 = CARTESIAN_POINT ( 'NONE',  ( -0.05973282617298909802, 0.2578287724673852255, 0.1173642361812189810 ) ) ;
#2451 = VERTEX_POINT ( 'NONE', #1538 ) ;
#2452 = PERSON_AND_ORGANIZATION_ROLE ( 'classification_officer' ) ;
#2453 = CARTESIAN_POINT ( 'NONE',  ( 0.04828697531269929982, 0.2109377869751715151, 0.1129099010639079970 ) ) ;
#2454 = CARTESIAN_POINT ( 'NONE',  ( 0.02376617953198737962, 0.2720834240720585440, 0.1186975551093628622 ) ) ;
#2455 = CARTESIAN_POINT ( 'NONE',  ( -0.01332591183967375345, 0.2479632286644973815, 0.09465829498020338073 ) ) ;
#2456 = ADVANCED_FACE ( 'NONE', ( #1768, #378 ), #917, .F. ) ;
#2457 = CARTESIAN_POINT ( 'NONE',  ( 0.04758041853383376818, 0.2684087513658127699, 0.09814835673001075234 ) ) ;
#2458 = DIRECTION ( 'NONE',  ( 0.1161655456891151489, 0.6974398147223229705, 0.7071656601071927284 ) ) ;
#2459 = LINE ( 'NONE', #1595, #1134 ) ;
#2460 = CARTESIAN_POINT ( 'NONE',  ( 0.03723448991028011773, 0.2334262827800074325, 0.1143759443841046025 ) ) ;
#2461 = VECTOR ( 'NONE', #2074, 1.000000000000000000 ) ;
#2462 = VERTEX_POINT ( 'NONE', #2138 ) ;
#2463 = VERTEX_POINT ( 'NONE', #676 ) ;
#2464 = DIRECTION ( 'NONE',  ( 0.9778286787918324396, -0.2094058978443200658, 0.0004948537497350001708 ) ) ;
#2465 = ORIENTED_EDGE ( 'NONE', *, *, #992, .F. ) ;
#2466 = DIRECTION ( 'NONE',  ( 0.9863287186144908958, -0.1647889853120761416, 0.0004991553995741304433 ) ) ;
#2467 = ADVANCED_FACE ( 'NONE', ( #2660 ), #1824, .T. ) ;
#2468 = DIRECTION ( 'NONE',  ( 0.2094058710287543257, 0.9778288040081519750, 0.0001059748836790796436 ) ) ;
#2469 = VECTOR ( 'NONE', #1767, 1.000000000000000000 ) ;
#2470 = ORIENTED_EDGE ( 'NONE', *, *, #16, .F. ) ;
#2471 = CARTESIAN_POINT ( 'NONE',  ( 0.03393752872945839799, 0.2367812449745164971, 0.1152711566197215931 ) ) ;
#2472 = CARTESIAN_POINT ( 'NONE',  ( 0.02465830045738843027, 0.2722226382057765237, 0.1186076806048421139 ) ) ;
#2473 = CARTESIAN_POINT ( 'NONE',  ( -0.01865147236328095620, 0.2492805131071493263, 0.1030809425180542610 ) ) ;
#2474 = CARTESIAN_POINT ( 'NONE',  ( -0.05417826843632070344, 0.2837694551153560063, 0.1188315134805196099 ) ) ;
#2475 = CARTESIAN_POINT ( 'NONE',  ( -0.007164533741234760042, 0.2809846203471815240, 0.1118553050166990054 ) ) ;
#2476 = FACE_OUTER_BOUND ( 'NONE', #3244, .T. ) ;
#2477 = CARTESIAN_POINT ( 'NONE',  ( 0.04567099133284750062, 0.2557451056248554733, 0.1108820435784254044 ) ) ;
#2478 = ORIENTED_EDGE ( 'NONE', *, *, #2596, .F. ) ;
#2479 = CARTESIAN_POINT ( 'NONE',  ( 0.04263969154664221106, 0.2341882006455335008, 0.09789588483316974399 ) ) ;
#2480 = EDGE_CURVE ( 'NONE', #3391, #1487, #344, .T. ) ;
#2481 = EDGE_CURVE ( 'NONE', #374, #126, #2819, .T. ) ;
#2482 = VERTEX_POINT ( 'NONE', #766 ) ;
#2483 = DIRECTION ( 'NONE',  ( 0.1168812424260052135, 0.6974398147223225264, -0.7070477211681301943 ) ) ;
#2484 = CARTESIAN_POINT ( 'NONE',  ( -0.008259891693766788917, 0.2810950299343222269, 0.09885487791455763174 ) ) ;
#2485 = ORIENTED_EDGE ( 'NONE', *, *, #2281, .F. ) ;
#2486 = CARTESIAN_POINT ( 'NONE',  ( 0.02503560146695278654, 0.2386873962547772232, 0.1174056775172512002 ) ) ;
#2487 = CARTESIAN_POINT ( 'NONE',  ( -0.01763923141232306979, 0.2452820822341503781, 0.09823242814563350189 ) ) ;
#2488 = FACE_OUTER_BOUND ( 'NONE', #2071, .T. ) ;
#2489 = CIRCLE ( 'NONE', #3035, 0.001099999999999995729 ) ;
#2490 = DIRECTION ( 'NONE',  ( -0.1789579191529996338, -0.6839925783831066752, -0.7071974376998677592 ) ) ;
#2491 = AXIS2_PLACEMENT_3D ( 'NONE', #463, #2464, #3610 ) ;
#2492 = CARTESIAN_POINT ( 'NONE',  ( -0.01894906227998855927, 0.2509496843507222352, 0.1061292190730862423 ) ) ;
#2493 = LINE ( 'NONE', #1294, #2881 ) ;
#2494 = VECTOR ( 'NONE', #3217, 1.000000000000000000 ) ;
#2495 = CARTESIAN_POINT ( 'NONE',  ( 0.04078036468987852881, 0.2337500363595532704, 0.1137084652083038133 ) ) ;
#2496 = VECTOR ( 'NONE', #364, 1.000000000000000000 ) ;
#2497 = CARTESIAN_POINT ( 'NONE',  ( -0.007953864930472042891, 0.2808666825625049657, 0.1075339738577488213 ) ) ;
#2498 = ORIENTED_EDGE ( 'NONE', *, *, #2204, .F. ) ;
#2499 = CARTESIAN_POINT ( 'NONE',  ( 0.03411021453394131459, 0.2336780103315727053, 0.09895406547696623811 ) ) ;
#2500 = EDGE_CURVE ( 'NONE', #2763, #2426, #1317, .T. ) ;
#2501 = ORIENTED_EDGE ( 'NONE', *, *, #2754, .T. ) ;
#2502 = CARTESIAN_POINT ( 'NONE',  ( 0.05438774993178275424, 0.2607179034411773455, 0.1128476035326525656 ) ) ;
#2503 = CARTESIAN_POINT ( 'NONE',  ( -0.01693008716872965169, 0.2450990106210307329, 0.09885035953673373954 ) ) ;
#2504 = ORIENTED_EDGE ( 'NONE', *, *, #943, .F. ) ;
#2505 = CARTESIAN_POINT ( 'NONE',  ( 0.003309347417268999978, 0.2704417265009724791, 0.1108606054484224113 ) ) ;
#2506 = CARTESIAN_POINT ( 'NONE',  ( 0.02434371065694138775, 0.2357949646389123077, 0.1174142559428662941 ) ) ;
#2507 = CARTESIAN_POINT ( 'NONE',  ( 0.004175906096621342933, 0.2400866654704580661, 0.1164331335288305569 ) ) ;
#2508 = AXIS2_PLACEMENT_3D ( 'NONE', #2278, #1700, #1472 ) ;
#2509 = CARTESIAN_POINT ( 'NONE',  ( -0.05751266653277649354, 0.2586166227407005191, 0.1053298242993192108 ) ) ;
#2510 = CARTESIAN_POINT ( 'NONE',  ( -0.01895129604905146023, 0.2509839119576303124, 0.1060358584862406139 ) ) ;
#2511 = CARTESIAN_POINT ( 'NONE',  ( -0.001037611431347280726, 0.2798299077544869617, 0.1015496650353761576 ) ) ;
#2512 = DIRECTION ( 'NONE',  ( -0.2094058710287509117, -0.9778288040081526411, -0.0001059748836810000367 ) ) ;
#2513 = EDGE_CURVE ( 'NONE', #2744, #2380, #157, .T. ) ;
#2514 = DIRECTION ( 'NONE',  ( -0.0005060740159284919442, 1.908060298302924897E-16, 0.9999998719445369888 ) ) ;
#2515 = ORIENTED_EDGE ( 'NONE', *, *, #379, .T. ) ;
#2516 = LINE ( 'NONE', #3683, #404 ) ;
#2517 = VECTOR ( 'NONE', #2224, 1.000000000000000000 ) ;
#2518 = VECTOR ( 'NONE', #928, 1.000000000000000000 ) ;
#2519 = CIRCLE ( 'NONE', #906, 0.001099999999999983370 ) ;
#2520 = EDGE_LOOP ( 'NONE', ( #237, #3342, #2069, #949 ) ) ;
#2521 = CARTESIAN_POINT ( 'NONE',  ( 0.04796675486362195207, 0.2681421881434231103, 0.1137431931996287227 ) ) ;
#2522 = CARTESIAN_POINT ( 'NONE',  ( 0.005017851894507019926, 0.2593369004675094569, 0.1188614711026989984 ) ) ;
#2523 = EDGE_LOOP ( 'NONE', ( #2425, #1314, #3046, #1155 ) ) ;
#2524 = CARTESIAN_POINT ( 'NONE',  ( 0.02730536745375480856, 0.2382013728658627372, 0.1168899478124980629 ) ) ;
#2525 = CARTESIAN_POINT ( 'NONE',  ( -0.001016828674843351992, 0.2799582652365870117, 0.1028584150583898016 ) ) ;
#2526 = EDGE_CURVE ( 'NONE', #3442, #2298, #2105, .T. ) ;
#2527 = CARTESIAN_POINT ( 'NONE',  ( -0.003589190417579679084, 0.2549426889968920418, 0.1108571142772293572 ) ) ;
#2528 = EDGE_CURVE ( 'NONE', #2136, #1003, #1898, .T. ) ;
#2529 = DIRECTION ( 'NONE',  ( -0.1729028464873982873, -0.8060386764940885573, 0.5660443954958067625 ) ) ;
#2530 = CARTESIAN_POINT ( 'NONE',  ( -0.01895630783978664857, 0.2510660559182387730, 0.1057505665677679757 ) ) ;
#2531 = DIRECTION ( 'NONE',  ( 0.0005060740159285199167, -6.032429276881100036E-17, -0.9999998719445369888 ) ) ;
#2532 = DIRECTION ( 'NONE',  ( 0.2094058710287509117, 0.9778288040081526411, 0.0001059748836809999554 ) ) ;
#2533 = CARTESIAN_POINT ( 'NONE',  ( 0.03828782325693678296, 0.2716449518180870659, 0.09909769326334225137 ) ) ;
#2534 = ORIENTED_EDGE ( 'NONE', *, *, #1169, .T. ) ;
#2535 = VERTEX_POINT ( 'NONE', #40 ) ;
#2536 = CARTESIAN_POINT ( 'NONE',  ( 0.04202837936895943011, 0.2340238473136706521, 0.09793703051842927998 ) ) ;
#2537 = VERTEX_POINT ( 'NONE', #3115 ) ;
#2538 = CARTESIAN_POINT ( 'NONE',  ( 0.05590594119727677891, 0.2562256481009599351, 0.1128242963208888061 ) ) ;
#2539 = CARTESIAN_POINT ( 'NONE',  ( -0.01692999587520253174, 0.2450989900709176217, 0.09885035958098069286 ) ) ;
#2540 = EDGE_LOOP ( 'NONE', ( #2553, #2904, #1478, #290, #10 ) ) ;
#2541 = LINE ( 'NONE', #3075, #2517 ) ;
#2542 = CARTESIAN_POINT ( 'NONE',  ( -0.007009408643915620435, 0.2780291427142749794, 0.09470411798632269451 ) ) ;
#2543 = DIRECTION ( 'NONE',  ( -0.0005060740159284919442, 1.908060298302924897E-16, 0.9999998719445369888 ) ) ;
#2544 = EDGE_CURVE ( 'NONE', #2922, #711, #2635, .T. ) ;
#2545 = CARTESIAN_POINT ( 'NONE',  ( -0.05363606802810600566, 0.2863000656207418393, 0.1183175357031183289 ) ) ;
#2546 = EDGE_CURVE ( 'NONE', #1757, #904, #1499, .T. ) ;
#2547 = CARTESIAN_POINT ( 'NONE',  ( -0.02721386817454955059, 0.2792667123700289800, 0.09184515600709669547 ) ) ;
#2548 = CARTESIAN_POINT ( 'NONE',  ( -0.05768508450551222688, 0.2673469793704586484, 0.09882973621069143788 ) ) ;
#2549 = CYLINDRICAL_SURFACE ( 'NONE', #1844, 0.01600000000000001421 ) ;
#2550 = CARTESIAN_POINT ( 'NONE',  ( 0.03900279995613035317, 0.2413216798051840140, 0.1108786689796042030 ) ) ;
#2551 = ORIENTED_EDGE ( 'NONE', *, *, #2500, .T. ) ;
#2552 = CIRCLE ( 'NONE', #1048, 0.001300000000000004277 ) ;
#2553 = ORIENTED_EDGE ( 'NONE', *, *, #199, .F. ) ;
#2554 = DIRECTION ( 'NONE',  ( 0.0005060740159284919442, -1.908060298302924897E-16, -0.9999998719445369888 ) ) ;
#2555 = CIRCLE ( 'NONE', #519, 0.001300000000000004277 ) ;
#2556 = B_SPLINE_CURVE_WITH_KNOTS ( 'NONE', 3,
 ( #1910, #1891, #715, #1325, #2473, #2156, #438, #1437, #3676, #2301, #2846, #2829, #1747, #278, #2586, #301, #526, #3381, #41, #324, #2242, #580, #3434, #1386, #3154, #1726 ),
 .UNSPECIFIED., .F., .F.,
 ( 4, 2, 2, 2, 1, 1, 1, 2, 2, 2, 2, 1, 2, 2, 4 ),
 ( 0.000000000000000000, 0.1250000000000591749, 0.1875000000000894285, 0.2187500000001045553, 0.2343750000001119937, 0.2421875000001157130, 0.2460937500001164346, 0.2480468750001126599, 0.2500000000001088574, 0.3125000000000515143, 0.3437500000000290323, 0.3593750000000160982, 0.3671875000000147105, 0.3750000000000133782, 0.5000000000000000000 ),
 .UNSPECIFIED. ) ;
#2557 = VERTEX_POINT ( 'NONE', #1399 ) ;
#2558 = CARTESIAN_POINT ( 'NONE',  ( 0.05424587637955582270, 0.2610038351643957366, 0.1128556318086328530 ) ) ;
#2559 = CARTESIAN_POINT ( 'NONE',  ( 0.03644461019563127735, 0.2364483265765784936, 0.1146853374621251836 ) ) ;
#2560 = EDGE_CURVE ( 'NONE', #1850, #2290, #3674, .T. ) ;
#2561 = ORIENTED_EDGE ( 'NONE', *, *, #1854, .T. ) ;
#2562 = CARTESIAN_POINT ( 'NONE',  ( 0.02439790211529893268, 0.2357680155314303139, 0.1174019696156459180 ) ) ;
#2563 = CARTESIAN_POINT ( 'NONE',  ( -0.005256634414906050101, 0.2799814534187620163, 0.09912338077693559624 ) ) ;
#2564 = CARTESIAN_POINT ( 'NONE',  ( -0.01290386310182023780, 0.2488918602924546364, 0.09457027826706677909 ) ) ;
#2565 = CALENDAR_DATE ( 2026, 6, 9 ) ;
#2566 = ORIENTED_EDGE ( 'NONE', *, *, #1122, .F. ) ;
#2567 = LINE ( 'NONE', #2045, #3261 ) ;
#2568 = CARTESIAN_POINT ( 'NONE',  ( -0.01151172369706290020, 0.2766428838390885270, 0.09685310309570609177 ) ) ;
#2569 = CARTESIAN_POINT ( 'NONE',  ( 0.005017851894507019926, 0.2593369004675094569, 0.1188614711026989984 ) ) ;
#2570 = EDGE_CURVE ( 'NONE', #2249, #1783, #820, .T. ) ;
#2571 = CARTESIAN_POINT ( 'NONE',  ( 0.03272028184139537388, 0.2728372363787986421, 0.09933995417690358321 ) ) ;
#2572 = ORIENTED_EDGE ( 'NONE', *, *, #2757, .F. ) ;
#2573 = ORIENTED_EDGE ( 'NONE', *, *, #3270, .F. ) ;
#2574 = DIRECTION ( 'NONE',  ( -0.2094058710287507175, -0.9778288040081527521, -0.0001059748836813355566 ) ) ;
#2575 = DIRECTION ( 'NONE',  ( -0.9863287186144908958, 0.1647889853120761416, -0.0004991553995744454041 ) ) ;
#2576 = EDGE_CURVE ( 'NONE', #1925, #570, #1745, .T. ) ;
#2577 = CIRCLE ( 'NONE', #779, 0.001099999999999982719 ) ;
#2578 = VERTEX_POINT ( 'NONE', #2021 ) ;
#2579 = CARTESIAN_POINT ( 'NONE',  ( -0.007159003004220549846, 0.2809846203471815240, 0.1009265947255455903 ) ) ;
#2580 = DIRECTION ( 'NONE',  ( 0.2094058710287509117, 0.9778288040081526411, 0.0001059748836809999554 ) ) ;
#2581 = CIRCLE ( 'NONE', #1078, 0.001099999999999983370 ) ;
#2582 = ORIENTED_EDGE ( 'NONE', *, *, #2823, .T. ) ;
#2583 = CYLINDRICAL_SURFACE ( 'NONE', #1312, 0.005000000000000000971 ) ;
#2584 = CARTESIAN_POINT ( 'NONE',  ( -0.002457341058048759849, 0.2773788675425739592, 0.09818699040905289055 ) ) ;
#2585 = EDGE_CURVE ( 'NONE', #2886, #3319, #476, .T. ) ;
#2586 = CARTESIAN_POINT ( 'NONE',  ( -0.01884233022752033332, 0.2500909987376742083, 0.1034898396995913433 ) ) ;
#2587 = CARTESIAN_POINT ( 'NONE',  ( -0.01332591183967375345, 0.2479632286644973815, 0.09465829498020338073 ) ) ;
#2588 = ORIENTED_EDGE ( 'NONE', *, *, #1184, .F. ) ;
#2589 = CARTESIAN_POINT ( 'NONE',  ( -0.001264785249160541849, 0.2657965887213825096, 0.1108582905984382000 ) ) ;
#2590 = DIRECTION ( 'NONE',  ( -0.2094058710287509117, -0.9778288040081526411, -0.0001059748836809999554 ) ) ;
#2591 = FACE_OUTER_BOUND ( 'NONE', #3287, .T. ) ;
#2592 = CARTESIAN_POINT ( 'NONE',  ( -0.006775391901119050438, 0.2424334003741089871, 0.1028555007987985992 ) ) ;
#2593 = CIRCLE ( 'NONE', #3135, 0.001099999999999982719 ) ;
#2594 = ORIENTED_EDGE ( 'NONE', *, *, #469, .F. ) ;
#2595 = CARTESIAN_POINT ( 'NONE',  ( -0.01450774772674628087, 0.2444606462290634941, 0.1018879793889963942 ) ) ;
#2596 = EDGE_CURVE ( 'NONE', #3010, #3378, #130, .T. ) ;
#2597 = ORIENTED_EDGE ( 'NONE', *, *, #2144, .F. ) ;
#2598 = ADVANCED_FACE ( 'NONE', ( #261 ), #2682, .F. ) ;
#2599 = CARTESIAN_POINT ( 'NONE',  ( 0.05624513754013594352, 0.2509891268680978227, 0.1128785928352705331 ) ) ;
#2600 = CARTESIAN_POINT ( 'NONE',  ( 0.05072608911611855426, 0.2611126438641706016, 0.1131281469472229795 ) ) ;
#2601 = ORIENTED_EDGE ( 'NONE', *, *, #1867, .T. ) ;
#2602 = DIRECTION ( 'NONE',  ( -0.0005060740159284919442, 1.908060298302924897E-16, 0.9999998719445369888 ) ) ;
#2603 = CARTESIAN_POINT ( 'NONE',  ( 0.001179563305967842000, 0.2795908949264189758, 0.1077360708241330012 ) ) ;
#2604 = CARTESIAN_POINT ( 'NONE',  ( 0.04063851660237845220, 0.2680717667027774920, 0.1152745478159993980 ) ) ;
#2605 = EDGE_LOOP ( 'NONE', ( #1771, #20, #1821, #1407 ) ) ;
#2606 = CARTESIAN_POINT ( 'NONE',  ( 0.007057676108680706502, 0.2752204882361067861, 0.1185796216971575501 ) ) ;
#2607 = CARTESIAN_POINT ( 'NONE',  ( -0.008931855874300649936, 0.2429987399753549826, 0.1028544094682758009 ) ) ;
#2608 = CARTESIAN_POINT ( 'NONE',  ( -0.001260736657033113828, 0.2657965887213825096, 0.1028582916228820004 ) ) ;
#2609 = DIRECTION ( 'NONE',  ( -0.2094058710287509117, -0.9778288040081526411, -0.0001059748836810753617 ) ) ;
#2610 = CARTESIAN_POINT ( 'NONE',  ( -0.05992031114984693041, 0.2568986664921090179, 0.09424328451625978154 ) ) ;
#2611 = CARTESIAN_POINT ( 'NONE',  ( 0.04540331836665352505, 0.2544739281796448704, 0.1018819069635758107 ) ) ;
#2612 = VERTEX_POINT ( 'NONE', #1797 ) ;
#2613 = AXIS2_PLACEMENT_3D ( 'NONE', #3182, #2310, #1408 ) ;
#2614 = CARTESIAN_POINT ( 'NONE',  ( 0.05575793136946657902, 0.2479339245658201407, 0.1128871429694238981 ) ) ;
#2615 = CARTESIAN_POINT ( 'NONE',  ( 0.04500194965356889287, 0.2384057845903775064, 0.1132272465893019581 ) ) ;
#2616 = AXIS2_PLACEMENT_3D ( 'NONE', #3008, #1848, #1581 ) ;
#2617 = EDGE_CURVE ( 'NONE', #706, #1426, #2376, .T. ) ;
#2618 = EDGE_LOOP ( 'NONE', ( #3501, #672, #3181 ) ) ;
#2619 = DIRECTION ( 'NONE',  ( 0.9778286787918324396, -0.2094058978443200658, 0.0004948537497350001708 ) ) ;
#2620 = CARTESIAN_POINT ( 'NONE',  ( -0.01347812244727825993, 0.2766788760340927467, 0.1053521090161396723 ) ) ;
#2621 = CARTESIAN_POINT ( 'NONE',  ( 0.02621881886559218958, 0.2711594629995331407, 0.1183978118827017229 ) ) ;
#2622 = APPLICATION_PROTOCOL_DEFINITION ( 'international standard', 'config_control_design', 1994, #1336 ) ;
#2623 = VERTEX_POINT ( 'NONE', #2620 ) ;
#2624 = FACE_OUTER_BOUND ( 'NONE', #2618, .T. ) ;
#2625 = DIRECTION ( 'NONE',  ( -0.9863287186144908958, 0.1647889853120761416, -0.0004991553995744813996 ) ) ;
#2626 = DIRECTION ( 'NONE',  ( 0.0005060740159284919442, -1.908060298302924897E-16, -0.9999998719445369888 ) ) ;
#2627 = DIRECTION ( 'NONE',  ( 0.2094058710287506619, 0.9778288040081526411, 0.0001059748836761661891 ) ) ;
#2628 = DIRECTION ( 'NONE',  ( -0.0005060740159284919442, 1.908060298302924897E-16, 0.9999998719445369888 ) ) ;
#2629 = ADVANCED_FACE ( 'NONE', ( #2673 ), #1531, .T. ) ;
#2630 = ORIENTED_EDGE ( 'NONE', *, *, #651, .F. ) ;
#2631 = CARTESIAN_POINT ( 'NONE',  ( 0.04571178159854125123, 0.2388226097922801217, 0.1131528441167420351 ) ) ;
#2632 = EDGE_LOOP ( 'NONE', ( #1231, #1460, #2262, #666 ) ) ;
#2633 = CARTESIAN_POINT ( 'NONE',  ( -0.05312762762732439747, 0.2886636472978360013, 0.1138320445423237903 ) ) ;
#2634 = CARTESIAN_POINT ( 'NONE',  ( -0.004964333765647963893, 0.2468142159461412244, 0.1188564193772673888 ) ) ;
#2635 = CIRCLE ( 'NONE', #3183, 0.001099999999999995729 ) ;
#2636 = DIRECTION ( 'NONE',  ( 0.2094058710287506619, 0.9778288040081526411, 0.0001059748836761661891 ) ) ;
#2637 = ORIENTED_EDGE ( 'NONE', *, *, #671, .F. ) ;
#2638 = COORDINATED_UNIVERSAL_TIME_OFFSET ( 2, 0, .AHEAD. ) ;
#2639 = ORIENTED_EDGE ( 'NONE', *, *, #1899, .F. ) ;
#2640 = ADVANCED_FACE ( 'NONE', ( #3489 ), #339, .F. ) ;
#2641 = DIRECTION ( 'NONE',  ( -0.9778286787918324396, 0.2094058978443200658, -0.0004948537497350001708 ) ) ;
#2642 = DIRECTION ( 'NONE',  ( 0.9778286787918324396, -0.2094058978443200658, 0.0004948537497350001708 ) ) ;
#2643 = DIRECTION ( 'NONE',  ( 0.9778286787918324396, -0.2094058978443200658, 0.0004948537497350001708 ) ) ;
#2644 = EDGE_CURVE ( 'NONE', #521, #3105, #96, .T. ) ;
#2645 = CARTESIAN_POINT ( 'NONE',  ( 0.04359805406380177356, 0.2671298432411289836, 0.1145613951291980237 ) ) ;
#2646 = CARTESIAN_POINT ( 'NONE',  ( -0.01340620225082926088, 0.2768161608865633005, 0.1045137149146588423 ) ) ;
#2647 = ORIENTED_EDGE ( 'NONE', *, *, #954, .F. ) ;
#2648 = CARTESIAN_POINT ( 'NONE',  ( -0.05573271662903210577, 0.2669281675747700033, 0.1053307250858303984 ) ) ;
#2649 = VECTOR ( 'NONE', #3080, 1.000000000000000000 ) ;
#2650 =( BOUNDED_CURVE ( )  B_SPLINE_CURVE ( 3, ( #2385, #749, #2969, #2706 ),
 .UNSPECIFIED., .F., .F. ) 
 B_SPLINE_CURVE_WITH_KNOTS ( ( 4, 4 ),
 ( 5.497787143782124630, 6.283185307179572021 ),
 .UNSPECIFIED. ) 
 CURVE ( )  GEOMETRIC_REPRESENTATION_ITEM ( )  RATIONAL_B_SPLINE_CURVE ( ( 1.000000000000000000, 0.9492530216741894566, 0.9492530216741894566, 1.000000000000000000 ) ) 
 REPRESENTATION_ITEM ( '' )  );
#2651 = EDGE_LOOP ( 'NONE', ( #3581, #3538, #1599, #3508 ) ) ;
#2652 = CARTESIAN_POINT ( 'NONE',  ( 0.05084416429112720293, 0.2438949218974491573, 0.1128429879260658270 ) ) ;
#2653 = VERTEX_POINT ( 'NONE', #3471 ) ;
#2654 = CARTESIAN_POINT ( 'NONE',  ( -0.01501914370832187900, 0.2446152823546231259, 0.1003235019172360742 ) ) ;
#2655 = CARTESIAN_POINT ( 'NONE',  ( -0.01092731748493285318, 0.2801300829127002512, 0.09331786448986545413 ) ) ;
#2656 = CARTESIAN_POINT ( 'NONE',  ( 0.04567149740686349962, 0.2557451056248554733, 0.1098820437064809974 ) ) ;
#2657 = ORIENTED_EDGE ( 'NONE', *, *, #692, .T. ) ;
#2658 = EDGE_LOOP ( 'NONE', ( #512, #2178, #3069, #1251 ) ) ;
#2659 = CARTESIAN_POINT ( 'NONE',  ( 0.04814294417594010278, 0.2109686327740869782, 0.1129009837242549996 ) ) ;
#2660 = FACE_OUTER_BOUND ( 'NONE', #434, .T. ) ;
#2661 = CARTESIAN_POINT ( 'NONE',  ( -0.05077565815068780380, 0.2518566657771034722, 0.09883323289228240771 ) ) ;
#2662 = EDGE_CURVE ( 'NONE', #3085, #791, #2114, .T. ) ;
#2663 = EDGE_CURVE ( 'NONE', #2256, #871, #2058, .T. ) ;
#2664 = CARTESIAN_POINT ( 'NONE',  ( 0.04648103896094643583, 0.2690644720995560291, 0.09833410386720251029 ) ) ;
#2665 = ORIENTED_EDGE ( 'NONE', *, *, #2297, .T. ) ;
#2666 = CARTESIAN_POINT ( 'NONE',  ( -0.003358337885432124623, 0.2560183006813009920, 0.1098572309776570111 ) ) ;
#2667 = ORIENTED_EDGE ( 'NONE', *, *, #720, .T. ) ;
#2668 = CC_DESIGN_APPROVAL ( #3537, ( #2087 ) ) ;
#2669 = CARTESIAN_POINT ( 'NONE',  ( 0.05184369833815136858, 0.2590931076844125713, 0.1129791316805734552 ) ) ;
#2670 = ORIENTED_EDGE ( 'NONE', *, *, #3382, .T. ) ;
#2671 = AXIS2_PLACEMENT_3D ( 'NONE', #3216, #1500, #2643 ) ;
#2672 = LINE ( 'NONE', #1247, #1241 ) ;
#2673 = FACE_OUTER_BOUND ( 'NONE', #367, .T. ) ;
#2674 = EDGE_CURVE ( 'NONE', #3124, #337, #2939, .T. ) ;
#2675 = CARTESIAN_POINT ( 'NONE',  ( -0.01496060967103960034, 0.2445781795024510041, 0.1108513594966839960 ) ) ;
#2676 = VERTEX_POINT ( 'NONE', #1779 ) ;
#2677 = ORIENTED_EDGE ( 'NONE', *, *, #1492, .T. ) ;
#2678 =( BOUNDED_CURVE ( )  B_SPLINE_CURVE ( 3, ( #3275, #1579, #1827, #2721 ),
 .UNSPECIFIED., .F., .F. ) 
 B_SPLINE_CURVE_WITH_KNOTS ( ( 4, 4 ),
 ( 1.236645992331036004, 1.377103337740018141 ),
 .UNSPECIFIED. ) 
 CURVE ( )  GEOMETRIC_REPRESENTATION_ITEM ( )  RATIONAL_B_SPLINE_CURVE ( ( 1.000000000000000000, 0.9983566534345241772, 0.9983566534345241772, 1.000000000000000000 ) ) 
 REPRESENTATION_ITEM ( '' )  );
#2679 = CARTESIAN_POINT ( 'NONE',  ( 0.01326752499530010031, 0.2184367240835110024, 0.1185885360556691998 ) ) ;
#2680 = CARTESIAN_POINT ( 'NONE',  ( -0.007020552104587560183, 0.2758920226219800376, 0.1028553767295739968 ) ) ;
#2681 = CARTESIAN_POINT ( 'NONE',  ( -0.01151172369706290020, 0.2766428838390885270, 0.09685310309570609177 ) ) ;
#2682 = B_SPLINE_SURFACE_WITH_KNOTS ( 'NONE', 3, 3, ( 
 ( #1684, #1944, #1962, #3093, #2828 ),
 ( #1096, #561, #1701, #3133, #2864 ),
 ( #1115, #2584, #3711, #523, #2542 ),
 ( #1157, #2845, #2563, #1385, #2279 ),
 ( #300, #1435, #2258, #3452, #22 ),
 ( #2525, #2241, #3412, #837, #1248 ) ),
 .UNSPECIFIED., .F., .F., .F.,
 ( 4, 1, 1, 4 ),
 ( 4, 1, 4 ),
 ( 0.000000000000000000, 0.2857142857142860315, 0.5714285714285709528, 1.000000000000000000 ),
 ( -1.570796326794899889, -1.099824402716930161, -0.4718618372796409832 ),
 .UNSPECIFIED. ) ;
#2683 = CARTESIAN_POINT ( 'NONE',  ( 0.04529109236773638109, 0.2696640858554797959, 0.09853807005549353182 ) ) ;
#2684 = LINE ( 'NONE', #680, #1449 ) ;
#2685 = CARTESIAN_POINT ( 'NONE',  ( -0.01304381278621920097, 0.2482670467400574787, 0.09455842434066699664 ) ) ;
#2686 = CARTESIAN_POINT ( 'NONE',  ( 0.05206116537136849104, 0.2403867020311608593, 0.1128085503473517798 ) ) ;
#2687 = EDGE_CURVE ( 'NONE', #2612, #1088, #635, .T. ) ;
#2688 = ORIENTED_EDGE ( 'NONE', *, *, #2172, .T. ) ;
#2689 = EDGE_CURVE ( 'NONE', #1415, #1088, #59, .T. ) ;
#2690 = CARTESIAN_POINT ( 'NONE',  ( 0.04734834635242046730, 0.2648713135312890654, 0.1137287706070824883 ) ) ;
#2691 = EDGE_LOOP ( 'NONE', ( #1150, #91 ) ) ;
#2692 = DIRECTION ( 'NONE',  ( 0.9778286787918317735, -0.2094058978443224805, 0.0004948537497342918616 ) ) ;
#2693 = CARTESIAN_POINT ( 'NONE',  ( 0.03393570435817749864, 0.2367812449745164971, 0.1188761056783013970 ) ) ;
#2694 = CARTESIAN_POINT ( 'NONE',  ( 0.03238304177202456363, 0.2729036868922828929, 0.1173993445459156765 ) ) ;
#2695 = EDGE_CURVE ( 'NONE', #3417, #1536, #1553, .T. ) ;
#2696 = ORIENTED_EDGE ( 'NONE', *, *, #1470, .T. ) ;
#2697 = PERSON_AND_ORGANIZATION_ROLE ( 'creator' ) ;
#2698 = ORIENTED_EDGE ( 'NONE', *, *, #1631, .F. ) ;
#2699 = AXIS2_PLACEMENT_3D ( 'NONE', #3053, #1384, #1664 ) ;
#2700 = VECTOR ( 'NONE', #2642, 1.000000000000000000 ) ;
#2701 = CARTESIAN_POINT ( 'NONE',  ( 0.04126895843631119692, 0.2710052531148020027, 0.1108798158236739967 ) ) ;
#2702 = LINE ( 'NONE', #1233, #3126 ) ;
#2703 = CARTESIAN_POINT ( 'NONE',  ( 0.004808493537790985844, 0.2788142225127443474, 0.1033327753288107026 ) ) ;
#2704 = VECTOR ( 'NONE', #1834, 1.000000000000000000 ) ;
#2705 = CARTESIAN_POINT ( 'NONE',  ( -0.007155698403572490797, 0.2757102700230009695, 0.09458258000343970628 ) ) ;
#2706 = CARTESIAN_POINT ( 'NONE',  ( -0.06003802137127320360, 0.2563952967655669934, 0.1138285473711623946 ) ) ;
#2707 = DIRECTION ( 'NONE',  ( 0.2094058710287509117, 0.9778288040081526411, 0.0001059748836809999554 ) ) ;
#2708 = CARTESIAN_POINT ( 'NONE',  ( 0.05473310486917033757, 0.2448957811140992091, 0.1128657052331678845 ) ) ;
#2709 = VERTEX_POINT ( 'NONE', #2655 ) ;
#2710 = EDGE_CURVE ( 'NONE', #1739, #2984, #3191, .T. ) ;
#2711 = EDGE_CURVE ( 'NONE', #1901, #2816, #428, .T. ) ;
#2712 = ORIENTED_EDGE ( 'NONE', *, *, #2163, .F. ) ;
#2713 = CARTESIAN_POINT ( 'NONE',  ( -0.01495480178609390025, 0.2445779714006273420, 0.1009164364549936105 ) ) ;
#2714 = DIRECTION ( 'NONE',  ( -0.2094058710287509117, -0.9778288040081526411, -0.0001059748836811334885 ) ) ;
#2715 = CARTESIAN_POINT ( 'NONE',  ( -0.009371692691623110388, 0.2813545347774096816, 0.09885230026901092870 ) ) ;
#2716 = ORIENTED_EDGE ( 'NONE', *, *, #669, .F. ) ;
#2717 = ORIENTED_EDGE ( 'NONE', *, *, #572, .T. ) ;
#2718 = CARTESIAN_POINT ( 'NONE',  ( 0.02019620364731472204, 0.2397236759081230739, 0.1182947714552941010 ) ) ;
#2719 = CARTESIAN_POINT ( 'NONE',  ( 0.03232661933523840042, 0.2729014787062570280, 0.1174108249525712966 ) ) ;
#2720 = FACE_OUTER_BOUND ( 'NONE', #200, .T. ) ;
#2721 = CARTESIAN_POINT ( 'NONE',  ( 0.02295609268749684850, 0.2718581474980654722, 0.1187770496019888017 ) ) ;
#2722 = DIRECTION ( 'NONE',  ( -0.0005060740159284919442, 1.908060298302924897E-16, 0.9999998719445369888 ) ) ;
#2723 = DIRECTION ( 'NONE',  ( 0.2094058710287503566, 0.9778288040081527521, 0.0001059748836761662162 ) ) ;
#2724 = CARTESIAN_POINT ( 'NONE',  ( 0.04791340402469006221, 0.2366735023541446381, 0.1129130207568940086 ) ) ;
#2725 = EDGE_LOOP ( 'NONE', ( #184, #2958 ) ) ;
#2726 = ORIENTED_EDGE ( 'NONE', *, *, #2788, .T. ) ;
#2727 = CARTESIAN_POINT ( 'NONE',  ( -0.05573271662903210577, 0.2669281675747700033, 0.1053307250858303984 ) ) ;
#2728 = LINE ( 'NONE', #2203, #313 ) ;
#2729 = CARTESIAN_POINT ( 'NONE',  ( 0.03331755379679784967, 0.2338477585624919863, 0.09898334099557509758 ) ) ;
#2730 = AXIS2_PLACEMENT_3D ( 'NONE', #621, #2360, #1765 ) ;
#2731 = ORIENTED_EDGE ( 'NONE', *, *, #3449, .F. ) ;
#2732 = CARTESIAN_POINT ( 'NONE',  ( 0.01795403710107216708, 0.2402038132926246350, 0.1185842189129234503 ) ) ;
#2733 = CARTESIAN_POINT ( 'NONE',  ( 0.02437660180010147240, 0.2357786048811714441, 0.1174068009410571267 ) ) ;
#2734 = AXIS2_PLACEMENT_3D ( 'NONE', #3448, #815, #2580 ) ;
#2735 = CARTESIAN_POINT ( 'NONE',  ( -0.01449691108394835296, 0.2463006366099858568, 0.09502086961773922869 ) ) ;
#2736 = CARTESIAN_POINT ( 'NONE',  ( 0.04407582306015799672, 0.2701809489619684257, 0.09872885497147490530 ) ) ;
#2737 = DIRECTION ( 'NONE',  ( 0.0005060740159284919442, -1.908060298302924897E-16, -0.9999998719445369888 ) ) ;
#2738 = CARTESIAN_POINT ( 'NONE',  ( -0.003358337885432124623, 0.2560183006813009920, 0.1098572309776570111 ) ) ;
#2739 = CYLINDRICAL_SURFACE ( 'NONE', #432, 0.005000000000000009645 ) ;
#2740 = ORIENTED_EDGE ( 'NONE', *, *, #3371, .T. ) ;
#2741 = EDGE_CURVE ( 'NONE', #2482, #1018, #78, .T. ) ;
#2742 = ORIENTED_EDGE ( 'NONE', *, *, #1195, .T. ) ;
#2743 = CARTESIAN_POINT ( 'NONE',  ( 0.001176464383798268018, 0.2795908949264189758, 0.1138595264357683962 ) ) ;
#2744 = VERTEX_POINT ( 'NONE', #2357 ) ;
#2745 = DIRECTION ( 'NONE',  ( 0.9778286787918324396, -0.2094058978443200658, 0.0004948537497350000624 ) ) ;
#2746 = CARTESIAN_POINT ( 'NONE',  ( -0.05221798747685259950, 0.2833556914821065420, 0.1118325046315157972 ) ) ;
#2747 = CC_DESIGN_PERSON_AND_ORGANIZATION_ASSIGNMENT ( #1477, #3473, ( #2956 ) ) ;
#2748 = DIRECTION ( 'NONE',  ( 0.2094058710287569625, 0.9778288040081514199, 0.0001059748836790795894 ) ) ;
#2749 = AXIS2_PLACEMENT_3D ( 'NONE', #2959, #2427, #2692 ) ;
#2750 = EDGE_LOOP ( 'NONE', ( #1508, #1319, #1440, #2002 ) ) ;
#2751 = DIRECTION ( 'NONE',  ( -0.9673114570423947400, 0.2535908228498589545, -0.0004895312564061739345 ) ) ;
#2752 = CARTESIAN_POINT ( 'NONE',  ( 0.02503368340987578364, 0.2722717104131247567, 0.1185691358281096702 ) ) ;
#2753 = DIRECTION ( 'NONE',  ( 0.9863287186144907848, -0.1647889853120764747, 0.0004991553995743338397 ) ) ;
#2754 = EDGE_CURVE ( 'NONE', #892, #2355, #3505, .T. ) ;
#2755 = VECTOR ( 'NONE', #1926, 1.000000000000000000 ) ;
#2756 = CARTESIAN_POINT ( 'NONE',  ( 0.04358098121468745312, 0.2459668175847740113, 0.1028809848540324090 ) ) ;
#2757 = EDGE_CURVE ( 'NONE', #1170, #392, #3486, .T. ) ;
#2758 = CARTESIAN_POINT ( 'NONE',  ( -0.05388291312124188909, 0.2850848236000357860, 0.09183165949469124234 ) ) ;
#2759 = CARTESIAN_POINT ( 'NONE',  ( -0.001016828674843351992, 0.2799582652365870117, 0.1028584150583898016 ) ) ;
#2760 = B_SPLINE_CURVE_WITH_KNOTS ( 'NONE', 3,
 ( #640, #2284, #1441, #1196, #65, #899, #2344, #2606, #3195, #916 ),
 .UNSPECIFIED., .F., .F.,
 ( 4, 2, 2, 2, 4 ),
 ( 0.000000000000000000, 0.2500000000000001110, 0.5000000000000001110, 0.7500000000000001110, 1.000000000000000000 ),
 .UNSPECIFIED. ) ;
#2761 = DIRECTION ( 'NONE',  ( -0.0005060740159285463712, 0.000000000000000000, 0.9999998719445369888 ) ) ;
#2762 = AXIS2_PLACEMENT_3D ( 'NONE', #606, #305, #45 ) ;
#2763 = VERTEX_POINT ( 'NONE', #687 ) ;
#2764 = CARTESIAN_POINT ( 'NONE',  ( -0.009859515249227630840, 0.2432412722268585126, 0.1078539406441878096 ) ) ;
#2765 = ORIENTED_EDGE ( 'NONE', *, *, #219, .F. ) ;
#2766 = CARTESIAN_POINT ( 'NONE',  ( -0.007159907248451382808, 0.2809845400412331329, 0.1008655919448562671 ) ) ;
#2767 = AXIS2_PLACEMENT_3D ( 'NONE', #3258, #977, #178 ) ;
#2768 = DIRECTION ( 'NONE',  ( -0.0005060740159284919442, 1.908060298302924897E-16, 0.9999998719445369888 ) ) ;
#2769 = AXIS2_PLACEMENT_3D ( 'NONE', #3310, #1877, #3007 ) ;
#2770 = ORIENTED_EDGE ( 'NONE', *, *, #2823, .F. ) ;
#2771 = DIRECTION ( 'NONE',  ( 0.0005060740159284920527, -1.908331348846048492E-16, -0.9999998719445369888 ) ) ;
#2772 = CARTESIAN_POINT ( 'NONE',  ( 0.02465189404617319432, 0.2722217569366482959, 0.1186083281773635395 ) ) ;
#2773 = PLANE ( 'NONE',  #3387 ) ;
#2774 = CARTESIAN_POINT ( 'NONE',  ( -0.03255020466425109782, 0.2543602986523099685, 0.09684245606579058863 ) ) ;
#2775 = CARTESIAN_POINT ( 'NONE',  ( -0.01895739540135342113, 0.2510933581241560075, 0.1053493361227118286 ) ) ;
#2776 = DIRECTION ( 'NONE',  ( -0.0005060740159284919442, 1.908060298302924897E-16, 0.9999998719445369888 ) ) ;
#2777 = DIRECTION ( 'NONE',  ( 0.9673114570423947400, -0.2535908228498589545, 0.0004895312564062859325 ) ) ;
#2778 = EDGE_CURVE ( 'NONE', #2249, #320, #2581, .T. ) ;
#2779 = EDGE_CURVE ( 'NONE', #2999, #3105, #2449, .T. ) ;
#2780 = ORIENTED_EDGE ( 'NONE', *, *, #1742, .F. ) ;
#2781 = DIRECTION ( 'NONE',  ( -0.0005060740159284919442, 1.908060298302924897E-16, 0.9999998719445369888 ) ) ;
#2782 = ORIENTED_EDGE ( 'NONE', *, *, #2920, .T. ) ;
#2783 = CARTESIAN_POINT ( 'NONE',  ( -0.007386923872605074236, 0.2809573233249630930, 0.09977052242489742317 ) ) ;
#2784 = CARTESIAN_POINT ( 'NONE',  ( -0.009186618294955904013, 0.2813209724530332800, 0.09885427681505118414 ) ) ;
#2785 = ORIENTED_EDGE ( 'NONE', *, *, #1307, .F. ) ;
#2786 = CARTESIAN_POINT ( 'NONE',  ( 0.02317007539647932685, 0.2390868650039618126, 0.1177837148316834975 ) ) ;
#2787 = CARTESIAN_POINT ( 'NONE',  ( 0.02496114749775344213, 0.2722624057493749361, 0.1185767391081354732 ) ) ;
#2788 = EDGE_CURVE ( 'NONE', #2972, #1556, #1301, .T. ) ;
#2789 = CARTESIAN_POINT ( 'NONE',  ( -0.006780958715294270120, 0.2424334003741089871, 0.1138554993901886025 ) ) ;
#2790 = VECTOR ( 'NONE', #696, 1.000000000000000000 ) ;
#2791 = CYLINDRICAL_SURFACE ( 'NONE', #2374, 0.001099999999999995729 ) ;
#2792 = AXIS2_PLACEMENT_3D ( 'NONE', #2133, #986, #761 ) ;
#2793 = DIRECTION ( 'NONE',  ( 0.9673114570423946290, -0.2535908228498591765, 0.0004895312564062013648 ) ) ;
#2794 = FACE_OUTER_BOUND ( 'NONE', #1211, .T. ) ;
#2795 = VECTOR ( 'NONE', #2248, 1.000000000000000000 ) ;
#2796 = DIRECTION ( 'NONE',  ( -0.0005060740159284919442, 1.908873449932291244E-16, 0.9999998719445369888 ) ) ;
#2797 = CIRCLE ( 'NONE', #502, 0.001099999999999995729 ) ;
#2798 = AXIS2_PLACEMENT_3D ( 'NONE', #3424, #848, #3165 ) ;
#2799 = CARTESIAN_POINT ( 'NONE',  ( -0.05572942714792857022, 0.2669281675747700033, 0.09883072591819090646 ) ) ;
#2800 = EDGE_LOOP ( 'NONE', ( #2239, #1106, #704, #1716 ) ) ;
#2801 = CARTESIAN_POINT ( 'NONE',  ( 0.03854394933654160110, 0.2334676212097039349, 0.09837903575631665176 ) ) ;
#2802 = ORIENTED_EDGE ( 'NONE', *, *, #2741, .F. ) ;
#2803 = ADVANCED_FACE ( 'NONE', ( #1056 ), #2997, .T. ) ;
#2804 = CARTESIAN_POINT ( 'NONE',  ( 0.04474598084611355192, 0.2699017798478758889, 0.1144431021144765304 ) ) ;
#2805 = CARTESIAN_POINT ( 'NONE',  ( -0.01675713369450138046, 0.2450601958064030916, 0.09885044496165773520 ) ) ;
#2806 = VERTEX_POINT ( 'NONE', #726 ) ;
#2807 = CARTESIAN_POINT ( 'NONE',  ( 0.02770749019582730011, 0.2381152669509089270, 0.1167954044032468719 ) ) ;
#2808 = DIRECTION ( 'NONE',  ( 0.0005060740159258310953, 0.000000000000000000, -0.9999998719445369888 ) ) ;
#2809 = CARTESIAN_POINT ( 'NONE',  ( 0.03233654824394396887, 0.2698494492212877294, 0.1172726096466042978 ) ) ;
#2810 = CIRCLE ( 'NONE', #3651, 0.008000000000000012310 ) ;
#2811 = CYLINDRICAL_SURFACE ( 'NONE', #3341, 0.005000000000000001839 ) ;
#2812 = LINE ( 'NONE', #491, #3611 ) ;
#2813 = CARTESIAN_POINT ( 'NONE',  ( -0.05077565815068780380, 0.2518566657771034722, 0.09883323289228240771 ) ) ;
#2814 = FACE_OUTER_BOUND ( 'NONE', #604, .T. ) ;
#2815 = CARTESIAN_POINT ( 'NONE',  ( -0.01347703758790040098, 0.2766810671934785137, 0.1054267731322953705 ) ) ;
#2816 = VERTEX_POINT ( 'NONE', #1570 ) ;
#2817 = CARTESIAN_POINT ( 'NONE',  ( 0.04340032324773415023, 0.2618560846893550065, 0.1108808944521615936 ) ) ;
#2818 = CIRCLE ( 'NONE', #1680, 0.006500000000000001436 ) ;
#2819 = CIRCLE ( 'NONE', #483, 0.001099999999999982719 ) ;
#2820 = CIRCLE ( 'NONE', #1618, 0.006500000000000001436 ) ;
#2821 = ORIENTED_EDGE ( 'NONE', *, *, #1244, .T. ) ;
#2822 = CARTESIAN_POINT ( 'NONE',  ( 0.05311006529319142050, 0.2629480586465403058, 0.1129457485627718416 ) ) ;
#2823 = EDGE_CURVE ( 'NONE', #1159, #904, #985, .T. ) ;
#2824 = CARTESIAN_POINT ( 'NONE',  ( 0.03755371566376174836, 0.2364193380895561747, 0.1144428983547083334 ) ) ;
#2825 = EDGE_CURVE ( 'NONE', #99, #2709, #2341, .T. ) ;
#2826 = ORIENTED_EDGE ( 'NONE', *, *, #1845, .T. ) ;
#2827 = CARTESIAN_POINT ( 'NONE',  ( 0.04330925965636597125, 0.2446956401395634084, 0.1018808472147390148 ) ) ;
#2828 = CARTESIAN_POINT ( 'NONE',  ( -0.007155698403572490797, 0.2757102700230009695, 0.09458258000343970628 ) ) ;
#2829 = CARTESIAN_POINT ( 'NONE',  ( -0.01880134984809891593, 0.2498910750545907111, 0.1033674799749402518 ) ) ;
#2830 = CARTESIAN_POINT ( 'NONE',  ( -0.007020552104587560183, 0.2758920226219800376, 0.1028553767295739968 ) ) ;
#2831 = CARTESIAN_POINT ( 'NONE',  ( -0.01801479130018305078, 0.2477222241994129770, 0.1078498134703572003 ) ) ;
#2832 = DIRECTION ( 'NONE',  ( -0.0005060740159283820061, 1.673698151852254821E-16, 0.9999998719445369888 ) ) ;
#2833 = DIRECTION ( 'NONE',  ( 0.2094058710287543257, 0.9778288040081519750, 0.0001059748836790796436 ) ) ;
#2834 = CARTESIAN_POINT ( 'NONE',  ( -0.01249435854390219119, 0.2781868419503298329, 0.1076413501131553013 ) ) ;
#2835 = ORIENTED_EDGE ( 'NONE', *, *, #2271, .F. ) ;
#2836 = ORIENTED_EDGE ( 'NONE', *, *, #2048, .F. ) ;
#2837 = DIRECTION ( 'NONE',  ( 0.2094058710287509117, 0.9778288040081526411, 0.0001059748836809999554 ) ) ;
#2838 = EDGE_CURVE ( 'NONE', #3669, #2431, #3321, .T. ) ;
#2839 = ORIENTED_EDGE ( 'NONE', *, *, #2695, .F. ) ;
#2840 = CARTESIAN_POINT ( 'NONE',  ( 0.05287582109171708872, 0.2632939424181565125, 0.1129693075027660559 ) ) ;
#2841 = DIRECTION ( 'NONE',  ( 0.0005060740159258310953, 0.000000000000000000, -0.9999998719445369888 ) ) ;
#2842 = B_SPLINE_CURVE_WITH_KNOTS ( 'NONE', 3,
 ( #2775, #1388, #2530, #2510, #2492, #196, #3402, #1101, #2244, #1984, #3119, #266, #1119, #1327, #787, #1402, #3660, #3641, #1346, #2193, #2213, #3348, #1084, #3366, #546, #2831 ),
 .UNSPECIFIED., .F., .F.,
 ( 4, 2, 2, 1, 2, 2, 2, 2, 1, 1, 1, 2, 2, 2, 4 ),
 ( 0.5000000000000000000, 0.5624999999999769074, 0.5937499999999678035, 0.6093749999999648059, 0.6171874999999632516, 0.6249999999999618083, 0.6874999999999704681, 0.7187499999999734657, 0.7343749999999762412, 0.7421874999999787947, 0.7460937499999800160, 0.7480468749999782396, 0.7499999999999764633, 0.8749999999999882316, 1.000000000000000000 ),
 .UNSPECIFIED. ) ;
#2843 = EDGE_LOOP ( 'NONE', ( #812, #1058, #2268, #3150 ) ) ;
#2844 = CARTESIAN_POINT ( 'NONE',  ( 0.04063851660237845220, 0.2680717667027774920, 0.1152745478159993980 ) ) ;
#2845 = CARTESIAN_POINT ( 'NONE',  ( -0.002367591104665380149, 0.2795134479229880453, 0.09985902031156440595 ) ) ;
#2846 = CARTESIAN_POINT ( 'NONE',  ( -0.01879852904890889562, 0.2498774855537586048, 0.1033593121321573632 ) ) ;
#2847 = EDGE_LOOP ( 'NONE', ( #1795, #776, #116, #3000, #3123 ) ) ;
#2848 = PLANE ( 'NONE',  #2112 ) ;
#2849 = CARTESIAN_POINT ( 'NONE',  ( -0.01109915407230125002, 0.2435669198820341053, 0.1028533126548325377 ) ) ;
#2850 = FACE_OUTER_BOUND ( 'NONE', #774, .T. ) ;
#2851 = AXIS2_PLACEMENT_3D ( 'NONE', #778, #3072, #2413 ) ;
#2852 = FACE_OUTER_BOUND ( 'NONE', #1952, .T. ) ;
#2853 = ORIENTED_EDGE ( 'NONE', *, *, #1066, .T. ) ;
#2854 = ORIENTED_EDGE ( 'NONE', *, *, #2293, .T. ) ;
#2855 = DIRECTION ( 'NONE',  ( -0.0005060740159284919442, 1.908060298302924897E-16, 0.9999998719445369888 ) ) ;
#2856 = AXIS2_PLACEMENT_3D ( 'NONE', #1183, #1737, #2574 ) ;
#2857 = CARTESIAN_POINT ( 'NONE',  ( -0.006775454379193059963, 0.2424334003741089871, 0.1029789571787670110 ) ) ;
#2858 = EDGE_CURVE ( 'NONE', #743, #2136, #740, .T. ) ;
#2859 = ORIENTED_EDGE ( 'NONE', *, *, #2028, .F. ) ;
#2860 = CARTESIAN_POINT ( 'NONE',  ( 0.04455171294145907068, 0.2699836150988633166, 0.1144881665803538506 ) ) ;
#2861 = CARTESIAN_POINT ( 'NONE',  ( -0.003086110253094746965, 0.2572894781265115949, 0.1098573687450057901 ) ) ;
#2862 = ORIENTED_EDGE ( 'NONE', *, *, #1448, .F. ) ;
#2863 = DIRECTION ( 'NONE',  ( 0.9778286787918324396, -0.2094058978443200658, 0.0004948537497350001708 ) ) ;
#2864 = CARTESIAN_POINT ( 'NONE',  ( -0.007002100532204710674, 0.2764618707378305174, 0.09456854050820841240 ) ) ;
#2865 = APPROVAL ( #931, 'UNSPECIFIED' ) ;
#2866 = CARTESIAN_POINT ( 'NONE',  ( -0.01308628561530767419, 0.2484098890144645633, 0.09459788476400923796 ) ) ;
#2867 = APPROVAL_DATE_TIME ( #583, #3537 ) ;
#2868 = ORIENTED_EDGE ( 'NONE', *, *, #199, .T. ) ;
#2869 = CYLINDRICAL_SURFACE ( 'NONE', #1513, 0.001099999999999982719 ) ;
#2870 = CARTESIAN_POINT ( 'NONE',  ( -0.009856984879147989709, 0.2432412722268585126, 0.1028539412844649975 ) ) ;
#2871 =( BOUNDED_CURVE ( )  B_SPLINE_CURVE ( 3, ( #547, #1161, #1689, #1120 ),
 .UNSPECIFIED., .F., .F. ) 
 B_SPLINE_CURVE_WITH_KNOTS ( ( 4, 4 ),
 ( 3.141592653589804218, 4.396811932514161469 ),
 .UNSPECIFIED. ) 
 CURVE ( )  GEOMETRIC_REPRESENTATION_ITEM ( )  RATIONAL_B_SPLINE_CURVE ( ( 1.000000000000000000, 0.8729556445928788877, 0.8729556445928788877, 1.000000000000000000 ) ) 
 REPRESENTATION_ITEM ( '' )  );
#2872 = DIRECTION ( 'NONE',  ( 0.08040255574600048416, -0.9967624728960575720, 4.068964948866752207E-05 ) ) ;
#2873 = ADVANCED_FACE ( 'NONE', ( #1923 ), #1853, .F. ) ;
#2874 = EDGE_CURVE ( 'NONE', #2431, #1663, #2132, .T. ) ;
#2875 = CARTESIAN_POINT ( 'NONE',  ( 0.001179563305967842000, 0.2795908949264189758, 0.1077360708241330012 ) ) ;
#2876 = EDGE_LOOP ( 'NONE', ( #3279, #2056, #2742, #981 ) ) ;
#2877 = CARTESIAN_POINT ( 'NONE',  ( 0.04594777363132827863, 0.2570162830700660761, 0.1018821824982733687 ) ) ;
#2878 = CARTESIAN_POINT ( 'NONE',  ( -0.01060402795895578135, 0.2434371173891730078, 0.1028535632253251980 ) ) ;
#2879 = CARTESIAN_POINT ( 'NONE',  ( -0.008808179964380992780, 0.2429663170411132389, 0.1028544720574481319 ) ) ;
#2880 = AXIS2_PLACEMENT_3D ( 'NONE', #3616, #1683, #1607 ) ;
#2881 = VECTOR ( 'NONE', #213, 1.000000000000000000 ) ;
#2882 = ORIENTED_EDGE ( 'NONE', *, *, #3384, .T. ) ;
#2883 = CARTESIAN_POINT ( 'NONE',  ( 0.05589812648825428359, 0.2485908696655917682, 0.1128871968184401720 ) ) ;
#2884 = CARTESIAN_POINT ( 'NONE',  ( 0.04898662782642199814, 0.2414953986740051295, 0.1129107520205605425 ) ) ;
#2885 = AXIS2_PLACEMENT_3D ( 'NONE', #3016, #3628, #1020 ) ;
#2886 = VERTEX_POINT ( 'NONE', #1320 ) ;
#2887 = CARTESIAN_POINT ( 'NONE',  ( -0.01068777887601319969, 0.2815745280636849923, 0.09685352007282399533 ) ) ;
#2888 = CARTESIAN_POINT ( 'NONE',  ( -0.001650303426516365512, 0.2800636702121342414, 0.1079627766948096507 ) ) ;
#2889 = CARTESIAN_POINT ( 'NONE',  ( -0.01279230409076699895, 0.2493899220275135054, 0.09457972746339810000 ) ) ;
#2890 = ORIENTED_EDGE ( 'NONE', *, *, #175, .F. ) ;
#2891 = DIRECTION ( 'NONE',  ( 0.2094058710287543257, 0.9778288040081519750, 0.0001059748836790796436 ) ) ;
#2892 = PLANE ( 'NONE',  #2941 ) ;
#2893 = DIRECTION ( 'NONE',  ( 0.0005060740159284919442, -1.908060298302924897E-16, -0.9999998719445369888 ) ) ;
#2894 = VECTOR ( 'NONE', #1278, 1.000000000000000000 ) ;
#2895 = CARTESIAN_POINT ( 'NONE',  ( -0.05078223711289490266, 0.2518566657771034722, 0.1118332312275613916 ) ) ;
#2896 = CIRCLE ( 'NONE', #3377, 0.004999999999999990563 ) ;
#2897 = B_SPLINE_CURVE_WITH_KNOTS ( 'NONE', 3,
 ( #1341, #1059, #3379, #2208, #3360 ),
 .UNSPECIFIED., .F., .F.,
 ( 4, 1, 4 ),
 ( 0.4999957428733247111, 0.7142857142857097497, 1.000000000000000000 ),
 .UNSPECIFIED. ) ;
#2898 = CYLINDRICAL_SURFACE ( 'NONE', #2350, 0.002500000000000011761 ) ;
#2899 = CARTESIAN_POINT ( 'NONE',  ( -0.01412503519945406023, 0.2443603978422655143, 0.1011941793728398098 ) ) ;
#2900 = EDGE_CURVE ( 'NONE', #1735, #2253, #781, .T. ) ;
#2901 = ORIENTED_EDGE ( 'NONE', *, *, #1854, .F. ) ;
#2902 = CARTESIAN_POINT ( 'NONE',  ( 0.05484734807024425202, 0.2451651773092988484, 0.1128685283152543323 ) ) ;
#2903 = CARTESIAN_POINT ( 'NONE',  ( 0.05068748210050355585, 0.2611719956027407363, 0.1131338527377279829 ) ) ;
#2904 = ORIENTED_EDGE ( 'NONE', *, *, #941, .F. ) ;
#2905 = DIRECTION ( 'NONE',  ( 0.1729028464873977600, 0.8060386764940895565, -0.5660443954958055413 ) ) ;
#2906 = CARTESIAN_POINT ( 'NONE',  ( -0.001260230583017185949, 0.2657965887213825096, 0.1018582917509373992 ) ) ;
#2907 = LINE ( 'NONE', #97, #3205 ) ;
#2908 = EDGE_CURVE ( 'NONE', #2030, #3124, #2728, .T. ) ;
#2909 = ORIENTED_EDGE ( 'NONE', *, *, #2954, .F. ) ;
#2910 = CARTESIAN_POINT ( 'NONE',  ( 0.007049003270724480026, 0.2783344595393529852, 0.1028624969668770067 ) ) ;
#2911 = CARTESIAN_POINT ( 'NONE',  ( -0.05078223711289490266, 0.2518566657771034722, 0.1118332312275613916 ) ) ;
#2912 = FACE_BOUND ( 'NONE', #31, .T. ) ;
#2913 = CARTESIAN_POINT ( 'NONE',  ( -0.01210369388732572202, 0.2785973438236282740, 0.1029483640917048665 ) ) ;
#2914 = ORIENTED_EDGE ( 'NONE', *, *, #2741, .T. ) ;
#2915 = DIRECTION ( 'NONE',  ( -0.0005060740159284919442, 1.908060298302924897E-16, 0.9999998719445369888 ) ) ;
#2916 = APPROVAL_PERSON_ORGANIZATION ( #63, #3537, #1193 ) ;
#2917 = ORIENTED_EDGE ( 'NONE', *, *, #460, .F. ) ;
#2918 = CIRCLE ( 'NONE', #1955, 0.001099999999999982719 ) ;
#2919 = CARTESIAN_POINT ( 'NONE',  ( 0.05009345707163451872, 0.2620785345639388697, 0.1132221210344245138 ) ) ;
#2920 = EDGE_CURVE ( 'NONE', #2537, #2578, #1541, .T. ) ;
#2921 = EDGE_CURVE ( 'NONE', #325, #385, #2445, .T. ) ;
#2922 = VERTEX_POINT ( 'NONE', #789 ) ;
#2923 = FACE_OUTER_BOUND ( 'NONE', #1484, .T. ) ;
#2924 = CARTESIAN_POINT ( 'NONE',  ( -0.003307258023213164016, 0.2456553996661734462, 0.1187609196093110109 ) ) ;
#2925 = CARTESIAN_POINT ( 'NONE',  ( -0.01401176391973556028, 0.2443304910384330175, 0.1028518386584813954 ) ) ;
#2926 = DIRECTION ( 'NONE',  ( 0.9673114570423947400, -0.2535908228498589545, 0.0004895312564061739345 ) ) ;
#2927 = VERTEX_POINT ( 'NONE', #3680 ) ;
#2928 = CARTESIAN_POINT ( 'NONE',  ( -0.008931855874300649936, 0.2429987399753549826, 0.1028544094682758009 ) ) ;
#2929 = DIRECTION ( 'NONE',  ( -0.0005060740159284919442, 1.908060298302924897E-16, 0.9999998719445369888 ) ) ;
#2930 = DIRECTION ( 'NONE',  ( -0.0005060740159285199167, 6.032429276881100036E-17, 0.9999998719445369888 ) ) ;
#2931 = CARTESIAN_POINT ( 'NONE',  ( -0.01347764650502520159, 0.2766797585102523382, 0.1053066553516676107 ) ) ;
#2932 = ORIENTED_EDGE ( 'NONE', *, *, #1932, .T. ) ;
#2933 = CARTESIAN_POINT ( 'NONE',  ( -0.01224461427061609986, 0.2492238592500694849, 0.09569868686037590055 ) ) ;
#2934 = ORIENTED_EDGE ( 'NONE', *, *, #3224, .F. ) ;
#2935 = CARTESIAN_POINT ( 'NONE',  ( 0.04580959933952698238, 0.2388838687106824565, 0.1131432037059512119 ) ) ;
#2936 = B_SPLINE_CURVE_WITH_KNOTS ( 'NONE', 3,
 ( #215, #3701, #1632, #531, #2497, #845, #1425, #3389, #1951, #2216, #808, #825, #3065, #3104, #2834, #1104, #1391, #1067, #3370, #3084, #1671, #2815, #494 ),
 .UNSPECIFIED., .F., .F.,
 ( 4, 1, 1, 1, 1, 1, 1, 1, 1, 1, 1, 1, 1, 1, 1, 1, 1, 1, 1, 1, 4 ),
 ( 0.000000000000000000, 0.01747244119675503415, 0.03624458671077417093, 0.05632307281162881457, 0.07771331391871789951, 0.1004197800509678273, 0.1244462005351163886, 0.1418160097237059214, 0.1881270182177015027, 0.2228340721987528694, 0.2513440244379560595, 0.3180249369810068671, 0.3742661764480162412, 0.4409484897079571364, 0.5009711501995478544, 0.5324321300958446690, 0.5629602880563249201, 0.5945294308151560791, 0.6257614723291524683, 0.6417947788195408343, 0.6576533391690292385 ),
 .UNSPECIFIED. ) ;
#2937 = ORIENTED_EDGE ( 'NONE', *, *, #3034, .F. ) ;
#2938 = CARTESIAN_POINT ( 'NONE',  ( -0.01518049673067408713, 0.2447122895260965547, 0.09964327170836385916 ) ) ;
#2939 = LINE ( 'NONE', #2039, #3305 ) ;
#2940 = ADVANCED_FACE ( 'NONE', ( #2245 ), #235, .F. ) ;
#2941 = AXIS2_PLACEMENT_3D ( 'NONE', #3419, #5, #2285 ) ;
#2942 = CARTESIAN_POINT ( 'NONE',  ( 0.02295609268749684850, 0.2718581474980654722, 0.1187770496019888017 ) ) ;
#2943 = ADVANCED_FACE ( 'NONE', ( #2814 ), #2739, .T. ) ;
#2944 = ORIENTED_EDGE ( 'NONE', *, *, #1702, .F. ) ;
#2945 = APPROVAL_STATUS ( 'not_yet_approved' ) ;
#2946 = ORIENTED_EDGE ( 'NONE', *, *, #1307, .T. ) ;
#2947 = CARTESIAN_POINT ( 'NONE',  ( 0.01943778649434053929, 0.2398860826779384559, 0.1183984472500206886 ) ) ;
#2948 = CARTESIAN_POINT ( 'NONE',  ( 0.04357693262256000233, 0.2459668175847740113, 0.1108809838295885947 ) ) ;
#2949 = LINE ( 'NONE', #2966, #1900 ) ;
#2950 = CARTESIAN_POINT ( 'NONE',  ( -0.01347812244727825993, 0.2766788760340927467, 0.1053521090161396723 ) ) ;
#2951 = CARTESIAN_POINT ( 'NONE',  ( 0.04567099133284750062, 0.2557451056248554733, 0.1108820435784254044 ) ) ;
#2952 = CARTESIAN_POINT ( 'NONE',  ( -0.01346911724159569924, 0.2463647288539770053, 0.09606606440641710098 ) ) ;
#2953 = VECTOR ( 'NONE', #1594, 1.000000000000000000 ) ;
#2954 = EDGE_CURVE ( 'NONE', #2927, #1039, #3063, .T. ) ;
#2955 = EDGE_LOOP ( 'NONE', ( #3288, #592, #154 ) ) ;
#2956 = PRODUCT ( 'Rod2', 'Rod2', '', ( #1439 ) ) ;
#2957 = CARTESIAN_POINT ( 'NONE',  ( 0.05314174155461819787, 0.2546035208554807694, 0.1128450639243670783 ) ) ;
#2958 = ORIENTED_EDGE ( 'NONE', *, *, #963, .T. ) ;
#2959 = CARTESIAN_POINT ( 'NONE',  ( -0.004746770894981240142, 0.2614309594459525155, 0.09185652602269919753 ) ) ;
#2960 = DIRECTION ( 'NONE',  ( 0.0005060740159283820061, -1.673698151852254821E-16, -0.9999998719445369888 ) ) ;
#2961 = LINE ( 'NONE', #1532, #581 ) ;
#2962 = ORIENTED_EDGE ( 'NONE', *, *, #398, .T. ) ;
#2963 = ORIENTED_EDGE ( 'NONE', *, *, #323, .F. ) ;
#2964 = CARTESIAN_POINT ( 'NONE',  ( -0.1248876553803293932, 0.2480215637613260027, 0.1336627187941769879 ) ) ;
#2965 = CARTESIAN_POINT ( 'NONE',  ( -0.02046954807034805091, 0.2453650829439295022, 0.1118485716938032032 ) ) ;
#2966 = CARTESIAN_POINT ( 'NONE',  ( -0.001088175874334768034, 0.2499073216168009870, 0.1108583799758652011 ) ) ;
#2967 = CARTESIAN_POINT ( 'NONE',  ( 0.007047170717162311478, 0.2783344595393530407, 0.1064836141743396025 ) ) ;
#2968 = EDGE_CURVE ( 'NONE', #584, #1783, #2519, .T. ) ;
#2969 = CARTESIAN_POINT ( 'NONE',  ( -0.06003870143632439316, 0.2563952967655669379, 0.1151723527094041660 ) ) ;
#2970 = CARTESIAN_POINT ( 'NONE',  ( -0.01095679751982828014, 0.2476449413570050162, 0.09730051751817010708 ) ) ;
#2971 = CARTESIAN_POINT ( 'NONE',  ( 0.05587016079511552408, 0.2484579890079751108, 0.1128872052766088513 ) ) ;
#2972 = VERTEX_POINT ( 'NONE', #2196 ) ;
#2973 = PRODUCT_DEFINITION_FORMATION_WITH_SPECIFIED_SOURCE ( 'ANY', '', #2956, .NOT_KNOWN. ) ;
#2974 = CARTESIAN_POINT ( 'NONE',  ( 0.04794697831666992066, 0.2643711722591830515, 0.1136090117148410433 ) ) ;
#2975 = EDGE_CURVE ( 'NONE', #2744, #2409, #2820, .T. ) ;
#2976 = ORIENTED_EDGE ( 'NONE', *, *, #1587, .T. ) ;
#2977 = CIRCLE ( 'NONE', #520, 0.001300000000000004277 ) ;
#2978 = FACE_OUTER_BOUND ( 'NONE', #2153, .T. ) ;
#2979 = DIRECTION ( 'NONE',  ( -0.0005060740159284919442, 1.908060298302924897E-16, 0.9999998719445369888 ) ) ;
#2980 = AXIS2_PLACEMENT_3D ( 'NONE', #1306, #746, #2188 ) ;
#2981 = CARTESIAN_POINT ( 'NONE',  ( -0.001494625633276239251, 0.2647209770369735593, 0.1098581741541215517 ) ) ;
#2982 = AXIS2_PLACEMENT_3D ( 'NONE', #2648, #3571, #2349 ) ;
#2983 = VERTEX_POINT ( 'NONE', #477 ) ;
#2984 = VERTEX_POINT ( 'NONE', #1649 ) ;
#2985 = CARTESIAN_POINT ( 'NONE',  ( -0.007159003004220549846, 0.2809846203471815240, 0.1009265947255455903 ) ) ;
#2986 = DIRECTION ( 'NONE',  ( -0.0005060740159284919442, 1.908060298302924897E-16, 0.9999998719445369888 ) ) ;
#2987 = LINE ( 'NONE', #1826, #3223 ) ;
#2988 = DIRECTION ( 'NONE',  ( 0.2094058710287509117, 0.9778288040081526411, 0.0001059748836809999554 ) ) ;
#2989 = CARTESIAN_POINT ( 'NONE',  ( -0.05342421956733764410, 0.2872301715960181023, 0.09329635790921006477 ) ) ;
#2990 = CARTESIAN_POINT ( 'NONE',  ( -0.01017508921885140055, 0.2436819266616804813, 0.1006024760267605900 ) ) ;
#2991 = CARTESIAN_POINT ( 'NONE',  ( 0.04841231091792906616, 0.2370203172887204168, 0.1128874242331688177 ) ) ;
#2992 = EDGE_CURVE ( 'NONE', #393, #3378, #198, .T. ) ;
#2993 = EDGE_CURVE ( 'NONE', #1419, #3672, #3350, .T. ) ;
#2994 = ORIENTED_EDGE ( 'NONE', *, *, #1358, .T. ) ;
#2995 = ORIENTED_EDGE ( 'NONE', *, *, #1228, .T. ) ;
#2996 = DIRECTION ( 'NONE',  ( -0.0005060740159284919442, 1.908873449932291244E-16, 0.9999998719445369888 ) ) ;
#2997 = CYLINDRICAL_SURFACE ( 'NONE', #2885, 0.004999999999999994033 ) ;
#2998 = LINE ( 'NONE', #2205, #284 ) ;
#2999 = VERTEX_POINT ( 'NONE', #3062 ) ;
#3000 = ORIENTED_EDGE ( 'NONE', *, *, #1727, .F. ) ;
#3001 = AXIS2_PLACEMENT_3D ( 'NONE', #2568, #862, #3438 ) ;
#3002 = CARTESIAN_POINT ( 'NONE',  ( 0.01960767241328140523, 0.2398497034359251268, 0.1183754406416983873 ) ) ;
#3003 = CARTESIAN_POINT ( 'NONE',  ( -0.01806426735828031011, 0.2453935986554788562, 0.09756290032293386816 ) ) ;
#3004 = CARTESIAN_POINT ( 'NONE',  ( -0.01775516821045041924, 0.2453127059975323543, 0.09650090173211675615 ) ) ;
#3005 = AXIS2_PLACEMENT_3D ( 'NONE', #1886, #2714, #1871 ) ;
#3006 = CARTESIAN_POINT ( 'NONE',  ( 0.001179563305967842000, 0.2795908949264189758, 0.1077360708241330012 ) ) ;
#3007 = DIRECTION ( 'NONE',  ( -0.9778286787918324396, 0.2094058978443200658, -0.0004948537497350001708 ) ) ;
#3008 = CARTESIAN_POINT ( 'NONE',  ( 0.03118539660652305118, 0.2537352927001739755, 0.09787471112966919518 ) ) ;
#3009 = CARTESIAN_POINT ( 'NONE',  ( 0.04753987788084591132, 0.2364288857617212192, 0.1129349817973018116 ) ) ;
#3010 = VERTEX_POINT ( 'NONE', #1596 ) ;
#3011 = ADVANCED_FACE ( 'NONE', ( #3663, #1630 ), #214, .F. ) ;
#3012 = CIRCLE ( 'NONE', #2109, 0.001099999999999983370 ) ;
#3013 = B_SPLINE_CURVE_WITH_KNOTS ( 'NONE', 3,
 ( #79, #3490, #2117, #1493, #1209, #2694, #1835, #2358 ),
 .UNSPECIFIED., .F., .F.,
 ( 4, 2, 1, 1, 4 ),
 ( 0.9921710469905814511, 0.9931496661167591444, 0.9941282852429368377, 0.9960855234952921133, 1.000000000000000000 ),
 .UNSPECIFIED. ) ;
#3014 = ORIENTED_EDGE ( 'NONE', *, *, #3608, .F. ) ;
#3015 = CYLINDRICAL_SURFACE ( 'NONE', #2749, 0.006000000000000000992 ) ;
#3016 = CARTESIAN_POINT ( 'NONE',  ( -0.01274937678202994057, 0.2491670489429924917, 0.1138524789285020045 ) ) ;
#3017 = CARTESIAN_POINT ( 'NONE',  ( -0.009235472962063961261, 0.2813302577387742365, 0.09885411204216691672 ) ) ;
#3018 = ORIENTED_EDGE ( 'NONE', *, *, #3586, .F. ) ;
#3019 = CARTESIAN_POINT ( 'NONE',  ( -0.05768837398661579713, 0.2673469793704584818, 0.1053297353783309992 ) ) ;
#3020 = CARTESIAN_POINT ( 'NONE',  ( 0.02464478226789412404, 0.2722207740528710396, 0.1186090475441000519 ) ) ;
#3021 = DIRECTION ( 'NONE',  ( -0.9863287186144908958, 0.1647889853120761416, -0.0004991553995744103843 ) ) ;
#3022 = EDGE_CURVE ( 'NONE', #2253, #1735, #2103, .T. ) ;
#3023 = CARTESIAN_POINT ( 'NONE',  ( -0.05751210985135897513, 0.2586166227407005191, 0.1042298244401802243 ) ) ;
#3024 = CARTESIAN_POINT ( 'NONE',  ( 0.03331153533721865206, 0.2338477585624919863, 0.1108757887780940088 ) ) ;
#3025 = DIRECTION ( 'NONE',  ( 0.2094058710287508562, 0.9778288040081526411, 0.0001059748836809999283 ) ) ;
#3026 = CARTESIAN_POINT ( 'NONE',  ( 0.04182083936254295947, 0.2339723927640984524, 0.1135441079438357925 ) ) ;
#3027 = ORIENTED_EDGE ( 'NONE', *, *, #1133, .T. ) ;
#3028 = DIRECTION ( 'NONE',  ( 0.2094058710287517722, 0.9778288040081523080, 0.0001059748836790769602 ) ) ;
#3029 = EDGE_LOOP ( 'NONE', ( #3455, #2044, #2119, #342 ) ) ;
#3030 = CARTESIAN_POINT ( 'NONE',  ( -0.05751266653277649354, 0.2586166227407005191, 0.1053298242993192108 ) ) ;
#3031 = CARTESIAN_POINT ( 'NONE',  ( -0.007633251826802946172, 0.2809212425468298191, 0.09906377055886017580 ) ) ;
#3032 = ADVANCED_FACE ( 'NONE', ( #1198 ), #1709, .F. ) ;
#3033 = LINE ( 'NONE', #1622, #1112 ) ;
#3034 = EDGE_CURVE ( 'NONE', #393, #1206, #2400, .T. ) ;
#3035 = AXIS2_PLACEMENT_3D ( 'NONE', #1861, #1292, #2227 ) ;
#3036 =( BOUNDED_CURVE ( )  B_SPLINE_CURVE ( 3, ( #1389, #3476, #3120, #3139 ),
 .UNSPECIFIED., .F., .F. ) 
 B_SPLINE_CURVE_WITH_KNOTS ( ( 4, 4 ),
 ( -1.953992523340275511E-14, 0.7853981633974318477 ),
 .UNSPECIFIED. ) 
 CURVE ( )  GEOMETRIC_REPRESENTATION_ITEM ( )  RATIONAL_B_SPLINE_CURVE ( ( 1.000000000000000000, 0.9492530216741906779, 0.9492530216741906779, 1.000000000000000000 ) ) 
 REPRESENTATION_ITEM ( '' )  );
#3037 = VERTEX_POINT ( 'NONE', #1986 ) ;
#3038 = CARTESIAN_POINT ( 'NONE',  ( 0.02318927983520480476, 0.2390827527017300724, 0.1177799908742856033 ) ) ;
#3039 = CARTESIAN_POINT ( 'NONE',  ( 0.02590065214895832107, 0.2723789719670255960, 0.1184716600118593394 ) ) ;
#3040 = CIRCLE ( 'NONE', #1414, 0.005000000000000001839 ) ;
#3041 = CARTESIAN_POINT ( 'NONE',  ( -0.007026118918762780732, 0.2758920226219800376, 0.1138553753209640002 ) ) ;
#3042 = CARTESIAN_POINT ( 'NONE',  ( -0.0009109501984477000021, 0.2411769649870429966, 0.1078584692810198031 ) ) ;
#3043 = CARTESIAN_POINT ( 'NONE',  ( -0.04439535804651795203, 0.2816804442993519619, 0.1118364634615136022 ) ) ;
#3044 = CARTESIAN_POINT ( 'NONE',  ( 0.05189028023426350139, 0.2298690465034499975, 0.1108851909993389950 ) ) ;
#3045 = CARTESIAN_POINT ( 'NONE',  ( 0.03699188743940138441, 0.2334288177416204146, 0.1144271424313663688 ) ) ;
#3046 = ORIENTED_EDGE ( 'NONE', *, *, #2144, .T. ) ;
#3047 = CARTESIAN_POINT ( 'NONE',  ( -0.05417826843632070344, 0.2837694551153560063, 0.1188315134805196099 ) ) ;
#3048 = ORIENTED_EDGE ( 'NONE', *, *, #610, .F. ) ;
#3049 = DIRECTION ( 'NONE',  ( -0.0005060740159284919442, 1.908060298302924897E-16, 0.9999998719445369888 ) ) ;
#3050 = CARTESIAN_POINT ( 'NONE',  ( -0.006777859793124689849, 0.2424334003741089871, 0.1077320437785529994 ) ) ;
#3051 = EDGE_LOOP ( 'NONE', ( #657, #1230, #3598, #110, #363, #1032 ) ) ;
#3052 = EDGE_CURVE ( 'NONE', #503, #3530, #880, .T. ) ;
#3053 = CARTESIAN_POINT ( 'NONE',  ( -0.01714832938425740055, 0.2503225358436005354, 0.09685025055566449936 ) ) ;
#3054 = CARTESIAN_POINT ( 'NONE',  ( 0.02741240313960744551, 0.2725474428603514299, 0.1182733627930402515 ) ) ;
#3055 = ADVANCED_FACE ( 'NONE', ( #1162 ), #2549, .F. ) ;
#3056 = CYLINDRICAL_SURFACE ( 'NONE', #3561, 0.007999999999999993228 ) ;
#3057 = VECTOR ( 'NONE', #744, 1.000000000000000000 ) ;
#3058 = VECTOR ( 'NONE', #2328, 1.000000000000000000 ) ;
#3059 = DIRECTION ( 'NONE',  ( -0.0005060740159284919442, 1.908060298302924897E-16, 0.9999998719445369888 ) ) ;
#3060 = DIRECTION ( 'NONE',  ( -0.0005060740159284919442, 1.908060298302924897E-16, 0.9999998719445369888 ) ) ;
#3061 = FACE_OUTER_BOUND ( 'NONE', #2207, .T. ) ;
#3062 = CARTESIAN_POINT ( 'NONE',  ( 0.04340032324773415023, 0.2618560846893550065, 0.1108808944521615936 ) ) ;
#3063 = CIRCLE ( 'NONE', #1383, 0.004999999999999990563 ) ;
#3064 = B_SPLINE_CURVE_WITH_KNOTS ( 'NONE', 3,
 ( #1913, #2229, #1014, #3386, #2158 ),
 .UNSPECIFIED., .F., .F.,
 ( 4, 1, 4 ),
 ( 0.000000000000000000, 0.5714285714285696205, 1.000000000000000000 ),
 .UNSPECIFIED. ) ;
#3065 = CARTESIAN_POINT ( 'NONE',  ( -0.01123472813725036323, 0.2793899611938334693, 0.1078659272563822075 ) ) ;
#3066 = ORIENTED_EDGE ( 'NONE', *, *, #1516, .T. ) ;
#3067 = DIRECTION ( 'NONE',  ( -0.2094058710287513281, -0.9778288040081525301, -0.0001059748836817414955 ) ) ;
#3068 = EDGE_CURVE ( 'NONE', #3010, #503, #2047, .T. ) ;
#3069 = ORIENTED_EDGE ( 'NONE', *, *, #2022, .T. ) ;
#3070 = CARTESIAN_POINT ( 'NONE',  ( -0.05259297932140210435, 0.2911082193078565195, 0.09183231229675320462 ) ) ;
#3071 = AXIS2_PLACEMENT_3D ( 'NONE', #2085, #3238, #2309 ) ;
#3072 = DIRECTION ( 'NONE',  ( -0.9863287186144908958, 0.1647889853120761416, -0.0004991553995742633665 ) ) ;
#3073 = CIRCLE ( 'NONE', #1814, 0.007999999999999994962 ) ;
#3074 = ORIENTED_EDGE ( 'NONE', *, *, #3649, .F. ) ;
#3075 = CARTESIAN_POINT ( 'NONE',  ( -0.05173362117380051611, 0.2856046977313255186, 0.1064327490652477864 ) ) ;
#3076 = CARTESIAN_POINT ( 'NONE',  ( 0.02331622200056942401, 0.2719790511096104590, 0.1187422004178573659 ) ) ;
#3077 = FACE_OUTER_BOUND ( 'NONE', #2876, .T. ) ;
#3078 = EDGE_CURVE ( 'NONE', #2999, #706, #3698, .T. ) ;
#3079 = CARTESIAN_POINT ( 'NONE',  ( -0.05389657711967198866, 0.2850848236000357305, 0.1188316560371937974 ) ) ;
#3080 = DIRECTION ( 'NONE',  ( -0.9863287186144908958, 0.1647889853120761416, -0.0004991553995744454041 ) ) ;
#3081 = CARTESIAN_POINT ( 'NONE',  ( -0.04969059378385934367, 0.2569413755579459391, 0.1064337829884560715 ) ) ;
#3082 = DIRECTION ( 'NONE',  ( -0.0005060740159284919442, 1.908060298302924897E-16, 0.9999998719445369888 ) ) ;
#3083 = ADVANCED_FACE ( 'NONE', ( #2850 ), #306, .T. ) ;
#3084 = CARTESIAN_POINT ( 'NONE',  ( -0.01345256888949395400, 0.2767289122138799629, 0.1058705905500898076 ) ) ;
#3085 = VERTEX_POINT ( 'NONE', #824 ) ;
#3086 = EDGE_LOOP ( 'NONE', ( #1939, #3582, #465, #2202 ) ) ;
#3087 = DIRECTION ( 'NONE',  ( 0.0005060740159284919442, -1.908060298302924897E-16, -0.9999998719445369888 ) ) ;
#3088 = EDGE_LOOP ( 'NONE', ( #3106, #2182 ) ) ;
#3089 = CARTESIAN_POINT ( 'NONE',  ( 0.05226568529916681555, 0.2641227727227226652, 0.1130382268990429706 ) ) ;
#3090 = CARTESIAN_POINT ( 'NONE',  ( -0.04439535804651795203, 0.2816804442993519619, 0.1118364634615136022 ) ) ;
#3091 = ORIENTED_EDGE ( 'NONE', *, *, #264, .T. ) ;
#3092 = PLANE ( 'NONE',  #3657 ) ;
#3093 = CARTESIAN_POINT ( 'NONE',  ( -0.006588084485241459988, 0.2756372435916669694, 0.09570154948348720547 ) ) ;
#3094 = CARTESIAN_POINT ( 'NONE',  ( 0.02813309994639253547, 0.2707495443359949072, 0.1181013207734940146 ) ) ;
#3095 = SECURITY_CLASSIFICATION ( '', '', #117 ) ;
#3096 = DESIGN_CONTEXT ( 'detailed design', #1336, 'design' ) ;
#3097 = CIRCLE ( 'NONE', #2436, 0.001300000000000004494 ) ;
#3098 = DIRECTION ( 'NONE',  ( -0.1796736158898906699, -0.6839925783831032335, 0.7070159435754517219 ) ) ;
#3099 = DIRECTION ( 'NONE',  ( 0.5110859543619182821, -0.1093586635201094365, -0.8525443272739913203 ) ) ;
#3100 = VECTOR ( 'NONE', #2005, 1.000000000000000000 ) ;
#3101 = CARTESIAN_POINT ( 'NONE',  ( 0.03695933177113004675, 0.2334293548121612605, 0.1144340548474022112 ) ) ;
#3102 = B_SPLINE_CURVE_WITH_KNOTS ( 'NONE', 3,
 ( #1959, #3130, #854, #1378, #296, #797, #1129, #2805, #3708, #3671, #1941, #3688, #1661, #2539, #2503, #3149, #2017, #1093 ),
 .UNSPECIFIED., .F., .F.,
 ( 4, 2, 2, 2, 1, 1, 1, 1, 2, 2, 4 ),
 ( 0.000000000000000000, 0.2500000000000152656, 0.5000000000000305311, 0.7500000000000457412, 0.8125000000000510703, 0.8437500000000485167, 0.8593750000000444089, 0.8671875000000451861, 0.8710937500000426326, 0.8750000000000400791, 1.000000000000000000 ),
 .UNSPECIFIED. ) ;
#3103 = AXIS2_PLACEMENT_3D ( 'NONE', #312, #2915, #1165 ) ;
#3104 = CARTESIAN_POINT ( 'NONE',  ( -0.01191333858859535202, 0.2788076522170933602, 0.1078227301431040619 ) ) ;
#3105 = VERTEX_POINT ( 'NONE', #29 ) ;
#3106 = ORIENTED_EDGE ( 'NONE', *, *, #1974, .F. ) ;
#3107 = CARTESIAN_POINT ( 'NONE',  ( 0.04342592031318529694, 0.2344422296111270121, 0.09788090574145180689 ) ) ;
#3108 = ADVANCED_FACE ( 'NONE', ( #1968 ), #1443, .F. ) ;
#3109 = EDGE_CURVE ( 'NONE', #2098, #570, #1476, .T. ) ;
#3110 = ORIENTED_EDGE ( 'NONE', *, *, #2028, .T. ) ;
#3111 = CARTESIAN_POINT ( 'NONE',  ( 0.05314302930328101970, 0.2628982115361308547, 0.1129425534238135131 ) ) ;
#3112 = CARTESIAN_POINT ( 'NONE',  ( -0.04969003710244179750, 0.2569413755579460501, 0.1053337831293169879 ) ) ;
#3113 = VERTEX_POINT ( 'NONE', #6 ) ;
#3114 = CARTESIAN_POINT ( 'NONE',  ( 0.02319765402183289818, 0.2390809595129944620, 0.1177783655059118778 ) ) ;
#3115 = CARTESIAN_POINT ( 'NONE',  ( -0.007710184954780320045, 0.2809096245890240207, 0.09885502721204139642 ) ) ;
#3116 = CARTESIAN_POINT ( 'NONE',  ( -0.04325314420454295233, 0.2870140559575785066, 0.1118370415063337925 ) ) ;
#3117 = EDGE_CURVE ( 'NONE', #3653, #3391, #288, .T. ) ;
#3118 = CARTESIAN_POINT ( 'NONE',  ( -0.05311834430400240448, 0.2886636472978361123, 0.09548824138102493531 ) ) ;
#3119 = CARTESIAN_POINT ( 'NONE',  ( -0.01892444300097384860, 0.2506626593629434629, 0.1066555935939093175 ) ) ;
#3120 = CARTESIAN_POINT ( 'NONE',  ( -0.05323673459047986029, 0.2881602775712940323, 0.1164173095741692920 ) ) ;
#3121 = CARTESIAN_POINT ( 'NONE',  ( -0.007661371552340169415, 0.2478352978799150119, 0.09785505178718370556 ) ) ;
#3122 = CARTESIAN_POINT ( 'NONE',  ( 0.03543354288375082789, 0.2722561943978777377, 0.09921533389000569692 ) ) ;
#3123 = ORIENTED_EDGE ( 'NONE', *, *, #3109, .F. ) ;
#3124 = VERTEX_POINT ( 'NONE', #2265 ) ;
#3125 = DIRECTION ( 'NONE',  ( -0.0005060740159284919442, 1.908060298302924897E-16, 0.9999998719445369888 ) ) ;
#3126 = VECTOR ( 'NONE', #2625, 1.000000000000000000 ) ;
#3127 = ADVANCED_FACE ( 'NONE', ( #2591 ), #2306, .F. ) ;
#3128 = EDGE_LOOP ( 'NONE', ( #758, #2319, #1108, #1922 ) ) ;
#3129 = CARTESIAN_POINT ( 'NONE',  ( 0.04375055843094850794, 0.2702959912936134801, 0.1146764272523767975 ) ) ;
#3130 = CARTESIAN_POINT ( 'NONE',  ( -0.01557136005346901678, 0.2448835274454893018, 0.09885102857387595421 ) ) ;
#3131 = VERTEX_POINT ( 'NONE', #3477 ) ;
#3132 = VECTOR ( 'NONE', #383, 1.000000000000000000 ) ;
#3133 = CARTESIAN_POINT ( 'NONE',  ( -0.006440794779431470440, 0.2763879485294190030, 0.09568310196815679736 ) ) ;
#3134 = CARTESIAN_POINT ( 'NONE',  ( -0.01542762272871055045, 0.2448727507830674999, 0.09885112161681439136 ) ) ;
#3135 = AXIS2_PLACEMENT_3D ( 'NONE', #2589, #1497, #326 ) ;
#3136 = DIRECTION ( 'NONE',  ( 0.9673114570423946290, -0.2535908228498591765, 0.0004895312564060543470 ) ) ;
#3137 = EDGE_LOOP ( 'NONE', ( #945, #1406, #3503, #1465 ) ) ;
#3138 = CARTESIAN_POINT ( 'NONE',  ( -0.006775454379193059963, 0.2424334003741089871, 0.1029789571787670110 ) ) ;
#3139 = CARTESIAN_POINT ( 'NONE',  ( -0.05343640130929292603, 0.2872301715960179358, 0.1173674226386438313 ) ) ;
#3140 =( BOUNDED_CURVE ( )  B_SPLINE_CURVE ( 3, ( #1653, #1601, #238, #2743 ),
 .UNSPECIFIED., .F., .F. ) 
 B_SPLINE_CURVE_WITH_KNOTS ( ( 4, 4 ),
 ( 5.501906855725589907, 6.283185307179586232 ),
 .UNSPECIFIED. ) 
 CURVE ( )  GEOMETRIC_REPRESENTATION_ITEM ( )  RATIONAL_B_SPLINE_CURVE ( ( 1.000000000000000000, 0.9497772297963256172, 0.9497772297963256172, 1.000000000000000000 ) ) 
 REPRESENTATION_ITEM ( '' )  );
#3141 = CARTESIAN_POINT ( 'NONE',  ( -0.001838243125813444987, 0.2750266210119905463, 0.09785799872154921086 ) ) ;
#3142 = EDGE_CURVE ( 'NONE', #2653, #1819, #885, .T. ) ;
#3143 = DIRECTION ( 'NONE',  ( -0.0005060740159284919442, 1.908060298302924897E-16, 0.9999998719445369888 ) ) ;
#3144 = EDGE_LOOP ( 'NONE', ( #2731, #780, #227, #1221, #550, #2478 ) ) ;
#3145 = ORIENTED_EDGE ( 'NONE', *, *, #285, .F. ) ;
#3146 = DIRECTION ( 'NONE',  ( 0.2094058710287503566, 0.9778288040081527521, 0.0001059748836761662162 ) ) ;
#3147 = ORIENTED_EDGE ( 'NONE', *, *, #3224, .T. ) ;
#3148 = CARTESIAN_POINT ( 'NONE',  ( 0.05469405925128594664, 0.2600502338525610968, 0.1128332019807313236 ) ) ;
#3149 = CARTESIAN_POINT ( 'NONE',  ( -0.01707332631481758151, 0.2451327139852038650, 0.09885028758558776774 ) ) ;
#3150 = ORIENTED_EDGE ( 'NONE', *, *, #37, .F. ) ;
#3151 = DIRECTION ( 'NONE',  ( 0.2094058710287509117, 0.9778288040081526411, 0.0001059748836809999554 ) ) ;
#3152 = DIRECTION ( 'NONE',  ( 0.2094058710287509117, 0.9778288040081526411, 0.0001059748836809999554 ) ) ;
#3153 = ADVANCED_FACE ( 'NONE', ( #328, #2912, #345, #1216, #86, #361 ), #642, .F. ) ;
#3154 = CARTESIAN_POINT ( 'NONE',  ( -0.01895718154541273931, 0.2510932192058044077, 0.1049411583189887587 ) ) ;
#3155 = ADVANCED_FACE ( 'NONE', ( #1786 ), #2064, .F. ) ;
#3156 = PERSON_AND_ORGANIZATION ( #443, #2189 ) ;
#3157 = ORIENTED_EDGE ( 'NONE', *, *, #1787, .T. ) ;
#3158 = DIRECTION ( 'NONE',  ( -0.2094058710287509117, -0.9778288040081526411, -0.0001059748836808553499 ) ) ;
#3159 = CARTESIAN_POINT ( 'NONE',  ( -0.04324656524233590205, 0.2870140559575785066, 0.09883704317105479475 ) ) ;
#3160 = CARTESIAN_POINT ( 'NONE',  ( -0.01714832938425740055, 0.2503225358436005354, 0.09685025055566449936 ) ) ;
#3161 = CARTESIAN_POINT ( 'NONE',  ( 0.001181968719899479910, 0.2795908949264189758, 0.1029829842243469989 ) ) ;
#3162 = ORIENTED_EDGE ( 'NONE', *, *, #2204, .T. ) ;
#3163 = AXIS2_PLACEMENT_3D ( 'NONE', #2287, #1444, #382 ) ;
#3164 = ORIENTED_EDGE ( 'NONE', *, *, #2480, .F. ) ;
#3165 = DIRECTION ( 'NONE',  ( 0.0005060740159284919442, -1.908060298302924897E-16, -0.9999998719445369888 ) ) ;
#3166 = CARTESIAN_POINT ( 'NONE',  ( -0.01714579901417774901, 0.2503225358436005354, 0.09185025119594179832 ) ) ;
#3167 = ORIENTED_EDGE ( 'NONE', *, *, #308, .T. ) ;
#3168 = CARTESIAN_POINT ( 'NONE',  ( 0.05511303560134249435, 0.2590281818122609492, 0.1128193603180488169 ) ) ;
#3169 = CARTESIAN_POINT ( 'NONE',  ( 0.03695871318581447906, 0.2364298922729237695, 0.1145720952864210385 ) ) ;
#3170 = ORIENTED_EDGE ( 'NONE', *, *, #829, .T. ) ;
#3171 = FACE_OUTER_BOUND ( 'NONE', #2605, .T. ) ;
#3172 = CARTESIAN_POINT ( 'NONE',  ( -0.007057077840088907435, 0.2772304767857261543, 0.09466089118284898296 ) ) ;
#3173 = CARTESIAN_POINT ( 'NONE',  ( 0.03577495838715660792, 0.2691131866181866172, 0.1164753417998166535 ) ) ;
#3174 = DIRECTION ( 'NONE',  ( -0.0005060740159284919442, 1.908060298302924897E-16, 0.9999998719445369888 ) ) ;
#3175 = VERTEX_POINT ( 'NONE', #1915 ) ;
#3176 = EDGE_CURVE ( 'NONE', #2535, #2034, #817, .T. ) ;
#3177 = DIRECTION ( 'NONE',  ( -0.0005060740159284919442, 1.908060298302924897E-16, 0.9999998719445369888 ) ) ;
#3178 = CARTESIAN_POINT ( 'NONE',  ( -0.01275190715210957997, 0.2491670489429924917, 0.1188524782882245945 ) ) ;
#3179 = CARTESIAN_POINT ( 'NONE',  ( -0.01418737193948554041, 0.2746999470641739993, 0.1118517509403136045 ) ) ;
#3180 = CYLINDRICAL_SURFACE ( 'NONE', #348, 0.001300000000000004494 ) ;
#3181 = ORIENTED_EDGE ( 'NONE', *, *, #721, .T. ) ;
#3182 = CARTESIAN_POINT ( 'NONE',  ( -0.05573271662903210577, 0.2669281675747700033, 0.1053307250858303984 ) ) ;
#3183 = AXIS2_PLACEMENT_3D ( 'NONE', #877, #3398, #2808 ) ;
#3184 = VERTEX_POINT ( 'NONE', #773 ) ;
#3185 = CARTESIAN_POINT ( 'NONE',  ( 0.05628897430189572226, 0.2523128182274217979, 0.1128646140613522031 ) ) ;
#3186 = CARTESIAN_POINT ( 'NONE',  ( 0.05067975186149754202, 0.2611838262724809900, 0.1131349989892982549 ) ) ;
#3187 = VECTOR ( 'NONE', #759, 1.000000000000000000 ) ;
#3188 = ADVANCED_FACE ( 'NONE', ( #253 ), #549, .F. ) ;
#3189 = EDGE_LOOP ( 'NONE', ( #2854, #3682, #242 ) ) ;
#3190 = CARTESIAN_POINT ( 'NONE',  ( -0.05972064443103386466, 0.2578287724673850589, 0.09329317145178525617 ) ) ;
#3191 = LINE ( 'NONE', #1227, #1804 ) ;
#3192 = DIRECTION ( 'NONE',  ( 0.0005060740159284919442, -1.908060298302924897E-16, -0.9999998719445369888 ) ) ;
#3193 = CARTESIAN_POINT ( 'NONE',  ( 0.001182031197973481846, 0.2795908949264189758, 0.1028595278443786010 ) ) ;
#3194 = ORIENTED_EDGE ( 'NONE', *, *, #3700, .T. ) ;
#3195 = CARTESIAN_POINT ( 'NONE',  ( 0.007716406720127801447, 0.2751218077948685004, 0.1185757706812229223 ) ) ;
#3196 = CARTESIAN_POINT ( 'NONE',  ( -0.003358337885432124623, 0.2560183006813009920, 0.1098572309776570111 ) ) ;
#3197 = CARTESIAN_POINT ( 'NONE',  ( -0.06002688774292280066, 0.2563952967655669934, 0.09182855018838249894 ) ) ;
#3198 = DIRECTION ( 'NONE',  ( 0.0005060740159284919442, -1.908060298302924897E-16, -0.9999998719445369888 ) ) ;
#3199 = DIRECTION ( 'NONE',  ( -0.0005060740159284919442, 1.908060298302924897E-16, 0.9999998719445369888 ) ) ;
#3200 = FACE_OUTER_BOUND ( 'NONE', #3051, .T. ) ;
#3201 = EDGE_CURVE ( 'NONE', #2409, #2199, #1692, .T. ) ;
#3202 = EDGE_CURVE ( 'NONE', #2409, #2482, #1405, .T. ) ;
#3203 = ORIENTED_EDGE ( 'NONE', *, *, #1608, .F. ) ;
#3204 = CARTESIAN_POINT ( 'NONE',  ( 0.05628243711308777986, 0.2529587450395904269, 0.1128570440514111289 ) ) ;
#3205 = VECTOR ( 'NONE', #1192, 1.000000000000000000 ) ;
#3206 = CARTESIAN_POINT ( 'NONE',  ( 0.04587925309132505347, 0.2389280087717730316, 0.1131364211641350259 ) ) ;
#3207 = ORIENTED_EDGE ( 'NONE', *, *, #2687, .F. ) ;
#3208 = CYLINDRICAL_SURFACE ( 'NONE', #2508, 0.008999999999999992381 ) ;
#3209 = CARTESIAN_POINT ( 'NONE',  ( 0.001015450553257306928, 0.2438312792765754966, 0.1185723800121458865 ) ) ;
#3210 = CARTESIAN_POINT ( 'NONE',  ( 0.001181968719899479910, 0.2795908949264189758, 0.1029829842243469989 ) ) ;
#3211 = B_SPLINE_CURVE_WITH_KNOTS ( 'NONE', 3,
 ( #3554, #1239, #421, #1561 ),
 .UNSPECIFIED., .F., .F.,
 ( 4, 4 ),
 ( 18.20915023832839807, 22.62949574197470071 ),
 .UNSPECIFIED. ) ;
#3212 = CARTESIAN_POINT ( 'NONE',  ( -0.001260230583017185949, 0.2657965887213825096, 0.1018582917509373992 ) ) ;
#3213 = ORIENTED_EDGE ( 'NONE', *, *, #1358, .F. ) ;
#3214 = FACE_OUTER_BOUND ( 'NONE', #57, .T. ) ;
#3215 = DIRECTION ( 'NONE',  ( -0.2094058710287508562, -0.9778288040081526411, -0.0001059748836809703160 ) ) ;
#3216 = CARTESIAN_POINT ( 'NONE',  ( -0.002800728943700214919, 0.2610121476502640370, 0.1108575132971449939 ) ) ;
#3217 = DIRECTION ( 'NONE',  ( 0.2094058710287509117, 0.9778288040081526411, 0.0001059748836809999554 ) ) ;
#3218 = CARTESIAN_POINT ( 'NONE',  ( -0.01104285007644034006, 0.2794368024365469494, 0.09273313023188037296 ) ) ;
#3219 = CARTESIAN_POINT ( 'NONE',  ( -0.02016000884343345165, 0.2489023136517689860, 0.1028487271910835943 ) ) ;
#3220 = CC_DESIGN_APPROVAL ( #1534, ( #3095 ) ) ;
#3221 = EDGE_CURVE ( 'NONE', #832, #2431, #853, .T. ) ;
#3222 = ORIENTED_EDGE ( 'NONE', *, *, #33, .F. ) ;
#3223 = VECTOR ( 'NONE', #1148, 1.000000000000000000 ) ;
#3224 = EDGE_CURVE ( 'NONE', #2886, #2623, #2936, .T. ) ;
#3225 = CARTESIAN_POINT ( 'NONE',  ( 0.04590112171357631915, 0.2389419503890492236, 0.1131343048687002417 ) ) ;
#3226 = ORIENTED_EDGE ( 'NONE', *, *, #2324, .T. ) ;
#3227 = CARTESIAN_POINT ( 'NONE',  ( -0.05077565815068780380, 0.2518566657771034722, 0.09883323289228240771 ) ) ;
#3228 = CARTESIAN_POINT ( 'NONE',  ( -0.04485685715539305257, 0.2872830924009069919, 0.09883622824405520479 ) ) ;
#3229 = CARTESIAN_POINT ( 'NONE',  ( 0.02476285874230060857, 0.2356797418264896526, 0.09933592713132365082 ) ) ;
#3230 = VECTOR ( 'NONE', #3362, 1.000000000000000000 ) ;
#3231 = ORIENTED_EDGE ( 'NONE', *, *, #572, .F. ) ;
#3232 = EDGE_LOOP ( 'NONE', ( #1125, #1372, #1549, #1970 ) ) ;
#3233 = DIRECTION ( 'NONE',  ( -0.0005060740159284919442, 1.908060298302924897E-16, 0.9999998719445369888 ) ) ;
#3234 = CARTESIAN_POINT ( 'NONE',  ( 0.001182031197973481846, 0.2795908949264189758, 0.1028595278443786010 ) ) ;
#3235 = DIRECTION ( 'NONE',  ( -0.1647889642099463203, -0.9863288449192877394, -8.339542357747529706E-05 ) ) ;
#3236 = EDGE_CURVE ( 'NONE', #1917, #1866, #689, .T. ) ;
#3237 = CARTESIAN_POINT ( 'NONE',  ( -0.01155458687595493569, 0.2791145940916821555, 0.1028590257682249903 ) ) ;
#3238 = DIRECTION ( 'NONE',  ( -0.0005060740159284919442, 1.908060298302924897E-16, 0.9999998719445369888 ) ) ;
#3239 = DIRECTION ( 'NONE',  ( 0.2094058710287543257, 0.9778288040081519750, 0.0001059748836790796436 ) ) ;
#3240 = ORIENTED_EDGE ( 'NONE', *, *, #682, .T. ) ;
#3241 = CARTESIAN_POINT ( 'NONE',  ( 0.05327711980095322514, 0.2532432660182452056, 0.1128321917567556704 ) ) ;
#3242 = AXIS2_PLACEMENT_3D ( 'NONE', #2101, #1253, #952 ) ;
#3243 = EDGE_CURVE ( 'NONE', #1003, #1901, #1454, .T. ) ;
#3244 = EDGE_LOOP ( 'NONE', ( #553, #1246, #254, #3390 ) ) ;
#3245 = DIRECTION ( 'NONE',  ( 0.2094058710287517722, 0.9778288040081523080, 0.0001059748836790769602 ) ) ;
#3246 = CARTESIAN_POINT ( 'NONE',  ( -0.0008870736658389251697, 0.2444512806442119546, 0.1186115698107095828 ) ) ;
#3247 = AXIS2_PLACEMENT_3D ( 'NONE', #2382, #1803, #85 ) ;
#3248 = CARTESIAN_POINT ( 'NONE',  ( 0.0001653967765698613132, 0.2797607436705704109, 0.1029005091519980264 ) ) ;
#3249 = EDGE_CURVE ( 'NONE', #661, #521, #1349, .T. ) ;
#3250 = EDGE_LOOP ( 'NONE', ( #850, #354, #739, #3268 ) ) ;
#3251 = PERSON_AND_ORGANIZATION ( #443, #2189 ) ;
#3252 = EDGE_LOOP ( 'NONE', ( #1433, #2343, #987, #2037, #1777 ) ) ;
#3253 = CARTESIAN_POINT ( 'NONE',  ( 0.03940721577838034867, 0.2837238442374124814, 0.1173274631463003953 ) ) ;
#3254 = PLANE ( 'NONE',  #3541 ) ;
#3255 = VECTOR ( 'NONE', #1418, 1.000000000000000000 ) ;
#3256 = CARTESIAN_POINT ( 'NONE',  ( 0.04633227657921367565, 0.2656255443284648576, 0.1139413514700890057 ) ) ;
#3257 = CARTESIAN_POINT ( 'NONE',  ( 0.04448004588945265320, 0.2700217099567782664, 0.09866888511750254720 ) ) ;
#3258 = CARTESIAN_POINT ( 'NONE',  ( 0.04567554599899090184, 0.2557451056248554733, 0.1018820447309245897 ) ) ;
#3259 = CARTESIAN_POINT ( 'NONE',  ( 0.03118539660652305118, 0.2537352927001739755, 0.09787471112966919518 ) ) ;
#3260 = EDGE_CURVE ( 'NONE', #871, #182, #2316, .T. ) ;
#3261 = VECTOR ( 'NONE', #3177, 1.000000000000000000 ) ;
#3262 = ORIENTED_EDGE ( 'NONE', *, *, #2281, .T. ) ;
#3263 = CARTESIAN_POINT ( 'NONE',  ( 0.05097828862994890214, 0.2607102680257544214, 0.1130918485608776447 ) ) ;
#3264 = ORIENTED_EDGE ( 'NONE', *, *, #1916, .T. ) ;
#3265 = CARTESIAN_POINT ( 'NONE',  ( -0.003588684343563750771, 0.2549426889968920418, 0.1098571144052849641 ) ) ;
#3266 = CARTESIAN_POINT ( 'NONE',  ( -0.01401733073391077909, 0.2443304910384330175, 0.1138518372498713987 ) ) ;
#3267 = CARTESIAN_POINT ( 'NONE',  ( -0.002113563640527725204, 0.2389859205146565024, 0.1053578603493890015 ) ) ;
#3268 = ORIENTED_EDGE ( 'NONE', *, *, #1424, .F. ) ;
#3269 = ORIENTED_EDGE ( 'NONE', *, *, #2874, .T. ) ;
#3270 = EDGE_CURVE ( 'NONE', #2557, #2250, #2016, .T. ) ;
#3271 = DIRECTION ( 'NONE',  ( -0.0005060740159284919442, 1.908060298302924897E-16, 0.9999998719445369888 ) ) ;
#3272 = CARTESIAN_POINT ( 'NONE',  ( 0.007093899359184360071, 0.2786031808538195209, 0.1028625196876235964 ) ) ;
#3273 = ADVANCED_FACE ( 'NONE', ( #2852 ), #2050, .F. ) ;
#3274 = CARTESIAN_POINT ( 'NONE',  ( 0.001181968719899479910, 0.2795908949264189758, 0.1029829842243469989 ) ) ;
#3275 = CARTESIAN_POINT ( 'NONE',  ( 0.008368485787475690718, 0.2749821613316399960, 0.1185866132989134014 ) ) ;
#3276 = CARTESIAN_POINT ( 'NONE',  ( -0.007026118918762780732, 0.2758920226219800376, 0.1138553753209640002 ) ) ;
#3277 = CARTESIAN_POINT ( 'NONE',  ( -0.01327162054476927963, 0.2445014834470889964, 0.09980940014939200522 ) ) ;
#3278 = CARTESIAN_POINT ( 'NONE',  ( 0.05447512705306869346, 0.2443001360525696164, 0.1128592873407463226 ) ) ;
#3279 = ORIENTED_EDGE ( 'NONE', *, *, #460, .T. ) ;
#3280 = VECTOR ( 'NONE', #169, 1.000000000000000000 ) ;
#3281 = ORIENTED_EDGE ( 'NONE', *, *, #264, .F. ) ;
#3282 = VECTOR ( 'NONE', #1788, 1.000000000000000000 ) ;
#3283 = CARTESIAN_POINT ( 'NONE',  ( -0.01495611520710012424, 0.2445784819066438853, 0.1008725990250201876 ) ) ;
#3284 = CARTESIAN_POINT ( 'NONE',  ( -0.007333727667826686267, 0.2809642527717769456, 0.09994281930020540439 ) ) ;
#3285 = DIRECTION ( 'NONE',  ( 0.0005060740159283820061, -1.673698151852254821E-16, -0.9999998719445369888 ) ) ;
#3286 = AXIS2_PLACEMENT_3D ( 'NONE', #1808, #662, #3555 ) ;
#3287 = EDGE_LOOP ( 'NONE', ( #1590, #1993, #1694, #1830, #2826, #2835, #2333, #1682, #3207, #3612, #2639 ) ) ;
#3288 = ORIENTED_EDGE ( 'NONE', *, *, #794, .T. ) ;
#3289 = AXIS2_PLACEMENT_3D ( 'NONE', #3525, #653, #3245 ) ;
#3290 = DIRECTION ( 'NONE',  ( 0.0005060740159284919442, -1.908060298302924897E-16, -0.9999998719445369888 ) ) ;
#3291 = PLANE ( 'NONE',  #1920 ) ;
#3292 = CARTESIAN_POINT ( 'NONE',  ( 0.04380128389579115294, 0.2670412430715540797, 0.1145135180458175805 ) ) ;
#3293 = FACE_OUTER_BOUND ( 'NONE', #950, .T. ) ;
#3294 = DIRECTION ( 'NONE',  ( 0.9778286787918324396, -0.2094058978443200658, 0.0004948537497350001708 ) ) ;
#3295 = CARTESIAN_POINT ( 'NONE',  ( 0.04063669223109749734, 0.2680717667027774920, 0.1188794968745792019 ) ) ;
#3296 = CARTESIAN_POINT ( 'NONE',  ( 0.05489750993890393782, 0.2452881191715180487, 0.1128697504856276401 ) ) ;
#3297 = ORIENTED_EDGE ( 'NONE', *, *, #2689, .F. ) ;
#3298 = CIRCLE ( 'NONE', #2211, 0.001099999999999995729 ) ;
#3299 = ORIENTED_EDGE ( 'NONE', *, *, #3316, .F. ) ;
#3300 = CARTESIAN_POINT ( 'NONE',  ( -0.01504516552533441409, 0.2446307175046835147, 0.1001986058912755495 ) ) ;
#3301 = CARTESIAN_POINT ( 'NONE',  ( -0.007187480328633414316, 0.2809815845824261693, 0.1005642240325994446 ) ) ;
#3302 = ADVANCED_FACE ( 'NONE', ( #660 ), #347, .T. ) ;
#3303 = CARTESIAN_POINT ( 'NONE',  ( -0.001088175874334768034, 0.2499073216168009870, 0.1108583799758652011 ) ) ;
#3304 = ORIENTED_EDGE ( 'NONE', *, *, #2235, .F. ) ;
#3305 = VECTOR ( 'NONE', #114, 1.000000000000000000 ) ;
#3306 = CARTESIAN_POINT ( 'NONE',  ( -0.003358843959448049900, 0.2560183006813009920, 0.1108572308496014042 ) ) ;
#3307 = CARTESIAN_POINT ( 'NONE',  ( 0.02335298547878359929, 0.2362957019515673218, 0.1176335583134241886 ) ) ;
#3308 = FACE_OUTER_BOUND ( 'NONE', #559, .T. ) ;
#3309 = CARTESIAN_POINT ( 'NONE',  ( 0.04206762337291162362, 0.2708355079376866814, 0.09895809304921845961 ) ) ;
#3310 = CARTESIAN_POINT ( 'NONE',  ( 0.04063669223109749734, 0.2680717667027774920, 0.1188794968745792019 ) ) ;
#3311 = DIRECTION ( 'NONE',  ( -0.9778286787918324396, 0.2094058978443200658, -0.0004948537497350001708 ) ) ;
#3312 = CARTESIAN_POINT ( 'NONE',  ( 0.05586883071132592998, 0.2484517678674209862, 0.1128872046445728861 ) ) ;
#3313 =( BOUNDED_CURVE ( )  B_SPLINE_CURVE ( 3, ( #2261, #2545, #3079, #2474 ),
 .UNSPECIFIED., .F., .F. ) 
 B_SPLINE_CURVE_WITH_KNOTS ( ( 4, 4 ),
 ( 0.7853981633974318477, 1.570796326794895448 ),
 .UNSPECIFIED. ) 
 CURVE ( )  GEOMETRIC_REPRESENTATION_ITEM ( )  RATIONAL_B_SPLINE_CURVE ( ( 1.000000000000000000, 0.9492530216741892346, 0.9492530216741892346, 1.000000000000000000 ) ) 
 REPRESENTATION_ITEM ( '' )  );
#3314 = ORIENTED_EDGE ( 'NONE', *, *, #1520, .T. ) ;
#3315 = CARTESIAN_POINT ( 'NONE',  ( 0.03928571508868664713, 0.2335296513178969635, 0.09826672476115472232 ) ) ;
#3316 = EDGE_CURVE ( 'NONE', #1799, #3672, #2977, .T. ) ;
#3317 = EDGE_CURVE ( 'NONE', #393, #503, #1483, .T. ) ;
#3318 = CIRCLE ( 'NONE', #373, 0.001300000000000004494 ) ;
#3319 = VERTEX_POINT ( 'NONE', #2875 ) ;
#3320 = CYLINDRICAL_SURFACE ( 'NONE', #226, 0.001099999999999995729 ) ;
#3321 = LINE ( 'NONE', #3070, #3187 ) ;
#3322 = CARTESIAN_POINT ( 'NONE',  ( -0.009392722569450850240, 0.2813579899040459797, 0.09885417572336480108 ) ) ;
#3323 = ORIENTED_EDGE ( 'NONE', *, *, #1448, .T. ) ;
#3324 = FACE_OUTER_BOUND ( 'NONE', #1673, .T. ) ;
#3325 = CARTESIAN_POINT ( 'NONE',  ( 0.02497324578953800597, 0.2722639604196695484, 0.1185754757627369010 ) ) ;
#3326 = DIRECTION ( 'NONE',  ( 0.5297513380361369428, 0.4087779086643706927, -0.7431447646568641874 ) ) ;
#3327 = AXIS2_PLACEMENT_3D ( 'NONE', #929, #1229, #357 ) ;
#3328 = CARTESIAN_POINT ( 'NONE',  ( -0.05751322321419401196, 0.2586166227407005191, 0.1064298241584581972 ) ) ;
#3329 = DIRECTION ( 'NONE',  ( 0.2094058710287506619, 0.9778288040081526411, 0.0001059748836761661891 ) ) ;
#3330 = PLANE ( 'NONE',  #427 ) ;
#3331 = DIRECTION ( 'NONE',  ( 0.9673114570423946290, -0.2535908228498591765, 0.0004895312564062013648 ) ) ;
#3332 = ORIENTED_EDGE ( 'NONE', *, *, #2779, .T. ) ;
#3333 = ORIENTED_EDGE ( 'NONE', *, *, #2206, .T. ) ;
#3334 = CARTESIAN_POINT ( 'NONE',  ( 0.03949763276092429359, 0.2335531022772223964, 0.09823544282264301541 ) ) ;
#3335 = ADVANCED_FACE ( 'NONE', ( #1734 ), #903, .F. ) ;
#3336 = ADVANCED_FACE ( 'NONE', ( #2029 ), #3180, .F. ) ;
#3337 = VERTEX_POINT ( 'NONE', #9 ) ;
#3338 = DIRECTION ( 'NONE',  ( 0.9673114570423946290, -0.2535908228498591765, 0.0004895312564062984009 ) ) ;
#3339 = CARTESIAN_POINT ( 'NONE',  ( -0.008682623817744929487, 0.2812093982251866464, 0.09885457089739464742 ) ) ;
#3340 = VECTOR ( 'NONE', #2781, 1.000000000000000000 ) ;
#3341 = AXIS2_PLACEMENT_3D ( 'NONE', #2830, #265, #1401 ) ;
#3342 = ORIENTED_EDGE ( 'NONE', *, *, #3517, .T. ) ;
#3343 = CARTESIAN_POINT ( 'NONE',  ( 0.03200016248401637425, 0.2371960866004638735, 0.1157597174365004172 ) ) ;
#3344 = CARTESIAN_POINT ( 'NONE',  ( 0.02495063346360481063, 0.2722610536989212293, 0.1185778354442443699 ) ) ;
#3345 = CIRCLE ( 'NONE', #3636, 0.001099999999999982719 ) ;
#3346 = PLANE ( 'NONE',  #982 ) ;
#3347 = CARTESIAN_POINT ( 'NONE',  ( -0.003127991427300498475, 0.2570939123657099423, 0.1098573475500290580 ) ) ;
#3348 = CARTESIAN_POINT ( 'NONE',  ( -0.01874828096625334728, 0.2496213424519601876, 0.1074967536671845164 ) ) ;
#3349 = DIRECTION ( 'NONE',  ( -0.0005060740159284919442, 1.908060298302924897E-16, 0.9999998719445369888 ) ) ;
#3350 = LINE ( 'NONE', #1879, #485 ) ;
#3351 = EDGE_CURVE ( 'NONE', #2463, #291, #1753, .T. ) ;
#3352 = CARTESIAN_POINT ( 'NONE',  ( 0.01625510481446620220, 0.2405676257698295128, 0.1187736584057165895 ) ) ;
#3353 = ORIENTED_EDGE ( 'NONE', *, *, #3109, .T. ) ;
#3354 = CARTESIAN_POINT ( 'NONE',  ( 0.03118438445849120236, 0.2537352927001739755, 0.09987471087355830057 ) ) ;
#3355 = ORIENTED_EDGE ( 'NONE', *, *, #2513, .T. ) ;
#3356 = DIRECTION ( 'NONE',  ( 0.0005060740159285199167, -6.032429276881100036E-17, -0.9999998719445369888 ) ) ;
#3357 = CARTESIAN_POINT ( 'NONE',  ( -0.001264279175144613970, 0.2657965887213825096, 0.1098582907264935987 ) ) ;
#3358 = EDGE_CURVE ( 'NONE', #1677, #1505, #1143, .T. ) ;
#3359 = ORIENTED_EDGE ( 'NONE', *, *, #3478, .T. ) ;
#3360 = CARTESIAN_POINT ( 'NONE',  ( -0.008931855874300649936, 0.2429987399753549826, 0.1028544094682758009 ) ) ;
#3361 = CARTESIAN_POINT ( 'NONE',  ( 0.02432264787344273413, 0.2721729003139776726, 0.1186415522313685189 ) ) ;
#3362 = DIRECTION ( 'NONE',  ( -0.0005060740159284919442, 1.908060298302924897E-16, 0.9999998719445369888 ) ) ;
#3363 = EDGE_CURVE ( 'NONE', #2972, #2744, #88, .T. ) ;
#3364 = AXIS2_PLACEMENT_3D ( 'NONE', #2948, #2363, #2345 ) ;
#3365 = CARTESIAN_POINT ( 'NONE',  ( 0.008368485787475690718, 0.2749821613316399960, 0.1185866132989134014 ) ) ;
#3366 = CARTESIAN_POINT ( 'NONE',  ( -0.01841245648776588043, 0.2485534777669373419, 0.1078055261469298975 ) ) ;
#3367 = DIRECTION ( 'NONE',  ( -0.0005060740159284919442, 1.908060298302924897E-16, 0.9999998719445369888 ) ) ;
#3368 = CARTESIAN_POINT ( 'NONE',  ( 0.03946215520337733457, 0.2335411727036836305, 0.1139360140053196080 ) ) ;
#3369 = VECTOR ( 'NONE', #1121, 1.000000000000000000 ) ;
#3370 = CARTESIAN_POINT ( 'NONE',  ( -0.01339980627066683638, 0.2768297220007182036, 0.1062263914817549310 ) ) ;
#3371 = EDGE_CURVE ( 'NONE', #1223, #2463, #1362, .T. ) ;
#3372 = ORIENTED_EDGE ( 'NONE', *, *, #3236, .T. ) ;
#3373 = FACE_OUTER_BOUND ( 'NONE', #2120, .T. ) ;
#3374 = EDGE_LOOP ( 'NONE', ( #1659, #983, #938, #3703 ) ) ;
#3375 = CARTESIAN_POINT ( 'NONE',  ( 0.05584223423611618664, 0.2565304048171189732, 0.1128219799090802306 ) ) ;
#3376 = CARTESIAN_POINT ( 'NONE',  ( 0.03808720414689906186, 0.2364380389668974403, 0.1143319521443166148 ) ) ;
#3377 = AXIS2_PLACEMENT_3D ( 'NONE', #1647, #2793, #233 ) ;
#3378 = VERTEX_POINT ( 'NONE', #3460 ) ;
#3379 = CARTESIAN_POINT ( 'NONE',  ( -0.008854896287210933109, 0.2432883332147720845, 0.1007999353447407431 ) ) ;
#3380 = CARTESIAN_POINT ( 'NONE',  ( -0.008111892085731335980, 0.2804437528070299335, 0.09546211971793995554 ) ) ;
#3381 = CARTESIAN_POINT ( 'NONE',  ( -0.01890790178313289660, 0.2505346410458184070, 0.1038946281264366833 ) ) ;
#3382 = EDGE_CURVE ( 'NONE', #216, #1536, #886, .T. ) ;
#3383 = CYLINDRICAL_SURFACE ( 'NONE', #47, 0.001100000000000010691 ) ;
#3384 = EDGE_CURVE ( 'NONE', #2623, #3653, #742, .T. ) ;
#3385 = CARTESIAN_POINT ( 'NONE',  ( -0.01274937678202994057, 0.2491670489429924917, 0.1138524789285020045 ) ) ;
#3386 = CARTESIAN_POINT ( 'NONE',  ( -0.008565993879879970144, 0.2481093014626974957, 0.09785459398127090147 ) ) ;
#3387 = AXIS2_PLACEMENT_3D ( 'NONE', #506, #1344, #1860 ) ;
#3388 = CARTESIAN_POINT ( 'NONE',  ( 0.04066733551162166754, 0.2337292637425006370, 0.1137272361655146807 ) ) ;
#3389 = CARTESIAN_POINT ( 'NONE',  ( -0.008843755325432901132, 0.2806320777327968030, 0.1076159649072064434 ) ) ;
#3390 = ORIENTED_EDGE ( 'NONE', *, *, #1702, .T. ) ;
#3391 = VERTEX_POINT ( 'NONE', #2006 ) ;
#3392 = CARTESIAN_POINT ( 'NONE',  ( 0.03846665374935466508, 0.2334627025671885125, 0.09839088224781065983 ) ) ;
#3393 = ORIENTED_EDGE ( 'NONE', *, *, #446, .F. ) ;
#3394 = CARTESIAN_POINT ( 'NONE',  ( 0.05317697453603766056, 0.2628466364899489371, 0.1129392880593949322 ) ) ;
#3395 = LINE ( 'NONE', #1396, #464 ) ;
#3396 = ORIENTED_EDGE ( 'NONE', *, *, #3236, .F. ) ;
#3397 = CARTESIAN_POINT ( 'NONE',  ( -0.02046954807034805091, 0.2453650829439295022, 0.1118485716938032032 ) ) ;
#3398 = DIRECTION ( 'NONE',  ( 0.9778286787918324396, -0.2094058978443200658, 0.0004948537497350001708 ) ) ;
#3399 = LINE ( 'NONE', #821, #1809 ) ;
#3400 = DIRECTION ( 'NONE',  ( -0.0005060740159284919442, 1.908060298302924897E-16, 0.9999998719445369888 ) ) ;
#3401 = CIRCLE ( 'NONE', #108, 0.001099999999999983370 ) ;
#3402 = CARTESIAN_POINT ( 'NONE',  ( -0.01894186200305333564, 0.2508547565213409825, 0.1063347218575072112 ) ) ;
#3403 = CARTESIAN_POINT ( 'NONE',  ( 0.03709313040544219564, 0.2334274345347442381, 0.1144057070387760749 ) ) ;
#3404 = DIRECTION ( 'NONE',  ( 0.2094058710287512171, 0.9778288040081525301, 0.0001059748836809705058 ) ) ;
#3405 = ORIENTED_EDGE ( 'NONE', *, *, #2858, .T. ) ;
#3406 = PLANE ( 'NONE',  #407 ) ;
#3407 = VERTEX_POINT ( 'NONE', #3161 ) ;
#3408 = CARTESIAN_POINT ( 'NONE',  ( 0.05596219091084092545, 0.2559367611104366169, 0.1128267486565177474 ) ) ;
#3409 = DIRECTION ( 'NONE',  ( 0.9673114570423946290, -0.2535908228498591765, 0.0004895312564060543470 ) ) ;
#3410 = ORIENTED_EDGE ( 'NONE', *, *, #3447, .T. ) ;
#3411 = CARTESIAN_POINT ( 'NONE',  ( 0.02441927165863513535, 0.2357574052917806862, 0.1173971156213721861 ) ) ;
#3412 = CARTESIAN_POINT ( 'NONE',  ( -0.006702351677613060769, 0.2809082445988629884, 0.1018919294976267931 ) ) ;
#3413 = EDGE_CURVE ( 'NONE', #1505, #2236, #1052, .T. ) ;
#3414 = CARTESIAN_POINT ( 'NONE',  ( 0.02719319885764324984, 0.2709508110092571642, 0.1182566006574576889 ) ) ;
#3415 = CIRCLE ( 'NONE', #3289, 0.001100000000000010691 ) ;
#3416 = CARTESIAN_POINT ( 'NONE',  ( -0.01801226093010344781, 0.2477222241994129770, 0.1028498141106344022 ) ) ;
#3417 = VERTEX_POINT ( 'NONE', #2104 ) ;
#3418 = DIRECTION ( 'NONE',  ( 0.2094058710287506619, 0.9778288040081526411, 0.0001059748836761661891 ) ) ;
#3419 = CARTESIAN_POINT ( 'NONE',  ( -0.001264279175144613970, 0.2657965887213825096, 0.1098582907264935987 ) ) ;
#3420 = DIRECTION ( 'NONE',  ( 0.2094058710287506619, 0.9778288040081526411, 0.0001059748836761661891 ) ) ;
#3421 = DIRECTION ( 'NONE',  ( -0.0005060740159284919442, 1.908060298302924897E-16, 0.9999998719445369888 ) ) ;
#3422 = ORIENTED_EDGE ( 'NONE', *, *, #3449, .T. ) ;
#3423 = EDGE_LOOP ( 'NONE', ( #1880, #1749, #798, #1888, #2150 ) ) ;
#3424 = CARTESIAN_POINT ( 'NONE',  ( -0.06002688774292280066, 0.2563952967655669934, 0.09182855018838249894 ) ) ;
#3425 = VECTOR ( 'NONE', #542, 1.000000000000000000 ) ;
#3426 = ADVANCED_FACE ( 'NONE', ( #3293 ), #1846, .F. ) ;
#3427 = ORIENTED_EDGE ( 'NONE', *, *, #2695, .T. ) ;
#3428 = EDGE_CURVE ( 'NONE', #2676, #3319, #1645, .T. ) ;
#3429 = CARTESIAN_POINT ( 'NONE',  ( 0.04994557945564808560, 0.2666516693616374778, 0.1133709936365209642 ) ) ;
#3430 = CARTESIAN_POINT ( 'NONE',  ( 0.03699266990103042274, 0.2364292372907467465, 0.1145647124426713154 ) ) ;
#3431 = ORIENTED_EDGE ( 'NONE', *, *, #1331, .F. ) ;
#3432 = DIRECTION ( 'NONE',  ( 0.0005060740159284919442, -1.908060298302924897E-16, -0.9999998719445369888 ) ) ;
#3433 = CARTESIAN_POINT ( 'NONE',  ( -0.0009775096160970181240, 0.2409134248494309849, 0.1028584349567462086 ) ) ;
#3434 = CARTESIAN_POINT ( 'NONE',  ( -0.01893151938711350180, 0.2507513864063328768, 0.1041861927068112870 ) ) ;
#3435 = CIRCLE ( 'NONE', #793, 0.001300000000000004494 ) ;
#3436 = ORIENTED_EDGE ( 'NONE', *, *, #1631, .T. ) ;
#3437 = DIRECTION ( 'NONE',  ( -0.0005060740159283820061, 1.673698151852254821E-16, 0.9999998719445369888 ) ) ;
#3438 = DIRECTION ( 'NONE',  ( 0.1168812424260052135, 0.6974398147223225264, -0.7070477211681301943 ) ) ;
#3439 = CARTESIAN_POINT ( 'NONE',  ( -0.007945899771073442266, 0.2467499768292183981, 0.09785490779467198585 ) ) ;
#3440 = DIRECTION ( 'NONE',  ( 0.2094058710287503566, 0.9778288040081527521, 0.0001059748836761662162 ) ) ;
#3441 = ORIENTED_EDGE ( 'NONE', *, *, #1742, .T. ) ;
#3442 = VERTEX_POINT ( 'NONE', #456 ) ;
#3443 = CARTESIAN_POINT ( 'NONE',  ( -0.003354289293304695083, 0.2560183006813009920, 0.1018572320021004091 ) ) ;
#3444 = LINE ( 'NONE', #1217, #1893 ) ;
#3445 = ORIENTED_EDGE ( 'NONE', *, *, #2754, .F. ) ;
#3446 = CARTESIAN_POINT ( 'NONE',  ( 0.05490593188911031819, 0.2595436109570230521, 0.1128256805551918762 ) ) ;
#3447 = EDGE_CURVE ( 'NONE', #392, #1819, #1012, .T. ) ;
#3448 = CARTESIAN_POINT ( 'NONE',  ( 0.03900279995613035317, 0.2413216798051840140, 0.1108786689796042030 ) ) ;
#3449 = EDGE_CURVE ( 'NONE', #1866, #3010, #1638, .T. ) ;
#3450 = ORIENTED_EDGE ( 'NONE', *, *, #1822, .F. ) ;
#3451 = FACE_OUTER_BOUND ( 'NONE', #2632, .T. ) ;
#3452 = CARTESIAN_POINT ( 'NONE',  ( -0.008755255760904599727, 0.2812514740541025016, 0.09816827169824760002 ) ) ;
#3453 = CARTESIAN_POINT ( 'NONE',  ( 0.03785812226813111553, 0.2686671252162474710, 0.1159557864404653221 ) ) ;
#3454 = CARTESIAN_POINT ( 'NONE',  ( -0.05025748474272059840, 0.2538332168091964602, 0.09883349512641359524 ) ) ;
#3455 = ORIENTED_EDGE ( 'NONE', *, *, #2874, .F. ) ;
#3456 = DIRECTION ( 'NONE',  ( 0.9673114570423946290, -0.2535908228498591765, 0.0004895312564062673927 ) ) ;
#3457 = DIRECTION ( 'NONE',  ( -0.0005060740159285463712, 0.000000000000000000, 0.9999998719445369888 ) ) ;
#3458 = DIRECTION ( 'NONE',  ( 0.0005060740159284919442, -1.908060298302924897E-16, -0.9999998719445369888 ) ) ;
#3459 = VECTOR ( 'NONE', #2855, 1.000000000000000000 ) ;
#3460 = CARTESIAN_POINT ( 'NONE',  ( 0.04342592031318529694, 0.2344422296111270121, 0.09788090574145180689 ) ) ;
#3461 = VECTOR ( 'NONE', #1422, 1.000000000000000000 ) ;
#3462 = CARTESIAN_POINT ( 'NONE',  ( -0.05972064443103386466, 0.2578287724673850589, 0.09329317145178525617 ) ) ;
#3463 = CARTESIAN_POINT ( 'NONE',  ( -0.007155698403572490797, 0.2757102700230009695, 0.09458258000343970628 ) ) ;
#3464 = EDGE_CURVE ( 'NONE', #503, #1907, #1511, .T. ) ;
#3465 = AXIS2_PLACEMENT_3D ( 'NONE', #946, #2996, #1530 ) ;
#3466 = ORIENTED_EDGE ( 'NONE', *, *, #3627, .F. ) ;
#3467 = CARTESIAN_POINT ( 'NONE',  ( 0.05358193982376587006, 0.2426466000326934491, 0.1128394246508885174 ) ) ;
#3468 = CARTESIAN_POINT ( 'NONE',  ( 0.05069907322150501994, 0.2611542304087737243, 0.1131321358249736814 ) ) ;
#3469 = ORIENTED_EDGE ( 'NONE', *, *, #3317, .F. ) ;
#3470 = LINE ( 'NONE', #836, #2033 ) ;
#3471 = CARTESIAN_POINT ( 'NONE',  ( -0.01418737193948554041, 0.2746999470641739993, 0.1118517509403136045 ) ) ;
#3472 = CARTESIAN_POINT ( 'NONE',  ( 0.04567503992497489590, 0.2557451056248554733, 0.1028820446028692048 ) ) ;
#3473 = PERSON_AND_ORGANIZATION_ROLE ( 'design_owner' ) ;
#3474 = ORIENTED_EDGE ( 'NONE', *, *, #2022, .F. ) ;
#3475 = DIRECTION ( 'NONE',  ( 0.0005060740159284920527, -1.908331348846048492E-16, -0.9999998719445369888 ) ) ;
#3476 = CARTESIAN_POINT ( 'NONE',  ( -0.05312830769237567030, 0.2886636472978360568, 0.1151758498805656172 ) ) ;
#3477 = CARTESIAN_POINT ( 'NONE',  ( -0.001016828674843351992, 0.2799582652365870117, 0.1028584150583898016 ) ) ;
#3478 = EDGE_CURVE ( 'NONE', #3609, #2763, #2678, .T. ) ;
#3479 = CARTESIAN_POINT ( 'NONE',  ( 0.03118438445849120236, 0.2537352927001739755, 0.09987471087355830057 ) ) ;
#3480 = ORIENTED_EDGE ( 'NONE', *, *, #107, .F. ) ;
#3481 = LINE ( 'NONE', #2332, #224 ) ;
#3482 = AXIS2_PLACEMENT_3D ( 'NONE', #2906, #2321, #966 ) ;
#3483 = ORIENTED_EDGE ( 'NONE', *, *, #2526, .T. ) ;
#3484 = CARTESIAN_POINT ( 'NONE',  ( 0.05533684296395811886, 0.2464782342775777568, 0.1128798790270872515 ) ) ;
#3485 = CARTESIAN_POINT ( 'NONE',  ( 0.05278931940482706198, 0.2483979533029647968, 0.1128199719645577720 ) ) ;
#3486 = CIRCLE ( 'NONE', #1438, 0.008000000000000003636 ) ;
#3487 = ORIENTED_EDGE ( 'NONE', *, *, #1520, .F. ) ;
#3488 = DIRECTION ( 'NONE',  ( 0.2094058710287509117, 0.9778288040081526411, 0.0001059748836809999554 ) ) ;
#3489 = FACE_OUTER_BOUND ( 'NONE', #3086, .T. ) ;
#3490 = CARTESIAN_POINT ( 'NONE',  ( 0.03232954173497754047, 0.2729015919223674036, 0.1174102335099450334 ) ) ;
#3491 = CALENDAR_DATE ( 2026, 6, 9 ) ;
#3492 = EDGE_LOOP ( 'NONE', ( #2415, #2366, #2373, #1164, #3393, #3487 ) ) ;
#3493 = CARTESIAN_POINT ( 'NONE',  ( -0.007164533741234760042, 0.2809846203471815240, 0.1118553050166990054 ) ) ;
#3494 = LINE ( 'NONE', #3567, #2700 ) ;
#3495 = CARTESIAN_POINT ( 'NONE',  ( -0.05221798747685259950, 0.2833556914821065420, 0.1118325046315157972 ) ) ;
#3496 = EDGE_CURVE ( 'NONE', #3113, #795, #3535, .T. ) ;
#3497 = ADVANCED_FACE ( 'NONE', ( #143 ), #3603, .F. ) ;
#3498 = DIRECTION ( 'NONE',  ( 0.0005060740159258310953, 0.000000000000000000, -0.9999998719445369888 ) ) ;
#3499 = CARTESIAN_POINT ( 'NONE',  ( -0.001260736657033113828, 0.2657965887213825096, 0.1028582916228820004 ) ) ;
#3500 = DIRECTION ( 'NONE',  ( 0.8712050586980844002, -0.1865227632174391581, -0.4541046184532794849 ) ) ;
#3501 = ORIENTED_EDGE ( 'NONE', *, *, #3117, .T. ) ;
#3502 = CARTESIAN_POINT ( 'NONE',  ( 0.05260850854796555315, 0.2477687993368060115, 0.1128206346177451774 ) ) ;
#3503 = ORIENTED_EDGE ( 'NONE', *, *, #2354, .T. ) ;
#3504 = CARTESIAN_POINT ( 'NONE',  ( -0.0009096850134079903505, 0.2411769649870432741, 0.1053584696011585359 ) ) ;
#3505 = LINE ( 'NONE', #3228, #2704 ) ;
#3506 = ADVANCED_FACE ( 'NONE', ( #3569 ), #2174, .F. ) ;
#3507 = DIRECTION ( 'NONE',  ( -0.0005060740159284919442, 1.908060298302924897E-16, 0.9999998719445369888 ) ) ;
#3508 = ORIENTED_EDGE ( 'NONE', *, *, #262, .F. ) ;
#3509 = DATE_TIME_ROLE ( 'creation_date' ) ;
#3510 = ORIENTED_EDGE ( 'NONE', *, *, #682, .F. ) ;
#3511 = DIRECTION ( 'NONE',  ( 0.0005060740159284919442, -1.908060298302924897E-16, -0.9999998719445369888 ) ) ;
#3512 = DIRECTION ( 'NONE',  ( 0.2094058710287509117, 0.9778288040081526411, 0.0001059748836809999554 ) ) ;
#3513 = CARTESIAN_POINT ( 'NONE',  ( 0.04361376554290271462, 0.2671230918086595629, 0.1145576868053389680 ) ) ;
#3514 = CARTESIAN_POINT ( 'NONE',  ( -0.01184425938462902589, 0.2788530001513229162, 0.1028931290530549908 ) ) ;
#3515 = ORIENTED_EDGE ( 'NONE', *, *, #445, .F. ) ;
#3516 = CARTESIAN_POINT ( 'NONE',  ( -0.003358337885432124623, 0.2560183006813009920, 0.1098572309776570111 ) ) ;
#3517 = EDGE_CURVE ( 'NONE', #3037, #2130, #716, .T. ) ;
#3518 = AXIS2_PLACEMENT_3D ( 'NONE', #1083, #3400, #2243 ) ;
#3519 = VECTOR ( 'NONE', #2753, 1.000000000000000000 ) ;
#3520 = ORIENTED_EDGE ( 'NONE', *, *, #2206, .F. ) ;
#3521 = AXIS2_PLACEMENT_3D ( 'NONE', #3357, #468, #2468 ) ;
#3522 =( BOUNDED_CURVE ( )  B_SPLINE_CURVE ( 3, ( #2607, #2849, #1102, #1403 ),
 .UNSPECIFIED., .F., .F. ) 
 B_SPLINE_CURVE_WITH_KNOTS ( ( 4, 4 ),
 ( 4.712388980384689674, 5.313579921941019357 ),
 .UNSPECIFIED. ) 
 CURVE ( )  GEOMETRIC_REPRESENTATION_ITEM ( )  RATIONAL_B_SPLINE_CURVE ( ( 1.000000000000000000, 0.9701068974095854447, 0.9701068974095854447, 1.000000000000000000 ) ) 
 REPRESENTATION_ITEM ( '' )  );
#3523 = CARTESIAN_POINT ( 'NONE',  ( 0.04406803450430423624, 0.2379240717961921547, 0.1133361185300564428 ) ) ;
#3524 = ORIENTED_EDGE ( 'NONE', *, *, #3649, .T. ) ;
#3525 = CARTESIAN_POINT ( 'NONE',  ( 0.04357743869657594582, 0.2459668175847740113, 0.1098809839576440073 ) ) ;
#3526 = DIRECTION ( 'NONE',  ( 0.2094058710287517722, 0.9778288040081523080, 0.0001059748836790769602 ) ) ;
#3527 = CARTESIAN_POINT ( 'NONE',  ( -0.001960145637814179886, 0.2801158681150409668, 0.1028579376701250075 ) ) ;
#3528 = B_SPLINE_SURFACE_WITH_KNOTS ( 'NONE', 3, 1, ( 
 ( #2964, #139 ),
 ( #2154, #990 ),
 ( #1874, #1575 ),
 ( #2679, #453 ),
 ( #119, #3253 ),
 ( #3583, #2100 ),
 ( #1273, #1252 ),
 ( #2418, #1009 ),
 ( #2659, #1802 ),
 ( #2453, #675 ) ),
 .UNSPECIFIED., .F., .F., .F.,
 ( 4, 3, 3, 4 ),
 ( 2, 2 ),
 ( -3.394670583162110233, 0.1142298350166470050, 1.000000000000000000, 1.010717739737369891 ),
 ( -1.926586950017299849, 5.004742819185109326 ),
 .UNSPECIFIED. ) ;
#3529 = EDGE_CURVE ( 'NONE', #3337, #752, #2489, .T. ) ;
#3530 = VERTEX_POINT ( 'NONE', #1982 ) ;
#3531 = EDGE_LOOP ( 'NONE', ( #3592, #358 ) ) ;
#3532 = DIRECTION ( 'NONE',  ( -0.0005060740159284919442, 1.908060298302924897E-16, 0.9999998719445369888 ) ) ;
#3533 = DIRECTION ( 'NONE',  ( 0.2094058710287509117, 0.9778288040081526411, 0.0001059748836809999554 ) ) ;
#3534 = FACE_OUTER_BOUND ( 'NONE', #1340, .T. ) ;
#3535 = LINE ( 'NONE', #3023, #2790 ) ;
#3536 = CARTESIAN_POINT ( 'NONE',  ( -0.003626516925642071440, 0.2547471232360903892, 0.1018570942347516300 ) ) ;
#3537 = APPROVAL ( #302, 'UNSPECIFIED' ) ;
#3538 = ORIENTED_EDGE ( 'NONE', *, *, #1199, .T. ) ;
#3539 = CARTESIAN_POINT ( 'NONE',  ( 0.04972516904904974999, 0.2423551316678869416, 0.1128785582217148725 ) ) ;
#3540 = ADVANCED_FACE ( 'NONE', ( #3659 ), #2811, .T. ) ;
#3541 = AXIS2_PLACEMENT_3D ( 'NONE', #2965, #395, #140 ) ;
#3542 = EDGE_CURVE ( 'NONE', #3184, #1176, #1836, .T. ) ;
#3543 = ORIENTED_EDGE ( 'NONE', *, *, #878, .T. ) ;
#3544 = CARTESIAN_POINT ( 'NONE',  ( -0.01495949545865391320, 0.2445804350729933740, 0.1007818978191215437 ) ) ;
#3545 = DIRECTION ( 'NONE',  ( 0.2094058710287509117, 0.9778288040081526411, 0.0001059748836809999554 ) ) ;
#3546 = VECTOR ( 'NONE', #500, 1.000000000000000000 ) ;
#3547 = DIRECTION ( 'NONE',  ( -0.8764176767245954736, 0.4815515125132386887, -0.0004435322700875567658 ) ) ;
#3548 = VERTEX_POINT ( 'NONE', #3416 ) ;
#3549 = ORIENTED_EDGE ( 'NONE', *, *, #3316, .T. ) ;
#3550 = CARTESIAN_POINT ( 'NONE',  ( 0.01959094156320814392, 0.2398532861649789738, 0.1183777295508236793 ) ) ;
#3551 = DIRECTION ( 'NONE',  ( -0.9863287186144908958, 0.1647889853120761416, -0.0004991553995744813996 ) ) ;
#3552 = CARTESIAN_POINT ( 'NONE',  ( 0.04358854557499926979, 0.2671339185809160077, 0.1145636401367728374 ) ) ;
#3553 = DIRECTION ( 'NONE',  ( -0.0005060740159284919442, 1.908873449932291244E-16, 0.9999998719445369888 ) ) ;
#3554 = CARTESIAN_POINT ( 'NONE',  ( 0.02444071043606229829, 0.2357467742465294835, 0.1173922388818774004 ) ) ;
#3555 = DIRECTION ( 'NONE',  ( 0.000000000000000000, 0.5748187990621256294, -0.8182807270397952637 ) ) ;
#3556 = CARTESIAN_POINT ( 'NONE',  ( 0.05474207810153149806, 0.2449166007253580357, 0.1128659281367904166 ) ) ;
#3557 = ORIENTED_EDGE ( 'NONE', *, *, #2324, .F. ) ;
#3558 = VERTEX_POINT ( 'NONE', #3347 ) ;
#3559 = CARTESIAN_POINT ( 'NONE',  ( -0.003150982792485783248, 0.2416567279604346086, 0.1073859234327467910 ) ) ;
#3560 = CARTESIAN_POINT ( 'NONE',  ( -0.007160650624307549408, 0.2809844651299991392, 0.1008435562156374393 ) ) ;
#3561 = AXIS2_PLACEMENT_3D ( 'NONE', #1626, #767, #2439 ) ;
#3562 = CARTESIAN_POINT ( 'NONE',  ( -0.009389525847444315371, 0.2813574560208262909, 0.09885177645003562219 ) ) ;
#3563 = ORIENTED_EDGE ( 'NONE', *, *, #3675, .T. ) ;
#3564 = COORDINATED_UNIVERSAL_TIME_OFFSET ( 2, 0, .AHEAD. ) ;
#3565 = ORIENTED_EDGE ( 'NONE', *, *, #3142, .T. ) ;
#3566 = DIRECTION ( 'NONE',  ( -0.9778286787918324396, 0.2094058978443200658, -0.0004948537497350001708 ) ) ;
#3567 = CARTESIAN_POINT ( 'NONE',  ( -0.05702774354830680154, 0.2608656289899189962, 0.09883006887391219963 ) ) ;
#3568 = CARTESIAN_POINT ( 'NONE',  ( -0.06189150616342210115, 0.2573030229632600197, 0.1188276100108273947 ) ) ;
#3569 = FACE_OUTER_BOUND ( 'NONE', #1225, .T. ) ;
#3570 = PLANE ( 'NONE',  #2769 ) ;
#3571 = DIRECTION ( 'NONE',  ( -0.9778286787918324396, 0.2094058978443200658, -0.0004948537497350001708 ) ) ;
#3572 = CARTESIAN_POINT ( 'NONE',  ( 0.05588318227838625502, 0.2485193597374701080, 0.1128872065963649612 ) ) ;
#3573 = ADVANCED_FACE ( 'NONE', ( #1366 ), #841, .T. ) ;
#3574 = ORIENTED_EDGE ( 'NONE', *, *, #2900, .F. ) ;
#3575 = EDGE_LOOP ( 'NONE', ( #1298, #2232 ) ) ;
#3576 = VECTOR ( 'NONE', #2893, 1.000000000000000000 ) ;
#3577 = CARTESIAN_POINT ( 'NONE',  ( -0.01495579417954855453, 0.2445783207199645759, 0.1008857945018498958 ) ) ;
#3578 = CARTESIAN_POINT ( 'NONE',  ( -0.007269639545196208107, 0.2809722980281656457, 0.1001639089722536208 ) ) ;
#3579 = CYLINDRICAL_SURFACE ( 'NONE', #2792, 0.005000000000000000971 ) ;
#3580 = CIRCLE ( 'NONE', #1237, 0.005000000000000004441 ) ;
#3581 = ORIENTED_EDGE ( 'NONE', *, *, #980, .T. ) ;
#3582 = ORIENTED_EDGE ( 'NONE', *, *, #1730, .F. ) ;
#3583 = CARTESIAN_POINT ( 'NONE',  ( 0.03595139414322710142, 0.2135795828036470001, 0.1121461733757083967 ) ) ;
#3584 = CARTESIAN_POINT ( 'NONE',  ( 0.02469873147620631551, 0.2722281275825150781, 0.1186036036989886883 ) ) ;
#3585 = LINE ( 'NONE', #1365, #3230 ) ;
#3586 = EDGE_CURVE ( 'NONE', #499, #1739, #3313, .T. ) ;
#3587 = CARTESIAN_POINT ( 'NONE',  ( 0.04508811442354575261, 0.2697567564771119475, 0.09857166885102203180 ) ) ;
#3588 = ADVANCED_FACE ( 'NONE', ( #1099 ), #3383, .F. ) ;
#3589 = CARTESIAN_POINT ( 'NONE',  ( 0.04064074082322494813, 0.2680717667027774920, 0.1108794978990230023 ) ) ;
#3590 = CARTESIAN_POINT ( 'NONE',  ( -0.001016497450195763584, 0.2799582652365869007, 0.1022039167147393984 ) ) ;
#3591 = CARTESIAN_POINT ( 'NONE',  ( 0.05624631756162942753, 0.2537409496264870223, 0.1128483375907207986 ) ) ;
#3592 = ORIENTED_EDGE ( 'NONE', *, *, #2544, .T. ) ;
#3593 = ORIENTED_EDGE ( 'NONE', *, *, #2163, .T. ) ;
#3594 = FACE_OUTER_BOUND ( 'NONE', #674, .T. ) ;
#3595 = DIRECTION ( 'NONE',  ( -0.0005060740159284919442, 1.908060298302924897E-16, 0.9999998719445369888 ) ) ;
#3596 = FACE_OUTER_BOUND ( 'NONE', #1281, .T. ) ;
#3597 = CC_DESIGN_PERSON_AND_ORGANIZATION_ASSIGNMENT ( #1800, #2452, ( #3095 ) ) ;
#3598 = ORIENTED_EDGE ( 'NONE', *, *, #1606, .F. ) ;
#3599 = PERSON_AND_ORGANIZATION_ROLE ( 'design_supplier' ) ;
#3600 = CARTESIAN_POINT ( 'NONE',  ( 0.01925395931215425141, 0.2399254473495865958, 0.1184228059154066731 ) ) ;
#3601 = CARTESIAN_POINT ( 'NONE',  ( 0.02295609268749684850, 0.2718581474980654722, 0.1187770496019888017 ) ) ;
#3602 = CARTESIAN_POINT ( 'NONE',  ( -0.01634432867015628635, 0.2453153716531465134, 0.09580498449923104121 ) ) ;
#3603 = CYLINDRICAL_SURFACE ( 'NONE', #1235, 0.001300000000000004494 ) ;
#3604 = CARTESIAN_POINT ( 'NONE',  ( -0.01274380996785472002, 0.2491670489429924917, 0.1028524803371119872 ) ) ;
#3605 = DIRECTION ( 'NONE',  ( 0.8764176767245954736, -0.4815515125132386887, 0.0004435322700875567658 ) ) ;
#3606 = CARTESIAN_POINT ( 'NONE',  ( 0.04089202288273340036, 0.2337710239931935219, 0.1136900506429752711 ) ) ;
#3607 = EDGE_CURVE ( 'NONE', #1535, #1159, #3712, .T. ) ;
#3608 = EDGE_CURVE ( 'NONE', #1039, #3706, #1896, .T. ) ;
#3609 = VERTEX_POINT ( 'NONE', #3365 ) ;
#3610 = DIRECTION ( 'NONE',  ( 0.0005060740159258310953, 0.000000000000000000, -0.9999998719445369888 ) ) ;
#3611 = VECTOR ( 'NONE', #528, 1.000000000000000000 ) ;
#3612 = ORIENTED_EDGE ( 'NONE', *, *, #1932, .F. ) ;
#3613 = CARTESIAN_POINT ( 'NONE',  ( -0.007166193420787557097, 0.2809838840388141357, 0.1007497058581554167 ) ) ;
#3614 = CARTESIAN_POINT ( 'NONE',  ( -0.009195106468334565339, 0.2813226030829029667, 0.09885426171634613401 ) ) ;
#3615 = ORIENTED_EDGE ( 'NONE', *, *, #1035, .F. ) ;
#3616 = CARTESIAN_POINT ( 'NONE',  ( -0.05573271662903210577, 0.2669281675747700033, 0.1053307250858303984 ) ) ;
#3617 = CARTESIAN_POINT ( 'NONE',  ( 0.02528643444068951265, 0.2723037880996446725, 0.1185420468514467723 ) ) ;
#3618 = ADVANCED_FACE ( 'NONE', ( #3677, #3620 ), #1117, .T. ) ;
#3619 = FACE_OUTER_BOUND ( 'NONE', #3531, .T. ) ;
#3620 = FACE_BOUND ( 'NONE', #256, .T. ) ;
#3621 = CARTESIAN_POINT ( 'NONE',  ( 0.04358148728870334804, 0.2459668175847740113, 0.1018809849820877939 ) ) ;
#3622 = DIRECTION ( 'NONE',  ( 0.2094058710287509117, 0.9778288040081526411, 0.0001059748836809999554 ) ) ;
#3623 = CARTESIAN_POINT ( 'NONE',  ( 0.03751586633925308584, 0.2334266813148727082, 0.1143172778304146486 ) ) ;
#3624 = ORIENTED_EDGE ( 'NONE', *, *, #849, .T. ) ;
#3625 = FACE_OUTER_BOUND ( 'NONE', #866, .T. ) ;
#3626 = ORIENTED_EDGE ( 'NONE', *, *, #2778, .T. ) ;
#3627 = EDGE_CURVE ( 'NONE', #3175, #1799, #768, .T. ) ;
#3628 = DIRECTION ( 'NONE',  ( 0.9673114570423946290, -0.2535908228498591765, 0.0004895312564062984009 ) ) ;
#3629 = APPROVAL_PERSON_ORGANIZATION ( #3156, #2865, #2079 ) ;
#3630 = CYLINDRICAL_SURFACE ( 'NONE', #2851, 0.005000000000000000971 ) ;
#3631 = CIRCLE ( 'NONE', #2491, 0.001099999999999995729 ) ;
#3632 = AXIS2_PLACEMENT_3D ( 'NONE', #3495, #918, #2930 ) ;
#3633 = ORIENTED_EDGE ( 'NONE', *, *, #1528, .F. ) ;
#3634 = CARTESIAN_POINT ( 'NONE',  ( 0.03005979325930051987, 0.2376115727145812484, 0.1162354676128337511 ) ) ;
#3635 = CARTESIAN_POINT ( 'NONE',  ( 0.02433506831035735923, 0.2721748725714368544, 0.1186403017536470095 ) ) ;
#3636 = AXIS2_PLACEMENT_3D ( 'NONE', #3516, #2086, #3239 ) ;
#3637 =( BOUNDED_CURVE ( )  B_SPLINE_CURVE ( 3, ( #3678, #804, #2263, #1063 ),
 .UNSPECIFIED., .F., .F. ) 
 B_SPLINE_CURVE_WITH_KNOTS ( ( 4, 4 ),
 ( 0.4718618372796399840, 0.6897750007855000254 ),
 .UNSPECIFIED. ) 
 CURVE ( )  GEOMETRIC_REPRESENTATION_ITEM ( )  RATIONAL_B_SPLINE_CURVE ( ( 1.000000000000000000, 0.9960467343649543892, 0.9960467343649543892, 1.000000000000000000 ) ) 
 REPRESENTATION_ITEM ( '' )  );
#3638 = CARTESIAN_POINT ( 'NONE',  ( -0.05573271662903210577, 0.2669281675747700033, 0.1053307250858303984 ) ) ;
#3639 = ADVANCED_FACE ( 'NONE', ( #1646, #1912 ), #489, .F. ) ;
#3640 = FACE_OUTER_BOUND ( 'NONE', #2520, .T. ) ;
#3641 = CARTESIAN_POINT ( 'NONE',  ( -0.01881505117799215504, 0.2499486704658869241, 0.1072957974910851847 ) ) ;
#3642 = PLANE ( 'NONE',  #1542 ) ;
#3643 = CARTESIAN_POINT ( 'NONE',  ( 0.04211715943017801250, 0.2340476556890331017, 0.1135004656055075972 ) ) ;
#3644 = CARTESIAN_POINT ( 'NONE',  ( 0.01130420759346909346, 0.2416278849740306212, 0.1187260561168206469 ) ) ;
#3645 = ORIENTED_EDGE ( 'NONE', *, *, #1309, .F. ) ;
#3646 = LINE ( 'NONE', #1634, #3340 ) ;
#3647 = ORIENTED_EDGE ( 'NONE', *, *, #60, .T. ) ;
#3648 = CARTESIAN_POINT ( 'NONE',  ( 0.05557641242354593308, 0.2575915827565342098, 0.1128169864895990360 ) ) ;
#3649 = EDGE_CURVE ( 'NONE', #1445, #1223, #2417, .T. ) ;
#3650 = CARTESIAN_POINT ( 'NONE',  ( 0.03886263040573226940, 0.2365020087554662032, 0.1141774216517990187 ) ) ;
#3651 = AXIS2_PLACEMENT_3D ( 'NONE', #58, #2602, #1171 ) ;
#3652 = ADVANCED_FACE ( 'NONE', ( #3640 ), #2791, .F. ) ;
#3653 = VERTEX_POINT ( 'NONE', #527 ) ;
#3654 = CARTESIAN_POINT ( 'NONE',  ( -0.05173362117380051611, 0.2856046977313255186, 0.1064327490652477864 ) ) ;
#3655 = CARTESIAN_POINT ( 'NONE',  ( 0.03158604298314501152, 0.2728722351487237741, 0.1175613202990851980 ) ) ;
#3656 = CARTESIAN_POINT ( 'NONE',  ( -0.04391043506204829472, 0.2839294505485710496, 0.1053367080361066049 ) ) ;
#3657 = AXIS2_PLACEMENT_3D ( 'NONE', #471, #2771, #1908 ) ;
#3658 = AXIS2_PLACEMENT_3D ( 'NONE', #587, #2832, #1179 ) ;
#3659 = FACE_OUTER_BOUND ( 'NONE', #2523, .T. ) ;
#3660 = CARTESIAN_POINT ( 'NONE',  ( -0.01882275916889779646, 0.2499876987422285646, 0.1072708493514370476 ) ) ;
#3661 = DIRECTION ( 'NONE',  ( 0.2094058710287513281, 0.9778288040081525301, 0.0001059748836817414955 ) ) ;
#3662 =( BOUNDED_CURVE ( )  B_SPLINE_CURVE ( 3, ( #2008, #867, #2610, #3462 ),
 .UNSPECIFIED., .F., .F. ) 
 B_SPLINE_CURVE_WITH_KNOTS ( ( 4, 4 ),
 ( 5.852658852348379887E-15, 0.7853981633974361776 ),
 .UNSPECIFIED. ) 
 CURVE ( )  GEOMETRIC_REPRESENTATION_ITEM ( )  RATIONAL_B_SPLINE_CURVE ( ( 1.000000000000000000, 0.9492530216741933424, 0.9492530216741933424, 1.000000000000000000 ) ) 
 REPRESENTATION_ITEM ( '' )  );
#3663 = FACE_BOUND ( 'NONE', #43, .T. ) ;
#3664 = VECTOR ( 'NONE', #2183, 1.000000000000000000 ) ;
#3665 = CARTESIAN_POINT ( 'NONE',  ( -0.05972064443103386466, 0.2578287724673850589, 0.09329317145178525617 ) ) ;
#3666 = VERTEX_POINT ( 'NONE', #247 ) ;
#3667 = VERTEX_POINT ( 'NONE', #1965 ) ;
#3668 = CARTESIAN_POINT ( 'NONE',  ( 0.04182223665639248772, 0.2339720940317188691, 0.09795380948493014051 ) ) ;
#3669 = VERTEX_POINT ( 'NONE', #897 ) ;
#3670 = CARTESIAN_POINT ( 'NONE',  ( 0.04673563646457282866, 0.2689143720789939351, 0.1139984196180987008 ) ) ;
#3671 = CARTESIAN_POINT ( 'NONE',  ( -0.01687237825022977478, 0.2450856397087773364, 0.09885038822157531102 ) ) ;
#3672 = VERTEX_POINT ( 'NONE', #2043 ) ;
#3673 = CARTESIAN_POINT ( 'NONE',  ( -0.05026406370492769726, 0.2538332168091964602, 0.1118334934616923987 ) ) ;
#3674 = LINE ( 'NONE', #3433, #1380 ) ;
#3675 = EDGE_CURVE ( 'NONE', #1419, #3175, #2552, .T. ) ;
#3676 = CARTESIAN_POINT ( 'NONE',  ( -0.01877784585311617627, 0.2497808103806518354, 0.1033037198978665888 ) ) ;
#3677 = FACE_OUTER_BOUND ( 'NONE', #1427, .T. ) ;
#3678 = CARTESIAN_POINT ( 'NONE',  ( -0.01068777887601319969, 0.2815745280636849923, 0.09685352007282399533 ) ) ;
#3679 = FACE_OUTER_BOUND ( 'NONE', #1792, .T. ) ;
#3680 = CARTESIAN_POINT ( 'NONE',  ( -0.01804311898002245590, 0.2469025729516848011, 0.09331426336716514003 ) ) ;
#3681 = EDGE_LOOP ( 'NONE', ( #2994, #2946 ) ) ;
#3682 = ORIENTED_EDGE ( 'NONE', *, *, #2010, .T. ) ;
#3683 = CARTESIAN_POINT ( 'NONE',  ( -0.009974001247169740972, 0.2625500960252575289, 0.09458115373341891008 ) ) ;
#3684 = EDGE_CURVE ( 'NONE', #2007, #3442, #2282, .T. ) ;
#3685 = EDGE_LOOP ( 'NONE', ( #2821, #1572, #1315, #1322, #1620, #3427 ) ) ;
#3686 = CARTESIAN_POINT ( 'NONE',  ( 0.05595159884311341758, 0.2559927553981045101, 0.1128262545972964076 ) ) ;
#3687 =( BOUNDED_CURVE ( )  B_SPLINE_CURVE ( 3, ( #3193, #1495, #1748, #2302 ),
 .UNSPECIFIED., .F., .F. ) 
 B_SPLINE_CURVE_WITH_KNOTS ( ( 4, 4 ),
 ( 0.000000000000000000, 0.7853981633974523868 ),
 .UNSPECIFIED. ) 
 CURVE ( )  GEOMETRIC_REPRESENTATION_ITEM ( )  RATIONAL_B_SPLINE_CURVE ( ( 1.000000000000000000, 0.9492530216741906779, 0.9492530216741906779, 1.000000000000000000 ) ) 
 REPRESENTATION_ITEM ( '' )  );
#3688 = CARTESIAN_POINT ( 'NONE',  ( -0.01691891600874441057, 0.2450963951276328712, 0.09885036512651805551 ) ) ;
#3689 = ORIENTED_EDGE ( 'NONE', *, *, #1297, .T. ) ;
#3690 = CARTESIAN_POINT ( 'NONE',  ( 0.02444071043606229829, 0.2357467742465294835, 0.1173922388818774004 ) ) ;
#3691 = DIRECTION ( 'NONE',  ( -0.2094058710287510783, -0.9778288040081527521, -0.0001059748836813355566 ) ) ;
#3692 = CARTESIAN_POINT ( 'NONE',  ( 0.03259815846034395254, 0.2697934306351410516, 0.1172147832922763727 ) ) ;
#3693 = VECTOR ( 'NONE', #2384, 1.000000000000000000 ) ;
#3694 = CARTESIAN_POINT ( 'NONE',  ( -0.05322551460574336674, 0.2881602775712940323, 0.09424667257926663821 ) ) ;
#3695 = AXIS2_PLACEMENT_3D ( 'NONE', #2168, #741, #1022 ) ;
#3696 = DIRECTION ( 'NONE',  ( -0.0005060740159284919442, 1.908060298302924897E-16, 0.9999998719445369888 ) ) ;
#3697 = CARTESIAN_POINT ( 'NONE',  ( 0.04594372503920084866, 0.2570162830700660761, 0.1098821814738297764 ) ) ;
#3698 = LINE ( 'NONE', #625, #3100 ) ;
#3699 = EDGE_CURVE ( 'NONE', #2397, #1917, #3687, .T. ) ;
#3700 = EDGE_CURVE ( 'NONE', #153, #2451, #755, .T. ) ;
#3701 = CARTESIAN_POINT ( 'NONE',  ( -0.007244054223363170612, 0.2809756693267938532, 0.1075018698643031151 ) ) ;
#3702 = ORIENTED_EDGE ( 'NONE', *, *, #608, .F. ) ;
#3703 = ORIENTED_EDGE ( 'NONE', *, *, #205, .T. ) ;
#3704 = FACE_OUTER_BOUND ( 'NONE', #3144, .T. ) ;
#3705 = ADVANCED_BREP_SHAPE_REPRESENTATION ( 'Rod2', ( #387, #517 ), #106 ) ;
#3706 = VERTEX_POINT ( 'NONE', #2587 ) ;
#3707 = CARTESIAN_POINT ( 'NONE',  ( 0.04475138471604302171, 0.2698994741402238051, 0.1144418519191466865 ) ) ;
#3708 = CARTESIAN_POINT ( 'NONE',  ( -0.01681032388409063605, 0.2450716584297744360, 0.09885041871367328259 ) ) ;
#3709 = ORIENTED_EDGE ( 'NONE', *, *, #3201, .F. ) ;
#3710 = FACE_OUTER_BOUND ( 'NONE', #163, .T. ) ;
#3711 = CARTESIAN_POINT ( 'NONE',  ( -0.004749661504627620580, 0.2777069940885134591, 0.09759965483806330722 ) ) ;
#3712 =( BOUNDED_CURVE ( )  B_SPLINE_CURVE ( 3, ( #195, #3694, #3118, #1610 ),
 .UNSPECIFIED., .F., .F. ) 
 B_SPLINE_CURVE_WITH_KNOTS ( ( 4, 4 ),
 ( 5.497787143782180586, 6.283185307179586232 ),
 .UNSPECIFIED. ) 
 CURVE ( )  GEOMETRIC_REPRESENTATION_ITEM ( )  RATIONAL_B_SPLINE_CURVE ( ( 1.000000000000000000, 0.9492530216741965621, 0.9492530216741965621, 1.000000000000000000 ) ) 
 REPRESENTATION_ITEM ( '' )  );
ENDSEC;
END-ISO-10303-21;
