ISO-10303-21;
HEADER;
FILE_DESCRIPTION (( 'STEP AP203' ),
    '1' );
FILE_NAME ('Shoulder.STEP',
    '2026-09-06T09:21:31',
    ( '' ),
    ( '' ),
    'SwSTEP 2.0',
    'SolidWorks 2025',
    '' );
FILE_SCHEMA (( 'CONFIG_CONTROL_DESIGN' ));
ENDSEC;

DATA;
#1 = DIRECTION ( 'NONE',  ( 0.0005060740159290001098, 0.000000000000000000, 0.9999998719445370998 ) ) ;
#2 = LINE ( 'NONE', #223, #1728 ) ;
#3 = CARTESIAN_POINT ( 'NONE',  ( 34.42380420082024273, 153.5059076702424932, -113.9337370436671932 ) ) ;
#4 = APPLICATION_PROTOCOL_DEFINITION ( 'international standard', 'config_control_design', 1994, #2391 ) ;
#5 = EDGE_CURVE ( 'NONE', #1515, #348, #1108, .T. ) ;
#6 = LINE ( 'NONE', #1321, #1239 ) ;
#7 = VECTOR ( 'NONE', #1169, 1000.000000000000114 ) ;
#8 = LINE ( 'NONE', #1537, #1371 ) ;
#9 = ORIENTED_EDGE ( 'NONE', *, *, #1832, .T. ) ;
#10 = CARTESIAN_POINT ( 'NONE',  ( 70.32434140226399677, 104.9661542961700036, -101.8945188473991976 ) ) ;
#11 = ORIENTED_EDGE ( 'NONE', *, *, #627, .F. ) ;
#12 = DIRECTION ( 'NONE',  ( -0.000000000000000000, 1.000000000000000000, -0.000000000000000000 ) ) ;
#13 = CARTESIAN_POINT ( 'NONE',  ( 16.55501021260829830, 155.6160334483369923, -113.8905711959596090 ) ) ;
#14 = CARTESIAN_POINT ( 'NONE',  ( 53.30557755712973744, 112.7011809340946087, -110.8859072446304879 ) ) ;
#15 = CARTESIAN_POINT ( 'NONE',  ( 20.57299608443104688, 153.9605784564379860, -113.9182795029608002 ) ) ;
#16 = DIRECTION ( 'NONE',  ( 0.9999998719445370998, 0.000000000000000000, -0.0005060740159290001098 ) ) ;
#17 = EDGE_CURVE ( 'NONE', #702, #178, #2307, .T. ) ;
#18 = ORIENTED_EDGE ( 'NONE', *, *, #421, .F. ) ;
#19 = CIRCLE ( 'NONE', #675, 7.500000000000005329 ) ;
#20 = CARTESIAN_POINT ( 'NONE',  ( 7.111845032605680572, 141.9081109684715898, -114.3231428329507935 ) ) ;
#21 = ORIENTED_EDGE ( 'NONE', *, *, #1133, .F. ) ;
#22 = FACE_OUTER_BOUND ( 'NONE', #1235, .T. ) ;
#23 = CIRCLE ( 'NONE', #850, 1.299999999999999156 ) ;
#24 = EDGE_CURVE ( 'NONE', #135, #2689, #1446, .T. ) ;
#25 = ORIENTED_EDGE ( 'NONE', *, *, #2650, .F. ) ;
#26 = DIRECTION ( 'NONE',  ( 0.9999998719445369888, 0.000000000000000000, -0.0005060740159306811653 ) ) ;
#27 = CARTESIAN_POINT ( 'NONE',  ( 19.99869952661759953, 156.9188522927420024, -113.8771796888730137 ) ) ;
#28 = CYLINDRICAL_SURFACE ( 'NONE', #915, 1.299999999999997602 ) ;
#29 = ADVANCED_FACE ( 'NONE', ( #453 ), #1284, .F. ) ;
#30 = CARTESIAN_POINT ( 'NONE',  ( 74.66244092036275504, 97.10757410786800392, -98.50185076222361147 ) ) ;
#31 = DIRECTION ( 'NONE',  ( 0.9999998719445369888, 0.000000000000000000, -0.0005060740159288987369 ) ) ;
#32 = ORIENTED_EDGE ( 'NONE', *, *, #1989, .T. ) ;
#33 = EDGE_CURVE ( 'NONE', #408, #538, #6, .T. ) ;
#34 = DIRECTION ( 'NONE',  ( 0.0005060740159290001098, 0.000000000000000000, 0.9999998719445370998 ) ) ;
#35 = CARTESIAN_POINT ( 'NONE',  ( 11.44957172067334028, 148.3865885342263766, -114.0550175413641512 ) ) ;
#36 = ORIENTED_EDGE ( 'NONE', *, *, #852, .T. ) ;
#37 = CARTESIAN_POINT ( 'NONE',  ( 59.33598251324050210, 106.1075741078680039, -78.88895497849981098 ) ) ;
#38 = ORIENTED_EDGE ( 'NONE', *, *, #1088, .F. ) ;
#39 = FACE_OUTER_BOUND ( 'NONE', #878, .T. ) ;
#40 = EDGE_CURVE ( 'NONE', #1067, #1861, #480, .T. ) ;
#41 = DIRECTION ( 'NONE',  ( 0.0005060740159290000014, 0.000000000000000000, 0.9999998719445369888 ) ) ;
#42 = CARTESIAN_POINT ( 'NONE',  ( 40.52313573675999692, 147.3128911921311897, -96.87944788039389721 ) ) ;
#43 = VECTOR ( 'NONE', #967, 1000.000000000000000 ) ;
#44 = CARTESIAN_POINT ( 'NONE',  ( 70.61866780247819975, 97.10757410786798971, -96.89466715808440256 ) ) ;
#45 = ORIENTED_EDGE ( 'NONE', *, *, #467, .T. ) ;
#46 = B_SPLINE_CURVE_WITH_KNOTS ( 'NONE', 3,
 ( #749, #1579, #2407, #1783, #547, #2163, #924, #1336, #307, #2204, #345, #1754, #2586, #2533, #2319, #1901, #2305, #30, #2114, #873, #439, #656, #645, #237, #847, #859, #1469, #1483, #1269, #1891, #252, #44 ),
 .UNSPECIFIED., .F., .F.,
 ( 4, 1, 1, 1, 1, 1, 1, 1, 2, 2, 1, 1, 1, 1, 1, 2, 2, 1, 1, 1, 1, 2, 2, 4 ),
 ( 0.000000000000000000, 0.1249999999996653510, 0.1874999999994960698, 0.2187499999994130251, 0.2343749999993715305, 0.2421874999993534616, 0.2460937499993437194, 0.2480468749993381128, 0.2490234374993360311, 0.2499999999993339772, 0.3749999999993135491, 0.4374999999993033906, 0.4687499999992983946, 0.4843749999992977839, 0.4921874999993010036, 0.4960937499993045008, 0.4999999999993079980, 0.6249999999994431121, 0.6874999999995086153, 0.7187499999995445865, 0.7343749999995657918, 0.7421874999995777822, 0.7499999999995896616, 1.000000000000000000 ),
 .UNSPECIFIED. ) ;
#47 = CARTESIAN_POINT ( 'NONE',  ( 14.63653025996488033, 104.7039390010010038, -118.1172845958620030 ) ) ;
#48 = VERTEX_POINT ( 'NONE', #1510 ) ;
#49 = DIRECTION ( 'NONE',  ( 0.9999998719445369888, 0.000000000000000000, -0.0005060740159306824663 ) ) ;
#50 = AXIS2_PLACEMENT_3D ( 'NONE', #958, #1116, #488 ) ;
#51 = CYLINDRICAL_SURFACE ( 'NONE', #766, 1.499999999999999334 ) ;
#52 = EDGE_CURVE ( 'NONE', #1639, #135, #1945, .T. ) ;
#53 = CARTESIAN_POINT ( 'NONE',  ( 12.58761529071430019, 153.3273357601090083, -113.9256677411590033 ) ) ;
#54 = CARTESIAN_POINT ( 'NONE',  ( 19.90367168331760794, 108.3182101217975344, -117.5827554073757852 ) ) ;
#55 = AXIS2_PLACEMENT_3D ( 'NONE', #1804, #204, #1419 ) ;
#56 = DATE_AND_TIME ( #1942, #929 ) ;
#57 = CYLINDRICAL_SURFACE ( 'NONE', #2410, 1.300000000000000933 ) ;
#58 = CARTESIAN_POINT ( 'NONE',  ( 25.63587092771765086, 97.10757410786798971, -119.4229054182862058 ) ) ;
#59 = ORIENTED_EDGE ( 'NONE', *, *, #1299, .T. ) ;
#60 = DIRECTION ( 'NONE',  ( 0.9999998719445369888, 0.000000000000000000, -0.0005060740159306824663 ) ) ;
#61 = CIRCLE ( 'NONE', #199, 20.00000000000000711 ) ;
#62 = ADVANCED_FACE ( 'NONE', ( #694 ), #70, .F. ) ;
#63 = CIRCLE ( 'NONE', #764, 21.49999999999999645 ) ;
#64 = ORIENTED_EDGE ( 'NONE', *, *, #1810, .T. ) ;
#65 = AXIS2_PLACEMENT_3D ( 'NONE', #992, #1826, #2042 ) ;
#66 = CARTESIAN_POINT ( 'NONE',  ( 21.96825162869725290, 146.6423064310490076, -103.3700472758025057 ) ) ;
#67 = CARTESIAN_POINT ( 'NONE',  ( 16.91633572316539968, 155.7806938592584913, -113.8885891872722169 ) ) ;
#68 = DIRECTION ( 'NONE',  ( -0.0005060740159290000014, 0.000000000000000000, -0.9999998719445369888 ) ) ;
#69 = DATE_AND_TIME ( #84, #1195 ) ;
#70 = CYLINDRICAL_SURFACE ( 'NONE', #1495, 1.299999999999999156 ) ;
#71 = CARTESIAN_POINT ( 'NONE',  ( 66.31978724834249306, 97.10757410786798971, -110.8924933988364074 ) ) ;
#72 = CC_DESIGN_DATE_AND_TIME_ASSIGNMENT ( #100, #1496, ( #227 ) ) ;
#73 = ORIENTED_EDGE ( 'NONE', *, *, #945, .F. ) ;
#74 = EDGE_LOOP ( 'NONE', ( #1125, #770, #2375, #2172 ) ) ;
#75 = EDGE_CURVE ( 'NONE', #1031, #1187, #1928, .T. ) ;
#76 = CARTESIAN_POINT ( 'NONE',  ( 89.27924742437404859, 97.10757410786798971, -92.90411028154056794 ) ) ;
#77 = EDGE_CURVE ( 'NONE', #1910, #946, #277, .T. ) ;
#78 = CARTESIAN_POINT ( 'NONE',  ( 10.11141157744772734, 97.10757410786800392, -99.55374034294229091 ) ) ;
#79 = VERTEX_POINT ( 'NONE', #2369 ) ;
#80 = CARTESIAN_POINT ( 'NONE',  ( 70.32687177234370779, 104.9661542961700036, -96.89451948767660383 ) ) ;
#81 = DIRECTION ( 'NONE',  ( 0.0005060740159290000014, -0.000000000000000000, 0.9999998719445369888 ) ) ;
#82 = CARTESIAN_POINT ( 'NONE',  ( 23.89389552144900719, 100.8976299385416837, -118.7281109985920153 ) ) ;
#83 = AXIS2_PLACEMENT_3D ( 'NONE', #751, #2395, #535 ) ;
#84 = CALENDAR_DATE ( 2026, 6, 9 ) ;
#85 = DIRECTION ( 'NONE',  ( -0.0005060740159290001098, 0.000000000000000000, -0.9999998719445370998 ) ) ;
#86 = CARTESIAN_POINT ( 'NONE',  ( 9.084207058305008076, 145.5228424684748063, -114.1585788589624002 ) ) ;
#87 = CARTESIAN_POINT ( 'NONE',  ( 13.59718488879274112, 139.5712386191834185, -103.3658108958972122 ) ) ;
#88 = CARTESIAN_POINT ( 'NONE',  ( 67.37947155833529678, 115.7885890514741902, -101.8930285251001919 ) ) ;
#89 = ADVANCED_FACE ( 'NONE', ( #896, #1726 ), #886, .F. ) ;
#90 = ORIENTED_EDGE ( 'NONE', *, *, #2425, .T. ) ;
#91 = EDGE_LOOP ( 'NONE', ( #1933, #1705, #165, #2444 ) ) ;
#92 = DIRECTION ( 'NONE',  ( 0.9999998719445369888, 0.000000000000000000, -0.0005060740159306818158 ) ) ;
#93 = CARTESIAN_POINT ( 'NONE',  ( 11.84385630771342157, 97.10757410786800392, -98.44970006062432333 ) ) ;
#94 = VERTEX_POINT ( 'NONE', #2561 ) ;
#95 = ORIENTED_EDGE ( 'NONE', *, *, #2243, .F. ) ;
#96 = CARTESIAN_POINT ( 'NONE',  ( 59.33598251324050210, 97.10757410786798971, -78.88895497849981098 ) ) ;
#97 = AXIS2_PLACEMENT_3D ( 'NONE', #858, #2558, #693 ) ;
#98 = AXIS2_PLACEMENT_3D ( 'NONE', #554, #1735, #1379 ) ;
#99 = LINE ( 'NONE', #733, #2176 ) ;
#100 = DATE_AND_TIME ( #1959, #202 ) ;
#101 = DIRECTION ( 'NONE',  ( -0.0005060740159290000014, 0.000000000000000000, -0.9999998719445369888 ) ) ;
#102 = DIRECTION ( 'NONE',  ( -0.0005060740159290000014, -0.000000000000000000, -0.9999998719445369888 ) ) ;
#103 = DIRECTION ( 'NONE',  ( -0.000000000000000000, -1.000000000000000000, -0.000000000000000000 ) ) ;
#104 = ADVANCED_FACE ( 'NONE', ( #2149 ), #57, .F. ) ;
#105 = EDGE_CURVE ( 'NONE', #2264, #2096, #63, .T. ) ;
#106 = ORIENTED_EDGE ( 'NONE', *, *, #477, .T. ) ;
#107 = CARTESIAN_POINT ( 'NONE',  ( 66.31548561920709517, 97.10757410786798971, -119.3924923103650002 ) ) ;
#108 = CARTESIAN_POINT ( 'NONE',  ( 17.14728449132230281, 97.10757410786798971, -96.86760667692951188 ) ) ;
#109 = ORIENTED_EDGE ( 'NONE', *, *, #1088, .T. ) ;
#110 = ORIENTED_EDGE ( 'NONE', *, *, #843, .F. ) ;
#111 = CARTESIAN_POINT ( 'NONE',  ( 7.172327287069069968, 104.6075741078680039, -47.38062985882509537 ) ) ;
#112 = CARTESIAN_POINT ( 'NONE',  ( 40.77925363506400203, 93.10757410786800392, -92.87956569176800770 ) ) ;
#113 = APPROVAL_PERSON_ORGANIZATION ( #2332, #1042, #885 ) ;
#114 = AXIS2_PLACEMENT_3D ( 'NONE', #1210, #805, #2226 ) ;
#115 = APPROVAL_PERSON_ORGANIZATION ( #2560, #2484, #684 ) ;
#116 = DIRECTION ( 'NONE',  ( 0.0005060740159290000014, 0.000000000000000000, 0.9999998719445369888 ) ) ;
#117 = CARTESIAN_POINT ( 'NONE',  ( 75.31571393275120840, 99.74922235756559985, -118.9436231557049979 ) ) ;
#118 = ADVANCED_FACE ( 'NONE', ( #795 ), #1442, .T. ) ;
#119 = DIRECTION ( 'NONE',  ( 0.0005060740159290000014, -0.000000000000000000, 0.9999998719445369888 ) ) ;
#120 = ORIENTED_EDGE ( 'NONE', *, *, #1077, .F. ) ;
#121 = PLANE ( 'NONE',  #2513 ) ;
#122 = CARTESIAN_POINT ( 'NONE',  ( 33.52925456346610389, 97.10757410786798971, -92.87589665515248782 ) ) ;
#123 = ORIENTED_EDGE ( 'NONE', *, *, #2402, .F. ) ;
#124 = ORIENTED_EDGE ( 'NONE', *, *, #2278, .F. ) ;
#125 = CARTESIAN_POINT ( 'NONE',  ( 75.96790411654762920, 97.62904160975192269, -119.3064195436777624 ) ) ;
#126 = CARTESIAN_POINT ( 'NONE',  ( 16.26743077947566007, 113.3389593911027902, -116.8965488426112813 ) ) ;
#127 = LINE ( 'NONE', #1130, #2394 ) ;
#128 = CARTESIAN_POINT ( 'NONE',  ( 16.11100958975792707, 93.10757410786800392, -98.33154852666146439 ) ) ;
#129 = CARTESIAN_POINT ( 'NONE',  ( 50.32687433345289918, 104.9661542961700036, -96.88439800735810081 ) ) ;
#130 = ORIENTED_EDGE ( 'NONE', *, *, #1979, .F. ) ;
#131 = CARTESIAN_POINT ( 'NONE',  ( 61.02035883431097574, 124.4335826858758054, -115.5945613987091320 ) ) ;
#132 = CIRCLE ( 'NONE', #2259, 5.000000000000001776 ) ;
#133 = CARTESIAN_POINT ( 'NONE',  ( 42.05282241545089761, 148.5868500793120006, -114.0639693268289960 ) ) ;
#134 = CARTESIAN_POINT ( 'NONE',  ( 9.373793873133593024, 97.10757410786798971, -100.0930924509302145 ) ) ;
#135 = VERTEX_POINT ( 'NONE', #1605 ) ;
#136 = VERTEX_POINT ( 'NONE', #616 ) ;
#137 = DIRECTION ( 'NONE',  ( -0.0005060740159290000014, 0.000000000000000000, -0.9999998719445369888 ) ) ;
#138 = CARTESIAN_POINT ( 'NONE',  ( 17.49042276405639385, 111.8127379286745935, -117.0980222702911675 ) ) ;
#139 = EDGE_CURVE ( 'NONE', #1402, #2138, #1399, .T. ) ;
#140 = TOROIDAL_SURFACE ( 'NONE', #358, 19.50000000000000000, 5.000000000000000000 ) ;
#141 = DIRECTION ( 'NONE',  ( -0.9999998719445369888, 0.000000000000000000, 0.0005060740159289998930 ) ) ;
#142 = DIRECTION ( 'NONE',  ( -0.7067488422692158601, 0.000000000000000000, 0.7074645390061067296 ) ) ;
#143 = DIRECTION ( 'NONE',  ( 0.000000000000000000, -1.000000000000000000, 0.000000000000000000 ) ) ;
#144 = ORIENTED_EDGE ( 'NONE', *, *, #2047, .F. ) ;
#145 = EDGE_CURVE ( 'NONE', #229, #1369, #994, .T. ) ;
#146 = AXIS2_PLACEMENT_3D ( 'NONE', #787, #1597, #1015 ) ;
#147 = CARTESIAN_POINT ( 'NONE',  ( 2.921926435313229931, 128.0664904201773879, -115.2827564232782009 ) ) ;
#148 = DIRECTION ( 'NONE',  ( -0.9999998719445370998, 0.000000000000000000, 0.0005060740159288560193 ) ) ;
#149 = FACE_OUTER_BOUND ( 'NONE', #314, .T. ) ;
#150 = ORIENTED_EDGE ( 'NONE', *, *, #105, .T. ) ;
#151 = ORIENTED_EDGE ( 'NONE', *, *, #2155, .T. ) ;
#152 = DIRECTION ( 'NONE',  ( 0.000000000000000000, -1.000000000000000000, 0.000000000000000000 ) ) ;
#153 = CARTESIAN_POINT ( 'NONE',  ( 66.31978724834249306, 97.10757410786798971, -110.8924933988364074 ) ) ;
#154 = CARTESIAN_POINT ( 'NONE',  ( 77.32434050587580998, 99.10757410786798971, -101.8980613655107987 ) ) ;
#155 = CARTESIAN_POINT ( 'NONE',  ( 38.96404305650190025, 154.6899944634324982, -113.9152446483816163 ) ) ;
#156 = CIRCLE ( 'NONE', #1149, 2.999999999999998668 ) ;
#157 = FACE_BOUND ( 'NONE', #2062, .T. ) ;
#158 = CC_DESIGN_SECURITY_CLASSIFICATION ( #1712, ( #2071 ) ) ;
#159 = FACE_OUTER_BOUND ( 'NONE', #1792, .T. ) ;
#160 = VECTOR ( 'NONE', #2432, 999.9999999999998863 ) ;
#161 = EDGE_LOOP ( 'NONE', ( #1502, #2225, #933, #191, #2241, #2647 ) ) ;
#162 = CARTESIAN_POINT ( 'NONE',  ( 2.539276313219445136, 130.2527318941058070, -115.0954936856550006 ) ) ;
#163 = CARTESIAN_POINT ( 'NONE',  ( 75.31565889165490546, 99.10757410786798971, -119.0523841029166050 ) ) ;
#164 = ORIENTED_EDGE ( 'NONE', *, *, #304, .F. ) ;
#165 = ORIENTED_EDGE ( 'NONE', *, *, #2265, .F. ) ;
#166 = FACE_OUTER_BOUND ( 'NONE', #2564, .T. ) ;
#167 = CARTESIAN_POINT ( 'NONE',  ( 32.02925475554929591, 97.10757410786798971, -92.87513754412860578 ) ) ;
#168 = DIRECTION ( 'NONE',  ( 0.7071066906376605177, -0.7071067811865482389, -0.0003578483684448424186 ) ) ;
#169 = CARTESIAN_POINT ( 'NONE',  ( 27.38688934341515235, 157.8837030454749879, -113.8727933800661987 ) ) ;
#170 = DIRECTION ( 'NONE',  ( 0.0005060740159290001098, -0.000000000000000000, 0.9999998719445370998 ) ) ;
#171 = CARTESIAN_POINT ( 'NONE',  ( 22.68783166982879962, 154.4890309836149811, -113.9103675404823974 ) ) ;
#172 = VERTEX_POINT ( 'NONE', #1827 ) ;
#173 = VECTOR ( 'NONE', #1355, 1000.000000000000114 ) ;
#174 = CIRCLE ( 'NONE', #1386, 6.999999999999997335 ) ;
#175 = CARTESIAN_POINT ( 'NONE',  ( 4.030736971594214957, 124.4640652118447974, -115.6210635935005939 ) ) ;
#176 = DIRECTION ( 'NONE',  ( -0.0005060740159290001098, 0.000000000000000000, -0.9999998719445370998 ) ) ;
#177 = ORIENTED_EDGE ( 'NONE', *, *, #1146, .T. ) ;
#178 = VERTEX_POINT ( 'NONE', #2436 ) ;
#179 = DIRECTION ( 'NONE',  ( 0.5384613953562438216, 0.4587423008191263696, 0.7068343703797808075 ) ) ;
#180 = CARTESIAN_POINT ( 'NONE',  ( 10.22147894582610128, 115.3825101550891929, -116.6335883920705925 ) ) ;
#181 = DIRECTION ( 'NONE',  ( 0.0005060740159290001098, 0.000000000000000000, 0.9999998719445370998 ) ) ;
#182 = DIRECTION ( 'NONE',  ( -0.9999998719445369888, 0.000000000000000000, 0.0005060740159290000014 ) ) ;
#183 = CARTESIAN_POINT ( 'NONE',  ( 36.86009669407820155, 152.4174857423545006, -113.9572209208029960 ) ) ;
#184 = AXIS2_PLACEMENT_3D ( 'NONE', #1243, #1280, #1102 ) ;
#185 = CIRCLE ( 'NONE', #1570, 19.50000000000001066 ) ;
#186 = ORIENTED_EDGE ( 'NONE', *, *, #1560, .F. ) ;
#187 = CARTESIAN_POINT ( 'NONE',  ( 3.290428348541950321, 126.6167464844949961, -115.4142371704730010 ) ) ;
#188 = ADVANCED_FACE ( 'NONE', ( #385 ), #2490, .F. ) ;
#189 = PLANE ( 'NONE',  #146 ) ;
#190 = EDGE_LOOP ( 'NONE', ( #2440, #177, #1922, #1391 ) ) ;
#191 = ORIENTED_EDGE ( 'NONE', *, *, #2402, .T. ) ;
#192 = LINE ( 'NONE', #383, #2240 ) ;
#193 = CARTESIAN_POINT ( 'NONE',  ( 14.69534354578149937, 104.7521237237850045, -1.902508823777445013 ) ) ;
#194 = CARTESIAN_POINT ( 'NONE',  ( 11.45515057385605751, 148.3923110044389091, -114.0548321367483595 ) ) ;
#195 = CYLINDRICAL_SURFACE ( 'NONE', #2095, 2.999999999999998668 ) ;
#196 = CARTESIAN_POINT ( 'NONE',  ( 28.09878503228790336, 154.8477661632955176, -113.9074431003640058 ) ) ;
#197 = DIRECTION ( 'NONE',  ( 0.000000000000000000, 0.000000000000000000, 1.000000000000000000 ) ) ;
#198 = ADVANCED_FACE ( 'NONE', ( #2652 ), #2045, .T. ) ;
#199 = AXIS2_PLACEMENT_3D ( 'NONE', #129, #1186, #1975 ) ;
#200 = ORIENTED_EDGE ( 'NONE', *, *, #696, .F. ) ;
#201 = VECTOR ( 'NONE', #1916, 1000.000000000000000 ) ;
#202 = LOCAL_TIME ( 12, 21, 31.00000000000000000, #2115 ) ;
#203 = CARTESIAN_POINT ( 'NONE',  ( 7.590919972259320581, 118.2043455652316055, -116.2932304291321941 ) ) ;
#204 = DIRECTION ( 'NONE',  ( -0.000000000000000000, 1.000000000000000000, -0.000000000000000000 ) ) ;
#205 = VERTEX_POINT ( 'NONE', #194 ) ;
#206 = ORIENTED_EDGE ( 'NONE', *, *, #699, .T. ) ;
#207 = DIRECTION ( 'NONE',  ( -0.0005060740159290001098, 0.000000000000000000, -0.9999998719445370998 ) ) ;
#208 = CARTESIAN_POINT ( 'NONE',  ( 13.16799010749180177, 111.2596192141056122, -117.1686971641705952 ) ) ;
#209 = CARTESIAN_POINT ( 'NONE',  ( 31.98808901814089722, 157.3511298203794979, -113.8793127597230068 ) ) ;
#210 = LINE ( 'NONE', #1656, #782 ) ;
#211 = CARTESIAN_POINT ( 'NONE',  ( 26.73089281525360050, 154.8946171638584985, -113.9060316499570007 ) ) ;
#212 = PERSON_AND_ORGANIZATION_ROLE ( 'design_owner' ) ;
#213 = DIRECTION ( 'NONE',  ( 0.9999998719445369888, 0.000000000000000000, -0.0005060740159306824663 ) ) ;
#214 = CIRCLE ( 'NONE', #430, 4.999999999999998224 ) ;
#215 = CARTESIAN_POINT ( 'NONE',  ( 5.474446936364669725, 135.6967237690209913, -114.6891340844289999 ) ) ;
#216 = VECTOR ( 'NONE', #821, 999.9999999999998863 ) ;
#217 = VERTEX_POINT ( 'NONE', #1413 ) ;
#218 = CARTESIAN_POINT ( 'NONE',  ( 44.17417413962605366, 150.7081704228715182, -114.0024981510070035 ) ) ;
#219 = ORIENTED_EDGE ( 'NONE', *, *, #5, .F. ) ;
#220 = DIRECTION ( 'NONE',  ( -0.0005060740159290000014, 0.000000000000000000, -0.9999998719445369888 ) ) ;
#221 = EDGE_CURVE ( 'NONE', #1590, #1526, #1617, .T. ) ;
#222 = LINE ( 'NONE', #460, #443 ) ;
#223 = CARTESIAN_POINT ( 'NONE',  ( 67.38200192841500780, 115.7885890514741902, -96.89302916537749866 ) ) ;
#224 = EDGE_CURVE ( 'NONE', #366, #1748, #1173, .T. ) ;
#225 = CARTESIAN_POINT ( 'NONE',  ( 24.08019535709384940, 154.7048800007099771, -113.9076367534590020 ) ) ;
#226 = ORIENTED_EDGE ( 'NONE', *, *, #1682, .T. ) ;
#227 = PRODUCT_DEFINITION ( 'UNKNOWN', '', #2071, #2028 ) ;
#228 = CARTESIAN_POINT ( 'NONE',  ( 7.794499769806150447, 143.3735947529926023, -114.2516597339061946 ) ) ;
#229 = VERTEX_POINT ( 'NONE', #2122 ) ;
#230 = CARTESIAN_POINT ( 'NONE',  ( 14.63652275535808123, 104.6075741078680039, -118.1321136635451978 ) ) ;
#231 = ADVANCED_FACE ( 'NONE', ( #1266 ), #2543, .T. ) ;
#232 = ORIENTED_EDGE ( 'NONE', *, *, #1498, .F. ) ;
#233 = DIRECTION ( 'NONE',  ( -0.9999998719445369888, 0.000000000000000000, 0.0005060740159249882365 ) ) ;
#234 = EDGE_CURVE ( 'NONE', #1515, #2209, #1480, .T. ) ;
#235 = CARTESIAN_POINT ( 'NONE',  ( 22.20747219987419996, 157.4518717901700029, -113.8734950488160109 ) ) ;
#236 = DIRECTION ( 'NONE',  ( 0.9999998719445370998, 0.000000000000000000, -0.0005060740159290001098 ) ) ;
#237 = CARTESIAN_POINT ( 'NONE',  ( 73.31935868758748143, 97.10757410786800392, -97.57356892998193132 ) ) ;
#238 = ORIENTED_EDGE ( 'NONE', *, *, #105, .F. ) ;
#239 = CARTESIAN_POINT ( 'NONE',  ( 77.32434050587580998, 99.10757410786798971, -101.8980613655107987 ) ) ;
#240 = AXIS2_PLACEMENT_3D ( 'NONE', #978, #615, #2029 ) ;
#241 = CARTESIAN_POINT ( 'NONE',  ( 5.339300398102619916, 133.1380868315180237, -114.8702450670553930 ) ) ;
#242 = ORIENTED_EDGE ( 'NONE', *, *, #954, .T. ) ;
#243 = ADVANCED_FACE ( 'NONE', ( #1291 ), #1196, .T. ) ;
#244 = PLANE ( 'NONE',  #2500 ) ;
#245 = AXIS2_PLACEMENT_3D ( 'NONE', #1521, #102, #2295 ) ;
#246 = CC_DESIGN_APPROVAL ( #2484, ( #1712 ) ) ;
#247 = AXIS2_PLACEMENT_3D ( 'NONE', #10, #1489, #1884 ) ;
#248 = VERTEX_POINT ( 'NONE', #654 ) ;
#249 = DIRECTION ( 'NONE',  ( 0.9999998719445369888, 0.000000000000000000, -0.0005060740159288987369 ) ) ;
#250 = CARTESIAN_POINT ( 'NONE',  ( 11.83668963864201906, 152.7450394776430187, -113.9375653119944047 ) ) ;
#251 = CARTESIAN_POINT ( 'NONE',  ( 12.29338950014537701, 139.5712386191834185, -110.8651520392604937 ) ) ;
#252 = CARTESIAN_POINT ( 'NONE',  ( 71.34324067451311180, 97.10757410786801813, -96.89503384563450084 ) ) ;
#253 = ORIENTED_EDGE ( 'NONE', *, *, #2047, .T. ) ;
#254 = FACE_OUTER_BOUND ( 'NONE', #1885, .T. ) ;
#255 = EDGE_CURVE ( 'NONE', #1490, #961, #1304, .T. ) ;
#256 = ORIENTED_EDGE ( 'NONE', *, *, #1676, .T. ) ;
#257 = CARTESIAN_POINT ( 'NONE',  ( 14.63653400500495927, 104.7521237261736076, -118.1098844142906046 ) ) ;
#258 = EDGE_LOOP ( 'NONE', ( #1744, #1954, #2661, #2401 ) ) ;
#259 = CARTESIAN_POINT ( 'NONE',  ( 48.83830587292839454, 105.6301131222290053, -103.3836455138033159 ) ) ;
#260 = DIRECTION ( 'NONE',  ( -0.9999998719445369888, 0.000000000000000000, 0.0005060740159249882365 ) ) ;
#261 = FACE_OUTER_BOUND ( 'NONE', #727, .T. ) ;
#262 = CIRCLE ( 'NONE', #952, 48.49999999999999289 ) ;
#263 = APPROVAL_STATUS ( 'not_yet_approved' ) ;
#264 = VERTEX_POINT ( 'NONE', #1899 ) ;
#265 = CARTESIAN_POINT ( 'NONE',  ( 46.23451065075313693, 105.6301131222290053, -110.8823287609458959 ) ) ;
#266 = ADVANCED_FACE ( 'NONE', ( #2557 ), #1518, .F. ) ;
#267 = ORIENTED_EDGE ( 'NONE', *, *, #2474, .F. ) ;
#268 = CARTESIAN_POINT ( 'NONE',  ( 64.05759085657800256, 127.3841584551176140, -115.3754920056697983 ) ) ;
#269 = AXIS2_PLACEMENT_3D ( 'NONE', #1565, #2175, #1143 ) ;
#270 = EDGE_LOOP ( 'NONE', ( #433, #1680, #2358, #1574 ) ) ;
#271 = DIRECTION ( 'NONE',  ( 0.0005060740159290000014, -0.000000000000000000, 0.9999998719445369888 ) ) ;
#272 = CARTESIAN_POINT ( 'NONE',  ( 21.47485056830455008, 157.2871228906615215, -113.8745751582480068 ) ) ;
#273 = DIRECTION ( 'NONE',  ( 0.9999998719445369888, 0.000000000000000000, -0.0005060740159306824663 ) ) ;
#274 = CIRCLE ( 'NONE', #2272, 1.300000000000000933 ) ;
#275 = CC_DESIGN_DATE_AND_TIME_ASSIGNMENT ( #464, #1103, ( #1712 ) ) ;
#276 = EDGE_CURVE ( 'NONE', #2209, #1472, #1354, .T. ) ;
#277 = LINE ( 'NONE', #1538, #1453 ) ;
#278 = EDGE_CURVE ( 'NONE', #2689, #946, #222, .T. ) ;
#279 = CYLINDRICAL_SURFACE ( 'NONE', #1093, 2.000000000000000444 ) ;
#280 = ORIENTED_EDGE ( 'NONE', *, *, #2167, .T. ) ;
#281 = EDGE_LOOP ( 'NONE', ( #1675, #676, #363, #2093 ) ) ;
#282 = CARTESIAN_POINT ( 'NONE',  ( 9.363786710707808325, 150.4864863607845109, -1.899810661053262351 ) ) ;
#283 = AXIS2_PLACEMENT_3D ( 'NONE', #536, #2207, #347 ) ;
#284 = CARTESIAN_POINT ( 'NONE',  ( 11.82185091492054418, 97.10757410786801813, -98.46222508271222296 ) ) ;
#285 = ORIENTED_EDGE ( 'NONE', *, *, #597, .F. ) ;
#286 = DIRECTION ( 'NONE',  ( -0.000000000000000000, 1.000000000000000000, -0.000000000000000000 ) ) ;
#287 = FACE_BOUND ( 'NONE', #713, .T. ) ;
#288 = CARTESIAN_POINT ( 'NONE',  ( 80.11826725912919756, 157.8840542838009924, -113.8994768360900025 ) ) ;
#289 = EDGE_CURVE ( 'NONE', #1934, #2181, #1089, .T. ) ;
#290 = COORDINATED_UNIVERSAL_TIME_OFFSET ( 2, 0, .AHEAD. ) ;
#291 = PLANE ( 'NONE',  #750 ) ;
#292 = CARTESIAN_POINT ( 'NONE',  ( 41.17055026854205124, 104.2158995598559983, -110.8797660218506138 ) ) ;
#293 = CARTESIAN_POINT ( 'NONE',  ( 72.63641895705001161, 116.3244970095504982, -116.5477924057698260 ) ) ;
#294 = ORIENTED_EDGE ( 'NONE', *, *, #2056, .T. ) ;
#295 = ORIENTED_EDGE ( 'NONE', *, *, #941, .F. ) ;
#296 = CARTESIAN_POINT ( 'NONE',  ( 41.17662315673319995, 104.2158995598559983, -98.87976755851629207 ) ) ;
#297 = CARTESIAN_POINT ( 'NONE',  ( 40.77925363506400203, 94.60757410786798971, -92.87956569176800770 ) ) ;
#298 = ORIENTED_EDGE ( 'NONE', *, *, #810, .T. ) ;
#299 = B_SPLINE_CURVE_WITH_KNOTS ( 'NONE', 3,
 ( #1766, #2389, #125, #355, #1809, #2635, #558, #2255 ),
 .UNSPECIFIED., .F., .F.,
 ( 4, 2, 2, 4 ),
 ( -0.1579349378566355100, -0.1439212717208159797, -0.06883126126281918777, 0.000000000000000000 ),
 .UNSPECIFIED. ) ;
#300 = ORIENTED_EDGE ( 'NONE', *, *, #866, .F. ) ;
#301 = DIRECTION ( 'NONE',  ( 0.000000000000000000, -1.000000000000000000, 0.000000000000000000 ) ) ;
#302 = CIRCLE ( 'NONE', #2084, 1.299999999999999156 ) ;
#303 = CARTESIAN_POINT ( 'NONE',  ( 2.285467558867160243, 158.5582728654100322, -113.8552358623763894 ) ) ;
#304 = EDGE_CURVE ( 'NONE', #2684, #961, #2211, .T. ) ;
#305 = CIRCLE ( 'NONE', #432, 1.499999999999999334 ) ;
#306 = PERSON_AND_ORGANIZATION ( #1532, #1497 ) ;
#307 = CARTESIAN_POINT ( 'NONE',  ( 76.11380056823372797, 97.10757410786797550, -100.0897184252934267 ) ) ;
#308 = CARTESIAN_POINT ( 'NONE',  ( 11.43842317081352000, 148.3751338354055918, -114.0553890765837934 ) ) ;
#309 = CARTESIAN_POINT ( 'NONE',  ( 59.33446429119269538, 109.1075741078679897, -81.88895459433339852 ) ) ;
#310 = VERTEX_POINT ( 'NONE', #2364 ) ;
#311 = DIRECTION ( 'NONE',  ( 0.7071066906376615169, 0.7071067811865473507, -0.0003578483684457049014 ) ) ;
#312 = DIRECTION ( 'NONE',  ( 0.9999998719445370998, 0.000000000000000000, -0.0005060740159290001098 ) ) ;
#313 = EDGE_LOOP ( 'NONE', ( #2214, #2348, #206, #21 ) ) ;
#314 = EDGE_LOOP ( 'NONE', ( #826, #759 ) ) ;
#315 = DIRECTION ( 'NONE',  ( -0.7071066906376609618, 0.7071067811865477948, 0.0003578483684457046303 ) ) ;
#316 = EDGE_CURVE ( 'NONE', #136, #1259, #185, .T. ) ;
#317 = DIRECTION ( 'NONE',  ( -0.0005060740159290001098, 0.000000000000000000, -0.9999998719445370998 ) ) ;
#318 = EDGE_CURVE ( 'NONE', #2160, #1730, #2177, .T. ) ;
#319 = PLANE ( 'NONE',  #2053 ) ;
#320 = CARTESIAN_POINT ( 'NONE',  ( 40.77014430277729673, 93.10757410786800392, -110.8795633867696040 ) ) ;
#321 = DIRECTION ( 'NONE',  ( 0.9999998719445370998, 0.000000000000000000, -0.0005060740159290001098 ) ) ;
#322 = ORIENTED_EDGE ( 'NONE', *, *, #586, .T. ) ;
#323 = CARTESIAN_POINT ( 'NONE',  ( 63.81284874732130419, 116.5114305729789379, -116.5223436251960720 ) ) ;
#324 = CARTESIAN_POINT ( 'NONE',  ( 14.99834524808657577, 97.10757410786798971, -97.06827988138604724 ) ) ;
#325 = ORIENTED_EDGE ( 'NONE', *, *, #374, .F. ) ;
#326 = EDGE_CURVE ( 'NONE', #2096, #217, #1698, .T. ) ;
#327 = EDGE_LOOP ( 'NONE', ( #1555, #2494, #2279, #2362 ) ) ;
#328 = CARTESIAN_POINT ( 'NONE',  ( 26.85619444927279886, 133.3840542838009924, -101.8725207448889876 ) ) ;
#329 = DIRECTION ( 'NONE',  ( 0.6487595003754395018, -0.7609934315605796362, -0.0003283203677703072101 ) ) ;
#330 = TOROIDAL_SURFACE ( 'NONE', #65, 45.50000000000000000, 3.000000000000000000 ) ;
#331 = CYLINDRICAL_SURFACE ( 'NONE', #269, 8.999999999999998224 ) ;
#332 = CARTESIAN_POINT ( 'NONE',  ( 89.27924742437406280, 93.10757410786800392, -92.90411028154056794 ) ) ;
#333 = PLANE ( 'NONE',  #2067 ) ;
#334 = VERTEX_POINT ( 'NONE', #2569 ) ;
#335 = DIRECTION ( 'NONE',  ( -0.7067488422692158601, 0.000000000000000000, 0.7074645390061067296 ) ) ;
#336 = CARTESIAN_POINT ( 'NONE',  ( 49.52925251457870104, 97.10757410786798971, -92.88399383940739540 ) ) ;
#337 = EDGE_CURVE ( 'NONE', #1934, #2593, #1007, .T. ) ;
#338 = CARTESIAN_POINT ( 'NONE',  ( 9.418709357322358144, 97.10757410786798971, -100.0594063347381280 ) ) ;
#339 = VERTEX_POINT ( 'NONE', #2197 ) ;
#340 = ADVANCED_FACE ( 'NONE', ( #2144 ), #1789, .T. ) ;
#341 = VERTEX_POINT ( 'NONE', #704 ) ;
#342 = CARTESIAN_POINT ( 'NONE',  ( 65.32940278270059764, 109.1075741078679897, -91.89198975787429902 ) ) ;
#343 = DIRECTION ( 'NONE',  ( -0.9999998719445369888, 0.000000000000000000, 0.0005060740159290588736 ) ) ;
#344 = CIRCLE ( 'NONE', #687, 3.749999999999998224 ) ;
#345 = CARTESIAN_POINT ( 'NONE',  ( 76.10799607046953952, 97.10757410786798971, -100.0819532210931584 ) ) ;
#346 = CARTESIAN_POINT ( 'NONE',  ( 19.64475380110399882, 93.10757410786800392, -101.8688712216920038 ) ) ;
#347 = DIRECTION ( 'NONE',  ( -0.9999998719445369888, 0.000000000000000000, 0.0005060740159305394600 ) ) ;
#348 = VERTEX_POINT ( 'NONE', #336 ) ;
#349 = EDGE_CURVE ( 'NONE', #881, #2684, #1162, .T. ) ;
#350 = CARTESIAN_POINT ( 'NONE',  ( 6.304980224710739378, 120.0351479464835904, -116.0858451642858000 ) ) ;
#351 = DIRECTION ( 'NONE',  ( 0.000000000000000000, -1.000000000000000000, 0.000000000000000000 ) ) ;
#352 = DIRECTION ( 'NONE',  ( 0.0005060740159290000014, -0.000000000000000000, 0.9999998719445369888 ) ) ;
#353 = VERTEX_POINT ( 'NONE', #133 ) ;
#354 = VERTEX_POINT ( 'NONE', #2616 ) ;
#355 = CARTESIAN_POINT ( 'NONE',  ( 76.19058959041910839, 97.43532408550859714, -119.3401948706115974 ) ) ;
#356 = CARTESIAN_POINT ( 'NONE',  ( 65.54421064559760168, 117.9413459652229932, -101.8920997471210086 ) ) ;
#357 = FACE_OUTER_BOUND ( 'NONE', #2567, .T. ) ;
#358 = AXIS2_PLACEMENT_3D ( 'NONE', #2598, #101, #724 ) ;
#359 = DIRECTION ( 'NONE',  ( -0.0005060740159290001098, 0.000000000000000000, -0.9999998719445370998 ) ) ;
#360 = CARTESIAN_POINT ( 'NONE',  ( 59.33598251324050210, 109.1075741078679897, -78.88895497849981098 ) ) ;
#361 = LINE ( 'NONE', #2641, #1301 ) ;
#362 = ADVANCED_FACE ( 'NONE', ( #971, #1316, #755, #287, #1156 ), #319, .T. ) ;
#363 = ORIENTED_EDGE ( 'NONE', *, *, #2293, .T. ) ;
#364 = CARTESIAN_POINT ( 'NONE',  ( 2.388197440478800004, 134.9430628318179970, -114.7385275086884064 ) ) ;
#365 = DIRECTION ( 'NONE',  ( -0.7071066906376619610, -0.7071067811865469066, 0.0003578483684457049556 ) ) ;
#366 = VERTEX_POINT ( 'NONE', #506 ) ;
#367 = ORIENTED_EDGE ( 'NONE', *, *, #2405, .T. ) ;
#368 = CARTESIAN_POINT ( 'NONE',  ( 25.64019836662784968, 97.10757410786798971, -110.8719065132884083 ) ) ;
#369 = FACE_OUTER_BOUND ( 'NONE', #2294, .T. ) ;
#370 = B_SPLINE_CURVE_WITH_KNOTS ( 'NONE', 3,
 ( #2523, #35, #2354, #308, #1662, #1740, #1260, #86, #2587, #1131, #228, #1057, #20, #2509, #1045, #851, #648, #1248, #2573, #708, #1447, #418, #1474, #2308, #215, #1872, #444, #2105, #241, #1070, #1689, #863, #1894, #2368, #507, #1115, #746, #2568, #1955, #1516, #1938, #1778, #921, #1970, #1562, #1793, #530, #947, #518, #2363, #1346, #907 ),
 .UNSPECIFIED., .F., .F.,
 ( 4, 3, 3, 3, 3, 3, 3, 3, 3, 3, 3, 3, 3, 3, 3, 3, 3, 4 ),
 ( -3.421427825517758148, -3.419029342045019959, -3.133056045897910202, -2.876834439659460063, -2.633801380770259826, -2.620612833420999710, -2.406110318037039786, -2.194459564900659743, -1.985795111838259963, -1.799692501928930044, -1.586142526087049864, -1.377481276360029927, -1.161486937460729951, -0.9454925985614210937, -0.7107019385440476178, -0.4892026452991840024, -0.1983226889871221310, -9.999999996956887571E-07 ),
 .UNSPECIFIED. ) ;
#371 = DIRECTION ( 'NONE',  ( -0.7071066906376640704, -0.7071067811865449082, 0.0003578483684443800063 ) ) ;
#372 = CARTESIAN_POINT ( 'NONE',  ( 75.31978609584329831, 104.9661542961700036, -110.8970480649797992 ) ) ;
#373 = AXIS2_PLACEMENT_3D ( 'NONE', #646, #1880, #1857 ) ;
#374 = EDGE_CURVE ( 'NONE', #658, #1639, #127, .T. ) ;
#375 = FACE_OUTER_BOUND ( 'NONE', #327, .T. ) ;
#376 = LINE ( 'NONE', #400, #868 ) ;
#377 = AXIS2_PLACEMENT_3D ( 'NONE', #1591, #2649, #1422 ) ;
#378 = ORIENTED_EDGE ( 'NONE', *, *, #1628, .F. ) ;
#379 = CARTESIAN_POINT ( 'NONE',  ( 3.264706297381760436, 140.0589776815781704, -114.4186584235205970 ) ) ;
#380 = LINE ( 'NONE', #2037, #1918 ) ;
#381 = ORIENTED_EDGE ( 'NONE', *, *, #982, .F. ) ;
#382 = VERTEX_POINT ( 'NONE', #521 ) ;
#383 = CARTESIAN_POINT ( 'NONE',  ( 41.15511450498220114, 104.2158995598559983, -141.3807621160310077 ) ) ;
#384 = FACE_OUTER_BOUND ( 'NONE', #1056, .T. ) ;
#385 = FACE_OUTER_BOUND ( 'NONE', #2023, .T. ) ;
#386 = CARTESIAN_POINT ( 'NONE',  ( 26.90678355367300156, 133.3840542838009924, -1.908688717053894868 ) ) ;
#387 = EDGE_CURVE ( 'NONE', #341, #2629, #2218, .T. ) ;
#388 = CARTESIAN_POINT ( 'NONE',  ( 22.00276929568285311, 154.3304979306084874, -113.9126832418441921 ) ) ;
#389 = LINE ( 'NONE', #2668, #2584 ) ;
#390 = VERTEX_POINT ( 'NONE', #767 ) ;
#391 = CARTESIAN_POINT ( 'NONE',  ( 2.446238898508910076, 135.6781182322220047, -114.6881272789104145 ) ) ;
#392 = FACE_OUTER_BOUND ( 'NONE', #2039, .T. ) ;
#393 = ORIENTED_EDGE ( 'NONE', *, *, #1100, .F. ) ;
#394 = ORIENTED_EDGE ( 'NONE', *, *, #1044, .F. ) ;
#395 = CARTESIAN_POINT ( 'NONE',  ( 48.02925270666190016, 97.10757410786798971, -92.88323472838349915 ) ) ;
#396 = CARTESIAN_POINT ( 'NONE',  ( 12.01088218037284072, 113.2309538504500068, -116.9073170747492014 ) ) ;
#397 = CARTESIAN_POINT ( 'NONE',  ( 27.90704444029704945, 157.8667823057905082, -113.8731772727539919 ) ) ;
#398 = DIRECTION ( 'NONE',  ( -0.9999998719445369888, 0.000000000000000000, 0.0005060740159249882365 ) ) ;
#399 = AXIS2_PLACEMENT_3D ( 'NONE', #950, #116, #141 ) ;
#400 = CARTESIAN_POINT ( 'NONE',  ( 65.32990885671659953, 101.1075741078680039, -90.89198988592980299 ) ) ;
#401 = CARTESIAN_POINT ( 'NONE',  ( 59.33395821717680008, 105.1075741078680039, -82.88895446627790875 ) ) ;
#402 = ORIENTED_EDGE ( 'NONE', *, *, #771, .F. ) ;
#403 = CARTESIAN_POINT ( 'NONE',  ( 9.368387307175179757, 116.1975252854609977, -116.5327576184925960 ) ) ;
#404 = B_SPLINE_CURVE_WITH_KNOTS ( 'NONE', 3,
 ( #1281, #1063, #2100, #2518, #670, #2331, #1078, #1494, #463, #1294, #1673, #2506, #1893, #1727, #2334, #293, #2575, #1308, #2322 ),
 .UNSPECIFIED., .F., .F.,
 ( 4, 2, 2, 2, 1, 1, 1, 2, 2, 2, 4 ),
 ( 0.000000000000000000, 0.2499999999999286682, 0.3749999999998918088, 0.4374999999998731570, 0.4687499999998642752, 0.4843749999998588351, 0.4921874999998561706, 0.4960937499998561706, 0.4999999999998561706, 0.7499999999999280575, 1.000000000000000000 ),
 .UNSPECIFIED. ) ;
#405 = VECTOR ( 'NONE', #1637, 999.9999999999998863 ) ;
#406 = CYLINDRICAL_SURFACE ( 'NONE', #2011, 21.50000000000000355 ) ;
#407 = ORIENTED_EDGE ( 'NONE', *, *, #1768, .T. ) ;
#408 = VERTEX_POINT ( 'NONE', #1998 ) ;
#409 = DIRECTION ( 'NONE',  ( -0.000000000000000000, 1.000000000000000000, -0.000000000000000000 ) ) ;
#410 = CARTESIAN_POINT ( 'NONE',  ( -7.716679413958699385, 105.1075741078680039, -82.85502187647610128 ) ) ;
#411 = DIRECTION ( 'NONE',  ( 0.000000000000000000, -1.000000000000000000, 0.000000000000000000 ) ) ;
#412 = CARTESIAN_POINT ( 'NONE',  ( 37.27428720412529373, 152.1938085594299821, -113.9623967275680059 ) ) ;
#413 = MECHANICAL_CONTEXT ( 'NONE', #2257, 'mechanical' ) ;
#414 = AXIS2_PLACEMENT_3D ( 'NONE', #1390, #1132, #2396 ) ;
#415 = DIRECTION ( 'NONE',  ( -0.0005060740159290000014, 0.000000000000000000, -0.9999998719445369888 ) ) ;
#416 = VECTOR ( 'NONE', #492, 999.9999999999998863 ) ;
#417 = VECTOR ( 'NONE', #2288, 999.9999999999998863 ) ;
#418 = CARTESIAN_POINT ( 'NONE',  ( 5.796616951175069588, 137.7446497745451950, -114.5566774651610018 ) ) ;
#419 = ORIENTED_EDGE ( 'NONE', *, *, #798, .T. ) ;
#420 = CARTESIAN_POINT ( 'NONE',  ( 65.33598174490771271, 106.1075741078680039, -78.89199142259529651 ) ) ;
#421 = EDGE_CURVE ( 'NONE', #2130, #2181, #1439, .T. ) ;
#422 = ORIENTED_EDGE ( 'NONE', *, *, #758, .F. ) ;
#423 = DIRECTION ( 'NONE',  ( -0.7071066906376640704, -0.7071067811865449082, 0.0003578483684443800063 ) ) ;
#424 = DIRECTION ( 'NONE',  ( -0.0005060740159290000014, -0.000000000000000000, -0.9999998719445369888 ) ) ;
#425 = FACE_BOUND ( 'NONE', #1325, .T. ) ;
#426 = ADVANCED_FACE ( 'NONE', ( #2610 ), #140, .T. ) ;
#427 = CARTESIAN_POINT ( 'NONE',  ( 25.38994866639355052, 154.8444913153714992, -113.9061218443747947 ) ) ;
#428 = CARTESIAN_POINT ( 'NONE',  ( 70.61866780247819975, 97.10757410786798971, -96.89466715808440256 ) ) ;
#429 = ORIENTED_EDGE ( 'NONE', *, *, #524, .T. ) ;
#430 = AXIS2_PLACEMENT_3D ( 'NONE', #2592, #904, #1732 ) ;
#431 = DIRECTION ( 'NONE',  ( 0.7071066906376608507, -0.7071067811865477948, -0.0003578483684457044135 ) ) ;
#432 = AXIS2_PLACEMENT_3D ( 'NONE', #1228, #630, #398 ) ;
#433 = ORIENTED_EDGE ( 'NONE', *, *, #798, .F. ) ;
#434 = CARTESIAN_POINT ( 'NONE',  ( 14.67232632665309922, 104.6075741078680039, -47.38442541394449847 ) ) ;
#435 = EDGE_LOOP ( 'NONE', ( #1805, #1488, #1273, #914 ) ) ;
#436 = FACE_OUTER_BOUND ( 'NONE', #1048, .T. ) ;
#437 = CARTESIAN_POINT ( 'NONE',  ( 9.414913962353740118, 150.5964233904915091, -113.9878973851374013 ) ) ;
#438 = CARTESIAN_POINT ( 'NONE',  ( 19.64475380110399882, 104.6075741078680039, -101.8688712216920038 ) ) ;
#439 = CARTESIAN_POINT ( 'NONE',  ( 74.61457650969856559, 97.10757410786800392, -98.46066554457685527 ) ) ;
#440 = LINE ( 'NONE', #1674, #2235 ) ;
#441 = ORIENTED_EDGE ( 'NONE', *, *, #304, .T. ) ;
#442 = CARTESIAN_POINT ( 'NONE',  ( 40.77925363506400203, 109.1075741078679897, -92.87956569176800770 ) ) ;
#443 = VECTOR ( 'NONE', #1051, 999.9999999999998863 ) ;
#444 = CARTESIAN_POINT ( 'NONE',  ( 5.368016198202439249, 134.4665038057588049, -114.7737550113102145 ) ) ;
#445 = ORIENTED_EDGE ( 'NONE', *, *, #2205, .F. ) ;
#446 = LINE ( 'NONE', #1059, #1542 ) ;
#447 = ORIENTED_EDGE ( 'NONE', *, *, #761, .F. ) ;
#448 = CARTESIAN_POINT ( 'NONE',  ( 13.59718488879274112, 139.5712386191834185, -103.3658108958972122 ) ) ;
#449 = CARTESIAN_POINT ( 'NONE',  ( 14.95060633971885977, 154.8188416633159932, -113.9009472037569992 ) ) ;
#450 = CARTESIAN_POINT ( 'NONE',  ( 2.285466331179539790, 158.2211635746054981, -113.8576617673322033 ) ) ;
#451 = LINE ( 'NONE', #1685, #745 ) ;
#452 = ADVANCED_FACE ( 'NONE', ( #2572 ), #331, .F. ) ;
#453 = FACE_OUTER_BOUND ( 'NONE', #865, .T. ) ;
#454 = DIRECTION ( 'NONE',  ( 0.5384613953562438216, 0.4587423008191263696, 0.7068343703797808075 ) ) ;
#455 = CIRCLE ( 'NONE', #589, 5.000000000000001776 ) ;
#456 = ORIENTED_EDGE ( 'NONE', *, *, #2686, .T. ) ;
#457 = DIRECTION ( 'NONE',  ( -0.9999998719445370998, 0.000000000000000000, 0.0005060740159290001098 ) ) ;
#458 = CIRCLE ( 'NONE', #678, 3.749999999999998224 ) ;
#459 = LINE ( 'NONE', #2530, #1801 ) ;
#460 = CARTESIAN_POINT ( 'NONE',  ( 56.00435500837309633, 119.0651419647734031, -141.3882769317683881 ) ) ;
#461 = DIRECTION ( 'NONE',  ( 0.9999998719445370998, 0.000000000000000000, -0.0005060740159296137682 ) ) ;
#462 = ADVANCED_FACE ( 'NONE', ( #707 ), #2393, .T. ) ;
#463 = CARTESIAN_POINT ( 'NONE',  ( 73.98368862655249245, 113.0238635553034641, -116.9655829752496743 ) ) ;
#464 = DATE_AND_TIME ( #1724, #889 ) ;
#465 = ADVANCED_BREP_SHAPE_REPRESENTATION ( 'Shoulder', ( #1641, #2109 ), #848 ) ;
#466 = ORIENTED_EDGE ( 'NONE', *, *, #563, .F. ) ;
#467 = EDGE_CURVE ( 'NONE', #2141, #217, #1972, .T. ) ;
#468 = LINE ( 'NONE', #1701, #1653 ) ;
#469 = ORIENTED_EDGE ( 'NONE', *, *, #2663, .T. ) ;
#470 = CARTESIAN_POINT ( 'NONE',  ( 43.11213276334040501, 149.7187988699174923, -98.35358180974345998 ) ) ;
#471 = B_SPLINE_CURVE_WITH_KNOTS ( 'NONE', 3,
 ( #1262, #470, #1084, #1072, #2107, #2285, #664, #651 ),
 .UNSPECIFIED., .F., .F.,
 ( 4, 2, 2, 4 ),
 ( -0.3939849527628775938, -0.3904317695094690066, -0.1951776023946990013, -5.551115123125782702E-17 ),
 .UNSPECIFIED. ) ;
#472 = ORIENTED_EDGE ( 'NONE', *, *, #467, .F. ) ;
#473 = DIRECTION ( 'NONE',  ( -0.9999998719445370998, 8.829704269272779604E-16, 0.0005060740159290001098 ) ) ;
#474 = ADVANCED_FACE ( 'NONE', ( #562 ), #1523, .T. ) ;
#475 = CARTESIAN_POINT ( 'NONE',  ( 15.74143331736730111, 155.2392864619625072, -113.8951772603606116 ) ) ;
#476 = CARTESIAN_POINT ( 'NONE',  ( 59.33395821717680008, 101.1075741078680039, -82.88895446627790875 ) ) ;
#477 = EDGE_CURVE ( 'NONE', #1745, #556, #736, .T. ) ;
#478 = AXIS2_PLACEMENT_3D ( 'NONE', #1026, #2682, #2422 ) ;
#479 = SHAPE_DEFINITION_REPRESENTATION ( #1650, #465 ) ;
#480 = LINE ( 'NONE', #1522, #416 ) ;
#481 = DIRECTION ( 'NONE',  ( 0.000000000000000000, -1.000000000000000000, 0.000000000000000000 ) ) ;
#482 = ORIENTED_EDGE ( 'NONE', *, *, #145, .T. ) ;
#483 = VERTEX_POINT ( 'NONE', #1536 ) ;
#484 = PLANE ( 'NONE',  #1426 ) ;
#485 = CIRCLE ( 'NONE', #2002, 1.299999999999997602 ) ;
#486 = ORIENTED_EDGE ( 'NONE', *, *, #2293, .F. ) ;
#487 = PLANE ( 'NONE',  #1500 ) ;
#488 = DIRECTION ( 'NONE',  ( 0.9999998719445370998, 0.000000000000000000, -0.0005060740159290001098 ) ) ;
#489 = CARTESIAN_POINT ( 'NONE',  ( 25.63589673749245179, 97.10757410786798971, -119.3719054248170011 ) ) ;
#490 = CIRCLE ( 'NONE', #838, 2.999999999999998668 ) ;
#491 = DIRECTION ( 'NONE',  ( -0.7071066906376616279, -0.7071067811865472397, 0.0003578483684457047388 ) ) ;
#492 = DIRECTION ( 'NONE',  ( 0.0005060740159290001098, 0.000000000000000000, 0.9999998719445370998 ) ) ;
#493 = FACE_OUTER_BOUND ( 'NONE', #1690, .T. ) ;
#494 = B_SPLINE_CURVE_WITH_KNOTS ( 'NONE', 3,
 ( #108, #2400, #324, #1545, #943, #1790, #555, #756, #93, #284, #1775, #742, #540, #1368, #78, #2198, #931, #1936, #338, #1163, #1529, #1992, #134, #1588, #1763, #2416 ),
 .UNSPECIFIED., .F., .F.,
 ( 4, 1, 1, 1, 1, 1, 1, 1, 2, 2, 1, 1, 1, 1, 1, 1, 1, 2, 2, 4 ),
 ( 0.000000000000000000, 0.2500000000000398570, 0.3750000000000592304, 0.4375000000000683897, 0.4687500000000737188, 0.4843750000000756062, 0.4921875000000763833, 0.4960937500000769385, 0.4980468750000773825, 0.5000000000000778266, 0.6250000000000214273, 0.6874999999999922284, 0.7187499999999784617, 0.7343749999999725775, 0.7421874999999694689, 0.7460937499999676925, 0.7480468749999678035, 0.7490234374999689138, 0.7499999999999699130, 1.000000000000000000 ),
 .UNSPECIFIED. ) ;
#495 = ORIENTED_EDGE ( 'NONE', *, *, #1080, .F. ) ;
#496 = EDGE_LOOP ( 'NONE', ( #1060, #672, #2233, #1013 ) ) ;
#497 = CARTESIAN_POINT ( 'NONE',  ( 75.31565503854770327, 99.06265604319570173, -119.0599978247071959 ) ) ;
#498 = TOROIDAL_SURFACE ( 'NONE', #1851, 7.000000000000000000, 5.000000000000000000 ) ;
#499 = EDGE_CURVE ( 'NONE', #390, #2160, #2133, .T. ) ;
#500 = LINE ( 'NONE', #2157, #900 ) ;
#501 = EDGE_LOOP ( 'NONE', ( #1920, #1475, #2359, #1964 ) ) ;
#502 = CYLINDRICAL_SURFACE ( 'NONE', #2112, 7.500000000000005329 ) ;
#503 = AXIS2_PLACEMENT_3D ( 'NONE', #2094, #1274, #457 ) ;
#504 = DIRECTION ( 'NONE',  ( -0.9999998719445369888, 0.000000000000000000, 0.0005060740159292913265 ) ) ;
#505 = CARTESIAN_POINT ( 'NONE',  ( 7.172327287069069968, 104.6075741078680039, -47.38062985882509537 ) ) ;
#506 = CARTESIAN_POINT ( 'NONE',  ( 44.17417413962605366, 150.7081704228715182, -114.0024981510070035 ) ) ;
#507 = CARTESIAN_POINT ( 'NONE',  ( 5.795946430494179680, 128.9670033454559928, -115.2055971628449953 ) ) ;
#508 = DIRECTION ( 'NONE',  ( 0.000000000000000000, 1.000000000000000000, 0.000000000000000000 ) ) ;
#509 = EDGE_CURVE ( 'NONE', #334, #136, #618, .T. ) ;
#510 = FACE_OUTER_BOUND ( 'NONE', #2344, .T. ) ;
#511 = ORIENTED_EDGE ( 'NONE', *, *, #17, .T. ) ;
#512 = EDGE_CURVE ( 'NONE', #1236, #2605, #46, .T. ) ;
#513 = CARTESIAN_POINT ( 'NONE',  ( 54.60937294577709622, 112.7011809340946087, -103.3865661012671922 ) ) ;
#514 = CARTESIAN_POINT ( 'NONE',  ( 65.32990885671659953, 105.1075741078680039, -90.89198988592980299 ) ) ;
#515 = EDGE_LOOP ( 'NONE', ( #1595, #1289, #429, #1612 ) ) ;
#516 = EDGE_CURVE ( 'NONE', #804, #1844, #451, .T. ) ;
#517 = ORIENTED_EDGE ( 'NONE', *, *, #234, .F. ) ;
#518 = CARTESIAN_POINT ( 'NONE',  ( 10.67075606920344022, 119.2236880054965980, -116.1789050423790002 ) ) ;
#519 = CARTESIAN_POINT ( 'NONE',  ( 18.97752262233220932, 109.7482068296734781, -117.3797211708738644 ) ) ;
#520 = CIRCLE ( 'NONE', #2041, 1.299999999999997602 ) ;
#521 = CARTESIAN_POINT ( 'NONE',  ( 43.10599100603623413, 149.7131085448012016, -98.34520998598961228 ) ) ;
#522 = CARTESIAN_POINT ( 'NONE',  ( 75.31565889165490546, 99.10757410786798971, -119.0523841029166050 ) ) ;
#523 = CARTESIAN_POINT ( 'NONE',  ( 32.02925475554929591, 93.10757410786800392, -92.87513754412860578 ) ) ;
#524 = EDGE_CURVE ( 'NONE', #229, #2138, #404, .T. ) ;
#525 = ORIENTED_EDGE ( 'NONE', *, *, #747, .F. ) ;
#526 = DIRECTION ( 'NONE',  ( 0.0005060740159290001098, 0.000000000000000000, 0.9999998719445370998 ) ) ;
#527 = DIRECTION ( 'NONE',  ( -0.0005060740159290000014, 0.000000000000000000, -0.9999998719445369888 ) ) ;
#528 = ORIENTED_EDGE ( 'NONE', *, *, #1556, .T. ) ;
#529 = ORIENTED_EDGE ( 'NONE', *, *, #1080, .T. ) ;
#530 = CARTESIAN_POINT ( 'NONE',  ( 9.449307435594318960, 120.7178718169842000, -116.0115160532661918 ) ) ;
#531 = VECTOR ( 'NONE', #2275, 999.9999999999998863 ) ;
#532 = AXIS2_PLACEMENT_3D ( 'NONE', #1492, #2087, #260 ) ;
#533 = DIRECTION ( 'NONE',  ( 0.0005060740159290000014, 0.000000000000000000, 0.9999998719445369888 ) ) ;
#534 = DIRECTION ( 'NONE',  ( -0.0005060740159290000014, -0.000000000000000000, -0.9999998719445369888 ) ) ;
#535 = DIRECTION ( 'NONE',  ( 0.0005060740159296142019, 0.000000000000000000, 0.9999998719445369888 ) ) ;
#536 = CARTESIAN_POINT ( 'NONE',  ( 40.77925363506400203, 93.10757410786800392, -92.87956569176800770 ) ) ;
#537 = EDGE_CURVE ( 'NONE', #2535, #2431, #1904, .T. ) ;
#538 = VERTEX_POINT ( 'NONE', #71 ) ;
#539 = DIRECTION ( 'NONE',  ( -0.7609933341112127270, -0.6487595834526488359, 0.0003851190020054528888 ) ) ;
#540 = CARTESIAN_POINT ( 'NONE',  ( 11.41461920209635394, 97.10757410786798971, -98.69520673501125430 ) ) ;
#541 = ORIENTED_EDGE ( 'NONE', *, *, #550, .F. ) ;
#542 = ORIENTED_EDGE ( 'NONE', *, *, #1758, .F. ) ;
#543 = DIRECTION ( 'NONE',  ( -0.0005060740159290000014, 0.000000000000000000, -0.9999998719445369888 ) ) ;
#544 = CIRCLE ( 'NONE', #2475, 8.999999999999998224 ) ;
#545 = VECTOR ( 'NONE', #2520, 1000.000000000000000 ) ;
#546 = CARTESIAN_POINT ( 'NONE',  ( 19.77523227106716064, 108.5212011316465208, -117.5535860329845406 ) ) ;
#547 = CARTESIAN_POINT ( 'NONE',  ( 76.24123637854884805, 97.10757410786798971, -100.2634009579005152 ) ) ;
#548 = B_SPLINE_CURVE_WITH_KNOTS ( 'NONE', 3,
 ( #489, #1723, #2517, #82, #884, #655, #2353, #2162, #2113, #1076, #1913, #2545, #683, #54, #1507, #1984, #1997, #1373, #546, #2174, #1387, #519, #1129, #138, #126, #1971, #948, #1347, #1767 ),
 .UNSPECIFIED., .F., .F.,
 ( 4, 2, 2, 2, 2, 2, 1, 1, 1, 1, 1, 2, 2, 2, 2, 2, 4 ),
 ( 0.000000000000000000, 0.1250000000001660616, 0.2500000000003321232, 0.3750000000004981571, 0.4375000000005810907, 0.4687500000006217804, 0.4843750000006420420, 0.4921875000006516454, 0.4960937500006558087, 0.4980468750006579182, 0.4990234375006597500, 0.4995117187506605827, 0.5000000000006614709, 0.6250000000004961587, 0.7500000000003307354, 0.8750000000001654232, 1.000000000000000000 ),
 .UNSPECIFIED. ) ;
#549 = DIRECTION ( 'NONE',  ( 0.6487595003754400569, -0.7609934315605789701, -0.0003283203677703074269 ) ) ;
#550 = EDGE_CURVE ( 'NONE', #974, #2498, #468, .T. ) ;
#551 = DIRECTION ( 'NONE',  ( -0.0005060740159290001098, 0.000000000000000000, -0.9999998719445370998 ) ) ;
#552 = ORIENTED_EDGE ( 'NONE', *, *, #1440, .F. ) ;
#553 = CARTESIAN_POINT ( 'NONE',  ( 3.848439508968739986, 124.9414506139234078, -115.5741646307720032 ) ) ;
#554 = CARTESIAN_POINT ( 'NONE',  ( 26.85619444927279886, 133.3840542838009924, -101.8725207448889876 ) ) ;
#555 = CARTESIAN_POINT ( 'NONE',  ( 11.99768328613454571, 97.10757410786801813, -98.36323162009742305 ) ) ;
#556 = VERTEX_POINT ( 'NONE', #265 ) ;
#557 = VERTEX_POINT ( 'NONE', #887 ) ;
#558 = CARTESIAN_POINT ( 'NONE',  ( 77.08604670243489920, 97.10757410786798971, -119.3979430121642054 ) ) ;
#559 = LINE ( 'NONE', #2217, #778 ) ;
#560 = VECTOR ( 'NONE', #2580, 1000.000000000000000 ) ;
#561 = EDGE_CURVE ( 'NONE', #556, #1270, #485, .T. ) ;
#562 = FACE_OUTER_BOUND ( 'NONE', #161, .T. ) ;
#563 = EDGE_CURVE ( 'NONE', #2052, #248, #1168, .T. ) ;
#564 = CARTESIAN_POINT ( 'NONE',  ( 75.31603535224908796, 103.6541067665578026, -118.3084997417881965 ) ) ;
#565 = CIRCLE ( 'NONE', #905, 5.000000000000001776 ) ;
#566 = FACE_BOUND ( 'NONE', #940, .T. ) ;
#567 = ORIENTED_EDGE ( 'NONE', *, *, #1100, .T. ) ;
#568 = CARTESIAN_POINT ( 'NONE',  ( 9.286744533730249884, 150.4656226915610091, -113.9913753631380047 ) ) ;
#569 = LINE ( 'NONE', #2659, #2488 ) ;
#570 = ORIENTED_EDGE ( 'NONE', *, *, #40, .F. ) ;
#571 = EDGE_LOOP ( 'NONE', ( #743, #1777, #1028, #2128 ) ) ;
#572 = CARTESIAN_POINT ( 'NONE',  ( 12.04035069776785960, 117.7995857511340034, -110.8650239828811976 ) ) ;
#573 = FACE_OUTER_BOUND ( 'NONE', #1504, .T. ) ;
#574 = AXIS2_PLACEMENT_3D ( 'NONE', #386, #2261, #1632 ) ;
#575 = CARTESIAN_POINT ( 'NONE',  ( 14.06479718011915914, 108.8980358752250055, -117.4965816515511960 ) ) ;
#576 = CARTESIAN_POINT ( 'NONE',  ( 29.88460301060584712, 157.7064576519314869, -113.8753583754080125 ) ) ;
#577 = FACE_BOUND ( 'NONE', #853, .T. ) ;
#578 = CARTESIAN_POINT ( 'NONE',  ( 12.71749965885937783, 149.6101473617735280, -114.0170212415434037 ) ) ;
#579 = ORIENTED_EDGE ( 'NONE', *, *, #77, .T. ) ;
#580 = CARTESIAN_POINT ( 'NONE',  ( 2.363428597803065134, 134.2055192543764122, -114.7913698003384013 ) ) ;
#581 = DIRECTION ( 'NONE',  ( 0.000000000000000000, -1.000000000000000000, 0.000000000000000000 ) ) ;
#582 = ORIENTED_EDGE ( 'NONE', *, *, #2205, .T. ) ;
#583 = ORIENTED_EDGE ( 'NONE', *, *, #1868, .T. ) ;
#584 = CARTESIAN_POINT ( 'NONE',  ( 14.25469208580313918, 102.1949507818638097, -118.5113374695347375 ) ) ;
#585 = ADVANCED_FACE ( 'NONE', ( #1524 ), #279, .F. ) ;
#586 = EDGE_CURVE ( 'NONE', #2551, #1165, #1106, .T. ) ;
#587 = CARTESIAN_POINT ( 'NONE',  ( 14.48993069478313878, 106.8892378440929889, -117.7877592568730023 ) ) ;
#588 = CARTESIAN_POINT ( 'NONE',  ( 30.82181898768275019, 157.5609439288244857, -113.8769936753122067 ) ) ;
#589 = AXIS2_PLACEMENT_3D ( 'NONE', #2637, #1238, #2473 ) ;
#590 = CARTESIAN_POINT ( 'NONE',  ( 40.77014430277729673, 97.10757410786798971, -110.8795633867696040 ) ) ;
#591 = CIRCLE ( 'NONE', #2672, 45.49999999999999289 ) ;
#592 = DIRECTION ( 'NONE',  ( 0.9999998719445369888, 0.000000000000000000, -0.0005060740159306811653 ) ) ;
#593 = ORIENTED_EDGE ( 'NONE', *, *, #387, .T. ) ;
#594 = CARTESIAN_POINT ( 'NONE',  ( 3.071525568515619753, 139.3341979268962234, -114.4595528812943996 ) ) ;
#595 = CARTESIAN_POINT ( 'NONE',  ( 12.18524884058909841, 133.2072775885044109, -98.86509577540999771 ) ) ;
#596 = ORIENTED_EDGE ( 'NONE', *, *, #2315, .F. ) ;
#597 = EDGE_CURVE ( 'NONE', #1208, #94, #2351, .T. ) ;
#598 = ORIENTED_EDGE ( 'NONE', *, *, #289, .T. ) ;
#599 = FACE_OUTER_BOUND ( 'NONE', #641, .T. ) ;
#600 = ADVANCED_FACE ( 'NONE', ( #1069 ), #1714, .F. ) ;
#601 = CARTESIAN_POINT ( 'NONE',  ( 14.63653400500495927, 104.7521237261736076, -118.1098844142906046 ) ) ;
#602 = CARTESIAN_POINT ( 'NONE',  ( 28.42634524797820106, 157.8333023744289960, -113.8736855885874064 ) ) ;
#603 = CARTESIAN_POINT ( 'NONE',  ( 59.32788532898560163, 109.1075741078679897, -94.88895292961230155 ) ) ;
#604 = DIRECTION ( 'NONE',  ( 0.0005060740159290001098, 0.000000000000000000, 0.9999998719445370998 ) ) ;
#605 = DIRECTION ( 'NONE',  ( 0.0005060740159290000014, -0.000000000000000000, 0.9999998719445369888 ) ) ;
#606 = ORIENTED_EDGE ( 'NONE', *, *, #1751, .T. ) ;
#607 = AXIS2_PLACEMENT_3D ( 'NONE', #1718, #689, #335 ) ;
#608 = CARTESIAN_POINT ( 'NONE',  ( 4.911027372480449849, 144.3241303698802085, -114.2069961938522056 ) ) ;
#609 = ADVANCED_FACE ( 'NONE', ( #493 ), #1487, .T. ) ;
#610 = CARTESIAN_POINT ( 'NONE',  ( 65.33446352285989178, 106.1075741078680039, -81.89199103842889826 ) ) ;
#611 = ORIENTED_EDGE ( 'NONE', *, *, #1517, .T. ) ;
#612 = ORIENTED_EDGE ( 'NONE', *, *, #1661, .F. ) ;
#613 = VECTOR ( 'NONE', #998, 999.9999999999998863 ) ;
#614 = CARTESIAN_POINT ( 'NONE',  ( 13.10058195356374178, 100.0337693730120350, -118.8648803859015288 ) ) ;
#615 = DIRECTION ( 'NONE',  ( -0.0005060740159290000014, -0.000000000000000000, -0.9999998719445369888 ) ) ;
#616 = CARTESIAN_POINT ( 'NONE',  ( 12.89593141372740526, 146.9961941001759840, -96.86545517732901089 ) ) ;
#617 = CARTESIAN_POINT ( 'NONE',  ( 77.32687087595539310, 99.10757410786798971, -96.89806200578810547 ) ) ;
#618 = CIRCLE ( 'NONE', #1307, 19.50000000000001066 ) ;
#619 = CARTESIAN_POINT ( 'NONE',  ( 19.87455758355174851, 153.7210153861150275, -113.9223442524695997 ) ) ;
#620 = CARTESIAN_POINT ( 'NONE',  ( -7.720740154246043652, 94.10757410786798971, -92.85502110199544745 ) ) ;
#621 = ORIENTED_EDGE ( 'NONE', *, *, #512, .F. ) ;
#622 = ADVANCED_FACE ( 'NONE', ( #711 ), #1540, .T. ) ;
#623 = VECTOR ( 'NONE', #365, 1000.000000000000000 ) ;
#624 = CARTESIAN_POINT ( 'NONE',  ( 14.89718472232063817, 139.5712386191834185, -103.3664687921179137 ) ) ;
#625 = ORIENTED_EDGE ( 'NONE', *, *, #512, .T. ) ;
#626 = DIRECTION ( 'NONE',  ( 0.0005060740159290000014, 0.000000000000000000, 0.9999998719445369888 ) ) ;
#627 = EDGE_CURVE ( 'NONE', #2066, #1236, #2118, .T. ) ;
#628 = CARTESIAN_POINT ( 'NONE',  ( 13.74475587651577868, 109.8656826253056096, -117.3606148334643962 ) ) ;
#629 = CARTESIAN_POINT ( 'NONE',  ( 69.39976642055378875, 121.1851438824862015, -1.930193314295920004 ) ) ;
#630 = DIRECTION ( 'NONE',  ( -0.000000000000000000, 1.000000000000000000, -0.000000000000000000 ) ) ;
#631 = CARTESIAN_POINT ( 'NONE',  ( 14.89718472232063817, 139.5712386191834185, -103.3664687921179137 ) ) ;
#632 =( NAMED_UNIT ( * ) PLANE_ANGLE_UNIT ( ) SI_UNIT ( $, .RADIAN. ) );
#633 = AXIS2_PLACEMENT_3D ( 'NONE', #2110, #1074, #249 ) ;
#634 = AXIS2_PLACEMENT_3D ( 'NONE', #88, #913, #454 ) ;
#635 = ORIENTED_EDGE ( 'NONE', *, *, #2685, .F. ) ;
#636 = AXIS2_PLACEMENT_3D ( 'NONE', #990, #207, #1823 ) ;
#637 = CARTESIAN_POINT ( 'NONE',  ( 40.77925363506400203, 97.10757410786798971, -92.87956569176800770 ) ) ;
#639 = VERTEX_POINT ( 'NONE', #1688 ) ;
#638 = B_SPLINE_SURFACE_WITH_KNOTS ( 'NONE', 2, 1, ( 
 ( #1736, #2340 ),
 ( #1493, #2570 ),
 ( #2330, #1305 ),
 ( #2123, #2145 ),
 ( #2365, #288 ),
 ( #450, #2532 ),
 ( #303, #895 ) ),
 .UNSPECIFIED., .F., .F., .F.,
 ( 3, 2, 2, 3 ),
 ( 2, 2 ),
 ( -0.07962601932355170553, 0.000000000000000000, 1.000000000000000000, 1.011003849270889932 ),
 ( 0.03822799201743130176, 7.821509204272850013 ),
 .UNSPECIFIED. ) ;
#640 = CARTESIAN_POINT ( 'NONE',  ( 35.85872366685327961, 133.3840542838009924, -96.87707605130954391 ) ) ;
#641 = EDGE_LOOP ( 'NONE', ( #1614, #2397, #232, #1384 ) ) ;
#642 = FACE_OUTER_BOUND ( 'NONE', #1907, .T. ) ;
#643 = CARTESIAN_POINT ( 'NONE',  ( 24.01062648847969783, 157.7210383015685125, -113.8722888754935951 ) ) ;
#644 = LINE ( 'NONE', #846, #531 ) ;
#645 = CARTESIAN_POINT ( 'NONE',  ( 73.86807622924285965, 97.10757410786798971, -97.87982908985554786 ) ) ;
#646 = CARTESIAN_POINT ( 'NONE',  ( -0.3552436377867385087, 104.7521237237850045, -101.8587497413734013 ) ) ;
#647 = VERTEX_POINT ( 'NONE', #2521 ) ;
#648 = CARTESIAN_POINT ( 'NONE',  ( 6.780831644194660335, 141.1296183766410195, -114.3625724006210049 ) ) ;
#649 = AXIS2_PLACEMENT_3D ( 'NONE', #1144, #1606, #938 ) ;
#650 = ORIENTED_EDGE ( 'NONE', *, *, #349, .F. ) ;
#651 = CARTESIAN_POINT ( 'NONE',  ( 44.18030836989554899, 150.7081704228720298, -101.8812880299158081 ) ) ;
#652 = ORIENTED_EDGE ( 'NONE', *, *, #1188, .T. ) ;
#653 = CARTESIAN_POINT ( 'NONE',  ( 55.90937277930499505, 112.7011809340946087, -103.3872239974878937 ) ) ;
#654 = CARTESIAN_POINT ( 'NONE',  ( 14.63652275535808123, 104.6075741078680039, -118.1321136635451978 ) ) ;
#655 = CARTESIAN_POINT ( 'NONE',  ( 22.49077114557400847, 103.7527283811427168, -118.2698901837391787 ) ) ;
#656 = CARTESIAN_POINT ( 'NONE',  ( 74.31641854509808809, 97.10757410786797550, -98.20657997735854394 ) ) ;
#657 = DATE_AND_TIME ( #923, #2021 ) ;
#658 = VERTEX_POINT ( 'NONE', #1296 ) ;
#659 = AXIS2_PLACEMENT_3D ( 'NONE', #2621, #2608, #922 ) ;
#660 = CARTESIAN_POINT ( 'NONE',  ( 12.03757819979579935, 117.7995857511340034, -116.3434669176618002 ) ) ;
#661 = AXIS2_PLACEMENT_3D ( 'NONE', #1840, #1655, #1009 ) ;
#662 = CARTESIAN_POINT ( 'NONE',  ( -4.720740538412426801, 94.10757410786798971, -92.85653932404323996 ) ) ;
#663 = VERTEX_POINT ( 'NONE', #660 ) ;
#664 = CARTESIAN_POINT ( 'NONE',  ( 44.18063761760645036, 150.7081704228710066, -101.2306961052452010 ) ) ;
#665 = ORIENTED_EDGE ( 'NONE', *, *, #823, .T. ) ;
#666 = DIRECTION ( 'NONE',  ( 0.9999998719445370998, 0.000000000000000000, -0.0005060740159290001098 ) ) ;
#667 = ADVANCED_FACE ( 'NONE', ( #254 ), #1050, .F. ) ;
#668 = DIRECTION ( 'NONE',  ( -0.7071066906376640704, -0.7071067811865449082, 0.0003578483684443800063 ) ) ;
#669 = CARTESIAN_POINT ( 'NONE',  ( 40.51415317487400358, 147.3045150761032005, -96.87943204351820725 ) ) ;
#670 = CARTESIAN_POINT ( 'NONE',  ( 74.60916101943783474, 110.9137811335937158, -117.2469843533799292 ) ) ;
#671 = PERSON_AND_ORGANIZATION_ROLE ( 'creator' ) ;
#672 = ORIENTED_EDGE ( 'NONE', *, *, #997, .T. ) ;
#673 = CARTESIAN_POINT ( 'NONE',  ( 12.04121618554991890, 117.7995857511340034, -109.1548242018817945 ) ) ;
#674 = AXIS2_PLACEMENT_3D ( 'NONE', #2638, #1866, #1227 ) ;
#675 = AXIS2_PLACEMENT_3D ( 'NONE', #1441, #2273, #168 ) ;
#676 = ORIENTED_EDGE ( 'NONE', *, *, #2239, .T. ) ;
#677 = CARTESIAN_POINT ( 'NONE',  ( 59.33446429119269538, 106.1075741078680039, -81.88895459433339852 ) ) ;
#678 = AXIS2_PLACEMENT_3D ( 'NONE', #1385, #409, #1863 ) ;
#679 = EDGE_CURVE ( 'NONE', #1377, #1165, #739, .T. ) ;
#680 = B_SPLINE_CURVE_WITH_KNOTS ( 'NONE', 3,
 ( #669, #1900, #42, #909, #1926, #1317, #2134, #1519 ),
 .UNSPECIFIED., .F., .F.,
 ( 4, 2, 2, 4 ),
 ( -0.7882371474984329884, -0.7863949332541099180, -0.5858470777697170062, -0.3939849527628775938 ),
 .UNSPECIFIED. ) ;
#681 = DIRECTION ( 'NONE',  ( 0.0005060740159290000014, -0.000000000000000000, 0.9999998719445369888 ) ) ;
#682 = DIRECTION ( 'NONE',  ( 0.000000000000000000, -1.000000000000000000, 0.000000000000000000 ) ) ;
#683 = CARTESIAN_POINT ( 'NONE',  ( 20.03548105003892843, 108.1079120376669067, -117.6130958164548161 ) ) ;
#684 = APPROVAL_ROLE ( '' ) ;
#685 = DIRECTION ( 'NONE',  ( 0.9999998719445369888, 0.000000000000000000, -0.0005060740159306811653 ) ) ;
#686 = CARTESIAN_POINT ( 'NONE',  ( 14.63653400500495927, 104.7521237261736076, -118.1098844142906046 ) ) ;
#687 = AXIS2_PLACEMENT_3D ( 'NONE', #112, #1603, #1167 ) ;
#688 = VERTEX_POINT ( 'NONE', #1594 ) ;
#689 = DIRECTION ( 'NONE',  ( -6.518728612968409410E-16, -1.000000000000000000, 3.298959590366634863E-19 ) ) ;
#690 = ORIENTED_EDGE ( 'NONE', *, *, #1309, .F. ) ;
#691 = FACE_OUTER_BOUND ( 'NONE', #1113, .T. ) ;
#692 = CARTESIAN_POINT ( 'NONE',  ( 9.342901270879082176, 150.5232500407061593, -113.9898353468067000 ) ) ;
#693 = DIRECTION ( 'NONE',  ( 0.0005060740159289198788, 0.000000000000000000, 0.9999998719445370998 ) ) ;
#694 = FACE_OUTER_BOUND ( 'NONE', #2613, .T. ) ;
#695 = CARTESIAN_POINT ( 'NONE',  ( 65.33598174490771271, 109.1075741078679897, -78.89199142259529651 ) ) ;
#696 = EDGE_CURVE ( 'NONE', #1844, #1981, #61, .T. ) ;
#697 = EDGE_LOOP ( 'NONE', ( #816, #1232, #1903, #803 ) ) ;
#698 = ORIENTED_EDGE ( 'NONE', *, *, #2143, .F. ) ;
#699 = EDGE_CURVE ( 'NONE', #2452, #2376, #1987, .T. ) ;
#700 = FACE_OUTER_BOUND ( 'NONE', #1178, .T. ) ;
#701 = DIRECTION ( 'NONE',  ( 0.0005060740159290000014, -0.000000000000000000, 0.9999998719445369888 ) ) ;
#702 = VERTEX_POINT ( 'NONE', #1363 ) ;
#703 = FACE_OUTER_BOUND ( 'NONE', #2121, .T. ) ;
#704 = CARTESIAN_POINT ( 'NONE',  ( 59.32990962504930366, 105.1075741078680039, -90.88895344183420377 ) ) ;
#705 = EDGE_CURVE ( 'NONE', #136, #2160, #763, .T. ) ;
#706 = CARTESIAN_POINT ( 'NONE',  ( 47.53830603940049571, 105.6301131222290053, -103.3829876175826001 ) ) ;
#707 = FACE_OUTER_BOUND ( 'NONE', #1033, .T. ) ;
#708 = CARTESIAN_POINT ( 'NONE',  ( 6.114593127796750238, 139.1106186505708138, -114.4741576149340005 ) ) ;
#709 = EDGE_CURVE ( 'NONE', #1678, #1435, #2423, .T. ) ;
#710 = DIRECTION ( 'NONE',  ( 0.9999998719445369888, 0.000000000000000000, -0.0005060740159288987369 ) ) ;
#711 = FACE_OUTER_BOUND ( 'NONE', #869, .T. ) ;
#712 = ADVANCED_FACE ( 'NONE', ( #2193, #2600, #566, #510 ), #1771, .F. ) ;
#713 = EDGE_LOOP ( 'NONE', ( #219, #130 ) ) ;
#714 = ORIENTED_EDGE ( 'NONE', *, *, #1068, .F. ) ;
#715 = CARTESIAN_POINT ( 'NONE',  ( 63.46490281225758423, 117.5430213265733244, -116.3996010820336977 ) ) ;
#716 = CIRCLE ( 'NONE', #240, 8.999999999999998224 ) ;
#717 = CARTESIAN_POINT ( 'NONE',  ( 65.32990885671659953, 105.1075741078680039, -90.89198988592980299 ) ) ;
#718 = VERTEX_POINT ( 'NONE', #2017 ) ;
#719 = ORIENTED_EDGE ( 'NONE', *, *, #2486, .F. ) ;
#720 = DIRECTION ( 'NONE',  ( -0.9999998719445369888, 0.000000000000000000, 0.0005060740159249882365 ) ) ;
#721 = CIRCLE ( 'NONE', #247, 5.000000000000001776 ) ;
#722 = CARTESIAN_POINT ( 'NONE',  ( 35.02925437138290476, 93.10757410786800392, -92.87665576617636987 ) ) ;
#723 = EDGE_CURVE ( 'NONE', #1639, #1648, #1757, .T. ) ;
#724 = DIRECTION ( 'NONE',  ( -0.7160406874679505762, 0.6980584521217934046, 0.0003623696326788787688 ) ) ;
#725 = CARTESIAN_POINT ( 'NONE',  ( 56.02586366012410224, 119.0651419647734031, -98.88728237425360135 ) ) ;
#726 = CARTESIAN_POINT ( 'NONE',  ( 21.96825162869725290, 146.6423064310490076, -103.3700472758025057 ) ) ;
#727 = EDGE_LOOP ( 'NONE', ( #2068, #2038, #1331, #1808 ) ) ;
#728 = LINE ( 'NONE', #1921, #1341 ) ;
#729 = CARTESIAN_POINT ( 'NONE',  ( 46.52925289874509218, 97.10757410786798971, -92.88247561735961710 ) ) ;
#730 = ORIENTED_EDGE ( 'NONE', *, *, #1498, .T. ) ;
#731 = VERTEX_POINT ( 'NONE', #523 ) ;
#732 = FACE_OUTER_BOUND ( 'NONE', #1193, .T. ) ;
#733 = CARTESIAN_POINT ( 'NONE',  ( 59.32788532898560163, 109.1075741078679897, -94.88895292961230155 ) ) ;
#734 = CIRCLE ( 'NONE', #2382, 2.000000000000000444 ) ;
#735 = ADVANCED_FACE ( 'NONE', ( #159 ), #333, .F. ) ;
#736 = LINE ( 'NONE', #1797, #2481 ) ;
#737 = CARTESIAN_POINT ( 'NONE',  ( 25.64019836662784968, 97.10757410786798971, -110.8719065132884083 ) ) ;
#738 = VECTOR ( 'NONE', #2505, 999.9999999999998863 ) ;
#739 = LINE ( 'NONE', #752, #2282 ) ;
#740 = ORIENTED_EDGE ( 'NONE', *, *, #2315, .T. ) ;
#741 = CYLINDRICAL_SURFACE ( 'NONE', #949, 5.000000000000000888 ) ;
#742 = CARTESIAN_POINT ( 'NONE',  ( 11.79840474748220025, 97.10757410786797550, -98.47560407223411971 ) ) ;
#743 = ORIENTED_EDGE ( 'NONE', *, *, #852, .F. ) ;
#744 = VERTEX_POINT ( 'NONE', #309 ) ;
#745 = VECTOR ( 'NONE', #1699, 1000.000000000000000 ) ;
#746 = CARTESIAN_POINT ( 'NONE',  ( 6.147167162087329828, 127.5816069024224078, -115.3283772565101941 ) ) ;
#747 = EDGE_CURVE ( 'NONE', #688, #48, #1451, .T. ) ;
#748 = CARTESIAN_POINT ( 'NONE',  ( 53.30937311224920450, 112.7011809340946087, -103.3859082050464764 ) ) ;
#749 = CARTESIAN_POINT ( 'NONE',  ( 77.32434050587580998, 97.10757410786798971, -101.8980613655107987 ) ) ;
#750 = AXIS2_PLACEMENT_3D ( 'NONE', #2164, #491, #431 ) ;
#751 = CARTESIAN_POINT ( 'NONE',  ( 59.32940355103340124, 106.1075741078680039, -91.88895331377869979 ) ) ;
#752 = CARTESIAN_POINT ( 'NONE',  ( 65.32788456065280513, 97.10757410786798971, -94.89198937370790077 ) ) ;
#753 = ORIENTED_EDGE ( 'NONE', *, *, #1044, .T. ) ;
#754 = CARTESIAN_POINT ( 'NONE',  ( 8.575949784188818370, 149.7347918905140034, -114.0109404501880022 ) ) ;
#755 = FACE_BOUND ( 'NONE', #1295, .T. ) ;
#756 = CARTESIAN_POINT ( 'NONE',  ( 11.89517211406885977, 97.10757410786797550, -98.42064739681281083 ) ) ;
#757 = EDGE_LOOP ( 'NONE', ( #1249, #2283 ) ) ;
#758 = EDGE_CURVE ( 'NONE', #2688, #1583, #1709, .T. ) ;
#759 = ORIENTED_EDGE ( 'NONE', *, *, #1520, .F. ) ;
#760 = LINE ( 'NONE', #975, #2194 ) ;
#761 = EDGE_CURVE ( 'NONE', #961, #1377, #1158, .T. ) ;
#762 = CIRCLE ( 'NONE', #2623, 7.500000000000005329 ) ;
#763 = CIRCLE ( 'NONE', #1584, 4.999999999999999112 ) ;
#764 = AXIS2_PLACEMENT_3D ( 'NONE', #2342, #424, #2230 ) ;
#765 = DIRECTION ( 'NONE',  ( -0.0005060740159290001098, 0.000000000000000000, -0.9999998719445370998 ) ) ;
#766 = AXIS2_PLACEMENT_3D ( 'NONE', #1923, #882, #233 ) ;
#767 = CARTESIAN_POINT ( 'NONE',  ( 9.978213863628210945, 115.6250087465758014, -101.8639792363792083 ) ) ;
#768 = CARTESIAN_POINT ( 'NONE',  ( 75.31593018624219837, 102.3431832675708080, -118.5163072761310019 ) ) ;
#769 = CARTESIAN_POINT ( 'NONE',  ( 25.64106385440990010, 97.10757410786798971, -109.1617067322890051 ) ) ;
#770 = ORIENTED_EDGE ( 'NONE', *, *, #1473, .T. ) ;
#771 = EDGE_CURVE ( 'NONE', #647, #1590, #2589, .T. ) ;
#772 = CARTESIAN_POINT ( 'NONE',  ( 9.293512522917620089, 150.4725814584378156, -113.9911890698407149 ) ) ;
#773 = LINE ( 'NONE', #2482, #623 ) ;
#774 = ORIENTED_EDGE ( 'NONE', *, *, #810, .F. ) ;
#775 = ORIENTED_EDGE ( 'NONE', *, *, #1219, .F. ) ;
#776 = CARTESIAN_POINT ( 'NONE',  ( 65.32788456065280513, 109.1075741078679897, -94.89198937370790077 ) ) ;
#777 = FACE_BOUND ( 'NONE', #2009, .T. ) ;
#778 = VECTOR ( 'NONE', #1780, 999.9999999999998863 ) ;
#779 = CARTESIAN_POINT ( 'NONE',  ( 40.77925363506400203, 94.60757410786798971, -92.87956569176800770 ) ) ;
#780 = DIRECTION ( 'NONE',  ( -0.000000000000000000, 1.000000000000000000, 0.000000000000000000 ) ) ;
#781 = DIRECTION ( 'NONE',  ( -0.000000000000000000, 1.000000000000000000, -0.000000000000000000 ) ) ;
#782 = VECTOR ( 'NONE', #1878, 1000.000000000000000 ) ;
#783 = DIRECTION ( 'NONE',  ( -0.9999998719445370998, 0.000000000000000000, 0.0005060740159296140935 ) ) ;
#784 = ORIENTED_EDGE ( 'NONE', *, *, #1424, .F. ) ;
#785 = EDGE_CURVE ( 'NONE', #94, #1208, #1324, .T. ) ;
#786 = CARTESIAN_POINT ( 'NONE',  ( 3.762995618819514831, 125.1819797005835966, -115.5508974989812003 ) ) ;
#787 = CARTESIAN_POINT ( 'NONE',  ( 40.77925363506400203, 94.60757410786798971, -92.87956569176800770 ) ) ;
#788 = EDGE_LOOP ( 'NONE', ( #1847, #1003 ) ) ;
#789 = ORIENTED_EDGE ( 'NONE', *, *, #801, .T. ) ;
#790 = CARTESIAN_POINT ( 'NONE',  ( 16.11100958975792707, 104.7521237237850045, -98.33154852666145018 ) ) ;
#791 = AXIS2_PLACEMENT_3D ( 'NONE', #2653, #2046, #182 ) ;
#792 = VECTOR ( 'NONE', #2317, 999.9999999999998863 ) ;
#793 = CARTESIAN_POINT ( 'NONE',  ( 14.63657839311020048, 105.3232345289730034, -118.0221735580513922 ) ) ;
#794 = B_SPLINE_CURVE_WITH_KNOTS ( 'NONE', 3,
 ( #107, #1123, #917, #1746, #1978, #2578, #1148, #323, #2373, #715, #1543, #1609, #131, #1990, #800 ),
 .UNSPECIFIED., .F., .F.,
 ( 4, 2, 2, 1, 1, 1, 2, 2, 4 ),
 ( 0.000000000000000000, 0.2500000000000195954, 0.3750000000000298650, 0.4375000000000347500, 0.4687500000000365818, 0.4843750000000373590, 0.4921875000000377476, 0.5000000000000380806, 1.000000000000000000 ),
 .UNSPECIFIED. ) ;
#795 = FACE_OUTER_BOUND ( 'NONE', #571, .T. ) ;
#796 = CARTESIAN_POINT ( 'NONE',  ( 13.42269969743322022, 119.2493037541728143, -101.8657224013811913 ) ) ;
#797 = CARTESIAN_POINT ( 'NONE',  ( 17.81780876564960181, 152.8947677561624801, -113.9374655664950069 ) ) ;
#798 = EDGE_CURVE ( 'NONE', #2593, #1934, #544, .T. ) ;
#799 = ORIENTED_EDGE ( 'NONE', *, *, #2117, .F. ) ;
#800 = CARTESIAN_POINT ( 'NONE',  ( 52.51984587320719555, 136.3025925474038047, -114.6725093256692105 ) ) ;
#801 = EDGE_CURVE ( 'NONE', #348, #1472, #361, .T. ) ;
#802 = CARTESIAN_POINT ( 'NONE',  ( 25.61342128033165011, 97.10757410786798971, -163.7833029186350302 ) ) ;
#803 = ORIENTED_EDGE ( 'NONE', *, *, #224, .T. ) ;
#804 = VERTEX_POINT ( 'NONE', #1338 ) ;
#805 = DIRECTION ( 'NONE',  ( 0.0005060740159290001098, -0.000000000000000000, 0.9999998719445370998 ) ) ;
#806 = CARTESIAN_POINT ( 'NONE',  ( 47.53830603940049571, 105.6301131222290053, -103.3829876175826001 ) ) ;
#807 = CARTESIAN_POINT ( 'NONE',  ( 37.78616609539220406, 155.3078448997980274, -113.9055487416909926 ) ) ;
#808 = AXIS2_PLACEMENT_3D ( 'NONE', #1061, #681, #423 ) ;
#809 = LINE ( 'NONE', #1867, #1602 ) ;
#810 = EDGE_CURVE ( 'NONE', #974, #2025, #132, .T. ) ;
#811 = AXIS2_PLACEMENT_3D ( 'NONE', #328, #137, #1128 ) ;
#812 = CARTESIAN_POINT ( 'NONE',  ( 75.91012712460047851, 97.69336054549491166, -101.8973456687739088 ) ) ;
#813 = ORIENTED_EDGE ( 'NONE', *, *, #1334, .F. ) ;
#814 = CARTESIAN_POINT ( 'NONE',  ( 2.537118973951405287, 136.4084938851756021, -114.6402503618291888 ) ) ;
#815 = CARTESIAN_POINT ( 'NONE',  ( 35.02925437138290476, 97.10757410786798971, -92.87665576617636987 ) ) ;
#816 = ORIENTED_EDGE ( 'NONE', *, *, #2239, .F. ) ;
#817 = EDGE_LOOP ( 'NONE', ( #441, #901, #381, #1651, #2576, #2540 ) ) ;
#818 = LINE ( 'NONE', #2459, #979 ) ;
#819 = CARTESIAN_POINT ( 'NONE',  ( 14.33641150139053977, 107.7388009213279929, -117.6635830842450048 ) ) ;
#820 = CARTESIAN_POINT ( 'NONE',  ( 26.83359235700730139, 157.8840542838009924, -113.8725108432216189 ) ) ;
#821 = DIRECTION ( 'NONE',  ( -0.9999998719445370998, 0.000000000000000000, 0.0005060740159290001098 ) ) ;
#822 = ADVANCED_FACE ( 'NONE', ( #1554 ), #2381, .F. ) ;
#823 = EDGE_CURVE ( 'NONE', #1660, #94, #1203, .T. ) ;
#824 = CARTESIAN_POINT ( 'NONE',  ( 21.28334507259495112, 154.1640130632484897, -113.9151150958125953 ) ) ;
#825 = LINE ( 'NONE', #2479, #1283 ) ;
#826 = ORIENTED_EDGE ( 'NONE', *, *, #1915, .F. ) ;
#827 = CARTESIAN_POINT ( 'NONE',  ( 68.23651762237867047, 120.2350574693185052, -98.35792789522197666 ) ) ;
#828 = ORIENTED_EDGE ( 'NONE', *, *, #374, .T. ) ;
#829 = DIRECTION ( 'NONE',  ( -0.0005060740159290001098, 0.000000000000000000, -0.9999998719445370998 ) ) ;
#830 = CARTESIAN_POINT ( 'NONE',  ( 10.95778303615609950, 114.6321243913670003, -116.7271110713007971 ) ) ;
#831 = EDGE_CURVE ( 'NONE', #1720, #647, #376, .T. ) ;
#832 = CARTESIAN_POINT ( 'NONE',  ( 38.38165232412229955, 155.0108024198044916, -113.9100537115860021 ) ) ;
#833 = LINE ( 'NONE', #2666, #738 ) ;
#834 = AXIS2_PLACEMENT_3D ( 'NONE', #1184, #359, #965 ) ;
#835 = CARTESIAN_POINT ( 'NONE',  ( 40.60614990551344761, 149.9368164190603920, -114.0215406962380058 ) ) ;
#836 = LINE ( 'NONE', #2683, #1409 ) ;
#837 = DIRECTION ( 'NONE',  ( -0.000000000000000000, 1.000000000000000000, -0.000000000000000000 ) ) ;
#838 = AXIS2_PLACEMENT_3D ( 'NONE', #610, #1190, #1234 ) ;
#839 = DIRECTION ( 'NONE',  ( -0.0005060740159290001098, 0.000000000000000000, -0.9999998719445370998 ) ) ;
#840 = ORIENTED_EDGE ( 'NONE', *, *, #1244, .T. ) ;
#841 = CC_DESIGN_PERSON_AND_ORGANIZATION_ASSIGNMENT ( #306, #1335, ( #1712 ) ) ;
#842 = CARTESIAN_POINT ( 'NONE',  ( 9.313197606307618059, 150.4864863607845109, -101.8636426888883477 ) ) ;
#843 = EDGE_CURVE ( 'NONE', #353, #205, #1160, .T. ) ;
#844 = DIRECTION ( 'NONE',  ( 0.9999998719445369888, 0.000000000000000000, -0.0005060740159306824663 ) ) ;
#845 = CARTESIAN_POINT ( 'NONE',  ( 9.378852678180313873, 150.5598958638415183, -113.9888620320085550 ) ) ;
#846 = CARTESIAN_POINT ( 'NONE',  ( 12.47562746685152746, 99.30427324896888308, -47.38331372158843635 ) ) ;
#847 = CARTESIAN_POINT ( 'NONE',  ( 73.03858704013704539, 97.10757410786800392, -97.43917615226506257 ) ) ;
#848 =( GEOMETRIC_REPRESENTATION_CONTEXT ( 3 ) GLOBAL_UNCERTAINTY_ASSIGNED_CONTEXT ( ( #2081 ) ) GLOBAL_UNIT_ASSIGNED_CONTEXT ( ( #1040, #632, #2519 ) ) REPRESENTATION_CONTEXT ( 'NONE', 'WORKASPACE' ) );
#849 = ORIENTED_EDGE ( 'NONE', *, *, #1582, .F. ) ;
#850 = AXIS2_PLACEMENT_3D ( 'NONE', #1288, #2526, #2485 ) ;
#851 = CARTESIAN_POINT ( 'NONE',  ( 7.059989431521950465, 141.7870251443395659, -114.3292585633564045 ) ) ;
#852 = EDGE_CURVE ( 'NONE', #2606, #804, #1906, .T. ) ;
#853 = EDGE_LOOP ( 'NONE', ( #1330, #2337 ) ) ;
#854 = DIRECTION ( 'NONE',  ( 0.0005060740159290001098, 0.000000000000000000, 0.9999998719445370998 ) ) ;
#855 = EDGE_LOOP ( 'NONE', ( #1458, #1764, #1892, #294, #1820 ) ) ;
#856 = PLANE ( 'NONE',  #2453 ) ;
#857 = DIRECTION ( 'NONE',  ( -0.7611525105153145176, -0.6485728234805521186, 0.0003851995570578333698 ) ) ;
#858 = CARTESIAN_POINT ( 'NONE',  ( 19.64475380110399882, 104.7521237237850045, -101.8688712216920038 ) ) ;
#859 = CARTESIAN_POINT ( 'NONE',  ( 72.89659799725616551, 97.10757410786798971, -97.37666408896164683 ) ) ;
#860 = DIRECTION ( 'NONE',  ( -8.829703138580910731E-16, -1.000000000000000000, 4.468483899016310125E-19 ) ) ;
#861 = EDGE_LOOP ( 'NONE', ( #295, #973, #2221, #123 ) ) ;
#862 = DIRECTION ( 'NONE',  ( 0.0005060740159290001098, 0.000000000000000000, 0.9999998719445370998 ) ) ;
#863 = CARTESIAN_POINT ( 'NONE',  ( 5.467028761383430080, 131.0354105462440089, -115.0332891068690060 ) ) ;
#864 = AXIS2_PLACEMENT_3D ( 'NONE', #2552, #2360, #92 ) ;
#865 = EDGE_LOOP ( 'NONE', ( #2581, #2582, #1600, #1994 ) ) ;
#866 = EDGE_CURVE ( 'NONE', #1883, #1525, #2048, .T. ) ;
#867 = LINE ( 'NONE', #434, #2150 ) ;
#868 = VECTOR ( 'NONE', #2276, 999.9999999999998863 ) ;
#869 = EDGE_LOOP ( 'NONE', ( #690, #2018, #570, #1222 ) ) ;
#870 = CARTESIAN_POINT ( 'NONE',  ( 35.85771151882142505, 133.3840542838009924, -98.87707579519856438 ) ) ;
#871 = CARTESIAN_POINT ( 'NONE',  ( 52.51743493620789849, 136.3025925474038047, -119.4365094810804067 ) ) ;
#872 = CYLINDRICAL_SURFACE ( 'NONE', #1135, 7.500000000000005329 ) ;
#873 = CARTESIAN_POINT ( 'NONE',  ( 74.62181367507152174, 97.10757410786800392, -98.46686122356165072 ) ) ;
#874 = APPROVAL_DATE_TIME ( #69, #1042 ) ;
#875 = ORIENTED_EDGE ( 'NONE', *, *, #1682, .F. ) ;
#876 = CARTESIAN_POINT ( 'NONE',  ( 12.03602325885765900, 117.7995857511340034, -119.4160228878789951 ) ) ;
#877 = VECTOR ( 'NONE', #682, 1000.000000000000000 ) ;
#878 = EDGE_LOOP ( 'NONE', ( #1420, #920, #2003, #1016 ) ) ;
#879 = CARTESIAN_POINT ( 'NONE',  ( 69.34204263140850344, 121.1851438824862015, -115.9921287953099949 ) ) ;
#880 = VECTOR ( 'NONE', #1611, 999.9999999999998863 ) ;
#881 = VERTEX_POINT ( 'NONE', #2262 ) ;
#882 = DIRECTION ( 'NONE',  ( 0.000000000000000000, -1.000000000000000000, 0.000000000000000000 ) ) ;
#883 = CARTESIAN_POINT ( 'NONE',  ( 67.31706937998470153, 118.9340236083431961, -119.4439991924770084 ) ) ;
#884 = CARTESIAN_POINT ( 'NONE',  ( 23.43936669138462747, 101.8493538979939785, -118.5731085319893623 ) ) ;
#885 = APPROVAL_ROLE ( '' ) ;
#886 = PLANE ( 'NONE',  #888 ) ;
#887 = CARTESIAN_POINT ( 'NONE',  ( 12.44805558157975334, 99.30427324896888308, -101.8652291592563301 ) ) ;
#888 = AXIS2_PLACEMENT_3D ( 'NONE', #1104, #2355, #508 ) ;
#889 = LOCAL_TIME ( 12, 21, 31.00000000000000000, #2571 ) ;
#890 = ORIENTED_EDGE ( 'NONE', *, *, #1383, .T. ) ;
#891 = CARTESIAN_POINT ( 'NONE',  ( 17.85872597185162292, 133.3840542838009924, -96.86796671902284572 ) ) ;
#892 = ORIENTED_EDGE ( 'NONE', *, *, #2301, .T. ) ;
#893 = CARTESIAN_POINT ( 'NONE',  ( 54.60937294577709622, 112.7011809340946087, -103.3865661012671922 ) ) ;
#894 = CARTESIAN_POINT ( 'NONE',  ( 16.73520738630164928, 155.6994782247795115, -113.8895510099244035 ) ) ;
#895 = CARTESIAN_POINT ( 'NONE',  ( 80.11826971450449264, 158.5582728654100322, -113.8946250261784030 ) ) ;
#896 = FACE_BOUND ( 'NONE', #2108, .T. ) ;
#897 = EDGE_CURVE ( 'NONE', #1787, #1844, #1647, .T. ) ;
#898 = CARTESIAN_POINT ( 'NONE',  ( 14.63652275535808123, 104.6075741078680039, -118.1321136635451978 ) ) ;
#899 = ORIENTED_EDGE ( 'NONE', *, *, #2234, .F. ) ;
#900 = VECTOR ( 'NONE', #1558, 999.9999999999998863 ) ;
#901 = ORIENTED_EDGE ( 'NONE', *, *, #255, .F. ) ;
#902 = CARTESIAN_POINT ( 'NONE',  ( 70.32434140226399677, 93.10757410786800392, -101.8945188473991976 ) ) ;
#903 = ADVANCED_FACE ( 'NONE', ( #157, #577, #2231, #2016, #2625, #1828 ), #1350, .F. ) ;
#904 = DIRECTION ( 'NONE',  ( 0.6487595003754395018, -0.7609934315605796362, -0.0003283203677703072101 ) ) ;
#905 = AXIS2_PLACEMENT_3D ( 'NONE', #796, #1644, #1052 ) ;
#906 = ORIENTED_EDGE ( 'NONE', *, *, #2685, .T. ) ;
#907 = CARTESIAN_POINT ( 'NONE',  ( 12.03757819979579935, 117.7995857511340034, -116.3434669176618002 ) ) ;
#908 = DIRECTION ( 'NONE',  ( -0.9999998719445370998, 0.000000000000000000, 0.0005060740159296140935 ) ) ;
#909 = CARTESIAN_POINT ( 'NONE',  ( 41.01656179758440146, 147.7729905856776043, -96.88217850783119900 ) ) ;
#910 = DIRECTION ( 'NONE',  ( 0.0005060740159290000014, -0.000000000000000000, 0.9999998719445369888 ) ) ;
#911 = DIRECTION ( 'NONE',  ( 0.9999998719445369888, 0.000000000000000000, -0.0005060740159306824663 ) ) ;
#912 = DIRECTION ( 'NONE',  ( 0.9999998719445369888, 0.000000000000000000, -0.0005060740159306818158 ) ) ;
#913 = DIRECTION ( 'NONE',  ( 0.6487595003754400569, -0.7609934315605790811, -0.0003283203677706980107 ) ) ;
#914 = ORIENTED_EDGE ( 'NONE', *, *, #956, .F. ) ;
#915 = AXIS2_PLACEMENT_3D ( 'NONE', #706, #1708, #273 ) ;
#916 = ORIENTED_EDGE ( 'NONE', *, *, #2243, .T. ) ;
#917 = CARTESIAN_POINT ( 'NONE',  ( 66.31846153514477749, 104.3380338923771120, -118.1829119658959115 ) ) ;
#918 = DIRECTION ( 'NONE',  ( -0.9999998719445369888, 0.000000000000000000, 0.0005060740159305394600 ) ) ;
#919 = ORIENTED_EDGE ( 'NONE', *, *, #2549, .F. ) ;
#920 = ORIENTED_EDGE ( 'NONE', *, *, #1956, .T. ) ;
#921 = CARTESIAN_POINT ( 'NONE',  ( 7.796943492689120347, 123.4210082297570068, -115.7272610696233954 ) ) ;
#922 = DIRECTION ( 'NONE',  ( -0.0005060740159296142019, 0.000000000000000000, -0.9999998719445369888 ) ) ;
#923 = CALENDAR_DATE ( 2026, 6, 9 ) ;
#924 = CARTESIAN_POINT ( 'NONE',  ( 76.13844064383557964, 97.10757410786798971, -100.1228325250273627 ) ) ;
#925 = CARTESIAN_POINT ( 'NONE',  ( 9.307060357319986821, 150.4864863609615497, -113.9908174240802765 ) ) ;
#926 = DIRECTION ( 'NONE',  ( 0.0005060740159289198788, 0.000000000000000000, 0.9999998719445370998 ) ) ;
#927 = VERTEX_POINT ( 'NONE', #1170 ) ;
#928 = CARTESIAN_POINT ( 'NONE',  ( 46.52925289874509218, 93.10757410786800392, -92.88247561735961710 ) ) ;
#929 = LOCAL_TIME ( 12, 21, 31.00000000000000000, #1737 ) ;
#930 = EDGE_CURVE ( 'NONE', #1071, #2431, #2385, .T. ) ;
#931 = CARTESIAN_POINT ( 'NONE',  ( 9.558822578742061538, 97.10757410786800392, -99.95500993143092217 ) ) ;
#932 = ORIENTED_EDGE ( 'NONE', *, *, #997, .F. ) ;
#933 = ORIENTED_EDGE ( 'NONE', *, *, #1105, .T. ) ;
#934 = VECTOR ( 'NONE', #1359, 999.9999999999998863 ) ;
#935 = FACE_OUTER_BOUND ( 'NONE', #1608, .T. ) ;
#936 = DIRECTION ( 'NONE',  ( 0.7609933341112127270, 0.6487595834526490579, -0.0003851190020054408541 ) ) ;
#937 = DIRECTION ( 'NONE',  ( -0.0005060740159290000014, -0.000000000000000000, -0.9999998719445369888 ) ) ;
#938 = DIRECTION ( 'NONE',  ( 0.9999998719445369888, 0.000000000000000000, -0.0005060740159306824663 ) ) ;
#939 = CARTESIAN_POINT ( 'NONE',  ( 12.16374018883810137, 133.2072775885044109, -141.3660903329247844 ) ) ;
#940 = EDGE_LOOP ( 'NONE', ( #1223, #1559 ) ) ;
#941 = EDGE_CURVE ( 'NONE', #2025, #1948, #2219, .T. ) ;
#942 = CARTESIAN_POINT ( 'NONE',  ( 52.51984587320719555, 136.3025925474038047, -114.6725093256692105 ) ) ;
#943 = CARTESIAN_POINT ( 'NONE',  ( 12.60937798046323444, 97.10757410786796129, -98.03804438521954978 ) ) ;
#944 = ORIENTED_EDGE ( 'NONE', *, *, #1556, .F. ) ;
#945 = EDGE_CURVE ( 'NONE', #1187, #1031, #262, .T. ) ;
#946 = VERTEX_POINT ( 'NONE', #725 ) ;
#947 = CARTESIAN_POINT ( 'NONE',  ( 10.03542411911723953, 119.9496014507121942, -116.0964916759210155 ) ) ;
#948 = CARTESIAN_POINT ( 'NONE',  ( 13.98810549663377500, 115.8803717844368038, -116.5737781436462512 ) ) ;
#949 = AXIS2_PLACEMENT_3D ( 'NONE', #902, #1527, #1557 ) ;
#950 = CARTESIAN_POINT ( 'NONE',  ( 7.144755401797289629, 104.6075741078680039, -101.8625452964929963 ) ) ;
#951 = DIRECTION ( 'NONE',  ( -0.000000000000000000, -1.000000000000000000, -0.000000000000000000 ) ) ;
#952 = AXIS2_PLACEMENT_3D ( 'NONE', #996, #951, #2599 ) ;
#953 = DIRECTION ( 'NONE',  ( 0.0005060740159290001098, 0.000000000000000000, 0.9999998719445370998 ) ) ;
#954 = EDGE_CURVE ( 'NONE', #229, #1624, #1553, .T. ) ;
#955 = EDGE_LOOP ( 'NONE', ( #1687, #583, #59, #1151 ) ) ;
#956 = EDGE_CURVE ( 'NONE', #1730, #366, #981, .T. ) ;
#957 = CARTESIAN_POINT ( 'NONE',  ( 2.655166342720774786, 129.5258123670259920, -115.1570127040994009 ) ) ;
#958 = CARTESIAN_POINT ( 'NONE',  ( 54.60937294577709622, 112.7011809340946087, -103.3865661012671922 ) ) ;
#959 = DIRECTION ( 'NONE',  ( -0.9999998719445369888, 0.000000000000000000, 0.0005060740159249882365 ) ) ;
#960 = EDGE_LOOP ( 'NONE', ( #90, #652, #1298, #2469 ) ) ;
#961 = VERTEX_POINT ( 'NONE', #2437 ) ;
#962 = VECTOR ( 'NONE', #2137, 999.9999999999998863 ) ;
#963 = CARTESIAN_POINT ( 'NONE',  ( 40.77925363506400203, 97.10757410786798971, -92.87956569176800770 ) ) ;
#964 = CYLINDRICAL_SURFACE ( 'NONE', #1268, 1.499999999999999334 ) ;
#965 = DIRECTION ( 'NONE',  ( 0.9999998719445370998, 0.000000000000000000, -0.0005060740159290001098 ) ) ;
#966 = AXIS2_PLACEMENT_3D ( 'NONE', #297, #1124, #918 ) ;
#967 = DIRECTION ( 'NONE',  ( 0.000000000000000000, -1.000000000000000000, 0.000000000000000000 ) ) ;
#968 = DIRECTION ( 'NONE',  ( 0.000000000000000000, 1.000000000000000000, 0.000000000000000000 ) ) ;
#969 = ORIENTED_EDGE ( 'NONE', *, *, #1768, .F. ) ;
#970 = CARTESIAN_POINT ( 'NONE',  ( 6.375271415252609764, 119.9274249959753860, -116.0978319237460141 ) ) ;
#971 = FACE_BOUND ( 'NONE', #2632, .T. ) ;
#972 = CARTESIAN_POINT ( 'NONE',  ( 65.32788456065280513, 109.1075741078679897, -94.89198937370790077 ) ) ;
#973 = ORIENTED_EDGE ( 'NONE', *, *, #1252, .T. ) ;
#974 = VERTEX_POINT ( 'NONE', #2639 ) ;
#975 = CARTESIAN_POINT ( 'NONE',  ( 59.32990962504930366, 105.1075741078680039, -90.88895344183420377 ) ) ;
#976 = AXIS2_PLACEMENT_3D ( 'NONE', #442, #2104, #34 ) ;
#977 = CARTESIAN_POINT ( 'NONE',  ( 65.32788456065280513, 97.10757410786798971, -94.89198937370790077 ) ) ;
#978 = CARTESIAN_POINT ( 'NONE',  ( 26.85872481935244949, 133.3840542838009924, -96.87252138516619482 ) ) ;
#979 = VECTOR ( 'NONE', #2677, 1000.000000000000000 ) ;
#980 = CARTESIAN_POINT ( 'NONE',  ( 36.36791946442859569, 155.9732705979845093, -113.8959062393799968 ) ) ;
#981 = LINE ( 'NONE', #1566, #1431 ) ;
#982 = EDGE_CURVE ( 'NONE', #2139, #1490, #1593, .T. ) ;
#983 = DIRECTION ( 'NONE',  ( 0.9999998719445369888, 0.000000000000000000, -0.0005060740159288987369 ) ) ;
#984 = EDGE_LOOP ( 'NONE', ( #1406, #1448, #120, #2413 ) ) ;
#985 = CARTESIAN_POINT ( 'NONE',  ( 3.510016274589490060, 125.8941299843002213, -115.4820089718756009 ) ) ;
#986 = CARTESIAN_POINT ( 'NONE',  ( 12.17917595239793904, 133.2072775885044109, -110.8650942387443905 ) ) ;
#987 = ORIENTED_EDGE ( 'NONE', *, *, #1547, .T. ) ;
#988 = EDGE_LOOP ( 'NONE', ( #256, #447, #164, #650 ) ) ;
#989 = EDGE_CURVE ( 'NONE', #1472, #2209, #1563, .T. ) ;
#990 = CARTESIAN_POINT ( 'NONE',  ( 20.66825179516935407, 146.6423064310490076, -103.3693893795818042 ) ) ;
#991 = DIRECTION ( 'NONE',  ( 0.000000000000000000, -1.000000000000000000, 0.000000000000000000 ) ) ;
#992 = CARTESIAN_POINT ( 'NONE',  ( 40.77925363506400203, 94.10757410786798971, -92.87956569176800770 ) ) ;
#993 = ADVANCED_FACE ( 'NONE', ( #375 ), #2611, .F. ) ;
#994 = LINE ( 'NONE', #372, #2191 ) ;
#995 = VECTOR ( 'NONE', #2565, 1000.000000000000000 ) ;
#996 = CARTESIAN_POINT ( 'NONE',  ( 40.77925363506400203, 93.10757410786800392, -92.87956569176800770 ) ) ;
#997 = EDGE_CURVE ( 'NONE', #1745, #927, #1824, .T. ) ;
#998 = DIRECTION ( 'NONE',  ( -0.0005060740159290001098, 0.000000000000000000, -0.9999998719445370998 ) ) ;
#999 = CLOSED_SHELL ( 'NONE', ( #2004, #1817, #1043, #118, #266, #1183, #1795, #2430, #1871, #452, #822, #62, #2439, #2522, #600, #2547, #1468, #1460, #1231, #188, #1206, #2033, #1917, #2291, #1192, #622, #1055, #735, #1941, #2073, #243, #667, #231, #1694, #2001, #2510, #462, #340, #89, #2251, #2579, #1719, #1905, #1322, #1671, #712, #903, #1287, #1476, #2316, #29, #1246, #2180, #104, #2151, #198, #2675, #362, #1265, #1704, #993, #2442, #2203, #1320, #2525, #585, #2450, #2190, #1197, #474, #2216, #2392, #426, #609 ) ) ;
#1000 = ORIENTED_EDGE ( 'NONE', *, *, #945, .T. ) ;
#1001 = CARTESIAN_POINT ( 'NONE',  ( 3.724906509139600086, 141.5134306195486147, -114.3408494061639971 ) ) ;
#1002 = DIRECTION ( 'NONE',  ( -0.0005060740159290001098, 0.000000000000000000, -0.9999998719445370998 ) ) ;
#1003 = ORIENTED_EDGE ( 'NONE', *, *, #930, .T. ) ;
#1004 = VERTEX_POINT ( 'NONE', #737 ) ;
#1005 = DIRECTION ( 'NONE',  ( 0.0005060740159290001098, 0.000000000000000000, 0.9999998719445370998 ) ) ;
#1006 = EDGE_CURVE ( 'NONE', #2684, #264, #1471, .T. ) ;
#1007 = CIRCLE ( 'NONE', #1961, 8.999999999999998224 ) ;
#1008 = DIRECTION ( 'NONE',  ( -0.0005060740159290000014, 0.000000000000000000, -0.9999998719445369888 ) ) ;
#1009 = DIRECTION ( 'NONE',  ( -0.9999998719445368778, 0.000000000000000000, 0.0005060740159288985201 ) ) ;
#1010 = LINE ( 'NONE', #1427, #2644 ) ;
#1011 = CARTESIAN_POINT ( 'NONE',  ( 37.68038569931889725, 151.9570012364364970, -113.9681007980714043 ) ) ;
#1012 = CARTESIAN_POINT ( 'NONE',  ( 73.86166409729452198, 99.10757410786798971, -98.36077463605310811 ) ) ;
#1013 = ORIENTED_EDGE ( 'NONE', *, *, #561, .F. ) ;
#1014 = CARTESIAN_POINT ( 'NONE',  ( 4.380396137772405218, 143.1520887134332156, -114.2609283613785891 ) ) ;
#1015 = DIRECTION ( 'NONE',  ( -0.9999998719445370998, 0.000000000000000000, 0.0005060740159290001098 ) ) ;
#1016 = ORIENTED_EDGE ( 'NONE', *, *, #278, .F. ) ;
#1017 = VERTEX_POINT ( 'NONE', #1157 ) ;
#1018 = CARTESIAN_POINT ( 'NONE',  ( 35.83620286707042624, 133.3840542838009924, -141.3780703527133653 ) ) ;
#1019 = EDGE_CURVE ( 'NONE', #390, #483, #1362, .T. ) ;
#1020 = CARTESIAN_POINT ( 'NONE',  ( 13.42739680506529965, 110.6533163897260010, -117.2518982338498006 ) ) ;
#1021 = AXIS2_PLACEMENT_3D ( 'NONE', #410, #780, #1 ) ;
#1022 = CARTESIAN_POINT ( 'NONE',  ( 26.85564737361304921, 157.8840617293274988, -113.8725219511141944 ) ) ;
#1023 = AXIS2_PLACEMENT_3D ( 'NONE', #1911, #473, #1464 ) ;
#1024 = DIRECTION ( 'NONE',  ( -0.9999998719445369888, 0.000000000000000000, 0.0005060740159288559109 ) ) ;
#1025 = VECTOR ( 'NONE', #2404, 999.9999999999998863 ) ;
#1026 = CARTESIAN_POINT ( 'NONE',  ( 70.32434140226399677, 104.9661542961700036, -101.8945188473991976 ) ) ;
#1027 = DIRECTION ( 'NONE',  ( 1.000000000000000000, 0.000000000000000000, 0.000000000000000000 ) ) ;
#1028 = ORIENTED_EDGE ( 'NONE', *, *, #897, .T. ) ;
#1029 = CARTESIAN_POINT ( 'NONE',  ( 8.796117668868829398, 116.7997736623940170, -116.4596960784070063 ) ) ;
#1030 = LINE ( 'NONE', #972, #1577 ) ;
#1031 = VERTEX_POINT ( 'NONE', #332 ) ;
#1032 = EDGE_CURVE ( 'NONE', #1730, #1402, #1580, .T. ) ;
#1033 = EDGE_LOOP ( 'NONE', ( #2403, #932 ) ) ;
#1034 = CYLINDRICAL_SURFACE ( 'NONE', #2024, 4.999999999999996447 ) ;
#1035 = CYLINDRICAL_SURFACE ( 'NONE', #1902, 3.749999999999998224 ) ;
#1036 = CARTESIAN_POINT ( 'NONE',  ( 30.60899197590284970, 157.5939878073110094, -113.8766223244171982 ) ) ;
#1037 = LINE ( 'NONE', #590, #216 ) ;
#1038 = AXIS2_PLACEMENT_3D ( 'NONE', #356, #329, #936 ) ;
#1039 = CARTESIAN_POINT ( 'NONE',  ( 39.13547836497829735, 151.0490662041945029, -113.9906738903938077 ) ) ;
#1040 =( LENGTH_UNIT ( ) NAMED_UNIT ( * ) SI_UNIT ( .MILLI., .METRE. ) );
#1041 = ORIENTED_EDGE ( 'NONE', *, *, #2534, .F. ) ;
#1042 = APPROVAL ( #263, 'UNSPECIFIED' ) ;
#1043 = ADVANCED_FACE ( 'NONE', ( #1375 ), #2206, .T. ) ;
#1044 = EDGE_CURVE ( 'NONE', #2688, #1187, #210, .T. ) ;
#1045 = CARTESIAN_POINT ( 'NONE',  ( 7.077153266125329800, 141.8274453709649947, -114.3272102837856039 ) ) ;
#1046 = ORIENTED_EDGE ( 'NONE', *, *, #278, .T. ) ;
#1047 = CARTESIAN_POINT ( 'NONE',  ( 65.81966774654030417, 125.3171351907877948, -115.5633715207573999 ) ) ;
#1048 = EDGE_LOOP ( 'NONE', ( #144, #1499 ) ) ;
#1049 = CARTESIAN_POINT ( 'NONE',  ( 77.32434050587580998, 99.10757410786798971, -101.8980613655107987 ) ) ;
#1050 = B_SPLINE_SURFACE_WITH_KNOTS ( 'NONE', 3, 1, ( 
 ( #876, #673 ),
 ( #1501, #2126 ),
 ( #1094, #1919 ),
 ( #58, #769 ) ),
 .UNSPECIFIED., .F., .F., .F.,
 ( 4, 4 ),
 ( 2, 2 ),
 ( 0.000000000000000000, 1.000000000000000000 ),
 ( 0.000000000000000000, 1.026119999999999921 ),
 .UNSPECIFIED. ) ;
#1051 = DIRECTION ( 'NONE',  ( 0.0005060740159290001098, 0.000000000000000000, 0.9999998719445370998 ) ) ;
#1052 = DIRECTION ( 'NONE',  ( 0.0005060740159289198788, 0.000000000000000000, 0.9999998719445370998 ) ) ;
#1053 = CARTESIAN_POINT ( 'NONE',  ( 23.38112306154024722, 154.6140596796520015, -113.9087162519745959 ) ) ;
#1054 = FACE_OUTER_BOUND ( 'NONE', #2458, .T. ) ;
#1055 = ADVANCED_FACE ( 'NONE', ( #425, #2491 ), #2681, .F. ) ;
#1056 = EDGE_LOOP ( 'NONE', ( #422, #1573, #2254, #2418 ) ) ;
#1057 = CARTESIAN_POINT ( 'NONE',  ( 7.432603924949809482, 142.6508068120093924, -114.2857553860529976 ) ) ;
#1058 = ORIENTED_EDGE ( 'NONE', *, *, #679, .T. ) ;
#1059 = CARTESIAN_POINT ( 'NONE',  ( 7.172327287069069968, 97.10757410786798971, -47.38062985882509537 ) ) ;
#1060 = ORIENTED_EDGE ( 'NONE', *, *, #477, .F. ) ;
#1061 = CARTESIAN_POINT ( 'NONE',  ( 77.32434050587580998, 99.10757410786798971, -101.8980613655107987 ) ) ;
#1062 = DIRECTION ( 'NONE',  ( 0.6485727404272588759, -0.7611526079850639004, -0.0003282258534012134346 ) ) ;
#1063 = CARTESIAN_POINT ( 'NONE',  ( 75.31625795749306462, 106.5294848276790134, -117.8686328281198996 ) ) ;
#1064 = CARTESIAN_POINT ( 'NONE',  ( 75.32434076198670425, 99.10757410786798971, -101.8970492174790081 ) ) ;
#1065 = TOROIDAL_SURFACE ( 'NONE', #1886, 45.50000000000000000, 3.000000000000000000 ) ;
#1066 = EDGE_CURVE ( 'NONE', #538, #1004, #1037, .T. ) ;
#1067 = VERTEX_POINT ( 'NONE', #2076 ) ;
#1068 = EDGE_CURVE ( 'NONE', #1870, #48, #809, .T. ) ;
#1069 = FACE_OUTER_BOUND ( 'NONE', #1993, .T. ) ;
#1070 = CARTESIAN_POINT ( 'NONE',  ( 5.359152643455389331, 132.4293748359630172, -114.9238231322713943 ) ) ;
#1071 = VERTEX_POINT ( 'NONE', #14 ) ;
#1072 = CARTESIAN_POINT ( 'NONE',  ( 43.45956949040709816, 150.0406871151479891, -98.83388072778829780 ) ) ;
#1073 = ORIENTED_EDGE ( 'NONE', *, *, #1782, .T. ) ;
#1074 = DIRECTION ( 'NONE',  ( -0.000000000000000000, -1.000000000000000000, -0.000000000000000000 ) ) ;
#1075 = CARTESIAN_POINT ( 'NONE',  ( 59.32788532898560163, 97.10757410786798971, -94.88895292961230155 ) ) ;
#1076 = CARTESIAN_POINT ( 'NONE',  ( 20.51076647812864806, 107.3287938330765598, -117.7267785912167142 ) ) ;
#1077 = EDGE_CURVE ( 'NONE', #731, #1435, #305, .T. ) ;
#1078 = CARTESIAN_POINT ( 'NONE',  ( 74.22603704412139791, 112.2780461925100894, -117.0637362695041190 ) ) ;
#1079 = ORIENTED_EDGE ( 'NONE', *, *, #1181, .F. ) ;
#1080 = EDGE_CURVE ( 'NONE', #2605, #804, #174, .T. ) ;
#1081 = CARTESIAN_POINT ( 'NONE',  ( 77.32434050587580998, 97.10757410786798971, -101.8980613655107987 ) ) ;
#1082 = AXIS2_PLACEMENT_3D ( 'NONE', #2229, #1008, #2013 ) ;
#1083 = ORIENTED_EDGE ( 'NONE', *, *, #1908, .F. ) ;
#1084 = CARTESIAN_POINT ( 'NONE',  ( 43.11825379170108619, 149.7244698896019202, -98.36198476288633685 ) ) ;
#1085 = AXIS2_PLACEMENT_3D ( 'NONE', #1633, #2077, #592 ) ;
#1086 = ORIENTED_EDGE ( 'NONE', *, *, #1782, .F. ) ;
#1087 = CARTESIAN_POINT ( 'NONE',  ( 19.64728417118365300, 104.6075741078680039, -96.86887186196941002 ) ) ;
#1088 = EDGE_CURVE ( 'NONE', #1981, #334, #2, .T. ) ;
#1089 = LINE ( 'NONE', #1877, #1836 ) ;
#1090 = CARTESIAN_POINT ( 'NONE',  ( 12.43939451133912222, 99.30427690506958527, -118.9872765065512823 ) ) ;
#1091 = PERSON_AND_ORGANIZATION ( #1532, #1497 ) ;
#1092 = CARTESIAN_POINT ( 'NONE',  ( 48.02925270666190016, 97.10757410786798971, -92.88323472838349915 ) ) ;
#1093 = AXIS2_PLACEMENT_3D ( 'NONE', #239, #1932, #2562 ) ;
#1094 = CARTESIAN_POINT ( 'NONE',  ( 21.67176683886719957, 105.9055917992887998, -119.4208992879533895 ) ) ;
#1095 = ORIENTED_EDGE ( 'NONE', *, *, #316, .T. ) ;
#1096 = FACE_OUTER_BOUND ( 'NONE', #2424, .T. ) ;
#1097 = VECTOR ( 'NONE', #2687, 999.9999999999998863 ) ;
#1098 = EDGE_LOOP ( 'NONE', ( #1733, #9 ) ) ;
#1099 = CYLINDRICAL_SURFACE ( 'NONE', #1242, 1.299999999999997602 ) ;
#1100 = EDGE_CURVE ( 'NONE', #1259, #390, #565, .T. ) ;
#1101 = CARTESIAN_POINT ( 'NONE',  ( 17.81125678576680116, 156.1689845257895115, -113.8841261225565944 ) ) ;
#1102 = DIRECTION ( 'NONE',  ( 0.9999998719445370998, 0.000000000000000000, -0.0005060740159290001098 ) ) ;
#1103 = DATE_TIME_ROLE ( 'classification_date' ) ;
#1104 = CARTESIAN_POINT ( 'NONE',  ( 40.77621719096844544, 93.10757410786800392, -98.87956492343519699 ) ) ;
#1105 = EDGE_CURVE ( 'NONE', #2498, #1948, #2086, .T. ) ;
#1106 = LINE ( 'NONE', #695, #2267 ) ;
#1107 = VECTOR ( 'NONE', #551, 999.9999999999998863 ) ;
#1108 = CIRCLE ( 'NONE', #2284, 1.499999999999999334 ) ;
#1109 = ORIENTED_EDGE ( 'NONE', *, *, #866, .T. ) ;
#1110 = ORIENTED_EDGE ( 'NONE', *, *, #224, .F. ) ;
#1111 = LINE ( 'NONE', #76, #995 ) ;
#1112 = CARTESIAN_POINT ( 'NONE',  ( 59.33598251324050210, 97.10757410786798971, -78.88895497849981098 ) ) ;
#1113 = EDGE_LOOP ( 'NONE', ( #456, #2601, #1791, #482 ) ) ;
#1114 = B_SPLINE_CURVE_WITH_KNOTS ( 'NONE', 3,
 ( #1332, #2173, #1734, #2161, #1315, #1372, #1531, #1576, #2142, #2186 ),
 .UNSPECIFIED., .F., .F.,
 ( 4, 2, 2, 2, 4 ),
 ( 0.000000000000000000, 0.1245181916179563114, 0.2490363832359126228, 0.3735545748538689481, 0.4980727664718252456 ),
 .UNSPECIFIED. ) ;
#1115 = CARTESIAN_POINT ( 'NONE',  ( 5.954296199259149880, 128.2698515085919837, -115.2663949317710035 ) ) ;
#1116 = DIRECTION ( 'NONE',  ( -0.0005060740159290001098, 0.000000000000000000, -0.9999998719445370998 ) ) ;
#1117 = DIRECTION ( 'NONE',  ( 0.7071066906376605177, -0.7071067811865482389, -0.0003578483684457675683 ) ) ;
#1118 = LINE ( 'NONE', #2496, #1153 ) ;
#1119 = DIRECTION ( 'NONE',  ( 0.0005060740159290001098, 0.000000000000000000, 0.9999998719445370998 ) ) ;
#1120 = CARTESIAN_POINT ( 'NONE',  ( 40.77925363506400203, 94.60757410786798971, -92.87956569176800770 ) ) ;
#1121 = EDGE_LOOP ( 'NONE', ( #1450, #238, #2335, #1086 ) ) ;
#1122 = ORIENTED_EDGE ( 'NONE', *, *, #255, .T. ) ;
#1123 = CARTESIAN_POINT ( 'NONE',  ( 66.48384821413227996, 100.7693530671135278, -118.7511729392908961 ) ) ;
#1124 = DIRECTION ( 'NONE',  ( -0.000000000000000000, 1.000000000000000000, -0.000000000000000000 ) ) ;
#1125 = ORIENTED_EDGE ( 'NONE', *, *, #221, .T. ) ;
#1126 = AXIS2_PLACEMENT_3D ( 'NONE', #1414, #2099, #1455 ) ;
#1127 = ORIENTED_EDGE ( 'NONE', *, *, #696, .T. ) ;
#1128 = DIRECTION ( 'NONE',  ( -0.7160406874679505762, 0.6980584521217934046, 0.0003623696326788787688 ) ) ;
#1129 = CARTESIAN_POINT ( 'NONE',  ( 18.02447367801257272, 111.0961561494058714, -117.1946527038213617 ) ) ;
#1130 = CARTESIAN_POINT ( 'NONE',  ( 27.02841645578885021, 148.0565199934219720, -110.8726090544817851 ) ) ;
#1131 = CARTESIAN_POINT ( 'NONE',  ( 8.195433934710871782, 144.0732637088898116, -114.2206226246701988 ) ) ;
#1132 = DIRECTION ( 'NONE',  ( -0.000000000000000000, 1.000000000000000000, 0.000000000000000000 ) ) ;
#1133 = EDGE_CURVE ( 'NONE', #1760, #2376, #2302, .T. ) ;
#1134 = EDGE_LOOP ( 'NONE', ( #698, #552, #730, #890, #200, #1286 ) ) ;
#1135 = AXIS2_PLACEMENT_3D ( 'NONE', #505, #68, #1117 ) ;
#1136 = VECTOR ( 'NONE', #351, 1000.000000000000000 ) ;
#1137 = LINE ( 'NONE', #282, #2472 ) ;
#1138 = CYLINDRICAL_SURFACE ( 'NONE', #2642, 21.50000000000000355 ) ;
#1139 = ORIENTED_EDGE ( 'NONE', *, *, #77, .F. ) ;
#1140 = EDGE_LOOP ( 'NONE', ( #2125, #2674, #2299, #1191 ) ) ;
#1141 = DIRECTION ( 'NONE',  ( -0.0005060740159290001098, 0.000000000000000000, -0.9999998719445370998 ) ) ;
#1142 = FACE_OUTER_BOUND ( 'NONE', #515, .T. ) ;
#1143 = DIRECTION ( 'NONE',  ( -0.9999998719445370998, 0.000000000000000000, 0.0005060740159280721412 ) ) ;
#1144 = CARTESIAN_POINT ( 'NONE',  ( 47.53830603940049571, 105.6301131222290053, -103.3829876175826001 ) ) ;
#1145 = CARTESIAN_POINT ( 'NONE',  ( 40.77925363506400203, 94.10757410786798971, -92.87956569176800770 ) ) ;
#1146 = EDGE_CURVE ( 'NONE', #1407, #1071, #1010, .T. ) ;
#1147 = ORIENTED_EDGE ( 'NONE', *, *, #2032, .T. ) ;
#1148 = CARTESIAN_POINT ( 'NONE',  ( 64.26848927577279369, 115.0582722428645752, -116.6995536881757118 ) ) ;
#1149 = AXIS2_PLACEMENT_3D ( 'NONE', #2465, #605, #1216 ) ;
#1150 = CARTESIAN_POINT ( 'NONE',  ( 26.90678355367300156, 133.3840542838009924, -1.908688717053894868 ) ) ;
#1151 = ORIENTED_EDGE ( 'NONE', *, *, #349, .T. ) ;
#1152 = ORIENTED_EDGE ( 'NONE', *, *, #1252, .F. ) ;
#1153 = VECTOR ( 'NONE', #2281, 999.9999999999998863 ) ;
#1154 = CARTESIAN_POINT ( 'NONE',  ( 33.52925456346610389, 93.10757410786800392, -92.87589665515248782 ) ) ;
#1155 = LINE ( 'NONE', #1578, #2208 ) ;
#1156 = FACE_OUTER_BOUND ( 'NONE', #1830, .T. ) ;
#1157 = CARTESIAN_POINT ( 'NONE',  ( 17.14728449132230281, 97.10757410786798971, -96.86760667692951188 ) ) ;
#1158 = LINE ( 'NONE', #1963, #2147 ) ;
#1159 = ORIENTED_EDGE ( 'NONE', *, *, #1275, .T. ) ;
#1160 = B_SPLINE_CURVE_WITH_KNOTS ( 'NONE', 3,
 ( #1856, #1245, #835, #2451, #1039, #1657, #1011, #412, #183, #1869, #2060, #2667, #3, #2247, #1879, #2492, #1829, #2654, #1429, #2089, #1645, #196, #1457, #211, #2292, #427, #1256, #225, #1053, #171, #388, #824, #15, #619, #1229, #1401, #797, #2478, #1607, #1619, #2232, #2464, #2438, #578, #1416, #1215 ),
 .UNSPECIFIED., .F., .F.,
 ( 4, 3, 3, 3, 3, 3, 3, 3, 3, 3, 3, 3, 3, 3, 3, 4 ),
 ( -6.833706474166380218, -6.536571642756499934, -6.278647444284140455, -6.137297802873780128, -5.917066106551160054, -5.694879165817329891, -5.472692225083499729, -5.266737296387740130, -5.060966714434739444, -4.863271043653959680, -4.651774917437149881, -4.429670417128940052, -4.207565916820719565, -3.955473154920079892, -3.684872157006390037, -3.421427825517758148 ),
 .UNSPECIFIED. ) ;
#1161 = CARTESIAN_POINT ( 'NONE',  ( 5.416123822646720321, 121.4844784718439996, -115.9268887383904030 ) ) ;
#1162 = LINE ( 'NONE', #1991, #2312 ) ;
#1163 = CARTESIAN_POINT ( 'NONE',  ( 9.395280699295696536, 97.10757410786798971, -100.0769643633076100 ) ) ;
#1164 = ORIENTED_EDGE ( 'NONE', *, *, #1485, .T. ) ;
#1165 = VERTEX_POINT ( 'NONE', #2477 ) ;
#1166 = CARTESIAN_POINT ( 'NONE',  ( 44.52925315485601487, 94.60757410786798971, -92.88146346932774122 ) ) ;
#1167 = DIRECTION ( 'NONE',  ( -0.9999998719445369888, 0.000000000000000000, 0.0005060740159305394600 ) ) ;
#1168 = B_SPLINE_CURVE_WITH_KNOTS ( 'NONE', 3,
 ( #686, #47, #2550, #898 ),
 .UNSPECIFIED., .F., .F.,
 ( 4, 4 ),
 ( -0.7747329325334150196, -0.7601080306107230733 ),
 .UNSPECIFIED. ) ;
#1169 = DIRECTION ( 'NONE',  ( -0.6485727404272584318, 0.7611526079850644555, 0.0003282258534012132719 ) ) ;
#1170 = CARTESIAN_POINT ( 'NONE',  ( 48.83830587292839454, 105.6301131222290053, -103.3836455138033159 ) ) ;
#1171 = DIRECTION ( 'NONE',  ( -0.000000000000000000, -1.000000000000000000, -0.000000000000000000 ) ) ;
#1172 = EDGE_LOOP ( 'NONE', ( #1395, #784, #186, #124 ) ) ;
#1173 = B_SPLINE_CURVE_WITH_KNOTS ( 'NONE', 3,
 ( #2245, #1454, #1212, #1201, #2274, #2289, #2030, #155, #832, #807, #2075, #980, #1631, #1813, #2448, #1425, #1643, #209, #2260, #2461, #588, #1036, #576, #2014, #602, #397, #169, #2058, #1022, #1854, #820, #2476, #2350, #2111, #1888, #643, #2132, #2339, #235, #272, #1695, #27, #2531, #2303, #1101, #1924, #67, #894, #13, #475, #449, #2098, #1506, #53, #250, #1279, #1465, #437, #845, #692, #1912 ),
 .UNSPECIFIED., .F., .F.,
 ( 4, 3, 3, 3, 3, 3, 3, 3, 3, 3, 3, 3, 3, 3, 3, 3, 3, 3, 3, 3, 4 ),
 ( -7.787441209982779888, -7.470782573620839528, -7.194658581962509736, -6.995002484857690384, -6.759843047950940154, -6.528409953214119987, -6.301822560537369888, -6.237205999600219819, -6.017273748863470217, -5.860814521358049589, -5.857497909141730297, -5.637803638504459869, -5.542211133631480102, -5.316373687328139752, -5.087577109648609763, -4.854226505920220092, -4.794647823684809573, -4.525654485320229625, -4.239411820112659157, -3.914545378083519989, -3.899137642120728664 ),
 .UNSPECIFIED. ) ;
#1174 = CARTESIAN_POINT ( 'NONE',  ( 6.340017997602410027, 119.9812200286904016, -116.0918397899688017 ) ) ;
#1175 = DIRECTION ( 'NONE',  ( -0.7160406874679666744, 0.6980584521217769733, 0.0003623696326786434428 ) ) ;
#1176 = CARTESIAN_POINT ( 'NONE',  ( 20.66825179516935407, 146.6423064310490076, -103.3693893795818042 ) ) ;
#1177 = ORIENTED_EDGE ( 'NONE', *, *, #723, .F. ) ;
#1178 = EDGE_LOOP ( 'NONE', ( #445, #1046, #1139, #2429 ) ) ;
#1179 = AXIS2_PLACEMENT_3D ( 'NONE', #2421, #937, #1349 ) ;
#1180 = FACE_BOUND ( 'NONE', #74, .T. ) ;
#1181 = EDGE_CURVE ( 'NONE', #408, #2066, #833, .T. ) ;
#1182 = DIRECTION ( 'NONE',  ( 0.9999998719445369888, 0.000000000000000000, -0.0005060740159306824663 ) ) ;
#1183 = ADVANCED_FACE ( 'NONE', ( #1443 ), #2449, .T. ) ;
#1184 = CARTESIAN_POINT ( 'NONE',  ( 47.53830603940049571, 105.6301131222290053, -103.3829876175826001 ) ) ;
#1185 = DIRECTION ( 'NONE',  ( -0.0005060740159290000014, 0.000000000000000000, -0.9999998719445369888 ) ) ;
#1186 = DIRECTION ( 'NONE',  ( 0.0005060740159290000014, -0.000000000000000000, 0.9999998719445369888 ) ) ;
#1187 = VERTEX_POINT ( 'NONE', #2290 ) ;
#1188 = EDGE_CURVE ( 'NONE', #557, #1276, #644, .T. ) ;
#1189 = CARTESIAN_POINT ( 'NONE',  ( 2.360210469595115157, 134.1096928234763936, -114.7982354125738027 ) ) ;
#1190 = DIRECTION ( 'NONE',  ( -0.9999998719445369888, -0.000000000000000000, 0.0005060740159290000014 ) ) ;
#1191 = ORIENTED_EDGE ( 'NONE', *, *, #989, .F. ) ;
#1192 = ADVANCED_FACE ( 'NONE', ( #1466 ), #195, .T. ) ;
#1193 = EDGE_LOOP ( 'NONE', ( #325, #2590, #1897, #1177 ) ) ;
#1194 = CARTESIAN_POINT ( 'NONE',  ( 16.11100958975792707, 104.6075741078680039, -98.33154852666145018 ) ) ;
#1195 = LOCAL_TIME ( 12, 21, 31.00000000000000000, #1711 ) ;
#1196 = B_SPLINE_SURFACE_WITH_KNOTS ( 'NONE', 2, 1, ( 
 ( #871, #2504 ),
 ( #883, #1722 ),
 ( #2328, #2516 ) ),
 .UNSPECIFIED., .F., .F., .F.,
 ( 3, 3 ),
 ( 2, 2 ),
 ( 0.000000000000000000, 1.000000000000000000 ),
 ( 0.000000000000000000, 1.026119999999999921 ),
 .UNSPECIFIED. ) ;
#1197 = ADVANCED_FACE ( 'NONE', ( #1267 ), #1739, .T. ) ;
#1198 = CARTESIAN_POINT ( 'NONE',  ( 50.32434396337320237, 104.9661542961700036, -101.8843973670806093 ) ) ;
#1199 = CARTESIAN_POINT ( 'NONE',  ( 12.53182692926473862, 112.4153947221177958, -117.0143683692794099 ) ) ;
#1200 = AXIS2_PLACEMENT_3D ( 'NONE', #677, #2120, #2690 ) ;
#1201 = CARTESIAN_POINT ( 'NONE',  ( 41.80210563064019880, 152.7924793722480103, -113.9517328194205987 ) ) ;
#1202 = DIRECTION ( 'NONE',  ( 0.000000000000000000, 1.000000000000000000, 0.000000000000000000 ) ) ;
#1203 = LINE ( 'NONE', #631, #613 ) ;
#1204 = ORIENTED_EDGE ( 'NONE', *, *, #509, .T. ) ;
#1205 = CARTESIAN_POINT ( 'NONE',  ( 2.753886932081719863, 137.8772741132756039, -114.5462257167979914 ) ) ;
#1206 = ADVANCED_FACE ( 'NONE', ( #2462 ), #1214, .F. ) ;
#1207 = LINE ( 'NONE', #802, #2136 ) ;
#1208 = VERTEX_POINT ( 'NONE', #251 ) ;
#1209 = ORIENTED_EDGE ( 'NONE', *, *, #221, .F. ) ;
#1210 = CARTESIAN_POINT ( 'NONE',  ( -7.716679413958699385, 101.1075741078680039, -82.85502187647610128 ) ) ;
#1211 = CARTESIAN_POINT ( 'NONE',  ( 55.90557722418552800, 112.7011809340946087, -110.8872230370719052 ) ) ;
#1212 = CARTESIAN_POINT ( 'NONE',  ( 42.63552881102205561, 152.1504151096199848, -113.9656098982683972 ) ) ;
#1213 = CIRCLE ( 'NONE', #2124, 1.499999999999999334 ) ;
#1214 = PLANE ( 'NONE',  #184 ) ;
#1215 = CARTESIAN_POINT ( 'NONE',  ( 11.45515057385605751, 148.3923110044389091, -114.0548321367483595 ) ) ;
#1216 = DIRECTION ( 'NONE',  ( 0.9999998719445369888, 0.000000000000000000, -0.0005060740159296142019 ) ) ;
#1217 = AXIS2_PLACEMENT_3D ( 'NONE', #1814, #1389, #1973 ) ;
#1218 = ORIENTED_EDGE ( 'NONE', *, *, #2640, .T. ) ;
#1219 = EDGE_CURVE ( 'NONE', #334, #382, #680, .T. ) ;
#1220 = CARTESIAN_POINT ( 'NONE',  ( 2.339432219960984938, 133.1837764742259935, -114.8652731750227929 ) ) ;
#1221 = CARTESIAN_POINT ( 'NONE',  ( 7.147285771876930482, 104.6075741078680039, -96.86254593677028879 ) ) ;
#1222 = ORIENTED_EDGE ( 'NONE', *, *, #1868, .F. ) ;
#1223 = ORIENTED_EDGE ( 'NONE', *, *, #747, .T. ) ;
#1224 = CARTESIAN_POINT ( 'NONE',  ( 12.43939451133912222, 99.30427690506958527, -118.9872765065512823 ) ) ;
#1225 = VECTOR ( 'NONE', #1241, 999.9999999999998863 ) ;
#1226 = CARTESIAN_POINT ( 'NONE',  ( 9.970754550706390162, 115.6250087465760004, -116.6035464376571866 ) ) ;
#1227 = DIRECTION ( 'NONE',  ( 0.7074645390061056194, 0.000000000000000000, 0.7067488422692168593 ) ) ;
#1228 = CARTESIAN_POINT ( 'NONE',  ( 33.52925456346610389, 93.10757410786800392, -92.87589665515248782 ) ) ;
#1229 = CARTESIAN_POINT ( 'NONE',  ( 19.17611908267250342, 153.4814523157919837, -113.9264090019782003 ) ) ;
#1230 = AXIS2_PLACEMENT_3D ( 'NONE', #1221, #2007, #2468 ) ;
#1231 = ADVANCED_FACE ( 'NONE', ( #1534 ), #638, .T. ) ;
#1232 = ORIENTED_EDGE ( 'NONE', *, *, #318, .T. ) ;
#1233 = CARTESIAN_POINT ( 'NONE',  ( 6.974573777370520311, 119.0207282081353952, -116.1990322685965964 ) ) ;
#1234 = DIRECTION ( 'NONE',  ( -0.0005060740159296142019, 0.000000000000000000, -0.9999998719445369888 ) ) ;
#1235 = EDGE_LOOP ( 'NONE', ( #1311, #1436, #598, #18 ) ) ;
#1236 = VERTEX_POINT ( 'NONE', #1481 ) ;
#1237 = FACE_OUTER_BOUND ( 'NONE', #2270, .T. ) ;
#1238 = DIRECTION ( 'NONE',  ( -8.881783059640259680E-16, -1.000000000000000000, 4.494840197191149366E-19 ) ) ;
#1239 = VECTOR ( 'NONE', #1119, 999.9999999999998863 ) ;
#1240 = CC_DESIGN_PERSON_AND_ORGANIZATION_ASSIGNMENT ( #1753, #2341, ( #2071 ) ) ;
#1241 = DIRECTION ( 'NONE',  ( -0.0005060740159290001098, 0.000000000000000000, -0.9999998719445370998 ) ) ;
#1242 = AXIS2_PLACEMENT_3D ( 'NONE', #893, #2314, #844 ) ;
#1243 = CARTESIAN_POINT ( 'NONE',  ( -7.720728006086129191, 105.1075741078680039, -90.85502085203241052 ) ) ;
#1244 = EDGE_CURVE ( 'NONE', #2643, #2606, #1610, .T. ) ;
#1245 = CARTESIAN_POINT ( 'NONE',  ( 41.35270801177885147, 149.2869760397460084, -114.0409560679789962 ) ) ;
#1246 = ADVANCED_FACE ( 'NONE', ( #1292 ), #28, .F. ) ;
#1247 = DIRECTION ( 'NONE',  ( -0.9999998719445369888, 0.000000000000000000, 0.0005060740159249882365 ) ) ;
#1248 = CARTESIAN_POINT ( 'NONE',  ( 6.535153524521739143, 140.4600169001139989, -114.3982988533211937 ) ) ;
#1249 = ORIENTED_EDGE ( 'NONE', *, *, #276, .T. ) ;
#1250 = DIRECTION ( 'NONE',  ( -0.9999998719445370998, 0.000000000000000000, 0.0005060740159288560193 ) ) ;
#1251 = CARTESIAN_POINT ( 'NONE',  ( 56.00435500837309633, 119.0651419647734031, -141.3882769317683881 ) ) ;
#1252 = EDGE_CURVE ( 'NONE', #2025, #178, #1833, .T. ) ;
#1253 = CARTESIAN_POINT ( 'NONE',  ( 77.32434050587580998, 99.10757410786798971, -101.8980613655107987 ) ) ;
#1254 = DIRECTION ( 'NONE',  ( -0.0005060740159290001098, 0.000000000000000000, -0.9999998719445370998 ) ) ;
#1255 = AXIS2_PLACEMENT_3D ( 'NONE', #122, #2374, #2183 ) ;
#1256 = CARTESIAN_POINT ( 'NONE',  ( 24.73365208401294879, 154.7897741527360154, -113.9066276939224025 ) ) ;
#1257 = CARTESIAN_POINT ( 'NONE',  ( 56.01979077193300327, 119.0651419647734031, -110.8872808375880084 ) ) ;
#1258 = VECTOR ( 'NONE', #2189, 999.9999999999998863 ) ;
#1259 = VERTEX_POINT ( 'NONE', #1889 ) ;
#1260 = CARTESIAN_POINT ( 'NONE',  ( 9.591219822827270036, 146.2053193369874009, -114.1323274076082015 ) ) ;
#1261 = ORIENTED_EDGE ( 'NONE', *, *, #1781, .F. ) ;
#1262 = CARTESIAN_POINT ( 'NONE',  ( 43.10599100603623413, 149.7131085448012016, -98.34520998598961228 ) ) ;
#1263 = ORIENTED_EDGE ( 'NONE', *, *, #627, .T. ) ;
#1264 = DIRECTION ( 'NONE',  ( 0.9999998719445369888, 0.000000000000000000, -0.0005060740159306824663 ) ) ;
#1265 = ADVANCED_FACE ( 'NONE', ( #261 ), #872, .F. ) ;
#1266 = FACE_OUTER_BOUND ( 'NONE', #1881, .T. ) ;
#1267 = FACE_OUTER_BOUND ( 'NONE', #1134, .T. ) ;
#1268 = AXIS2_PLACEMENT_3D ( 'NONE', #2433, #2597, #1397 ) ;
#1269 = CARTESIAN_POINT ( 'NONE',  ( 72.77537374641890722, 97.10757410786800392, -97.32606777852724633 ) ) ;
#1270 = VERTEX_POINT ( 'NONE', #1696 ) ;
#1271 = DIRECTION ( 'NONE',  ( 0.9999998719445369888, 0.000000000000000000, -0.0005060740159306824663 ) ) ;
#1272 = DIRECTION ( 'NONE',  ( -0.000000000000000000, 1.000000000000000000, -0.000000000000000000 ) ) ;
#1273 = ORIENTED_EDGE ( 'NONE', *, *, #2159, .F. ) ;
#1274 = DIRECTION ( 'NONE',  ( 0.000000000000000000, -1.000000000000000000, 0.000000000000000000 ) ) ;
#1275 = EDGE_CURVE ( 'NONE', #2629, #1598, #1940, .T. ) ;
#1276 = VERTEX_POINT ( 'NONE', #1090 ) ;
#1277 = FACE_OUTER_BOUND ( 'NONE', #1666, .T. ) ;
#1278 = EDGE_CURVE ( 'NONE', #639, #663, #548, .T. ) ;
#1279 = CARTESIAN_POINT ( 'NONE',  ( 10.98443882327105925, 152.0841718136479983, -113.9510682658722089 ) ) ;
#1280 = DIRECTION ( 'NONE',  ( -0.0005060740159290001098, 0.000000000000000000, -0.9999998719445370998 ) ) ;
#1281 = CARTESIAN_POINT ( 'NONE',  ( 75.31613692799120940, 104.9661542961700036, -118.1077865537589986 ) ) ;
#1282 = PERSON_AND_ORGANIZATION_ROLE ( 'design_supplier' ) ;
#1283 = VECTOR ( 'NONE', #2263, 999.9999999999998863 ) ;
#1284 = CYLINDRICAL_SURFACE ( 'NONE', #2626, 1.299999999999997602 ) ;
#1285 = CARTESIAN_POINT ( 'NONE',  ( 47.53451048428100023, 105.6301131222290053, -110.8829866571665974 ) ) ;
#1286 = ORIENTED_EDGE ( 'NONE', *, *, #897, .F. ) ;
#1287 = ADVANCED_FACE ( 'NONE', ( #2636 ), #964, .F. ) ;
#1288 = CARTESIAN_POINT ( 'NONE',  ( 13.59718488879274112, 139.5712386191834185, -103.3658108958972122 ) ) ;
#1289 = ORIENTED_EDGE ( 'NONE', *, *, #145, .F. ) ;
#1290 = DIRECTION ( 'NONE',  ( -0.7160406874679667855, 0.6980584521217766403, 0.0003623696326788838646 ) ) ;
#1291 = FACE_OUTER_BOUND ( 'NONE', #1172, .T. ) ;
#1292 = FACE_OUTER_BOUND ( 'NONE', #496, .T. ) ;
#1293 = B_SPLINE_CURVE_WITH_KNOTS ( 'NONE', 2,
 ( #2583, #2012, #153 ),
 .UNSPECIFIED., .F., .F.,
 ( 3, 3 ),
 ( 0.000000000000000000, 1.000000000000000000 ),
 .UNSPECIFIED. ) ;
#1294 = CARTESIAN_POINT ( 'NONE',  ( 73.88385735756219219, 113.3090346630471288, -116.9284946834202401 ) ) ;
#1295 = EDGE_LOOP ( 'NONE', ( #267, #1512 ) ) ;
#1296 = CARTESIAN_POINT ( 'NONE',  ( 27.02841645578885021, 148.0565199934219720, -110.8726090544817851 ) ) ;
#1297 = EDGE_CURVE ( 'NONE', #2643, #1624, #1796, .T. ) ;
#1298 = ORIENTED_EDGE ( 'NONE', *, *, #1810, .F. ) ;
#1299 = EDGE_CURVE ( 'NONE', #1067, #881, #2655, .T. ) ;
#1300 = CARTESIAN_POINT ( 'NONE',  ( 50.81027721578029599, 142.9239135323694256, -114.2129586633083989 ) ) ;
#1301 = VECTOR ( 'NONE', #2371, 1000.000000000000000 ) ;
#1302 = ORIENTED_EDGE ( 'NONE', *, *, #1066, .F. ) ;
#1303 = PLANE ( 'NONE',  #2495 ) ;
#1304 = LINE ( 'NONE', #1075, #792 ) ;
#1305 = CARTESIAN_POINT ( 'NONE',  ( 80.11548385204159217, 97.10757410786798971, -119.3994761317847946 ) ) ;
#1306 = DIRECTION ( 'NONE',  ( -0.0005060740159290000014, 0.000000000000000000, -0.9999998719445369888 ) ) ;
#1307 = AXIS2_PLACEMENT_3D ( 'NONE', #1374, #910, #1985 ) ;
#1308 = CARTESIAN_POINT ( 'NONE',  ( 70.29256132717905814, 120.0701163500570203, -116.1126267381776671 ) ) ;
#1309 = EDGE_CURVE ( 'NONE', #744, #264, #99, .T. ) ;
#1310 = ORIENTED_EDGE ( 'NONE', *, *, #516, .T. ) ;
#1311 = ORIENTED_EDGE ( 'NONE', *, *, #1968, .F. ) ;
#1312 = CARTESIAN_POINT ( 'NONE',  ( 75.74555340269988335, 97.84914100844963514, -119.2681151703728375 ) ) ;
#1313 = CIRCLE ( 'NONE', #1230, 12.50000000000000711 ) ;
#1314 = ORIENTED_EDGE ( 'NONE', *, *, #1806, .T. ) ;
#1315 = CARTESIAN_POINT ( 'NONE',  ( 9.556075760688770515, 97.49169360484873437, -119.2966431212244771 ) ) ;
#1316 = FACE_BOUND ( 'NONE', #2082, .T. ) ;
#1317 = CARTESIAN_POINT ( 'NONE',  ( 42.38227555161275006, 149.0422958210971842, -97.53186311660047636 ) ) ;
#1318 = CC_DESIGN_PERSON_AND_ORGANIZATION_ASSIGNMENT ( #1929, #671, ( #227 ) ) ;
#1319 = FACE_OUTER_BOUND ( 'NONE', #91, .T. ) ;
#1320 = ADVANCED_FACE ( 'NONE', ( #1142 ), #1752, .T. ) ;
#1321 = CARTESIAN_POINT ( 'NONE',  ( 66.29301016204628638, 97.10757410786798971, -163.8038898041829725 ) ) ;
#1322 = ADVANCED_FACE ( 'NONE', ( #777, #573 ), #2420, .T. ) ;
#1323 = DIRECTION ( 'NONE',  ( 0.0005060740159290000014, -0.000000000000000000, 0.9999998719445369888 ) ) ;
#1324 = CIRCLE ( 'NONE', #2539, 1.299999999999999156 ) ;
#1325 = EDGE_LOOP ( 'NONE', ( #469, #1548, #593, #1159 ) ) ;
#1326 = ORIENTED_EDGE ( 'NONE', *, *, #2167, .F. ) ;
#1327 = AXIS2_PLACEMENT_3D ( 'NONE', #1462, #626, #1703 ) ;
#1328 = CARTESIAN_POINT ( 'NONE',  ( 56.00435500837309633, 119.0651419647734031, -141.3882769317683881 ) ) ;
#1329 = DIRECTION ( 'NONE',  ( 0.000000000000000000, -1.000000000000000000, 0.000000000000000000 ) ) ;
#1330 = ORIENTED_EDGE ( 'NONE', *, *, #785, .T. ) ;
#1331 = ORIENTED_EDGE ( 'NONE', *, *, #2155, .F. ) ;
#1332 = CARTESIAN_POINT ( 'NONE',  ( 7.135899106518529322, 97.10757410786798971, -119.3625430555224085 ) ) ;
#1333 = DIRECTION ( 'NONE',  ( 0.000000000000000000, -1.000000000000000000, 0.000000000000000000 ) ) ;
#1334 = EDGE_CURVE ( 'NONE', #48, #688, #344, .T. ) ;
#1335 = PERSON_AND_ORGANIZATION_ROLE ( 'classification_officer' ) ;
#1336 = CARTESIAN_POINT ( 'NONE',  ( 76.12196686640875498, 97.10757410786800392, -100.1006663248276425 ) ) ;
#1337 = DIRECTION ( 'NONE',  ( -0.0005060740159288774865, 0.000000000000000000, -0.9999998719445369888 ) ) ;
#1338 = CARTESIAN_POINT ( 'NONE',  ( 70.32687177234370779, 99.10757410786798971, -96.89451948767660383 ) ) ;
#1339 = ORIENTED_EDGE ( 'NONE', *, *, #1582, .T. ) ;
#1340 = DIRECTION ( 'NONE',  ( -0.7071066906376614059, 0.7071067811865473507, 0.0003578483684457046845 ) ) ;
#1341 = VECTOR ( 'NONE', #1340, 999.9999999999998863 ) ;
#1342 = LINE ( 'NONE', #2170, #1794 ) ;
#1343 = ORIENTED_EDGE ( 'NONE', *, *, #5, .T. ) ;
#1344 = AXIS2_PLACEMENT_3D ( 'NONE', #603, #236, #2088 ) ;
#1345 = ORIENTED_EDGE ( 'NONE', *, *, #1068, .T. ) ;
#1346 = CARTESIAN_POINT ( 'NONE',  ( 11.55997127497590071, 118.2535232274739911, -116.2900912362063934 ) ) ;
#1347 = CARTESIAN_POINT ( 'NONE',  ( 13.08652334412948903, 116.8026246793784679, -116.4606933626307210 ) ) ;
#1348 = EDGE_CURVE ( 'NONE', #172, #1760, #559, .T. ) ;
#1349 = DIRECTION ( 'NONE',  ( -0.9999998719445370998, 0.000000000000000000, 0.0005060740159296140935 ) ) ;
#1350 = PLANE ( 'NONE',  #2044 ) ;
#1351 = CARTESIAN_POINT ( 'NONE',  ( 26.85771267132059847, 133.3840542838009924, -98.87252112905520107 ) ) ;
#1352 = ORIENTED_EDGE ( 'NONE', *, *, #1428, .F. ) ;
#1353 = VECTOR ( 'NONE', #1333, 1000.000000000000000 ) ;
#1354 = CIRCLE ( 'NONE', #532, 1.499999999999999334 ) ;
#1355 = DIRECTION ( 'NONE',  ( -0.7071066906376609618, 0.7071067811865477948, 0.0003578483684457044135 ) ) ;
#1356 = FACE_OUTER_BOUND ( 'NONE', #984, .T. ) ;
#1357 = ORIENTED_EDGE ( 'NONE', *, *, #823, .F. ) ;
#1358 = VERTEX_POINT ( 'NONE', #1360 ) ;
#1359 = DIRECTION ( 'NONE',  ( -0.9999998719445370998, 0.000000000000000000, 0.0005060740159290001098 ) ) ;
#1360 = CARTESIAN_POINT ( 'NONE',  ( 86.27924780854043263, 97.10757410786798971, -92.90259205949276122 ) ) ;
#1361 = DIRECTION ( 'NONE',  ( -0.7160406874679667855, 0.6980584521217766403, 0.0003623696326791228228 ) ) ;
#1362 = LINE ( 'NONE', #1798, #1258 ) ;
#1363 = CARTESIAN_POINT ( 'NONE',  ( 14.64475444138131977, 104.6075741078680039, -101.8663408516123923 ) ) ;
#1364 = ORIENTED_EDGE ( 'NONE', *, *, #550, .T. ) ;
#1365 = VECTOR ( 'NONE', #862, 999.9999999999998863 ) ;
#1366 = CARTESIAN_POINT ( 'NONE',  ( 45.54352537156999858, 144.4901488687631854, -114.1983219433990087 ) ) ;
#1367 = CARTESIAN_POINT ( 'NONE',  ( 26.85771267132059847, 133.3840542838009924, -98.87252112905520107 ) ) ;
#1368 = CARTESIAN_POINT ( 'NONE',  ( 10.82862456814421925, 97.10757410786800392, -99.05932299764459970 ) ) ;
#1369 = VERTEX_POINT ( 'NONE', #1957 ) ;
#1370 = ORIENTED_EDGE ( 'NONE', *, *, #24, .T. ) ;
#1371 = VECTOR ( 'NONE', #839, 999.9999999999998863 ) ;
#1372 = CARTESIAN_POINT ( 'NONE',  ( 10.46611819786437358, 97.86942648451120874, -119.2315520366062174 ) ) ;
#1373 = CARTESIAN_POINT ( 'NONE',  ( 19.78001260150053042, 108.5136793186615307, -117.5546648783144690 ) ) ;
#1374 = CARTESIAN_POINT ( 'NONE',  ( 26.85872481935244949, 133.3840542838009924, -96.87252138516619482 ) ) ;
#1375 = FACE_OUTER_BOUND ( 'NONE', #1394, .T. ) ;
#1376 = DIRECTION ( 'NONE',  ( -0.6980583627315951611, -0.7160407791608838224, 0.0003532692442184575451 ) ) ;
#1377 = VERTEX_POINT ( 'NONE', #977 ) ;
#1378 = CARTESIAN_POINT ( 'NONE',  ( 5.029842761657240757, 122.2409315810909902, -115.8474889356910040 ) ) ;
#1379 = DIRECTION ( 'NONE',  ( -0.7160406874679667855, 0.6980584521217766403, 0.0003623696326791228228 ) ) ;
#1380 = CARTESIAN_POINT ( 'NONE',  ( 48.02925270666190016, 97.10757410786798971, -92.88323472838349915 ) ) ;
#1381 = EDGE_LOOP ( 'NONE', ( #987, #611, #2200, #1776 ) ) ;
#1382 = CIRCLE ( 'NONE', #1467, 25.00000000000000711 ) ;
#1383 = EDGE_CURVE ( 'NONE', #1561, #1981, #1864, .T. ) ;
#1384 = ORIENTED_EDGE ( 'NONE', *, *, #1032, .F. ) ;
#1385 = CARTESIAN_POINT ( 'NONE',  ( 40.77925363506400203, 94.60757410786798971, -92.87956569176800770 ) ) ;
#1386 = AXIS2_PLACEMENT_3D ( 'NONE', #617, #2246, #1670 ) ;
#1387 = CARTESIAN_POINT ( 'NONE',  ( 19.39638164178415281, 109.1169591571363213, -117.4681591340462461 ) ) ;
#1388 = CC_DESIGN_PERSON_AND_ORGANIZATION_ASSIGNMENT ( #2078, #212, ( #1873 ) ) ;
#1389 = DIRECTION ( 'NONE',  ( 0.0005060740159290000014, -0.000000000000000000, 0.9999998719445369888 ) ) ;
#1390 = CARTESIAN_POINT ( 'NONE',  ( 40.77925363506400203, 93.10757410786800392, -92.87956569176800770 ) ) ;
#1391 = ORIENTED_EDGE ( 'NONE', *, *, #537, .F. ) ;
#1392 = CARTESIAN_POINT ( 'NONE',  ( 7.912932671570808374, 148.9618258536922042, -114.0338554693061894 ) ) ;
#1393 = LINE ( 'NONE', #2646, #405 ) ;
#1394 = EDGE_LOOP ( 'NONE', ( #298, #2553, #1461, #541 ) ) ;
#1395 = ORIENTED_EDGE ( 'NONE', *, *, #33, .T. ) ;
#1396 = CARTESIAN_POINT ( 'NONE',  ( 21.67609427777739839, 105.9055917992887998, -110.8699003829558052 ) ) ;
#1397 = DIRECTION ( 'NONE',  ( -0.9999998719445369888, 0.000000000000000000, 0.0005060740159249882365 ) ) ;
#1398 = CARTESIAN_POINT ( 'NONE',  ( 10.34352607689909931, 115.2581288962275892, -116.6490903766991920 ) ) ;
#1399 = LINE ( 'NONE', #629, #1849 ) ;
#1400 = CARTESIAN_POINT ( 'NONE',  ( 48.02925270666190016, 93.10757410786800392, -92.88323472838349915 ) ) ;
#1401 = CARTESIAN_POINT ( 'NONE',  ( 18.48959106891900106, 153.2057608126459911, -113.9313744077099955 ) ) ;
#1402 = VERTEX_POINT ( 'NONE', #1564 ) ;
#1403 = B_SPLINE_CURVE_WITH_KNOTS ( 'NONE', 3,
 ( #601, #793, #2447, #1812, #587, #1630, #819, #1865, #575, #2244, #628, #1853, #1020, #208, #1423, #1199, #2679, #1654, #396, #1642, #830, #1398, #180, #1452, #1226 ),
 .UNSPECIFIED., .F., .F.,
 ( 4, 3, 3, 3, 3, 3, 3, 3, 4 ),
 ( -1.226744311529430087, -1.053416225648740046, -0.9225571364469620228, -0.7421719936134369977, -0.6137235822419689901, -0.4143255106881460481, -0.3168858772783119671, -0.05252670325243502525, -1.000000009243606769E-06 ),
 .UNSPECIFIED. ) ;
#1404 = CARTESIAN_POINT ( 'NONE',  ( 9.300284465503619202, 150.4795360158954338, -113.9910030903677551 ) ) ;
#1405 = PLANE ( 'NONE',  #2398 ) ;
#1406 = ORIENTED_EDGE ( 'NONE', *, *, #2474, .T. ) ;
#1407 = VERTEX_POINT ( 'NONE', #748 ) ;
#1408 = DIRECTION ( 'NONE',  ( -0.9999998719445369888, 0.000000000000000000, 0.0005060740159249882365 ) ) ;
#1409 = VECTOR ( 'NONE', #1646, 999.9999999999998863 ) ;
#1410 = AXIS2_PLACEMENT_3D ( 'NONE', #1154, #286, #720 ) ;
#1411 = DIRECTION ( 'NONE',  ( 0.000000000000000000, -1.000000000000000000, 0.000000000000000000 ) ) ;
#1412 = AXIS2_PLACEMENT_3D ( 'NONE', #395, #2026, #1408 ) ;
#1413 = CARTESIAN_POINT ( 'NONE',  ( 42.05443363183910321, 148.5868500793120006, -110.8802133323112002 ) ) ;
#1414 = CARTESIAN_POINT ( 'NONE',  ( 20.66445624004990123, 146.6423064310490076, -110.8693884191658015 ) ) ;
#1415 = EDGE_CURVE ( 'NONE', #2431, #1071, #1943, .T. ) ;
#1416 = CARTESIAN_POINT ( 'NONE',  ( 12.06791996080134588, 149.0208549809688350, -114.0344676874537271 ) ) ;
#1417 = ORIENTED_EDGE ( 'NONE', *, *, #75, .T. ) ;
#1418 = CARTESIAN_POINT ( 'NONE',  ( 2.406073931545320121, 131.7208471254762117, -114.9779405671444010 ) ) ;
#1419 = DIRECTION ( 'NONE',  ( 0.9999998719445370998, 0.000000000000000000, -0.0005060740159288515741 ) ) ;
#1420 = ORIENTED_EDGE ( 'NONE', *, *, #24, .F. ) ;
#1421 = EDGE_LOOP ( 'NONE', ( #1432, #2457, #2185, #2537 ) ) ;
#1422 = DIRECTION ( 'NONE',  ( 0.9999998719445369888, 0.000000000000000000, -0.0005060740159306824663 ) ) ;
#1423 = CARTESIAN_POINT ( 'NONE',  ( 12.86883263252325982, 111.8482625027338031, -117.0894447739243986 ) ) ;
#1424 = EDGE_CURVE ( 'NONE', #2141, #538, #1293, .T. ) ;
#1425 = CARTESIAN_POINT ( 'NONE',  ( 33.44834164400520393, 156.9788348484694893, -113.8834778259030003 ) ) ;
#1426 = AXIS2_PLACEMENT_3D ( 'NONE', #1761, #539, #1571 ) ;
#1427 = CARTESIAN_POINT ( 'NONE',  ( 53.30937311224920450, 112.7011809340946087, -103.3859082050464764 ) ) ;
#1428 = EDGE_CURVE ( 'NONE', #382, #1561, #1155, .T. ) ;
#1429 = CARTESIAN_POINT ( 'NONE',  ( 30.14321514108454636, 154.6303576382215113, -113.9118886735355858 ) ) ;
#1430 = CARTESIAN_POINT ( 'NONE',  ( 7.144755401797289629, 104.6075741078680039, -101.8625452964929963 ) ) ;
#1431 = VECTOR ( 'NONE', #1986, 999.9999999999998863 ) ;
#1432 = ORIENTED_EDGE ( 'NONE', *, *, #1958, .F. ) ;
#1433 = CARTESIAN_POINT ( 'NONE',  ( 4.326895083332505720, 123.7063573318226020, -115.6958790451646024 ) ) ;
#1434 = DIRECTION ( 'NONE',  ( 0.0005060740159290001098, 0.000000000000000000, 0.9999998719445370998 ) ) ;
#1435 = VERTEX_POINT ( 'NONE', #722 ) ;
#1436 = ORIENTED_EDGE ( 'NONE', *, *, #337, .F. ) ;
#1437 = DIRECTION ( 'NONE',  ( 0.000000000000000000, 1.000000000000000000, 0.000000000000000000 ) ) ;
#1438 = EDGE_CURVE ( 'NONE', #310, #731, #1550, .T. ) ;
#1439 = CIRCLE ( 'NONE', #1179, 8.999999999999998224 ) ;
#1440 = EDGE_CURVE ( 'NONE', #1402, #1369, #1382, .T. ) ;
#1441 = CARTESIAN_POINT ( 'NONE',  ( 7.144755401797289629, 104.6075741078680039, -101.8625452964929963 ) ) ;
#1442 = CYLINDRICAL_SURFACE ( 'NONE', #674, 5.000000000000000888 ) ;
#1443 = FACE_OUTER_BOUND ( 'NONE', #281, .T. ) ;
#1444 = CARTESIAN_POINT ( 'NONE',  ( 70.32434140226399677, 99.10757410786798971, -101.8945188473991976 ) ) ;
#1445 = CIRCLE ( 'NONE', #55, 45.49999999999999289 ) ;
#1446 = LINE ( 'NONE', #1486, #545 ) ;
#1447 = CARTESIAN_POINT ( 'NONE',  ( 5.938813059863510269, 138.4310757890590082, -114.5142251839110088 ) ) ;
#1448 = ORIENTED_EDGE ( 'NONE', *, *, #709, .T. ) ;
#1449 = PLANE ( 'NONE',  #503 ) ;
#1450 = ORIENTED_EDGE ( 'NONE', *, *, #1751, .F. ) ;
#1451 = CIRCLE ( 'NONE', #283, 3.749999999999998224 ) ;
#1452 = CARTESIAN_POINT ( 'NONE',  ( 10.09720547717362038, 115.5048241788809946, -116.6184066609890095 ) ) ;
#1453 = VECTOR ( 'NONE', #1931, 999.9999999999998863 ) ;
#1454 = CARTESIAN_POINT ( 'NONE',  ( 43.42799634966119982, 151.4543583552410269, -113.9822680083051978 ) ) ;
#1455 = DIRECTION ( 'NONE',  ( 0.9999998719445369888, 0.000000000000000000, -0.0005060740159306811653 ) ) ;
#1456 = AXIS2_PLACEMENT_3D ( 'NONE', #1875, #1896, #49 ) ;
#1457 = CARTESIAN_POINT ( 'NONE',  ( 27.41560346502414802, 154.8875120677944892, -113.9064854647391911 ) ) ;
#1458 = ORIENTED_EDGE ( 'NONE', *, *, #705, .F. ) ;
#1459 = CARTESIAN_POINT ( 'NONE',  ( 46.23830620587260398, 105.6301131222290053, -103.3823297213618986 ) ) ;
#1460 = ADVANCED_FACE ( 'NONE', ( #369 ), #1138, .F. ) ;
#1461 = ORIENTED_EDGE ( 'NONE', *, *, #1105, .F. ) ;
#1462 = CARTESIAN_POINT ( 'NONE',  ( 26.83620401956959967, 133.3840542838009924, -141.3735156865699878 ) ) ;
#1463 = ORIENTED_EDGE ( 'NONE', *, *, #2549, .T. ) ;
#1464 = DIRECTION ( 'NONE',  ( -0.0005060740159290001098, 0.000000000000000000, -0.9999998719445370998 ) ) ;
#1465 = CARTESIAN_POINT ( 'NONE',  ( 10.17525286696177922, 151.3665928461165038, -113.9675581608900075 ) ) ;
#1466 = FACE_OUTER_BOUND ( 'NONE', #955, .T. ) ;
#1467 = AXIS2_PLACEMENT_3D ( 'NONE', #1198, #1825, #2027 ) ;
#1468 = ADVANCED_FACE ( 'NONE', ( #1356 ), #1966, .F. ) ;
#1469 = CARTESIAN_POINT ( 'NONE',  ( 72.83540200334532244, 97.10757410786800392, -97.35087698873628881 ) ) ;
#1470 = DIRECTION ( 'NONE',  ( 0.000000000000000000, 1.000000000000000000, 0.000000000000000000 ) ) ;
#1471 = CIRCLE ( 'NONE', #83, 2.999999999999998668 ) ;
#1472 = VERTEX_POINT ( 'NONE', #1952 ) ;
#1473 = EDGE_CURVE ( 'NONE', #1526, #1720, #1980, .T. ) ;
#1474 = CARTESIAN_POINT ( 'NONE',  ( 5.656427167735179395, 137.0679089325506084, -114.5985307631860053 ) ) ;
#1475 = ORIENTED_EDGE ( 'NONE', *, *, #1348, .T. ) ;
#1476 = ADVANCED_FACE ( 'NONE', ( #1572 ), #2604, .F. ) ;
#1477 = FACE_OUTER_BOUND ( 'NONE', #2372, .T. ) ;
#1478 = VERTEX_POINT ( 'NONE', #2617 ) ;
#1479 = FACE_OUTER_BOUND ( 'NONE', #190, .T. ) ;
#1480 = LINE ( 'NONE', #1683, #877 ) ;
#1481 = CARTESIAN_POINT ( 'NONE',  ( 77.32434050587580998, 97.10757410786798971, -101.8980613655107987 ) ) ;
#1482 = VECTOR ( 'NONE', #1960, 999.9999999999998863 ) ;
#1483 = CARTESIAN_POINT ( 'NONE',  ( 72.79452833030205738, 97.10757410786797550, -97.33390865170765949 ) ) ;
#1484 = APPROVAL_DATE_TIME ( #657, #2484 ) ;
#1485 = EDGE_CURVE ( 'NONE', #1017, #1478, #494, .T. ) ;
#1486 = CARTESIAN_POINT ( 'NONE',  ( 56.01979077193300327, 119.0651419647734031, -110.8872808375880084 ) ) ;
#1487 = CYLINDRICAL_SURFACE ( 'NONE', #634, 4.999999999999996447 ) ;
#1488 = ORIENTED_EDGE ( 'NONE', *, *, #139, .T. ) ;
#1489 = DIRECTION ( 'NONE',  ( -0.000000000000000000, -1.000000000000000000, -0.000000000000000000 ) ) ;
#1490 = VERTEX_POINT ( 'NONE', #1112 ) ;
#1491 = CARTESIAN_POINT ( 'NONE',  ( 20.66825179516935407, 146.6423064310490076, -103.3693893795818042 ) ) ;
#1492 = CARTESIAN_POINT ( 'NONE',  ( 48.02925270666190016, 93.10757410786800392, -92.88323472838349915 ) ) ;
#1493 = CARTESIAN_POINT ( 'NONE',  ( 2.282468948567045075, 94.70757410786799824, -119.7804756924061991 ) ) ;
#1494 = CARTESIAN_POINT ( 'NONE',  ( 74.06598323589412303, 112.7765272911505718, -116.9980152826768744 ) ) ;
#1495 = AXIS2_PLACEMENT_3D ( 'NONE', #87, #1306, #912 ) ;
#1496 = DATE_TIME_ROLE ( 'creation_date' ) ;
#1497 = ORGANIZATION ( 'UNSPECIFIED', 'UNSPECIFIED', '' ) ;
#1498 = EDGE_CURVE ( 'NONE', #1402, #1561, #214, .T. ) ;
#1499 = ORIENTED_EDGE ( 'NONE', *, *, #1508, .F. ) ;
#1500 = AXIS2_PLACEMENT_3D ( 'NONE', #2377, #315, #1141 ) ;
#1501 = CARTESIAN_POINT ( 'NONE',  ( 18.81095215985629920, 111.3607741885396081, -119.4194515037946047 ) ) ;
#1502 = ORIENTED_EDGE ( 'NONE', *, *, #1485, .F. ) ;
#1503 = DIRECTION ( 'NONE',  ( 0.0005060740159288560193, 0.000000000000000000, 0.9999998719445370998 ) ) ;
#1504 = EDGE_LOOP ( 'NONE', ( #529, #1310, #1127, #109, #1204, #1095, #407, #1364, #2168, #2483 ) ) ;
#1505 = DIRECTION ( 'NONE',  ( -0.9999998719445369888, 0.000000000000000000, 0.0005060740159249882365 ) ) ;
#1506 = CARTESIAN_POINT ( 'NONE',  ( 13.37197445977590071, 153.8656040156564870, -113.9160885056261918 ) ) ;
#1507 = CARTESIAN_POINT ( 'NONE',  ( 19.83723925749487549, 108.4234390473183822, -117.5676198328481803 ) ) ;
#1508 = EDGE_CURVE ( 'NONE', #339, #1660, #302, .T. ) ;
#1509 = APPROVAL_DATE_TIME ( #56, #2435 ) ;
#1510 = CARTESIAN_POINT ( 'NONE',  ( 44.52925315485601487, 93.10757410786800392, -92.88146346932774122 ) ) ;
#1511 = CARTESIAN_POINT ( 'NONE',  ( 55.90937277930499505, 112.7011809340946087, -103.3872239974878937 ) ) ;
#1512 = ORIENTED_EDGE ( 'NONE', *, *, #2346, .F. ) ;
#1513 = CARTESIAN_POINT ( 'NONE',  ( 75.61669538504735044, 98.02949699505334991, -119.2368615734767161 ) ) ;
#1514 = CC_DESIGN_PERSON_AND_ORGANIZATION_ASSIGNMENT ( #1091, #1282, ( #2071 ) ) ;
#1515 = VERTEX_POINT ( 'NONE', #729 ) ;
#1516 = CARTESIAN_POINT ( 'NONE',  ( 6.828840981990150105, 125.5462127435563957, -115.5174647354716058 ) ) ;
#1517 = EDGE_CURVE ( 'NONE', #1861, #744, #500, .T. ) ;
#1518 = CYLINDRICAL_SURFACE ( 'NONE', #1613, 2.000000000000000444 ) ;
#1519 = CARTESIAN_POINT ( 'NONE',  ( 43.10599100603623413, 149.7131085448012016, -98.34520998598961228 ) ) ;
#1520 = EDGE_CURVE ( 'NONE', #1870, #718, #2527, .T. ) ;
#1521 = CARTESIAN_POINT ( 'NONE',  ( -0.3527132677070969891, 104.7521237237850045, -96.85875038165080753 ) ) ;
#1522 = CARTESIAN_POINT ( 'NONE',  ( 65.32788456065280513, 109.1075741078679897, -94.89198937370790077 ) ) ;
#1523 = TOROIDAL_SURFACE ( 'NONE', #399, 12.50000000000000000, 5.000000000000000000 ) ;
#1524 = FACE_OUTER_BOUND ( 'NONE', #2618, .T. ) ;
#1525 = VERTEX_POINT ( 'NONE', #1747 ) ;
#1526 = VERTEX_POINT ( 'NONE', #514 ) ;
#1527 = DIRECTION ( 'NONE',  ( 8.829703138580910731E-16, 1.000000000000000000, -4.468483899014419825E-19 ) ) ;
#1528 = EDGE_CURVE ( 'NONE', #341, #1526, #1342, .T. ) ;
#1529 = CARTESIAN_POINT ( 'NONE',  ( 9.385232824528062068, 97.10757410786798971, -100.0845038005738132 ) ) ;
#1530 = ORIENTED_EDGE ( 'NONE', *, *, #326, .T. ) ;
#1531 = CARTESIAN_POINT ( 'NONE',  ( 10.89832249652219609, 98.10083869974707227, -119.1917553795339018 ) ) ;
#1532 = PERSON ( 'UNSPECIFIED', 'UNSPECIFIED', 'UNSPECIFIED', ('UNSPECIFIED'), ('UNSPECIFIED'), ('UNSPECIFIED') ) ;
#1533 = DIRECTION ( 'NONE',  ( 0.0005060740159290000014, -0.000000000000000000, 0.9999998719445369888 ) ) ;
#1534 = FACE_OUTER_BOUND ( 'NONE', #1541, .T. ) ;
#1535 = APPROVAL_ROLE ( '' ) ;
#1536 = CARTESIAN_POINT ( 'NONE',  ( 9.970754550706390162, 115.6250087465760004, -116.6035464376571866 ) ) ;
#1537 = CARTESIAN_POINT ( 'NONE',  ( 12.09549446831141850, 117.7995857511340034, -1.901193107545525063 ) ) ;
#1538 = CARTESIAN_POINT ( 'NONE',  ( 56.02586366012410224, 119.0651419647734031, -98.88728237425360135 ) ) ;
#1539 = VECTOR ( 'NONE', #16, 999.9999999999998863 ) ;
#1540 = PLANE ( 'NONE',  #976 ) ;
#1541 = EDGE_LOOP ( 'NONE', ( #2213, #242, #2224, #1729, #1079, #2313, #1326, #2554, #1073, #1837, #1041, #64, #1147, #466, #2054, #486, #1110, #2529 ) ) ;
#1542 = VECTOR ( 'NONE', #829, 999.9999999999998863 ) ;
#1543 = CARTESIAN_POINT ( 'NONE',  ( 63.39329292871066457, 117.7487659389300347, -116.3753940985025395 ) ) ;
#1544 = EDGE_CURVE ( 'NONE', #2498, #1017, #1313, .T. ) ;
#1545 = CARTESIAN_POINT ( 'NONE',  ( 13.41597800472729496, 97.10757410786803234, -97.65594787315463066 ) ) ;
#1546 = ORIENTED_EDGE ( 'NONE', *, *, #1661, .T. ) ;
#1547 = EDGE_CURVE ( 'NONE', #2551, #1861, #490, .T. ) ;
#1548 = ORIENTED_EDGE ( 'NONE', *, *, #1951, .T. ) ;
#1549 = CARTESIAN_POINT ( 'NONE',  ( 73.86166409729452198, 104.9661542961700036, -98.36077463605310811 ) ) ;
#1550 = LINE ( 'NONE', #167, #2298 ) ;
#1551 = CARTESIAN_POINT ( 'NONE',  ( 68.90225809448459415, 117.0787549425880059, -110.8938003203959966 ) ) ;
#1552 = CARTESIAN_POINT ( 'NONE',  ( 75.31613692799120940, 104.9661542961700036, -118.1077865537589986 ) ) ;
#1553 = B_SPLINE_CURVE_WITH_KNOTS ( 'NONE', 3,
 ( #1552, #564, #768, #1784, #117, #522 ),
 .UNSPECIFIED., .F., .F.,
 ( 4, 2, 4 ),
 ( -0.7963865605046189788, -0.3981932578278760126, -0.2029502902280300169 ),
 .UNSPECIFIED. ) ;
#1554 = FACE_OUTER_BOUND ( 'NONE', #501, .T. ) ;
#1555 = ORIENTED_EDGE ( 'NONE', *, *, #2650, .T. ) ;
#1556 = EDGE_CURVE ( 'NONE', #639, #1004, #1207, .T. ) ;
#1557 = DIRECTION ( 'NONE',  ( 0.7074645390061056194, 0.000000000000000000, 0.7067488422692168593 ) ) ;
#1558 = DIRECTION ( 'NONE',  ( -0.9999998719445370998, 0.000000000000000000, 0.0005060740159290001098 ) ) ;
#1559 = ORIENTED_EDGE ( 'NONE', *, *, #1334, .T. ) ;
#1560 = EDGE_CURVE ( 'NONE', #79, #2141, #569, .T. ) ;
#1561 = VERTEX_POINT ( 'NONE', #827 ) ;
#1562 = CARTESIAN_POINT ( 'NONE',  ( 8.510887440052050223, 122.1368179250313943, -115.8596445806902011 ) ) ;
#1563 = CIRCLE ( 'NONE', #2603, 1.499999999999999334 ) ;
#1564 = CARTESIAN_POINT ( 'NONE',  ( 69.34917731615360026, 121.1851438824862015, -101.8940253421309876 ) ) ;
#1565 = CARTESIAN_POINT ( 'NONE',  ( 26.83620401956959967, 133.3840542838009924, -141.3735156865699878 ) ) ;
#1566 = CARTESIAN_POINT ( 'NONE',  ( 44.23089747429574459, 150.7081704228720298, -1.917456002080805133 ) ) ;
#1567 = CARTESIAN_POINT ( 'NONE',  ( 12.89340104364775463, 146.9961941001759840, -101.8654545370517610 ) ) ;
#1568 = EDGE_CURVE ( 'NONE', #946, #1663, #773, .T. ) ;
#1569 = VERTEX_POINT ( 'NONE', #1623 ) ;
#1570 = AXIS2_PLACEMENT_3D ( 'NONE', #2415, #1533, #1175 ) ;
#1571 = DIRECTION ( 'NONE',  ( 0.6487595003754400569, -0.7609934315605789701, -0.0003283203677703074269 ) ) ;
#1572 = FACE_OUTER_BOUND ( 'NONE', #1140, .T. ) ;
#1573 = ORIENTED_EDGE ( 'NONE', *, *, #1743, .T. ) ;
#1574 = ORIENTED_EDGE ( 'NONE', *, *, #289, .F. ) ;
#1575 = B_SPLINE_CURVE_WITH_KNOTS ( 'NONE', 3,
 ( #2182, #497, #2384, #1950, #2347, #1513, #1312, #2140 ),
 .UNSPECIFIED., .F., .F.,
 ( 4, 2, 2, 4 ),
 ( -0.3172972575543679952, -0.3036030882271050224, -0.2246938196555859912, -0.1579349378566355100 ),
 .UNSPECIFIED. ) ;
#1576 = CARTESIAN_POINT ( 'NONE',  ( 11.71691456993136704, 98.64872266334886319, -119.0981664307391839 ) ) ;
#1577 = VECTOR ( 'NONE', #581, 1000.000000000000000 ) ;
#1578 = CARTESIAN_POINT ( 'NONE',  ( 70.07177853511650767, 118.0823005555698302, -98.35885667320128789 ) ) ;
#1579 = CARTESIAN_POINT ( 'NONE',  ( 77.06615657750593584, 97.10757410786798971, -101.4893790541609917 ) ) ;
#1580 = LINE ( 'NONE', #2409, #2166 ) ;
#1581 = DIRECTION ( 'NONE',  ( -0.0005060740159290001098, 0.000000000000000000, -0.9999998719445370998 ) ) ;
#1582 = EDGE_CURVE ( 'NONE', #217, #353, #2051, .T. ) ;
#1583 = VERTEX_POINT ( 'NONE', #2428 ) ;
#1584 = AXIS2_PLACEMENT_3D ( 'NONE', #1567, #1376, #1785 ) ;
#1585 = CARTESIAN_POINT ( 'NONE',  ( 5.750902805058269784, 145.8371175280606167, -114.1448697686792002 ) ) ;
#1586 = CIRCLE ( 'NONE', #2411, 1.499999999999999334 ) ;
#1587 = CARTESIAN_POINT ( 'NONE',  ( 59.32788532898560163, 109.1075741078679897, -94.88895292961230155 ) ) ;
#1588 = CARTESIAN_POINT ( 'NONE',  ( 8.869129142417289557, 97.10757410786800392, -100.4722351030672627 ) ) ;
#1589 = ORIENTED_EDGE ( 'NONE', *, *, #1508, .T. ) ;
#1590 = VERTEX_POINT ( 'NONE', #1834 ) ;
#1591 = CARTESIAN_POINT ( 'NONE',  ( 47.53830603940049571, 105.6301131222290053, -103.3829876175826001 ) ) ;
#1592 = CARTESIAN_POINT ( 'NONE',  ( 50.31978929722989591, 104.9661542961700036, -110.8843962145815993 ) ) ;
#1593 = LINE ( 'NONE', #360, #43 ) ;
#1594 = CARTESIAN_POINT ( 'NONE',  ( 37.02925411527198918, 93.10757410786800392, -92.87766791420825996 ) ) ;
#1595 = ORIENTED_EDGE ( 'NONE', *, *, #1440, .T. ) ;
#1596 = DIRECTION ( 'NONE',  ( 0.9999998719445369888, 0.000000000000000000, -0.0005060740159290000014 ) ) ;
#1597 = DIRECTION ( 'NONE',  ( 0.000000000000000000, -1.000000000000000000, 0.000000000000000000 ) ) ;
#1598 = VERTEX_POINT ( 'NONE', #2456 ) ;
#1599 = AXIS2_PLACEMENT_3D ( 'NONE', #1380, #1329, #959 ) ;
#1600 = ORIENTED_EDGE ( 'NONE', *, *, #537, .T. ) ;
#1601 = DIRECTION ( 'NONE',  ( -0.9999998719445370998, 0.000000000000000000, 0.0005060740159290001098 ) ) ;
#1602 = VECTOR ( 'NONE', #411, 1000.000000000000000 ) ;
#1603 = DIRECTION ( 'NONE',  ( -0.000000000000000000, 1.000000000000000000, -0.000000000000000000 ) ) ;
#1604 = FACE_OUTER_BOUND ( 'NONE', #2238, .T. ) ;
#1605 = CARTESIAN_POINT ( 'NONE',  ( 41.17055026854205124, 104.2158995598559983, -110.8797660218506138 ) ) ;
#1606 = DIRECTION ( 'NONE',  ( 0.0005060740159290000014, -0.000000000000000000, 0.9999998719445369888 ) ) ;
#1607 = CARTESIAN_POINT ( 'NONE',  ( 16.31560810476879908, 152.1450693898109705, -113.9527098093544026 ) ) ;
#1608 = EDGE_LOOP ( 'NONE', ( #2106, #2388, #2445, #393 ) ) ;
#1609 = CARTESIAN_POINT ( 'NONE',  ( 63.35664820251211893, 117.8529931200372971, -116.3631764675169649 ) ) ;
#1610 = CIRCLE ( 'NONE', #1697, 5.000000000000001776 ) ;
#1611 = DIRECTION ( 'NONE',  ( 0.9999998719445370998, 0.000000000000000000, -0.0005060740159290001098 ) ) ;
#1612 = ORIENTED_EDGE ( 'NONE', *, *, #139, .F. ) ;
#1613 = AXIS2_PLACEMENT_3D ( 'NONE', #1253, #41, #668 ) ;
#1614 = ORIENTED_EDGE ( 'NONE', *, *, #2056, .F. ) ;
#1615 = CARTESIAN_POINT ( 'NONE',  ( 13.64885145579025583, 100.8553299965558523, -118.7290052811326575 ) ) ;
#1616 = DIRECTION ( 'NONE',  ( -0.9999998719445369888, 0.000000000000000000, 0.0005060740159249882365 ) ) ;
#1617 = LINE ( 'NONE', #2680, #1225 ) ;
#1618 = DIRECTION ( 'NONE',  ( 0.0005060740159289198788, 0.000000000000000000, 0.9999998719445370998 ) ) ;
#1619 = CARTESIAN_POINT ( 'NONE',  ( 15.60217015203090085, 151.7071152586669882, -113.9628144290566070 ) ) ;
#1620 = ORIENTED_EDGE ( 'NONE', *, *, #1756, .T. ) ;
#1621 = CARTESIAN_POINT ( 'NONE',  ( 6.740683965219299800, 147.4100533473280166, -114.0853190903190040 ) ) ;
#1622 = B_SPLINE_CURVE_WITH_KNOTS ( 'NONE', 3,
 ( #572, #2446, #1396, #368 ),
 .UNSPECIFIED., .F., .F.,
 ( 4, 4 ),
 ( 0.000000000000000000, 1.000000000000000000 ),
 .UNSPECIFIED. ) ;
#1623 = CARTESIAN_POINT ( 'NONE',  ( 59.32990962504919707, 101.1075741078680039, -90.88895344183420377 ) ) ;
#1624 = VERTEX_POINT ( 'NONE', #163 ) ;
#1625 = ORIENTED_EDGE ( 'NONE', *, *, #1473, .F. ) ;
#1626 = CARTESIAN_POINT ( 'NONE',  ( 17.85771382381976835, 133.3840542838009924, -98.86796646291185198 ) ) ;
#1627 = AXIS2_PLACEMENT_3D ( 'NONE', #1706, #220, #1290 ) ;
#1628 = EDGE_CURVE ( 'NONE', #172, #2452, #274, .T. ) ;
#1629 = AXIS2_PLACEMENT_3D ( 'NONE', #963, #301, #2620 ) ;
#1630 = CARTESIAN_POINT ( 'NONE',  ( 14.42237247303975956, 107.3155701788995913, -117.7250727878887915 ) ) ;
#1631 = CARTESIAN_POINT ( 'NONE',  ( 35.63812693572059942, 156.2537065482865160, -113.8922849119745990 ) ) ;
#1632 = DIRECTION ( 'NONE',  ( -0.7160406874679667855, 0.6980584521217766403, 0.0003623696326788838646 ) ) ;
#1633 = CARTESIAN_POINT ( 'NONE',  ( 20.66825179516935407, 146.6423064310490076, -103.3693893795818042 ) ) ;
#1634 = CARTESIAN_POINT ( 'NONE',  ( 0.000000000000000000, 0.000000000000000000, 0.000000000000000000 ) ) ;
#1635 = ORIENTED_EDGE ( 'NONE', *, *, #561, .T. ) ;
#1636 = CARTESIAN_POINT ( 'NONE',  ( 2.355460178946844785, 133.9179187331082233, -114.8120898513445951 ) ) ;
#1637 = DIRECTION ( 'NONE',  ( -0.0005060740159290001098, 0.000000000000000000, -0.9999998719445370998 ) ) ;
#1638 = ORIENTED_EDGE ( 'NONE', *, *, #2594, .T. ) ;
#1639 = VERTEX_POINT ( 'NONE', #986 ) ;
#1640 = CARTESIAN_POINT ( 'NONE',  ( 27.03448934397999892, 148.0565199934219720, -98.87261059114739226 ) ) ;
#1641 = MANIFOLD_SOLID_BREP ( 'Body-Move/Copy1', #999 ) ;
#1642 = CARTESIAN_POINT ( 'NONE',  ( 11.51564558576606068, 113.9537560540219943, -116.8132482386532018 ) ) ;
#1643 = CARTESIAN_POINT ( 'NONE',  ( 32.72304042099390387, 157.1816632822329893, -113.8811558020719872 ) ) ;
#1644 = DIRECTION ( 'NONE',  ( 0.7248589086972418993, -0.6888972549780578714, -0.0003668323058812064186 ) ) ;
#1645 = CARTESIAN_POINT ( 'NONE',  ( 28.78257865155369899, 154.8079846510435118, -113.9084015939196064 ) ) ;
#1646 = DIRECTION ( 'NONE',  ( -0.0005060740159290001098, 0.000000000000000000, -0.9999998719445370998 ) ) ;
#1647 = CIRCLE ( 'NONE', #478, 5.000000000000001776 ) ;
#1648 = VERTEX_POINT ( 'NONE', #595 ) ;
#1649 = CARTESIAN_POINT ( 'NONE',  ( 14.69534354578149937, 93.10757410786800392, -1.902508823777445013 ) ) ;
#1651 = ORIENTED_EDGE ( 'NONE', *, *, #2072, .F. ) ;
#1650 = PRODUCT_DEFINITION_SHAPE ( 'NONE', 'NONE',  #227 ) ;
#1652 = CARTESIAN_POINT ( 'NONE',  ( 67.58115225914188784, 123.2507963051090059, -115.7688994486202034 ) ) ;
#1653 = VECTOR ( 'NONE', #1946, 1000.000000000000000 ) ;
#1654 = CARTESIAN_POINT ( 'NONE',  ( 12.19342047285864084, 112.9645375930855948, -116.9419897239519912 ) ) ;
#1655 = DIRECTION ( 'NONE',  ( 0.000000000000000000, -1.000000000000000000, 0.000000000000000000 ) ) ;
#1656 = CARTESIAN_POINT ( 'NONE',  ( -7.720740154246043652, 97.10757410786798971, -92.85502110199544745 ) ) ;
#1657 = CARTESIAN_POINT ( 'NONE',  ( 38.42140370140595707, 151.5248930374619931, -113.9785091570734039 ) ) ;
#1658 = DIRECTION ( 'NONE',  ( 0.7071066906376605177, -0.7071067811865482389, -0.0003578483684448424186 ) ) ;
#1659 = EDGE_CURVE ( 'NONE', #1358, #1982, #1445, .T. ) ;
#1660 = VERTEX_POINT ( 'NONE', #624 ) ;
#1661 = EDGE_CURVE ( 'NONE', #1569, #1720, #2252, .T. ) ;
#1662 = CARTESIAN_POINT ( 'NONE',  ( 10.77397953957954080, 147.6920630913014350, -114.0775527540107959 ) ) ;
#1663 = VERTEX_POINT ( 'NONE', #2268 ) ;
#1664 = DIRECTION ( 'NONE',  ( 0.9999998719445370998, 0.000000000000000000, -0.0005060740159290001098 ) ) ;
#1665 = EDGE_CURVE ( 'NONE', #658, #1910, #2631, .T. ) ;
#1666 = EDGE_LOOP ( 'NONE', ( #1343, #789, #2501, #517 ) ) ;
#1667 = AXIS2_PLACEMENT_3D ( 'NONE', #1887, #271, #26 ) ;
#1668 = LINE ( 'NONE', #2097, #417 ) ;
#1669 = DIRECTION ( 'NONE',  ( 0.0005060740159290001098, 0.000000000000000000, 0.9999998719445370998 ) ) ;
#1670 = DIRECTION ( 'NONE',  ( -0.7071066906376614059, -0.7071067811865472397, 0.0003578483684453714550 ) ) ;
#1671 = ADVANCED_FACE ( 'NONE', ( #149 ), #189, .T. ) ;
#1672 = CIRCLE ( 'NONE', #377, 1.299999999999997602 ) ;
#1673 = CARTESIAN_POINT ( 'NONE',  ( 73.83300487155052849, 113.4507669072504257, -116.9101378968450575 ) ) ;
#1674 = CARTESIAN_POINT ( 'NONE',  ( 37.02925411527198918, 94.60757410786798971, -92.87766791420825996 ) ) ;
#1675 = ORIENTED_EDGE ( 'NONE', *, *, #499, .T. ) ;
#1676 = EDGE_CURVE ( 'NONE', #881, #1377, #1030, .T. ) ;
#1677 = CARTESIAN_POINT ( 'NONE',  ( 65.32990885671659953, 101.1075741078680039, -90.89198988592980299 ) ) ;
#1678 = VERTEX_POINT ( 'NONE', #815 ) ;
#1679 = CARTESIAN_POINT ( 'NONE',  ( 14.63648446954175952, 104.1162796710785869, -118.2077662562632128 ) ) ;
#1680 = ORIENTED_EDGE ( 'NONE', *, *, #1968, .T. ) ;
#1681 = DIRECTION ( 'NONE',  ( -0.9999998719445370998, 0.000000000000000000, 0.0005060740159290000014 ) ) ;
#1682 = EDGE_CURVE ( 'NONE', #339, #1208, #1393, .T. ) ;
#1683 = CARTESIAN_POINT ( 'NONE',  ( 46.52925289874509218, 97.10757410786798971, -92.88247561735961710 ) ) ;
#1684 = CARTESIAN_POINT ( 'NONE',  ( 70.32434140226399677, 99.10757410786798971, -101.8945188473991976 ) ) ;
#1685 = CARTESIAN_POINT ( 'NONE',  ( 70.32687177234370779, 93.10757410786800392, -96.89451948767660383 ) ) ;
#1686 = AXIS2_PLACEMENT_3D ( 'NONE', #2658, #1596, #1818 ) ;
#1687 = ORIENTED_EDGE ( 'NONE', *, *, #1006, .T. ) ;
#1688 = CARTESIAN_POINT ( 'NONE',  ( 25.63589673749245179, 97.10757410786798971, -119.3719054248170011 ) ) ;
#1689 = CARTESIAN_POINT ( 'NONE',  ( 5.413715243837260438, 131.7243224300426050, -114.9791898653545985 ) ) ;
#1690 = EDGE_LOOP ( 'NONE', ( #1352, #775, #38, #2171 ) ) ;
#1691 = LINE ( 'NONE', #420, #2588 ) ;
#1692 = ORIENTED_EDGE ( 'NONE', *, *, #1297, .F. ) ;
#1693 = CARTESIAN_POINT ( 'NONE',  ( 65.33598174490771271, 106.1075741078680039, -78.89199142259529651 ) ) ;
#1694 = ADVANCED_FACE ( 'NONE', ( #2223 ), #406, .F. ) ;
#1695 = CARTESIAN_POINT ( 'NONE',  ( 20.73262944961560095, 157.1202152984924965, -113.8756694202737947 ) ) ;
#1696 = CARTESIAN_POINT ( 'NONE',  ( 48.83451031780892748, 105.6301131222290053, -110.8836445533873132 ) ) ;
#1697 = AXIS2_PLACEMENT_3D ( 'NONE', #1684, #2318, #461 ) ;
#1698 = CIRCLE ( 'NONE', #2656, 21.49999999999999645 ) ;
#1699 = DIRECTION ( 'NONE',  ( 8.829703138580910731E-16, 1.000000000000000000, -4.468483899016310125E-19 ) ) ;
#1700 = ORIENTED_EDGE ( 'NONE', *, *, #2463, .T. ) ;
#1701 = CARTESIAN_POINT ( 'NONE',  ( 19.64728417118365300, 93.10757410786800392, -96.86887186196941002 ) ) ;
#1702 = ORIENTED_EDGE ( 'NONE', *, *, #1528, .T. ) ;
#1703 = DIRECTION ( 'NONE',  ( -0.9999998719445370998, 0.000000000000000000, 0.0005060740159280721412 ) ) ;
#1704 = ADVANCED_FACE ( 'NONE', ( #392 ), #1405, .T. ) ;
#1705 = ORIENTED_EDGE ( 'NONE', *, *, #723, .T. ) ;
#1706 = CARTESIAN_POINT ( 'NONE',  ( 26.90678355367300156, 133.3840542838009924, -1.908688717053894868 ) ) ;
#1707 = CARTESIAN_POINT ( 'NONE',  ( 68.95740186502808911, 117.0787549425880059, -1.929969445060130129 ) ) ;
#1708 = DIRECTION ( 'NONE',  ( -0.0005060740159290000014, 0.000000000000000000, -0.9999998719445369888 ) ) ;
#1709 = CIRCLE ( 'NONE', #1802, 48.49999999999999289 ) ;
#1710 = AXIS2_PLACEMENT_3D ( 'NONE', #1741, #2135, #710 ) ;
#1711 = COORDINATED_UNIVERSAL_TIME_OFFSET ( 2, 0, .AHEAD. ) ;
#1712 = SECURITY_CLASSIFICATION ( '', '', #2546 ) ;
#1713 = CARTESIAN_POINT ( 'NONE',  ( 20.66825179516935407, 146.6423064310490076, -103.3693893795818042 ) ) ;
#1714 = CYLINDRICAL_SURFACE ( 'NONE', #2408, 3.749999999999998224 ) ;
#1715 = PRODUCT_RELATED_PRODUCT_CATEGORY ( 'detail', '', ( #1873 ) ) ;
#1716 = ORIENTED_EDGE ( 'NONE', *, *, #1520, .T. ) ;
#1717 = EDGE_CURVE ( 'NONE', #2605, #1017, #380, .T. ) ;
#1718 = CARTESIAN_POINT ( 'NONE',  ( 19.64475380110399882, 93.10757410786800392, -101.8688712216920038 ) ) ;
#1719 = ADVANCED_FACE ( 'NONE', ( #1319 ), #291, .F. ) ;
#1720 = VERTEX_POINT ( 'NONE', #1677 ) ;
#1721 = DIRECTION ( 'NONE',  ( -0.0005060740159290001098, 0.000000000000000000, -0.9999998719445370998 ) ) ;
#1722 = CARTESIAN_POINT ( 'NONE',  ( 67.32226230667700406, 118.9340236083431961, -109.1828005064795946 ) ) ;
#1723 = CARTESIAN_POINT ( 'NONE',  ( 25.21159747430472464, 98.04945830552823338, -119.2067083655333732 ) ) ;
#1724 = CALENDAR_DATE ( 2026, 6, 9 ) ;
#1725 = AXIS2_PLACEMENT_3D ( 'NONE', #2390, #2187, #1182 ) ;
#1726 = FACE_OUTER_BOUND ( 'NONE', #2563, .T. ) ;
#1727 = CARTESIAN_POINT ( 'NONE',  ( 73.78952365861033513, 113.5701918997083624, -116.8947094368528070 ) ) ;
#1728 = VECTOR ( 'NONE', #2059, 1000.000000000000114 ) ;
#1729 = ORIENTED_EDGE ( 'NONE', *, *, #1908, .T. ) ;
#1730 = VERTEX_POINT ( 'NONE', #1882 ) ;
#1731 = FACE_OUTER_BOUND ( 'NONE', #435, .T. ) ;
#1732 = DIRECTION ( 'NONE',  ( 0.7609933341112127270, 0.6487595834526490579, -0.0003851190020054408541 ) ) ;
#1733 = ORIENTED_EDGE ( 'NONE', *, *, #1077, .T. ) ;
#1734 = CARTESIAN_POINT ( 'NONE',  ( 8.119229897060403545, 97.15591500194464913, -119.3545632778591425 ) ) ;
#1735 = DIRECTION ( 'NONE',  ( -0.0005060740159290000014, -0.000000000000000000, -0.9999998719445369888 ) ) ;
#1736 = CARTESIAN_POINT ( 'NONE',  ( 2.282256200729785078, 92.30757410786799255, -120.2008644168293898 ) ) ;
#1737 = COORDINATED_UNIVERSAL_TIME_OFFSET ( 2, 0, .AHEAD. ) ;
#1738 = CARTESIAN_POINT ( 'NONE',  ( 40.77925363506400203, 97.10757410786798971, -92.87956569176800770 ) ) ;
#1739 = TOROIDAL_SURFACE ( 'NONE', #791, 20.00000000000000000, 5.000000000000000000 ) ;
#1740 = CARTESIAN_POINT ( 'NONE',  ( 10.15710539972186055, 146.9670433871095838, -114.1030277158975963 ) ) ;
#1741 = CARTESIAN_POINT ( 'NONE',  ( 40.77925363506400203, 93.10757410786800392, -92.87956569176800770 ) ) ;
#1742 = CARTESIAN_POINT ( 'NONE',  ( 13.59338933367325986, 139.5712386191834185, -110.8658099354811952 ) ) ;
#1743 = EDGE_CURVE ( 'NONE', #2688, #1982, #2614, .T. ) ;
#1744 = ORIENTED_EDGE ( 'NONE', *, *, #709, .F. ) ;
#1745 = VERTEX_POINT ( 'NONE', #1459 ) ;
#1746 = CARTESIAN_POINT ( 'NONE',  ( 65.56976428712933114, 109.5501170085138085, -117.4269058159665491 ) ) ;
#1747 = CARTESIAN_POINT ( 'NONE',  ( 75.91012712460047851, 97.69336054549491166, -101.8973456687739088 ) ) ;
#1748 = VERTEX_POINT ( 'NONE', #925 ) ;
#1749 = ORIENTED_EDGE ( 'NONE', *, *, #1275, .F. ) ;
#1750 = LINE ( 'NONE', #96, #934 ) ;
#1751 = EDGE_CURVE ( 'NONE', #2096, #205, #1118, .T. ) ;
#1752 = CYLINDRICAL_SURFACE ( 'NONE', #2556, 25.00000000000000000 ) ;
#1753 = PERSON_AND_ORGANIZATION ( #1532, #1497 ) ;
#1754 = CARTESIAN_POINT ( 'NONE',  ( 76.10755327723917674, 97.10757410786798971, -100.0813608482578445 ) ) ;
#1755 = DIRECTION ( 'NONE',  ( 0.0005060740159290000014, -0.000000000000000000, 0.9999998719445369888 ) ) ;
#1756 = EDGE_CURVE ( 'NONE', #1982, #1358, #591, .T. ) ;
#1757 = LINE ( 'NONE', #939, #1927 ) ;
#1758 = EDGE_CURVE ( 'NONE', #2264, #663, #8, .T. ) ;
#1759 = CIRCLE ( 'NONE', #245, 20.00000000000000000 ) ;
#1760 = VERTEX_POINT ( 'NONE', #1944 ) ;
#1761 = CARTESIAN_POINT ( 'NONE',  ( 71.23502733329161174, 119.0323869687373985, -1.931122092275235014 ) ) ;
#1762 = B_SPLINE_CURVE_WITH_KNOTS ( 'NONE', 3,
 ( #2645, #1404, #772, #568, #754, #1392, #2441, #1621, #2671, #1585, #2222, #608, #2454, #1831, #1014, #2236, #2005, #1001, #2467, #379, #594, #2427, #1205, #2630, #814, #391, #364, #580, #1189, #2020, #1636, #1220, #2414, #1418, #2050, #162, #957, #2250, #147, #1788, #187, #985, #786, #553, #2036, #175, #1433, #2266, #1378, #1161, #2210, #350, #1174, #970, #1803, #1233, #203, #1859, #1029, #403, #2063 ),
 .UNSPECIFIED., .F., .F.,
 ( 4, 3, 3, 3, 3, 3, 3, 3, 3, 3, 3, 3, 3, 3, 3, 3, 3, 3, 3, 3, 4 ),
 ( -3.899137642120728664, -3.896224737798500204, -3.590302691997760309, -3.310263026924340046, -3.049653494907899720, -2.986595682519780137, -2.752897698659260151, -2.526739644638060334, -2.302725769045639748, -2.080656431430039977, -2.051803747077709961, -1.830941108569760001, -1.608308467467630010, -1.383981561754000111, -1.156008634667520241, -1.079010673437750256, -0.8339280834373008489, -0.5776781549555929374, -0.5582979656887308018, -0.2502147685839908320, -9.999999983634211276E-07 ),
 .UNSPECIFIED. ) ;
#1763 = CARTESIAN_POINT ( 'NONE',  ( 8.126770877303522767, 97.10757410786801813, -101.0615609638422114 ) ) ;
#1764 = ORIENTED_EDGE ( 'NONE', *, *, #509, .F. ) ;
#1765 = ORIENTED_EDGE ( 'NONE', *, *, #1278, .T. ) ;
#1766 = CARTESIAN_POINT ( 'NONE',  ( 75.90132207441766354, 97.69336010959256100, -119.2952220185167249 ) ) ;
#1767 = CARTESIAN_POINT ( 'NONE',  ( 12.03757819979579935, 117.7995857511340034, -116.3434669176618002 ) ) ;
#1768 = EDGE_CURVE ( 'NONE', #1259, #974, #1759, .T. ) ;
#1769 = CARTESIAN_POINT ( 'NONE',  ( 59.33395821717680008, 105.1075741078680039, -82.88895446627790875 ) ) ;
#1770 = DIRECTION ( 'NONE',  ( -6.518728612968409410E-16, -1.000000000000000000, 3.298959590366634863E-19 ) ) ;
#1771 = PLANE ( 'NONE',  #414 ) ;
#1772 = ORIENTED_EDGE ( 'NONE', *, *, #2487, .F. ) ;
#1773 = DIRECTION ( 'NONE',  ( 0.0005060740159290000014, -0.000000000000000000, 0.9999998719445369888 ) ) ;
#1774 = VECTOR ( 'NONE', #2258, 999.9999999999998863 ) ;
#1775 = CARTESIAN_POINT ( 'NONE',  ( 11.80717778542420859, 97.10757410786800392, -98.47059151531621524 ) ) ;
#1776 = ORIENTED_EDGE ( 'NONE', *, *, #2043, .T. ) ;
#1777 = ORIENTED_EDGE ( 'NONE', *, *, #1958, .T. ) ;
#1778 = CARTESIAN_POINT ( 'NONE',  ( 7.436230941168120445, 124.1108632018292042, -115.6571052892343943 ) ) ;
#1779 = AXIS2_PLACEMENT_3D ( 'NONE', #1444, #2034, #1842 ) ;
#1780 = DIRECTION ( 'NONE',  ( -0.0005060740159290001098, 0.000000000000000000, -0.9999998719445370998 ) ) ;
#1781 = EDGE_CURVE ( 'NONE', #1270, #556, #2544, .T. ) ;
#1782 = EDGE_CURVE ( 'NONE', #205, #663, #370, .T. ) ;
#1783 = CARTESIAN_POINT ( 'NONE',  ( 76.38883887857237198, 97.10757410786800392, -100.4710154861981550 ) ) ;
#1784 = CARTESIAN_POINT ( 'NONE',  ( 75.31576811486269207, 100.3911584859116033, -118.8365595587157912 ) ) ;
#1785 = DIRECTION ( 'NONE',  ( 0.7160408238415316706, -0.6980584062901474818, 0.000000000000000000 ) ) ;
#1786 = AXIS2_PLACEMENT_3D ( 'NONE', #2367, #534, #1361 ) ;
#1787 = VERTEX_POINT ( 'NONE', #1549 ) ;
#1788 = CARTESIAN_POINT ( 'NONE',  ( 3.104692131759275053, 127.3474616972273878, -115.3479668590118052 ) ) ;
#1789 = PLANE ( 'NONE',  #50 ) ;
#1790 = CARTESIAN_POINT ( 'NONE',  ( 12.20222386768512202, 97.10757410786797550, -98.25115827029722482 ) ) ;
#1791 = ORIENTED_EDGE ( 'NONE', *, *, #954, .F. ) ;
#1792 = EDGE_LOOP ( 'NONE', ( #2091, #2269, #1969, #2309 ) ) ;
#1793 = CARTESIAN_POINT ( 'NONE',  ( 8.916562271652319183, 121.5234137710639999, -115.9252979494960130 ) ) ;
#1794 = VECTOR ( 'NONE', #312, 999.9999999999998863 ) ;
#1795 = ADVANCED_FACE ( 'NONE', ( #2596 ), #502, .F. ) ;
#1796 = LINE ( 'NONE', #2202, #2311 ) ;
#1797 = CARTESIAN_POINT ( 'NONE',  ( 46.23830620587260398, 105.6301131222290053, -103.3823297213618986 ) ) ;
#1798 = CARTESIAN_POINT ( 'NONE',  ( 10.02880296802840121, 115.6250087465758014, -1.900147208544354926 ) ) ;
#1799 = DIRECTION ( 'NONE',  ( 0.9999998719445369888, 0.000000000000000000, -0.0005060740159306818158 ) ) ;
#1800 = ORIENTED_EDGE ( 'NONE', *, *, #1560, .T. ) ;
#1801 = VECTOR ( 'NONE', #2507, 1000.000000000000000 ) ;
#1802 = AXIS2_PLACEMENT_3D ( 'NONE', #1145, #1171, #983 ) ;
#1803 = CARTESIAN_POINT ( 'NONE',  ( 6.410739787257809574, 119.8737641713236002, -116.1038212401663969 ) ) ;
#1804 = CARTESIAN_POINT ( 'NONE',  ( 40.77925363506400203, 97.10757410786798971, -92.87956569176800770 ) ) ;
#1805 = ORIENTED_EDGE ( 'NONE', *, *, #1032, .T. ) ;
#1806 = EDGE_CURVE ( 'NONE', #1165, #1490, #1750, .T. ) ;
#1807 = CIRCLE ( 'NONE', #1412, 1.499999999999999334 ) ;
#1808 = ORIENTED_EDGE ( 'NONE', *, *, #2032, .F. ) ;
#1809 = CARTESIAN_POINT ( 'NONE',  ( 76.40750473418400190, 97.30813490718050218, -119.3625159417917985 ) ) ;
#1810 = EDGE_CURVE ( 'NONE', #354, #1276, #1114, .T. ) ;
#1811 = DIRECTION ( 'NONE',  ( 0.0005060740159290001098, -0.000000000000000000, 0.9999998719445370998 ) ) ;
#1812 = CARTESIAN_POINT ( 'NONE',  ( 14.53900498818330078, 106.4610025180465982, -117.8514940209140036 ) ) ;
#1813 = CARTESIAN_POINT ( 'NONE',  ( 34.91989871721330019, 156.5296987036840051, -113.8887209682114019 ) ) ;
#1814 = CARTESIAN_POINT ( 'NONE',  ( 54.60557739065769312, 112.7011809340946087, -110.8865651408512036 ) ) ;
#1815 = DIRECTION ( 'NONE',  ( 0.9999998719445370998, 0.000000000000000000, -0.0005060740159288560193 ) ) ;
#1816 = ORIENTED_EDGE ( 'NONE', *, *, #2663, .F. ) ;
#1817 = ADVANCED_FACE ( 'NONE', ( #935 ), #2455, .T. ) ;
#1818 = DIRECTION ( 'NONE',  ( 0.0005060740159296142019, 0.000000000000000000, 0.9999998719445369888 ) ) ;
#1819 = CARTESIAN_POINT ( 'NONE',  ( -7.720728006086129191, 101.1075741078680039, -90.85502085203241052 ) ) ;
#1820 = ORIENTED_EDGE ( 'NONE', *, *, #318, .F. ) ;
#1821 = AXIS2_PLACEMENT_3D ( 'NONE', #2228, #1811, #2378 ) ;
#1822 = EDGE_LOOP ( 'NONE', ( #2158, #799 ) ) ;
#1823 = DIRECTION ( 'NONE',  ( 0.9999998719445370998, 0.000000000000000000, -0.0005060740159290001098 ) ) ;
#1824 = CIRCLE ( 'NONE', #649, 1.299999999999997602 ) ;
#1825 = DIRECTION ( 'NONE',  ( -0.0005060740159290000014, -0.000000000000000000, -0.9999998719445369888 ) ) ;
#1826 = DIRECTION ( 'NONE',  ( 0.000000000000000000, 1.000000000000000000, 0.000000000000000000 ) ) ;
#1827 = CARTESIAN_POINT ( 'NONE',  ( 19.36825196164145524, 146.6423064310490076, -103.3687314833610884 ) ) ;
#1828 = FACE_OUTER_BOUND ( 'NONE', #2199, .T. ) ;
#1829 = CARTESIAN_POINT ( 'NONE',  ( 31.59956729186404800, 154.3659086891739776, -113.9168992908533937 ) ) ;
#1830 = EDGE_LOOP ( 'NONE', ( #1835, #1620 ) ) ;
#1831 = CARTESIAN_POINT ( 'NONE',  ( 4.464902340079070164, 143.3442094277600063, -114.2519618577937877 ) ) ;
#1832 = EDGE_CURVE ( 'NONE', #1435, #731, #2585, .T. ) ;
#1833 = CIRCLE ( 'NONE', #97, 5.000000000000001776 ) ;
#1834 = CARTESIAN_POINT ( 'NONE',  ( 65.33395744884400358, 105.1075741078680039, -82.89199091037349376 ) ) ;
#1835 = ORIENTED_EDGE ( 'NONE', *, *, #1659, .T. ) ;
#1836 = VECTOR ( 'NONE', #1669, 999.9999999999998863 ) ;
#1837 = ORIENTED_EDGE ( 'NONE', *, *, #1278, .F. ) ;
#1838 = LINE ( 'NONE', #1018, #160 ) ;
#1839 = FACE_OUTER_BOUND ( 'NONE', #2511, .T. ) ;
#1840 = CARTESIAN_POINT ( 'NONE',  ( 40.77925363506400203, 97.10757410786798971, -92.87956569176800770 ) ) ;
#1841 = DIRECTION ( 'NONE',  ( -8.881783059640259680E-16, -1.000000000000000000, 4.494840197191149366E-19 ) ) ;
#1842 = DIRECTION ( 'NONE',  ( 0.9999998719445370998, 0.000000000000000000, -0.0005060740159296137682 ) ) ;
#1843 = CARTESIAN_POINT ( 'NONE',  ( 40.77925363506400203, 94.10757410786798971, -92.87956569176800770 ) ) ;
#1844 = VERTEX_POINT ( 'NONE', #80 ) ;
#1845 = FACE_OUTER_BOUND ( 'NONE', #1381, .T. ) ;
#1846 = DIRECTION ( 'NONE',  ( 0.9999998719445369888, 0.000000000000000000, -0.0005060740159306811653 ) ) ;
#1847 = ORIENTED_EDGE ( 'NONE', *, *, #1415, .T. ) ;
#1848 = ORIENTED_EDGE ( 'NONE', *, *, #1181, .T. ) ;
#1849 = VECTOR ( 'NONE', #2665, 999.9999999999998863 ) ;
#1850 = CARTESIAN_POINT ( 'NONE',  ( 67.37947155833529678, 115.7885890514741902, -101.8930285251001919 ) ) ;
#1851 = AXIS2_PLACEMENT_3D ( 'NONE', #1049, #2085, #1681 ) ;
#1852 = AXIS2_PLACEMENT_3D ( 'NONE', #2092, #1755, #911 ) ;
#1853 = CARTESIAN_POINT ( 'NONE',  ( 13.59450162179071953, 110.2627477448301931, -117.3054947663608090 ) ) ;
#1854 = CARTESIAN_POINT ( 'NONE',  ( 26.84461987487049939, 157.8840617293584785, -113.8725163703827974 ) ) ;
#1855 = DIRECTION ( 'NONE',  ( -0.0005060740159296142019, 0.000000000000000000, -0.9999998719445369888 ) ) ;
#1856 = CARTESIAN_POINT ( 'NONE',  ( 42.05282241545089761, 148.5868500793120006, -114.0639693268289960 ) ) ;
#1857 = DIRECTION ( 'NONE',  ( 0.9189387418193457613, 0.3944000158607647855, -0.0004650510790173607053 ) ) ;
#1858 = ORIENTED_EDGE ( 'NONE', *, *, #326, .F. ) ;
#1859 = CARTESIAN_POINT ( 'NONE',  ( 8.255980293797460234, 117.4292652245101891, -116.3850906264618033 ) ) ;
#1860 = DIRECTION ( 'NONE',  ( -0.0005060740159290000014, 0.000000000000000000, -0.9999998719445369888 ) ) ;
#1861 = VERTEX_POINT ( 'NONE', #1983 ) ;
#1862 = ORIENTED_EDGE ( 'NONE', *, *, #1989, .F. ) ;
#1863 = DIRECTION ( 'NONE',  ( -0.9999998719445369888, 0.000000000000000000, 0.0005060740159305394600 ) ) ;
#1864 = CIRCLE ( 'NONE', #1038, 4.999999999999998224 ) ;
#1865 = CARTESIAN_POINT ( 'NONE',  ( 14.21791700289115923, 108.3222112017306102, -117.5788214597966004 ) ) ;
#1866 = DIRECTION ( 'NONE',  ( 8.829703138580910731E-16, 1.000000000000000000, -4.468483899014419825E-19 ) ) ;
#1867 = CARTESIAN_POINT ( 'NONE',  ( 44.52925315485601487, 94.60757410786798971, -92.88146346932774122 ) ) ;
#1868 = EDGE_CURVE ( 'NONE', #264, #1067, #2201, .T. ) ;
#1869 = CARTESIAN_POINT ( 'NONE',  ( 36.43842996027714776, 152.6275879844025098, -113.9525107345640009 ) ) ;
#1870 = VERTEX_POINT ( 'NONE', #1166 ) ;
#1871 = ADVANCED_FACE ( 'NONE', ( #703 ), #1995, .T. ) ;
#1872 = CARTESIAN_POINT ( 'NONE',  ( 5.408061662678450787, 135.0833331311264089, -114.7305456866325954 ) ) ;
#1874 = ORIENTED_EDGE ( 'NONE', *, *, #1066, .T. ) ;
#1873 = PRODUCT ( 'Shoulder', 'Shoulder', '', ( #413 ) ) ;
#1875 = CARTESIAN_POINT ( 'NONE',  ( 54.60937294577709622, 112.7011809340946087, -103.3865661012671922 ) ) ;
#1876 = DIRECTION ( 'NONE',  ( 0.9999998719445369888, 0.000000000000000000, -0.0005060740159306811653 ) ) ;
#1877 = CARTESIAN_POINT ( 'NONE',  ( 17.83620517206876599, 133.3840542838009924, -141.3689610204266387 ) ) ;
#1878 = DIRECTION ( 'NONE',  ( 0.000000000000000000, -1.000000000000000000, 0.000000000000000000 ) ) ;
#1879 = CARTESIAN_POINT ( 'NONE',  ( 33.02830713146424557, 153.9904954192824960, -113.9240816513750048 ) ) ;
#1880 = DIRECTION ( 'NONE',  ( 0.0005060740159290000014, -0.000000000000000000, 0.9999998719445369888 ) ) ;
#1881 = EDGE_LOOP ( 'NONE', ( #280, #1800, #45, #1339 ) ) ;
#1882 = CARTESIAN_POINT ( 'NONE',  ( 44.18030836989554899, 150.7081704228720298, -101.8812880299158081 ) ) ;
#1883 = VERTEX_POINT ( 'NONE', #2349 ) ;
#1884 = DIRECTION ( 'NONE',  ( 0.9999998719445370998, 0.000000000000000000, -0.0005060740159296137682 ) ) ;
#1885 = EDGE_LOOP ( 'NONE', ( #1765, #542, #32, #944 ) ) ;
#1886 = AXIS2_PLACEMENT_3D ( 'NONE', #1843, #1470, #31 ) ;
#1887 = CARTESIAN_POINT ( 'NONE',  ( 20.66445624004990123, 146.6423064310490076, -110.8693884191658015 ) ) ;
#1888 = CARTESIAN_POINT ( 'NONE',  ( 24.32717999468435011, 157.7558839483814950, -113.8721857988118131 ) ) ;
#1889 = CARTESIAN_POINT ( 'NONE',  ( 13.42523006751286019, 119.2493037541728143, -96.86572304165859748 ) ) ;
#1890 = CIRCLE ( 'NONE', #1456, 1.299999999999997602 ) ;
#1891 = CARTESIAN_POINT ( 'NONE',  ( 72.05486478755535984, 97.10757410786798971, -97.03590309606026665 ) ) ;
#1892 = ORIENTED_EDGE ( 'NONE', *, *, #1219, .T. ) ;
#1893 = CARTESIAN_POINT ( 'NONE',  ( 73.79630639681188597, 113.5516575059229893, -116.8971017443469265 ) ) ;
#1894 = CARTESIAN_POINT ( 'NONE',  ( 5.553481600465749679, 130.3499925853460297, -115.0890957605434153 ) ) ;
#1895 = ORIENTED_EDGE ( 'NONE', *, *, #421, .T. ) ;
#1896 = DIRECTION ( 'NONE',  ( 0.0005060740159290000014, -0.000000000000000000, 0.9999998719445369888 ) ) ;
#1897 = ORIENTED_EDGE ( 'NONE', *, *, #2594, .F. ) ;
#1898 = DIRECTION ( 'NONE',  ( 0.7071066906376609618, -0.7071067811865477948, -0.0003578483684457046303 ) ) ;
#1899 = CARTESIAN_POINT ( 'NONE',  ( 59.32940355103340124, 109.1075741078679897, -91.88895331377869979 ) ) ;
#1900 = CARTESIAN_POINT ( 'NONE',  ( 40.51864443853954612, 147.3087031594837981, -96.87943431643039105 ) ) ;
#1901 = CARTESIAN_POINT ( 'NONE',  ( 74.83228513815031135, 97.10757410786797550, -98.65252805657482327 ) ) ;
#1902 = AXIS2_PLACEMENT_3D ( 'NONE', #779, #1411, #2489 ) ;
#1903 = ORIENTED_EDGE ( 'NONE', *, *, #956, .T. ) ;
#1904 = LINE ( 'NONE', #1511, #962 ) ;
#1905 = ADVANCED_FACE ( 'NONE', ( #732 ), #487, .F. ) ;
#1906 = CIRCLE ( 'NONE', #1779, 5.000000000000001776 ) ;
#1907 = EDGE_LOOP ( 'NONE', ( #621, #596, #919, #840, #36, #495 ) ) ;
#1908 = EDGE_CURVE ( 'NONE', #1883, #2066, #299, .T. ) ;
#1909 = CARTESIAN_POINT ( 'NONE',  ( 59.32788532898560163, 109.1075741078679897, -94.88895292961230155 ) ) ;
#1910 = VERTEX_POINT ( 'NONE', #1640 ) ;
#1911 = CARTESIAN_POINT ( 'NONE',  ( 75.31978609584329831, 93.10757410786800392, -110.8970480649797992 ) ) ;
#1912 = CARTESIAN_POINT ( 'NONE',  ( 9.307060357319986821, 150.4864863609615497, -113.9908174240802765 ) ) ;
#1913 = CARTESIAN_POINT ( 'NONE',  ( 20.36691620590325158, 107.5682061573893122, -117.6916286850780580 ) ) ;
#1914 = APPROVAL_STATUS ( 'not_yet_approved' ) ;
#1915 = EDGE_CURVE ( 'NONE', #718, #1870, #458, .T. ) ;
#1916 = DIRECTION ( 'NONE',  ( 6.518728612968409410E-16, 1.000000000000000000, -3.298959590366005084E-19 ) ) ;
#1917 = ADVANCED_FACE ( 'NONE', ( #2215 ), #2471, .F. ) ;
#1918 = VECTOR ( 'NONE', #2148, 999.9999999999998863 ) ;
#1919 = CARTESIAN_POINT ( 'NONE',  ( 21.67695976555945236, 105.9055917992887998, -109.1597006019562031 ) ) ;
#1920 = ORIENTED_EDGE ( 'NONE', *, *, #2486, .T. ) ;
#1921 = CARTESIAN_POINT ( 'NONE',  ( 56.01979077193300327, 119.0651419647734031, -110.8872808375880084 ) ) ;
#1922 = ORIENTED_EDGE ( 'NONE', *, *, #1415, .F. ) ;
#1923 = CARTESIAN_POINT ( 'NONE',  ( 48.02925270666190016, 97.10757410786798971, -92.88323472838349915 ) ) ;
#1924 = CARTESIAN_POINT ( 'NONE',  ( 17.09835309107415213, 155.8596680258740150, -113.8876814476666084 ) ) ;
#1925 = B_SPLINE_CURVE_WITH_KNOTS ( 'NONE', 3,
 ( #2310, #1366, #2196, #942 ),
 .UNSPECIFIED., .F., .F.,
 ( 4, 4 ),
 ( 0.000000000000000000, 0.01615029052697350073 ),
 .UNSPECIFIED. ) ;
#1926 = CARTESIAN_POINT ( 'NONE',  ( 41.50071262911645675, 148.2234307040249917, -97.01866690036268892 ) ) ;
#1927 = VECTOR ( 'NONE', #2179, 999.9999999999998863 ) ;
#1928 = CIRCLE ( 'NONE', #1710, 48.49999999999999289 ) ;
#1929 = PERSON_AND_ORGANIZATION ( #1532, #1497 ) ;
#1930 = CIRCLE ( 'NONE', #1667, 1.300000000000000933 ) ;
#1931 = DIRECTION ( 'NONE',  ( 0.7071066906376614059, -0.7071067811865473507, -0.0003578483684457046845 ) ) ;
#1932 = DIRECTION ( 'NONE',  ( 0.0005060740159290000014, 0.000000000000000000, 0.9999998719445369888 ) ) ;
#1933 = ORIENTED_EDGE ( 'NONE', *, *, #52, .F. ) ;
#1934 = VERTEX_POINT ( 'NONE', #1626 ) ;
#1935 = DIRECTION ( 'NONE',  ( -0.0005060740159290001098, 0.000000000000000000, -0.9999998719445370998 ) ) ;
#1936 = CARTESIAN_POINT ( 'NONE',  ( 9.465501140984160955, 97.10757410786798971, -100.0244262444719396 ) ) ;
#1937 = ORIENTED_EDGE ( 'NONE', *, *, #1528, .F. ) ;
#1938 = CARTESIAN_POINT ( 'NONE',  ( 7.113000238730510461, 124.8202860508516068, -115.5869673374199920 ) ) ;
#1939 = CARTESIAN_POINT ( 'NONE',  ( 26.85163978312944977, 133.3840542838009924, -110.8725195923895939 ) ) ;
#1940 = LINE ( 'NONE', #476, #1353 ) ;
#1941 = ADVANCED_FACE ( 'NONE', ( #1180, #1237 ), #2010, .F. ) ;
#1942 = CALENDAR_DATE ( 2026, 6, 9 ) ;
#1943 = CIRCLE ( 'NONE', #1725, 1.299999999999997602 ) ;
#1944 = CARTESIAN_POINT ( 'NONE',  ( 19.36445640652198463, 146.6423064310490076, -110.8687305229450857 ) ) ;
#1945 = LINE ( 'NONE', #292, #2069 ) ;
#1946 = DIRECTION ( 'NONE',  ( -6.518728612968409410E-16, -1.000000000000000000, 3.298959590366005084E-19 ) ) ;
#1947 = AXIS2_PLACEMENT_3D ( 'NONE', #2031, #1185, #2380 ) ;
#1948 = VERTEX_POINT ( 'NONE', #1194 ) ;
#1949 = ORIENTED_EDGE ( 'NONE', *, *, #2265, .T. ) ;
#1950 = CARTESIAN_POINT ( 'NONE',  ( 75.33766321269409616, 98.71387942658529369, -119.1192518428498062 ) ) ;
#1951 = EDGE_CURVE ( 'NONE', #1569, #341, #760, .T. ) ;
#1952 = CARTESIAN_POINT ( 'NONE',  ( 49.52925251457870104, 93.10757410786800392, -92.88399383940739540 ) ) ;
#1953 = EDGE_LOOP ( 'NONE', ( #95, #2387, #753, #2466 ) ) ;
#1954 = ORIENTED_EDGE ( 'NONE', *, *, #2346, .T. ) ;
#1955 = CARTESIAN_POINT ( 'NONE',  ( 6.567430281934160341, 126.2140248961715940, -115.4535262101550046 ) ) ;
#1956 = EDGE_CURVE ( 'NONE', #135, #1663, #192, .T. ) ;
#1957 = CARTESIAN_POINT ( 'NONE',  ( 75.32434076198670425, 104.9661542961700036, -101.8970492174790081 ) ) ;
#1958 = EDGE_CURVE ( 'NONE', #2606, #1787, #818, .T. ) ;
#1959 = CALENDAR_DATE ( 2026, 6, 9 ) ;
#1960 = DIRECTION ( 'NONE',  ( 0.0005060740159290001098, 0.000000000000000000, 0.9999998719445370998 ) ) ;
#1961 = AXIS2_PLACEMENT_3D ( 'NONE', #1367, #81, #908 ) ;
#1962 = DIRECTION ( 'NONE',  ( 0.9999998719445370998, 0.000000000000000000, -0.0005060740159288515741 ) ) ;
#1963 = CARTESIAN_POINT ( 'NONE',  ( 59.32788532898560163, 97.10757410786798971, -94.88895292961230155 ) ) ;
#1964 = ORIENTED_EDGE ( 'NONE', *, *, #699, .F. ) ;
#1965 = CYLINDRICAL_SURFACE ( 'NONE', #864, 1.299999999999999156 ) ;
#1966 = CYLINDRICAL_SURFACE ( 'NONE', #1255, 1.499999999999999334 ) ;
#1967 = ORIENTED_EDGE ( 'NONE', *, *, #2640, .F. ) ;
#1968 = EDGE_CURVE ( 'NONE', #2593, #2130, #1838, .T. ) ;
#1969 = ORIENTED_EDGE ( 'NONE', *, *, #586, .F. ) ;
#1970 = CARTESIAN_POINT ( 'NONE',  ( 8.137236310216639623, 122.7702055583723961, -115.7934453708728029 ) ) ;
#1971 = CARTESIAN_POINT ( 'NONE',  ( 15.57864979216621926, 114.1484610357812528, -116.7917059294756115 ) ) ;
#1972 = LINE ( 'NONE', #1551, #7 ) ;
#1973 = DIRECTION ( 'NONE',  ( 0.9999998719445369888, 0.000000000000000000, -0.0005060740159306824663 ) ) ;
#1974 = AXIS2_PLACEMENT_3D ( 'NONE', #1491, #2131, #1876 ) ;
#1975 = DIRECTION ( 'NONE',  ( 0.9383477448555386236, 0.3456924705857940539, -0.0004748734723870882729 ) ) ;
#1976 = AXIS2_PLACEMENT_3D ( 'NONE', #776, #1601, #152 ) ;
#1977 = ORIENTED_EDGE ( 'NONE', *, *, #761, .T. ) ;
#1978 = CARTESIAN_POINT ( 'NONE',  ( 65.23676232901796368, 111.2639891042476847, -117.1909755930714141 ) ) ;
#1979 = EDGE_CURVE ( 'NONE', #348, #1515, #1807, .T. ) ;
#1980 = LINE ( 'NONE', #717, #560 ) ;
#1981 = VERTEX_POINT ( 'NONE', #2070 ) ;
#1982 = VERTEX_POINT ( 'NONE', #2040 ) ;
#1983 = CARTESIAN_POINT ( 'NONE',  ( 65.33446352285989178, 109.1075741078679897, -81.89199103842889826 ) ) ;
#1984 = CARTESIAN_POINT ( 'NONE',  ( 19.80388931252235807, 108.4760741674597284, -117.5600607021781201 ) ) ;
#1985 = DIRECTION ( 'NONE',  ( -0.7160406874679666744, 0.6980584521217769733, 0.0003623696326786434428 ) ) ;
#1986 = DIRECTION ( 'NONE',  ( -0.0005060740159290001098, 0.000000000000000000, -0.9999998719445370998 ) ) ;
#1987 = LINE ( 'NONE', #726, #1107 ) ;
#1988 = ORIENTED_EDGE ( 'NONE', *, *, #33, .F. ) ;
#1989 = EDGE_CURVE ( 'NONE', #2264, #1004, #1622, .T. ) ;
#1990 = CARTESIAN_POINT ( 'NONE',  ( 57.42006271602354417, 130.5515663400167909, -115.0540083532728914 ) ) ;
#1991 = CARTESIAN_POINT ( 'NONE',  ( 59.32788532898560163, 106.1075741078680039, -94.88895292961230155 ) ) ;
#1992 = CARTESIAN_POINT ( 'NONE',  ( 9.378532681054599252, 97.10757410786800392, -100.0895333293910738 ) ) ;
#1993 = EDGE_LOOP ( 'NONE', ( #2323, #1345, #525, #2184 ) ) ;
#1994 = ORIENTED_EDGE ( 'NONE', *, *, #930, .F. ) ;
#1995 = CYLINDRICAL_SURFACE ( 'NONE', #1629, 48.50000000000000711 ) ;
#1996 = VECTOR ( 'NONE', #604, 999.9999999999998863 ) ;
#1997 = CARTESIAN_POINT ( 'NONE',  ( 19.78718068073808567, 108.5023969789974245, -117.5562833008770980 ) ) ;
#1998 = CARTESIAN_POINT ( 'NONE',  ( 66.31548561920709517, 97.10757410786798971, -119.3924923103650002 ) ) ;
#1999 = DIRECTION ( 'NONE',  ( -6.518728612968409410E-16, -1.000000000000000000, 3.298959590366634863E-19 ) ) ;
#2000 = CARTESIAN_POINT ( 'NONE',  ( 65.33395744884400358, 101.1075741078680039, -82.89199091037349376 ) ) ;
#2001 = ADVANCED_FACE ( 'NONE', ( #166 ), #2419, .T. ) ;
#2002 = AXIS2_PLACEMENT_3D ( 'NONE', #1285, #1323, #1271 ) ;
#2003 = ORIENTED_EDGE ( 'NONE', *, *, #1568, .F. ) ;
#2004 = ADVANCED_FACE ( 'NONE', ( #599 ), #1034, .T. ) ;
#2005 = CARTESIAN_POINT ( 'NONE',  ( 3.994172996526939912, 142.2424613535410174, -114.3041130108515944 ) ) ;
#2006 = DIRECTION ( 'NONE',  ( -0.0005060740159290000014, -0.000000000000000000, -0.9999998719445369888 ) ) ;
#2007 = DIRECTION ( 'NONE',  ( -0.0005060740159290000014, -0.000000000000000000, -0.9999998719445369888 ) ) ;
#2008 = ORIENTED_EDGE ( 'NONE', *, *, #337, .T. ) ;
#2009 = EDGE_LOOP ( 'NONE', ( #367, #1895 ) ) ;
#2010 = PLANE ( 'NONE',  #1976 ) ;
#2011 = AXIS2_PLACEMENT_3D ( 'NONE', #2022, #1860, #2443 ) ;
#2012 = CARTESIAN_POINT ( 'NONE',  ( 67.32139681889489680, 118.9340236083431961, -110.8930002874789835 ) ) ;
#2013 = DIRECTION ( 'NONE',  ( 0.9999998719445369888, 0.000000000000000000, -0.0005060740159290000014 ) ) ;
#2014 = CARTESIAN_POINT ( 'NONE',  ( 29.15631814419969814, 157.7862401667449888, -113.8744001200799829 ) ) ;
#2015 = EDGE_CURVE ( 'NONE', #927, #1745, #1672, .T. ) ;
#2016 = FACE_BOUND ( 'NONE', #788, .T. ) ;
#2017 = CARTESIAN_POINT ( 'NONE',  ( 37.02925411527198918, 94.60757410786798971, -92.87766791420825996 ) ) ;
#2018 = ORIENTED_EDGE ( 'NONE', *, *, #1517, .F. ) ;
#2019 = CIRCLE ( 'NONE', #373, 15.00000000000000355 ) ;
#2020 = CARTESIAN_POINT ( 'NONE',  ( 2.357554012673344968, 134.0138243829200064, -114.8051421771643987 ) ) ;
#2021 = LOCAL_TIME ( 12, 21, 31.00000000000000000, #290 ) ;
#2022 = CARTESIAN_POINT ( 'NONE',  ( 26.90678355367300156, 133.3840542838009924, -1.908688717053894868 ) ) ;
#2023 = EDGE_LOOP ( 'NONE', ( #2154, #1702, #1209, #635 ) ) ;
#2024 = AXIS2_PLACEMENT_3D ( 'NONE', #1850, #2662, #179 ) ;
#2025 = VERTEX_POINT ( 'NONE', #790 ) ;
#2026 = DIRECTION ( 'NONE',  ( -0.000000000000000000, 1.000000000000000000, -0.000000000000000000 ) ) ;
#2027 = DIRECTION ( 'NONE',  ( 0.9383477448555388456, 0.3456924705857937763, -0.0004748734723869495493 ) ) ;
#2028 = DESIGN_CONTEXT ( 'detailed design', #2391, 'design' ) ;
#2029 = DIRECTION ( 'NONE',  ( -0.9999998719445370998, 0.000000000000000000, 0.0005060740159296140935 ) ) ;
#2030 = CARTESIAN_POINT ( 'NONE',  ( 39.53200129629985327, 154.3463857568055175, -113.9212878540664065 ) ) ;
#2031 = CARTESIAN_POINT ( 'NONE',  ( -0.3046545333865515182, 104.7521237237850045, -1.894917713538515125 ) ) ;
#2032 = EDGE_CURVE ( 'NONE', #1276, #248, #2503, .T. ) ;
#2033 = ADVANCED_FACE ( 'NONE', ( #1096 ), #1449, .F. ) ;
#2034 = DIRECTION ( 'NONE',  ( -6.661337294730200677E-16, -1.000000000000000000, 3.371130147893364913E-19 ) ) ;
#2035 = ORIENTED_EDGE ( 'NONE', *, *, #679, .F. ) ;
#2036 = CARTESIAN_POINT ( 'NONE',  ( 3.937692537856764652, 124.7021154216510013, -115.5975587119562107 ) ) ;
#2037 = CARTESIAN_POINT ( 'NONE',  ( 40.77722933900030711, 97.10757410786798971, -96.87956517954620494 ) ) ;
#2038 = ORIENTED_EDGE ( 'NONE', *, *, #2634, .T. ) ;
#2039 = EDGE_LOOP ( 'NONE', ( #511, #892, #2103, #151 ) ) ;
#2040 = CARTESIAN_POINT ( 'NONE',  ( -4.720740538412426801, 97.10757410786798971, -92.85653932404323996 ) ) ;
#2041 = AXIS2_PLACEMENT_3D ( 'NONE', #513, #1773, #60 ) ;
#2042 = DIRECTION ( 'NONE',  ( 0.9999998719445369888, 0.000000000000000000, -0.0005060740159288987369 ) ) ;
#2043 = EDGE_CURVE ( 'NONE', #2139, #2551, #1691, .T. ) ;
#2044 = AXIS2_PLACEMENT_3D ( 'NONE', #320, #170, #1202 ) ;
#2045 = CYLINDRICAL_SURFACE ( 'NONE', #661, 48.50000000000000711 ) ;
#2046 = DIRECTION ( 'NONE',  ( 0.0005060740159290000014, 0.000000000000000000, 0.9999998719445369888 ) ) ;
#2047 = EDGE_CURVE ( 'NONE', #1660, #339, #23, .T. ) ;
#2048 = LINE ( 'NONE', #812, #1996 ) ;
#2049 = ORIENTED_EDGE ( 'NONE', *, *, #52, .T. ) ;
#2050 = CARTESIAN_POINT ( 'NONE',  ( 2.456102593716350313, 130.9851484625710043, -115.0357174521534063 ) ) ;
#2051 = LINE ( 'NONE', #2065, #2356 ) ;
#2052 = VERTEX_POINT ( 'NONE', #257 ) ;
#2053 = AXIS2_PLACEMENT_3D ( 'NONE', #1738, #2379, #2188 ) ;
#2054 = ORIENTED_EDGE ( 'NONE', *, *, #2352, .T. ) ;
#2055 = CARTESIAN_POINT ( 'NONE',  ( 12.78883840690361140, 99.65371489605989552, -118.9284177045671100 ) ) ;
#2056 = EDGE_CURVE ( 'NONE', #382, #1730, #471, .T. ) ;
#2057 = CARTESIAN_POINT ( 'NONE',  ( 21.96445607357778229, 146.6423064310490076, -110.8700463153865030 ) ) ;
#2058 = CARTESIAN_POINT ( 'NONE',  ( 26.86667484566349984, 157.8840542838009924, -113.8725275854115893 ) ) ;
#2059 = DIRECTION ( 'NONE',  ( -0.6487595003754400569, 0.7609934315605789701, 0.0003283203677703074269 ) ) ;
#2060 = CARTESIAN_POINT ( 'NONE',  ( 35.78144647491949826, 152.9549405882414987, -113.9451719659961952 ) ) ;
#2061 = CARTESIAN_POINT ( 'NONE',  ( 59.32788532898560163, 106.1075741078680039, -94.88895292961230155 ) ) ;
#2062 = EDGE_LOOP ( 'NONE', ( #1700, #2116 ) ) ;
#2063 = CARTESIAN_POINT ( 'NONE',  ( 9.970754550706390162, 115.6250087465760004, -116.6035464376571866 ) ) ;
#2064 = B_SPLINE_CURVE_WITH_KNOTS ( 'NONE', 3,
 ( #218, #1300, #2129, #268, #1047, #1652, #2512 ),
 .UNSPECIFIED., .F., .F.,
 ( 4, 3, 4 ),
 ( 2.576297984023389723E-17, 0.03067907204144179958, 0.03884571186919739960 ),
 .UNSPECIFIED. ) ;
#2065 = CARTESIAN_POINT ( 'NONE',  ( 42.10957740238264790, 148.5868500793120006, -1.916382456975479931 ) ) ;
#2066 = VERTEX_POINT ( 'NONE', #2538 ) ;
#2067 = AXIS2_PLACEMENT_3D ( 'NONE', #2612, #1581, #321 ) ;
#2068 = ORIENTED_EDGE ( 'NONE', *, *, #1188, .F. ) ;
#2069 = VECTOR ( 'NONE', #2574, 1000.000000000000114 ) ;
#2070 = CARTESIAN_POINT ( 'NONE',  ( 65.54674101567719902, 117.9413459652229932, -96.89210038739820163 ) ) ;
#2071 = PRODUCT_DEFINITION_FORMATION_WITH_SPECIFIED_SOURCE ( 'ANY', '', #1873, .NOT_KNOWN. ) ;
#2072 = EDGE_CURVE ( 'NONE', #744, #2139, #2370, .T. ) ;
#2073 = ADVANCED_FACE ( 'NONE', ( #2499 ), #244, .F. ) ;
#2074 = DIRECTION ( 'NONE',  ( 0.0005060740159290000014, -0.000000000000000000, 0.9999998719445369888 ) ) ;
#2075 = CARTESIAN_POINT ( 'NONE',  ( 37.08478903621645628, 155.6577082064819990, -113.9002426869342059 ) ) ;
#2076 = CARTESIAN_POINT ( 'NONE',  ( 65.32940278270059764, 109.1075741078679897, -91.89198975787429902 ) ) ;
#2077 = DIRECTION ( 'NONE',  ( -0.0005060740159290000014, 0.000000000000000000, -0.9999998719445369888 ) ) ;
#2078 = PERSON_AND_ORGANIZATION ( #1532, #1497 ) ;
#2079 = ORIENTED_EDGE ( 'NONE', *, *, #1756, .F. ) ;
#2080 = DIRECTION ( 'NONE',  ( -0.9999998719445368778, 0.000000000000000000, 0.0005060740159296138766 ) ) ;
#2081 = UNCERTAINTY_MEASURE_WITH_UNIT (LENGTH_MEASURE( 1.000000000000000082E-05 ), #1040, 'distance_accuracy_value', 'NONE');
#2082 = EDGE_LOOP ( 'NONE', ( #1058, #1314, #1122, #1977 ) ) ;
#2083 = CYLINDRICAL_SURFACE ( 'NONE', #1327, 8.999999999999998224 ) ;
#2084 = AXIS2_PLACEMENT_3D ( 'NONE', #2566, #701, #2361 ) ;
#2085 = DIRECTION ( 'NONE',  ( 0.0005060740159290000014, 0.000000000000000000, 0.9999998719445369888 ) ) ;
#2086 = CIRCLE ( 'NONE', #2426, 5.000000000000001776 ) ;
#2087 = DIRECTION ( 'NONE',  ( -0.000000000000000000, 1.000000000000000000, -0.000000000000000000 ) ) ;
#2088 = DIRECTION ( 'NONE',  ( 0.0005060740159290001098, 0.000000000000000000, 0.9999998719445370998 ) ) ;
#2089 = CARTESIAN_POINT ( 'NONE',  ( 29.46484044732055096, 154.7355038195685211, -113.9098648137053971 ) ) ;
#2090 = PERSON_AND_ORGANIZATION ( #1532, #1497 ) ;
#2091 = ORIENTED_EDGE ( 'NONE', *, *, #982, .T. ) ;
#2092 = CARTESIAN_POINT ( 'NONE',  ( 47.53451048428100023, 105.6301131222290053, -110.8829866571665974 ) ) ;
#2093 = ORIENTED_EDGE ( 'NONE', *, *, #1019, .F. ) ;
#2094 = CARTESIAN_POINT ( 'NONE',  ( -7.720728006086129191, 101.1075741078680039, -90.85502085203241052 ) ) ;
#2095 = AXIS2_PLACEMENT_3D ( 'NONE', #2304, #1024, #1855 ) ;
#2096 = VERTEX_POINT ( 'NONE', #2297 ) ;
#2097 = CARTESIAN_POINT ( 'NONE',  ( -7.734151115668161047, 97.10757410786798971, -119.3550177085255939 ) ) ;
#2098 = CARTESIAN_POINT ( 'NONE',  ( 14.18581180783939999, 154.3570297933200095, -113.9082826598707925 ) ) ;
#2099 = DIRECTION ( 'NONE',  ( 0.0005060740159290000014, -0.000000000000000000, 0.9999998719445369888 ) ) ;
#2100 = CARTESIAN_POINT ( 'NONE',  ( 75.16953568723576495, 108.0442342180597990, -117.6477230230565993 ) ) ;
#2101 = DIRECTION ( 'NONE',  ( 0.0005060740159290000014, -0.000000000000000000, 0.9999998719445369888 ) ) ;
#2102 = EDGE_CURVE ( 'NONE', #1478, #354, #446, .T. ) ;
#2103 = ORIENTED_EDGE ( 'NONE', *, *, #563, .T. ) ;
#2104 = DIRECTION ( 'NONE',  ( -0.000000000000000000, 1.000000000000000000, 0.000000000000000000 ) ) ;
#2105 = CARTESIAN_POINT ( 'NONE',  ( 5.354644370933660191, 133.8479118717433778, -114.8186866640623975 ) ) ;
#2106 = ORIENTED_EDGE ( 'NONE', *, *, #316, .F. ) ;
#2107 = CARTESIAN_POINT ( 'NONE',  ( 43.72535313395815137, 150.2866468163655043, -99.38210097565240631 ) ) ;
#2108 = EDGE_LOOP ( 'NONE', ( #2008, #419 ) ) ;
#2109 = AXIS2_PLACEMENT_3D ( 'NONE', #1634, #197, #1027 ) ;
#2110 = CARTESIAN_POINT ( 'NONE',  ( 40.77925363506400203, 94.10757410786798971, -92.87956569176800770 ) ) ;
#2111 = CARTESIAN_POINT ( 'NONE',  ( 24.64413426033020116, 157.7845397611594933, -113.8721322967125928 ) ) ;
#2112 = AXIS2_PLACEMENT_3D ( 'NONE', #111, #543, #2607 ) ;
#2113 = CARTESIAN_POINT ( 'NONE',  ( 20.93438118831767270, 106.6114093678372825, -117.8328624115675609 ) ) ;
#2114 = CARTESIAN_POINT ( 'NONE',  ( 74.63807067521453575, 97.10757410786803234, -98.48082830364440099 ) ) ;
#2115 = COORDINATED_UNIVERSAL_TIME_OFFSET ( 2, 0, .AHEAD. ) ;
#2116 = ORIENTED_EDGE ( 'NONE', *, *, #1133, .T. ) ;
#2117 = EDGE_CURVE ( 'NONE', #1407, #2535, #1890, .T. ) ;
#2118 = LINE ( 'NONE', #1081, #1365 ) ;
#2119 = ORIENTED_EDGE ( 'NONE', *, *, #40, .T. ) ;
#2120 = DIRECTION ( 'NONE',  ( 0.9999998719445369888, -0.000000000000000000, -0.0005060740159290000014 ) ) ;
#2121 = EDGE_LOOP ( 'NONE', ( #2470, #916, #73, #394 ) ) ;
#2122 = CARTESIAN_POINT ( 'NONE',  ( 75.31613692799120940, 104.9661542961700036, -118.1077865537589986 ) ) ;
#2123 = CARTESIAN_POINT ( 'NONE',  ( 2.285353534568160150, 127.2484755417052043, -114.0805473401750021 ) ) ;
#2124 = AXIS2_PLACEMENT_3D ( 'NONE', #2651, #2434, #1616 ) ;
#2125 = ORIENTED_EDGE ( 'NONE', *, *, #801, .F. ) ;
#2126 = CARTESIAN_POINT ( 'NONE',  ( 18.81614508654854845, 111.3607741885396081, -109.1582528177973899 ) ) ;
#2127 = VECTOR ( 'NONE', #1770, 1000.000000000000000 ) ;
#2128 = ORIENTED_EDGE ( 'NONE', *, *, #516, .F. ) ;
#2129 = CARTESIAN_POINT ( 'NONE',  ( 57.43811393707609625, 135.1492071134640014, -114.6696975418445987 ) ) ;
#2130 = VERTEX_POINT ( 'NONE', #640 ) ;
#2131 = DIRECTION ( 'NONE',  ( 0.0005060740159290000014, -0.000000000000000000, 0.9999998719445369888 ) ) ;
#2132 = CARTESIAN_POINT ( 'NONE',  ( 23.69465502838835036, 157.6800011327879929, -113.8724468687560005 ) ) ;
#2133 = CIRCLE ( 'NONE', #1786, 24.50000000000000711 ) ;
#2134 = CARTESIAN_POINT ( 'NONE',  ( 42.77435300044616184, 149.4058466359918782, -97.89315452443749166 ) ) ;
#2135 = DIRECTION ( 'NONE',  ( -0.000000000000000000, -1.000000000000000000, -0.000000000000000000 ) ) ;
#2136 = VECTOR ( 'NONE', #1434, 999.9999999999998863 ) ;
#2137 = DIRECTION ( 'NONE',  ( -0.0005060740159290001098, 0.000000000000000000, -0.9999998719445370998 ) ) ;
#2138 = VERTEX_POINT ( 'NONE', #879 ) ;
#2139 = VERTEX_POINT ( 'NONE', #37 ) ;
#2140 = CARTESIAN_POINT ( 'NONE',  ( 75.90132207441766354, 97.69336010959256100, -119.2952220185167249 ) ) ;
#2141 = VERTEX_POINT ( 'NONE', #2336 ) ;
#2142 = CARTESIAN_POINT ( 'NONE',  ( 12.09263451757254870, 98.95752217741132029, -119.0456846032481337 ) ) ;
#2143 = EDGE_CURVE ( 'NONE', #1369, #1787, #721, .T. ) ;
#2144 = FACE_OUTER_BOUND ( 'NONE', #1822, .T. ) ;
#2145 = CARTESIAN_POINT ( 'NONE',  ( 80.11815569020549788, 127.2484755417052043, -114.1199365039770015 ) ) ;
#2146 = AXIS2_PLACEMENT_3D ( 'NONE', #806, #2460, #1264 ) ;
#2147 = VECTOR ( 'NONE', #1815, 999.9999999999998863 ) ;
#2148 = DIRECTION ( 'NONE',  ( -0.9999998719445370998, 0.000000000000000000, 0.0005060740159290001098 ) ) ;
#2149 = FACE_OUTER_BOUND ( 'NONE', #313, .T. ) ;
#2150 = VECTOR ( 'NONE', #854, 999.9999999999998863 ) ;
#2151 = ADVANCED_FACE ( 'NONE', ( #22 ), #2083, .F. ) ;
#2152 = DIRECTION ( 'NONE',  ( -0.9999998719445369888, 0.000000000000000000, 0.0005060740159305394600 ) ) ;
#2153 = EDGE_LOOP ( 'NONE', ( #2049, #1370, #582, #828 ) ) ;
#2154 = ORIENTED_EDGE ( 'NONE', *, *, #387, .F. ) ;
#2155 = EDGE_CURVE ( 'NONE', #248, #702, #867, .T. ) ;
#2156 = LINE ( 'NONE', #296, #173 ) ;
#2157 = CARTESIAN_POINT ( 'NONE',  ( 59.33446429119269538, 109.1075741078679897, -81.88895459433339852 ) ) ;
#2158 = ORIENTED_EDGE ( 'NONE', *, *, #2227, .F. ) ;
#2159 = EDGE_CURVE ( 'NONE', #366, #2138, #2064, .T. ) ;
#2160 = VERTEX_POINT ( 'NONE', #842 ) ;
#2161 = CARTESIAN_POINT ( 'NONE',  ( 9.088169553774267939, 97.34929003070432429, -119.3212610941686904 ) ) ;
#2162 = CARTESIAN_POINT ( 'NONE',  ( 21.20623394935814687, 106.1342715779733936, -117.9044304400776610 ) ) ;
#2163 = CARTESIAN_POINT ( 'NONE',  ( 76.17195292299673781, 97.10757410786796129, -100.1682465299517446 ) ) ;
#2164 = CARTESIAN_POINT ( 'NONE',  ( 41.15511450498220114, 104.2158995598559983, -141.3807621160310077 ) ) ;
#2165 = CARTESIAN_POINT ( 'NONE',  ( 19.64475380110399882, 104.7521237237850045, -101.8688712216920038 ) ) ;
#2166 = VECTOR ( 'NONE', #549, 1000.000000000000114 ) ;
#2167 = EDGE_CURVE ( 'NONE', #353, #79, #1925, .T. ) ;
#2168 = ORIENTED_EDGE ( 'NONE', *, *, #1544, .T. ) ;
#2169 = CARTESIAN_POINT ( 'NONE',  ( 12.04035069776785960, 117.7995857511340034, -110.8650239828811976 ) ) ;
#2170 = CARTESIAN_POINT ( 'NONE',  ( -7.720728006086129191, 105.1075741078680039, -90.85502085203241052 ) ) ;
#2171 = ORIENTED_EDGE ( 'NONE', *, *, #1383, .F. ) ;
#2172 = ORIENTED_EDGE ( 'NONE', *, *, #771, .T. ) ;
#2173 = CARTESIAN_POINT ( 'NONE',  ( 7.629963014214377282, 97.10757410786798971, -119.3627930884602932 ) ) ;
#2174 = CARTESIAN_POINT ( 'NONE',  ( 19.77191072552612994, 108.5264255287506501, -117.5528368274097062 ) ) ;
#2175 = DIRECTION ( 'NONE',  ( 0.0005060740159290000014, 0.000000000000000000, 0.9999998719445369888 ) ) ;
#2176 = VECTOR ( 'NONE', #765, 999.9999999999998863 ) ;
#2177 = CIRCLE ( 'NONE', #98, 24.50000000000000711 ) ;
#2178 = DIRECTION ( 'NONE',  ( -0.9999998719445369888, 0.000000000000000000, 0.0005060740159249882365 ) ) ;
#2179 = DIRECTION ( 'NONE',  ( 0.0005060740159290001098, 0.000000000000000000, 0.9999998719445370998 ) ) ;
#2180 = ADVANCED_FACE ( 'NONE', ( #1477 ), #1965, .F. ) ;
#2181 = VERTEX_POINT ( 'NONE', #891 ) ;
#2182 = CARTESIAN_POINT ( 'NONE',  ( 75.31565889165490546, 99.10757410786798971, -119.0523841029166050 ) ) ;
#2183 = DIRECTION ( 'NONE',  ( -0.9999998719445369888, 0.000000000000000000, 0.0005060740159249882365 ) ) ;
#2184 = ORIENTED_EDGE ( 'NONE', *, *, #2678, .F. ) ;
#2185 = ORIENTED_EDGE ( 'NONE', *, *, #2686, .F. ) ;
#2186 = CARTESIAN_POINT ( 'NONE',  ( 12.43939451133912222, 99.30427690506958527, -118.9872765065512823 ) ) ;
#2187 = DIRECTION ( 'NONE',  ( 0.0005060740159290000014, -0.000000000000000000, 0.9999998719445369888 ) ) ;
#2188 = DIRECTION ( 'NONE',  ( 0.0005060740159290001098, 0.000000000000000000, 0.9999998719445370998 ) ) ;
#2189 = DIRECTION ( 'NONE',  ( -0.0005060740159290001098, 0.000000000000000000, -0.9999998719445370998 ) ) ;
#2190 = ADVANCED_FACE ( 'NONE', ( #2602 ), #741, .T. ) ;
#2191 = VECTOR ( 'NONE', #181, 999.9999999999998863 ) ;
#2192 = CIRCLE ( 'NONE', #1974, 1.300000000000000933 ) ;
#2193 = FACE_BOUND ( 'NONE', #1098, .T. ) ;
#2194 = VECTOR ( 'NONE', #1437, 1000.000000000000000 ) ;
#2195 = ORIENTED_EDGE ( 'NONE', *, *, #2678, .T. ) ;
#2196 = CARTESIAN_POINT ( 'NONE',  ( 49.03253711283050365, 140.3953918494545974, -114.4010101362024017 ) ) ;
#2197 = CARTESIAN_POINT ( 'NONE',  ( 12.29718505526484407, 139.5712386191834185, -103.3651529996764964 ) ) ;
#2198 = CARTESIAN_POINT ( 'NONE',  ( 9.744416935994740570, 97.10757410786798971, -99.81835277531421013 ) ) ;
#2199 = EDGE_LOOP ( 'NONE', ( #2249, #1874, #1862, #150, #1530, #472 ) ) ;
#2200 = ORIENTED_EDGE ( 'NONE', *, *, #2072, .T. ) ;
#2201 = LINE ( 'NONE', #342, #1025 ) ;
#2202 = CARTESIAN_POINT ( 'NONE',  ( 75.32434076198670425, 99.10757410786798971, -101.8970492174790081 ) ) ;
#2203 = ADVANCED_FACE ( 'NONE', ( #1731 ), #484, .F. ) ;
#2204 = CARTESIAN_POINT ( 'NONE',  ( 76.11031585270268351, 97.10757410786800392, -100.0850554398999890 ) ) ;
#2205 = EDGE_CURVE ( 'NONE', #2689, #658, #728, .T. ) ;
#2206 = CYLINDRICAL_SURFACE ( 'NONE', #2515, 4.999999999999992895 ) ;
#2207 = DIRECTION ( 'NONE',  ( -0.000000000000000000, 1.000000000000000000, -0.000000000000000000 ) ) ;
#2208 = VECTOR ( 'NONE', #2406, 1000.000000000000114 ) ;
#2209 = VERTEX_POINT ( 'NONE', #928 ) ;
#2210 = CARTESIAN_POINT ( 'NONE',  ( 5.841701632638299557, 120.7481969723405939, -116.0065826565052021 ) ) ;
#2211 = LINE ( 'NONE', #1587, #1136 ) ;
#2212 = DIRECTION ( 'NONE',  ( 0.0005060740159290001098, 0.000000000000000000, 0.9999998719445370998 ) ) ;
#2213 = ORIENTED_EDGE ( 'NONE', *, *, #524, .F. ) ;
#2214 = ORIENTED_EDGE ( 'NONE', *, *, #1348, .F. ) ;
#2215 = FACE_OUTER_BOUND ( 'NONE', #2383, .T. ) ;
#2216 = ADVANCED_FACE ( 'NONE', ( #2399 ), #2591, .T. ) ;
#2217 = CARTESIAN_POINT ( 'NONE',  ( 19.36825196164145524, 146.6423064310490076, -103.3687314833610884 ) ) ;
#2218 = LINE ( 'NONE', #1769, #1482 ) ;
#2219 = LINE ( 'NONE', #128, #2127 ) ;
#2220 = CARTESIAN_POINT ( 'NONE',  ( 13.59338933367325986, 139.5712386191834185, -110.8658099354811952 ) ) ;
#2221 = ORIENTED_EDGE ( 'NONE', *, *, #17, .F. ) ;
#2222 = CARTESIAN_POINT ( 'NONE',  ( 5.311387110742380457, 145.0924787973041816, -114.1743162733902039 ) ) ;
#2223 = FACE_OUTER_BOUND ( 'NONE', #1121, .T. ) ;
#2224 = ORIENTED_EDGE ( 'NONE', *, *, #2234, .T. ) ;
#2225 = ORIENTED_EDGE ( 'NONE', *, *, #1544, .F. ) ;
#2226 = DIRECTION ( 'NONE',  ( 0.000000000000000000, 1.000000000000000000, 0.000000000000000000 ) ) ;
#2227 = EDGE_CURVE ( 'NONE', #2535, #1407, #520, .T. ) ;
#2228 = CARTESIAN_POINT ( 'NONE',  ( 40.77722933900030711, 93.10757410786800392, -96.87956517954620494 ) ) ;
#2229 = CARTESIAN_POINT ( 'NONE',  ( -0.3552436377867385087, 104.7521237237850045, -101.8587497413734013 ) ) ;
#2230 = DIRECTION ( 'NONE',  ( -0.9999998719445369888, 0.000000000000000000, 0.0005060740159292913265 ) ) ;
#2231 = FACE_BOUND ( 'NONE', #2345, .T. ) ;
#2232 = CARTESIAN_POINT ( 'NONE',  ( 14.83635275804935993, 151.2370072554289777, -113.9736609133205860 ) ) ;
#2233 = ORIENTED_EDGE ( 'NONE', *, *, #2487, .T. ) ;
#2234 = EDGE_CURVE ( 'NONE', #1624, #1883, #1575, .T. ) ;
#2235 = VECTOR ( 'NONE', #2248, 1000.000000000000000 ) ;
#2236 = CARTESIAN_POINT ( 'NONE',  ( 4.298327357015685024, 142.9588014646980128, -114.2701046927560071 ) ) ;
#2237 = DIRECTION ( 'NONE',  ( -0.9999998719445370998, 6.518729447727331592E-16, 0.0005060740159290001098 ) ) ;
#2238 = EDGE_LOOP ( 'NONE', ( #714, #1716, #2195, #813 ) ) ;
#2239 = EDGE_CURVE ( 'NONE', #2160, #1748, #1137, .T. ) ;
#2240 = VECTOR ( 'NONE', #1005, 999.9999999999998863 ) ;
#2241 = ORIENTED_EDGE ( 'NONE', *, *, #2634, .F. ) ;
#2242 = CARTESIAN_POINT ( 'NONE',  ( 14.39705853578526629, 102.6646470948178944, -118.4361635600916571 ) ) ;
#2243 = EDGE_CURVE ( 'NONE', #1583, #1031, #1111, .T. ) ;
#2244 = CARTESIAN_POINT ( 'NONE',  ( 13.87786575548263990, 109.4632241290563996, -117.4171654302005976 ) ) ;
#2245 = CARTESIAN_POINT ( 'NONE',  ( 44.17417413962605366, 150.7081704228715182, -114.0024981510070035 ) ) ;
#2246 = DIRECTION ( 'NONE',  ( -0.0005060740159290000014, -0.000000000000000000, -0.9999998719445369888 ) ) ;
#2247 = CARTESIAN_POINT ( 'NONE',  ( 33.73253454267899798, 153.7660980211310005, -113.9284371100523998 ) ) ;
#2248 = DIRECTION ( 'NONE',  ( 0.000000000000000000, -1.000000000000000000, 0.000000000000000000 ) ) ;
#2249 = ORIENTED_EDGE ( 'NONE', *, *, #1424, .T. ) ;
#2250 = CARTESIAN_POINT ( 'NONE',  ( 2.771938311073544714, 128.7933608836972041, -115.2189998906229960 ) ) ;
#2251 = ADVANCED_FACE ( 'NONE', ( #700 ), #121, .F. ) ;
#2252 = LINE ( 'NONE', #1819, #880 ) ;
#2253 = ORIENTED_EDGE ( 'NONE', *, *, #1781, .T. ) ;
#2254 = ORIENTED_EDGE ( 'NONE', *, *, #1659, .F. ) ;
#2255 = CARTESIAN_POINT ( 'NONE',  ( 77.31548421059700615, 97.10757410786798971, -119.3980591245401968 ) ) ;
#2256 = TOROIDAL_SURFACE ( 'NONE', #1082, 20.00000000000000000, 5.000000000000000000 ) ;
#2257 = APPLICATION_CONTEXT ( 'configuration controlled 3d designs of mechanical parts and assemblies' ) ;
#2258 = DIRECTION ( 'NONE',  ( -0.0005060740159290001098, 0.000000000000000000, -0.9999998719445370998 ) ) ;
#2259 = AXIS2_PLACEMENT_3D ( 'NONE', #2165, #103, #926 ) ;
#2260 = CARTESIAN_POINT ( 'NONE',  ( 31.24578606391310132, 157.4865054172694840, -113.8778177339231945 ) ) ;
#2261 = DIRECTION ( 'NONE',  ( -0.0005060740159290000014, 0.000000000000000000, -0.9999998719445369888 ) ) ;
#2262 = CARTESIAN_POINT ( 'NONE',  ( 65.32788456065280513, 106.1075741078680039, -94.89198937370790077 ) ) ;
#2263 = DIRECTION ( 'NONE',  ( 0.9999998719445370998, 0.000000000000000000, -0.0005060740159290001098 ) ) ;
#2264 = VERTEX_POINT ( 'NONE', #2169 ) ;
#2265 = EDGE_CURVE ( 'NONE', #1663, #1648, #2156, .T. ) ;
#2266 = CARTESIAN_POINT ( 'NONE',  ( 4.660395778954209867, 122.9644185624400023, -115.7715493660432031 ) ) ;
#2267 = VECTOR ( 'NONE', #481, 1000.000000000000000 ) ;
#2268 = CARTESIAN_POINT ( 'NONE',  ( 41.17662315673319995, 104.2158995598559983, -98.87976755851629207 ) ) ;
#2269 = ORIENTED_EDGE ( 'NONE', *, *, #1806, .F. ) ;
#2270 = EDGE_LOOP ( 'NONE', ( #2119, #2577, #322, #2035, #2524, #2619 ) ) ;
#2271 = CARTESIAN_POINT ( 'NONE',  ( 13.87854061658078209, 101.2858705394074406, -118.6584783362774687 ) ) ;
#2272 = AXIS2_PLACEMENT_3D ( 'NONE', #1176, #352, #1846 ) ;
#2273 = DIRECTION ( 'NONE',  ( 0.0005060740159290000014, -0.000000000000000000, 0.9999998719445369888 ) ) ;
#2274 = CARTESIAN_POINT ( 'NONE',  ( 41.07536677408614167, 153.3523546661450041, -113.9396321091793851 ) ) ;
#2275 = DIRECTION ( 'NONE',  ( -0.0005060740159290001098, 0.000000000000000000, -0.9999998719445370998 ) ) ;
#2276 = DIRECTION ( 'NONE',  ( 0.0005060740159290001098, 0.000000000000000000, 0.9999998719445370998 ) ) ;
#2277 = APPLICATION_PROTOCOL_DEFINITION ( 'international standard', 'config_control_design', 1994, #2257 ) ;
#2278 = EDGE_CURVE ( 'NONE', #408, #79, #794, .T. ) ;
#2279 = ORIENTED_EDGE ( 'NONE', *, *, #2352, .F. ) ;
#2280 = CIRCLE ( 'NONE', #808, 2.000000000000000444 ) ;
#2281 = DIRECTION ( 'NONE',  ( -0.0005060740159290001098, 0.000000000000000000, -0.9999998719445370998 ) ) ;
#2282 = VECTOR ( 'NONE', #953, 999.9999999999998863 ) ;
#2283 = ORIENTED_EDGE ( 'NONE', *, *, #989, .T. ) ;
#2284 = AXIS2_PLACEMENT_3D ( 'NONE', #1092, #837, #1247 ) ;
#2285 = CARTESIAN_POINT ( 'NONE',  ( 44.08759407084244941, 150.6219640607060057, -100.5863041301843879 ) ) ;
#2286 = CIRCLE ( 'NONE', #633, 48.49999999999999289 ) ;
#2287 = ORIENTED_EDGE ( 'NONE', *, *, #2628, .T. ) ;
#2288 = DIRECTION ( 'NONE',  ( 0.9999998719445370998, 0.000000000000000000, -0.0005060740159290001098 ) ) ;
#2289 = CARTESIAN_POINT ( 'NONE',  ( 40.31748643070039861, 153.8711755878280201, -113.9296455957049972 ) ) ;
#2290 = CARTESIAN_POINT ( 'NONE',  ( -7.720740154246043652, 93.10757410786800392, -92.85502110199544745 ) ) ;
#2291 = ADVANCED_FACE ( 'NONE', ( #1845 ), #2615, .T. ) ;
#2292 = CARTESIAN_POINT ( 'NONE',  ( 26.04700201643764856, 154.8690526341260068, -113.9060776497343994 ) ) ;
#2293 = EDGE_CURVE ( 'NONE', #1748, #483, #1762, .T. ) ;
#2294 = EDGE_LOOP ( 'NONE', ( #1858, #606, #110, #849 ) ) ;
#2295 = DIRECTION ( 'NONE',  ( 0.9189387418193458723, 0.3944000158607651185, -0.0004650510790175921283 ) ) ;
#2296 = ORIENTED_EDGE ( 'NONE', *, *, #2102, .T. ) ;
#2297 = CARTESIAN_POINT ( 'NONE',  ( 11.45676500256815977, 148.3923110044191844, -110.8647286452870020 ) ) ;
#2298 = VECTOR ( 'NONE', #991, 1000.000000000000000 ) ;
#2299 = ORIENTED_EDGE ( 'NONE', *, *, #234, .T. ) ;
#2300 = CYLINDRICAL_SURFACE ( 'NONE', #1627, 24.50000000000000711 ) ;
#2301 = EDGE_CURVE ( 'NONE', #178, #2052, #2691, .T. ) ;
#2302 = CIRCLE ( 'NONE', #1126, 1.300000000000000933 ) ;
#2303 = CARTESIAN_POINT ( 'NONE',  ( 18.53779855511375274, 156.4439156635200163, -113.8813963908354054 ) ) ;
#2304 = CARTESIAN_POINT ( 'NONE',  ( 40.77975970907995418, 106.1075741078680039, -91.87956581982349746 ) ) ;
#2305 = CARTESIAN_POINT ( 'NONE',  ( 74.71919804024427947, 97.10757410786797550, -98.55140603476033334 ) ) ;
#2306 = LINE ( 'NONE', #2493, #1539 ) ;
#2307 = LINE ( 'NONE', #2321, #201 ) ;
#2308 = CARTESIAN_POINT ( 'NONE',  ( 5.548880319281179752, 136.3844778098281836, -114.6427020148926061 ) ) ;
#2309 = ORIENTED_EDGE ( 'NONE', *, *, #2043, .F. ) ;
#2310 = CARTESIAN_POINT ( 'NONE',  ( 42.05282241545089761, 148.5868500793120006, -114.0639693268289960 ) ) ;
#2311 = VECTOR ( 'NONE', #317, 999.9999999999998863 ) ;
#2312 = VECTOR ( 'NONE', #148, 999.9999999999998863 ) ;
#2313 = ORIENTED_EDGE ( 'NONE', *, *, #2278, .T. ) ;
#2314 = DIRECTION ( 'NONE',  ( -0.0005060740159290000014, 0.000000000000000000, -0.9999998719445369888 ) ) ;
#2315 = EDGE_CURVE ( 'NONE', #1525, #1236, #734, .T. ) ;
#2316 = ADVANCED_FACE ( 'NONE', ( #1604 ), #1035, .F. ) ;
#2317 = DIRECTION ( 'NONE',  ( -0.0005060740159290001098, 0.000000000000000000, -0.9999998719445370998 ) ) ;
#2318 = DIRECTION ( 'NONE',  ( -6.661337294730200677E-16, -1.000000000000000000, 3.371130147893364913E-19 ) ) ;
#2319 = CARTESIAN_POINT ( 'NONE',  ( 75.05675076653402300, 97.10757410786796129, -98.86281800716804469 ) ) ;
#2320 = APPROVAL_STATUS ( 'not_yet_approved' ) ;
#2321 = CARTESIAN_POINT ( 'NONE',  ( 14.64475444138131977, 93.10757410786800392, -101.8663408516123923 ) ) ;
#2322 = CARTESIAN_POINT ( 'NONE',  ( 69.34204263140850344, 121.1851438824862015, -115.9921287953099949 ) ) ;
#2323 = ORIENTED_EDGE ( 'NONE', *, *, #1915, .T. ) ;
#2324 = CARTESIAN_POINT ( 'NONE',  ( 14.58882610148303804, 103.6306510376043093, -118.2835371659116532 ) ) ;
#2325 = ORIENTED_EDGE ( 'NONE', *, *, #2015, .T. ) ;
#2326 = APPROVAL_PERSON_ORGANIZATION ( #2090, #2435, #1535 ) ;
#2327 = DIRECTION ( 'NONE',  ( -0.0005060740159290001098, 0.000000000000000000, -0.9999998719445370998 ) ) ;
#2328 = CARTESIAN_POINT ( 'NONE',  ( 66.31545980943231200, 97.10757410786798971, -119.4434923038341907 ) ) ;
#2329 = AXIS2_PLACEMENT_3D ( 'NONE', #662, #1337, #2080 ) ;
#2330 = CARTESIAN_POINT ( 'NONE',  ( 2.282681696404309513, 97.10757410786798971, -119.3600869679829941 ) ) ;
#2331 = CARTESIAN_POINT ( 'NONE',  ( 74.32669251785307551, 111.9406453205375840, -117.1086920900945358 ) ) ;
#2332 = PERSON_AND_ORGANIZATION ( #1532, #1497 ) ;
#2333 = CARTESIAN_POINT ( 'NONE',  ( 54.60937294577709622, 112.7011809340946087, -103.3865661012671922 ) ) ;
#2334 = CARTESIAN_POINT ( 'NONE',  ( 73.27024826372060318, 114.9830329013888104, -116.7124873435577257 ) ) ;
#2335 = ORIENTED_EDGE ( 'NONE', *, *, #1758, .T. ) ;
#2336 = CARTESIAN_POINT ( 'NONE',  ( 52.52176237511809376, 136.3025925474038047, -110.8855105760828081 ) ) ;
#2337 = ORIENTED_EDGE ( 'NONE', *, *, #597, .T. ) ;
#2338 = CARTESIAN_POINT ( 'NONE',  ( 33.52925456346610389, 97.10757410786798971, -92.87589665515248782 ) ) ;
#2339 = CARTESIAN_POINT ( 'NONE',  ( 22.94817194640865310, 157.5830507556304951, -113.8728201280920018 ) ) ;
#2340 = CARTESIAN_POINT ( 'NONE',  ( 80.11505835636710060, 92.30757410786799255, -120.2402535806314035 ) ) ;
#2341 = PERSON_AND_ORGANIZATION_ROLE ( 'creator' ) ;
#2342 = CARTESIAN_POINT ( 'NONE',  ( 26.85163978312944977, 133.3840542838009924, -110.8725195923895939 ) ) ;
#2343 = DIRECTION ( 'NONE',  ( 0.0005060740159290000014, -0.000000000000000000, 0.9999998719445369888 ) ) ;
#2344 = EDGE_LOOP ( 'NONE', ( #1000, #1417 ) ) ;
#2345 = EDGE_LOOP ( 'NONE', ( #2253, #1635 ) ) ;
#2346 = EDGE_CURVE ( 'NONE', #1678, #310, #1213, .T. ) ;
#2347 = CARTESIAN_POINT ( 'NONE',  ( 75.40536668678488752, 98.46055614020779956, -119.1626154582724126 ) ) ;
#2348 = ORIENTED_EDGE ( 'NONE', *, *, #1628, .T. ) ;
#2349 = CARTESIAN_POINT ( 'NONE',  ( 75.90132207441766354, 97.69336010959256100, -119.2952220185167249 ) ) ;
#2350 = CARTESIAN_POINT ( 'NONE',  ( 25.37257041030814975, 157.8503976220474954, -113.8720093361867924 ) ) ;
#2351 = CIRCLE ( 'NONE', #2609, 1.299999999999999156 ) ;
#2352 = EDGE_CURVE ( 'NONE', #2052, #483, #1403, .T. ) ;
#2353 = CARTESIAN_POINT ( 'NONE',  ( 21.99677079177438443, 104.7043216814970492, -118.1216743356756496 ) ) ;
#2354 = CARTESIAN_POINT ( 'NONE',  ( 11.44399591865239962, 148.3808628104970353, -114.0552031878496990 ) ) ;
#2355 = DIRECTION ( 'NONE',  ( 0.0005060740159290001098, -0.000000000000000000, 0.9999998719445370998 ) ) ;
#2356 = VECTOR ( 'NONE', #176, 999.9999999999998863 ) ;
#2357 = DIRECTION ( 'NONE',  ( 0.000000000000000000, -1.000000000000000000, 0.000000000000000000 ) ) ;
#2358 = ORIENTED_EDGE ( 'NONE', *, *, #2405, .F. ) ;
#2359 = ORIENTED_EDGE ( 'NONE', *, *, #2463, .F. ) ;
#2360 = DIRECTION ( 'NONE',  ( -0.0005060740159290000014, 0.000000000000000000, -0.9999998719445369888 ) ) ;
#2361 = DIRECTION ( 'NONE',  ( 0.9999998719445369888, 0.000000000000000000, -0.0005060740159306818158 ) ) ;
#2362 = ORIENTED_EDGE ( 'NONE', *, *, #2301, .F. ) ;
#2363 = CARTESIAN_POINT ( 'NONE',  ( 11.10392481347206051, 118.7287608804415981, -116.2350944004849964 ) ) ;
#2364 = CARTESIAN_POINT ( 'NONE',  ( 32.02925475554929591, 97.10757410786798971, -92.87513754412860578 ) ) ;
#2365 = CARTESIAN_POINT ( 'NONE',  ( 2.285465103491925110, 157.8840542838009924, -113.8600876722880031 ) ) ;
#2366 = CC_DESIGN_APPROVAL ( #2435, ( #227 ) ) ;
#2367 = CARTESIAN_POINT ( 'NONE',  ( 26.85619444927279886, 133.3840542838009924, -101.8725207448889876 ) ) ;
#2368 = CARTESIAN_POINT ( 'NONE',  ( 5.672620535178100276, 129.6704389167177851, -115.1463405698671920 ) ) ;
#2369 = CARTESIAN_POINT ( 'NONE',  ( 52.51984587320719555, 136.3025925474038047, -114.6725093256692105 ) ) ;
#2370 = CIRCLE ( 'NONE', #1200, 2.999999999999998668 ) ;
#2371 = DIRECTION ( 'NONE',  ( 0.000000000000000000, -1.000000000000000000, 0.000000000000000000 ) ) ;
#2372 = EDGE_LOOP ( 'NONE', ( #875, #1589, #665, #285 ) ) ;
#2373 = CARTESIAN_POINT ( 'NONE',  ( 63.57133988144445169, 117.2341268403928609, -116.4360763094379223 ) ) ;
#2374 = DIRECTION ( 'NONE',  ( 0.000000000000000000, -1.000000000000000000, 0.000000000000000000 ) ) ;
#2375 = ORIENTED_EDGE ( 'NONE', *, *, #831, .T. ) ;
#2376 = VERTEX_POINT ( 'NONE', #2057 ) ;
#2377 = CARTESIAN_POINT ( 'NONE',  ( 27.01298069222900011, 148.0565199934219720, -141.3736051486619942 ) ) ;
#2378 = DIRECTION ( 'NONE',  ( 0.000000000000000000, 1.000000000000000000, 0.000000000000000000 ) ) ;
#2379 = DIRECTION ( 'NONE',  ( -0.000000000000000000, 1.000000000000000000, 0.000000000000000000 ) ) ;
#2380 = DIRECTION ( 'NONE',  ( 0.9999998719445369888, 0.000000000000000000, -0.0005060740159290068318 ) ) ;
#2381 = CYLINDRICAL_SURFACE ( 'NONE', #1085, 1.300000000000000933 ) ;
#2382 = AXIS2_PLACEMENT_3D ( 'NONE', #154, #2074, #371 ) ;
#2383 = EDGE_LOOP ( 'NONE', ( #1749, #906, #402, #1967 ) ) ;
#2384 = CARTESIAN_POINT ( 'NONE',  ( 75.31716437900159633, 99.01769492072379819, -119.0676281774925940 ) ) ;
#2385 = CIRCLE ( 'NONE', #1217, 1.299999999999997602 ) ;
#2386 = DIRECTION ( 'NONE',  ( -0.7160406874679667855, 0.6980584521217766403, 0.0003623696326788903156 ) ) ;
#2387 = ORIENTED_EDGE ( 'NONE', *, *, #2559, .T. ) ;
#2388 = ORIENTED_EDGE ( 'NONE', *, *, #705, .T. ) ;
#2389 = CARTESIAN_POINT ( 'NONE',  ( 75.93402019789843393, 97.66065941945629447, -119.3009121425834564 ) ) ;
#2390 = CARTESIAN_POINT ( 'NONE',  ( 54.60557739065769312, 112.7011809340946087, -110.8865651408512036 ) ) ;
#2391 = APPLICATION_CONTEXT ( 'configuration controlled 3d designs of mechanical parts and assemblies' ) ;
#2392 = ADVANCED_FACE ( 'NONE', ( #357 ), #2256, .T. ) ;
#2393 = PLANE ( 'NONE',  #834 ) ;
#2394 = VECTOR ( 'NONE', #2622, 1000.000000000000000 ) ;
#2395 = DIRECTION ( 'NONE',  ( 0.9999998719445369888, -0.000000000000000000, -0.0005060740159290000014 ) ) ;
#2396 = DIRECTION ( 'NONE',  ( 0.0005060740159290001098, 0.000000000000000000, 0.9999998719445370998 ) ) ;
#2397 = ORIENTED_EDGE ( 'NONE', *, *, #1428, .T. ) ;
#2398 = AXIS2_PLACEMENT_3D ( 'NONE', #1649, #2237, #1002 ) ;
#2399 = FACE_OUTER_BOUND ( 'NONE', #861, .T. ) ;
#2400 = CARTESIAN_POINT ( 'NONE',  ( 16.30180379067660112, 97.10757410786801813, -96.86717880106121470 ) ) ;
#2401 = ORIENTED_EDGE ( 'NONE', *, *, #1832, .F. ) ;
#2402 = EDGE_CURVE ( 'NONE', #1948, #702, #455, .T. ) ;
#2403 = ORIENTED_EDGE ( 'NONE', *, *, #2015, .F. ) ;
#2404 = DIRECTION ( 'NONE',  ( 0.9999998719445370998, 0.000000000000000000, -0.0005060740159288560193 ) ) ;
#2405 = EDGE_CURVE ( 'NONE', #2181, #2130, #716, .T. ) ;
#2406 = DIRECTION ( 'NONE',  ( 0.6487595003754400569, -0.7609934315605789701, -0.0003283203677706979565 ) ) ;
#2407 = CARTESIAN_POINT ( 'NONE',  ( 76.72018623429630679, 97.10757410786798971, -100.9554672323934312 ) ) ;
#2408 = AXIS2_PLACEMENT_3D ( 'NONE', #1120, #2357, #2152 ) ;
#2409 = CARTESIAN_POINT ( 'NONE',  ( 71.18443822889140904, 119.0323869687373985, -101.8949541201102136 ) ) ;
#2410 = AXIS2_PLACEMENT_3D ( 'NONE', #1713, #2548, #685 ) ;
#2411 = AXIS2_PLACEMENT_3D ( 'NONE', #2338, #12, #1505 ) ;
#2412 = CARTESIAN_POINT ( 'NONE',  ( 35.02925437138290476, 97.10757410786798971, -92.87665576617636987 ) ) ;
#2413 = ORIENTED_EDGE ( 'NONE', *, *, #1438, .F. ) ;
#2414 = CARTESIAN_POINT ( 'NONE',  ( 2.356443013664565100, 132.4506967424580068, -114.9206230273410085 ) ) ;
#2415 = CARTESIAN_POINT ( 'NONE',  ( 26.85872481935244949, 133.3840542838009924, -96.87252138516619482 ) ) ;
#2416 = CARTESIAN_POINT ( 'NONE',  ( 7.144755401797289629, 97.10757410786798971, -101.8625452964929963 ) ) ;
#2417 = ORIENTED_EDGE ( 'NONE', *, *, #1717, .T. ) ;
#2418 = ORIENTED_EDGE ( 'NONE', *, *, #2628, .F. ) ;
#2419 = PLANE ( 'NONE',  #636 ) ;
#2420 = PLANE ( 'NONE',  #1821 ) ;
#2421 = CARTESIAN_POINT ( 'NONE',  ( 26.85872481935244949, 133.3840542838009924, -96.87252138516619482 ) ) ;
#2422 = DIRECTION ( 'NONE',  ( 0.9999998719445370998, 0.000000000000000000, -0.0005060740159296137682 ) ) ;
#2423 = LINE ( 'NONE', #2412, #2624 ) ;
#2424 = EDGE_LOOP ( 'NONE', ( #1816, #1218, #2648, #612 ) ) ;
#2425 = EDGE_CURVE ( 'NONE', #1478, #557, #19, .T. ) ;
#2426 = AXIS2_PLACEMENT_3D ( 'NONE', #438, #1841, #1618 ) ;
#2427 = CARTESIAN_POINT ( 'NONE',  ( 2.911949790524524850, 138.6022663406056097, -114.5030957113211940 ) ) ;
#2428 = CARTESIAN_POINT ( 'NONE',  ( 89.27924742437406280, 94.10757410786798971, -92.90411028154056794 ) ) ;
#2429 = ORIENTED_EDGE ( 'NONE', *, *, #1665, .F. ) ;
#2430 = ADVANCED_FACE ( 'NONE', ( #384 ), #330, .T. ) ;
#2431 = VERTEX_POINT ( 'NONE', #1211 ) ;
#2432 = DIRECTION ( 'NONE',  ( 0.0005060740159290001098, 0.000000000000000000, 0.9999998719445370998 ) ) ;
#2433 = CARTESIAN_POINT ( 'NONE',  ( 33.52925456346610389, 97.10757410786798971, -92.87589665515248782 ) ) ;
#2434 = DIRECTION ( 'NONE',  ( -0.000000000000000000, 1.000000000000000000, -0.000000000000000000 ) ) ;
#2435 = APPROVAL ( #2320, 'UNSPECIFIED' ) ;
#2436 = CARTESIAN_POINT ( 'NONE',  ( 14.64475444138131977, 104.7521237237850045, -101.8663408516123923 ) ) ;
#2437 = CARTESIAN_POINT ( 'NONE',  ( 59.32788532898560163, 97.10757410786798971, -94.88895292961230155 ) ) ;
#2438 = CARTESIAN_POINT ( 'NONE',  ( 13.39988738566566084, 150.1573328147754864, -114.0019908283317847 ) ) ;
#2439 = ADVANCED_FACE ( 'NONE', ( #1839 ), #2664, .F. ) ;
#2440 = ORIENTED_EDGE ( 'NONE', *, *, #2227, .T. ) ;
#2441 = CARTESIAN_POINT ( 'NONE',  ( 7.300918753631859381, 148.1516681062583984, -114.0607238737299980 ) ) ;
#2442 = ADVANCED_FACE ( 'NONE', ( #2502 ), #2300, .T. ) ;
#2443 = DIRECTION ( 'NONE',  ( -0.7160406874679667855, 0.6980584521217766403, 0.0003623696326788903156 ) ) ;
#2444 = ORIENTED_EDGE ( 'NONE', *, *, #1956, .F. ) ;
#2445 = ORIENTED_EDGE ( 'NONE', *, *, #499, .F. ) ;
#2446 = CARTESIAN_POINT ( 'NONE',  ( 18.81527959876650158, 111.3607741885396081, -110.8684525987970062 ) ) ;
#2447 = CARTESIAN_POINT ( 'NONE',  ( 14.60400584821438130, 105.8937877389824109, -117.9359132593682062 ) ) ;
#2448 = CARTESIAN_POINT ( 'NONE',  ( 34.18915385193489698, 156.7716688116830142, -113.8858495075523933 ) ) ;
#2449 = CYLINDRICAL_SURFACE ( 'NONE', #574, 24.50000000000000711 ) ;
#2450 = ADVANCED_FACE ( 'NONE', ( #642 ), #498, .T. ) ;
#2451 = CARTESIAN_POINT ( 'NONE',  ( 39.81886834313809231, 150.5322272395304992, -114.0050170426139999 ) ) ;
#2452 = VERTEX_POINT ( 'NONE', #66 ) ;
#2453 = AXIS2_PLACEMENT_3D ( 'NONE', #448, #2542, #666 ) ;
#2454 = CARTESIAN_POINT ( 'NONE',  ( 4.551817715019249810, 143.5351204726694050, -114.2432015165060051 ) ) ;
#2455 = TOROIDAL_SURFACE ( 'NONE', #811, 19.50000000000000000, 5.000000000000000000 ) ;
#2456 = CARTESIAN_POINT ( 'NONE',  ( 59.33395821717670060, 101.1075741078680039, -82.88895446627790875 ) ) ;
#2457 = ORIENTED_EDGE ( 'NONE', *, *, #1244, .F. ) ;
#2458 = EDGE_LOOP ( 'NONE', ( #2657, #2676, #2287, #2079 ) ) ;
#2459 = CARTESIAN_POINT ( 'NONE',  ( 73.86166409729452198, 93.10757410786800392, -98.36077463605310811 ) ) ;
#2460 = DIRECTION ( 'NONE',  ( -0.0005060740159290000014, 0.000000000000000000, -0.9999998719445369888 ) ) ;
#2461 = CARTESIAN_POINT ( 'NONE',  ( 31.03410145291575262, 157.5251108551209995, -113.8773913932316049 ) ) ;
#2462 = FACE_OUTER_BOUND ( 'NONE', #2660, .T. ) ;
#2463 = EDGE_CURVE ( 'NONE', #2376, #1760, #1930, .T. ) ;
#2464 = CARTESIAN_POINT ( 'NONE',  ( 14.10081269612658161, 150.7193829784269781, -113.9865521024683943 ) ) ;
#2465 = CARTESIAN_POINT ( 'NONE',  ( 86.27924780854043263, 94.10757410786798971, -92.90259205949276122 ) ) ;
#2466 = ORIENTED_EDGE ( 'NONE', *, *, #75, .F. ) ;
#2467 = CARTESIAN_POINT ( 'NONE',  ( 3.491033616754824820, 140.7742803394100122, -114.3803918041853933 ) ) ;
#2468 = DIRECTION ( 'NONE',  ( 0.7071066906376606287, -0.7071067811865480168, -0.0003578483684452125110 ) ) ;
#2469 = ORIENTED_EDGE ( 'NONE', *, *, #2102, .F. ) ;
#2470 = ORIENTED_EDGE ( 'NONE', *, *, #758, .T. ) ;
#2471 = PLANE ( 'NONE',  #114 ) ;
#2472 = VECTOR ( 'NONE', #1935, 999.9999999999998863 ) ;
#2473 = DIRECTION ( 'NONE',  ( 0.0005060740159289198788, 0.000000000000000000, 0.9999998719445370998 ) ) ;
#2474 = EDGE_CURVE ( 'NONE', #310, #1678, #1586, .T. ) ;
#2475 = AXIS2_PLACEMENT_3D ( 'NONE', #1351, #2627, #783 ) ;
#2476 = CARTESIAN_POINT ( 'NONE',  ( 26.10312333142084640, 157.8835610858835139, -113.8721447209312032 ) ) ;
#2477 = CARTESIAN_POINT ( 'NONE',  ( 65.33598174490771271, 97.10757410786798971, -78.89199142259529651 ) ) ;
#2478 = CARTESIAN_POINT ( 'NONE',  ( 17.05532328700284950, 152.5417848205084965, -113.9443791456400135 ) ) ;
#2479 = CARTESIAN_POINT ( 'NONE',  ( -7.716679413958699385, 105.1075741078680039, -82.85502187647610128 ) ) ;
#2480 = ORIENTED_EDGE ( 'NONE', *, *, #1568, .T. ) ;
#2481 = VECTOR ( 'NONE', #85, 999.9999999999998863 ) ;
#2482 = CARTESIAN_POINT ( 'NONE',  ( 56.02586366012410224, 119.0651419647734031, -98.88728237425360135 ) ) ;
#2483 = ORIENTED_EDGE ( 'NONE', *, *, #1717, .F. ) ;
#2484 = APPROVAL ( #1914, 'UNSPECIFIED' ) ;
#2485 = DIRECTION ( 'NONE',  ( 0.9999998719445369888, 0.000000000000000000, -0.0005060740159306818158 ) ) ;
#2486 = EDGE_CURVE ( 'NONE', #2452, #172, #2192, .T. ) ;
#2487 = EDGE_CURVE ( 'NONE', #927, #1270, #2555, .T. ) ;
#2488 = VECTOR ( 'NONE', #2212, 999.9999999999998863 ) ;
#2489 = DIRECTION ( 'NONE',  ( -0.9999998719445369888, 0.000000000000000000, 0.0005060740159305394600 ) ) ;
#2490 = PLANE ( 'NONE',  #1021 ) ;
#2491 = FACE_OUTER_BOUND ( 'NONE', #817, .T. ) ;
#2492 = CARTESIAN_POINT ( 'NONE',  ( 32.31393721166414679, 154.1782020542279952, -113.9204904711142063 ) ) ;
#2493 = CARTESIAN_POINT ( 'NONE',  ( -7.716679413958699385, 101.1075741078680039, -82.85502187647610128 ) ) ;
#2494 = ORIENTED_EDGE ( 'NONE', *, *, #1019, .T. ) ;
#2495 = AXIS2_PLACEMENT_3D ( 'NONE', #1251, #1898, #2327 ) ;
#2496 = CARTESIAN_POINT ( 'NONE',  ( 11.51190877311171157, 148.3923110044191844, -1.900897769951298777 ) ) ;
#2497 = VECTOR ( 'NONE', #968, 1000.000000000000000 ) ;
#2498 = VERTEX_POINT ( 'NONE', #1087 ) ;
#2499 = FACE_OUTER_BOUND ( 'NONE', #988, .T. ) ;
#2500 = AXIS2_PLACEMENT_3D ( 'NONE', #1909, #1503, #1250 ) ;
#2501 = ORIENTED_EDGE ( 'NONE', *, *, #276, .F. ) ;
#2502 = FACE_OUTER_BOUND ( 'NONE', #697, .T. ) ;
#2503 = B_SPLINE_CURVE_WITH_KNOTS ( 'NONE', 3,
 ( #1224, #2055, #614, #1615, #2271, #584, #2242, #2324, #1679, #230 ),
 .UNSPECIFIED., .F., .F.,
 ( 4, 2, 2, 2, 4 ),
 ( 0.4980727664718252456, 0.6235545748538688926, 0.7490363832359125951, 0.8745181916179562975, 1.000000000000000000 ),
 .UNSPECIFIED. ) ;
#2504 = CARTESIAN_POINT ( 'NONE',  ( 52.52262786290010155, 136.3025925474038047, -109.1753107950832060 ) ) ;
#2505 = DIRECTION ( 'NONE',  ( 0.9999998719445370998, 0.000000000000000000, -0.0005060740159290001098 ) ) ;
#2506 = CARTESIAN_POINT ( 'NONE',  ( 73.81101216087580497, 113.5113257790963246, -116.9023108520232626 ) ) ;
#2507 = DIRECTION ( 'NONE',  ( 0.7071066906376619610, 0.7071067811865469066, -0.0003578483684457049556 ) ) ;
#2508 = EDGE_LOOP ( 'NONE', ( #1083, #1109, #740, #11 ) ) ;
#2509 = CARTESIAN_POINT ( 'NONE',  ( 7.094438578279239849, 141.8678074832448033, -114.3251717178932125 ) ) ;
#2510 = ADVANCED_FACE ( 'NONE', ( #436 ), #856, .T. ) ;
#2511 = EDGE_LOOP ( 'NONE', ( #2325, #106, #1261, #1772 ) ) ;
#2512 = CARTESIAN_POINT ( 'NONE',  ( 69.34204263140850344, 121.1851438824862015, -115.9921287953099949 ) ) ;
#2513 = AXIS2_PLACEMENT_3D ( 'NONE', #1328, #311, #526 ) ;
#2514 = PLANE ( 'NONE',  #1023 ) ;
#2515 = AXIS2_PLACEMENT_3D ( 'NONE', #346, #1999, #142 ) ;
#2516 = CARTESIAN_POINT ( 'NONE',  ( 66.32065273612450085, 97.10757410786798971, -109.1822936178369901 ) ) ;
#2517 = CARTESIAN_POINT ( 'NONE',  ( 24.78004144116319907, 98.99765581805493753, -119.0449109308135718 ) ) ;
#2518 = CARTESIAN_POINT ( 'NONE',  ( 74.77147519609893322, 110.2096213700359613, -117.3437455971173620 ) ) ;
#2519 =( NAMED_UNIT ( * ) SI_UNIT ( $, .STERADIAN. ) SOLID_ANGLE_UNIT ( ) );
#2520 = DIRECTION ( 'NONE',  ( 0.7071066906376619610, 0.7071067811865469066, -0.0003578483684457049556 ) ) ;
#2521 = CARTESIAN_POINT ( 'NONE',  ( 65.33395744884400358, 101.1075741078680039, -82.89199091037349376 ) ) ;
#2522 = ADVANCED_FACE ( 'NONE', ( #1479 ), #1099, .F. ) ;
#2523 = CARTESIAN_POINT ( 'NONE',  ( 11.45515057385605751, 148.3923110044389091, -114.0548321367483595 ) ) ;
#2524 = ORIENTED_EDGE ( 'NONE', *, *, #1676, .F. ) ;
#2525 = ADVANCED_FACE ( 'NONE', ( #691 ), #2514, .F. ) ;
#2526 = DIRECTION ( 'NONE',  ( 0.0005060740159290000014, -0.000000000000000000, 0.9999998719445369888 ) ) ;
#2527 = CIRCLE ( 'NONE', #966, 3.749999999999998224 ) ;
#2528 = AXIS2_PLACEMENT_3D ( 'NONE', #1707, #857, #1062 ) ;
#2529 = ORIENTED_EDGE ( 'NONE', *, *, #2159, .T. ) ;
#2530 = CARTESIAN_POINT ( 'NONE',  ( 27.03448934397999892, 148.0565199934219720, -98.87261059114739226 ) ) ;
#2531 = CARTESIAN_POINT ( 'NONE',  ( 19.27544694377050050, 156.6837240051484912, -113.8792672640371961 ) ) ;
#2532 = CARTESIAN_POINT ( 'NONE',  ( 80.11826848681690194, 158.2211635746054981, -113.8970509311340038 ) ) ;
#2533 = CARTESIAN_POINT ( 'NONE',  ( 75.49884775358819411, 97.10757410786798971, -99.31558153621145379 ) ) ;
#2534 = EDGE_CURVE ( 'NONE', #354, #639, #1668, .T. ) ;
#2535 = VERTEX_POINT ( 'NONE', #653 ) ;
#2536 = DIRECTION ( 'NONE',  ( 0.9999998719445369888, 0.000000000000000000, -0.0005060740159306818158 ) ) ;
#2537 = ORIENTED_EDGE ( 'NONE', *, *, #2143, .T. ) ;
#2538 = CARTESIAN_POINT ( 'NONE',  ( 77.31548421059700615, 97.10757410786798971, -119.3980591245401968 ) ) ;
#2539 = AXIS2_PLACEMENT_3D ( 'NONE', #2220, #119, #1799 ) ;
#2540 = ORIENTED_EDGE ( 'NONE', *, *, #1006, .F. ) ;
#2541 = VECTOR ( 'NONE', #1721, 999.9999999999998863 ) ;
#2542 = DIRECTION ( 'NONE',  ( -0.0005060740159290001098, 0.000000000000000000, -0.9999998719445370998 ) ) ;
#2543 = PLANE ( 'NONE',  #2528 ) ;
#2544 = CIRCLE ( 'NONE', #1852, 1.299999999999997602 ) ;
#2545 = CARTESIAN_POINT ( 'NONE',  ( 20.14669998031925857, 107.9279118952932635, -117.6392206375838612 ) ) ;
#2546 = SECURITY_CLASSIFICATION_LEVEL ( 'unclassified' ) ;
#2547 = ADVANCED_FACE ( 'NONE', ( #1277 ), #51, .F. ) ;
#2548 = DIRECTION ( 'NONE',  ( -0.0005060740159290000014, 0.000000000000000000, -0.9999998719445369888 ) ) ;
#2549 = EDGE_CURVE ( 'NONE', #2643, #1525, #2280, .T. ) ;
#2550 = CARTESIAN_POINT ( 'NONE',  ( 14.63652651008243843, 104.6557557942877992, -118.1246943458687895 ) ) ;
#2551 = VERTEX_POINT ( 'NONE', #1693 ) ;
#2552 = CARTESIAN_POINT ( 'NONE',  ( 13.59718488879274112, 139.5712386191834185, -103.3658108958972122 ) ) ;
#2553 = ORIENTED_EDGE ( 'NONE', *, *, #941, .T. ) ;
#2554 = ORIENTED_EDGE ( 'NONE', *, *, #843, .T. ) ;
#2555 = LINE ( 'NONE', #259, #2541 ) ;
#2556 = AXIS2_PLACEMENT_3D ( 'NONE', #1592, #533, #343 ) ;
#2557 = FACE_OUTER_BOUND ( 'NONE', #2508, .T. ) ;
#2558 = DIRECTION ( 'NONE',  ( -0.000000000000000000, -1.000000000000000000, -0.000000000000000000 ) ) ;
#2559 = EDGE_CURVE ( 'NONE', #1583, #2688, #2286, .T. ) ;
#2560 = PERSON_AND_ORGANIZATION ( #1532, #1497 ) ;
#2561 = CARTESIAN_POINT ( 'NONE',  ( 14.89338916720117112, 139.5712386191834185, -110.8664678317019110 ) ) ;
#2562 = DIRECTION ( 'NONE',  ( -0.7071066906376640704, -0.7071067811865449082, 0.0003578483684443800063 ) ) ;
#2563 = EDGE_LOOP ( 'NONE', ( #1638, #579, #2480, #1949 ) ) ;
#2564 = EDGE_LOOP ( 'NONE', ( #719, #378 ) ) ;
#2565 = DIRECTION ( 'NONE',  ( 0.000000000000000000, -1.000000000000000000, 0.000000000000000000 ) ) ;
#2566 = CARTESIAN_POINT ( 'NONE',  ( 13.59718488879274112, 139.5712386191834185, -103.3658108958972122 ) ) ;
#2567 = EDGE_LOOP ( 'NONE', ( #774, #969, #567, #25, #1152 ) ) ;
#2568 = CARTESIAN_POINT ( 'NONE',  ( 6.340038124915519546, 126.8933622962528034, -115.3903595812495979 ) ) ;
#2569 = CARTESIAN_POINT ( 'NONE',  ( 40.51415317487400358, 147.3045150761032005, -96.87943204351820725 ) ) ;
#2570 = CARTESIAN_POINT ( 'NONE',  ( 80.11527110420439612, 94.70757410786799824, -119.8198648562081985 ) ) ;
#2571 = COORDINATED_UNIVERSAL_TIME_OFFSET ( 2, 0, .AHEAD. ) ;
#2572 = FACE_OUTER_BOUND ( 'NONE', #270, .T. ) ;
#2573 = CARTESIAN_POINT ( 'NONE',  ( 6.323466158420710137, 139.7808027765504164, -114.4364820526108133 ) ) ;
#2574 = DIRECTION ( 'NONE',  ( 0.7071066906376609618, -0.7071067811865477948, -0.0003578483684457044135 ) ) ;
#2575 = CARTESIAN_POINT ( 'NONE',  ( 71.14755686276953384, 118.8680551882070660, -116.2478620936536373 ) ) ;
#2576 = ORIENTED_EDGE ( 'NONE', *, *, #1309, .T. ) ;
#2577 = ORIENTED_EDGE ( 'NONE', *, *, #1547, .F. ) ;
#2578 = CARTESIAN_POINT ( 'NONE',  ( 64.61210587920318460, 113.7994091641156302, -116.8596061920434579 ) ) ;
#2579 = ADVANCED_FACE ( 'NONE', ( #39 ), #1303, .F. ) ;
#2580 = DIRECTION ( 'NONE',  ( 0.000000000000000000, -1.000000000000000000, 0.000000000000000000 ) ) ;
#2581 = ORIENTED_EDGE ( 'NONE', *, *, #1146, .F. ) ;
#2582 = ORIENTED_EDGE ( 'NONE', *, *, #2117, .T. ) ;
#2583 = CARTESIAN_POINT ( 'NONE',  ( 52.52176237511809376, 136.3025925474038047, -110.8855105760828081 ) ) ;
#2584 = VECTOR ( 'NONE', #860, 1000.000000000000000 ) ;
#2585 = CIRCLE ( 'NONE', #1410, 1.499999999999999334 ) ;
#2586 = CARTESIAN_POINT ( 'NONE',  ( 75.86607213726911425, 97.10757410786798971, -99.75883649457465197 ) ) ;
#2587 = CARTESIAN_POINT ( 'NONE',  ( 8.618125383344709789, 144.8109012325029994, -114.1879012409299889 ) ) ;
#2588 = VECTOR ( 'NONE', #1664, 999.9999999999998863 ) ;
#2589 = LINE ( 'NONE', #2000, #2497 ) ;
#2590 = ORIENTED_EDGE ( 'NONE', *, *, #1665, .T. ) ;
#2591 = CYLINDRICAL_SURFACE ( 'NONE', #607, 4.999999999999992895 ) ;
#2592 = CARTESIAN_POINT ( 'NONE',  ( 65.54421064559760168, 117.9413459652229932, -101.8920997471210086 ) ) ;
#2593 = VERTEX_POINT ( 'NONE', #870 ) ;
#2594 = EDGE_CURVE ( 'NONE', #1648, #1910, #459, .T. ) ;
#2595 = ORIENTED_EDGE ( 'NONE', *, *, #2534, .T. ) ;
#2596 = FACE_OUTER_BOUND ( 'NONE', #960, .T. ) ;
#2597 = DIRECTION ( 'NONE',  ( 0.000000000000000000, -1.000000000000000000, 0.000000000000000000 ) ) ;
#2598 = CARTESIAN_POINT ( 'NONE',  ( 26.85619444927279886, 133.3840542838009924, -101.8725207448889876 ) ) ;
#2599 = DIRECTION ( 'NONE',  ( 0.9999998719445369888, 0.000000000000000000, -0.0005060740159288987369 ) ) ;
#2600 = FACE_BOUND ( 'NONE', #757, .T. ) ;
#2601 = ORIENTED_EDGE ( 'NONE', *, *, #1297, .T. ) ;
#2602 = FACE_OUTER_BOUND ( 'NONE', #1421, .T. ) ;
#2603 = AXIS2_PLACEMENT_3D ( 'NONE', #1400, #781, #2178 ) ;
#2604 = CYLINDRICAL_SURFACE ( 'NONE', #1599, 1.499999999999999334 ) ;
#2605 = VERTEX_POINT ( 'NONE', #428 ) ;
#2606 = VERTEX_POINT ( 'NONE', #1012 ) ;
#2607 = DIRECTION ( 'NONE',  ( 0.7071066906376605177, -0.7071067811865482389, -0.0003578483684457675683 ) ) ;
#2608 = DIRECTION ( 'NONE',  ( -0.9999998719445369888, -0.000000000000000000, 0.0005060740159290000014 ) ) ;
#2609 = AXIS2_PLACEMENT_3D ( 'NONE', #1742, #2343, #2536 ) ;
#2610 = FACE_OUTER_BOUND ( 'NONE', #855, .T. ) ;
#2611 = CYLINDRICAL_SURFACE ( 'NONE', #1947, 15.00000000000000000 ) ;
#2612 = CARTESIAN_POINT ( 'NONE',  ( 59.33598251324050210, 109.1075741078679897, -78.88895497849981098 ) ) ;
#2613 = EDGE_LOOP ( 'NONE', ( #253, #226, #2633, #1357 ) ) ;
#2614 = CIRCLE ( 'NONE', #2329, 3.000000000000000444 ) ;
#2615 = CYLINDRICAL_SURFACE ( 'NONE', #1686, 2.999999999999998668 ) ;
#2616 = CARTESIAN_POINT ( 'NONE',  ( 7.135899106518529322, 97.10757410786798971, -119.3625430555224085 ) ) ;
#2617 = CARTESIAN_POINT ( 'NONE',  ( 7.144755401797289629, 97.10757410786798971, -101.8625452964929963 ) ) ;
#2618 = EDGE_LOOP ( 'NONE', ( #300, #899, #1692, #1463 ) ) ;
#2619 = ORIENTED_EDGE ( 'NONE', *, *, #1299, .F. ) ;
#2620 = DIRECTION ( 'NONE',  ( -0.9999998719445368778, 0.000000000000000000, 0.0005060740159288985201 ) ) ;
#2621 = CARTESIAN_POINT ( 'NONE',  ( 65.32940278270059764, 106.1075741078680039, -91.89198975787429902 ) ) ;
#2622 = DIRECTION ( 'NONE',  ( -0.7071066906376619610, -0.7071067811865469066, 0.0003578483684457049556 ) ) ;
#2623 = AXIS2_PLACEMENT_3D ( 'NONE', #1430, #2101, #1658 ) ;
#2624 = VECTOR ( 'NONE', #143, 1000.000000000000000 ) ;
#2625 = FACE_BOUND ( 'NONE', #2153, .T. ) ;
#2626 = AXIS2_PLACEMENT_3D ( 'NONE', #2333, #415, #213 ) ;
#2627 = DIRECTION ( 'NONE',  ( 0.0005060740159290000014, -0.000000000000000000, 0.9999998719445369888 ) ) ;
#2628 = EDGE_CURVE ( 'NONE', #1583, #1358, #156, .T. ) ;
#2629 = VERTEX_POINT ( 'NONE', #401 ) ;
#2630 = CARTESIAN_POINT ( 'NONE',  ( 2.628794835790710049, 137.1452650324812055, -114.5919542131492079 ) ) ;
#2631 = LINE ( 'NONE', #2673, #1097 ) ;
#2632 = EDGE_LOOP ( 'NONE', ( #625, #2417, #1164, #2296, #2595, #528, #1302, #1988, #1848, #1263 ) ) ;
#2633 = ORIENTED_EDGE ( 'NONE', *, *, #785, .F. ) ;
#2634 = EDGE_CURVE ( 'NONE', #557, #702, #762, .T. ) ;
#2635 = CARTESIAN_POINT ( 'NONE',  ( 76.85852334777179351, 97.14705145361570260, -119.3909067403368027 ) ) ;
#2636 = FACE_OUTER_BOUND ( 'NONE', #258, .T. ) ;
#2637 = CARTESIAN_POINT ( 'NONE',  ( 19.64475380110399882, 104.6075741078680039, -101.8688712216920038 ) ) ;
#2638 = CARTESIAN_POINT ( 'NONE',  ( 70.32434140226399677, 93.10757410786800392, -101.8945188473991976 ) ) ;
#2639 = CARTESIAN_POINT ( 'NONE',  ( 19.64728417118365300, 104.7521237237850045, -96.86887186196941002 ) ) ;
#2640 = EDGE_CURVE ( 'NONE', #1598, #647, #2306, .T. ) ;
#2641 = CARTESIAN_POINT ( 'NONE',  ( 49.52925251457870104, 97.10757410786798971, -92.88399383940739540 ) ) ;
#2642 = AXIS2_PLACEMENT_3D ( 'NONE', #1150, #527, #2386 ) ;
#2643 = VERTEX_POINT ( 'NONE', #1064 ) ;
#2644 = VECTOR ( 'NONE', #1254, 999.9999999999998863 ) ;
#2645 = CARTESIAN_POINT ( 'NONE',  ( 9.307060357319986821, 150.4864863609615497, -113.9908174240802765 ) ) ;
#2646 = CARTESIAN_POINT ( 'NONE',  ( 12.29718505526484407, 139.5712386191834185, -103.3651529996764964 ) ) ;
#2647 = ORIENTED_EDGE ( 'NONE', *, *, #2425, .F. ) ;
#2648 = ORIENTED_EDGE ( 'NONE', *, *, #831, .F. ) ;
#2649 = DIRECTION ( 'NONE',  ( 0.0005060740159290000014, -0.000000000000000000, 0.9999998719445369888 ) ) ;
#2650 = EDGE_CURVE ( 'NONE', #178, #390, #2019, .T. ) ;
#2651 = CARTESIAN_POINT ( 'NONE',  ( 33.52925456346610389, 97.10757410786798971, -92.87589665515248782 ) ) ;
#2652 = FACE_OUTER_BOUND ( 'NONE', #1953, .T. ) ;
#2653 = CARTESIAN_POINT ( 'NONE',  ( 50.32434396337320237, 104.9661542961700036, -101.8843973670806093 ) ) ;
#2654 = CARTESIAN_POINT ( 'NONE',  ( 30.87505486365479968, 154.5169245268544955, -113.9140720406782066 ) ) ;
#2655 = CIRCLE ( 'NONE', #659, 2.999999999999998668 ) ;
#2656 = AXIS2_PLACEMENT_3D ( 'NONE', #1939, #2006, #504 ) ;
#2657 = ORIENTED_EDGE ( 'NONE', *, *, #1743, .F. ) ;
#2658 = CARTESIAN_POINT ( 'NONE',  ( 40.78482044923919858, 106.1075741078680039, -81.87956710037809671 ) ) ;
#2659 = CARTESIAN_POINT ( 'NONE',  ( 52.49498528882190129, 136.3025925474038047, -163.7969069814290037 ) ) ;
#2660 = EDGE_LOOP ( 'NONE', ( #2669, #1546, #1625, #1937 ) ) ;
#2661 = ORIENTED_EDGE ( 'NONE', *, *, #1438, .T. ) ;
#2662 = DIRECTION ( 'NONE',  ( 0.6487595003754400569, -0.7609934315605790811, -0.0003283203677706980107 ) ) ;
#2663 = EDGE_CURVE ( 'NONE', #1598, #1569, #836, .T. ) ;
#2664 = CYLINDRICAL_SURFACE ( 'NONE', #2146, 1.299999999999997602 ) ;
#2665 = DIRECTION ( 'NONE',  ( -0.0005060740159290001098, 0.000000000000000000, -0.9999998719445370998 ) ) ;
#2666 = CARTESIAN_POINT ( 'NONE',  ( -7.734151115668161047, 97.10757410786798971, -119.3550177085255939 ) ) ;
#2667 = CARTESIAN_POINT ( 'NONE',  ( 35.10899068804575052, 153.2480069936609937, -113.9389903378822027 ) ) ;
#2668 = CARTESIAN_POINT ( 'NONE',  ( 75.32434076198670425, 93.10757410786800392, -101.8970492174790081 ) ) ;
#2669 = ORIENTED_EDGE ( 'NONE', *, *, #1951, .F. ) ;
#2670 = CC_DESIGN_APPROVAL ( #1042, ( #2071 ) ) ;
#2671 = CARTESIAN_POINT ( 'NONE',  ( 6.223187248679299621, 146.6372739120130007, -114.1132278358110028 ) ) ;
#2672 = AXIS2_PLACEMENT_3D ( 'NONE', #637, #1272, #1962 ) ;
#2673 = CARTESIAN_POINT ( 'NONE',  ( 27.01298069222900011, 148.0565199934219720, -141.3736051486619942 ) ) ;
#2674 = ORIENTED_EDGE ( 'NONE', *, *, #1979, .T. ) ;
#2675 = ADVANCED_FACE ( 'NONE', ( #1054 ), #1065, .T. ) ;
#2676 = ORIENTED_EDGE ( 'NONE', *, *, #2559, .F. ) ;
#2677 = DIRECTION ( 'NONE',  ( 8.829703138580910731E-16, 1.000000000000000000, -4.468483899014419825E-19 ) ) ;
#2678 = EDGE_CURVE ( 'NONE', #718, #688, #440, .T. ) ;
#2679 = CARTESIAN_POINT ( 'NONE',  ( 12.36714272782460000, 112.6925345917315866, -116.9776808662891909 ) ) ;
#2680 = CARTESIAN_POINT ( 'NONE',  ( 65.33395744884400358, 105.1075741078680039, -82.89199091037349376 ) ) ;
#2681 = PLANE ( 'NONE',  #1344 ) ;
#2682 = DIRECTION ( 'NONE',  ( -0.000000000000000000, -1.000000000000000000, -0.000000000000000000 ) ) ;
#2683 = CARTESIAN_POINT ( 'NONE',  ( 59.32990962504930366, 101.1075741078680039, -90.88895344183420377 ) ) ;
#2684 = VERTEX_POINT ( 'NONE', #2061 ) ;
#2685 = EDGE_CURVE ( 'NONE', #2629, #1590, #825, .T. ) ;
#2686 = EDGE_CURVE ( 'NONE', #1369, #2643, #389, .T. ) ;
#2687 = DIRECTION ( 'NONE',  ( 0.0005060740159290001098, 0.000000000000000000, 0.9999998719445370998 ) ) ;
#2688 = VERTEX_POINT ( 'NONE', #620 ) ;
#2689 = VERTEX_POINT ( 'NONE', #1257 ) ;
#2690 = DIRECTION ( 'NONE',  ( 0.0005060740159296142019, 0.000000000000000000, 0.9999998719445369888 ) ) ;
#2691 = LINE ( 'NONE', #193, #1774 ) ;
ENDSEC;
END-ISO-10303-21;
