ISO-10303-21;
HEADER;
FILE_DESCRIPTION (( 'STEP AP203' ),
    '1' );
FILE_NAME ('Wrist.STEP',
    '2026-09-06T09:27:24',
    ( '' ),
    ( '' ),
    'SwSTEP 2.0',
    'SolidWorks 2025',
    '' );
FILE_SCHEMA (( 'CONFIG_CONTROL_DESIGN' ));
ENDSEC;

DATA;
#1 = CARTESIAN_POINT ( 'NONE',  ( -0.06043661311910149964, 0.2633453237032923333, 0.1039894243725777434 ) ) ;
#2 = AXIS2_PLACEMENT_3D ( 'NONE', #690, #1270, #544 ) ;
#3 = VECTOR ( 'NONE', #1428, 1.000000000000000000 ) ;
#4 = CARTESIAN_POINT ( 'NONE',  ( -0.09387256311183156399, 0.2905939374357930371, 0.1052363960368198625 ) ) ;
#5 = VERTEX_POINT ( 'NONE', #1274 ) ;
#6 = CARTESIAN_POINT ( 'NONE',  ( -0.1005853840523293213, 0.2764013091154294277, 0.1041622323931410132 ) ) ;
#7 = DIRECTION ( 'NONE',  ( -0.9778286787918352152, 0.2094058978443070484, -0.0004948537497348430700 ) ) ;
#8 = ORIENTED_EDGE ( 'NONE', *, *, #628, .F. ) ;
#9 = CARTESIAN_POINT ( 'NONE',  ( -0.08657911939662762957, 0.2952713843362305135, 0.1070989691285696571 ) ) ;
#10 = CARTESIAN_POINT ( 'NONE',  ( -0.07104835921829849577, 0.2687054969506094682, 0.1018101154338073994 ) ) ;
#11 = EDGE_CURVE ( 'NONE', #553, #69, #746, .T. ) ;
#12 = DIRECTION ( 'NONE',  ( -0.002319452472498674794, -0.008467729450353849927, 0.9999614581063530627 ) ) ;
#13 = CARTESIAN_POINT ( 'NONE',  ( -0.06994641068458133659, 0.2596221807817016280, 0.1171867201452720525 ) ) ;
#14 = CIRCLE ( 'NONE', #1033, 0.005000000000000006176 ) ;
#15 = EDGE_CURVE ( 'NONE', #864, #480, #1503, .T. ) ;
#16 = ORIENTED_EDGE ( 'NONE', *, *, #130, .F. ) ;
#17 = DIRECTION ( 'NONE',  ( 0.002319452490769014462, 0.008467729446441177657, -0.9999614581063438479 ) ) ;
#18 = CARTESIAN_POINT ( 'NONE',  ( -0.08809317974713475052, 0.2952852643106928521, 0.1066282315570842160 ) ) ;
#19 = DIRECTION ( 'NONE',  ( 0.2093936366567928919, 0.9777921392126455169, 0.008765695728316995686 ) ) ;
#20 = CARTESIAN_POINT ( 'NONE',  ( -0.09939213933462139050, 0.2727957722741944369, 0.1046351794864717188 ) ) ;
#21 = CARTESIAN_POINT ( 'NONE',  ( -0.03419741678414569414, 0.3638921253398335054, 0.1258709725387022194 ) ) ;
#22 = ORIENTED_EDGE ( 'NONE', *, *, #11, .T. ) ;
#23 = CARTESIAN_POINT ( 'NONE',  ( -0.06798440320920602631, 0.2912780370636687821, 0.1149358094419875992 ) ) ;
#24 = DIRECTION ( 'NONE',  ( 0.002319452490769013161, 0.008467729446441177657, -0.9999614581063438479 ) ) ;
#25 = CARTESIAN_POINT ( 'NONE',  ( -0.08434012808154754681, 0.2950199518474970750, 0.1078420664807809709 ) ) ;
#26 = CARTESIAN_POINT ( 'NONE',  ( -0.07077261855432259718, 0.2920639510537134664, 0.1135089989679330114 ) ) ;
#27 = CARTESIAN_POINT ( 'NONE',  ( -0.04472075598314000089, 0.3662027891403929480, 0.1195019816873014035 ) ) ;
#28 = CARTESIAN_POINT ( 'NONE',  ( -0.07938040731037900033, 0.2939423713603454558, 0.1095973392639332106 ) ) ;
#29 = DIRECTION ( 'NONE',  ( 0.9778286787918352152, -0.2094058978443070484, 0.0004948537497350011466 ) ) ;
#30 = DIRECTION ( 'NONE',  ( -0.9778286787918785139, 0.2094058978441486196, -0.0004948537310509342662 ) ) ;
#31 = CARTESIAN_POINT ( 'NONE',  ( -0.09257517537697447507, 0.2944339155213813175, 0.1053970397093028644 ) ) ;
#32 = CARTESIAN_POINT ( 'NONE',  ( -0.05855810096566639589, 0.2721234368596451292, 0.1066682154252090453 ) ) ;
#33 = EDGE_CURVE ( 'NONE', #794, #1195, #715, .T. ) ;
#34 = LINE ( 'NONE', #1397, #876 ) ;
#35 = DIRECTION ( 'NONE',  ( -0.9778286787918352152, 0.2094058978443070484, -0.0004948537497348430700 ) ) ;
#36 = CARTESIAN_POINT ( 'NONE',  ( -0.06344121378314959703, 0.2731924824454273759, 0.1040658413653838682 ) ) ;
#37 = FACE_OUTER_BOUND ( 'NONE', #70, .T. ) ;
#38 = VECTOR ( 'NONE', #185, 1.000000000000000000 ) ;
#39 = ORGANIZATION ( 'UNSPECIFIED', 'UNSPECIFIED', '' ) ;
#40 = DIRECTION ( 'NONE',  ( 0.9778286787918352152, -0.2094058978443070484, 0.0004948537497350011466 ) ) ;
#41 = DIRECTION ( 'NONE',  ( -0.2093936366567928919, -0.9777921392126455169, -0.008765695728316995686 ) ) ;
#42 = AXIS2_PLACEMENT_3D ( 'NONE', #759, #154, #1261 ) ;
#43 = FACE_BOUND ( 'NONE', #332, .T. ) ;
#44 = DIRECTION ( 'NONE',  ( -0.1464235598324673815, -0.6854158633153297764, -0.7132778108434952857 ) ) ;
#45 = DIRECTION ( 'NONE',  ( 0.9778286787918352152, -0.2094058978443070484, 0.0004948537497350011466 ) ) ;
#46 = DIRECTION ( 'NONE',  ( -0.002319452490769014462, -0.008467729446441177657, 0.9999614581063438479 ) ) ;
#47 =( NAMED_UNIT ( * ) PLANE_ANGLE_UNIT ( ) SI_UNIT ( $, .RADIAN. ) );
#48 = AXIS2_PLACEMENT_3D ( 'NONE', #1400, #513, #999 ) ;
#49 = CIRCLE ( 'NONE', #1332, 0.005000000000000006176 ) ;
#50 = CARTESIAN_POINT ( 'NONE',  ( -0.06532575651306070375, 0.2643923531925138626, 0.1039869501038290650 ) ) ;
#51 = PLANE ( 'NONE',  #1557 ) ;
#52 = VECTOR ( 'NONE', #819, 1.000000000000000000 ) ;
#53 = CARTESIAN_POINT ( 'NONE',  ( -0.06083754060823619997, 0.2614549409416045411, 0.09627218975370230303 ) ) ;
#54 = DIRECTION ( 'NONE',  ( -0.9778286787918785139, 0.2094058978441486196, -0.0004948537310509342662 ) ) ;
#55 = PLANE ( 'NONE',  #2 ) ;
#56 = DIRECTION ( 'NONE',  ( 0.2093936366567972218, 0.9777921392126447397, 0.008765695728311179158 ) ) ;
#57 = EDGE_CURVE ( 'NONE', #552, #1418, #1133, .T. ) ;
#58 = LINE ( 'NONE', #765, #957 ) ;
#59 = ORIENTED_EDGE ( 'NONE', *, *, #1393, .F. ) ;
#60 = CARTESIAN_POINT ( 'NONE',  ( -0.06344200269390819213, 0.2888104831636511549, 0.1175890932349215601 ) ) ;
#61 = CARTESIAN_POINT ( 'NONE',  ( -0.06438070180511622220, 0.2688025790943064375, 0.1028264419848788636 ) ) ;
#62 = VERTEX_POINT ( 'NONE', #1398 ) ;
#63 = EDGE_LOOP ( 'NONE', ( #1548, #458, #1460, #1289, #439, #1352 ) ) ;
#64 = ADVANCED_FACE ( 'NONE', ( #1244 ), #168, .T. ) ;
#65 = DATE_TIME_ROLE ( 'creation_date' ) ;
#66 = EDGE_CURVE ( 'NONE', #1290, #737, #646, .T. ) ;
#67 = VECTOR ( 'NONE', #12, 1.000000000000000000 ) ;
#68 = LOCAL_TIME ( 12, 27, 24.00000000000000000, #1408 ) ;
#69 = VERTEX_POINT ( 'NONE', #766 ) ;
#70 = EDGE_LOOP ( 'NONE', ( #798, #791, #847, #478, #314 ) ) ;
#71 = CARTESIAN_POINT ( 'NONE',  ( -0.06574993200746985511, 0.2903223716358177553, 0.1161791185007176458 ) ) ;
#72 = CARTESIAN_POINT ( 'NONE',  ( -0.06682699959276700019, 0.2574182519574944594, 0.1192250005427580029 ) ) ;
#73 = ORIENTED_EDGE ( 'NONE', *, *, #1579, .F. ) ;
#74 = EDGE_LOOP ( 'NONE', ( #339, #443 ) ) ;
#75 = APPROVAL_ROLE ( '' ) ;
#76 = ORIENTED_EDGE ( 'NONE', *, *, #418, .F. ) ;
#77 = ORIENTED_EDGE ( 'NONE', *, *, #738, .T. ) ;
#78 = CARTESIAN_POINT ( 'NONE',  ( -0.06617698393358992237, 0.2905352014988874521, 0.1159334038754236268 ) ) ;
#79 = LINE ( 'NONE', #72, #419 ) ;
#80 = ORIENTED_EDGE ( 'NONE', *, *, #515, .F. ) ;
#81 = CIRCLE ( 'NONE', #614, 0.006500000000005301884 ) ;
#82 = ORIENTED_EDGE ( 'NONE', *, *, #467, .F. ) ;
#83 = VECTOR ( 'NONE', #1401, 1.000000000000000000 ) ;
#84 = PERSON_AND_ORGANIZATION ( #1577, #39 ) ;
#85 = ADVANCED_FACE ( 'NONE', ( #412 ), #267, .T. ) ;
#86 = CARTESIAN_POINT ( 'NONE',  ( -0.06762913263553980980, 0.2736694619868031975, 0.09385977325908684277 ) ) ;
#87 = ORIENTED_EDGE ( 'NONE', *, *, #15, .T. ) ;
#88 = DIRECTION ( 'NONE',  ( 0.2093936366567972218, 0.9777921392126447397, 0.008765695728311179158 ) ) ;
#89 = ORIENTED_EDGE ( 'NONE', *, *, #404, .T. ) ;
#90 = DATE_AND_TIME ( #199, #575 ) ;
#91 = CIRCLE ( 'NONE', #986, 0.006500000000005301884 ) ;
#92 = LINE ( 'NONE', #569, #974 ) ;
#93 = ORIENTED_EDGE ( 'NONE', *, *, #1201, .T. ) ;
#94 = DIRECTION ( 'NONE',  ( -0.002319452490768889562, -0.008467729446441207147, 0.9999614581063438479 ) ) ;
#95 = EDGE_LOOP ( 'NONE', ( #1035, #816, #368, #671 ) ) ;
#96 = ORIENTED_EDGE ( 'NONE', *, *, #483, .T. ) ;
#97 = EDGE_CURVE ( 'NONE', #584, #1575, #774, .T. ) ;
#98 = SHAPE_DEFINITION_REPRESENTATION ( #688, #421 ) ;
#99 = CARTESIAN_POINT ( 'NONE',  ( -0.1033729368556383227, 0.2751175530433014882, 0.1035047583582651420 ) ) ;
#100 = DIRECTION ( 'NONE',  ( 0.9778286787918352152, -0.2094058978443070484, 0.0004948537497350011466 ) ) ;
#101 = EDGE_LOOP ( 'NONE', ( #787, #607, #447, #198, #681, #1031, #938, #1045, #464 ) ) ;
#102 = CARTESIAN_POINT ( 'NONE',  ( -0.06877548779815828572, 0.2599935557666926411, 0.1177999150336141165 ) ) ;
#103 = ORIENTED_EDGE ( 'NONE', *, *, #208, .F. ) ;
#104 = ORIENTED_EDGE ( 'NONE', *, *, #1365, .T. ) ;
#105 = CARTESIAN_POINT ( 'NONE',  ( -0.09924273073407277601, 0.2674208935028076217, 0.1049218011346985668 ) ) ;
#106 = CARTESIAN_POINT ( 'NONE',  ( -0.09078380222316699555, 0.2625486964546800417, 0.1192128766258894051 ) ) ;
#107 = LINE ( 'NONE', #599, #1235 ) ;
#108 = ORIENTED_EDGE ( 'NONE', *, *, #1416, .T. ) ;
#109 = CARTESIAN_POINT ( 'NONE',  ( -0.07010539915312367920, 0.2595839375896364376, 0.1171031418517353290 ) ) ;
#110 = ORIENTED_EDGE ( 'NONE', *, *, #1196, .T. ) ;
#111 = CARTESIAN_POINT ( 'NONE',  ( -0.1022233131681741930, 0.2858455522059613618, 0.1033058558943994315 ) ) ;
#112 = EDGE_CURVE ( 'NONE', #1305, #918, #255, .T. ) ;
#113 = CIRCLE ( 'NONE', #324, 0.01349999999999999291 ) ;
#114 = CARTESIAN_POINT ( 'NONE',  ( -0.08486743298948909442, 0.2901216341299024948, 0.09645920256983639418 ) ) ;
#115 = ADVANCED_FACE ( 'NONE', ( #1018 ), #176, .F. ) ;
#116 = CC_DESIGN_PERSON_AND_ORGANIZATION_ASSIGNMENT ( #326, #1286, ( #799 ) ) ;
#117 = CARTESIAN_POINT ( 'NONE',  ( -0.09217447008041682044, 0.2913955414166302105, 0.1056548916904722496 ) ) ;
#118 = ORIENTED_EDGE ( 'NONE', *, *, #632, .F. ) ;
#119 = CARTESIAN_POINT ( 'NONE',  ( -0.06786823592227030078, 0.2604084107624915490, 0.1182692846733098962 ) ) ;
#120 = VECTOR ( 'NONE', #1132, 1.000000000000000000 ) ;
#121 = ORIENTED_EDGE ( 'NONE', *, *, #516, .F. ) ;
#122 = CARTESIAN_POINT ( 'NONE',  ( -0.05949155841115712218, 0.2677555496050849082, 0.1028289162536275420 ) ) ;
#123 = CARTESIAN_POINT ( 'NONE',  ( -0.09442636615346271245, 0.2803591150709525137, 0.1018545726561732034 ) ) ;
#124 = CARTESIAN_POINT ( 'NONE',  ( -0.09532395769471814495, 0.2896604931157424900, 0.1049037566998734239 ) ) ;
#125 = EDGE_LOOP ( 'NONE', ( #73, #321 ) ) ;
#126 = CARTESIAN_POINT ( 'NONE',  ( -0.09790275122691144416, 0.2704386941156001756, 0.1051310819733200924 ) ) ;
#127 = CARTESIAN_POINT ( 'NONE',  ( -0.06532877180129870176, 0.2643813451442335039, 0.1052868999993671895 ) ) ;
#128 = EDGE_LOOP ( 'NONE', ( #344, #1404, #1059, #233, #364 ) ) ;
#129 = AXIS2_PLACEMENT_3D ( 'NONE', #1006, #776, #1498 ) ;
#130 = EDGE_CURVE ( 'NONE', #711, #1167, #729, .T. ) ;
#131 = CARTESIAN_POINT ( 'NONE',  ( -0.09853770926630581184, 0.2667241168836561593, 0.1051410113995073781 ) ) ;
#132 = CIRCLE ( 'NONE', #263, 0.001300000000000002542 ) ;
#133 = DIRECTION ( 'NONE',  ( 0.002319452490767703878, 0.008467729446437477492, -0.9999614581063437369 ) ) ;
#134 = VECTOR ( 'NONE', #248, 1.000000000000000000 ) ;
#135 = AXIS2_PLACEMENT_3D ( 'NONE', #1434, #815, #221 ) ;
#136 = EDGE_CURVE ( 'NONE', #1417, #1325, #801, .T. ) ;
#137 = CARTESIAN_POINT ( 'NONE',  ( -0.06615822826420819647, 0.2604998136404454989, 0.1017519721130819982 ) ) ;
#138 = CARTESIAN_POINT ( 'NONE',  ( -0.07768260856402209313, 0.2597968104597019878, 0.1132197310089022024 ) ) ;
#139 = ORIENTED_EDGE ( 'NONE', *, *, #1393, .T. ) ;
#140 = CARTESIAN_POINT ( 'NONE',  ( -0.08580059870767769992, 0.2785925527349404907, 0.09285927424621388815 ) ) ;
#141 = DESIGN_CONTEXT ( 'detailed design', #1585, 'design' ) ;
#142 = CARTESIAN_POINT ( 'NONE',  ( -0.09883993296699129794, 0.2906140002412685996, 0.1039558991312296288 ) ) ;
#143 = DIRECTION ( 'NONE',  ( -0.002319452490769014462, -0.008467729446441177657, 0.9999614581063438479 ) ) ;
#144 = CARTESIAN_POINT ( 'NONE',  ( -0.09464118053428438593, 0.2674642431194187431, 0.1062033440461734590 ) ) ;
#145 = CARTESIAN_POINT ( 'NONE',  ( -0.1061426545593514015, 0.2659709829990395402, 0.1032142679558880061 ) ) ;
#146 = CIRCLE ( 'NONE', #350, 0.002500000000000006991 ) ;
#147 = DIRECTION ( 'NONE',  ( -0.002319452490769015329, -0.008467729446441181126, 0.9999614581063438479 ) ) ;
#148 = FACE_OUTER_BOUND ( 'NONE', #446, .T. ) ;
#149 = DIRECTION ( 'NONE',  ( -0.9778286787918352152, 0.2094058978443070484, -0.0004948537497348430700 ) ) ;
#150 = CARTESIAN_POINT ( 'NONE',  ( -0.09563412081309570489, 0.2930450049820815805, 0.1046680251648557936 ) ) ;
#151 = ADVANCED_FACE ( 'NONE', ( #1148 ), #51, .F. ) ;
#152 = FACE_OUTER_BOUND ( 'NONE', #965, .T. ) ;
#153 = CARTESIAN_POINT ( 'NONE',  ( -0.06186120355773950391, 0.2870410516129799916, 0.1186834878754517986 ) ) ;
#154 = DIRECTION ( 'NONE',  ( -0.002319452490769014462, -0.008467729446441177657, 0.9999614581063438479 ) ) ;
#155 = CARTESIAN_POINT ( 'NONE',  ( -0.06794527617596436697, 0.2912641472826256739, 0.1149567668777505131 ) ) ;
#156 = CARTESIAN_POINT ( 'NONE',  ( -0.1012504305185542020, 0.2924550879045315077, 0.1134416165750452010 ) ) ;
#157 = EDGE_CURVE ( 'NONE', #1328, #918, #403, .T. ) ;
#158 = CARTESIAN_POINT ( 'NONE',  ( -0.09803540896087817313, 0.2913374527580950835, 0.1041293874498342709 ) ) ;
#159 = VECTOR ( 'NONE', #741, 1.000000000000000000 ) ;
#160 = DIRECTION ( 'NONE',  ( -0.002319452407388510138, -0.008467729464297449674, 0.9999614581063860363 ) ) ;
#161 = CARTESIAN_POINT ( 'NONE',  ( -0.1004970220470868675, 0.2816277945848165154, 0.1053513696670998201 ) ) ;
#162 = DIRECTION ( 'NONE',  ( -0.9778286787918352152, 0.2094058978443070484, -0.0004948537497350011466 ) ) ;
#163 = FACE_OUTER_BOUND ( 'NONE', #1449, .T. ) ;
#164 = CARTESIAN_POINT ( 'NONE',  ( -0.05855810096566639589, 0.2721234368596451292, 0.1066682154252090453 ) ) ;
#165 = CARTESIAN_POINT ( 'NONE',  ( -0.08580059870767769992, 0.2785925527349404907, 0.09285927424621388815 ) ) ;
#166 = CC_DESIGN_DATE_AND_TIME_ASSIGNMENT ( #1301, #65, ( #841 ) ) ;
#167 = CARTESIAN_POINT ( 'NONE',  ( -0.06438650043634309983, 0.2687814097706905381, 0.1053263456301445911 ) ) ;
#168 = CYLINDRICAL_SURFACE ( 'NONE', #934, 0.006000000000000008799 ) ;
#169 = FACE_OUTER_BOUND ( 'NONE', #1411, .T. ) ;
#170 = FACE_OUTER_BOUND ( 'NONE', #594, .T. ) ;
#171 = CARTESIAN_POINT ( 'NONE',  ( -0.09075716081467249952, 0.2626459574419444665, 0.1077272429317744085 ) ) ;
#172 = DIRECTION ( 'NONE',  ( 0.002319452490769014462, 0.008467729446441177657, -0.9999614581063438479 ) ) ;
#173 = ADVANCED_FACE ( 'NONE', ( #1138, #43, #531, #370 ), #1074, .T. ) ;
#174 = DIRECTION ( 'NONE',  ( 0.002319452490769014462, 0.008467729446441177657, -0.9999614581063438479 ) ) ;
#175 = AXIS2_PLACEMENT_3D ( 'NONE', #753, #541, #1496 ) ;
#176 = PLANE ( 'NONE',  #603 ) ;
#177 = CARTESIAN_POINT ( 'NONE',  ( -0.06547829746249793359, 0.2901781732341090492, 0.1163376126447985548 ) ) ;
#178 = CARTESIAN_POINT ( 'NONE',  ( -0.08729633488339649805, 0.2788008149639205069, 0.1053580501924690077 ) ) ;
#179 = DIRECTION ( 'NONE',  ( -0.002319452490769014462, -0.008467729446441177657, 0.9999614581063438479 ) ) ;
#180 = EDGE_CURVE ( 'NONE', #189, #1163, #416, .T. ) ;
#181 = CARTESIAN_POINT ( 'NONE',  ( -0.08411891418447814406, 0.2936085893356074061, 0.09295479634453196471 ) ) ;
#182 = AXIS2_PLACEMENT_3D ( 'NONE', #424, #521, #1135 ) ;
#183 = VECTOR ( 'NONE', #382, 1.000000000000000000 ) ;
#184 = ADVANCED_FACE ( 'NONE', ( #828 ), #1564, .F. ) ;
#185 = DIRECTION ( 'NONE',  ( -0.002319452490769014462, -0.008467729446441177657, 0.9999614581063438479 ) ) ;
#186 = VERTEX_POINT ( 'NONE', #712 ) ;
#187 = CARTESIAN_POINT ( 'NONE',  ( -0.06637486203823081410, 0.2906282258760279902, 0.1158209650401484936 ) ) ;
#188 = DIRECTION ( 'NONE',  ( 0.2093936366567972218, 0.9777921392126447397, 0.008765695728311179158 ) ) ;
#189 = VERTEX_POINT ( 'NONE', #981 ) ;
#190 = EDGE_CURVE ( 'NONE', #1290, #1222, #678, .T. ) ;
#191 = PERSON_AND_ORGANIZATION ( #1577, #39 ) ;
#192 = VERTEX_POINT ( 'NONE', #727 ) ;
#193 = ORIENTED_EDGE ( 'NONE', *, *, #1287, .F. ) ;
#194 = CARTESIAN_POINT ( 'NONE',  ( -0.06223356387054995720, 0.2876318283392231279, 0.1184005533326740744 ) ) ;
#195 = CARTESIAN_POINT ( 'NONE',  ( -0.06830536686934320090, 0.2814930043253919822, 0.09292441635531850652 ) ) ;
#196 = AXIS2_PLACEMENT_3D ( 'NONE', #889, #1392, #297 ) ;
#197 = ORIENTED_EDGE ( 'NONE', *, *, #903, .F. ) ;
#198 = ORIENTED_EDGE ( 'NONE', *, *, #1253, .T. ) ;
#199 = CALENDAR_DATE ( 2026, 6, 9 ) ;
#200 = AXIS2_PLACEMENT_3D ( 'NONE', #1502, #420, #434 ) ;
#201 = B_SPLINE_SURFACE_WITH_KNOTS ( 'NONE', 2, 1, ( 
 ( #1234, #637 ),
 ( #21, #627 ),
 ( #27, #752 ),
 ( #1380, #745 ),
 ( #862, #1362 ),
 ( #1243, #145 ),
 ( #402, #1123 ) ),
 .UNSPECIFIED., .F., .F., .F.,
 ( 3, 2, 2, 3 ),
 ( 2, 2 ),
 ( 0.4987503575370639819, 0.4995288145573429928, 0.5006485819215409361, 0.5010349607505920622 ),
 ( -10.79999999999959925, 0.3010000000022899913 ),
 .UNSPECIFIED. ) ;
#202 = ORIENTED_EDGE ( 'NONE', *, *, #561, .T. ) ;
#203 = ORIENTED_EDGE ( 'NONE', *, *, #624, .F. ) ;
#204 = CARTESIAN_POINT ( 'NONE',  ( -0.06341700546786281645, 0.2887893636834591438, 0.1176053054904280804 ) ) ;
#205 = DIRECTION ( 'NONE',  ( -0.9778286787918352152, 0.2094058978443070484, -0.0004948537497350011466 ) ) ;
#206 = ORIENTED_EDGE ( 'NONE', *, *, #562, .T. ) ;
#207 = EDGE_LOOP ( 'NONE', ( #82, #902, #983, #226 ) ) ;
#208 = EDGE_CURVE ( 'NONE', #1167, #711, #1069, .T. ) ;
#209 = PERSON_AND_ORGANIZATION_ROLE ( 'design_supplier' ) ;
#210 = AXIS2_PLACEMENT_3D ( 'NONE', #1128, #307, #1247 ) ;
#211 = CARTESIAN_POINT ( 'NONE',  ( -0.08580059870767769992, 0.2785925527349404907, 0.09285927424621388815 ) ) ;
#212 = EDGE_LOOP ( 'NONE', ( #915, #820, #1442, #1114 ) ) ;
#213 = DIRECTION ( 'NONE',  ( -0.002319452490769014462, -0.008467729446441177657, 0.9999614581063438479 ) ) ;
#214 = VERTEX_POINT ( 'NONE', #471 ) ;
#215 = AXIS2_PLACEMENT_3D ( 'NONE', #1304, #898, #1277 ) ;
#216 = ORIENTED_EDGE ( 'NONE', *, *, #903, .T. ) ;
#217 = AXIS2_PLACEMENT_3D ( 'NONE', #445, #1183, #88 ) ;
#218 = APPLICATION_PROTOCOL_DEFINITION ( 'international standard', 'config_control_design', 1994, #1585 ) ;
#219 = CARTESIAN_POINT ( 'NONE',  ( -0.1058176598326606016, 0.2710876122424424883, 0.09624942648121449784 ) ) ;
#220 = ORIENTED_EDGE ( 'NONE', *, *, #1130, .T. ) ;
#221 = DIRECTION ( 'NONE',  ( -0.2093936366567922258, -0.9777921392126456279, -0.008765695728317339161 ) ) ;
#222 = VERTEX_POINT ( 'NONE', #378 ) ;
#223 = CARTESIAN_POINT ( 'NONE',  ( -0.1014577901443093066, 0.2703158781432269397, 0.1042184270191352374 ) ) ;
#224 = AXIS2_PLACEMENT_3D ( 'NONE', #1245, #506, #44 ) ;
#225 = CYLINDRICAL_SURFACE ( 'NONE', #1311, 0.005000000000000006176 ) ;
#226 = ORIENTED_EDGE ( 'NONE', *, *, #1145, .F. ) ;
#227 = CARTESIAN_POINT ( 'NONE',  ( -0.07063567507459608819, 0.2594719878778604105, 0.1168242491878009603 ) ) ;
#228 = ADVANCED_FACE ( 'NONE', ( #259 ), #201, .T. ) ;
#229 = ORIENTED_EDGE ( 'NONE', *, *, #1048, .F. ) ;
#230 = ORIENTED_EDGE ( 'NONE', *, *, #785, .F. ) ;
#231 = CARTESIAN_POINT ( 'NONE',  ( -0.1034369629671193225, 0.2754081758410134029, 0.1034749032451639933 ) ) ;
#232 = CARTESIAN_POINT ( 'NONE',  ( -0.06741973899888190069, 0.2746472541260210343, 0.09386853895481520049 ) ) ;
#233 = ORIENTED_EDGE ( 'NONE', *, *, #66, .T. ) ;
#234 = DIRECTION ( 'NONE',  ( 0.9778286787918352152, -0.2094058978443070484, 0.0004948537497350011466 ) ) ;
#235 = VECTOR ( 'NONE', #1086, 1.000000000000000000 ) ;
#236 = EDGE_CURVE ( 'NONE', #357, #1184, #273, .T. ) ;
#237 = VERTEX_POINT ( 'NONE', #266 ) ;
#238 = EDGE_CURVE ( 'NONE', #1415, #1323, #283, .T. ) ;
#239 = CARTESIAN_POINT ( 'NONE',  ( -0.09867324540974964364, 0.2668512000518571958, 0.1050987038676629154 ) ) ;
#240 = CARTESIAN_POINT ( 'NONE',  ( -0.09421697251680484497, 0.2813369072101703505, 0.1018633383519015612 ) ) ;
#241 = CARTESIAN_POINT ( 'NONE',  ( -0.08915189628150231582, 0.2921656080688965207, 0.1064842482660754014 ) ) ;
#242 = VERTEX_POINT ( 'NONE', #879 ) ;
#243 = CARTESIAN_POINT ( 'NONE',  ( -0.07511671817950860142, 0.2593765379233973212, 0.1144996169170327815 ) ) ;
#244 = ORIENTED_EDGE ( 'NONE', *, *, #1549, .T. ) ;
#245 = CARTESIAN_POINT ( 'NONE',  ( -0.06043962840733949765, 0.2633343156550119746, 0.1052893742681159928 ) ) ;
#246 = AXIS2_PLACEMENT_3D ( 'NONE', #1029, #1520, #872 ) ;
#247 = DIRECTION ( 'NONE',  ( 0.9778286787918352152, -0.2094058978443070484, 0.0004948537497350011466 ) ) ;
#248 = DIRECTION ( 'NONE',  ( 0.9778286787918352152, -0.2094058978443070484, 0.0004948537497348740781 ) ) ;
#249 = ORIENTED_EDGE ( 'NONE', *, *, #679, .T. ) ;
#250 = CARTESIAN_POINT ( 'NONE',  ( -0.07102748414588150316, 0.2687817065156274943, 0.09281046231085039733 ) ) ;
#251 = CARTESIAN_POINT ( 'NONE',  ( -0.07268825211367656303, 0.2592728309512207230, 0.1157489308215381152 ) ) ;
#252 = ORIENTED_EDGE ( 'NONE', *, *, #236, .T. ) ;
#253 = CARTESIAN_POINT ( 'NONE',  ( -0.09564125423739527898, 0.2645508327697329021, 0.1060649176790117859 ) ) ;
#254 = CARTESIAN_POINT ( 'NONE',  ( -0.05855207038919039986, 0.2721454529562058466, 0.1040683156341325466 ) ) ;
#255 = CIRCLE ( 'NONE', #1142, 0.001300000000000002542 ) ;
#256 = CARTESIAN_POINT ( 'NONE',  ( -0.09756630225086297681, 0.2875742543557355813, 0.1044234349867829009 ) ) ;
#257 = VERTEX_POINT ( 'NONE', #647 ) ;
#258 = CARTESIAN_POINT ( 'NONE',  ( -0.09650208231725893038, 0.2689229878923215522, 0.1055887117829543975 ) ) ;
#259 = FACE_OUTER_BOUND ( 'NONE', #101, .T. ) ;
#260 = ORIENTED_EDGE ( 'NONE', *, *, #1321, .F. ) ;
#261 = TOROIDAL_SURFACE ( 'NONE', #129, 0.01149999999999999981, 0.005000000000000000104 ) ;
#262 = CARTESIAN_POINT ( 'NONE',  ( -0.1006468059816771204, 0.2885075587712664369, 0.1035884624787266894 ) ) ;
#263 = AXIS2_PLACEMENT_3D ( 'NONE', #941, #722, #1358 ) ;
#264 = CARTESIAN_POINT ( 'NONE',  ( -0.09461720417019450768, 0.2794490647673061878, 0.09384611529559415410 ) ) ;
#265 = CARTESIAN_POINT ( 'NONE',  ( -0.09012897990458440534, 0.2655793338595574538, 0.1077535400189697928 ) ) ;
#266 = CARTESIAN_POINT ( 'NONE',  ( -0.05950315567361097457, 0.2677132109578526653, 0.1078287235441592745 ) ) ;
#267 = PLANE ( 'NONE',  #1302 ) ;
#268 = CARTESIAN_POINT ( 'NONE',  ( -0.07022614430803301999, 0.2919445250810640546, 0.1137765815508328393 ) ) ;
#269 = CARTESIAN_POINT ( 'NONE',  ( -0.08897321697562593501, 0.2952111576062328435, 0.1063703809843053322 ) ) ;
#270 = EDGE_CURVE ( 'NONE', #1575, #435, #884, .T. ) ;
#271 = DIRECTION ( 'NONE',  ( -0.9778286787918352152, 0.2094058978443070484, -0.0004948537497348430700 ) ) ;
#272 = CARTESIAN_POINT ( 'NONE',  ( -0.09748569300817472305, 0.2699253214227068653, 0.1052672283679537274 ) ) ;
#273 = LINE ( 'NONE', #161, #388 ) ;
#274 = CARTESIAN_POINT ( 'NONE',  ( -0.06532877180129870176, 0.2643813451442335039, 0.1052868999993671895 ) ) ;
#275 = ADVANCED_FACE ( 'NONE', ( #1260 ), #996, .F. ) ;
#276 = VECTOR ( 'NONE', #41, 1.000000000000000000 ) ;
#277 = LOCAL_TIME ( 12, 27, 24.00000000000000000, #808 ) ;
#278 = DIRECTION ( 'NONE',  ( 0.9778286787918352152, -0.2094058978443070484, 0.0004948537497350011466 ) ) ;
#279 = DIRECTION ( 'NONE',  ( -0.9778286787918352152, 0.2094058978443070484, -0.0004948537497351491402 ) ) ;
#280 = CARTESIAN_POINT ( 'NONE',  ( -0.09452384996666274297, 0.2936402312726705821, 0.1049260268795744189 ) ) ;
#281 = DIRECTION ( 'NONE',  ( -0.1464235598324673815, -0.6854158633153297764, -0.7132778108434952857 ) ) ;
#282 = CARTESIAN_POINT ( 'NONE',  ( -0.09012002342058160476, 0.2656120316985390306, 0.1038922240742360115 ) ) ;
#283 = LINE ( 'NONE', #1249, #1307 ) ;
#284 = CARTESIAN_POINT ( 'NONE',  ( -0.06344422907138760892, 0.2731814743971469617, 0.1053657912609222008 ) ) ;
#285 = DIRECTION ( 'NONE',  ( 0.9778286787918352152, -0.2094058978443070484, 0.0004948537497350011466 ) ) ;
#286 = FACE_BOUND ( 'NONE', #74, .T. ) ;
#287 = EDGE_CURVE ( 'NONE', #1347, #1290, #518, .T. ) ;
#288 = CARTESIAN_POINT ( 'NONE',  ( -0.08960028748653559028, 0.2951334905384649931, 0.1061911779309190618 ) ) ;
#289 = AXIS2_PLACEMENT_3D ( 'NONE', #1508, #1256, #643 ) ;
#290 = CARTESIAN_POINT ( 'NONE',  ( -0.08968348663259530229, 0.2676324149280114861, 0.09625759156808509631 ) ) ;
#291 = APPROVAL ( #923, 'UNSPECIFIED' ) ;
#292 = AXIS2_PLACEMENT_3D ( 'NONE', #375, #850, #1351 ) ;
#293 = CIRCLE ( 'NONE', #812, 0.001000000000005310009 ) ;
#294 = LINE ( 'NONE', #1288, #276 ) ;
#295 = CARTESIAN_POINT ( 'NONE',  ( -0.08405701557271789970, 0.2611898674285145217, 0.1100984854914603961 ) ) ;
#296 = FACE_OUTER_BOUND ( 'NONE', #1363, .T. ) ;
#297 = DIRECTION ( 'NONE',  ( -0.002319452490767699541, -0.008467729446429775320, 0.9999614581063437369 ) ) ;
#298 = LINE ( 'NONE', #86, #743 ) ;
#299 = DIRECTION ( 'NONE',  ( 0.9778286787918352152, -0.2094058978443070484, 0.0004948537497350011466 ) ) ;
#300 = PLANE ( 'NONE',  #1085 ) ;
#301 = CARTESIAN_POINT ( 'NONE',  ( -0.07768260856402209313, 0.2597968104597019878, 0.1132197310089022024 ) ) ;
#302 = ADVANCED_FACE ( 'NONE', ( #170 ), #1491, .F. ) ;
#303 = DIRECTION ( 'NONE',  ( 0.002319452490767697373, 0.008467729446448555436, -0.9999614581063437369 ) ) ;
#304 = CYLINDRICAL_SURFACE ( 'NONE', #535, 0.01350000000000001026 ) ;
#305 = AXIS2_PLACEMENT_3D ( 'NONE', #1042, #1165, #1051 ) ;
#306 = CARTESIAN_POINT ( 'NONE',  ( -0.07102748414588150316, 0.2687817065156274943, 0.09281046231085039733 ) ) ;
#307 = DIRECTION ( 'NONE',  ( -0.9778286787918352152, 0.2094058978443070484, -0.0004948537497348430700 ) ) ;
#308 = EDGE_CURVE ( 'NONE', #1468, #584, #733, .T. ) ;
#309 = CARTESIAN_POINT ( 'NONE',  ( -0.08727545981104219142, 0.2788770245289569627, 0.09635839706896069667 ) ) ;
#310 = ORIENTED_EDGE ( 'NONE', *, *, #1569, .T. ) ;
#311 = DIRECTION ( 'NONE',  ( -0.9778286787918352152, 0.2094058978443070484, -0.0004948537497350011466 ) ) ;
#312 = DIRECTION ( 'NONE',  ( 0.002319452472498674794, 0.008467729450353849927, -0.9999614581063530627 ) ) ;
#313 = DIRECTION ( 'NONE',  ( -0.002319452490767699541, -0.008467729446429775320, 0.9999614581063437369 ) ) ;
#314 = ORIENTED_EDGE ( 'NONE', *, *, #1533, .T. ) ;
#315 = ORIENTED_EDGE ( 'NONE', *, *, #1478, .T. ) ;
#316 = DIRECTION ( 'NONE',  ( 0.9778286787918352152, -0.2094058978443070484, 0.0004948537497350011466 ) ) ;
#317 = CARTESIAN_POINT ( 'NONE',  ( -0.06189726578021940290, 0.2565194077335860023, 0.1017281492946456034 ) ) ;
#318 = ORIENTED_EDGE ( 'NONE', *, *, #951, .F. ) ;
#319 = VERTEX_POINT ( 'NONE', #1116 ) ;
#321 = ORIENTED_EDGE ( 'NONE', *, *, #1416, .F. ) ;
#320 = ADVANCED_FACE ( 'NONE', ( #37 ), #1126, .F. ) ;
#322 = DIRECTION ( 'NONE',  ( 0.9778286787918355483, -0.2094058978443051333, 0.0004948537497345492512 ) ) ;
#323 = FACE_OUTER_BOUND ( 'NONE', #207, .T. ) ;
#324 = AXIS2_PLACEMENT_3D ( 'NONE', #1140, #755, #528 ) ;
#325 = ORIENTED_EDGE ( 'NONE', *, *, #679, .F. ) ;
#326 = PERSON_AND_ORGANIZATION ( #1577, #39 ) ;
#327 = AXIS2_PLACEMENT_3D ( 'NONE', #1494, #486, #503 ) ;
#328 = LINE ( 'NONE', #1194, #1440 ) ;
#329 = ORIENTED_EDGE ( 'NONE', *, *, #515, .T. ) ;
#330 = FACE_BOUND ( 'NONE', #125, .T. ) ;
#331 = CLOSED_SHELL ( 'NONE', ( #839, #877, #411, #1272, #1060, #1350, #1372, #554, #908, #64, #85, #927, #1030, #677, #1484, #1143, #320, #228, #115, #612, #151, #1199, #964, #574, #302, #837, #184, #1193, #790, #529, #907, #371, #275, #408, #588, #352, #173, #400, #696, #347, #652 ) ) ;
#332 = EDGE_LOOP ( 'NONE', ( #1300, #648 ) ) ;
#333 = PERSON_AND_ORGANIZATION ( #1577, #39 ) ;
#334 = AXIS2_PLACEMENT_3D ( 'NONE', #989, #1329, #854 ) ;
#335 = AXIS2_PLACEMENT_3D ( 'NONE', #482, #1210, #731 ) ;
#336 = CARTESIAN_POINT ( 'NONE',  ( -0.1002620844129944039, 0.2825940232067062907, 0.1039599251381456840 ) ) ;
#337 = ORIENTED_EDGE ( 'NONE', *, *, #1431, .F. ) ;
#338 = LINE ( 'NONE', #1444, #3 ) ;
#339 = ORIENTED_EDGE ( 'NONE', *, *, #1321, .T. ) ;
#340 = VECTOR ( 'NONE', #606, 1.000000000000000000 ) ;
#341 = ORIENTED_EDGE ( 'NONE', *, *, #1071, .F. ) ;
#342 = CARTESIAN_POINT ( 'NONE',  ( -0.09844687733608716018, 0.2666399016586882276, 0.1051693905966891163 ) ) ;
#343 = FACE_OUTER_BOUND ( 'NONE', #525, .T. ) ;
#344 = ORIENTED_EDGE ( 'NONE', *, *, #57, .F. ) ;
#345 = FACE_BOUND ( 'NONE', #1101, .T. ) ;
#346 = VERTEX_POINT ( 'NONE', #543 ) ;
#347 = ADVANCED_FACE ( 'NONE', ( #1151 ), #261, .T. ) ;
#348 = ORIENTED_EDGE ( 'NONE', *, *, #994, .T. ) ;
#349 = CARTESIAN_POINT ( 'NONE',  ( -0.1021271443832973552, 0.2715867374504419285, 0.1039877708617594904 ) ) ;
#350 = AXIS2_PLACEMENT_3D ( 'NONE', #406, #285, #1390 ) ;
#351 = EDGE_CURVE ( 'NONE', #572, #864, #1252, .T. ) ;
#352 = ADVANCED_FACE ( 'NONE', ( #1021 ), #304, .F. ) ;
#353 = CARTESIAN_POINT ( 'NONE',  ( -0.09443336338142437059, 0.2902702364083523667, 0.1051045944348516226 ) ) ;
#354 = ORIENTED_EDGE ( 'NONE', *, *, #782, .F. ) ;
#355 = CARTESIAN_POINT ( 'NONE',  ( -0.07204170041947491332, 0.2592965719900536259, 0.1160859314500052725 ) ) ;
#356 = EDGE_CURVE ( 'NONE', #214, #559, #1147, .T. ) ;
#357 = VERTEX_POINT ( 'NONE', #768 ) ;
#358 = CARTESIAN_POINT ( 'NONE',  ( -0.1021109890902427153, 0.2715535977016247382, 0.1039934515885231059 ) ) ;
#359 = CARTESIAN_POINT ( 'NONE',  ( -0.08968348663259530229, 0.2676324149280114861, 0.09625759156808509631 ) ) ;
#360 = CARTESIAN_POINT ( 'NONE',  ( -0.09583715843410715862, 0.2892620109866226308, 0.1047901857584078861 ) ) ;
#361 = ORIENTED_EDGE ( 'NONE', *, *, #858, .T. ) ;
#362 = CARTESIAN_POINT ( 'NONE',  ( -0.06873904281902055990, 0.2600081639355368845, 0.1178188789547306714 ) ) ;
#363 = VECTOR ( 'NONE', #172, 1.000000000000000000 ) ;
#364 = ORIENTED_EDGE ( 'NONE', *, *, #1456, .T. ) ;
#365 = FACE_OUTER_BOUND ( 'NONE', #786, .T. ) ;
#366 = CARTESIAN_POINT ( 'NONE',  ( -0.08579711952894150673, 0.2786052543291105410, 0.09135933205905430454 ) ) ;
#367 = CARTESIAN_POINT ( 'NONE',  ( -0.08384717080499450026, 0.2949130980359614962, 0.1080165108907790023 ) ) ;
#368 = ORIENTED_EDGE ( 'NONE', *, *, #1422, .T. ) ;
#369 = CARTESIAN_POINT ( 'NONE',  ( -0.09563758503614501472, 0.2681663623722727596, 0.1058725419688657243 ) ) ;
#370 = FACE_OUTER_BOUND ( 'NONE', #1555, .T. ) ;
#371 = ADVANCED_FACE ( 'NONE', ( #1374 ), #656, .F. ) ;
#372 = ORIENTED_EDGE ( 'NONE', *, *, #1583, .T. ) ;
#373 = CARTESIAN_POINT ( 'NONE',  ( -0.1037682393833755240, 0.2777575457987362939, 0.1032814536344230233 ) ) ;
#374 = CARTESIAN_POINT ( 'NONE',  ( -0.06751483174750209926, 0.2606406638542445031, 0.1184468140907885964 ) ) ;
#375 = CARTESIAN_POINT ( 'NONE',  ( -0.05842139570296540213, 0.2727291875956124878, 0.09287313015120571280 ) ) ;
#376 = ORIENTED_EDGE ( 'NONE', *, *, #57, .T. ) ;
#377 = CYLINDRICAL_SURFACE ( 'NONE', #1009, 0.006500000000005301884 ) ;
#378 = CARTESIAN_POINT ( 'NONE',  ( -0.06619695419609800124, 0.2603584351388404938, 0.1184474810344573886 ) ) ;
#379 = SECURITY_CLASSIFICATION ( '', '', #1319 ) ;
#380 = ORIENTED_EDGE ( 'NONE', *, *, #1478, .F. ) ;
#381 = CARTESIAN_POINT ( 'NONE',  ( -0.1003843934225936985, 0.2888590497648612088, 0.1036397249599124715 ) ) ;
#382 = DIRECTION ( 'NONE',  ( 0.9778286787918352152, -0.2094058978443070484, 0.0004948537497350011466 ) ) ;
#383 = CC_DESIGN_PERSON_AND_ORGANIZATION_ASSIGNMENT ( #191, #1294, ( #1524 ) ) ;
#384 = FACE_BOUND ( 'NONE', #1212, .T. ) ;
#385 = CARTESIAN_POINT ( 'NONE',  ( -0.07981912140619740192, 0.2909668668744114783, 0.1097443711201989969 ) ) ;
#386 = EDGE_LOOP ( 'NONE', ( #470, #1571, #372, #329 ) ) ;
#387 = DIRECTION ( 'NONE',  ( -0.002319452490769014462, -0.008467729446441177657, 0.9999614581063438479 ) ) ;
#388 = VECTOR ( 'NONE', #1495, 1.000000000000000000 ) ;
#389 = CARTESIAN_POINT ( 'NONE',  ( -0.1005607737254076012, 0.2886249392265278768, 0.1036051701365299643 ) ) ;
#390 = CARTESIAN_POINT ( 'NONE',  ( -0.09440781053353659857, 0.2804268569065240246, 0.09385488099132251183 ) ) ;
#391 = CARTESIAN_POINT ( 'NONE',  ( -0.1007660779361344572, 0.2778265788095967692, 0.1040500874815274285 ) ) ;
#392 = DIRECTION ( 'NONE',  ( -0.9778286787918352152, 0.2094058978443070484, -0.0004948537497350011466 ) ) ;
#393 = ORIENTED_EDGE ( 'NONE', *, *, #1129, .T. ) ;
#394 = DIRECTION ( 'NONE',  ( -0.002319452490767699541, -0.008467729446429775320, 0.9999614581063437369 ) ) ;
#395 = CARTESIAN_POINT ( 'NONE',  ( -0.06721034536222399158, 0.2756250462652388711, 0.09387730465054355822 ) ) ;
#396 = CARTESIAN_POINT ( 'NONE',  ( -0.1007695917842719446, 0.2797444813034495881, 0.1039607876578316770 ) ) ;
#397 = DIRECTION ( 'NONE',  ( -0.002319452490769014462, -0.008467729446441177657, 0.9999614581063438479 ) ) ;
#398 = ORIENTED_EDGE ( 'NONE', *, *, #852, .T. ) ;
#399 = CIRCLE ( 'NONE', #1266, 0.001000000000005310009 ) ;
#400 = ADVANCED_FACE ( 'NONE', ( #286, #1406 ), #631, .F. ) ;
#401 = DIRECTION ( 'NONE',  ( 0.2093936366567935581, 0.9777921392126452949, 0.008765695728316414553 ) ) ;
#402 = CARTESIAN_POINT ( 'NONE',  ( -0.08880839402314759379, 0.3757955754021605199, 0.1026088400945042028 ) ) ;
#403 = LINE ( 'NONE', #1381, #461 ) ;
#404 = EDGE_CURVE ( 'NONE', #1184, #672, #113, .T. ) ;
#405 = VECTOR ( 'NONE', #885, 1.000000000000000000 ) ;
#406 = CARTESIAN_POINT ( 'NONE',  ( -0.05949735704238399980, 0.2677343802814690088, 0.1053288198988933944 ) ) ;
#407 = DIRECTION ( 'NONE',  ( 0.002319452490767697373, 0.008467729446448555436, -0.9999614581063437369 ) ) ;
#408 = ADVANCED_FACE ( 'NONE', ( #1515 ), #882, .T. ) ;
#409 = CARTESIAN_POINT ( 'NONE',  ( -0.08670298197454996691, 0.2952766804062426087, 0.1070596228797447008 ) ) ;
#410 = FACE_OUTER_BOUND ( 'NONE', #1318, .T. ) ;
#411 = ADVANCED_FACE ( 'NONE', ( #905 ), #641, .F. ) ;
#412 = FACE_OUTER_BOUND ( 'NONE', #680, .T. ) ;
#413 = CARTESIAN_POINT ( 'NONE',  ( -0.1010016061895544076, 0.2935768314443334970, 0.09645103748296569857 ) ) ;
#414 = CARTESIAN_POINT ( 'NONE',  ( -0.06438650043634309983, 0.2687814097706905381, 0.1053263456301445911 ) ) ;
#415 = LINE ( 'NONE', #1049, #83 ) ;
#416 = CIRCLE ( 'NONE', #334, 0.01149999999999999634 ) ;
#417 = CARTESIAN_POINT ( 'NONE',  ( -0.06186120355773950391, 0.2870410516129799916, 0.1186834878754517986 ) ) ;
#418 = EDGE_CURVE ( 'NONE', #1539, #1305, #1263, .T. ) ;
#419 = VECTOR ( 'NONE', #796, 1.000000000000000000 ) ;
#420 = DIRECTION ( 'NONE',  ( 0.9778286787918352152, -0.2094058978443070484, 0.0004948537497350011466 ) ) ;
#421 = ADVANCED_BREP_SHAPE_REPRESENTATION ( 'Wrist', ( #950, #289 ), #968 ) ;
#422 = DIRECTION ( 'NONE',  ( -0.9778286787918352152, 0.2094058978443070484, -0.0004948537497350011466 ) ) ;
#423 = LINE ( 'NONE', #1005, #1522 ) ;
#424 = CARTESIAN_POINT ( 'NONE',  ( -0.06115945468808900443, 0.2838694460929150343, 0.1134619055787843972 ) ) ;
#425 = EDGE_CURVE ( 'NONE', #1328, #1539, #874, .T. ) ;
#426 = FACE_OUTER_BOUND ( 'NONE', #386, .T. ) ;
#427 = DIRECTION ( 'NONE',  ( -0.9778286787918352152, 0.2094058978443064656, -0.0004948537497349226504 ) ) ;
#428 = CARTESIAN_POINT ( 'NONE',  ( -0.1068646280159446099, 0.2661986515463795056, 0.09620559800257290350 ) ) ;
#429 = CARTESIAN_POINT ( 'NONE',  ( -0.06346862469301238485, 0.2888328764806029070, 0.1175718449876567845 ) ) ;
#430 = DIRECTION ( 'NONE',  ( 0.002319452490770013229, 0.008467729446441165514, -0.9999614581063436258 ) ) ;
#431 = AXIS2_PLACEMENT_3D ( 'NONE', #444, #919, #322 ) ;
#432 = CARTESIAN_POINT ( 'NONE',  ( -0.09995463800627039930, 0.2984657921403970349, 0.09649486596160730678 ) ) ;
#433 = EDGE_CURVE ( 'NONE', #480, #864, #399, .T. ) ;
#434 = DIRECTION ( 'NONE',  ( 0.002319452490768857036, 0.008467729446441165514, -0.9999614581063436258 ) ) ;
#435 = VERTEX_POINT ( 'NONE', #457 ) ;
#436 = VERTEX_POINT ( 'NONE', #1556 ) ;
#437 = CARTESIAN_POINT ( 'NONE',  ( -0.06342430930706975667, 0.2887955469104664941, 0.1176005662642338051 ) ) ;
#438 = CARTESIAN_POINT ( 'NONE',  ( -0.08446140270487469126, 0.2920306458963724539, 0.1019765219808780043 ) ) ;
#439 = ORIENTED_EDGE ( 'NONE', *, *, #562, .F. ) ;
#440 = CIRCLE ( 'NONE', #1258, 0.005000000000000000104 ) ;
#441 = EDGE_CURVE ( 'NONE', #214, #237, #1065, .T. ) ;
#442 = ORIENTED_EDGE ( 'NONE', *, *, #707, .T. ) ;
#443 = ORIENTED_EDGE ( 'NONE', *, *, #467, .T. ) ;
#444 = CARTESIAN_POINT ( 'NONE',  ( -0.08728821679974139991, 0.2788304520170015177, 0.1018581850885456053 ) ) ;
#445 = CARTESIAN_POINT ( 'NONE',  ( -0.09440781053353659857, 0.2804268569065240246, 0.09385488099132251183 ) ) ;
#446 = EDGE_LOOP ( 'NONE', ( #380, #104, #1040, #376 ) ) ;
#447 = ORIENTED_EDGE ( 'NONE', *, *, #1501, .T. ) ;
#448 = CARTESIAN_POINT ( 'NONE',  ( -0.09463575979012066319, 0.2793813229317346769, 0.1018458069604448457 ) ) ;
#449 = ORIENTED_EDGE ( 'NONE', *, *, #425, .F. ) ;
#450 = DIRECTION ( 'NONE',  ( -0.2093936366567928919, -0.9777921392126455169, -0.008765695728316995686 ) ) ;
#451 = CARTESIAN_POINT ( 'NONE',  ( -0.06555672105788169779, 0.2633358111694489856, 0.1132778259684898009 ) ) ;
#452 = ORIENTED_EDGE ( 'NONE', *, *, #1196, .F. ) ;
#453 = ORIENTED_EDGE ( 'NONE', *, *, #351, .F. ) ;
#454 = DATE_AND_TIME ( #933, #68 ) ;
#455 = DIRECTION ( 'NONE',  ( -0.9778286787918352152, 0.2094058978443070484, -0.0004948537497350011466 ) ) ;
#456 = ORIENTED_EDGE ( 'NONE', *, *, #1079, .F. ) ;
#457 = CARTESIAN_POINT ( 'NONE',  ( -0.08447535171486030003, 0.2919797216183005473, 0.1079902138036309966 ) ) ;
#458 = ORIENTED_EDGE ( 'NONE', *, *, #287, .F. ) ;
#459 = APPROVAL_STATUS ( 'not_yet_approved' ) ;
#460 = CARTESIAN_POINT ( 'NONE',  ( -0.06156965840739857254, 0.2580278616250277213, 0.09270580069948482216 ) ) ;
#461 = VECTOR ( 'NONE', #35, 1.000000000000000000 ) ;
#462 = EDGE_CURVE ( 'NONE', #192, #1335, #892, .T. ) ;
#463 = DIRECTION ( 'NONE',  ( 0.2093936366567930307, 0.9777921392126455169, 0.008765695728316995686 ) ) ;
#464 = ORIENTED_EDGE ( 'NONE', *, *, #1255, .T. ) ;
#465 = CYLINDRICAL_SURFACE ( 'NONE', #217, 0.001000000000005310009 ) ;
#466 = ORIENTED_EDGE ( 'NONE', *, *, #157, .F. ) ;
#467 = EDGE_CURVE ( 'NONE', #586, #1188, #492, .T. ) ;
#468 = CARTESIAN_POINT ( 'NONE',  ( -0.1009356206183010529, 0.2695193608408306685, 0.1043893814479178173 ) ) ;
#469 = CARTESIAN_POINT ( 'NONE',  ( -0.08447535171486030003, 0.2919797216183005473, 0.1079902138036309966 ) ) ;
#470 = ORIENTED_EDGE ( 'NONE', *, *, #852, .F. ) ;
#471 = CARTESIAN_POINT ( 'NONE',  ( -0.06439229906757007460, 0.2687602404470741946, 0.1078262492754105961 ) ) ;
#472 = ORIENTED_EDGE ( 'NONE', *, *, #1337, .F. ) ;
#473 = CARTESIAN_POINT ( 'NONE',  ( -0.1004457805074730620, 0.2688425752653803569, 0.1045465059599031271 ) ) ;
#474 = LINE ( 'NONE', #374, #235 ) ;
#475 = CIRCLE ( 'NONE', #723, 0.002500000000000006991 ) ;
#476 = APPROVAL_PERSON_ORGANIZATION ( #84, #564, #686 ) ;
#477 = CARTESIAN_POINT ( 'NONE',  ( -0.08854221552113362981, 0.2922348902678645333, 0.1066645373484754744 ) ) ;
#478 = ORIENTED_EDGE ( 'NONE', *, *, #596, .F. ) ;
#479 = CARTESIAN_POINT ( 'NONE',  ( -0.07546843152708686275, 0.2594162926930967394, 0.1143214616218789503 ) ) ;
#480 = VERTEX_POINT ( 'NONE', #1538 ) ;
#481 = CARTESIAN_POINT ( 'NONE',  ( -0.1032769199908888796, 0.2830777837333295355, 0.1031625545909004571 ) ) ;
#482 = CARTESIAN_POINT ( 'NONE',  ( -0.06741973899888190069, 0.2746472541260210343, 0.09386853895481520049 ) ) ;
#483 = EDGE_CURVE ( 'NONE', #436, #319, #1315, .T. ) ;
#484 = CARTESIAN_POINT ( 'NONE',  ( -0.09804241417213253873, 0.2869781562841184352, 0.1043285072380836509 ) ) ;
#485 = ORIENTED_EDGE ( 'NONE', *, *, #742, .F. ) ;
#486 = DIRECTION ( 'NONE',  ( 0.9778286787918352152, -0.2094058978443069374, 0.0004948537497351502244 ) ) ;
#487 = CARTESIAN_POINT ( 'NONE',  ( -0.07259788331626280955, 0.2592756076698878864, 0.1157959985126144065 ) ) ;
#488 = AXIS2_PLACEMENT_3D ( 'NONE', #359, #1477, #716 ) ;
#489 = ORIENTED_EDGE ( 'NONE', *, *, #1368, .T. ) ;
#490 = CIRCLE ( 'NONE', #739, 0.002500000000000006991 ) ;
#491 = CARTESIAN_POINT ( 'NONE',  ( -0.1006594767578981309, 0.2691303214189576520, 0.1044783052391308337 ) ) ;
#492 = CIRCLE ( 'NONE', #1180, 0.006500000000005301884 ) ;
#493 = CARTESIAN_POINT ( 'NONE',  ( -0.06344724435962559306, 0.2731704663488666585, 0.1066657411564603669 ) ) ;
#494 = FACE_OUTER_BOUND ( 'NONE', #805, .T. ) ;
#495 = ORIENTED_EDGE ( 'NONE', *, *, #1450, .F. ) ;
#496 = CARTESIAN_POINT ( 'NONE',  ( -0.1006629015473668037, 0.2768765627844714805, 0.1041203991565642778 ) ) ;
#497 = DIRECTION ( 'NONE',  ( 0.002319452490767697373, 0.008467729446448555436, -0.9999614581063437369 ) ) ;
#498 = ORIENTED_EDGE ( 'NONE', *, *, #944, .T. ) ;
#499 = CARTESIAN_POINT ( 'NONE',  ( -0.09331550220460903267, 0.2941743839909669034, 0.1052126552307908192 ) ) ;
#500 = PRODUCT_RELATED_PRODUCT_CATEGORY ( 'detail', '', ( #1524 ) ) ;
#501 = DIRECTION ( 'NONE',  ( 0.2093936366567972218, 0.9777921392126447397, 0.008765695728311179158 ) ) ;
#502 = VECTOR ( 'NONE', #1275, 1.000000000000000000 ) ;
#503 = DIRECTION ( 'NONE',  ( -0.2093936366567928919, -0.9777921392126455169, -0.008765695728316995686 ) ) ;
#504 = CARTESIAN_POINT ( 'NONE',  ( -0.07255924651368898803, 0.2592769368021476950, 0.1158161313759147465 ) ) ;
#505 = ORIENTED_EDGE ( 'NONE', *, *, #634, .F. ) ;
#506 = DIRECTION ( 'NONE',  ( 0.9778286787918352152, -0.2094058978443070484, 0.0004948537497350011466 ) ) ;
#507 = CARTESIAN_POINT ( 'NONE',  ( -0.09085614768092252491, 0.2949171787702697389, 0.1058430714504746267 ) ) ;
#508 = LINE ( 'NONE', #1485, #1120 ) ;
#509 = CARTESIAN_POINT ( 'NONE',  ( -0.09995217851733874392, 0.2741085959333702249, 0.1044306926250032769 ) ) ;
#510 = CARTESIAN_POINT ( 'NONE',  ( -0.06906171086124449077, 0.2886219577609864806, 0.1143418822027505999 ) ) ;
#511 = DIRECTION ( 'NONE',  ( 0.002319452490770013229, 0.008467729446441165514, -0.9999614581063436258 ) ) ;
#512 = FACE_OUTER_BOUND ( 'NONE', #1545, .T. ) ;
#513 = DIRECTION ( 'NONE',  ( 0.2093936366567930307, 0.9777921392126455169, 0.008765695728316995686 ) ) ;
#514 = CARTESIAN_POINT ( 'NONE',  ( -0.08934956887825190597, 0.2951663036172068599, 0.1062625119900733189 ) ) ;
#515 = EDGE_CURVE ( 'NONE', #346, #1417, #1240, .T. ) ;
#516 = EDGE_CURVE ( 'NONE', #436, #1468, #79, .T. ) ;
#517 = CARTESIAN_POINT ( 'NONE',  ( -0.09656244099155414373, 0.2689796616495043757, 0.1055689437549501286 ) ) ;
#518 = LINE ( 'NONE', #1488, #608 ) ;
#519 = CARTESIAN_POINT ( 'NONE',  ( -0.1000079854135580010, 0.2982710343631285177, 0.1194939794980532100 ) ) ;
#520 = CARTESIAN_POINT ( 'NONE',  ( -0.05502786618913370342, 0.2886383630622905150, 0.1195167427705410013 ) ) ;
#521 = DIRECTION ( 'NONE',  ( -0.9778286787918352152, 0.2094058978443070484, -0.0004948537497351491402 ) ) ;
#522 = CARTESIAN_POINT ( 'NONE',  ( -0.09822116987493488549, 0.2911748318987427142, 0.1040891260248858335 ) ) ;
#523 = DIRECTION ( 'NONE',  ( -0.9778286787918352152, 0.2094058978443070484, -0.0004948537497350011466 ) ) ;
#524 = DIRECTION ( 'NONE',  ( -0.9778286787918352152, 0.2094058978443070484, -0.0004948537497350011466 ) ) ;
#525 = EDGE_LOOP ( 'NONE', ( #827, #456, #1182, #341, #22 ) ) ;
#526 = AXIS2_PLACEMENT_3D ( 'NONE', #726, #744, #1224 ) ;
#527 = CARTESIAN_POINT ( 'NONE',  ( -0.06842741900266617605, 0.2914291774281438374, 0.1147004645878930418 ) ) ;
#528 = DIRECTION ( 'NONE',  ( 0.9778286787918355483, -0.2094058978443051333, 0.0004948537497345492512 ) ) ;
#529 = ADVANCED_FACE ( 'NONE', ( #668 ), #465, .F. ) ;
#530 = CARTESIAN_POINT ( 'NONE',  ( -0.09353841883051070005, 0.2735218326010285250, 0.1017987337975636009 ) ) ;
#531 = FACE_BOUND ( 'NONE', #728, .T. ) ;
#532 = CARTESIAN_POINT ( 'NONE',  ( -0.06876250722865002996, 0.2915371382535562050, 0.1145244773431741414 ) ) ;
#533 = DIRECTION ( 'NONE',  ( -0.002319452490769014462, -0.008467729446441177657, 0.9999614581063438479 ) ) ;
#534 = LINE ( 'NONE', #1426, #52 ) ;
#535 = AXIS2_PLACEMENT_3D ( 'NONE', #178, #312, #54 ) ;
#536 = AXIS2_PLACEMENT_3D ( 'NONE', #123, #143, #501 ) ;
#537 = LINE ( 'NONE', #635, #1462 ) ;
#538 = VECTOR ( 'NONE', #278, 1.000000000000000000 ) ;
#539 = VECTOR ( 'NONE', #674, 1.000000000000000000 ) ;
#540 = CARTESIAN_POINT ( 'NONE',  ( -0.08486743298948909442, 0.2901216341299024948, 0.09645920256983639418 ) ) ;
#541 = DIRECTION ( 'NONE',  ( -0.9778286787918352152, 0.2094058978443070484, -0.0004948537497350011466 ) ) ;
#542 = CARTESIAN_POINT ( 'NONE',  ( -0.06742715312796443428, 0.2910785076270288596, 0.1152348310331187675 ) ) ;
#543 = CARTESIAN_POINT ( 'NONE',  ( -0.05497451878184600460, 0.2888331208395584770, 0.09651762923409509809 ) ) ;
#544 = DIRECTION ( 'NONE',  ( 0.2093936366567928919, 0.9777921392126455169, 0.008765695728316995686 ) ) ;
#545 = DIRECTION ( 'NONE',  ( 0.2093936366567935581, 0.9777921392126452949, 0.008765695728316414553 ) ) ;
#546 = CC_DESIGN_PERSON_AND_ORGANIZATION_ASSIGNMENT ( #695, #1047, ( #379 ) ) ;
#547 = LINE ( 'NONE', #659, #38 ) ;
#548 = VERTEX_POINT ( 'NONE', #438 ) ;
#549 = CARTESIAN_POINT ( 'NONE',  ( -0.08443954006940738999, 0.2849482016398280360, 0.09291625126844799132 ) ) ;
#550 = DIRECTION ( 'NONE',  ( 0.002319452490770013229, 0.008467729446441165514, -0.9999614581063436258 ) ) ;
#551 = VECTOR ( 'NONE', #17, 1.000000000000000000 ) ;
#552 = VERTEX_POINT ( 'NONE', #914 ) ;
#553 = VERTEX_POINT ( 'NONE', #1157 ) ;
#554 = ADVANCED_FACE ( 'NONE', ( #323 ), #804, .F. ) ;
#555 = ORIENTED_EDGE ( 'NONE', *, *, #238, .T. ) ;
#556 = ORIENTED_EDGE ( 'NONE', *, *, #994, .F. ) ;
#557 = LINE ( 'NONE', #1542, #1187 ) ;
#558 = CARTESIAN_POINT ( 'NONE',  ( -0.08579711952894150673, 0.2786052543291105410, 0.09135933205905430454 ) ) ;
#559 = VERTEX_POINT ( 'NONE', #61 ) ;
#560 = AXIS2_PLACEMENT_3D ( 'NONE', #664, #299, #770 ) ;
#561 = EDGE_CURVE ( 'NONE', #1325, #242, #338, .T. ) ;
#562 = EDGE_CURVE ( 'NONE', #222, #436, #1100, .T. ) ;
#563 = ORIENTED_EDGE ( 'NONE', *, *, #858, .F. ) ;
#564 = APPROVAL ( #783, 'UNSPECIFIED' ) ;
#565 = PLANE ( 'NONE',  #305 ) ;
#566 = CARTESIAN_POINT ( 'NONE',  ( -0.06043962840733949765, 0.2633343156550119746, 0.1052893742681159928 ) ) ;
#567 = ORIENTED_EDGE ( 'NONE', *, *, #433, .F. ) ;
#568 = DATE_TIME_ROLE ( 'classification_date' ) ;
#569 = CARTESIAN_POINT ( 'NONE',  ( -0.06193785619880780302, 0.2563712224682729857, 0.1192274748115065980 ) ) ;
#570 = ORIENTED_EDGE ( 'NONE', *, *, #462, .F. ) ;
#571 = CARTESIAN_POINT ( 'NONE',  ( -0.08715817816721177502, 0.2722496054242231622, 0.09130235503682020137 ) ) ;
#572 = VERTEX_POINT ( 'NONE', #1420 ) ;
#573 = PERSON_AND_ORGANIZATION ( #1577, #39 ) ;
#574 = ADVANCED_FACE ( 'NONE', ( #345, #1414, #330, #1189 ), #789, .T. ) ;
#575 = LOCAL_TIME ( 12, 27, 24.00000000000000000, #1546 ) ;
#576 = DIRECTION ( 'NONE',  ( 0.2093936366567935581, 0.9777921392126452949, 0.008765695728316414553 ) ) ;
#577 = EDGE_LOOP ( 'NONE', ( #449, #1216, #926, #76 ) ) ;
#578 = EDGE_CURVE ( 'NONE', #572, #930, #293, .T. ) ;
#579 = DIRECTION ( 'NONE',  ( 0.9778286787918352152, -0.2094058978443070484, 0.0004948537497348740781 ) ) ;
#580 = ORIENTED_EDGE ( 'NONE', *, *, #772, .F. ) ;
#581 = EDGE_LOOP ( 'NONE', ( #203, #823, #1330, #87 ) ) ;
#582 = CARTESIAN_POINT ( 'NONE',  ( -0.1015507184099459642, 0.2871573009492260908, 0.1034183122906897206 ) ) ;
#583 = CARTESIAN_POINT ( 'NONE',  ( -0.09099962585865918607, 0.2918071435030310523, 0.1059616434641816596 ) ) ;
#584 = VERTEX_POINT ( 'NONE', #692 ) ;
#585 = CARTESIAN_POINT ( 'NONE',  ( -0.07519373111002386478, 0.2593848146049496650, 0.1144605498092687301 ) ) ;
#586 = VERTEX_POINT ( 'NONE', #571 ) ;
#587 = CARTESIAN_POINT ( 'NONE',  ( -0.09840021884560860854, 0.2665971361814730156, 0.1051839819519278241 ) ) ;
#588 = ADVANCED_FACE ( 'NONE', ( #1057 ), #1292, .T. ) ;
#589 = DIRECTION ( 'NONE',  ( 0.2093936366567972218, 0.9777921392126447397, 0.008765695728311179158 ) ) ;
#590 = CARTESIAN_POINT ( 'NONE',  ( -0.09549693014056089002, 0.2895306058560587203, 0.1048652743218969619 ) ) ;
#591 = ORIENTED_EDGE ( 'NONE', *, *, #433, .T. ) ;
#592 = CARTESIAN_POINT ( 'NONE',  ( -0.07252236851862751965, 0.2592782623283346188, 0.1158353514207721008 ) ) ;
#593 = ORIENTED_EDGE ( 'NONE', *, *, #1563, .T. ) ;
#594 = EDGE_LOOP ( 'NONE', ( #1412, #1064, #1433 ) ) ;
#595 = CARTESIAN_POINT ( 'NONE',  ( -0.1029027112845017355, 0.2734118317575270352, 0.1037042640604680932 ) ) ;
#596 = EDGE_CURVE ( 'NONE', #1067, #990, #699, .T. ) ;
#597 = DIRECTION ( 'NONE',  ( -0.002319452490769014462, -0.008467729446441177657, 0.9999614581063438479 ) ) ;
#598 = AXIS2_PLACEMENT_3D ( 'NONE', #309, #779, #427 ) ;
#599 = CARTESIAN_POINT ( 'NONE',  ( -0.06044264369557749567, 0.2633233076067316158, 0.1065893241636542421 ) ) ;
#600 = EDGE_LOOP ( 'NONE', ( #121, #96, #249, #1453 ) ) ;
#601 = CARTESIAN_POINT ( 'NONE',  ( -0.06751483174747829885, 0.2606406638542395071, 0.1184468140907966038 ) ) ;
#602 = ORIENTED_EDGE ( 'NONE', *, *, #1365, .F. ) ;
#603 = AXIS2_PLACEMENT_3D ( 'NONE', #638, #654, #660 ) ;
#604 = CARTESIAN_POINT ( 'NONE',  ( -0.05855508567742839787, 0.2721344449079254879, 0.1053682655296707960 ) ) ;
#605 = LINE ( 'NONE', #1333, #833 ) ;
#606 = DIRECTION ( 'NONE',  ( 0.002319452490769159311, 0.008467729446441148167, -0.9999614581063438479 ) ) ;
#607 = ORIENTED_EDGE ( 'NONE', *, *, #190, .T. ) ;
#608 = VECTOR ( 'NONE', #1003, 1.000000000000000000 ) ;
#609 = CARTESIAN_POINT ( 'NONE',  ( -0.09917525974906986341, 0.2723764084255359541, 0.1047102648826780946 ) ) ;
#610 = CARTESIAN_POINT ( 'NONE',  ( -0.07723891777720513774, 0.2597000265080207093, 0.1134369689220122851 ) ) ;
#611 = AXIS2_PLACEMENT_3D ( 'NONE', #390, #1341, #589 ) ;
#612 = ADVANCED_FACE ( 'NONE', ( #1516 ), #1322, .F. ) ;
#613 = ORIENTED_EDGE ( 'NONE', *, *, #1071, .T. ) ;
#614 = AXIS2_PLACEMENT_3D ( 'NONE', #211, #179, #576 ) ;
#615 = CARTESIAN_POINT ( 'NONE',  ( -0.09239316630518459861, 0.2944946606808080403, 0.1054428136468622407 ) ) ;
#616 = AXIS2_PLACEMENT_3D ( 'NONE', #317, #94, #579 ) ;
#617 = LINE ( 'NONE', #10, #183 ) ;
#618 = CARTESIAN_POINT ( 'NONE',  ( -0.09819740051746678189, 0.2708400446331715727, 0.1050345205978698571 ) ) ;
#619 = DIRECTION ( 'NONE',  ( -0.002319452490767699541, -0.008467729446429775320, 0.9999614581063437369 ) ) ;
#620 = ORIENTED_EDGE ( 'NONE', *, *, #596, .T. ) ;
#621 = CYLINDRICAL_SURFACE ( 'NONE', #224, 0.005000000000000006176 ) ;
#622 = CARTESIAN_POINT ( 'NONE',  ( -0.08972437971082290742, 0.2951158102329620170, 0.1061561298138805759 ) ) ;
#623 = LINE ( 'NONE', #867, #1046 ) ;
#624 = EDGE_CURVE ( 'NONE', #930, #480, #298, .T. ) ;
#625 = CIRCLE ( 'NONE', #771, 0.001000000000005310009 ) ;
#626 = CARTESIAN_POINT ( 'NONE',  ( -0.09313006218309409501, 0.2665100260907818930, 0.1067084401422561252 ) ) ;
#627 = CARTESIAN_POINT ( 'NONE',  ( -0.05744220438942010398, 0.2553474199658194999, 0.1248978926559016073 ) ) ;
#628 = EDGE_CURVE ( 'NONE', #186, #548, #415, .T. ) ;
#629 = CARTESIAN_POINT ( 'NONE',  ( -0.06054332600679790399, 0.2867588228976750142, 0.1186841548191219925 ) ) ;
#630 = DIRECTION ( 'NONE',  ( -0.002319452490769014462, -0.008467729446441177657, 0.9999614581063438479 ) ) ;
#631 = PLANE ( 'NONE',  #246 ) ;
#632 = EDGE_CURVE ( 'NONE', #552, #1347, #92, .T. ) ;
#633 = CARTESIAN_POINT ( 'NONE',  ( -0.09566112770135806742, 0.2930291984743947920, 0.1046618105794678150 ) ) ;
#634 = EDGE_CURVE ( 'NONE', #1282, #237, #490, .T. ) ;
#635 = CARTESIAN_POINT ( 'NONE',  ( -0.06043661311910149964, 0.2633453237032923333, 0.1039894243725777434 ) ) ;
#636 = FACE_OUTER_BOUND ( 'NONE', #803, .T. ) ;
#637 = CARTESIAN_POINT ( 'NONE',  ( -0.04691886519042579723, 0.2530367561652599462, 0.1312668835073023954 ) ) ;
#638 = CARTESIAN_POINT ( 'NONE',  ( -0.1069179754232321977, 0.2660038937691114880, 0.1192047115390188067 ) ) ;
#639 = AXIS2_PLACEMENT_3D ( 'NONE', #245, #721, #1217 ) ;
#640 = CARTESIAN_POINT ( 'NONE',  ( -0.06790789547526700221, 0.2912508233942945335, 0.1149768061267608110 ) ) ;
#641 = CYLINDRICAL_SURFACE ( 'NONE', #1344, 0.01350000000000001026 ) ;
#642 = CARTESIAN_POINT ( 'NONE',  ( -0.08384717080499450026, 0.2949130980359614962, 0.1080165108907790023 ) ) ;
#643 = DIRECTION ( 'NONE',  ( 1.000000000000000000, 0.000000000000000000, 0.000000000000000000 ) ) ;
#644 = B_SPLINE_CURVE_WITH_KNOTS ( 'NONE', 2,
 ( #1119, #1032, #1024 ),
 .UNSPECIFIED., .F., .F.,
 ( 3, 3 ),
 ( 0.4995354534942850200, 0.5003338096847790295 ),
 .UNSPECIFIED. ) ;
#645 = CARTESIAN_POINT ( 'NONE',  ( -0.09481078947241276811, 0.2675765400111370096, 0.1061468227509662354 ) ) ;
#646 = B_SPLINE_CURVE_WITH_KNOTS ( 'NONE', 2,
 ( #301, #295, #1489 ),
 .UNSPECIFIED., .F., .F.,
 ( 3, 3 ),
 ( 0.4998810096250109747, 0.5003338096847820271 ),
 .UNSPECIFIED. ) ;
#647 = CARTESIAN_POINT ( 'NONE',  ( -0.08716165734594680248, 0.2722369038300584965, 0.09280229722397979886 ) ) ;
#648 = ORIENTED_EDGE ( 'NONE', *, *, #425, .T. ) ;
#649 = CARTESIAN_POINT ( 'NONE',  ( -0.06899406034474457605, 0.2916077522381996801, 0.1144041358804561981 ) ) ;
#650 = CARTESIAN_POINT ( 'NONE',  ( -0.05842139570296540213, 0.2727291875956124878, 0.09287313015120571280 ) ) ;
#651 = CARTESIAN_POINT ( 'NONE',  ( -0.06117337140303360371, 0.2838186397162359986, 0.1194616743274223986 ) ) ;
#652 = ADVANCED_FACE ( 'NONE', ( #426 ), #703, .T. ) ;
#653 = CARTESIAN_POINT ( 'NONE',  ( -0.09353841883051070005, 0.2735218326010285250, 0.1017987337975636009 ) ) ;
#654 = DIRECTION ( 'NONE',  ( 0.002319452490769013161, 0.008467729446441177657, -0.9999614581063438479 ) ) ;
#655 = CARTESIAN_POINT ( 'NONE',  ( -0.06826293530672566945, 0.2913746867993081691, 0.1147873281842180099 ) ) ;
#656 = CYLINDRICAL_SURFACE ( 'NONE', #1213, 0.001300000000000002542 ) ;
#657 = LINE ( 'NONE', #306, #1099 ) ;
#658 = DIRECTION ( 'NONE',  ( -0.002319452490769014462, -0.008467729446441177657, 0.9999614581063438479 ) ) ;
#659 = CARTESIAN_POINT ( 'NONE',  ( -0.08443606089067123843, 0.2849609032339979198, 0.09141630908128840771 ) ) ;
#660 = DIRECTION ( 'NONE',  ( 0.9778286787918352152, -0.2094058978443070484, 0.0004948537497350011466 ) ) ;
#661 = CARTESIAN_POINT ( 'NONE',  ( -0.08446140270487419166, 0.2920306458963744523, 0.1019765219806256090 ) ) ;
#662 = CARTESIAN_POINT ( 'NONE',  ( -0.06043962840733949765, 0.2633343156550119746, 0.1052893742681159928 ) ) ;
#663 = CARTESIAN_POINT ( 'NONE',  ( -0.1069179754232321977, 0.2660038937691114880, 0.1192047115390188067 ) ) ;
#664 = CARTESIAN_POINT ( 'NONE',  ( -0.06066757766392250062, 0.2622887816802275118, 0.1132803002372384099 ) ) ;
#665 = DIRECTION ( 'NONE',  ( 0.002319452490767703878, 0.008467729446437477492, -0.9999614581063437369 ) ) ;
#666 = ORIENTED_EDGE ( 'NONE', *, *, #112, .F. ) ;
#667 = CARTESIAN_POINT ( 'NONE',  ( -0.06467275306835855442, 0.2897145675927056963, 0.1168164411124278240 ) ) ;
#668 = FACE_OUTER_BOUND ( 'NONE', #855, .T. ) ;
#669 = PERSON_AND_ORGANIZATION ( #1577, #39 ) ;
#670 = AXIS2_PLACEMENT_3D ( 'NONE', #156, #45, #430 ) ;
#671 = ORIENTED_EDGE ( 'NONE', *, *, #634, .T. ) ;
#672 = VERTEX_POINT ( 'NONE', #769 ) ;
#673 = CARTESIAN_POINT ( 'NONE',  ( -0.06545604367560327319, 0.2901660957497896320, 0.1163506623958005526 ) ) ;
#674 = DIRECTION ( 'NONE',  ( -0.9778286787918352152, 0.2094058978443070484, -0.0004948537497350011466 ) ) ;
#675 = ORIENTED_EDGE ( 'NONE', *, *, #1130, .F. ) ;
#676 = VECTOR ( 'NONE', #1010, 1.000000000000000000 ) ;
#677 = ADVANCED_FACE ( 'NONE', ( #343 ), #55, .F. ) ;
#678 = B_SPLINE_CURVE_WITH_KNOTS ( 'NONE', 3,
 ( #138, #610, #963, #822, #479, #1225, #585, #1336, #1207, #243, #1474, #1324, #1582, #954, #1082, #251, #487, #504, #735, #592, #355, #719, #972, #227, #1098, #109, #1467, #1105, #1572, #13, #1459, #1215, #705, #1197, #102, #362, #836, #1355, #1451, #119, #601 ),
 .UNSPECIFIED., .F., .F.,
 ( 4, 1, 1, 1, 1, 1, 2, 2, 2, 1, 1, 1, 1, 2, 2, 2, 1, 1, 1, 1, 2, 2, 1, 1, 1, 1, 2, 2, 4 ),
 ( 0.000000000000000000, 0.1250000000000252298, 0.1875000000000362488, 0.2187500000000409117, 0.2343750000000432432, 0.2421875000000419664, 0.2460937500000421607, 0.2500000000000422995, 0.3750000000000727751, 0.4375000000000872635, 0.4687500000000928146, 0.4843750000000963118, 0.4921875000000996980, 0.4960937500001003642, 0.5000000000001010303, 0.6250000000000867084, 0.6875000000000811573, 0.7187500000000762723, 0.7343750000000729417, 0.7421875000000711653, 0.7460937500000702771, 0.7500000000000693889, 0.8125000000000318634, 0.8437500000000111022, 0.8593750000000037748, 0.8671875000000011102, 0.8710937500000012212, 0.8750000000000013323, 1.000000000000000000 ),
 .UNSPECIFIED. ) ;
#679 = EDGE_CURVE ( 'NONE', #319, #1338, #328, .T. ) ;
#680 = EDGE_LOOP ( 'NONE', ( #1421, #1200 ) ) ;
#681 = ORIENTED_EDGE ( 'NONE', *, *, #785, .T. ) ;
#682 = CARTESIAN_POINT ( 'NONE',  ( -0.06274700867508228863, 0.2882197021992696784, 0.1180404856147063419 ) ) ;
#683 = DIRECTION ( 'NONE',  ( -0.002319452490769014462, -0.008467729446441177657, 0.9999614581063438479 ) ) ;
#684 = ORIENTED_EDGE ( 'NONE', *, *, #1532, .F. ) ;
#685 = EDGE_LOOP ( 'NONE', ( #1096, #1551 ) ) ;
#686 = APPROVAL_ROLE ( '' ) ;
#687 = CIRCLE ( 'NONE', #560, 0.006000000000000008799 ) ;
#688 = PRODUCT_DEFINITION_SHAPE ( 'NONE', 'NONE',  #841 ) ;
#689 = AXIS2_PLACEMENT_3D ( 'NONE', #558, #1550, #920 ) ;
#690 = CARTESIAN_POINT ( 'NONE',  ( -0.09351754375809369357, 0.2735980421660464956, 0.09279908067460650167 ) ) ;
#691 = ORIENTED_EDGE ( 'NONE', *, *, #441, .T. ) ;
#692 = CARTESIAN_POINT ( 'NONE',  ( -0.06054332600679790399, 0.2867588228976750142, 0.1186841548191219925 ) ) ;
#693 = ORIENTED_EDGE ( 'NONE', *, *, #1317, .F. ) ;
#694 = ORIENTED_EDGE ( 'NONE', *, *, #762, .F. ) ;
#695 = PERSON_AND_ORGANIZATION ( #1577, #39 ) ;
#696 = ADVANCED_FACE ( 'NONE', ( #813 ), #225, .T. ) ;
#697 = DIRECTION ( 'NONE',  ( 0.2093936366567928919, 0.9777921392126455169, 0.008765695728316995686 ) ) ;
#698 = VERTEX_POINT ( 'NONE', #448 ) ;
#699 = LINE ( 'NONE', #195, #539 ) ;
#700 = ORIENTED_EDGE ( 'NONE', *, *, #33, .T. ) ;
#701 = VECTOR ( 'NONE', #29, 1.000000000000000000 ) ;
#702 = CARTESIAN_POINT ( 'NONE',  ( -0.1023461822340756000, 0.2855782895225761342, 0.1032865860831086724 ) ) ;
#703 = CYLINDRICAL_SURFACE ( 'NONE', #215, 0.004999999999999996635 ) ;
#704 = ORIENTED_EDGE ( 'NONE', *, *, #112, .T. ) ;
#705 = CARTESIAN_POINT ( 'NONE',  ( -0.06903458461699475690, 0.2598947420829421651, 0.1176648476770667529 ) ) ;
#706 = ORIENTED_EDGE ( 'NONE', *, *, #1533, .F. ) ;
#707 = EDGE_CURVE ( 'NONE', #990, #553, #534, .T. ) ;
#708 = CARTESIAN_POINT ( 'NONE',  ( -0.1031605403148638384, 0.2742548788584174280, 0.1035991234742456302 ) ) ;
#709 = DIRECTION ( 'NONE',  ( 0.2093936366567928919, 0.9777921392126455169, 0.008765695728316995686 ) ) ;
#710 = CARTESIAN_POINT ( 'NONE',  ( -0.09019164202827405219, 0.2920074973743454483, 0.1061832209848839192 ) ) ;
#711 = VERTEX_POINT ( 'NONE', #1022 ) ;
#712 = CARTESIAN_POINT ( 'NONE',  ( -0.06050460007447479999, 0.2869002013991870381, 0.1019886458977463939 ) ) ;
#713 = ORIENTED_EDGE ( 'NONE', *, *, #15, .F. ) ;
#714 = CARTESIAN_POINT ( 'NONE',  ( -0.09799625484330627689, 0.2662309319552293996, 0.1053104301727333381 ) ) ;
#715 = B_SPLINE_CURVE_WITH_KNOTS ( 'NONE', 3,
 ( #895, #28, #997, #1388 ),
 .UNSPECIFIED., .F., .F.,
 ( 4, 4 ),
 ( -7.865749227148369549, -5.067287467045400007 ),
 .UNSPECIFIED. ) ;
#716 = DIRECTION ( 'NONE',  ( 0.002319452490767703878, 0.008467729446437477492, -0.9999614581063437369 ) ) ;
#717 = DIRECTION ( 'NONE',  ( -0.002319452490769014462, -0.008467729446441177657, 0.9999614581063438479 ) ) ;
#718 = ORIENTED_EDGE ( 'NONE', *, *, #1025, .F. ) ;
#719 = CARTESIAN_POINT ( 'NONE',  ( -0.07159426480830208273, 0.2593343913436643167, 0.1163205080916550754 ) ) ;
#720 = EDGE_LOOP ( 'NONE', ( #1536, #830 ) ) ;
#721 = DIRECTION ( 'NONE',  ( -0.9778286787918352152, 0.2094058978443070484, -0.0004948537497348430700 ) ) ;
#722 = DIRECTION ( 'NONE',  ( -0.9778286787918352152, 0.2094058978443070484, -0.0004948537497348430700 ) ) ;
#723 = AXIS2_PLACEMENT_3D ( 'NONE', #167, #894, #1280 ) ;
#724 = LINE ( 'NONE', #1221, #340 ) ;
#725 = VERTEX_POINT ( 'NONE', #802 ) ;
#726 = CARTESIAN_POINT ( 'NONE',  ( -0.09440781053353659857, 0.2804268569065240246, 0.09385488099132251183 ) ) ;
#727 = CARTESIAN_POINT ( 'NONE',  ( -0.06044264369557749567, 0.2633233076067316158, 0.1065893241636542421 ) ) ;
#728 = EDGE_LOOP ( 'NONE', ( #505, #975 ) ) ;
#729 = CIRCLE ( 'NONE', #1353, 0.001300000000000002542 ) ;
#730 = CARTESIAN_POINT ( 'NONE',  ( -0.1003940713011210045, 0.2687745718828108976, 0.1045629339936309243 ) ) ;
#731 = DIRECTION ( 'NONE',  ( 0.2093936366567972218, 0.9777921392126447397, 0.008765695728311179158 ) ) ;
#732 = ORIENTED_EDGE ( 'NONE', *, *, #1094, .F. ) ;
#733 = CIRCLE ( 'NONE', #182, 0.006000000000000008799 ) ;
#734 = CARTESIAN_POINT ( 'NONE',  ( -0.09822959930433006193, 0.2708844424794595307, 0.1050239633126299893 ) ) ;
#735 = CARTESIAN_POINT ( 'NONE',  ( -0.07253350923023760277, 0.2592778538015049761, 0.1158295445916617955 ) ) ;
#736 = AXIS2_PLACEMENT_3D ( 'NONE', #165, #658, #545 ) ;
#737 = VERTEX_POINT ( 'NONE', #171 ) ;
#738 = EDGE_CURVE ( 'NONE', #62, #1544, #657, .T. ) ;
#739 = AXIS2_PLACEMENT_3D ( 'NONE', #890, #925, #1394 ) ;
#740 = CARTESIAN_POINT ( 'NONE',  ( -0.08595437543839595795, 0.2952332973165616159, 0.1072997253042333871 ) ) ;
#741 = DIRECTION ( 'NONE',  ( -0.002319452490769014462, -0.008467729446441177657, 0.9999614581063438479 ) ) ;
#742 = EDGE_CURVE ( 'NONE', #1338, #1468, #1507, .T. ) ;
#743 = VECTOR ( 'NONE', #1441, 1.000000000000000000 ) ;
#744 = DIRECTION ( 'NONE',  ( -0.002319452490769014462, -0.008467729446441177657, 0.9999614581063438479 ) ) ;
#745 = CARTESIAN_POINT ( 'NONE',  ( -0.08310278493953690560, 0.2609818458317235135, 0.1093674607583016017 ) ) ;
#746 = LINE ( 'NONE', #1004, #856 ) ;
#747 = CARTESIAN_POINT ( 'NONE',  ( -0.1002530873845434434, 0.2970637866500384638, 0.09294663125766133849 ) ) ;
#748 = CARTESIAN_POINT ( 'NONE',  ( -0.09269633735420131082, 0.2943926937878736383, 0.1053666823315258516 ) ) ;
#749 = DIRECTION ( 'NONE',  ( -0.9778286787918352152, 0.2094058978443070484, -0.0004948537497350011466 ) ) ;
#750 = AXIS2_PLACEMENT_3D ( 'NONE', #1012, #1268, #1482 ) ;
#751 = CARTESIAN_POINT ( 'NONE',  ( -0.1007923170921844747, 0.2783039130856326260, 0.1040213413251397379 ) ) ;
#752 = CARTESIAN_POINT ( 'NONE',  ( -0.06796554358841450094, 0.2576580837663789980, 0.1185289018045009996 ) ) ;
#753 = CARTESIAN_POINT ( 'NONE',  ( -0.05602148696512999904, 0.2839441601434954943, 0.09647380075545360090 ) ) ;
#754 = PLANE ( 'NONE',  #750 ) ;
#755 = DIRECTION ( 'NONE',  ( -0.002319452490768889562, -0.008467729446441208882, 0.9999614581063438479 ) ) ;
#756 = CARTESIAN_POINT ( 'NONE',  ( -0.09688174499171503529, 0.2922593258033549524, 0.1043834897506824289 ) ) ;
#757 = CARTESIAN_POINT ( 'NONE',  ( -0.08443606089067123843, 0.2849609032339979198, 0.09141630908128840771 ) ) ;
#758 = CARTESIAN_POINT ( 'NONE',  ( -0.08447535171486030003, 0.2919797216183005473, 0.1079902138036309966 ) ) ;
#759 = CARTESIAN_POINT ( 'NONE',  ( -0.06743829461880800069, 0.2745795122904495233, 0.1018682306196660031 ) ) ;
#760 = CARTESIAN_POINT ( 'NONE',  ( -0.07077261855432259718, 0.2920639510537134664, 0.1135089989679330114 ) ) ;
#761 = CARTESIAN_POINT ( 'NONE',  ( -0.08729633488339649805, 0.2788008149639205069, 0.1053580501924690077 ) ) ;
#762 = EDGE_CURVE ( 'NONE', #257, #990, #81, .T. ) ;
#763 = B_SPLINE_CURVE_WITH_KNOTS ( 'NONE', 3,
 ( #760, #268, #1251, #649, #532, #527, #655, #1490, #23, #155, #1125, #640, #542, #1156, #187, #78, #1036, #71, #1150, #1527, #177, #673, #1405, #1419, #667, #795, #1519, #1028, #1298, #1291, #429, #60, #437, #204, #682, #194, #904 ),
 .UNSPECIFIED., .F., .F.,
 ( 4, 2, 2, 1, 1, 1, 2, 2, 2, 2, 1, 1, 1, 2, 2, 2, 2, 1, 1, 1, 2, 2, 4 ),
 ( 0.000000000000000000, 0.1250000000000046629, 0.1875000000000069944, 0.2187500000000106581, 0.2343750000000105194, 0.2421875000000117129, 0.2460937500000116296, 0.2500000000000115463, 0.3750000000000520695, 0.4375000000000762168, 0.4687500000000868194, 0.4843750000000967004, 0.4921875000001062483, 0.4960937500001141864, 0.5000000000001221245, 0.6250000000002503553, 0.6875000000003144152, 0.7187500000003465006, 0.7343750000003675948, 0.7421875000003710365, 0.7460937500003728129, 0.7500000000003744782, 1.000000000000000000 ),
 .UNSPECIFIED. ) ;
#764 = DIRECTION ( 'NONE',  ( -0.2093936366567928919, -0.9777921392126455169, -0.008765695728316993951 ) ) ;
#765 = CARTESIAN_POINT ( 'NONE',  ( -0.09351754375809369357, 0.2735980421660464956, 0.09279908067460650167 ) ) ;
#766 = CARTESIAN_POINT ( 'NONE',  ( -0.09081630155397239779, 0.2862331304107930130, 0.1019126878420315990 ) ) ;
#767 = DIRECTION ( 'NONE',  ( 0.2093936366567972218, 0.9777921392126447397, 0.008765695728311179158 ) ) ;
#768 = CARTESIAN_POINT ( 'NONE',  ( -0.1004937689412938873, 0.2816397115596467327, 0.1039443465871413841 ) ) ;
#769 = CARTESIAN_POINT ( 'NONE',  ( -0.09011503089460819182, 0.2656302581376310257, 0.1017398481962132062 ) ) ;
#770 = DIRECTION ( 'NONE',  ( 0.002319452490768857036, 0.008467729446441165514, -0.9999614581063436258 ) ) ;
#771 = AXIS2_PLACEMENT_3D ( 'NONE', #1262, #630, #767 ) ;
#772 = EDGE_CURVE ( 'NONE', #1044, #1415, #1179, .T. ) ;
#773 = CARTESIAN_POINT ( 'NONE',  ( -0.07102748414588150316, 0.2687817065156274943, 0.09281046231085039733 ) ) ;
#774 = LINE ( 'NONE', #629, #1223 ) ;
#775 = LINE ( 'NONE', #661, #502 ) ;
#776 = DIRECTION ( 'NONE',  ( 0.002319452490769014462, 0.008467729446441177657, -0.9999614581063438479 ) ) ;
#777 = CARTESIAN_POINT ( 'NONE',  ( -0.1012643472334989886, 0.2924042815278524721, 0.1194413853236833967 ) ) ;
#778 = DIRECTION ( 'NONE',  ( -0.002319452490769014462, -0.008467729446441177657, 0.9999614581063438479 ) ) ;
#779 = DIRECTION ( 'NONE',  ( 0.002319452490769014462, 0.008467729446441177657, -0.9999614581063438479 ) ) ;
#780 = ORIENTED_EDGE ( 'NONE', *, *, #1549, .F. ) ;
#781 = PLANE ( 'NONE',  #1448 ) ;
#782 = EDGE_CURVE ( 'NONE', #1325, #189, #1181, .T. ) ;
#783 = APPROVAL_STATUS ( 'not_yet_approved' ) ;
#784 = CARTESIAN_POINT ( 'NONE',  ( -0.08967188937014150540, 0.2676747535752440066, 0.09125778427755339151 ) ) ;
#785 = EDGE_CURVE ( 'NONE', #357, #435, #1121, .T. ) ;
#786 = EDGE_LOOP ( 'NONE', ( #1423, #593, #1053, #1529 ) ) ;
#787 = ORIENTED_EDGE ( 'NONE', *, *, #66, .F. ) ;
#788 = CARTESIAN_POINT ( 'NONE',  ( -0.09461720417019450768, 0.2794490647673061878, 0.09384611529559415410 ) ) ;
#789 = PLANE ( 'NONE',  #616 ) ;
#790 = ADVANCED_FACE ( 'NONE', ( #1334 ), #961, .F. ) ;
#791 = ORIENTED_EDGE ( 'NONE', *, *, #11, .F. ) ;
#792 = APPROVAL_DATE_TIME ( #1531, #1285 ) ;
#793 = ORIENTED_EDGE ( 'NONE', *, *, #924, .T. ) ;
#794 = VERTEX_POINT ( 'NONE', #367 ) ;
#795 = CARTESIAN_POINT ( 'NONE',  ( -0.06416619238782723944, 0.2893701319030869135, 0.1171290499170806049 ) ) ;
#796 = DIRECTION ( 'NONE',  ( 0.2093936366567928919, 0.9777921392126455169, 0.008765695728316995686 ) ) ;
#797 = ORIENTED_EDGE ( 'NONE', *, *, #578, .T. ) ;
#798 = ORIENTED_EDGE ( 'NONE', *, *, #1109, .T. ) ;
#799 = PRODUCT_DEFINITION_FORMATION_WITH_SPECIFIED_SOURCE ( 'ANY', '', #1524, .NOT_KNOWN. ) ;
#800 = APPROVAL_DATE_TIME ( #454, #564 ) ;
#801 = CIRCLE ( 'NONE', #175, 0.004999999999999996635 ) ;
#802 = CARTESIAN_POINT ( 'NONE',  ( -0.08382046480620509998, 0.2950105948259655331, 0.09650303104847800240 ) ) ;
#803 = EDGE_LOOP ( 'NONE', ( #838, #206, #1296, #1191, #962, #495 ) ) ;
#804 = CYLINDRICAL_SURFACE ( 'NONE', #689, 0.006500000000005301884 ) ;
#805 = EDGE_LOOP ( 'NONE', ( #1535, #442, #613 ) ) ;
#806 = ORIENTED_EDGE ( 'NONE', *, *, #1255, .F. ) ;
#807 = EDGE_CURVE ( 'NONE', #192, #711, #107, .T. ) ;
#808 = COORDINATED_UNIVERSAL_TIME_OFFSET ( 2, 0, .AHEAD. ) ;
#809 = AXIS2_PLACEMENT_3D ( 'NONE', #650, #24, #897 ) ;
#810 = AXIS2_PLACEMENT_3D ( 'NONE', #604, #1091, #1062 ) ;
#811 = AXIS2_PLACEMENT_3D ( 'NONE', #232, #717, #1211 ) ;
#812 = AXIS2_PLACEMENT_3D ( 'NONE', #1306, #213, #1284 ) ;
#813 = FACE_OUTER_BOUND ( 'NONE', #1124, .T. ) ;
#814 = ORIENTED_EDGE ( 'NONE', *, *, #1131, .T. ) ;
#815 = DIRECTION ( 'NONE',  ( 0.002319452490769014462, 0.008467729446441177657, -0.9999614581063438479 ) ) ;
#816 = ORIENTED_EDGE ( 'NONE', *, *, #356, .T. ) ;
#817 = COORDINATED_UNIVERSAL_TIME_OFFSET ( 2, 0, .AHEAD. ) ;
#818 = CARTESIAN_POINT ( 'NONE',  ( -0.1021022791349671527, 0.2715358107142226141, 0.1039965106069847267 ) ) ;
#819 = DIRECTION ( 'NONE',  ( -0.9778286787918352152, 0.2094058978443070484, -0.0004948537497350011466 ) ) ;
#820 = ORIENTED_EDGE ( 'NONE', *, *, #1253, .F. ) ;
#821 = EDGE_CURVE ( 'NONE', #672, #1159, #843, .T. ) ;
#822 = CARTESIAN_POINT ( 'NONE',  ( -0.07583726401182798449, 0.2594633235567379015, 0.1141353680389484843 ) ) ;
#823 = ORIENTED_EDGE ( 'NONE', *, *, #578, .F. ) ;
#824 = AXIS2_PLACEMENT_3D ( 'NONE', #1399, #1139, #394 ) ;
#825 = CARTESIAN_POINT ( 'NONE',  ( -0.09685556244073120769, 0.2653392952660020843, 0.1056723344501700329 ) ) ;
#826 = CARTESIAN_POINT ( 'NONE',  ( -0.09331659054232215034, 0.2908867067423895336, 0.1053700145772279717 ) ) ;
#827 = ORIENTED_EDGE ( 'NONE', *, *, #1094, .T. ) ;
#828 = FACE_OUTER_BOUND ( 'NONE', #95, .T. ) ;
#829 = EDGE_CURVE ( 'NONE', #584, #186, #724, .T. ) ;
#830 = ORIENTED_EDGE ( 'NONE', *, *, #356, .F. ) ;
#831 = CARTESIAN_POINT ( 'NONE',  ( -0.1035270373274545519, 0.2758449140236042263, 0.1034316169917999101 ) ) ;
#832 = CARTESIAN_POINT ( 'NONE',  ( -0.09419841689687868946, 0.2814046490457418614, 0.09386364668705086955 ) ) ;
#833 = VECTOR ( 'NONE', #1092, 1.000000000000000000 ) ;
#834 = CARTESIAN_POINT ( 'NONE',  ( -0.09275261179353765095, 0.2911619730340914702, 0.1055079251479549285 ) ) ;
#835 = EDGE_LOOP ( 'NONE', ( #666, #684 ) ) ;
#836 = CARTESIAN_POINT ( 'NONE',  ( -0.06871480028974383258, 0.2600179495548426978, 0.1178314898835977065 ) ) ;
#837 = ADVANCED_FACE ( 'NONE', ( #494 ), #1471, .F. ) ;
#838 = ORIENTED_EDGE ( 'NONE', *, *, #1219, .T. ) ;
#839 = ADVANCED_FACE ( 'NONE', ( #169 ), #1134, .T. ) ;
#840 = CYLINDRICAL_SURFACE ( 'NONE', #639, 0.001300000000000002542 ) ;
#841 = PRODUCT_DEFINITION ( 'UNKNOWN', '', #799, #141 ) ;
#842 = CARTESIAN_POINT ( 'NONE',  ( -0.06192393948386320374, 0.2564220288449520213, 0.1132277060628684023 ) ) ;
#843 = LINE ( 'NONE', #1095, #134 ) ;
#844 = ORIENTED_EDGE ( 'NONE', *, *, #807, .T. ) ;
#845 = CARTESIAN_POINT ( 'NONE',  ( -0.09869367606594484088, 0.2715665850786732616, 0.1048712983089495066 ) ) ;
#846 = CARTESIAN_POINT ( 'NONE',  ( -0.05845038885910000537, 0.2726233409775319916, 0.1053726483775350026 ) ) ;
#847 = ORIENTED_EDGE ( 'NONE', *, *, #707, .F. ) ;
#848 = CARTESIAN_POINT ( 'NONE',  ( -0.09974768933437228036, 0.2679687295347059628, 0.1047657540851677227 ) ) ;
#849 = CARTESIAN_POINT ( 'NONE',  ( -0.1058060625702068047, 0.2711299508896750088, 0.09124961919068269589 ) ) ;
#850 = DIRECTION ( 'NONE',  ( 0.002319452490769013161, 0.008467729446441177657, -0.9999614581063438479 ) ) ;
#851 = EDGE_LOOP ( 'NONE', ( #1206, #315, #1407, #1445, #1475, #1038 ) ) ;
#852 = EDGE_CURVE ( 'NONE', #1562, #1417, #1497, .T. ) ;
#853 = CARTESIAN_POINT ( 'NONE',  ( -0.09968560171323219421, 0.2734440926469732247, 0.1045298530314241053 ) ) ;
#854 = DIRECTION ( 'NONE',  ( -0.9778286787918353262, 0.2094058978443068819, -0.0004948537497345938119 ) ) ;
#855 = EDGE_LOOP ( 'NONE', ( #337, #1429, #555, #1066 ) ) ;
#856 = VECTOR ( 'NONE', #1511, 1.000000000000000000 ) ;
#857 = CARTESIAN_POINT ( 'NONE',  ( -0.09487952073473804315, 0.2934639939178502743, 0.1048427114882900801 ) ) ;
#858 = EDGE_CURVE ( 'NONE', #911, #346, #1513, .T. ) ;
#859 = LINE ( 'NONE', #264, #159 ) ;
#860 = AXIS2_PLACEMENT_3D ( 'NONE', #1346, #234, #497 ) ;
#861 = CARTESIAN_POINT ( 'NONE',  ( -0.09695714015300438415, 0.2693645370457201649, 0.1054398224705044018 ) ) ;
#862 = CARTESIAN_POINT ( 'NONE',  ( -0.07698733988500659764, 0.3732358013439459610, 0.1057658555828730057 ) ) ;
#863 = CIRCLE ( 'NONE', #1360, 0.005000000000000000104 ) ;
#864 = VERTEX_POINT ( 'NONE', #1020 ) ;
#865 = CARTESIAN_POINT ( 'NONE',  ( -0.07102748414588150316, 0.2687817065156274943, 0.09281046231085039733 ) ) ;
#866 = CARTESIAN_POINT ( 'NONE',  ( -0.1004937689412938873, 0.2816397115596467327, 0.1039443465871413841 ) ) ;
#867 = CARTESIAN_POINT ( 'NONE',  ( -0.07102748414588150316, 0.2687817065156274943, 0.09281046231085039733 ) ) ;
#868 = LINE ( 'NONE', #137, #1425 ) ;
#869 = DIRECTION ( 'NONE',  ( 0.2093936366567930307, 0.9777921392126455169, 0.008765695728316995686 ) ) ;
#870 = DIRECTION ( 'NONE',  ( 0.2093936366567928919, 0.9777921392126455169, 0.008765695728316995686 ) ) ;
#871 = DIRECTION ( 'NONE',  ( 0.2093936366567935581, 0.9777921392126452949, 0.008765695728316414553 ) ) ;
#872 = DIRECTION ( 'NONE',  ( 0.2093936366567928919, 0.9777921392126455169, 0.008765695728316995686 ) ) ;
#873 = CARTESIAN_POINT ( 'NONE',  ( -0.09196662177783726522, 0.2946287884707255444, 0.1055512985238262064 ) ) ;
#874 = CIRCLE ( 'NONE', #196, 0.001300000000000002542 ) ;
#875 =( NAMED_UNIT ( * ) SI_UNIT ( $, .STERADIAN. ) SOLID_ANGLE_UNIT ( ) );
#876 = VECTOR ( 'NONE', #901, 1.000000000000000000 ) ;
#877 = ADVANCED_FACE ( 'NONE', ( #148 ), #621, .T. ) ;
#878 = PLANE ( 'NONE',  #327 ) ;
#879 = CARTESIAN_POINT ( 'NONE',  ( -0.06082594334578239614, 0.2614972795888370061, 0.09127238246317050108 ) ) ;
#880 = DIRECTION ( 'NONE',  ( -0.9778286787918352152, 0.2094058978443070484, -0.0004948537497348430700 ) ) ;
#881 = CARTESIAN_POINT ( 'NONE',  ( -0.06832624194176009635, 0.2814167947603740116, 0.1019240694782755918 ) ) ;
#882 = CYLINDRICAL_SURFACE ( 'NONE', #670, 0.006000000000000008799 ) ;
#883 = CARTESIAN_POINT ( 'NONE',  ( -0.09830018324905025195, 0.2911043129777323712, 0.1040720629716088974 ) ) ;
#884 = B_SPLINE_CURVE_WITH_KNOTS ( 'NONE', 3,
 ( #153, #510, #1370, #758 ),
 .UNSPECIFIED., .F., .F.,
 ( 4, 4 ),
 ( -15.96621406506280039, -5.908782996953380717 ),
 .UNSPECIFIED. ) ;
#885 = DIRECTION ( 'NONE',  ( -0.2093936366567928919, -0.9777921392126455169, -0.008765695728316995686 ) ) ;
#886 = DIRECTION ( 'NONE',  ( -0.002319452490767699541, -0.008467729446429775320, 0.9999614581063437369 ) ) ;
#887 = CIRCLE ( 'NONE', #536, 0.001000000000005310009 ) ;
#888 = CYLINDRICAL_SURFACE ( 'NONE', #1402, 0.002500000000000006991 ) ;
#889 = CARTESIAN_POINT ( 'NONE',  ( -0.05855508567742839787, 0.2721344449079254879, 0.1053682655296707960 ) ) ;
#890 = CARTESIAN_POINT ( 'NONE',  ( -0.05949735704238399980, 0.2677343802814690088, 0.1053288198988933944 ) ) ;
#891 = VECTOR ( 'NONE', #1313, 1.000000000000000000 ) ;
#892 = CIRCLE ( 'NONE', #1514, 0.001300000000000002542 ) ;
#893 = LINE ( 'NONE', #1136, #1559 ) ;
#894 = DIRECTION ( 'NONE',  ( -0.9778286787918352152, 0.2094058978443070484, -0.0004948537497351491402 ) ) ;
#895 = CARTESIAN_POINT ( 'NONE',  ( -0.08384717080499450026, 0.2949130980359614962, 0.1080165108907790023 ) ) ;
#896 = CARTESIAN_POINT ( 'NONE',  ( -0.06762913263553980980, 0.2736694619868031975, 0.09385977325908684277 ) ) ;
#897 = DIRECTION ( 'NONE',  ( 0.9778286787918352152, -0.2094058978443070484, 0.0004948537497350011466 ) ) ;
#898 = DIRECTION ( 'NONE',  ( 0.9778286787918352152, -0.2094058978443070484, 0.0004948537497350011466 ) ) ;
#899 = APPLICATION_PROTOCOL_DEFINITION ( 'international standard', 'config_control_design', 1994, #1228 ) ;
#900 = CIRCLE ( 'NONE', #431, 0.01349999999999999291 ) ;
#901 = DIRECTION ( 'NONE',  ( 0.2093936366567928919, 0.9777921392126455169, 0.008765695728316995686 ) ) ;
#902 = ORIENTED_EDGE ( 'NONE', *, *, #1317, .T. ) ;
#903 = EDGE_CURVE ( 'NONE', #930, #572, #625, .T. ) ;
#904 = CARTESIAN_POINT ( 'NONE',  ( -0.06186120355773950391, 0.2870410516129799916, 0.1186834878754517986 ) ) ;
#905 = FACE_OUTER_BOUND ( 'NONE', #948, .T. ) ;
#906 = DIRECTION ( 'NONE',  ( 0.002319452490767703878, 0.008467729446437477492, -0.9999614581063437369 ) ) ;
#907 = ADVANCED_FACE ( 'NONE', ( #512 ), #1505, .F. ) ;
#908 = ADVANCED_FACE ( 'NONE', ( #163 ), #888, .F. ) ;
#909 = CARTESIAN_POINT ( 'NONE',  ( -0.05855508567742839787, 0.2721344449079254879, 0.1053682655296707960 ) ) ;
#910 = EDGE_CURVE ( 'NONE', #725, #794, #423, .T. ) ;
#911 = VERTEX_POINT ( 'NONE', #1107 ) ;
#912 = EDGE_LOOP ( 'NONE', ( #1232, #917, #700, #220, #361 ) ) ;
#913 = FACE_OUTER_BOUND ( 'NONE', #1106, .T. ) ;
#914 = CARTESIAN_POINT ( 'NONE',  ( -0.06188450879152020134, 0.2565659802455415028, 0.09622836127506069481 ) ) ;
#915 = ORIENTED_EDGE ( 'NONE', *, *, #236, .F. ) ;
#916 = VECTOR ( 'NONE', #1078, 1.000000000000000000 ) ;
#917 = ORIENTED_EDGE ( 'NONE', *, *, #910, .T. ) ;
#918 = VERTEX_POINT ( 'NONE', #36 ) ;
#919 = DIRECTION ( 'NONE',  ( -0.002319452490768889562, -0.008467729446441208882, 0.9999614581063438479 ) ) ;
#920 = DIRECTION ( 'NONE',  ( 0.2093936366567935581, 0.9777921392126452949, 0.008765695728316414553 ) ) ;
#921 = VERTEX_POINT ( 'NONE', #881 ) ;
#922 = VERTEX_POINT ( 'NONE', #991 ) ;
#923 = APPROVAL_STATUS ( 'not_yet_approved' ) ;
#924 = EDGE_CURVE ( 'NONE', #237, #1282, #146, .T. ) ;
#925 = DIRECTION ( 'NONE',  ( 0.9778286787918352152, -0.2094058978443070484, 0.0004948537497350011466 ) ) ;
#926 = ORIENTED_EDGE ( 'NONE', *, *, #1532, .T. ) ;
#927 = ADVANCED_FACE ( 'NONE', ( #296 ), #754, .T. ) ;
#928 = DIRECTION ( 'NONE',  ( -0.9778286787918352152, 0.2094058978443070484, -0.0004948537497348430700 ) ) ;
#929 = ORIENTED_EDGE ( 'NONE', *, *, #1438, .T. ) ;
#930 = VERTEX_POINT ( 'NONE', #896 ) ;
#931 = CIRCLE ( 'NONE', #1500, 0.005000000000000000104 ) ;
#932 = APPROVAL_PERSON_ORGANIZATION ( #669, #291, #1054 ) ;
#933 = CALENDAR_DATE ( 2026, 6, 9 ) ;
#934 = AXIS2_PLACEMENT_3D ( 'NONE', #1011, #1518, #511 ) ;
#935 = CARTESIAN_POINT ( 'NONE',  ( -0.1004937689412938873, 0.2816397115596467327, 0.1039443465871413841 ) ) ;
#936 = ORIENTED_EDGE ( 'NONE', *, *, #1424, .T. ) ;
#937 = DIRECTION ( 'NONE',  ( -0.002319452490767699541, -0.008467729446429775320, 0.9999614581063437369 ) ) ;
#938 = ORIENTED_EDGE ( 'NONE', *, *, #960, .F. ) ;
#939 = ORIENTED_EDGE ( 'NONE', *, *, #238, .F. ) ;
#940 = CALENDAR_DATE ( 2026, 6, 9 ) ;
#941 = CARTESIAN_POINT ( 'NONE',  ( -0.06043962840733949765, 0.2633343156550119746, 0.1052893742681159928 ) ) ;
#942 = AXIS2_PLACEMENT_3D ( 'NONE', #846, #1480, #1089 ) ;
#943 = VECTOR ( 'NONE', #40, 1.000000000000000000 ) ;
#944 = EDGE_CURVE ( 'NONE', #990, #5, #91, .T. ) ;
#945 = CARTESIAN_POINT ( 'NONE',  ( -0.09916397119772323021, 0.2853153217544055487, 0.1041168102473794405 ) ) ;
#946 = ORIENTED_EDGE ( 'NONE', *, *, #97, .T. ) ;
#947 = DIRECTION ( 'NONE',  ( 0.1497037610021929588, 0.6973910411409938170, -0.7008812450608724598 ) ) ;
#948 = EDGE_LOOP ( 'NONE', ( #230, #252, #229, #556 ) ) ;
#949 = CARTESIAN_POINT ( 'NONE',  ( -0.1005176400533377701, 0.2689381065153504391, 0.1045236287789452490 ) ) ;
#950 = MANIFOLD_SOLID_BREP ( 'Imported1', #331 ) ;
#951 = EDGE_CURVE ( 'NONE', #1584, #257, #1373, .T. ) ;
#952 = CARTESIAN_POINT ( 'NONE',  ( -0.09866676337296863275, 0.2861496065654370868, 0.1042061834026196537 ) ) ;
#953 = ORIENTED_EDGE ( 'NONE', *, *, #180, .F. ) ;
#954 = CARTESIAN_POINT ( 'NONE',  ( -0.07323653416852705933, 0.2592652618751783988, 0.1154640087309678209 ) ) ;
#955 = ORIENTED_EDGE ( 'NONE', *, *, #1456, .F. ) ;
#956 = CARTESIAN_POINT ( 'NONE',  ( -0.09645668282702683782, 0.2650635958014532223, 0.1058003786090427889 ) ) ;
#957 = VECTOR ( 'NONE', #1265, 1.000000000000000000 ) ;
#958 = CC_DESIGN_APPROVAL ( #564, ( #841 ) ) ;
#959 = FACE_OUTER_BOUND ( 'NONE', #1481, .T. ) ;
#960 = EDGE_CURVE ( 'NONE', #1195, #1575, #763, .T. ) ;
#961 = CYLINDRICAL_SURFACE ( 'NONE', #811, 0.001000000000005310009 ) ;
#962 = ORIENTED_EDGE ( 'NONE', *, *, #829, .T. ) ;
#963 = CARTESIAN_POINT ( 'NONE',  ( -0.07658376728994634175, 0.2595747424728124808, 0.1137610767387706168 ) ) ;
#964 = ADVANCED_FACE ( 'NONE', ( #1173 ), #565, .F. ) ;
#965 = EDGE_LOOP ( 'NONE', ( #693, #260, #1088, #498, #1257 ) ) ;
#966 = CARTESIAN_POINT ( 'NONE',  ( -0.09169461226380642982, 0.2628501929909172752, 0.1073954379603772186 ) ) ;
#967 = DIRECTION ( 'NONE',  ( 0.9778286787918352152, -0.2094058978443070484, 0.0004948537497350011466 ) ) ;
#968 =( GEOMETRIC_REPRESENTATION_CONTEXT ( 3 ) GLOBAL_UNCERTAINTY_ASSIGNED_CONTEXT ( ( #984 ) ) GLOBAL_UNIT_ASSIGNED_CONTEXT ( ( #1144, #47, #875 ) ) REPRESENTATION_CONTEXT ( 'NONE', 'WORKASPACE' ) );
#969 = CARTESIAN_POINT ( 'NONE',  ( -0.09789594138489877972, 0.2871672374571349606, 0.1043574486501581411 ) ) ;
#970 = ORIENTED_EDGE ( 'NONE', *, *, #130, .T. ) ;
#971 = CARTESIAN_POINT ( 'NONE',  ( -0.09829824510868269416, 0.2709804153441317531, 0.1050014419470062660 ) ) ;
#972 = CARTESIAN_POINT ( 'NONE',  ( -0.07095061975422939371, 0.2594211219981595318, 0.1166586255741742101 ) ) ;
#973 = VECTOR ( 'NONE', #455, 1.000000000000000000 ) ;
#974 = VECTOR ( 'NONE', #1547, 1.000000000000000000 ) ;
#975 = ORIENTED_EDGE ( 'NONE', *, *, #924, .F. ) ;
#976 = CARTESIAN_POINT ( 'NONE',  ( -0.1019625820088942009, 0.2863749436422826644, 0.1033484866477449998 ) ) ;
#977 = CYLINDRICAL_SURFACE ( 'NONE', #611, 0.001000000000005310009 ) ;
#978 = CARTESIAN_POINT ( 'NONE',  ( -0.09793047472901646178, 0.2871232887825675983, 0.1043505961909223789 ) ) ;
#979 = ORIENTED_EDGE ( 'NONE', *, *, #829, .F. ) ;
#980 = CARTESIAN_POINT ( 'NONE',  ( -0.09612464093497186113, 0.2685743976674415667, 0.1057123968530699898 ) ) ;
#981 = CARTESIAN_POINT ( 'NONE',  ( -0.08485583572703531141, 0.2901639727771345156, 0.09145939527930460611 ) ) ;
#982 = EDGE_CURVE ( 'NONE', #5, #1584, #557, .T. ) ;
#983 = ORIENTED_EDGE ( 'NONE', *, *, #762, .T. ) ;
#984 = UNCERTAINTY_MEASURE_WITH_UNIT (LENGTH_MEASURE( 1.000000000000000082E-05 ), #1144, 'distance_accuracy_value', 'NONE');
#985 = CARTESIAN_POINT ( 'NONE',  ( -0.09765830163492852933, 0.2916550013181052337, 0.1042117008356119173 ) ) ;
#986 = AXIS2_PLACEMENT_3D ( 'NONE', #140, #387, #871 ) ;
#987 = CYLINDRICAL_SURFACE ( 'NONE', #335, 0.001000000000005310009 ) ;
#988 = CARTESIAN_POINT ( 'NONE',  ( -0.09849934945573111944, 0.2712713735737655729, 0.1049353516460605068 ) ) ;
#989 = CARTESIAN_POINT ( 'NONE',  ( -0.08726386254858839453, 0.2789193631761889836, 0.09135858977842900575 ) ) ;
#990 = VERTEX_POINT ( 'NONE', #549 ) ;
#991 = CARTESIAN_POINT ( 'NONE',  ( -0.09012897990458440534, 0.2655793338595574538, 0.1077535400189697928 ) ) ;
#992 = CARTESIAN_POINT ( 'NONE',  ( -0.09549019930149683921, 0.2931283477436842921, 0.1047011841798726195 ) ) ;
#993 = CARTESIAN_POINT ( 'NONE',  ( -0.09073045481587929673, 0.2627434542319485034, 0.09621376308944348810 ) ) ;
#994 = EDGE_CURVE ( 'NONE', #435, #548, #775, .T. ) ;
#995 = CARTESIAN_POINT ( 'NONE',  ( -0.09455456437845433104, 0.2674083163849693690, 0.1062322525414036573 ) ) ;
#996 = PLANE ( 'NONE',  #1230 ) ;
#997 = CARTESIAN_POINT ( 'NONE',  ( -0.07502222322684129474, 0.2929926556996004794, 0.1114281686229764007 ) ) ;
#998 = DIRECTION ( 'NONE',  ( 0.9778286787918352152, -0.2094058978443070484, 0.0004948537497350011466 ) ) ;
#999 = DIRECTION ( 'NONE',  ( -0.9778286787918352152, 0.2094058978443070484, -0.0004948537497350011466 ) ) ;
#1000 = CARTESIAN_POINT ( 'NONE',  ( -0.08508270516221770607, 0.2951460460552908782, 0.1075867795147158468 ) ) ;
#1001 = CARTESIAN_POINT ( 'NONE',  ( -0.07104835921829849577, 0.2687054969506094682, 0.1018101154338073994 ) ) ;
#1002 = CARTESIAN_POINT ( 'NONE',  ( -0.09977872935469878080, 0.2736648844609256837, 0.1044957348260587421 ) ) ;
#1003 = DIRECTION ( 'NONE',  ( -0.9778286787918352152, 0.2094058978443070484, -0.0004948537497350011466 ) ) ;
#1004 = CARTESIAN_POINT ( 'NONE',  ( -0.09079542648155540518, 0.2863093399758109836, 0.09291303471907469413 ) ) ;
#1005 = CARTESIAN_POINT ( 'NONE',  ( -0.08387381221349279881, 0.2948158370486975155, 0.1195021445849240027 ) ) ;
#1006 = CARTESIAN_POINT ( 'NONE',  ( -0.08727545981104219142, 0.2788770245289569627, 0.09635839706896069667 ) ) ;
#1007 = CARTESIAN_POINT ( 'NONE',  ( -0.09557660014836379114, 0.2930784532328583047, 0.1046812713234081260 ) ) ;
#1008 = CARTESIAN_POINT ( 'NONE',  ( -0.09442636615346271245, 0.2803591150709525137, 0.1018545726561732034 ) ) ;
#1009 = AXIS2_PLACEMENT_3D ( 'NONE', #1112, #1487, #401 ) ;
#1010 = DIRECTION ( 'NONE',  ( 0.9778286787918352152, -0.2094058978443070484, 0.0004948537497350011466 ) ) ;
#1011 = CARTESIAN_POINT ( 'NONE',  ( -0.1056476968883469925, 0.2719214529810660141, 0.1132575369647505908 ) ) ;
#1012 = CARTESIAN_POINT ( 'NONE',  ( -0.06741973899888190069, 0.2746472541260210343, 0.09386853895481520049 ) ) ;
#1013 = DIRECTION ( 'NONE',  ( -0.002319452490767699541, -0.008467729446429775320, 0.9999614581063437369 ) ) ;
#1014 = CC_DESIGN_PERSON_AND_ORGANIZATION_ASSIGNMENT ( #573, #209, ( #799 ) ) ;
#1015 = DIRECTION ( 'NONE',  ( -0.002319452490769014462, -0.008467729446441177657, 0.9999614581063438479 ) ) ;
#1016 = CARTESIAN_POINT ( 'NONE',  ( -0.06832624194176009635, 0.2814167947603740116, 0.1019240694782755918 ) ) ;
#1017 = VECTOR ( 'NONE', #1276, 1.000000000000000000 ) ;
#1018 = FACE_OUTER_BOUND ( 'NONE', #600, .T. ) ;
#1019 = VECTOR ( 'NONE', #247, 1.000000000000000000 ) ;
#1020 = CARTESIAN_POINT ( 'NONE',  ( -0.06722890098215014709, 0.2755573044296673602, 0.1018769963153943608 ) ) ;
#1021 = FACE_OUTER_BOUND ( 'NONE', #212, .T. ) ;
#1022 = CARTESIAN_POINT ( 'NONE',  ( -0.06533178708953669978, 0.2643703370959531451, 0.1065868498949055637 ) ) ;
#1023 = VECTOR ( 'NONE', #1174, 1.000000000000000000 ) ;
#1024 = CARTESIAN_POINT ( 'NONE',  ( -0.09012897990458440534, 0.2655793338595574538, 0.1077535400189697928 ) ) ;
#1025 = EDGE_CURVE ( 'NONE', #1293, #552, #14, .T. ) ;
#1026 = DIRECTION ( 'NONE',  ( 0.9778286787918352152, -0.2094058978443070484, 0.0004948537497350011466 ) ) ;
#1027 = DIRECTION ( 'NONE',  ( -0.2093936366567928919, -0.9777921392126455169, -0.008765695728316993951 ) ) ;
#1028 = CARTESIAN_POINT ( 'NONE',  ( -0.06377238424698125629, 0.2890776272945113079, 0.1173770010495195221 ) ) ;
#1029 = CARTESIAN_POINT ( 'NONE',  ( -0.1068530307534906049, 0.2662409901936115264, 0.09120579071204119870 ) ) ;
#1030 = ADVANCED_FACE ( 'NONE', ( #913 ), #781, .F. ) ;
#1031 = ORIENTED_EDGE ( 'NONE', *, *, #270, .F. ) ;
#1032 = CARTESIAN_POINT ( 'NONE',  ( -0.07831559270272500650, 0.2630120230762474920, 0.1119344055817129979 ) ) ;
#1033 = AXIS2_PLACEMENT_3D ( 'NONE', #53, #311, #1537 ) ;
#1034 = LINE ( 'NONE', #653, #405 ) ;
#1035 = ORIENTED_EDGE ( 'NONE', *, *, #441, .F. ) ;
#1036 = CARTESIAN_POINT ( 'NONE',  ( -0.06589055180090765129, 0.2903936506831163444, 0.1160979058560250438 ) ) ;
#1037 = DIRECTION ( 'NONE',  ( -0.9778286787918352152, 0.2094058978443070484, -0.0004948537497351491402 ) ) ;
#1038 = ORIENTED_EDGE ( 'NONE', *, *, #180, .T. ) ;
#1039 = ORIENTED_EDGE ( 'NONE', *, *, #1109, .F. ) ;
#1040 = ORIENTED_EDGE ( 'NONE', *, *, #1025, .T. ) ;
#1041 = ORIENTED_EDGE ( 'NONE', *, *, #1079, .T. ) ;
#1042 = CARTESIAN_POINT ( 'NONE',  ( -0.08042715632637739698, 0.2634666967999664822, 0.1116573703245440086 ) ) ;
#1043 = CARTESIAN_POINT ( 'NONE',  ( -0.07130659196369401598, 0.2702409637509358697, 0.1078227501309892700 ) ) ;
#1044 = VERTEX_POINT ( 'NONE', #788 ) ;
#1045 = ORIENTED_EDGE ( 'NONE', *, *, #33, .F. ) ;
#1046 = VECTOR ( 'NONE', #19, 1.000000000000000000 ) ;
#1047 = PERSON_AND_ORGANIZATION_ROLE ( 'classification_officer' ) ;
#1048 = EDGE_CURVE ( 'NONE', #548, #1184, #900, .T. ) ;
#1049 = CARTESIAN_POINT ( 'NONE',  ( -0.1005955759049400045, 0.2954858432108035116, 0.1019683568940072116 ) ) ;
#1050 = EDGE_LOOP ( 'NONE', ( #1090, #89, #1171, #1158, #1237 ) ) ;
#1051 = DIRECTION ( 'NONE',  ( -0.002319452490769014462, -0.008467729446441177657, 0.9999614581063438479 ) ) ;
#1052 = DIRECTION ( 'NONE',  ( 0.9778286787918352152, -0.2094058978443070484, 0.0004948537497350011466 ) ) ;
#1053 = ORIENTED_EDGE ( 'NONE', *, *, #208, .T. ) ;
#1054 = APPROVAL_ROLE ( '' ) ;
#1055 = CARTESIAN_POINT ( 'NONE',  ( -0.1009900089271004026, 0.2936191700915654623, 0.09145123019243400764 ) ) ;
#1056 = ORIENTED_EDGE ( 'NONE', *, *, #1438, .F. ) ;
#1057 = FACE_OUTER_BOUND ( 'NONE', #1458, .T. ) ;
#1058 = ORIENTED_EDGE ( 'NONE', *, *, #1219, .F. ) ;
#1059 = ORIENTED_EDGE ( 'NONE', *, *, #287, .T. ) ;
#1060 = ADVANCED_FACE ( 'NONE', ( #1409 ), #1403, .F. ) ;
#1061 = APPROVAL_DATE_TIME ( #90, #291 ) ;
#1062 = DIRECTION ( 'NONE',  ( -0.002319452490767699541, -0.008467729446429775320, 0.9999614581063437369 ) ) ;
#1063 = CARTESIAN_POINT ( 'NONE',  ( -0.09995480035618228842, 0.2835218578983218496, 0.1039961597002684590 ) ) ;
#1064 = ORIENTED_EDGE ( 'NONE', *, *, #982, .T. ) ;
#1065 = LINE ( 'NONE', #1043, #1395 ) ;
#1066 = ORIENTED_EDGE ( 'NONE', *, *, #1579, .T. ) ;
#1067 = VERTEX_POINT ( 'NONE', #1517 ) ;
#1068 = CARTESIAN_POINT ( 'NONE',  ( -0.1033385473428720530, 0.2749709480749116808, 0.1035203564910060492 ) ) ;
#1069 = CIRCLE ( 'NONE', #1281, 0.001300000000000002542 ) ;
#1070 = AXIS2_PLACEMENT_3D ( 'NONE', #1264, #764, #778 ) ;
#1071 = EDGE_CURVE ( 'NONE', #553, #5, #294, .T. ) ;
#1072 = CARTESIAN_POINT ( 'NONE',  ( -0.09600078309798069920, 0.2891267039231558700, 0.1047543563699638303 ) ) ;
#1073 = VERTEX_POINT ( 'NONE', #530 ) ;
#1074 = PLANE ( 'NONE',  #942 ) ;
#1075 = ORIENTED_EDGE ( 'NONE', *, *, #1118, .F. ) ;
#1076 = CARTESIAN_POINT ( 'NONE',  ( -0.09501538108161942942, 0.2641942428565181022, 0.1062699835746977878 ) ) ;
#1077 = EDGE_CURVE ( 'NONE', #1418, #725, #1573, .T. ) ;
#1078 = DIRECTION ( 'NONE',  ( -0.002319452490769014462, -0.008467729446441177657, 0.9999614581063438479 ) ) ;
#1079 = EDGE_CURVE ( 'NONE', #1584, #1073, #58, .T. ) ;
#1080 = CARTESIAN_POINT ( 'NONE',  ( -0.09479646545999435847, 0.2900369243696937493, 0.1050220181224948701 ) ) ;
#1081 = EDGE_LOOP ( 'NONE', ( #580, #1172, #108, #939 ) ) ;
#1082 = CARTESIAN_POINT ( 'NONE',  ( -0.07286985567401119135, 0.2592685760542233209, 0.1156544335479850610 ) ) ;
#1083 = ORIENTED_EDGE ( 'NONE', *, *, #960, .T. ) ;
#1084 = CARTESIAN_POINT ( 'NONE',  ( -0.1022070283755912995, 0.2717527638733862605, 0.1039595815680423169 ) ) ;
#1085 = AXIS2_PLACEMENT_3D ( 'NONE', #773, #1273, #174 ) ;
#1086 = DIRECTION ( 'NONE',  ( 0.9778286787918352152, -0.2094058978443070484, 0.0004948537497350011466 ) ) ;
#1087 = CARTESIAN_POINT ( 'NONE',  ( -0.09652752009022606827, 0.2886673952572411661, 0.1046401089444569943 ) ) ;
#1088 = ORIENTED_EDGE ( 'NONE', *, *, #1145, .T. ) ;
#1089 = DIRECTION ( 'NONE',  ( 0.002319452490769014462, 0.008467729446441177657, -0.9999614581063438479 ) ) ;
#1090 = ORIENTED_EDGE ( 'NONE', *, *, #1048, .T. ) ;
#1091 = DIRECTION ( 'NONE',  ( -0.9778286787918352152, 0.2094058978443070484, -0.0004948537497348430700 ) ) ;
#1092 = DIRECTION ( 'NONE',  ( 0.9778286787918352152, -0.2094058978443070484, 0.0004948537497350011466 ) ) ;
#1093 = AXIS2_PLACEMENT_3D ( 'NONE', #366, #597, #1349 ) ;
#1094 = EDGE_CURVE ( 'NONE', #69, #1073, #1034, .T. ) ;
#1095 = CARTESIAN_POINT ( 'NONE',  ( -0.1062492040946733940, 0.2690854554520619724, 0.1017316831093425938 ) ) ;
#1096 = ORIENTED_EDGE ( 'NONE', *, *, #462, .T. ) ;
#1097 = CARTESIAN_POINT ( 'NONE',  ( -0.1003825105136399859, 0.2754682518198719454, 0.1042573932423810357 ) ) ;
#1098 = CARTESIAN_POINT ( 'NONE',  ( -0.07028017625549667913, 0.2595444380990021283, 0.1170112359548221292 ) ) ;
#1099 = VECTOR ( 'NONE', #1015, 1.000000000000000000 ) ;
#1100 = CIRCLE ( 'NONE', #1312, 0.006000000000000008799 ) ;
#1101 = EDGE_LOOP ( 'NONE', ( #1039, #1075, #1175, #732 ) ) ;
#1102 = CARTESIAN_POINT ( 'NONE',  ( -0.09837788995572128992, 0.2910343745539034632, 0.1040553090898547334 ) ) ;
#1103 = LINE ( 'NONE', #1455, #916 ) ;
#1104 = CARTESIAN_POINT ( 'NONE',  ( -0.09506314953273538315, 0.2677477283108234962, 0.1060628534745080703 ) ) ;
#1105 = CARTESIAN_POINT ( 'NONE',  ( -0.06998177657262957818, 0.2596134958503990009, 0.1171681310183470270 ) ) ;
#1106 = EDGE_LOOP ( 'NONE', ( #694, #110, #929, #620 ) ) ;
#1107 = CARTESIAN_POINT ( 'NONE',  ( -0.05501394947418909720, 0.2886891694389689955, 0.1135169740219029999 ) ) ;
#1108 = CARTESIAN_POINT ( 'NONE',  ( -0.09159785013501453577, 0.2947307118997776199, 0.1056472119029568946 ) ) ;
#1109 = EDGE_CURVE ( 'NONE', #921, #69, #1146, .T. ) ;
#1110 = APPROVAL_PERSON_ORGANIZATION ( #1552, #1285, #75 ) ;
#1111 = CARTESIAN_POINT ( 'NONE',  ( -0.09041560443175765405, 0.2642053356114347773, 0.09269120251386764320 ) ) ;
#1112 = CARTESIAN_POINT ( 'NONE',  ( -0.08579711952894150673, 0.2786052543291105410, 0.09135933205905430454 ) ) ;
#1113 = DIRECTION ( 'NONE',  ( -0.002319452490769014462, -0.008467729446441177657, 0.9999614581063438479 ) ) ;
#1114 = ORIENTED_EDGE ( 'NONE', *, *, #404, .F. ) ;
#1115 = CARTESIAN_POINT ( 'NONE',  ( -0.07130079333246709672, 0.2702621330745519912, 0.1053228464857234037 ) ) ;
#1116 = CARTESIAN_POINT ( 'NONE',  ( -0.06068149437886709990, 0.2622379753035490313, 0.1192800689858763974 ) ) ;
#1117 = CARTESIAN_POINT ( 'NONE',  ( -0.09035613334466152669, 0.2950183166084156539, 0.1059790204393967344 ) ) ;
#1118 = EDGE_CURVE ( 'NONE', #1544, #921, #34, .T. ) ;
#1119 = CARTESIAN_POINT ( 'NONE',  ( -0.06751483174747829885, 0.2606406638542395071, 0.1184468140907966038 ) ) ;
#1120 = VECTOR ( 'NONE', #709, 1.000000000000000000 ) ;
#1121 = B_SPLINE_CURVE_WITH_KNOTS ( 'NONE', 3,
 ( #935, #1432, #336, #1063, #1554, #945, #952, #484, #1447, #978, #969, #1205, #256, #1457, #1087, #1072, #360, #590, #124, #1080, #353, #4, #1342, #826, #834, #117, #583, #710, #241, #1570, #477, #1561, #1327, #1464, #469 ),
 .UNSPECIFIED., .F., .F.,
 ( 4, 2, 2, 2, 2, 2, 1, 1, 2, 2, 2, 2, 2, 1, 2, 2, 2, 1, 1, 4 ),
 ( 0.4944731250806786438, 0.5260685547631374082, 0.5576639844455962836, 0.6208548438105166989, 0.6248042725208231563, 0.6287537012311296136, 0.6366525586517447488, 0.6524502734929749082, 0.6840457031754352268, 0.6998434180166639429, 0.7156411328578924369, 0.7472365625403494249, 0.7630342773815779189, 0.7788319922228066350, 0.8104274219052622907, 0.8736182812701762668, 0.8894159961114040946, 0.9052137109526320335, 0.9368091406350881334, 1.000000000000000000 ),
 .UNSPECIFIED. ) ;
#1122 = CARTESIAN_POINT ( 'NONE',  ( -0.06751483174747829885, 0.2606406638542395071, 0.1184468140907966038 ) ) ;
#1123 = CARTESIAN_POINT ( 'NONE',  ( -0.1120531816284219967, 0.2672508700281464589, 0.1016357602117035908 ) ) ;
#1124 = EDGE_LOOP ( 'NONE', ( #602, #472, #139, #244 ) ) ;
#1125 = CARTESIAN_POINT ( 'NONE',  ( -0.06791925455844573245, 0.2912548800070527966, 0.1149707142039158442 ) ) ;
#1126 = PLANE ( 'NONE',  #48 ) ;
#1127 = CARTESIAN_POINT ( 'NONE',  ( -0.08632907303309547697, 0.2952578604557100084, 0.1071789716763673489 ) ) ;
#1128 = CARTESIAN_POINT ( 'NONE',  ( -0.06344422907138760892, 0.2731814743971469617, 0.1053657912609222008 ) ) ;
#1129 = EDGE_CURVE ( 'NONE', #559, #214, #475, .T. ) ;
#1130 = EDGE_CURVE ( 'NONE', #1195, #911, #1510, .T. ) ;
#1131 = EDGE_CURVE ( 'NONE', #911, #1338, #1295, .T. ) ;
#1132 = DIRECTION ( 'NONE',  ( 0.9778286787918352152, -0.2094058978443070484, 0.0004948537497350011466 ) ) ;
#1133 = LINE ( 'NONE', #428, #1278 ) ;
#1134 = CYLINDRICAL_SURFACE ( 'NONE', #1512, 0.004999999999999996635 ) ;
#1135 = DIRECTION ( 'NONE',  ( 0.002319452490768857036, 0.008467729446441165514, -0.9999614581063436258 ) ) ;
#1136 = CARTESIAN_POINT ( 'NONE',  ( -0.06830536686934320090, 0.2814930043253919822, 0.09292441635531850652 ) ) ;
#1137 = CARTESIAN_POINT ( 'NONE',  ( -0.09999406869861350577, 0.2983218407398069982, 0.1134942107494151947 ) ) ;
#1138 = FACE_BOUND ( 'NONE', #685, .T. ) ;
#1139 = DIRECTION ( 'NONE',  ( -0.9778286787918352152, 0.2094058978443070484, -0.0004948537497348430700 ) ) ;
#1140 = CARTESIAN_POINT ( 'NONE',  ( -0.08728821679974139991, 0.2788304520170015177, 0.1018581850885456053 ) ) ;
#1141 = CARTESIAN_POINT ( 'NONE',  ( -0.09440781053353659857, 0.2804268569065240246, 0.09385488099132251183 ) ) ;
#1142 = AXIS2_PLACEMENT_3D ( 'NONE', #284, #1371, #1267 ) ;
#1143 = ADVANCED_FACE ( 'NONE', ( #410 ), #300, .F. ) ;
#1144 =( LENGTH_UNIT ( ) NAMED_UNIT ( * ) SI_UNIT ( $, .METRE. ) );
#1145 = EDGE_CURVE ( 'NONE', #1188, #990, #547, .T. ) ;
#1146 = LINE ( 'NONE', #1016, #1376 ) ;
#1147 = CIRCLE ( 'NONE', #1359, 0.002500000000000006991 ) ;
#1148 = FACE_OUTER_BOUND ( 'NONE', #912, .T. ) ;
#1149 = CIRCLE ( 'NONE', #1587, 0.001000000000005310009 ) ;
#1150 = CARTESIAN_POINT ( 'NONE',  ( -0.06559039777405205329, 0.2902384306996058094, 0.1162720192970778110 ) ) ;
#1151 = FACE_OUTER_BOUND ( 'NONE', #851, .T. ) ;
#1152 = DIRECTION ( 'NONE',  ( -0.9778286787918352152, 0.2094058978443070484, -0.0004948537497350011466 ) ) ;
#1153 = PLANE ( 'NONE',  #1070 ) ;
#1154 = CARTESIAN_POINT ( 'NONE',  ( -0.06615822826420819647, 0.2604998136404454989, 0.1017519721130819982 ) ) ;
#1155 = ORIENTED_EDGE ( 'NONE', *, *, #308, .F. ) ;
#1156 = CARTESIAN_POINT ( 'NONE',  ( -0.06698946314266905622, 0.2909023526258455727, 0.1154756797921625694 ) ) ;
#1157 = CARTESIAN_POINT ( 'NONE',  ( -0.09079542648155540518, 0.2863093399758109836, 0.09291303471907469413 ) ) ;
#1158 = ORIENTED_EDGE ( 'NONE', *, *, #1450, .T. ) ;
#1159 = VERTEX_POINT ( 'NONE', #1154 ) ;
#1160 = CC_DESIGN_PERSON_AND_ORGANIZATION_ASSIGNMENT ( #333, #1430, ( #841 ) ) ;
#1161 = AXIS2_PLACEMENT_3D ( 'NONE', #909, #1387, #313 ) ;
#1162 = LOCAL_TIME ( 12, 27, 24.00000000000000000, #1170 ) ;
#1163 = VERTEX_POINT ( 'NONE', #784 ) ;
#1164 = ORIENTED_EDGE ( 'NONE', *, *, #1422, .F. ) ;
#1165 = DIRECTION ( 'NONE',  ( -0.2093936366567928919, -0.9777921392126455169, -0.008765695728316993951 ) ) ;
#1166 = CARTESIAN_POINT ( 'NONE',  ( -0.08579711952894150673, 0.2786052543291105410, 0.09135933205905430454 ) ) ;
#1167 = VERTEX_POINT ( 'NONE', #50 ) ;
#1168 = EDGE_LOOP ( 'NONE', ( #1155, #485, #1565, #675, #1083, #1343 ) ) ;
#1169 = EDGE_CURVE ( 'NONE', #189, #1562, #931, .T. ) ;
#1170 = COORDINATED_UNIVERSAL_TIME_OFFSET ( 2, 0, .AHEAD. ) ;
#1171 = ORIENTED_EDGE ( 'NONE', *, *, #821, .T. ) ;
#1172 = ORIENTED_EDGE ( 'NONE', *, *, #1431, .T. ) ;
#1173 = FACE_OUTER_BOUND ( 'NONE', #1198, .T. ) ;
#1174 = DIRECTION ( 'NONE',  ( 0.9778286787918352152, -0.2094058978443070484, 0.0004948537497350011466 ) ) ;
#1175 = ORIENTED_EDGE ( 'NONE', *, *, #1424, .F. ) ;
#1176 = ORIENTED_EDGE ( 'NONE', *, *, #1501, .F. ) ;
#1177 = CIRCLE ( 'NONE', #488, 0.005000000000000000104 ) ;
#1178 = DATE_AND_TIME ( #1310, #1162 ) ;
#1179 = CIRCLE ( 'NONE', #1389, 0.001000000000005310009 ) ;
#1180 = AXIS2_PLACEMENT_3D ( 'NONE', #1166, #683, #1299 ) ;
#1181 = LINE ( 'NONE', #1055, #973 ) ;
#1182 = ORIENTED_EDGE ( 'NONE', *, *, #982, .F. ) ;
#1183 = DIRECTION ( 'NONE',  ( -0.002319452490769014462, -0.008467729446441177657, 0.9999614581063438479 ) ) ;
#1184 = VERTEX_POINT ( 'NONE', #1525 ) ;
#1185 = CALENDAR_DATE ( 2026, 6, 9 ) ;
#1186 = DIRECTION ( 'NONE',  ( 0.2093936366567972218, 0.9777921392126447397, 0.008765695728311179158 ) ) ;
#1187 = VECTOR ( 'NONE', #450, 1.000000000000000000 ) ;
#1188 = VERTEX_POINT ( 'NONE', #757 ) ;
#1189 = FACE_OUTER_BOUND ( 'NONE', #1050, .T. ) ;
#1190 = ORIENTED_EDGE ( 'NONE', *, *, #136, .T. ) ;
#1191 = ORIENTED_EDGE ( 'NONE', *, *, #308, .T. ) ;
#1192 = CARTESIAN_POINT ( 'NONE',  ( -0.1029316584008511115, 0.2842089965202103663, 0.1031991789374607782 ) ) ;
#1193 = ADVANCED_FACE ( 'NONE', ( #152 ), #377, .F. ) ;
#1194 = CARTESIAN_POINT ( 'NONE',  ( -0.06193785619880780302, 0.2563712224682729857, 0.1192274748115065980 ) ) ;
#1195 = VERTEX_POINT ( 'NONE', #26 ) ;
#1196 = EDGE_CURVE ( 'NONE', #257, #62, #1473, .T. ) ;
#1197 = CARTESIAN_POINT ( 'NONE',  ( -0.06886109463736556080, 0.2599599619101151671, 0.1177553337836538122 ) ) ;
#1198 = EDGE_LOOP ( 'NONE', ( #1176, #489, #1058, #1436, #93 ) ) ;
#1199 = ADVANCED_FACE ( 'NONE', ( #1242, #1259, #384, #636 ), #878, .F. ) ;
#1200 = ORIENTED_EDGE ( 'NONE', *, *, #772, .T. ) ;
#1201 = EDGE_CURVE ( 'NONE', #672, #922, #1379, .T. ) ;
#1202 = CARTESIAN_POINT ( 'NONE',  ( -0.1000686509144434189, 0.2683500784592829924, 0.1046661602023907789 ) ) ;
#1203 = LINE ( 'NONE', #106, #363 ) ;
#1204 = B_SPLINE_CURVE_WITH_KNOTS ( 'NONE', 3,
 ( #265, #1233, #626, #995, #144, #645, #1104, #369, #980, #1369, #1354, #258, #517, #1466, #861, #272, #126, #618, #734, #971, #1361, #988, #845, #1479, #609, #20, #853, #1002, #509, #1345, #1097, #6, #496, #391, #751, #1248, #396, #1499, #1366, #866 ),
 .UNSPECIFIED., .F., .F.,
 ( 4, 2, 2, 1, 1, 1, 2, 2, 1, 1, 1, 2, 2, 1, 2, 2, 2, 2, 1, 2, 2, 2, 2, 4 ),
 ( 0.000000000000000000, 0.1236182812701811101, 0.1313444238495671545, 0.1390705664289531851, 0.1545228515877233033, 0.1854274219052661765, 0.1873589575501118376, 0.1892904931949574987, 0.1931535644846480992, 0.2008797070640309934, 0.2163319922227989467, 0.2472365625403312173, 0.2510996338300252595, 0.2549627051197192462, 0.2626888476991042776, 0.2781411328578743958, 0.3090457031754175188, 0.3244979883341906346, 0.3399502734929637504, 0.3708548438105067069, 0.4017594141280497744, 0.4326639844455927308, 0.4635685547631356873, 0.4944731250806786438 ),
 .UNSPECIFIED. ) ;
#1205 = CARTESIAN_POINT ( 'NONE',  ( -0.09778715190038866911, 0.2873039520133210400, 0.1043791157751581267 ) ) ;
#1206 = ORIENTED_EDGE ( 'NONE', *, *, #1337, .T. ) ;
#1207 = CARTESIAN_POINT ( 'NONE',  ( -0.07512856777336060499, 0.2593777973145675597, 0.1144936039920347870 ) ) ;
#1208 = EDGE_LOOP ( 'NONE', ( #59, #953, #354, #202 ) ) ;
#1209 = CARTESIAN_POINT ( 'NONE',  ( -0.09370988728966185566, 0.2635830170681003337, 0.1067063955364146582 ) ) ;
#1210 = DIRECTION ( 'NONE',  ( -0.002319452490769014462, -0.008467729446441177657, 0.9999614581063438479 ) ) ;
#1211 = DIRECTION ( 'NONE',  ( 0.2093936366567972218, 0.9777921392126447397, 0.008765695728311179158 ) ) ;
#1212 = EDGE_LOOP ( 'NONE', ( #16, #103 ) ) ;
#1213 = AXIS2_PLACEMENT_3D ( 'NONE', #662, #149, #1013 ) ;
#1214 = EDGE_CURVE ( 'NONE', #1415, #1044, #1218, .T. ) ;
#1215 = CARTESIAN_POINT ( 'NONE',  ( -0.06939068673600112813, 0.2597721772534351548, 0.1174786200753061144 ) ) ;
#1216 = ORIENTED_EDGE ( 'NONE', *, *, #157, .T. ) ;
#1217 = DIRECTION ( 'NONE',  ( -0.002319452490767699541, -0.008467729446429775320, 0.9999614581063437369 ) ) ;
#1218 = CIRCLE ( 'NONE', #526, 0.001000000000005310009 ) ;
#1219 = EDGE_CURVE ( 'NONE', #1159, #222, #868, .T. ) ;
#1220 = DIRECTION ( 'NONE',  ( 0.9778286787918352152, -0.2094058978443070484, 0.0004948537497350011466 ) ) ;
#1221 = CARTESIAN_POINT ( 'NONE',  ( -0.06050460007447479999, 0.2869002013991870381, 0.1019886458977463939 ) ) ;
#1222 = VERTEX_POINT ( 'NONE', #1122 ) ;
#1223 = VECTOR ( 'NONE', #162, 1.000000000000000000 ) ;
#1224 = DIRECTION ( 'NONE',  ( 0.2093936366567972218, 0.9777921392126447397, 0.008765695728311179158 ) ) ;
#1225 = CARTESIAN_POINT ( 'NONE',  ( -0.07528511503952822759, 0.2593949459357994813, 0.1144142338064322861 ) ) ;
#1226 = ORIENTED_EDGE ( 'NONE', *, *, #561, .F. ) ;
#1227 = CARTESIAN_POINT ( 'NONE',  ( -0.1004147818749084875, 0.2688017567729294455, 0.1045563566255379578 ) ) ;
#1228 = APPLICATION_CONTEXT ( 'configuration controlled 3d designs of mechanical parts and assemblies' ) ;
#1229 = LINE ( 'NONE', #849, #1231 ) ;
#1230 = AXIS2_PLACEMENT_3D ( 'NONE', #385, #869, #392 ) ;
#1231 = VECTOR ( 'NONE', #967, 1.000000000000000000 ) ;
#1232 = ORIENTED_EDGE ( 'NONE', *, *, #1583, .F. ) ;
#1233 = CARTESIAN_POINT ( 'NONE',  ( -0.09168180765642414132, 0.2659177869946894868, 0.1072039169363369765 ) ) ;
#1234 = CARTESIAN_POINT ( 'NONE',  ( -0.02367407758515135269, 0.3615814615392740072, 0.1322399633901030214 ) ) ;
#1235 = VECTOR ( 'NONE', #1580, 1.000000000000000000 ) ;
#1236 = CC_DESIGN_DATE_AND_TIME_ASSIGNMENT ( #1178, #568, ( #379 ) ) ;
#1237 = ORIENTED_EDGE ( 'NONE', *, *, #628, .T. ) ;
#1238 = DIRECTION ( 'NONE',  ( -0.002319452490769014462, -0.008467729446441177657, 0.9999614581063438479 ) ) ;
#1239 = CARTESIAN_POINT ( 'NONE',  ( -0.1010765542309147585, 0.2879044687135553504, 0.1035057764724134077 ) ) ;
#1240 = CIRCLE ( 'NONE', #1391, 0.004999999999999996635 ) ;
#1241 = CARTESIAN_POINT ( 'NONE',  ( -0.1065497776318229395, 0.2676605329258658350, 0.09268303742699701697 ) ) ;
#1242 = FACE_BOUND ( 'NONE', #720, .T. ) ;
#1243 = CARTESIAN_POINT ( 'NONE',  ( -0.08289786695407710959, 0.3745156883730529906, 0.1041873478386885904 ) ) ;
#1244 = FACE_OUTER_BOUND ( 'NONE', #63, .T. ) ;
#1245 = CARTESIAN_POINT ( 'NONE',  ( -0.1058176598326606016, 0.2710876122424424883, 0.09624942648121449784 ) ) ;
#1246 = CARTESIAN_POINT ( 'NONE',  ( -0.09380483804528515213, 0.2939749226006095340, 0.1050954492548495794 ) ) ;
#1247 = DIRECTION ( 'NONE',  ( -0.002319452490767699541, -0.008467729446429775320, 0.9999614581063437369 ) ) ;
#1248 = CARTESIAN_POINT ( 'NONE',  ( -0.1007940973276139629, 0.2792632341646498206, 0.1039766683746269627 ) ) ;
#1249 = CARTESIAN_POINT ( 'NONE',  ( -0.09419841689687868946, 0.2814046490457418614, 0.09386364668705086955 ) ) ;
#1250 = DIRECTION ( 'NONE',  ( -0.002319452490769014462, -0.008467729446441177657, 0.9999614581063438479 ) ) ;
#1251 = CARTESIAN_POINT ( 'NONE',  ( -0.06971349268055027082, 0.2918141609764799416, 0.1140345156486187866 ) ) ;
#1252 = LINE ( 'NONE', #395, #1017 ) ;
#1253 = EDGE_CURVE ( 'NONE', #922, #357, #1204, .T. ) ;
#1254 = CARTESIAN_POINT ( 'NONE',  ( -0.09617782445526812385, 0.2927245651311030650, 0.1045430153524860017 ) ) ;
#1255 = EDGE_CURVE ( 'NONE', #794, #737, #1340, .T. ) ;
#1256 = DIRECTION ( 'NONE',  ( 0.000000000000000000, 0.000000000000000000, 1.000000000000000000 ) ) ;
#1257 = ORIENTED_EDGE ( 'NONE', *, *, #1486, .T. ) ;
#1258 = AXIS2_PLACEMENT_3D ( 'NONE', #290, #523, #906 ) ;
#1259 = FACE_BOUND ( 'NONE', #835, .T. ) ;
#1260 = FACE_OUTER_BOUND ( 'NONE', #1521, .T. ) ;
#1261 = DIRECTION ( 'NONE',  ( 0.2093936366567972218, 0.9777921392126447397, 0.008765695728311179158 ) ) ;
#1262 = CARTESIAN_POINT ( 'NONE',  ( -0.06741973899888190069, 0.2746472541260210343, 0.09386853895481520049 ) ) ;
#1263 = LINE ( 'NONE', #164, #1567 ) ;
#1264 = CARTESIAN_POINT ( 'NONE',  ( -0.07102748414588150316, 0.2687817065156274943, 0.09281046231085039733 ) ) ;
#1265 = DIRECTION ( 'NONE',  ( -0.002319452490769014462, -0.008467729446441177657, 0.9999614581063438479 ) ) ;
#1266 = AXIS2_PLACEMENT_3D ( 'NONE', #1269, #533, #188 ) ;
#1267 = DIRECTION ( 'NONE',  ( -0.002319452490767699541, -0.008467729446429775320, 0.9999614581063437369 ) ) ;
#1268 = DIRECTION ( 'NONE',  ( -0.002319452490769015329, -0.008467729446441181126, 0.9999614581063438479 ) ) ;
#1269 = CARTESIAN_POINT ( 'NONE',  ( -0.06743829461880800069, 0.2745795122904495233, 0.1018682306196660031 ) ) ;
#1270 = DIRECTION ( 'NONE',  ( -0.9778286787918352152, 0.2094058978443069374, -0.0004948537497350016887 ) ) ;
#1271 = CARTESIAN_POINT ( 'NONE',  ( -0.09351754375809369357, 0.2735980421660464956, 0.09279908067460650167 ) ) ;
#1272 = ADVANCED_FACE ( 'NONE', ( #365 ), #840, .F. ) ;
#1273 = DIRECTION ( 'NONE',  ( 0.9778286787918352152, -0.2094058978443070484, 0.0004948537497350026645 ) ) ;
#1274 = CARTESIAN_POINT ( 'NONE',  ( -0.09215648511982980906, 0.2799536910709294890, 0.09285605769684060484 ) ) ;
#1275 = DIRECTION ( 'NONE',  ( 0.002319452472498674794, 0.008467729450353849927, -0.9999614581063530627 ) ) ;
#1276 = DIRECTION ( 'NONE',  ( -0.002319452490769014462, -0.008467729446441177657, 0.9999614581063438479 ) ) ;
#1277 = DIRECTION ( 'NONE',  ( 0.1497037610021929588, 0.6973910411409938170, -0.7008812450608724598 ) ) ;
#1278 = VECTOR ( 'NONE', #422, 1.000000000000000000 ) ;
#1279 = CARTESIAN_POINT ( 'NONE',  ( -0.06083754060823619997, 0.2614549409416045411, 0.09627218975370230303 ) ) ;
#1280 = DIRECTION ( 'NONE',  ( 0.002319452490767697373, 0.008467729446448555436, -0.9999614581063437369 ) ) ;
#1281 = AXIS2_PLACEMENT_3D ( 'NONE', #127, #7, #619 ) ;
#1282 = VERTEX_POINT ( 'NONE', #122 ) ;
#1283 = DIRECTION ( 'NONE',  ( 0.002319452490769013161, 0.008467729446441177657, -0.9999614581063438479 ) ) ;
#1284 = DIRECTION ( 'NONE',  ( 0.2093936366567972218, 0.9777921392126447397, 0.008765695728311179158 ) ) ;
#1285 = APPROVAL ( #459, 'UNSPECIFIED' ) ;
#1286 = PERSON_AND_ORGANIZATION_ROLE ( 'creator' ) ;
#1287 = EDGE_CURVE ( 'NONE', #1539, #1328, #1509, .T. ) ;
#1288 = CARTESIAN_POINT ( 'NONE',  ( -0.09351754375809369357, 0.2735980421660464956, 0.09279908067460650167 ) ) ;
#1289 = ORIENTED_EDGE ( 'NONE', *, *, #483, .F. ) ;
#1290 = VERTEX_POINT ( 'NONE', #1586 ) ;
#1291 = CARTESIAN_POINT ( 'NONE',  ( -0.06353131642071065122, 0.2888850487238848186, 0.1175313285986316070 ) ) ;
#1292 = CYLINDRICAL_SURFACE ( 'NONE', #135, 0.01650000000000002853 ) ;
#1293 = VERTEX_POINT ( 'NONE', #460 ) ;
#1294 = PERSON_AND_ORGANIZATION_ROLE ( 'design_owner' ) ;
#1295 = CIRCLE ( 'NONE', #200, 0.006000000000000008799 ) ;
#1296 = ORIENTED_EDGE ( 'NONE', *, *, #516, .T. ) ;
#1297 = EDGE_LOOP ( 'NONE', ( #1541, #570, #844, #970 ) ) ;
#1298 = CARTESIAN_POINT ( 'NONE',  ( -0.06365899717954222325, 0.2889890667671617397, 0.1174492175572311170 ) ) ;
#1299 = DIRECTION ( 'NONE',  ( 0.2093936366567935581, 0.9777921392126452949, 0.008765695728316414553 ) ) ;
#1300 = ORIENTED_EDGE ( 'NONE', *, *, #1287, .T. ) ;
#1301 = DATE_AND_TIME ( #1185, #1452 ) ;
#1302 = AXIS2_PLACEMENT_3D ( 'NONE', #1504, #147, #870 ) ;
#1303 = EDGE_CURVE ( 'NONE', #1335, #192, #132, .T. ) ;
#1304 = CARTESIAN_POINT ( 'NONE',  ( -0.1010016061895544076, 0.2935768314443334970, 0.09645103748296569857 ) ) ;
#1305 = VERTEX_POINT ( 'NONE', #493 ) ;
#1306 = CARTESIAN_POINT ( 'NONE',  ( -0.06741973899888190069, 0.2746472541260210343, 0.09386853895481520049 ) ) ;
#1307 = VECTOR ( 'NONE', #1113, 1.000000000000000000 ) ;
#1308 = ORIENTED_EDGE ( 'NONE', *, *, #418, .T. ) ;
#1309 = ORIENTED_EDGE ( 'NONE', *, *, #270, .T. ) ;
#1310 = CALENDAR_DATE ( 2026, 6, 9 ) ;
#1311 = AXIS2_PLACEMENT_3D ( 'NONE', #219, #100, #1540 ) ;
#1312 = AXIS2_PLACEMENT_3D ( 'NONE', #451, #1037, #550 ) ;
#1313 = DIRECTION ( 'NONE',  ( -0.9778286787918352152, 0.2094058978443070484, -0.0004948537497350011466 ) ) ;
#1314 = VERTEX_POINT ( 'NONE', #1111 ) ;
#1315 = LINE ( 'NONE', #1528, #1023 ) ;
#1316 = ORIENTED_EDGE ( 'NONE', *, *, #1169, .T. ) ;
#1317 = EDGE_CURVE ( 'NONE', #586, #257, #1103, .T. ) ;
#1318 = EDGE_LOOP ( 'NONE', ( #1472, #706, #1056, #77 ) ) ;
#1319 = SECURITY_CLASSIFICATION_LEVEL ( 'unclassified' ) ;
#1320 = CARTESIAN_POINT ( 'NONE',  ( -0.1036954571866840896, 0.2768695976851422436, 0.1033410906479676344 ) ) ;
#1321 = EDGE_CURVE ( 'NONE', #1188, #586, #1534, .T. ) ;
#1322 = PLANE ( 'NONE',  #1443 ) ;
#1323 = VERTEX_POINT ( 'NONE', #240 ) ;
#1324 = CARTESIAN_POINT ( 'NONE',  ( -0.07420539242492511789, 0.2592953711770966674, 0.1149641422129178969 ) ) ;
#1325 = VERTEX_POINT ( 'NONE', #1568 ) ;
#1326 = CARTESIAN_POINT ( 'NONE',  ( -0.1025245247047747166, 0.2724566897345696570, 0.1038455134388103912 ) ) ;
#1327 = CARTESIAN_POINT ( 'NONE',  ( -0.08650410821124462912, 0.2923063287349328965, 0.1072937326079255599 ) ) ;
#1328 = VERTEX_POINT ( 'NONE', #254 ) ;
#1329 = DIRECTION ( 'NONE',  ( -0.002319452490769014462, -0.008467729446441177657, 0.9999614581063438479 ) ) ;
#1330 = ORIENTED_EDGE ( 'NONE', *, *, #351, .T. ) ;
#1331 = CARTESIAN_POINT ( 'NONE',  ( -0.1018537328326506453, 0.2710302160458216703, 0.1040837114864280460 ) ) ;
#1332 = AXIS2_PLACEMENT_3D ( 'NONE', #1279, #749, #281 ) ;
#1333 = CARTESIAN_POINT ( 'NONE',  ( -0.07129499470124017746, 0.2702833023981681126, 0.1028229428404575374 ) ) ;
#1334 = FACE_OUTER_BOUND ( 'NONE', #581, .T. ) ;
#1335 = VERTEX_POINT ( 'NONE', #1 ) ;
#1336 = CARTESIAN_POINT ( 'NONE',  ( -0.07515462528379587837, 0.2593805887462181659, 0.1144803843521527698 ) ) ;
#1337 = EDGE_CURVE ( 'NONE', #1163, #1314, #1177, .T. ) ;
#1338 = VERTEX_POINT ( 'NONE', #1470 ) ;
#1339 = CARTESIAN_POINT ( 'NONE',  ( -0.09393213817165568802, 0.2636792871968889340, 0.1066315568090299842 ) ) ;
#1340 = B_SPLINE_CURVE_WITH_KNOTS ( 'NONE', 3,
 ( #642, #25, #1000, #740, #1127, #9, #409, #1492, #18, #269, #514, #288, #622, #1117, #507, #1108, #873, #615, #31, #748, #1375, #499, #1246, #280, #857, #1483, #992, #1007, #150, #633, #1254, #756, #985, #158, #522, #883, #1384, #1102, #142, #1357, #1476, #381, #389, #262, #1239, #582, #976, #111, #702, #1192, #481, #1469, #1553, #373, #1320, #831, #231, #99, #1068, #708, #595, #1326, #1439, #1084, #1560, #349, #358, #818, #1331, #223, #468, #491, #949, #473, #1227, #730, #1348, #1202, #848, #105, #1446, #239, #131, #342, #587, #714, #1454, #825, #956, #253, #1076, #1566, #1339, #1209, #1576, #966, #1461 ),
 .UNSPECIFIED., .F., .F.,
 ( 4, 1, 1, 2, 2, 1, 1, 2, 2, 2, 1, 1, 2, 2, 2, 1, 1, 1, 2, 2, 1, 1, 1, 1, 2, 2, 1, 1, 2, 2, 1, 2, 2, 2, 2, 1, 1, 2, 2, 1, 1, 1, 1, 1, 2, 2, 1, 1, 1, 1, 1, 2, 2, 2, 1, 1, 2, 2, 2, 2, 1, 2, 2, 4 ),
 ( 0.000000000000000000, 0.03125000000003567979, 0.04687500000005293682, 0.05468750000006183248, 0.06250000000007073508, 0.09375000000010833001, 0.1093750000001270373, 0.1171875000001368905, 0.1250000000001467437, 0.1562500000001872669, 0.1718750000002078893, 0.1796875000002178535, 0.1835937500002230993, 0.1875000000002283729, 0.2187500000002764733, 0.2343750000002999268, 0.2421875000003115841, 0.2460937500003173850, 0.2480468750003203271, 0.2500000000003232414, 0.2812500000003555489, 0.2968750000003722578, 0.3046875000003803624, 0.3085937500003834155, 0.3105468750003856360, 0.3125000000003879119, 0.3437500000004065637, 0.3593750000004148348, 0.3671875000004188871, 0.3750000000004229950, 0.4062500000004376499, 0.4218750000004449219, 0.4375000000004521938, 0.5000000000004751755, 0.5625000000004982681, 0.5937500000005097034, 0.6093750000005154766, 0.6171875000005183631, 0.6250000000005212497, 0.6562500000005266898, 0.6718750000005294654, 0.6796875000005293543, 0.6835937500005280221, 0.6855468750005273559, 0.6865234375005270229, 0.6875000000005266898, 0.7187500000004856116, 0.7343750000004662937, 0.7421875000004567458, 0.7460937500004529710, 0.7480468750004509726, 0.7490234375004487521, 0.7500000000004465317, 0.7812500000003854694, 0.7968750000003538281, 0.8046875000003391731, 0.8085937500003321787, 0.8125000000003250733, 0.8437500000002710054, 0.8750000000002169376, 0.9062500000001629807, 0.9218750000001361133, 0.9375000000001091349, 1.000000000000000000 ),
 .UNSPECIFIED. ) ;
#1341 = DIRECTION ( 'NONE',  ( -0.002319452490769014462, -0.008467729446441177657, 0.9999614581063438479 ) ) ;
#1342 = CARTESIAN_POINT ( 'NONE',  ( -0.09368940367169137362, 0.2906939247684146022, 0.1052800282033887480 ) ) ;
#1343 = ORIENTED_EDGE ( 'NONE', *, *, #97, .F. ) ;
#1344 = AXIS2_PLACEMENT_3D ( 'NONE', #761, #1383, #30 ) ;
#1345 = CARTESIAN_POINT ( 'NONE',  ( -0.1001943491629737060, 0.2747798674358704063, 0.1043374947675291819 ) ) ;
#1346 = CARTESIAN_POINT ( 'NONE',  ( -0.07130079333246709672, 0.2702621330745519912, 0.1053228464857234037 ) ) ;
#1347 = VERTEX_POINT ( 'NONE', #842 ) ;
#1348 = CARTESIAN_POINT ( 'NONE',  ( -0.1003828135799938459, 0.2687598453278000066, 0.1045665069527851321 ) ) ;
#1349 = DIRECTION ( 'NONE',  ( 0.2093936366567935581, 0.9777921392126452949, 0.008765695728316414553 ) ) ;
#1350 = ADVANCED_FACE ( 'NONE', ( #1578 ), #977, .F. ) ;
#1351 = DIRECTION ( 'NONE',  ( 0.9778286787918352152, -0.2094058978443070484, 0.0004948537497350011466 ) ) ;
#1352 = ORIENTED_EDGE ( 'NONE', *, *, #1368, .F. ) ;
#1353 = AXIS2_PLACEMENT_3D ( 'NONE', #274, #880, #886 ) ;
#1354 = CARTESIAN_POINT ( 'NONE',  ( -0.09648069579372854643, 0.2689030370092775901, 0.1055957175511769291 ) ) ;
#1355 = CARTESIAN_POINT ( 'NONE',  ( -0.06870409668112500978, 0.2600222965495861960, 0.1178370565310497414 ) ) ;
#1356 = ORIENTED_EDGE ( 'NONE', *, *, #624, .T. ) ;
#1357 = CARTESIAN_POINT ( 'NONE',  ( -0.09945704180933828686, 0.2899894271956701686, 0.1038260353747590542 ) ) ;
#1358 = DIRECTION ( 'NONE',  ( -0.002319452490767699541, -0.008467729446429775320, 0.9999614581063437369 ) ) ;
#1359 = AXIS2_PLACEMENT_3D ( 'NONE', #414, #279, #407 ) ;
#1360 = AXIS2_PLACEMENT_3D ( 'NONE', #114, #1220, #133 ) ;
#1361 = CARTESIAN_POINT ( 'NONE',  ( -0.09840024784945633485, 0.2711249826935498430, 0.1049679561484712226 ) ) ;
#1362 = CARTESIAN_POINT ( 'NONE',  ( -0.1002321274902810005, 0.2646910959699320109, 0.1047927757000723936 ) ) ;
#1363 = EDGE_LOOP ( 'NONE', ( #797, #216 ) ) ;
#1364 = DIRECTION ( 'NONE',  ( 0.1497037610021929588, 0.6973910411409938170, -0.7008812450608724598 ) ) ;
#1365 = EDGE_CURVE ( 'NONE', #1314, #1293, #1367, .T. ) ;
#1366 = CARTESIAN_POINT ( 'NONE',  ( -0.1005944788103554643, 0.2811698558919181745, 0.1039401111001428402 ) ) ;
#1367 = LINE ( 'NONE', #1241, #1019 ) ;
#1368 = EDGE_CURVE ( 'NONE', #1222, #222, #474, .T. ) ;
#1369 = CARTESIAN_POINT ( 'NONE',  ( -0.09644329404604269629, 0.2688683413594425975, 0.1056079719591645483 ) ) ;
#1370 = CARTESIAN_POINT ( 'NONE',  ( -0.07659976024698370023, 0.2902681810961005304, 0.1107774575121281968 ) ) ;
#1371 = DIRECTION ( 'NONE',  ( -0.9778286787918352152, 0.2094058978443070484, -0.0004948537497348430700 ) ) ;
#1372 = ADVANCED_FACE ( 'NONE', ( #959 ), #987, .F. ) ;
#1373 = LINE ( 'NONE', #865, #701 ) ;
#1374 = FACE_OUTER_BOUND ( 'NONE', #1297, .T. ) ;
#1375 = CARTESIAN_POINT ( 'NONE',  ( -0.09275494928009066220, 0.2943723846288496260, 0.1053520505301847598 ) ) ;
#1376 = VECTOR ( 'NONE', #524, 1.000000000000000000 ) ;
#1377 = CC_DESIGN_SECURITY_CLASSIFICATION ( #379, ( #799 ) ) ;
#1378 = MECHANICAL_CONTEXT ( 'NONE', #1228, 'mechanical' ) ;
#1379 = LINE ( 'NONE', #282, #67 ) ;
#1380 = CARTESIAN_POINT ( 'NONE',  ( -0.05985799733426250269, 0.3695265512057374635, 0.1103405406411021999 ) ) ;
#1381 = CARTESIAN_POINT ( 'NONE',  ( -0.05855207038919039986, 0.2721454529562058466, 0.1040683156341325466 ) ) ;
#1382 = DIRECTION ( 'NONE',  ( 0.9778286787918352152, -0.2094058978443070484, 0.0004948537497350011466 ) ) ;
#1383 = DIRECTION ( 'NONE',  ( 0.002319452472498674794, 0.008467729450353849927, -0.9999614581063530627 ) ) ;
#1384 = CARTESIAN_POINT ( 'NONE',  ( -0.09835272584374982197, 0.2910571171932800350, 0.1040607302345643165 ) ) ;
#1385 = LINE ( 'NONE', #432, #943 ) ;
#1386 = CIRCLE ( 'NONE', #210, 0.001300000000000002542 ) ;
#1387 = DIRECTION ( 'NONE',  ( -0.9778286787918352152, 0.2094058978443070484, -0.0004948537497348430700 ) ) ;
#1388 = CARTESIAN_POINT ( 'NONE',  ( -0.07077261855432259718, 0.2920639510537134664, 0.1135089989679330114 ) ) ;
#1389 = AXIS2_PLACEMENT_3D ( 'NONE', #1141, #46, #1186 ) ;
#1390 = DIRECTION ( 'NONE',  ( 0.002319452490767697373, 0.008467729446448555436, -0.9999614581063437369 ) ) ;
#1392 = DIRECTION ( 'NONE',  ( -0.9778286787918352152, 0.2094058978443070484, -0.0004948537497348430700 ) ) ;
#1391 = AXIS2_PLACEMENT_3D ( 'NONE', #1543, #205, #947 ) ;
#1393 = EDGE_CURVE ( 'NONE', #1163, #242, #1229, .T. ) ;
#1394 = DIRECTION ( 'NONE',  ( 0.002319452490767697373, 0.008467729446448555436, -0.9999614581063437369 ) ) ;
#1395 = VECTOR ( 'NONE', #1052, 1.000000000000000000 ) ;
#1396 = FACE_OUTER_BOUND ( 'NONE', #1581, .T. ) ;
#1397 = CARTESIAN_POINT ( 'NONE',  ( -0.07104835921829849577, 0.2687054969506094682, 0.1018101154338073994 ) ) ;
#1398 = CARTESIAN_POINT ( 'NONE',  ( -0.07102748414588150316, 0.2687817065156274943, 0.09281046231085039733 ) ) ;
#1399 = CARTESIAN_POINT ( 'NONE',  ( -0.05855508567742839787, 0.2721344449079254879, 0.1053682655296707960 ) ) ;
#1400 = CARTESIAN_POINT ( 'NONE',  ( -0.06830536686934320090, 0.2814930043253919822, 0.09292441635531850652 ) ) ;
#1401 = DIRECTION ( 'NONE',  ( -0.9778286787918352152, 0.2094058978443070484, -0.0004948537497350011466 ) ) ;
#1402 = AXIS2_PLACEMENT_3D ( 'NONE', #1115, #998, #303 ) ;
#1403 = CYLINDRICAL_SURFACE ( 'NONE', #1161, 0.001300000000000002542 ) ;
#1404 = ORIENTED_EDGE ( 'NONE', *, *, #632, .T. ) ;
#1405 = CARTESIAN_POINT ( 'NONE',  ( -0.06544621392423551065, 0.2901607465747895742, 0.1163564301612684676 ) ) ;
#1406 = FACE_OUTER_BOUND ( 'NONE', #1208, .T. ) ;
#1407 = ORIENTED_EDGE ( 'NONE', *, *, #1077, .T. ) ;
#1408 = COORDINATED_UNIVERSAL_TIME_OFFSET ( 2, 0, .AHEAD. ) ;
#1409 = FACE_OUTER_BOUND ( 'NONE', #577, .T. ) ;
#1410 = EDGE_CURVE ( 'NONE', #1562, #725, #863, .T. ) ;
#1411 = EDGE_LOOP ( 'NONE', ( #1316, #398, #1190, #1558 ) ) ;
#1412 = ORIENTED_EDGE ( 'NONE', *, *, #1486, .F. ) ;
#1413 = CARTESIAN_POINT ( 'NONE',  ( -0.05842139570296540213, 0.2727291875956124878, 0.09287313015120571280 ) ) ;
#1414 = FACE_BOUND ( 'NONE', #1526, .T. ) ;
#1415 = VERTEX_POINT ( 'NONE', #832 ) ;
#1416 = EDGE_CURVE ( 'NONE', #698, #1323, #887, .T. ) ;
#1417 = VERTEX_POINT ( 'NONE', #1463 ) ;
#1418 = VERTEX_POINT ( 'NONE', #993 ) ;
#1419 = CARTESIAN_POINT ( 'NONE',  ( -0.06503887423087935382, 0.2899383046446317169, 0.1165956334251916082 ) ) ;
#1420 = CARTESIAN_POINT ( 'NONE',  ( -0.06721034536222399158, 0.2756250462652388711, 0.09387730465054355822 ) ) ;
#1421 = ORIENTED_EDGE ( 'NONE', *, *, #1214, .T. ) ;
#1422 = EDGE_CURVE ( 'NONE', #559, #1282, #605, .T. ) ;
#1423 = ORIENTED_EDGE ( 'NONE', *, *, #1303, .F. ) ;
#1424 = EDGE_CURVE ( 'NONE', #1073, #1544, #617, .T. ) ;
#1425 = VECTOR ( 'NONE', #160, 1.000000000000000000 ) ;
#1426 = CARTESIAN_POINT ( 'NONE',  ( -0.06830536686934320090, 0.2814930043253919822, 0.09292441635531850652 ) ) ;
#1427 = ORIENTED_EDGE ( 'NONE', *, *, #136, .F. ) ;
#1428 = DIRECTION ( 'NONE',  ( -0.2093936366567928919, -0.9777921392126455169, -0.008765695728316995686 ) ) ;
#1429 = ORIENTED_EDGE ( 'NONE', *, *, #1214, .F. ) ;
#1430 = PERSON_AND_ORGANIZATION_ROLE ( 'creator' ) ;
#1431 = EDGE_CURVE ( 'NONE', #1044, #698, #859, .T. ) ;
#1432 = CARTESIAN_POINT ( 'NONE',  ( -0.1003908290381025220, 0.2821200752760359420, 0.1039486709581765450 ) ) ;
#1433 = ORIENTED_EDGE ( 'NONE', *, *, #951, .T. ) ;
#1434 = CARTESIAN_POINT ( 'NONE',  ( -0.08729633488345910075, 0.2788008149639389921, 0.1053580501919178097 ) ) ;
#1435 = ORIENTED_EDGE ( 'NONE', *, *, #1077, .F. ) ;
#1436 = ORIENTED_EDGE ( 'NONE', *, *, #821, .F. ) ;
#1437 = CIRCLE ( 'NONE', #736, 0.006500000000005301884 ) ;
#1438 = EDGE_CURVE ( 'NONE', #62, #1067, #623, .T. ) ;
#1439 = CARTESIAN_POINT ( 'NONE',  ( -0.1023160849038292630, 0.2719862219551101301, 0.1039207844682539100 ) ) ;
#1440 = VECTOR ( 'NONE', #697, 1.000000000000000000 ) ;
#1441 = DIRECTION ( 'NONE',  ( -0.002319452490769014462, -0.008467729446441177657, 0.9999614581063438479 ) ) ;
#1442 = ORIENTED_EDGE ( 'NONE', *, *, #1201, .F. ) ;
#1443 = AXIS2_PLACEMENT_3D ( 'NONE', #663, #463, #1152 ) ;
#1444 = CARTESIAN_POINT ( 'NONE',  ( -0.06187291152906630037, 0.2566083188927735237, 0.09122855398452899001 ) ) ;
#1445 = ORIENTED_EDGE ( 'NONE', *, *, #1410, .F. ) ;
#1446 = CARTESIAN_POINT ( 'NONE',  ( -0.09898450781865866799, 0.2671530485348032613, 0.1050018005677800376 ) ) ;
#1447 = CARTESIAN_POINT ( 'NONE',  ( -0.09800533571407622768, 0.2870266780713064403, 0.1043358032365451216 ) ) ;
#1448 = AXIS2_PLACEMENT_3D ( 'NONE', #1413, #1283, #316 ) ;
#1449 = EDGE_LOOP ( 'NONE', ( #393, #691, #793, #1164 ) ) ;
#1450 = EDGE_CURVE ( 'NONE', #1159, #186, #508, .T. ) ;
#1451 = CARTESIAN_POINT ( 'NONE',  ( -0.06825999100750687609, 0.2602040896657042968, 0.1180679484689164255 ) ) ;
#1452 = LOCAL_TIME ( 12, 27, 24.00000000000000000, #817 ) ;
#1453 = ORIENTED_EDGE ( 'NONE', *, *, #742, .T. ) ;
#1454 = CARTESIAN_POINT ( 'NONE',  ( -0.09762443524672355377, 0.2659223890972648996, 0.1054276564905101687 ) ) ;
#1455 = CARTESIAN_POINT ( 'NONE',  ( -0.08715817816721177502, 0.2722496054242231622, 0.09130235503682020137 ) ) ;
#1456 = EDGE_CURVE ( 'NONE', #737, #1418, #1203, .T. ) ;
#1457 = CARTESIAN_POINT ( 'NONE',  ( -0.09702809163841093210, 0.2881830724316601922, 0.1045337412119526493 ) ) ;
#1458 = EDGE_LOOP ( 'NONE', ( #1435, #955, #806, #1530 ) ) ;
#1459 = CARTESIAN_POINT ( 'NONE',  ( -0.06971161426567022701, 0.2596806328317625701, 0.1173101233790545123 ) ) ;
#1460 = ORIENTED_EDGE ( 'NONE', *, *, #1569, .F. ) ;
#1461 = CARTESIAN_POINT ( 'NONE',  ( -0.09075716081467249952, 0.2626459574419444665, 0.1077272429317744085 ) ) ;
#1462 = VECTOR ( 'NONE', #271, 1.000000000000000000 ) ;
#1463 = CARTESIAN_POINT ( 'NONE',  ( -0.05527296816011906255, 0.2874311153492003501, 0.09296939453014914367 ) ) ;
#1464 = CARTESIAN_POINT ( 'NONE',  ( -0.08528557267985215073, 0.2921552765572830723, 0.1077035026692662462 ) ) ;
#1465 = ORIENTED_EDGE ( 'NONE', *, *, #738, .F. ) ;
#1466 = CARTESIAN_POINT ( 'NONE',  ( -0.09668241453869988455, 0.2690936915689821629, 0.1055296670057884745 ) ) ;
#1467 = CARTESIAN_POINT ( 'NONE',  ( -0.07001875221368536462, 0.2596045056464711953, 0.1171486945553010944 ) ) ;
#1468 = VERTEX_POINT ( 'NONE', #651 ) ;
#1469 = CARTESIAN_POINT ( 'NONE',  ( -0.1037235041316205975, 0.2807317205352824474, 0.1031558742377550186 ) ) ;
#1470 = CARTESIAN_POINT ( 'NONE',  ( -0.05628422800907439960, 0.2827716102270145249, 0.1194641485961712019 ) ) ;
#1471 = PLANE ( 'NONE',  #292 ) ;
#1472 = ORIENTED_EDGE ( 'NONE', *, *, #1118, .T. ) ;
#1473 = LINE ( 'NONE', #250, #120 ) ;
#1474 = CARTESIAN_POINT ( 'NONE',  ( -0.07464850230939011622, 0.2593272580353989665, 0.1147372704865952525 ) ) ;
#1475 = ORIENTED_EDGE ( 'NONE', *, *, #1169, .F. ) ;
#1476 = CARTESIAN_POINT ( 'NONE',  ( -0.1001154245716793928, 0.2892063276438915365, 0.1036928671593018852 ) ) ;
#1477 = DIRECTION ( 'NONE',  ( -0.9778286787918352152, 0.2094058978443070484, -0.0004948537497350011466 ) ) ;
#1478 = EDGE_CURVE ( 'NONE', #1314, #1418, #440, .T. ) ;
#1479 = CARTESIAN_POINT ( 'NONE',  ( -0.09881808337102680750, 0.2717666372523389051, 0.1048301946162490950 ) ) ;
#1480 = DIRECTION ( 'NONE',  ( 0.9778286787918352152, -0.2094058978443070484, 0.0004948537497350026645 ) ) ;
#1481 = EDGE_LOOP ( 'NONE', ( #197, #1356, #591, #453 ) ) ;
#1482 = DIRECTION ( 'NONE',  ( 0.2093936366567928919, 0.9777921392126455169, 0.008765695728316995686 ) ) ;
#1483 = CARTESIAN_POINT ( 'NONE',  ( -0.09528775837708824969, 0.2932428232115708022, 0.1047479528420757339 ) ) ;
#1484 = ADVANCED_FACE ( 'NONE', ( #1396 ), #1153, .F. ) ;
#1485 = CARTESIAN_POINT ( 'NONE',  ( -0.06678640917417859313, 0.2575664372228074761, 0.1017256750258970083 ) ) ;
#1486 = EDGE_CURVE ( 'NONE', #5, #257, #1437, .T. ) ;
#1487 = DIRECTION ( 'NONE',  ( -0.002319452490769014462, -0.008467729446441177657, 0.9999614581063438479 ) ) ;
#1488 = CARTESIAN_POINT ( 'NONE',  ( -0.1069040587082876054, 0.2660547001457899685, 0.1132049427903806110 ) ) ;
#1489 = CARTESIAN_POINT ( 'NONE',  ( -0.09075716081467249952, 0.2626459574419444665, 0.1077272429317744085 ) ) ;
#1490 = CARTESIAN_POINT ( 'NONE',  ( -0.06807636234279905441, 0.2913103664144521265, 0.1148866540651103385 ) ) ;
#1491 = PLANE ( 'NONE',  #809 ) ;
#1492 = CARTESIAN_POINT ( 'NONE',  ( -0.08733575579475275075, 0.2952964319263338133, 0.1068600792237695413 ) ) ;
#1493 = DIRECTION ( 'NONE',  ( -0.002319452490769014462, -0.008467729446441177657, 0.9999614581063438479 ) ) ;
#1494 = CARTESIAN_POINT ( 'NONE',  ( -0.06679452725789629397, 0.2575368001697450060, 0.1052255401292690046 ) ) ;
#1495 = DIRECTION ( 'NONE',  ( 0.002319452472498674794, 0.008467729450353849927, -0.9999614581063530627 ) ) ;
#1496 = DIRECTION ( 'NONE',  ( 0.1497037610021929588, 0.6973910411409938170, -0.7008812450608724598 ) ) ;
#1497 = LINE ( 'NONE', #747, #538 ) ;
#1498 = DIRECTION ( 'NONE',  ( -0.2093936366567922258, -0.9777921392126456279, -0.008765695728316993951 ) ) ;
#1499 = CARTESIAN_POINT ( 'NONE',  ( -0.1006697811408611004, 0.2806968377948733107, 0.1039425533637799298 ) ) ;
#1500 = AXIS2_PLACEMENT_3D ( 'NONE', #540, #1026, #665 ) ;
#1501 = EDGE_CURVE ( 'NONE', #1222, #922, #644, .T. ) ;
#1502 = CARTESIAN_POINT ( 'NONE',  ( -0.05627031129412980032, 0.2828224166036935050, 0.1134643798475330062 ) ) ;
#1503 = CIRCLE ( 'NONE', #42, 0.001000000000005310009 ) ;
#1504 = CARTESIAN_POINT ( 'NONE',  ( -0.09440781053353659857, 0.2804268569065240246, 0.09385488099132251183 ) ) ;
#1505 = CYLINDRICAL_SURFACE ( 'NONE', #824, 0.001300000000000002542 ) ;
#1506 = DIRECTION ( 'NONE',  ( -0.9778286787918352152, 0.2094058978443070484, -0.0004948537497348430700 ) ) ;
#1507 = LINE ( 'NONE', #777, #891 ) ;
#1508 = CARTESIAN_POINT ( 'NONE',  ( 0.000000000000000000, 0.000000000000000000, 0.000000000000000000 ) ) ;
#1509 = CIRCLE ( 'NONE', #810, 0.001300000000000002542 ) ;
#1510 = LINE ( 'NONE', #1137, #676 ) ;
#1511 = DIRECTION ( 'NONE',  ( -0.002319452490769014462, -0.008467729446441177657, 0.9999614581063438479 ) ) ;
#1512 = AXIS2_PLACEMENT_3D ( 'NONE', #413, #1382, #1364 ) ;
#1513 = LINE ( 'NONE', #520, #551 ) ;
#1515 = FACE_OUTER_BOUND ( 'NONE', #1168, .T. ) ;
#1514 = AXIS2_PLACEMENT_3D ( 'NONE', #566, #928, #937 ) ;
#1516 = FACE_OUTER_BOUND ( 'NONE', #128, .T. ) ;
#1517 = CARTESIAN_POINT ( 'NONE',  ( -0.06830536686934320090, 0.2814930043253919822, 0.09292441635531850652 ) ) ;
#1518 = DIRECTION ( 'NONE',  ( 0.9778286787918352152, -0.2094058978443070484, 0.0004948537497350011466 ) ) ;
#1519 = CARTESIAN_POINT ( 'NONE',  ( -0.06400444212825204260, 0.2892538493165335289, 0.1172301587253321425 ) ) ;
#1520 = DIRECTION ( 'NONE',  ( -0.002319452490769015329, -0.008467729446441181126, 0.9999614581063438479 ) ) ;
#1521 = EDGE_LOOP ( 'NONE', ( #1309, #348, #8, #979, #946 ) ) ;
#1522 = VECTOR ( 'NONE', #1238, 1.000000000000000000 ) ;
#1523 = CC_DESIGN_APPROVAL ( #1285, ( #799 ) ) ;
#1524 = PRODUCT ( 'Wrist', 'Wrist', '', ( #1378 ) ) ;
#1525 = CARTESIAN_POINT ( 'NONE',  ( -0.1004889039634312559, 0.2816574316378995801, 0.1018515045629241889 ) ) ;
#1526 = EDGE_LOOP ( 'NONE', ( #713, #567 ) ) ;
#1527 = CARTESIAN_POINT ( 'NONE',  ( -0.06551175856691732191, 0.2901962770324529872, 0.1163180046342168761 ) ) ;
#1528 = CARTESIAN_POINT ( 'NONE',  ( -0.1056616136032913905, 0.2718706466043869785, 0.1192573057133885922 ) ) ;
#1529 = ORIENTED_EDGE ( 'NONE', *, *, #807, .F. ) ;
#1530 = ORIENTED_EDGE ( 'NONE', *, *, #910, .F. ) ;
#1531 = DATE_AND_TIME ( #940, #277 ) ;
#1532 = EDGE_CURVE ( 'NONE', #918, #1305, #1386, .T. ) ;
#1533 = EDGE_CURVE ( 'NONE', #1067, #921, #893, .T. ) ;
#1534 = CIRCLE ( 'NONE', #1093, 0.006500000000005301884 ) ;
#1535 = ORIENTED_EDGE ( 'NONE', *, *, #944, .F. ) ;
#1536 = ORIENTED_EDGE ( 'NONE', *, *, #1129, .F. ) ;
#1537 = DIRECTION ( 'NONE',  ( -0.1464235598324673815, -0.6854158633153297764, -0.7132778108434952857 ) ) ;
#1538 = CARTESIAN_POINT ( 'NONE',  ( -0.06764768825546596531, 0.2736017201512316865, 0.1018594649239376454 ) ) ;
#1539 = VERTEX_POINT ( 'NONE', #32 ) ;
#1540 = DIRECTION ( 'NONE',  ( -0.1464235598324673815, -0.6854158633153297764, -0.7132778108434952857 ) ) ;
#1541 = ORIENTED_EDGE ( 'NONE', *, *, #1563, .F. ) ;
#1542 = CARTESIAN_POINT ( 'NONE',  ( -0.09351754375809369357, 0.2735980421660464956, 0.09279908067460650167 ) ) ;
#1543 = CARTESIAN_POINT ( 'NONE',  ( -0.05602148696512999904, 0.2839441601434954943, 0.09647380075545360090 ) ) ;
#1544 = VERTEX_POINT ( 'NONE', #1001 ) ;
#1545 = EDGE_LOOP ( 'NONE', ( #466, #193, #1308, #704 ) ) ;
#1546 = COORDINATED_UNIVERSAL_TIME_OFFSET ( 2, 0, .AHEAD. ) ;
#1547 = DIRECTION ( 'NONE',  ( -0.002319452490769014462, -0.008467729446441177657, 0.9999614581063438479 ) ) ;
#1548 = ORIENTED_EDGE ( 'NONE', *, *, #190, .F. ) ;
#1549 = EDGE_CURVE ( 'NONE', #242, #1293, #49, .T. ) ;
#1550 = DIRECTION ( 'NONE',  ( -0.002319452490769014462, -0.008467729446441177657, 0.9999614581063438479 ) ) ;
#1551 = ORIENTED_EDGE ( 'NONE', *, *, #1303, .T. ) ;
#1552 = PERSON_AND_ORGANIZATION ( #1577, #39 ) ;
#1553 = CARTESIAN_POINT ( 'NONE',  ( -0.1038183668665510762, 0.2795463058022901182, 0.1031861222679423262 ) ) ;
#1554 = CARTESIAN_POINT ( 'NONE',  ( -0.09977597817851516226, 0.2839768887402517872, 0.1040211600417390025 ) ) ;
#1555 = EDGE_LOOP ( 'NONE', ( #780, #1226, #1427, #80, #563, #814, #325, #310, #118, #718 ) ) ;
#1556 = CARTESIAN_POINT ( 'NONE',  ( -0.06557063777282630401, 0.2632850047927705051, 0.1192775947171278023 ) ) ;
#1557 = AXIS2_PLACEMENT_3D ( 'NONE', #519, #1027, #1250 ) ;
#1558 = ORIENTED_EDGE ( 'NONE', *, *, #782, .T. ) ;
#1559 = VECTOR ( 'NONE', #397, 1.000000000000000000 ) ;
#1560 = CARTESIAN_POINT ( 'NONE',  ( -0.1021512909545283926, 0.2716364787845253481, 0.1039792705142038587 ) ) ;
#1561 = CARTESIAN_POINT ( 'NONE',  ( -0.08793019633820507719, 0.2922858445355586143, 0.1068485530749447854 ) ) ;
#1562 = VERTEX_POINT ( 'NONE', #181 ) ;
#1563 = EDGE_CURVE ( 'NONE', #1335, #1167, #537, .T. ) ;
#1564 = CYLINDRICAL_SURFACE ( 'NONE', #860, 0.002500000000000006991 ) ;
#1565 = ORIENTED_EDGE ( 'NONE', *, *, #1131, .F. ) ;
#1566 = CARTESIAN_POINT ( 'NONE',  ( -0.09436825533140039135, 0.2638796651811565197, 0.1064855022989553979 ) ) ;
#1567 = VECTOR ( 'NONE', #1506, 1.000000000000000000 ) ;
#1568 = CARTESIAN_POINT ( 'NONE',  ( -0.05600988970267610501, 0.2839864987907274596, 0.09147399346492179895 ) ) ;
#1569 = EDGE_CURVE ( 'NONE', #319, #1347, #687, .T. ) ;
#1570 = CARTESIAN_POINT ( 'NONE',  ( -0.08895040168519935397, 0.2921915459516875035, 0.1065433360002218249 ) ) ;
#1571 = ORIENTED_EDGE ( 'NONE', *, *, #1410, .T. ) ;
#1572 = CARTESIAN_POINT ( 'NONE',  ( -0.06995716140845856246, 0.2596195282769054313, 0.1171810694821839999 ) ) ;
#1573 = CIRCLE ( 'NONE', #598, 0.01650000000000000425 ) ;
#1574 = CC_DESIGN_APPROVAL ( #291, ( #379 ) ) ;
#1575 = VERTEX_POINT ( 'NONE', #417 ) ;
#1576 = CARTESIAN_POINT ( 'NONE',  ( -0.09260536305534872170, 0.2631325423351080217, 0.1070804211285663748 ) ) ;
#1577 = PERSON ( 'UNSPECIFIED', 'UNSPECIFIED', 'UNSPECIFIED', ('UNSPECIFIED'), ('UNSPECIFIED'), ('UNSPECIFIED') ) ;
#1578 = FACE_OUTER_BOUND ( 'NONE', #1081, .T. ) ;
#1579 = EDGE_CURVE ( 'NONE', #1323, #698, #1149, .T. ) ;
#1580 = DIRECTION ( 'NONE',  ( -0.9778286787918352152, 0.2094058978443070484, -0.0004948537497348430700 ) ) ;
#1581 = EDGE_LOOP ( 'NONE', ( #936, #1465, #452, #318, #1041 ) ) ;
#1582 = CARTESIAN_POINT ( 'NONE',  ( -0.07355680686377644162, 0.2592713329337691386, 0.1152983952393200201 ) ) ;
#1583 = EDGE_CURVE ( 'NONE', #725, #346, #1385, .T. ) ;
#1584 = VERTEX_POINT ( 'NONE', #1271 ) ;
#1585 = APPLICATION_CONTEXT ( 'configuration controlled 3d designs of mechanical parts and assemblies' ) ;
#1586 = CARTESIAN_POINT ( 'NONE',  ( -0.07768260856402209313, 0.2597968104597019878, 0.1132197310089022024 ) ) ;
#1587 = AXIS2_PLACEMENT_3D ( 'NONE', #1008, #1493, #56 ) ;
ENDSEC;
END-ISO-10303-21;
